ageIndex,sex,index,region,name,v3Score,regionalAgePart,regionalSexPart,regionalEffectiveBonus,v4Score,selected
"0","male","10","대구","테마-전통5일장-현풍백년도깨비시장","2","0","0","0","2","true"
"0","male","7","제주","순환형코스","1.9500000000000002","0","0","0","1.9500000000000002","true"
"0","male","122","시흥","테마형 수시코스","1.85","0","0.0001327925745534798","0.0001327925745534798","1.8501327925745537","true"
"0","male","14","대구","테마-방방곡곡(팔공산)","1.8","0","0","0","1.8","false"
"0","male","112","정선","와와정선 2층 투어버스","1.2000000000000002","0.002350674056626344","0","0.002350674056626344","1.2023506740566265","true"
"0","male","156","세종","역사산책투어","1.17","0","0","0","1.17","true"
"0","male","15","대구","도심순환코스(12개 정류장)","1","0","0","0","1","false"
"0","male","129","인천","노을야경투어","1","0","0","0","1","false"
"0","male","131","인천","교동도투어","1","0","0","0","1","false"
"0","male","135","인천","바다노선","1","0","0","0","1","false"
"0","male","183","포항","퐝랜드마크B코스","1","0","0","0","1","false"
"0","male","130","인천","석모도투어","0.95","0","0","0","0.95","false"
"0","male","184","포항","퐝랜드마크A코스","0.95","0","0","0","0.95","false"
"0","male","185","포항","씨(SEA)하게 보는 포항코스","0.95","0","0","0","0.95","false"
"0","male","159","세종","봄꽃파닭B투어","0.9366666666666666","0","0","0","0.9366666666666666","false"
"0","male","160","세종","봄꽃파닭A투어","0.9366666666666666","0","0","0","0.9366666666666666","false"
"0","male","120","파주","2026 파주시티투어 당일코스(수요일)","0.8866666666666667","0","0","0","0.8866666666666667","false"
"0","male","181","김해","김해에반해","0.8771428571428572","0.00029347263226275634","0.000042864459740554696","0.00033633709200331103","0.8774791942348605","false"
"0","male","179","김해","역사에반해","0.8533333333333334","0.00029347263226275634","0.000042864459740554696","0.00033633709200331103","0.8536696704253367","false"
"0","male","133","인천","청라투어","0.85","0","0","0","0.85","false"
"0","male","267","공주","반일코스","0.8300000000000001","0","0","0","0.8300000000000001","false"
"0","male","11","대구","테마-방방곡곡(사시사철)","0.8","0","0","0","0.8","false"
"0","male","12","대구","테마-방방곡곡(군위군 돋보기)","0.8","0","0","0","0.8","false"
"0","male","13","대구","테마-방방곡곡(낙동강)","0.8","0","0","0","0.8","false"
"0","male","229","대전","대청호코스","0.8","0","0","0","0.8","false"
"0","male","180","김해","자연에반해","0.77","0.00029347263226275634","0.000042864459740554696","0.00033633709200331103","0.7703363370920033","false"
"0","male","74","천안","화요일","0.7325","0","0","0","0.7325","false"
"0","male","262","공주","봄·여름·가을 코스","0.7033333333333334","0","0","0","0.7033333333333334","false"
"0","male","138","군산","(박물관 출발) 고군산코스","0.6866666666666666","0.002000977857591175","0.00004344812146239216","0.0020444259790535673","0.6887110926457202","false"
"0","male","173","춘천","수요일","0.6866666666666666","0","0","0","0.6866666666666666","false"
"0","male","166","태안","광역코스","0.67","0.001223388011828658","0","0.001223388011828658","0.6712233880118287","false"
"0","male","178","김해","문화에반해","0.6599999999999999","0.00029347263226275634","0.000042864459740554696","0.00033633709200331103","0.6603363370920032","false"
"0","male","235","홍천","홍천시티투어","0.6533333333333333","0","0","0","0.6533333333333333","false"
"0","male","188","서천","푸른빛코스","0.645","0","0","0","0.645","false"
"0","male","227","대전","광역투어(첫주, 일)","0.6387499999999999","0","0","0","0.6387499999999999","false"
"0","male","46","합천","합천광역시티투어 누비고","0.6366666666666667","0","0","0","0.6366666666666667","false"
"0","male","42","화성","역사와 하루1","0.63","0","0.00011338305027020722","0.00011338305027020722","0.6301133830502702","false"
"0","male","61","익산","세계유산코스","0.62","0.0028913311718520187","0","0.0028913311718520187","0.622891331171852","false"
"0","male","116","파주","2026 파주시티투어 당일코스(일요일)","0.62","0","0","0","0.62","false"
"0","male","119","파주","2026 파주시티투어 당일코스(목요일)","0.62","0","0","0","0.62","false"
"0","male","223","대전","광역투어(셋째주, 일)","0.5985714285714285","0","0","0","0.5985714285714285","false"
"0","male","263","공주","가을코스2","0.5755555555555556","0","0","0","0.5755555555555556","false"
"0","male","236","화천","화천시티투어(백암산케이블카)","0.5700000000000001","0.0025589435502283413","0.0003829599623132855","0.0029419035125416272","0.5729419035125417","false"
"0","male","254","경산","소원성취코스,삼성현명품투어코스","0.5628571428571428","0","0","0","0.5628571428571428","false"
"0","male","126","대구","도동코스","0.5575","0","0","0","0.5575","false"
"0","male","177","경기광주","광주시티투어","0.5557142857142857","0","0","0","0.5557142857142857","false"
"0","male","127","대구","송해코스","0.54","0","0","0","0.54","false"
"0","male","241","순천","(테마투어)생태투어","0.54","0","0","0","0.54","false"
"0","male","81","연천","역사자연코스","0.5342857142857143","0.0009440025471043687","0.00020103247267750098","0.00114503501978187","0.5354307493054962","false"
"0","male","265","공주","여름코스","0.53","0","0","0","0.53","false"
"0","male","96","양산","양산시 가을 시티투어 (역사문화코스)","0.5116666666666666","0","0","0","0.5116666666666666","false"
"0","male","162","세종","세종관광명소B투어","0.5075000000000001","0","0","0","0.5075000000000001","false"
"0","male","258","양주","왕실축제","0.495","0","0.000014148710928409726","0.000014148710928409726","0.4950141487109284","false"
"0","male","47","밀양","삼랑진권 투어","0.495","0","0","0","0.495","false"
"0","male","144","안산","안산 시내권코스(토요일)","0.495","0","0","0","0.495","false"
"0","male","108","부여","부여테마여행","0.4936842105263158","0","0","0","0.4936842105263158","false"
"0","male","249","대전","광역투어(다섯째주, 토)","0.48875","0","0","0","0.48875","false"
"0","male","222","아산","아산도심핫플코스","0.4866666666666667","0.0010523138900180137","0.000033513003904574515","0.0010858268939225883","0.4877524935605893","false"
"0","male","175","춘천","월요일","0.48250000000000004","0","0","0","0.48250000000000004","false"
"0","male","195","완주","완주힐링로드시티투어 2코스","0.4755555555555555","0.00029455470764809413","0","0.00029455470764809413","0.4758501102632036","false"
"0","male","72","천안","토요일","0.47000000000000003","0","0","0","0.47000000000000003","false"
"0","male","73","천안","목요일","0.47000000000000003","0","0","0","0.47000000000000003","false"
"0","male","161","세종","천안연계투어","0.47000000000000003","0","0","0","0.47000000000000003","false"
"0","male","86","평택","문화유산코스 /관광코스 ※무장애코스 월2회 정기운영(3~6월,9~11월)","0.4642307692307692","0","0.000212188490239465","0.000212188490239465","0.4644429577210087","false"
"0","male","186","서천","동백코스(익산-군산 광역)","0.45333333333333337","0","0","0","0.45333333333333337","false"
"0","male","225","대전","광역투어(둘째주, 일)","0.45333333333333337","0","0","0","0.45333333333333337","false"
"0","male","237","화천","화천시티투어(평화누리호)","0.45000000000000007","0.0025589435502283413","0.0003829599623132855","0.0029419035125416272","0.4529419035125417","false"
"0","male","252","안성","안성시티투어","0.45000000000000007","0","0.00018142602289238774","0.00018142602289238774","0.45018142602289246","false"
"0","male","64","홍성","전통시장코스(홍성) 1,6일 운영","0.45000000000000007","0","0","0","0.45000000000000007","false"
"0","male","203","양주","박물관투어","0.44857142857142857","0","0.000014148710928409726","0.000014148710928409726","0.448585577282357","false"
"0","male","167","태안","남부코스","0.445","0.001223388011828658","0","0.001223388011828658","0.44622338801182865","false"
"0","male","264","공주","가을코스","0.43500000000000005","0","0","0","0.43500000000000005","false"
"0","male","43","화성","자연과 하루","0.4325","0","0.00011338305027020722","0.00011338305027020722","0.4326133830502702","false"
"0","male","157","세종","행복투어A","0.43000000000000005","0","0","0","0.43000000000000005","false"
"0","male","240","순천","(테마투어)성곽투어","0.43000000000000005","0","0","0","0.43000000000000005","false"
"0","male","216","대전","역사문화(효월드)","0.42714285714285716","0","0","0","0.42714285714285716","false"
"0","male","255","울산","장생포 대왕암 코스","0.42714285714285716","0","0","0","0.42714285714285716","false"
"0","male","30","목포","목포랑시티투어","0.4241666666666667","0","0","0","0.4241666666666667","false"
"0","male","243","나주","정기코스","0.42000000000000004","0.0013057575281553808","0","0.0013057575281553808","0.4213057575281554","false"
"0","male","190","영광","영광쉼,투어","0.42","0.0007018310124305839","0.00005510156488704973","0.0007569325773176336","0.4207569325773176","false"
"0","male","163","세종","세종관광명소A투어","0.42000000000000004","0","0","0","0.42000000000000004","false"
"0","male","214","대전","힐링(만인산)","0.42000000000000004","0","0","0","0.42000000000000004","false"
"0","male","238","순천","(테마투어)산사투어","0.42000000000000004","0","0","0","0.42000000000000004","false"
"0","male","253","대전","언택트세이프?","0.42000000000000004","0","0","0","0.42000000000000004","false"
"0","male","9","대구","테마-전통5일장-군위전통시장","0.42","0","0","0","0.42","false"
"0","male","145","안산","안산 시내권코스(목요일)","0.42","0","0","0","0.42","false"
"0","male","224","대전","광역투어(셋째주, 토)","0.41285714285714287","0","0","0","0.41285714285714287","false"
"0","male","189","서천","보랏빛코스","0.4057142857142857","0","0","0","0.4057142857142857","false"
"0","male","197","평창","북부권 코스","0.40125","0","0","0","0.40125","false"
"0","male","17","해남","해남시티투어","0.4","0.0009885393508020169","0.00001708938585871869","0.0010056287366607356","0.40100562873666074","false"
"0","male","40","화성","모두와 하루(무장애 여행)","0.4","0","0.00011338305027020722","0.00011338305027020722","0.4001133830502702","false"
"0","male","58","익산","순환형2","0.395","0.0028913311718520187","0","0.0028913311718520187","0.39789133117185205","false"
"0","male","59","익산","순환형1","0.395","0.0028913311718520187","0","0.0028913311718520187","0.39789133117185205","false"
"0","male","204","양주","역사투어","0.395","0","0.000014148710928409726","0.000014148710928409726","0.39501414871092844","false"
"0","male","187","서천","금빛코스","0.39142857142857146","0","0","0","0.39142857142857146","false"
"0","male","123","시흥","테마형 정기코스","0.39","0","0.0001327925745534798","0.0001327925745534798","0.39013279257455347","false"
"0","male","124","시흥","순환형 2층버스","0.39","0","0.0001327925745534798","0.0001327925745534798","0.39013279257455347","false"
"0","male","48","밀양","영남알프스권 투어 1","0.38250000000000006","0","0","0","0.38250000000000006","false"
"0","male","221","아산","休캉스 코스","0.38","0.0010523138900180137","0.000033513003904574515","0.0010858268939225883","0.3810858268939226","false"
"0","male","245","아산","역사기행 코스","0.38","0.0010523138900180137","0.000033513003904574515","0.0010858268939225883","0.3810858268939226","false"
"0","male","155","세종","정원투어","0.38","0","0","0","0.38","false"
"0","male","217","대전","대덕특구탐방","0.38","0","0","0","0.38","false"
"0","male","193","완주","완주힐링로드 시티투어(코레일연계 익산역)","0.37909090909090915","0.00029455470764809413","0","0.00029455470764809413","0.37938546379855725","false"
"0","male","51","사천","오감체험투어","0.3783333333333333","0","0","0","0.3783333333333333","false"
"0","male","107","예산","예산군 버스투어","0.3783333333333333","0","0","0","0.3783333333333333","false"
"0","male","272","서울","EG투어버스 E코스","0.3783333333333333","0","0","0","0.3783333333333333","false"
"0","male","266","공주","봄코스","0.37357142857142855","0","0","0","0.37357142857142855","false"
"0","male","257","양주","천일홍축제","0.37","0","0.000014148710928409726","0.000014148710928409726","0.3700141487109284","false"
"0","male","117","파주","2026 파주시티투어 당일코스(토요일)","0.37","0","0","0","0.37","false"
"0","male","109","부여","롯데리조트부여와 함께하는 부여 감성야행","0.3616666666666667","0","0","0","0.3616666666666667","false"
"0","male","67","홍성","역사·문화 코스","0.35333333333333333","0","0","0","0.35333333333333333","false"
"0","male","97","양산","2025 6월 시티투어","0.35333333333333333","0","0","0","0.35333333333333333","false"
"0","male","158","세종","역사문화투어","0.35333333333333333","0","0","0","0.35333333333333333","false"
"0","male","172","춘천","목요일","0.35333333333333333","0","0","0","0.35333333333333333","false"
"0","male","248","대전","광역투어(다섯째주, 일)","0.35125000000000006","0","0","0","0.35125000000000006","false"
"0","male","194","완주","완주힐링로드 시티투어(서울권역)","0.3491666666666667","0.00029455470764809413","0","0.00029455470764809413","0.3494612213743148","false"
"0","male","18","광양","광양역사코스","0.34777777777777774","0","0.00008464853243011739","0.00008464853243011739","0.34786242631020786","false"
"0","male","19","광양","광양힐링코스","0.34777777777777774","0","0.00008464853243011739","0.00008464853243011739","0.34786242631020786","false"
"0","male","205","양주","기본코스","0.34777777777777774","0","0.000014148710928409726","0.000014148710928409726","0.34779192648870616","false"
"0","male","65","홍성","전통시장코스(광천) 4,9일 운영","0.345","0","0","0","0.345","false"
"0","male","274","서울","EG투어버스 C코스","0.345","0","0","0","0.345","false"
"0","male","247","대전","언택트세이프(A)","0.34","0","0","0","0.34","false"
"0","male","270","서울","EG투어버스 G코스","0.34","0","0","0","0.34","false"
"0","male","196","완주","완주힐링로드시티투어 1코스","0.3392307692307693","0.00029455470764809413","0","0.00029455470764809413","0.3395253239384174","false"
"0","male","121","파주","2026 파주시티투어 당일코스(화요일)","0.33666666666666667","0","0","0","0.33666666666666667","false"
"0","male","115","파주","2026 파주시티투어 1박2일코스(토요일~일요일)","0.32833333333333337","0","0","0","0.32833333333333337","false"
"0","male","128","대구","현풍코스","0.3271428571428572","0","0","0","0.3271428571428572","false"
"0","male","233","서천","광역코스","0.3271428571428571","0","0","0","0.3271428571428571","false"
"0","male","234","서천","힐링코스","0.3271428571428571","0","0","0","0.3271428571428571","false"
"0","male","201","양주","자연친화코스1","0.32","0","0.000014148710928409726","0.000014148710928409726","0.3200141487109284","false"
"0","male","142","제천","시티투어","0.32000000000000006","0","0","0","0.32000000000000006","false"
"0","male","89","청주","청주시티투어_정기투어_트레킹 투어(토)","0.32","0","0","0","0.32","false"
"0","male","169","춘천","일요일","0.31500000000000006","0","0","0","0.31500000000000006","false"
"0","male","170","춘천","토요일","0.31500000000000006","0","0","0","0.31500000000000006","false"
"0","male","104","안동","하회마을테마","0.3109090909090909","0","0","0","0.3109090909090909","false"
"0","male","102","안동","봉정사&만휴정테마","0.3063636363636364","0","0","0","0.3063636363636364","false"
"0","male","68","서산","C코스","0.3057142857142857","0.0006124072571119372","0","0.0006124072571119372","0.30632669297139764","false"
"0","male","202","양주","서울우유견학코스","0.3057142857142857","0","0.000014148710928409726","0.000014148710928409726","0.30572843442521414","false"
"0","male","66","홍성","남당항 코스","0.30333333333333334","0","0","0","0.30333333333333334","false"
"0","male","199","완도","해양치유시티투어","0.30214285714285716","0.0005222382952428396","0.0001690471921373689","0.0006912854873802085","0.3028341426302374","false"
"0","male","94","여주","시티투어","0.3018181818181818","0","0","0","0.3018181818181818","false"
"0","male","69","서산","B코스","0.2985714285714286","0.0006124072571119372","0","0.0006124072571119372","0.2991838358285405","false"
"0","male","153","세종","행복투어B","0.2866666666666667","0","0","0","0.2866666666666667","false"
"0","male","242","순천","(기획투어)나이트가든투어","0.2866666666666667","0","0","0","0.2866666666666667","false"
"0","male","90","청주","청주시티투어_정기투어_힐링로드 투어(토)","0.28428571428571425","0","0","0","0.28428571428571425","false"
"0","male","256","울산","태화강 국가정원 코스","0.2838888888888889","0","0","0","0.2838888888888889","false"
"0","male","174","춘천","화요일","0.28250000000000003","0","0","0","0.28250000000000003","false"
"0","male","143","동해","관광문화코스","0.2783333333333333","0","0","0","0.2783333333333333","false"
"0","male","139","군산","(익산역 출발) 고군산시간여행코스","0.27","0.002000977857591175","0.00004344812146239216","0.0020444259790535673","0.2720444259790536","false"
"0","male","176","창원","창원시티투어","0.26999999999999996","0","0","0","0.26999999999999996","false"
"0","male","53","사천","바다투어","0.26285714285714284","0","0","0","0.26285714285714284","false"
"0","male","137","임실","명소탐방 임실 시티투어","0.26","0","0","0","0.26","false"
"0","male","192","삼척","종일코스","0.26","0","0","0","0.26","false"
"0","male","22","여수","2층야간코스","0.24857142857142853","0.0019217085447647702","0","0.0019217085447647702","0.2504931371161933","false"
"0","male","277","서울","EG투어버스 J코스","0.25","0","0","0","0.25","false"
"0","male","279","서울","EG투어버스 H코스","0.25","0","0","0","0.25","false"
"0","male","250","대전","광역투어(넷재주, 일)","0.24857142857142853","0","0","0","0.24857142857142853","false"
"0","male","3","부산","오렌지라인","0.24692307692307694","0","0","0","0.24692307692307694","false"
"0","male","34","화성","테마와 하루(농어촌 체험)","0.245","0","0.00011338305027020722","0.00011338305027020722","0.2451133830502702","false"
"0","male","35","화성","소소한 하루","0.245","0","0.00011338305027020722","0.00011338305027020722","0.2451133830502702","false"
"0","male","25","여수","이순신문화유적코스","0.2422222222222222","0.0019217085447647702","0","0.0019217085447647702","0.24414393076698698","false"
"0","male","56","영주","선비 코스","0.23500000000000001","0","0","0","0.23500000000000001","false"
"0","male","103","안동","도산서원&예끼마을테마","0.23500000000000001","0","0","0","0.23500000000000001","false"
"0","male","212","대전","야경","0.23249999999999998","0","0","0","0.23249999999999998","false"
"0","male","5","부산","레드라인","0.23153846153846155","0","0","0","0.23153846153846155","false"
"0","male","50","사천","우주항공산업투어","0.23111111111111107","0","0","0","0.23111111111111107","false"
"0","male","38","화성","바다와 하루","0.23","0","0.00011338305027020722","0.00011338305027020722","0.2301133830502702","false"
"0","male","239","순천","(테마투어)세계유산투어","0.23","0","0","0","0.23","false"
"0","male","268","서울","EG투어버스 B코스","0.23","0","0","0","0.23","false"
"0","male","52","사천","이순신승전길투어","0.22624999999999998","0","0","0","0.22624999999999998","false"
"0","male","78","원주","원주시티투어(순환형)","0.22333333333333333","0","0","0","0.22333333333333333","false"
"0","male","168","태안","북부코스","0.22","0.001223388011828658","0","0.001223388011828658","0.22122338801182867","false"
"0","male","244","아산","예술맛집 코스","0.22","0.0010523138900180137","0.000033513003904574515","0.0010858268939225883","0.2210858268939226","false"
"0","male","154","세종","야경투어","0.22","0","0","0","0.22","false"
"0","male","106","안동","주간도심테마","0.21999999999999997","0","0","0","0.21999999999999997","false"
"0","male","232","서천","전라권코스","0.21166666666666664","0","0","0","0.21166666666666664","false"
"0","male","98","양산","봄꽃체험코스","0.21","0","0","0","0.21","false"
"0","male","230","대전","남부코스","0.21","0","0","0","0.21","false"
"0","male","39","화성","열차와 하루","0.2033333333333333","0","0.00011338305027020722","0.00011338305027020722","0.2034467163836035","false"
"0","male","8","대구","테마(야경 4~10월)","0.2","0","0","0","0.2","false"
"0","male","54","사천","별빛투어","0.19727272727272727","0","0","0","0.19727272727272727","false"
"0","male","208","양구","방산나들이코스","0.18666666666666665","0.0075","0.0003359102424942268","0.007835910242494228","0.19450257690916087","false"
"0","male","99","봉화","송이축제 문화유적탐방버스","0.19","0.001181954461563806","0","0.001181954461563806","0.1911819544615638","false"
"0","male","100","봉화","은어축제 문화유적탐방버스","0.19","0.001181954461563806","0","0.001181954461563806","0.1911819544615638","false"
"0","male","213","대전","힐링(장태산)","0.19","0","0","0","0.19","false"
"0","male","269","서울","EG투어버스 A코스","0.19","0","0","0","0.19","false"
"0","male","62","익산","익산숨은보석찾기코스","0.18428571428571425","0.0028913311718520187","0","0.0028913311718520187","0.18717704545756628","false"
"0","male","226","대전","광역투어(둘째주, 토)","0.18666666666666665","0","0","0","0.18666666666666665","false"
"0","male","207","양구","힐링산책코스","0.17833333333333332","0.0075","0.0003359102424942268","0.007835910242494228","0.18616924357582754","false"
"0","male","218","대전","생태교육","0.18","0","0","0","0.18","false"
"0","male","278","서울","EG투어버스 I코스","0.18","0","0","0","0.18","false"
"0","male","79","연천","연천명소코스","0.17833333333333332","0.0009440025471043687","0.00020103247267750098","0.00114503501978187","0.17947836835311518","false"
"0","male","95","양산","양산시 가을 시티투어 (자연관광코스)","0.17833333333333332","0","0","0","0.17833333333333332","false"
"0","male","113","가평","가평순환버스B코스","0.17833333333333332","0","0","0","0.17833333333333332","false"
"0","male","70","서산","A코스","0.16999999999999998","0.0006124072571119372","0","0.0006124072571119372","0.1706124072571119","false"
"0","male","206","양구","해안DMZ트래킹 코스","0.16166666666666665","0.0075","0.0003359102424942268","0.007835910242494228","0.16950257690916087","false"
"0","male","77","태백","황지자유시장 코스","0.16374999999999998","0.004044810819258148","0","0.004044810819258148","0.16779481081925812","false"
"0","male","140","군산","고군산시간여행코스","0.16285714285714284","0.002000977857591175","0.00004344812146239216","0.0020444259790535673","0.16490156883619642","false"
"0","male","26","여수","다크투어리즘코스","0.16285714285714284","0.0019217085447647702","0","0.0019217085447647702","0.16477885140190762","false"
"0","male","210","곡성","읍권 순환버스","0.16374999999999998","0","0","0","0.16374999999999998","false"
"0","male","260","서천","문화코스","0.1633333333333333","0","0","0","0.1633333333333333","false"
"0","male","0","부산","동부산테마노선","0.16285714285714284","0","0","0","0.16285714285714284","false"
"0","male","80","연천","안보자연코스","0.16166666666666665","0.0009440025471043687","0.00020103247267750098","0.00114503501978187","0.1628117016864485","false"
"0","male","220","아산","인생네컷 코스","0.16166666666666665","0.0010523138900180137","0.000033513003904574515","0.0010858268939225883","0.16275249356058924","false"
"0","male","63","홍성","죽도코스","0.16166666666666665","0","0","0","0.16166666666666665","false"
"0","male","147","안산","대부도 해변코스(일반형 2코스)","0.15333333333333332","0","0","0","0.15333333333333332","false"
"0","male","148","안산","대부도 해변코스(일반형 1코스)","0.15333333333333332","0","0","0","0.15333333333333332","false"
"0","male","215","대전","역사문화(동춘당)","0.15333333333333332","0","0","0","0.15333333333333332","false"
"0","male","110","정선","아리랑열차 연계형 시티투어2","0.15","0.002350674056626344","0","0.002350674056626344","0.15235067405662633","false"
"0","male","111","정선","아리랑열차 연계형 시티투어 1","0.15","0.002350674056626344","0","0.002350674056626344","0.15235067405662633","false"
"0","male","87","의정부","의정부포레스트:오감이 깨어나는 숲 속 여행","0.15","0","0","0","0.15","false"
"0","male","136","인천","인천레트로노선","0.15","0","0","0","0.15","false"
"0","male","182","포항","퐝순환코스","0.15","0","0","0","0.15","false"
"0","male","76","태백","통리장 코스","0.145","0.004044810819258148","0","0.004044810819258148","0.14904481081925813","false"
"0","male","91","청주","청주시티투어_정기투어_초정힐링 투어(토)","0.145","0","0","0","0.145","false"
"0","male","251","대전","광역투어(넷재주, 토)","0.145","0","0","0","0.145","false"
"0","male","27","여수","제2코스","0.14307692307692307","0.0019217085447647702","0","0.0019217085447647702","0.14499863162168786","false"
"0","male","20","광양","야경코스","0.13874999999999998","0","0.00008464853243011739","0.00008464853243011739","0.1388346485324301","false"
"0","male","1","부산","서부산생태투어","0.13874999999999998","0","0","0","0.13874999999999998","false"
"0","male","24","여수","야경코스","0.13428571428571426","0.0019217085447647702","0","0.0019217085447647702","0.13620742283047904","false"
"0","male","105","안동","야간도심테마","0.13428571428571426","0","0","0","0.13428571428571426","false"
"0","male","92","청주","청주시티투어_정기투어_청남대 투어(수토일)","0.1311111111111111","0","0","0","0.1311111111111111","false"
"0","male","171","춘천","금요일","0.12625","0","0","0","0.12625","false"
"0","male","191","평창","남부권 코스","0.12625","0","0","0","0.12625","false"
"0","male","151","안산","대부도 뱃길코스(일반형 2코스)","0.12555555555555556","0","0","0","0.12555555555555556","false"
"0","male","49","밀양","시내권 투어 1","0.12000000000000001","0","0","0","0.12000000000000001","false"
"0","male","228","대전","광역투어(첫주, 토)","0.12000000000000001","0","0","0","0.12000000000000001","false"
"0","male","57","영주","물돌이 코스","0.115","0","0","0","0.115","false"
"0","male","114","가평","가평순환버스A코스","0.11444444444444445","0","0","0","0.11444444444444445","false"
"0","male","152","안산","대부도 뱃길코스(일반형 1코스)","0.10888888888888888","0","0","0","0.10888888888888888","false"
"0","male","23","여수","2층주간코스","0.10500000000000001","0.0019217085447647702","0","0.0019217085447647702","0.10692170854476478","false"
"0","male","21","여수","야간테마코스(시간을달리는버스커)","0.09272727272727273","0.0019217085447647702","0","0.0019217085447647702","0.0946489812720375","false"
"0","male","4","부산","그린라인","0.08923076923076924","0","0","0","0.08923076923076924","false"
"0","male","71","천안","일요일","0.0825","0","0","0","0.0825","false"
"0","male","200","진도","진도시티투어","0.06642857142857143","0.0006582935903320199","0.00013165372465383024","0.0007899473149858502","0.06721851874355729","false"
"0","male","41","화성","역사와 하루2","0.06","0","0.00011338305027020722","0.00011338305027020722","0.060113383050270204","false"
"0","male","101","청도","시티투어","0.06","0","0","0","0.06","false"
"0","male","32","화성","테마와 하루(문화예술 체험)","0.05333333333333333","0","0.00011338305027020722","0.00011338305027020722","0.053446716383603536","false"
"0","male","275","서울","EG투어버스 L코스","0.05333333333333333","0","0","0","0.05333333333333333","false"
"0","male","28","여수","제1코스","0.04857142857142857","0.0019217085447647702","0","0.0019217085447647702","0.05049313711619334","false"
"0","male","33","화성","테마와 하루(목장 체험)","0.05","0","0.00011338305027020722","0.00011338305027020722","0.05011338305027021","false"
"0","male","146","안산","대부도 해변코스(체험형 1코스)","0.05","0","0","0","0.05","false"
"0","male","85","이천","농촌체험코스(남부)","0.045","0","0.0001305145150416353","0.0001305145150416353","0.04513051451504163","false"
"0","male","149","안산","대부도 뱃길코스(체험형 2코스)","0.045","0","0","0","0.045","false"
"0","male","150","안산","대부도 뱃길코스(체험형 1코스)","0.045","0","0","0","0.045","false"
"0","male","6","제주","야간코스(7월말~8월말 운영)","0.041428571428571426","0","0","0","0.041428571428571426","false"
"0","male","84","이천","농촌체험코스(중부)","0.04000000000000001","0","0.0001305145150416353","0.0001305145150416353","0.04013051451504164","false"
"0","male","209","곡성","압록권역 순환버스","0.04000000000000001","0","0","0","0.04000000000000001","false"
"0","male","276","서울","EG투어버스 K 코스","0.04000000000000001","0","0","0","0.04000000000000001","false"
"0","male","83","이천","농촌체험코스(북부)","0.03666666666666667","0","0.0001305145150416353","0.0001305145150416353","0.0367971811817083","false"
"0","male","45","화성","테마와 하루(지역축제 체험)","0.03666666666666667","0","0.00011338305027020722","0.00011338305027020722","0.03678004971693687","false"
"0","male","82","이천","승마체험코스","0.0325","0","0.0001305145150416353","0.0001305145150416353","0.032630514515041634","false"
"0","male","31","화성","테마와 하루(해양생태 체험)","0.030000000000000002","0","0.00011338305027020722","0.00011338305027020722","0.03011338305027021","false"
"0","male","246","대전","언택트세이프(B)","0.030000000000000002","0","0","0","0.030000000000000002","false"
"0","male","271","서울","EG투어버스 F코스","0.030000000000000002","0","0","0","0.030000000000000002","false"
"0","male","93","여주","꽃섬투어","0.025555555555555557","0","0","0","0.025555555555555557","false"
"0","male","75","충주","충주시티투어","0.02","0.0013079213543413092","0","0.0013079213543413094","0.02130792135434131","false"
"0","male","2","부산","야경투어","0.02","0","0","0","0.02","false"
"0","male","29","목포","별빛물결시티투어","0.02","0","0","0","0.02","false"
"0","male","118","파주","2026 파주시티투어 당일코스(금요일)","0.02","0","0","0","0.02","false"
"0","male","164","화순","화순적벽 버스투어(적벽 셔틀버스)","0.02","0","0","0","0.02","false"
"0","male","165","화순","화순적벽 버스투어(적벽투어)","0.02","0","0","0","0.02","false"
"0","male","211","대전","가족여행","0.02","0","0","0","0.02","false"
"0","male","219","대전","다크투어","0.02","0","0","0","0.02","false"
"0","male","273","서울","EG투어버스 D코스","0.02","0","0","0","0.02","false"
"0","male","60","익산","맞춤형코스","0","0.0028913311718520187","0","0.0028913311718520187","0.0028913311718520187","false"
"0","male","231","태안","북부코스남부코스","0","0.001223388011828658","0","0.001223388011828658","0.001223388011828658","false"
"0","male","36","화성","별과 하루","0","0","0.00011338305027020722","0.00011338305027020722","0.00011338305027020722","false"
"0","male","37","화성","노을과 하루","0","0","0.00011338305027020722","0.00011338305027020722","0.00011338305027020722","false"
"0","male","44","화성","섬과 하루","0","0","0.00011338305027020722","0.00011338305027020722","0.00011338305027020722","false"
"0","male","16","대구","테마(야경 11~3월)","0","0","0","0","0","false"
"0","male","55","영주","특별운영","0","0","0","0","0","false"
"0","male","88","청주","청주시티투어_수시투어","0","0","0","0","0","false"
"0","male","125","부천","정규코스. 특별코스","0","0","0","0","0","false"
"0","male","132","인천","선재영흥투어","0","0","0","0","0","false"
"0","male","134","인천","무의도투어","0","0","0","0","0","false"
"0","male","141","제천","제천관광택시","0","0","0","0","0","false"
"0","male","198","공주","축제코스","0","0","0","0","0","false"
"0","male","259","단양","단양군시티투어","0","0","0","0","0","false"
"0","male","261","부여","백제문화단지-부소산성-궁남지-정림사지-백제문화단지","0","0","0","0","0","false"
"0","female","10","대구","테마-전통5일장-현풍백년도깨비시장","2","0","0","0","2","true"
"0","female","7","제주","순환형코스","1.9500000000000002","0","0","0","1.9500000000000002","true"
"0","female","122","시흥","테마형 수시코스","1.85","0","0","0","1.85","true"
"0","female","14","대구","테마-방방곡곡(팔공산)","1.8","0","0","0","1.8","false"
"0","female","112","정선","와와정선 2층 투어버스","1.2000000000000002","0.002350674056626344","0.00003777687918638546","0.0023884509358127297","1.202388450935813","true"
"0","female","156","세종","역사산책투어","1.17","0","0","0","1.17","true"
"0","female","15","대구","도심순환코스(12개 정류장)","1","0","0","0","1","false"
"0","female","129","인천","노을야경투어","1","0","0","0","1","false"
"0","female","131","인천","교동도투어","1","0","0","0","1","false"
"0","female","135","인천","바다노선","1","0","0","0","1","false"
"0","female","183","포항","퐝랜드마크B코스","1","0","0","0","1","false"
"0","female","130","인천","석모도투어","0.95","0","0","0","0.95","false"
"0","female","184","포항","퐝랜드마크A코스","0.95","0","0","0","0.95","false"
"0","female","185","포항","씨(SEA)하게 보는 포항코스","0.95","0","0","0","0.95","false"
"0","female","159","세종","봄꽃파닭B투어","0.9366666666666666","0","0","0","0.9366666666666666","false"
"0","female","160","세종","봄꽃파닭A투어","0.9366666666666666","0","0","0","0.9366666666666666","false"
"0","female","120","파주","2026 파주시티투어 당일코스(수요일)","0.8866666666666667","0","0.00009596599272458725","0.00009596599272458725","0.8867626326593913","false"
"0","female","181","김해","김해에반해","0.8771428571428572","0.00029347263226275634","0","0.00029347263226275634","0.87743632977512","false"
"0","female","179","김해","역사에반해","0.8533333333333334","0.00029347263226275634","0","0.00029347263226275634","0.8536268059655961","false"
"0","female","133","인천","청라투어","0.85","0","0","0","0.85","false"
"0","female","267","공주","반일코스","0.8300000000000001","0","0","0","0.8300000000000001","false"
"0","female","11","대구","테마-방방곡곡(사시사철)","0.8","0","0","0","0.8","false"
"0","female","12","대구","테마-방방곡곡(군위군 돋보기)","0.8","0","0","0","0.8","false"
"0","female","13","대구","테마-방방곡곡(낙동강)","0.8","0","0","0","0.8","false"
"0","female","229","대전","대청호코스","0.8","0","0","0","0.8","false"
"0","female","180","김해","자연에반해","0.77","0.00029347263226275634","0","0.00029347263226275634","0.7702934726322628","false"
"0","female","74","천안","화요일","0.7325","0","0","0","0.7325","false"
"0","female","262","공주","봄·여름·가을 코스","0.7033333333333334","0","0","0","0.7033333333333334","false"
"0","female","138","군산","(박물관 출발) 고군산코스","0.6866666666666666","0.002000977857591175","0","0.0020009778575911753","0.6886676445242578","false"
"0","female","173","춘천","수요일","0.6866666666666666","0","0","0","0.6866666666666666","false"
"0","female","166","태안","광역코스","0.67","0.001223388011828658","0.00010497383357619045","0.0013283618454048485","0.6713283618454049","false"
"0","female","178","김해","문화에반해","0.6599999999999999","0.00029347263226275634","0","0.00029347263226275634","0.6602934726322627","false"
"0","female","235","홍천","홍천시티투어","0.6533333333333333","0","0","0","0.6533333333333333","false"
"0","female","188","서천","푸른빛코스","0.645","0","0.000044187230807977943","0.000044187230807977943","0.645044187230808","false"
"0","female","227","대전","광역투어(첫주, 일)","0.6387499999999999","0","0","0","0.6387499999999999","false"
"0","female","46","합천","합천광역시티투어 누비고","0.6366666666666667","0","0","0","0.6366666666666667","false"
"0","female","42","화성","역사와 하루1","0.63","0","0","0","0.63","false"
"0","female","61","익산","세계유산코스","0.62","0.0028913311718520187","0.00009325924768030969","0.0029845904195323282","0.6229845904195324","false"
"0","female","116","파주","2026 파주시티투어 당일코스(일요일)","0.62","0","0.00009596599272458725","0.00009596599272458725","0.6200959659927245","false"
"0","female","119","파주","2026 파주시티투어 당일코스(목요일)","0.62","0","0.00009596599272458725","0.00009596599272458725","0.6200959659927245","false"
"0","female","223","대전","광역투어(셋째주, 일)","0.5985714285714285","0","0","0","0.5985714285714285","false"
"0","female","263","공주","가을코스2","0.5755555555555556","0","0","0","0.5755555555555556","false"
"0","female","236","화천","화천시티투어(백암산케이블카)","0.5700000000000001","0.0025589435502283413","0","0.0025589435502283413","0.5725589435502284","false"
"0","female","254","경산","소원성취코스,삼성현명품투어코스","0.5628571428571428","0","0","0","0.5628571428571428","false"
"0","female","126","대구","도동코스","0.5575","0","0","0","0.5575","false"
"0","female","177","경기광주","광주시티투어","0.5557142857142857","0","0.00008964709154241459","0.00008964709154241459","0.5558039328058282","false"
"0","female","127","대구","송해코스","0.54","0","0","0","0.54","false"
"0","female","241","순천","(테마투어)생태투어","0.54","0","0","0","0.54","false"
"0","female","81","연천","역사자연코스","0.5342857142857143","0.0009440025471043687","0","0.0009440025471043689","0.5352297168328186","false"
"0","female","265","공주","여름코스","0.53","0","0","0","0.53","false"
"0","female","96","양산","양산시 가을 시티투어 (역사문화코스)","0.5116666666666666","0","0.00012739549973166784","0.00012739549973166784","0.5117940621663982","false"
"0","female","162","세종","세종관광명소B투어","0.5075000000000001","0","0","0","0.5075000000000001","false"
"0","female","144","안산","안산 시내권코스(토요일)","0.495","0","0.00008693559841717223","0.00008693559841717223","0.49508693559841715","false"
"0","female","47","밀양","삼랑진권 투어","0.495","0","0","0","0.495","false"
"0","female","258","양주","왕실축제","0.495","0","0","0","0.495","false"
"0","female","108","부여","부여테마여행","0.4936842105263158","0","0","0","0.4936842105263158","false"
"0","female","249","대전","광역투어(다섯째주, 토)","0.48875","0","0","0","0.48875","false"
"0","female","222","아산","아산도심핫플코스","0.4866666666666667","0.0010523138900180137","0","0.001052313890018014","0.4877189805566847","false"
"0","female","175","춘천","월요일","0.48250000000000004","0","0","0","0.48250000000000004","false"
"0","female","195","완주","완주힐링로드시티투어 2코스","0.4755555555555555","0.00029455470764809413","0.00007425494084696357","0.00036880964849505773","0.47592436520405057","false"
"0","female","72","천안","토요일","0.47000000000000003","0","0","0","0.47000000000000003","false"
"0","female","73","천안","목요일","0.47000000000000003","0","0","0","0.47000000000000003","false"
"0","female","161","세종","천안연계투어","0.47000000000000003","0","0","0","0.47000000000000003","false"
"0","female","86","평택","문화유산코스 /관광코스 ※무장애코스 월2회 정기운영(3~6월,9~11월)","0.4642307692307692","0","0","0","0.4642307692307692","false"
"0","female","186","서천","동백코스(익산-군산 광역)","0.45333333333333337","0","0.000044187230807977943","0.000044187230807977943","0.4533775205641413","false"
"0","female","225","대전","광역투어(둘째주, 일)","0.45333333333333337","0","0","0","0.45333333333333337","false"
"0","female","237","화천","화천시티투어(평화누리호)","0.45000000000000007","0.0025589435502283413","0","0.0025589435502283413","0.4525589435502284","false"
"0","female","64","홍성","전통시장코스(홍성) 1,6일 운영","0.45000000000000007","0","0","0","0.45000000000000007","false"
"0","female","252","안성","안성시티투어","0.45000000000000007","0","0","0","0.45000000000000007","false"
"0","female","203","양주","박물관투어","0.44857142857142857","0","0","0","0.44857142857142857","false"
"0","female","167","태안","남부코스","0.445","0.001223388011828658","0.00010497383357619045","0.0013283618454048485","0.44632836184540486","false"
"0","female","264","공주","가을코스","0.43500000000000005","0","0","0","0.43500000000000005","false"
"0","female","43","화성","자연과 하루","0.4325","0","0","0","0.4325","false"
"0","female","157","세종","행복투어A","0.43000000000000005","0","0","0","0.43000000000000005","false"
"0","female","240","순천","(테마투어)성곽투어","0.43000000000000005","0","0","0","0.43000000000000005","false"
"0","female","216","대전","역사문화(효월드)","0.42714285714285716","0","0","0","0.42714285714285716","false"
"0","female","255","울산","장생포 대왕암 코스","0.42714285714285716","0","0","0","0.42714285714285716","false"
"0","female","30","목포","목포랑시티투어","0.4241666666666667","0","0","0","0.4241666666666667","false"
"0","female","243","나주","정기코스","0.42000000000000004","0.0013057575281553808","0.00009325924768030969","0.0013990167758356903","0.42139901677583574","false"
"0","female","190","영광","영광쉼,투어","0.42","0.0007018310124305839","0","0.0007018310124305839","0.4207018310124306","false"
"0","female","145","안산","안산 시내권코스(목요일)","0.42","0","0.00008693559841717223","0.00008693559841717223","0.42008693559841714","false"
"0","female","163","세종","세종관광명소A투어","0.42000000000000004","0","0","0","0.42000000000000004","false"
"0","female","214","대전","힐링(만인산)","0.42000000000000004","0","0","0","0.42000000000000004","false"
"0","female","238","순천","(테마투어)산사투어","0.42000000000000004","0","0","0","0.42000000000000004","false"
"0","female","253","대전","언택트세이프?","0.42000000000000004","0","0","0","0.42000000000000004","false"
"0","female","9","대구","테마-전통5일장-군위전통시장","0.42","0","0","0","0.42","false"
"0","female","224","대전","광역투어(셋째주, 토)","0.41285714285714287","0","0","0","0.41285714285714287","false"
"0","female","189","서천","보랏빛코스","0.4057142857142857","0","0.000044187230807977943","0.000044187230807977943","0.40575847294509365","false"
"0","female","197","평창","북부권 코스","0.40125","0","0","0","0.40125","false"
"0","female","17","해남","해남시티투어","0.4","0.0009885393508020169","0","0.0009885393508020169","0.40098853935080203","false"
"0","female","40","화성","모두와 하루(무장애 여행)","0.4","0","0","0","0.4","false"
"0","female","58","익산","순환형2","0.395","0.0028913311718520187","0.00009325924768030969","0.0029845904195323282","0.3979845904195323","false"
"0","female","59","익산","순환형1","0.395","0.0028913311718520187","0.00009325924768030969","0.0029845904195323282","0.3979845904195323","false"
"0","female","204","양주","역사투어","0.395","0","0","0","0.395","false"
"0","female","187","서천","금빛코스","0.39142857142857146","0","0.000044187230807977943","0.000044187230807977943","0.3914727586593794","false"
"0","female","123","시흥","테마형 정기코스","0.39","0","0","0","0.39","false"
"0","female","124","시흥","순환형 2층버스","0.39","0","0","0","0.39","false"
"0","female","48","밀양","영남알프스권 투어 1","0.38250000000000006","0","0","0","0.38250000000000006","false"
"0","female","221","아산","休캉스 코스","0.38","0.0010523138900180137","0","0.001052313890018014","0.38105231389001804","false"
"0","female","245","아산","역사기행 코스","0.38","0.0010523138900180137","0","0.001052313890018014","0.38105231389001804","false"
"0","female","155","세종","정원투어","0.38","0","0","0","0.38","false"
"0","female","217","대전","대덕특구탐방","0.38","0","0","0","0.38","false"
"0","female","193","완주","완주힐링로드 시티투어(코레일연계 익산역)","0.37909090909090915","0.00029455470764809413","0.00007425494084696357","0.00036880964849505773","0.3794597187394042","false"
"0","female","51","사천","오감체험투어","0.3783333333333333","0","0.000021240610576129258","0.000021240610576129258","0.3783545739439094","false"
"0","female","107","예산","예산군 버스투어","0.3783333333333333","0","0","0","0.3783333333333333","false"
"0","female","272","서울","EG투어버스 E코스","0.3783333333333333","0","0","0","0.3783333333333333","false"
"0","female","266","공주","봄코스","0.37357142857142855","0","0","0","0.37357142857142855","false"
"0","female","117","파주","2026 파주시티투어 당일코스(토요일)","0.37","0","0.00009596599272458725","0.00009596599272458725","0.3700959659927246","false"
"0","female","257","양주","천일홍축제","0.37","0","0","0","0.37","false"
"0","female","109","부여","롯데리조트부여와 함께하는 부여 감성야행","0.3616666666666667","0","0","0","0.3616666666666667","false"
"0","female","97","양산","2025 6월 시티투어","0.35333333333333333","0","0.00012739549973166784","0.00012739549973166784","0.353460728833065","false"
"0","female","67","홍성","역사·문화 코스","0.35333333333333333","0","0","0","0.35333333333333333","false"
"0","female","158","세종","역사문화투어","0.35333333333333333","0","0","0","0.35333333333333333","false"
"0","female","172","춘천","목요일","0.35333333333333333","0","0","0","0.35333333333333333","false"
"0","female","248","대전","광역투어(다섯째주, 일)","0.35125000000000006","0","0","0","0.35125000000000006","false"
"0","female","194","완주","완주힐링로드 시티투어(서울권역)","0.3491666666666667","0.00029455470764809413","0.00007425494084696357","0.00036880964849505773","0.34953547631516174","false"
"0","female","18","광양","광양역사코스","0.34777777777777774","0","0","0","0.34777777777777774","false"
"0","female","19","광양","광양힐링코스","0.34777777777777774","0","0","0","0.34777777777777774","false"
"0","female","205","양주","기본코스","0.34777777777777774","0","0","0","0.34777777777777774","false"
"0","female","65","홍성","전통시장코스(광천) 4,9일 운영","0.345","0","0","0","0.345","false"
"0","female","274","서울","EG투어버스 C코스","0.345","0","0","0","0.345","false"
"0","female","247","대전","언택트세이프(A)","0.34","0","0","0","0.34","false"
"0","female","270","서울","EG투어버스 G코스","0.34","0","0","0","0.34","false"
"0","female","196","완주","완주힐링로드시티투어 1코스","0.3392307692307693","0.00029455470764809413","0.00007425494084696357","0.00036880964849505773","0.33959957887926434","false"
"0","female","121","파주","2026 파주시티투어 당일코스(화요일)","0.33666666666666667","0","0.00009596599272458725","0.00009596599272458725","0.33676263265939127","false"
"0","female","115","파주","2026 파주시티투어 1박2일코스(토요일~일요일)","0.32833333333333337","0","0.00009596599272458725","0.00009596599272458725","0.32842929932605797","false"
"0","female","233","서천","광역코스","0.3271428571428571","0","0.000044187230807977943","0.000044187230807977943","0.3271870443736651","false"
"0","female","234","서천","힐링코스","0.3271428571428571","0","0.000044187230807977943","0.000044187230807977943","0.3271870443736651","false"
"0","female","128","대구","현풍코스","0.3271428571428572","0","0","0","0.3271428571428572","false"
"0","female","142","제천","시티투어","0.32000000000000006","0","0","0","0.32000000000000006","false"
"0","female","89","청주","청주시티투어_정기투어_트레킹 투어(토)","0.32","0","0","0","0.32","false"
"0","female","201","양주","자연친화코스1","0.32","0","0","0","0.32","false"
"0","female","169","춘천","일요일","0.31500000000000006","0","0","0","0.31500000000000006","false"
"0","female","170","춘천","토요일","0.31500000000000006","0","0","0","0.31500000000000006","false"
"0","female","104","안동","하회마을테마","0.3109090909090909","0","0","0","0.3109090909090909","false"
"0","female","102","안동","봉정사&만휴정테마","0.3063636363636364","0","0","0","0.3063636363636364","false"
"0","female","68","서산","C코스","0.3057142857142857","0.0006124072571119372","0.000006477785760669266","0.0006188850428726065","0.3063331707571583","false"
"0","female","202","양주","서울우유견학코스","0.3057142857142857","0","0","0","0.3057142857142857","false"
"0","female","66","홍성","남당항 코스","0.30333333333333334","0","0","0","0.30333333333333334","false"
"0","female","199","완도","해양치유시티투어","0.30214285714285716","0.0005222382952428396","0","0.0005222382952428396","0.3026650954381","false"
"0","female","94","여주","시티투어","0.3018181818181818","0","0.00011933974792261816","0.00011933974792261816","0.3019375215661044","false"
"0","female","69","서산","B코스","0.2985714285714286","0.0006124072571119372","0.000006477785760669266","0.0006188850428726065","0.2991903136143012","false"
"0","female","153","세종","행복투어B","0.2866666666666667","0","0","0","0.2866666666666667","false"
"0","female","242","순천","(기획투어)나이트가든투어","0.2866666666666667","0","0","0","0.2866666666666667","false"
"0","female","90","청주","청주시티투어_정기투어_힐링로드 투어(토)","0.28428571428571425","0","0","0","0.28428571428571425","false"
"0","female","256","울산","태화강 국가정원 코스","0.2838888888888889","0","0","0","0.2838888888888889","false"
"0","female","174","춘천","화요일","0.28250000000000003","0","0","0","0.28250000000000003","false"
"0","female","143","동해","관광문화코스","0.2783333333333333","0","0","0","0.2783333333333333","false"
"0","female","139","군산","(익산역 출발) 고군산시간여행코스","0.27","0.002000977857591175","0","0.0020009778575911753","0.2720009778575912","false"
"0","female","176","창원","창원시티투어","0.26999999999999996","0","0","0","0.26999999999999996","false"
"0","female","53","사천","바다투어","0.26285714285714284","0","0.000021240610576129258","0.000021240610576129258","0.26287838346771897","false"
"0","female","137","임실","명소탐방 임실 시티투어","0.26","0","0","0","0.26","false"
"0","female","192","삼척","종일코스","0.26","0","0","0","0.26","false"
"0","female","22","여수","2층야간코스","0.24857142857142853","0.0019217085447647702","0.000001851983405118974","0.0019235605281698893","0.25049498909959844","false"
"0","female","277","서울","EG투어버스 J코스","0.25","0","0","0","0.25","false"
"0","female","279","서울","EG투어버스 H코스","0.25","0","0","0","0.25","false"
"0","female","250","대전","광역투어(넷재주, 일)","0.24857142857142853","0","0","0","0.24857142857142853","false"
"0","female","3","부산","오렌지라인","0.24692307692307694","0","0","0","0.24692307692307694","false"
"0","female","34","화성","테마와 하루(농어촌 체험)","0.245","0","0","0","0.245","false"
"0","female","35","화성","소소한 하루","0.245","0","0","0","0.245","false"
"0","female","25","여수","이순신문화유적코스","0.2422222222222222","0.0019217085447647702","0.000001851983405118974","0.0019235605281698893","0.2441457827503921","false"
"0","female","56","영주","선비 코스","0.23500000000000001","0","0","0","0.23500000000000001","false"
"0","female","103","안동","도산서원&예끼마을테마","0.23500000000000001","0","0","0","0.23500000000000001","false"
"0","female","212","대전","야경","0.23249999999999998","0","0","0","0.23249999999999998","false"
"0","female","5","부산","레드라인","0.23153846153846155","0","0","0","0.23153846153846155","false"
"0","female","50","사천","우주항공산업투어","0.23111111111111107","0","0.000021240610576129258","0.000021240610576129258","0.2311323517216872","false"
"0","female","38","화성","바다와 하루","0.23","0","0","0","0.23","false"
"0","female","239","순천","(테마투어)세계유산투어","0.23","0","0","0","0.23","false"
"0","female","268","서울","EG투어버스 B코스","0.23","0","0","0","0.23","false"
"0","female","52","사천","이순신승전길투어","0.22624999999999998","0","0.000021240610576129258","0.000021240610576129258","0.2262712406105761","false"
"0","female","78","원주","원주시티투어(순환형)","0.22333333333333333","0","0","0","0.22333333333333333","false"
"0","female","168","태안","북부코스","0.22","0.001223388011828658","0.00010497383357619045","0.0013283618454048485","0.22132836184540486","false"
"0","female","244","아산","예술맛집 코스","0.22","0.0010523138900180137","0","0.001052313890018014","0.221052313890018","false"
"0","female","154","세종","야경투어","0.22","0","0","0","0.22","false"
"0","female","106","안동","주간도심테마","0.21999999999999997","0","0","0","0.21999999999999997","false"
"0","female","232","서천","전라권코스","0.21166666666666664","0","0.000044187230807977943","0.000044187230807977943","0.21171085389747463","false"
"0","female","98","양산","봄꽃체험코스","0.21","0","0.00012739549973166784","0.00012739549973166784","0.21012739549973167","false"
"0","female","230","대전","남부코스","0.21","0","0","0","0.21","false"
"0","female","39","화성","열차와 하루","0.2033333333333333","0","0","0","0.2033333333333333","false"
"0","female","8","대구","테마(야경 4~10월)","0.2","0","0","0","0.2","false"
"0","female","54","사천","별빛투어","0.19727272727272727","0","0.000021240610576129258","0.000021240610576129258","0.1972939678833034","false"
"0","female","208","양구","방산나들이코스","0.18666666666666665","0.0075","0","0.0075","0.19416666666666665","false"
"0","female","99","봉화","송이축제 문화유적탐방버스","0.19","0.001181954461563806","0.00015855349088353981","0.001340507952447346","0.19134050795244734","false"
"0","female","100","봉화","은어축제 문화유적탐방버스","0.19","0.001181954461563806","0.00015855349088353981","0.001340507952447346","0.19134050795244734","false"
"0","female","213","대전","힐링(장태산)","0.19","0","0","0","0.19","false"
"0","female","269","서울","EG투어버스 A코스","0.19","0","0","0","0.19","false"
"0","female","62","익산","익산숨은보석찾기코스","0.18428571428571425","0.0028913311718520187","0.00009325924768030969","0.0029845904195323282","0.18727030470524658","false"
"0","female","226","대전","광역투어(둘째주, 토)","0.18666666666666665","0","0","0","0.18666666666666665","false"
"0","female","207","양구","힐링산책코스","0.17833333333333332","0.0075","0","0.0075","0.18583333333333332","false"
"0","female","218","대전","생태교육","0.18","0","0","0","0.18","false"
"0","female","278","서울","EG투어버스 I코스","0.18","0","0","0","0.18","false"
"0","female","79","연천","연천명소코스","0.17833333333333332","0.0009440025471043687","0","0.0009440025471043689","0.17927733588043768","false"
"0","female","95","양산","양산시 가을 시티투어 (자연관광코스)","0.17833333333333332","0","0.00012739549973166784","0.00012739549973166784","0.178460728833065","false"
"0","female","113","가평","가평순환버스B코스","0.17833333333333332","0","0","0","0.17833333333333332","false"
"0","female","70","서산","A코스","0.16999999999999998","0.0006124072571119372","0.000006477785760669266","0.0006188850428726065","0.1706188850428726","false"
"0","female","206","양구","해안DMZ트래킹 코스","0.16166666666666665","0.0075","0","0.0075","0.16916666666666666","false"
"0","female","77","태백","황지자유시장 코스","0.16374999999999998","0.004044810819258148","0.000041441332234371137","0.0040862521514925185","0.1678362521514925","false"
"0","female","140","군산","고군산시간여행코스","0.16285714285714284","0.002000977857591175","0","0.0020009778575911753","0.16485812071473402","false"
"0","female","26","여수","다크투어리즘코스","0.16285714285714284","0.0019217085447647702","0.000001851983405118974","0.0019235605281698893","0.16478070338531273","false"
"0","female","210","곡성","읍권 순환버스","0.16374999999999998","0","0","0","0.16374999999999998","false"
"0","female","260","서천","문화코스","0.1633333333333333","0","0.000044187230807977943","0.000044187230807977943","0.1633775205641413","false"
"0","female","0","부산","동부산테마노선","0.16285714285714284","0","0","0","0.16285714285714284","false"
"0","female","220","아산","인생네컷 코스","0.16166666666666665","0.0010523138900180137","0","0.001052313890018014","0.16271898055668466","false"
"0","female","80","연천","안보자연코스","0.16166666666666665","0.0009440025471043687","0","0.0009440025471043689","0.16261066921377101","false"
"0","female","63","홍성","죽도코스","0.16166666666666665","0","0","0","0.16166666666666665","false"
"0","female","147","안산","대부도 해변코스(일반형 2코스)","0.15333333333333332","0","0.00008693559841717223","0.00008693559841717223","0.15342026893175048","false"
"0","female","148","안산","대부도 해변코스(일반형 1코스)","0.15333333333333332","0","0.00008693559841717223","0.00008693559841717223","0.15342026893175048","false"
"0","female","215","대전","역사문화(동춘당)","0.15333333333333332","0","0","0","0.15333333333333332","false"
"0","female","110","정선","아리랑열차 연계형 시티투어2","0.15","0.002350674056626344","0.00003777687918638546","0.0023884509358127297","0.1523884509358127","false"
"0","female","111","정선","아리랑열차 연계형 시티투어 1","0.15","0.002350674056626344","0.00003777687918638546","0.0023884509358127297","0.1523884509358127","false"
"0","female","87","의정부","의정부포레스트:오감이 깨어나는 숲 속 여행","0.15","0","0","0","0.15","false"
"0","female","136","인천","인천레트로노선","0.15","0","0","0","0.15","false"
"0","female","182","포항","퐝순환코스","0.15","0","0","0","0.15","false"
"0","female","76","태백","통리장 코스","0.145","0.004044810819258148","0.000041441332234371137","0.0040862521514925185","0.14908625215149252","false"
"0","female","27","여수","제2코스","0.14307692307692307","0.0019217085447647702","0.000001851983405118974","0.0019235605281698893","0.14500048360509296","false"
"0","female","91","청주","청주시티투어_정기투어_초정힐링 투어(토)","0.145","0","0","0","0.145","false"
"0","female","251","대전","광역투어(넷재주, 토)","0.145","0","0","0","0.145","false"
"0","female","1","부산","서부산생태투어","0.13874999999999998","0","0","0","0.13874999999999998","false"
"0","female","20","광양","야경코스","0.13874999999999998","0","0","0","0.13874999999999998","false"
"0","female","24","여수","야경코스","0.13428571428571426","0.0019217085447647702","0.000001851983405118974","0.0019235605281698893","0.13620927481388415","false"
"0","female","105","안동","야간도심테마","0.13428571428571426","0","0","0","0.13428571428571426","false"
"0","female","92","청주","청주시티투어_정기투어_청남대 투어(수토일)","0.1311111111111111","0","0","0","0.1311111111111111","false"
"0","female","171","춘천","금요일","0.12625","0","0","0","0.12625","false"
"0","female","191","평창","남부권 코스","0.12625","0","0","0","0.12625","false"
"0","female","151","안산","대부도 뱃길코스(일반형 2코스)","0.12555555555555556","0","0.00008693559841717223","0.00008693559841717223","0.12564249115397272","false"
"0","female","49","밀양","시내권 투어 1","0.12000000000000001","0","0","0","0.12000000000000001","false"
"0","female","228","대전","광역투어(첫주, 토)","0.12000000000000001","0","0","0","0.12000000000000001","false"
"0","female","57","영주","물돌이 코스","0.115","0","0","0","0.115","false"
"0","female","114","가평","가평순환버스A코스","0.11444444444444445","0","0","0","0.11444444444444445","false"
"0","female","152","안산","대부도 뱃길코스(일반형 1코스)","0.10888888888888888","0","0.00008693559841717223","0.00008693559841717223","0.10897582448730606","false"
"0","female","23","여수","2층주간코스","0.10500000000000001","0.0019217085447647702","0.000001851983405118974","0.0019235605281698893","0.1069235605281699","false"
"0","female","21","여수","야간테마코스(시간을달리는버스커)","0.09272727272727273","0.0019217085447647702","0.000001851983405118974","0.0019235605281698893","0.09465083325544262","false"
"0","female","4","부산","그린라인","0.08923076923076924","0","0","0","0.08923076923076924","false"
"0","female","71","천안","일요일","0.0825","0","0","0","0.0825","false"
"0","female","200","진도","진도시티투어","0.06642857142857143","0.0006582935903320199","0","0.00065829359033202","0.06708686501890346","false"
"0","female","41","화성","역사와 하루2","0.06","0","0","0","0.06","false"
"0","female","101","청도","시티투어","0.06","0","0","0","0.06","false"
"0","female","32","화성","테마와 하루(문화예술 체험)","0.05333333333333333","0","0","0","0.05333333333333333","false"
"0","female","275","서울","EG투어버스 L코스","0.05333333333333333","0","0","0","0.05333333333333333","false"
"0","female","28","여수","제1코스","0.04857142857142857","0.0019217085447647702","0.000001851983405118974","0.0019235605281698893","0.05049498909959846","false"
"0","female","146","안산","대부도 해변코스(체험형 1코스)","0.05","0","0.00008693559841717223","0.00008693559841717223","0.050086935598417176","false"
"0","female","33","화성","테마와 하루(목장 체험)","0.05","0","0","0","0.05","false"
"0","female","149","안산","대부도 뱃길코스(체험형 2코스)","0.045","0","0.00008693559841717223","0.00008693559841717223","0.04508693559841717","false"
"0","female","150","안산","대부도 뱃길코스(체험형 1코스)","0.045","0","0.00008693559841717223","0.00008693559841717223","0.04508693559841717","false"
"0","female","85","이천","농촌체험코스(남부)","0.045","0","0","0","0.045","false"
"0","female","6","제주","야간코스(7월말~8월말 운영)","0.041428571428571426","0","0","0","0.041428571428571426","false"
"0","female","84","이천","농촌체험코스(중부)","0.04000000000000001","0","0","0","0.04000000000000001","false"
"0","female","209","곡성","압록권역 순환버스","0.04000000000000001","0","0","0","0.04000000000000001","false"
"0","female","276","서울","EG투어버스 K 코스","0.04000000000000001","0","0","0","0.04000000000000001","false"
"0","female","45","화성","테마와 하루(지역축제 체험)","0.03666666666666667","0","0","0","0.03666666666666667","false"
"0","female","83","이천","농촌체험코스(북부)","0.03666666666666667","0","0","0","0.03666666666666667","false"
"0","female","82","이천","승마체험코스","0.0325","0","0","0","0.0325","false"
"0","female","31","화성","테마와 하루(해양생태 체험)","0.030000000000000002","0","0","0","0.030000000000000002","false"
"0","female","246","대전","언택트세이프(B)","0.030000000000000002","0","0","0","0.030000000000000002","false"
"0","female","271","서울","EG투어버스 F코스","0.030000000000000002","0","0","0","0.030000000000000002","false"
"0","female","93","여주","꽃섬투어","0.025555555555555557","0","0.00011933974792261816","0.00011933974792261816","0.025674895303478176","false"
"0","female","75","충주","충주시티투어","0.02","0.0013079213543413092","0.000032273209345980236","0.0013401945636872894","0.02134019456368729","false"
"0","female","118","파주","2026 파주시티투어 당일코스(금요일)","0.02","0","0.00009596599272458725","0.00009596599272458725","0.020095965992724587","false"
"0","female","2","부산","야경투어","0.02","0","0","0","0.02","false"
"0","female","29","목포","별빛물결시티투어","0.02","0","0","0","0.02","false"
"0","female","164","화순","화순적벽 버스투어(적벽 셔틀버스)","0.02","0","0","0","0.02","false"
"0","female","165","화순","화순적벽 버스투어(적벽투어)","0.02","0","0","0","0.02","false"
"0","female","211","대전","가족여행","0.02","0","0","0","0.02","false"
"0","female","219","대전","다크투어","0.02","0","0","0","0.02","false"
"0","female","273","서울","EG투어버스 D코스","0.02","0","0","0","0.02","false"
"0","female","60","익산","맞춤형코스","0","0.0028913311718520187","0.00009325924768030969","0.0029845904195323282","0.0029845904195323282","false"
"0","female","231","태안","북부코스남부코스","0","0.001223388011828658","0.00010497383357619045","0.0013283618454048485","0.0013283618454048485","false"
"0","female","16","대구","테마(야경 11~3월)","0","0","0","0","0","false"
"0","female","36","화성","별과 하루","0","0","0","0","0","false"
"0","female","37","화성","노을과 하루","0","0","0","0","0","false"
"0","female","44","화성","섬과 하루","0","0","0","0","0","false"
"0","female","55","영주","특별운영","0","0","0","0","0","false"
"0","female","88","청주","청주시티투어_수시투어","0","0","0","0","0","false"
"0","female","125","부천","정규코스. 특별코스","0","0","0","0","0","false"
"0","female","132","인천","선재영흥투어","0","0","0","0","0","false"
"0","female","134","인천","무의도투어","0","0","0","0","0","false"
"0","female","141","제천","제천관광택시","0","0","0","0","0","false"
"0","female","198","공주","축제코스","0","0","0","0","0","false"
"0","female","259","단양","단양군시티투어","0","0","0","0","0","false"
"0","female","261","부여","백제문화단지-부소산성-궁남지-정림사지-백제문화단지","0","0","0","0","0","false"
"0","unspecified","10","대구","테마-전통5일장-현풍백년도깨비시장","2","0","0","0","2","true"
"0","unspecified","7","제주","순환형코스","1.9500000000000002","0","0","0","1.9500000000000002","true"
"0","unspecified","122","시흥","테마형 수시코스","1.85","0","0","0","1.85","true"
"0","unspecified","14","대구","테마-방방곡곡(팔공산)","1.8","0","0","0","1.8","false"
"0","unspecified","112","정선","와와정선 2층 투어버스","1.2000000000000002","0.002350674056626344","0","0.002350674056626344","1.2023506740566265","true"
"0","unspecified","156","세종","역사산책투어","1.17","0","0","0","1.17","true"
"0","unspecified","15","대구","도심순환코스(12개 정류장)","1","0","0","0","1","false"
"0","unspecified","129","인천","노을야경투어","1","0","0","0","1","false"
"0","unspecified","131","인천","교동도투어","1","0","0","0","1","false"
"0","unspecified","135","인천","바다노선","1","0","0","0","1","false"
"0","unspecified","183","포항","퐝랜드마크B코스","1","0","0","0","1","false"
"0","unspecified","130","인천","석모도투어","0.95","0","0","0","0.95","false"
"0","unspecified","184","포항","퐝랜드마크A코스","0.95","0","0","0","0.95","false"
"0","unspecified","185","포항","씨(SEA)하게 보는 포항코스","0.95","0","0","0","0.95","false"
"0","unspecified","159","세종","봄꽃파닭B투어","0.9366666666666666","0","0","0","0.9366666666666666","false"
"0","unspecified","160","세종","봄꽃파닭A투어","0.9366666666666666","0","0","0","0.9366666666666666","false"
"0","unspecified","120","파주","2026 파주시티투어 당일코스(수요일)","0.8866666666666667","0","0","0","0.8866666666666667","false"
"0","unspecified","181","김해","김해에반해","0.8771428571428572","0.00029347263226275634","0","0.00029347263226275634","0.87743632977512","false"
"0","unspecified","179","김해","역사에반해","0.8533333333333334","0.00029347263226275634","0","0.00029347263226275634","0.8536268059655961","false"
"0","unspecified","133","인천","청라투어","0.85","0","0","0","0.85","false"
"0","unspecified","267","공주","반일코스","0.8300000000000001","0","0","0","0.8300000000000001","false"
"0","unspecified","11","대구","테마-방방곡곡(사시사철)","0.8","0","0","0","0.8","false"
"0","unspecified","12","대구","테마-방방곡곡(군위군 돋보기)","0.8","0","0","0","0.8","false"
"0","unspecified","13","대구","테마-방방곡곡(낙동강)","0.8","0","0","0","0.8","false"
"0","unspecified","229","대전","대청호코스","0.8","0","0","0","0.8","false"
"0","unspecified","180","김해","자연에반해","0.77","0.00029347263226275634","0","0.00029347263226275634","0.7702934726322628","false"
"0","unspecified","74","천안","화요일","0.7325","0","0","0","0.7325","false"
"0","unspecified","262","공주","봄·여름·가을 코스","0.7033333333333334","0","0","0","0.7033333333333334","false"
"0","unspecified","138","군산","(박물관 출발) 고군산코스","0.6866666666666666","0.002000977857591175","0","0.0020009778575911753","0.6886676445242578","false"
"0","unspecified","173","춘천","수요일","0.6866666666666666","0","0","0","0.6866666666666666","false"
"0","unspecified","166","태안","광역코스","0.67","0.001223388011828658","0","0.001223388011828658","0.6712233880118287","false"
"0","unspecified","178","김해","문화에반해","0.6599999999999999","0.00029347263226275634","0","0.00029347263226275634","0.6602934726322627","false"
"0","unspecified","235","홍천","홍천시티투어","0.6533333333333333","0","0","0","0.6533333333333333","false"
"0","unspecified","188","서천","푸른빛코스","0.645","0","0","0","0.645","false"
"0","unspecified","227","대전","광역투어(첫주, 일)","0.6387499999999999","0","0","0","0.6387499999999999","false"
"0","unspecified","46","합천","합천광역시티투어 누비고","0.6366666666666667","0","0","0","0.6366666666666667","false"
"0","unspecified","42","화성","역사와 하루1","0.63","0","0","0","0.63","false"
"0","unspecified","61","익산","세계유산코스","0.62","0.0028913311718520187","0","0.0028913311718520187","0.622891331171852","false"
"0","unspecified","116","파주","2026 파주시티투어 당일코스(일요일)","0.62","0","0","0","0.62","false"
"0","unspecified","119","파주","2026 파주시티투어 당일코스(목요일)","0.62","0","0","0","0.62","false"
"0","unspecified","223","대전","광역투어(셋째주, 일)","0.5985714285714285","0","0","0","0.5985714285714285","false"
"0","unspecified","263","공주","가을코스2","0.5755555555555556","0","0","0","0.5755555555555556","false"
"0","unspecified","236","화천","화천시티투어(백암산케이블카)","0.5700000000000001","0.0025589435502283413","0","0.0025589435502283413","0.5725589435502284","false"
"0","unspecified","254","경산","소원성취코스,삼성현명품투어코스","0.5628571428571428","0","0","0","0.5628571428571428","false"
"0","unspecified","126","대구","도동코스","0.5575","0","0","0","0.5575","false"
"0","unspecified","177","경기광주","광주시티투어","0.5557142857142857","0","0","0","0.5557142857142857","false"
"0","unspecified","127","대구","송해코스","0.54","0","0","0","0.54","false"
"0","unspecified","241","순천","(테마투어)생태투어","0.54","0","0","0","0.54","false"
"0","unspecified","81","연천","역사자연코스","0.5342857142857143","0.0009440025471043687","0","0.0009440025471043689","0.5352297168328186","false"
"0","unspecified","265","공주","여름코스","0.53","0","0","0","0.53","false"
"0","unspecified","96","양산","양산시 가을 시티투어 (역사문화코스)","0.5116666666666666","0","0","0","0.5116666666666666","false"
"0","unspecified","162","세종","세종관광명소B투어","0.5075000000000001","0","0","0","0.5075000000000001","false"
"0","unspecified","47","밀양","삼랑진권 투어","0.495","0","0","0","0.495","false"
"0","unspecified","144","안산","안산 시내권코스(토요일)","0.495","0","0","0","0.495","false"
"0","unspecified","258","양주","왕실축제","0.495","0","0","0","0.495","false"
"0","unspecified","108","부여","부여테마여행","0.4936842105263158","0","0","0","0.4936842105263158","false"
"0","unspecified","249","대전","광역투어(다섯째주, 토)","0.48875","0","0","0","0.48875","false"
"0","unspecified","222","아산","아산도심핫플코스","0.4866666666666667","0.0010523138900180137","0","0.001052313890018014","0.4877189805566847","false"
"0","unspecified","175","춘천","월요일","0.48250000000000004","0","0","0","0.48250000000000004","false"
"0","unspecified","195","완주","완주힐링로드시티투어 2코스","0.4755555555555555","0.00029455470764809413","0","0.00029455470764809413","0.4758501102632036","false"
"0","unspecified","72","천안","토요일","0.47000000000000003","0","0","0","0.47000000000000003","false"
"0","unspecified","73","천안","목요일","0.47000000000000003","0","0","0","0.47000000000000003","false"
"0","unspecified","161","세종","천안연계투어","0.47000000000000003","0","0","0","0.47000000000000003","false"
"0","unspecified","86","평택","문화유산코스 /관광코스 ※무장애코스 월2회 정기운영(3~6월,9~11월)","0.4642307692307692","0","0","0","0.4642307692307692","false"
"0","unspecified","186","서천","동백코스(익산-군산 광역)","0.45333333333333337","0","0","0","0.45333333333333337","false"
"0","unspecified","225","대전","광역투어(둘째주, 일)","0.45333333333333337","0","0","0","0.45333333333333337","false"
"0","unspecified","237","화천","화천시티투어(평화누리호)","0.45000000000000007","0.0025589435502283413","0","0.0025589435502283413","0.4525589435502284","false"
"0","unspecified","64","홍성","전통시장코스(홍성) 1,6일 운영","0.45000000000000007","0","0","0","0.45000000000000007","false"
"0","unspecified","252","안성","안성시티투어","0.45000000000000007","0","0","0","0.45000000000000007","false"
"0","unspecified","203","양주","박물관투어","0.44857142857142857","0","0","0","0.44857142857142857","false"
"0","unspecified","167","태안","남부코스","0.445","0.001223388011828658","0","0.001223388011828658","0.44622338801182865","false"
"0","unspecified","264","공주","가을코스","0.43500000000000005","0","0","0","0.43500000000000005","false"
"0","unspecified","43","화성","자연과 하루","0.4325","0","0","0","0.4325","false"
"0","unspecified","157","세종","행복투어A","0.43000000000000005","0","0","0","0.43000000000000005","false"
"0","unspecified","240","순천","(테마투어)성곽투어","0.43000000000000005","0","0","0","0.43000000000000005","false"
"0","unspecified","216","대전","역사문화(효월드)","0.42714285714285716","0","0","0","0.42714285714285716","false"
"0","unspecified","255","울산","장생포 대왕암 코스","0.42714285714285716","0","0","0","0.42714285714285716","false"
"0","unspecified","30","목포","목포랑시티투어","0.4241666666666667","0","0","0","0.4241666666666667","false"
"0","unspecified","243","나주","정기코스","0.42000000000000004","0.0013057575281553808","0","0.0013057575281553808","0.4213057575281554","false"
"0","unspecified","190","영광","영광쉼,투어","0.42","0.0007018310124305839","0","0.0007018310124305839","0.4207018310124306","false"
"0","unspecified","163","세종","세종관광명소A투어","0.42000000000000004","0","0","0","0.42000000000000004","false"
"0","unspecified","214","대전","힐링(만인산)","0.42000000000000004","0","0","0","0.42000000000000004","false"
"0","unspecified","238","순천","(테마투어)산사투어","0.42000000000000004","0","0","0","0.42000000000000004","false"
"0","unspecified","253","대전","언택트세이프?","0.42000000000000004","0","0","0","0.42000000000000004","false"
"0","unspecified","9","대구","테마-전통5일장-군위전통시장","0.42","0","0","0","0.42","false"
"0","unspecified","145","안산","안산 시내권코스(목요일)","0.42","0","0","0","0.42","false"
"0","unspecified","224","대전","광역투어(셋째주, 토)","0.41285714285714287","0","0","0","0.41285714285714287","false"
"0","unspecified","189","서천","보랏빛코스","0.4057142857142857","0","0","0","0.4057142857142857","false"
"0","unspecified","197","평창","북부권 코스","0.40125","0","0","0","0.40125","false"
"0","unspecified","17","해남","해남시티투어","0.4","0.0009885393508020169","0","0.0009885393508020169","0.40098853935080203","false"
"0","unspecified","40","화성","모두와 하루(무장애 여행)","0.4","0","0","0","0.4","false"
"0","unspecified","58","익산","순환형2","0.395","0.0028913311718520187","0","0.0028913311718520187","0.39789133117185205","false"
"0","unspecified","59","익산","순환형1","0.395","0.0028913311718520187","0","0.0028913311718520187","0.39789133117185205","false"
"0","unspecified","204","양주","역사투어","0.395","0","0","0","0.395","false"
"0","unspecified","187","서천","금빛코스","0.39142857142857146","0","0","0","0.39142857142857146","false"
"0","unspecified","123","시흥","테마형 정기코스","0.39","0","0","0","0.39","false"
"0","unspecified","124","시흥","순환형 2층버스","0.39","0","0","0","0.39","false"
"0","unspecified","48","밀양","영남알프스권 투어 1","0.38250000000000006","0","0","0","0.38250000000000006","false"
"0","unspecified","221","아산","休캉스 코스","0.38","0.0010523138900180137","0","0.001052313890018014","0.38105231389001804","false"
"0","unspecified","245","아산","역사기행 코스","0.38","0.0010523138900180137","0","0.001052313890018014","0.38105231389001804","false"
"0","unspecified","155","세종","정원투어","0.38","0","0","0","0.38","false"
"0","unspecified","217","대전","대덕특구탐방","0.38","0","0","0","0.38","false"
"0","unspecified","193","완주","완주힐링로드 시티투어(코레일연계 익산역)","0.37909090909090915","0.00029455470764809413","0","0.00029455470764809413","0.37938546379855725","false"
"0","unspecified","51","사천","오감체험투어","0.3783333333333333","0","0","0","0.3783333333333333","false"
"0","unspecified","107","예산","예산군 버스투어","0.3783333333333333","0","0","0","0.3783333333333333","false"
"0","unspecified","272","서울","EG투어버스 E코스","0.3783333333333333","0","0","0","0.3783333333333333","false"
"0","unspecified","266","공주","봄코스","0.37357142857142855","0","0","0","0.37357142857142855","false"
"0","unspecified","117","파주","2026 파주시티투어 당일코스(토요일)","0.37","0","0","0","0.37","false"
"0","unspecified","257","양주","천일홍축제","0.37","0","0","0","0.37","false"
"0","unspecified","109","부여","롯데리조트부여와 함께하는 부여 감성야행","0.3616666666666667","0","0","0","0.3616666666666667","false"
"0","unspecified","67","홍성","역사·문화 코스","0.35333333333333333","0","0","0","0.35333333333333333","false"
"0","unspecified","97","양산","2025 6월 시티투어","0.35333333333333333","0","0","0","0.35333333333333333","false"
"0","unspecified","158","세종","역사문화투어","0.35333333333333333","0","0","0","0.35333333333333333","false"
"0","unspecified","172","춘천","목요일","0.35333333333333333","0","0","0","0.35333333333333333","false"
"0","unspecified","248","대전","광역투어(다섯째주, 일)","0.35125000000000006","0","0","0","0.35125000000000006","false"
"0","unspecified","194","완주","완주힐링로드 시티투어(서울권역)","0.3491666666666667","0.00029455470764809413","0","0.00029455470764809413","0.3494612213743148","false"
"0","unspecified","18","광양","광양역사코스","0.34777777777777774","0","0","0","0.34777777777777774","false"
"0","unspecified","19","광양","광양힐링코스","0.34777777777777774","0","0","0","0.34777777777777774","false"
"0","unspecified","205","양주","기본코스","0.34777777777777774","0","0","0","0.34777777777777774","false"
"0","unspecified","65","홍성","전통시장코스(광천) 4,9일 운영","0.345","0","0","0","0.345","false"
"0","unspecified","274","서울","EG투어버스 C코스","0.345","0","0","0","0.345","false"
"0","unspecified","247","대전","언택트세이프(A)","0.34","0","0","0","0.34","false"
"0","unspecified","270","서울","EG투어버스 G코스","0.34","0","0","0","0.34","false"
"0","unspecified","196","완주","완주힐링로드시티투어 1코스","0.3392307692307693","0.00029455470764809413","0","0.00029455470764809413","0.3395253239384174","false"
"0","unspecified","121","파주","2026 파주시티투어 당일코스(화요일)","0.33666666666666667","0","0","0","0.33666666666666667","false"
"0","unspecified","115","파주","2026 파주시티투어 1박2일코스(토요일~일요일)","0.32833333333333337","0","0","0","0.32833333333333337","false"
"0","unspecified","128","대구","현풍코스","0.3271428571428572","0","0","0","0.3271428571428572","false"
"0","unspecified","233","서천","광역코스","0.3271428571428571","0","0","0","0.3271428571428571","false"
"0","unspecified","234","서천","힐링코스","0.3271428571428571","0","0","0","0.3271428571428571","false"
"0","unspecified","142","제천","시티투어","0.32000000000000006","0","0","0","0.32000000000000006","false"
"0","unspecified","89","청주","청주시티투어_정기투어_트레킹 투어(토)","0.32","0","0","0","0.32","false"
"0","unspecified","201","양주","자연친화코스1","0.32","0","0","0","0.32","false"
"0","unspecified","169","춘천","일요일","0.31500000000000006","0","0","0","0.31500000000000006","false"
"0","unspecified","170","춘천","토요일","0.31500000000000006","0","0","0","0.31500000000000006","false"
"0","unspecified","104","안동","하회마을테마","0.3109090909090909","0","0","0","0.3109090909090909","false"
"0","unspecified","102","안동","봉정사&만휴정테마","0.3063636363636364","0","0","0","0.3063636363636364","false"
"0","unspecified","68","서산","C코스","0.3057142857142857","0.0006124072571119372","0","0.0006124072571119372","0.30632669297139764","false"
"0","unspecified","202","양주","서울우유견학코스","0.3057142857142857","0","0","0","0.3057142857142857","false"
"0","unspecified","66","홍성","남당항 코스","0.30333333333333334","0","0","0","0.30333333333333334","false"
"0","unspecified","199","완도","해양치유시티투어","0.30214285714285716","0.0005222382952428396","0","0.0005222382952428396","0.3026650954381","false"
"0","unspecified","94","여주","시티투어","0.3018181818181818","0","0","0","0.3018181818181818","false"
"0","unspecified","69","서산","B코스","0.2985714285714286","0.0006124072571119372","0","0.0006124072571119372","0.2991838358285405","false"
"0","unspecified","153","세종","행복투어B","0.2866666666666667","0","0","0","0.2866666666666667","false"
"0","unspecified","242","순천","(기획투어)나이트가든투어","0.2866666666666667","0","0","0","0.2866666666666667","false"
"0","unspecified","90","청주","청주시티투어_정기투어_힐링로드 투어(토)","0.28428571428571425","0","0","0","0.28428571428571425","false"
"0","unspecified","256","울산","태화강 국가정원 코스","0.2838888888888889","0","0","0","0.2838888888888889","false"
"0","unspecified","174","춘천","화요일","0.28250000000000003","0","0","0","0.28250000000000003","false"
"0","unspecified","143","동해","관광문화코스","0.2783333333333333","0","0","0","0.2783333333333333","false"
"0","unspecified","139","군산","(익산역 출발) 고군산시간여행코스","0.27","0.002000977857591175","0","0.0020009778575911753","0.2720009778575912","false"
"0","unspecified","176","창원","창원시티투어","0.26999999999999996","0","0","0","0.26999999999999996","false"
"0","unspecified","53","사천","바다투어","0.26285714285714284","0","0","0","0.26285714285714284","false"
"0","unspecified","137","임실","명소탐방 임실 시티투어","0.26","0","0","0","0.26","false"
"0","unspecified","192","삼척","종일코스","0.26","0","0","0","0.26","false"
"0","unspecified","22","여수","2층야간코스","0.24857142857142853","0.0019217085447647702","0","0.0019217085447647702","0.2504931371161933","false"
"0","unspecified","277","서울","EG투어버스 J코스","0.25","0","0","0","0.25","false"
"0","unspecified","279","서울","EG투어버스 H코스","0.25","0","0","0","0.25","false"
"0","unspecified","250","대전","광역투어(넷재주, 일)","0.24857142857142853","0","0","0","0.24857142857142853","false"
"0","unspecified","3","부산","오렌지라인","0.24692307692307694","0","0","0","0.24692307692307694","false"
"0","unspecified","34","화성","테마와 하루(농어촌 체험)","0.245","0","0","0","0.245","false"
"0","unspecified","35","화성","소소한 하루","0.245","0","0","0","0.245","false"
"0","unspecified","25","여수","이순신문화유적코스","0.2422222222222222","0.0019217085447647702","0","0.0019217085447647702","0.24414393076698698","false"
"0","unspecified","56","영주","선비 코스","0.23500000000000001","0","0","0","0.23500000000000001","false"
"0","unspecified","103","안동","도산서원&예끼마을테마","0.23500000000000001","0","0","0","0.23500000000000001","false"
"0","unspecified","212","대전","야경","0.23249999999999998","0","0","0","0.23249999999999998","false"
"0","unspecified","5","부산","레드라인","0.23153846153846155","0","0","0","0.23153846153846155","false"
"0","unspecified","50","사천","우주항공산업투어","0.23111111111111107","0","0","0","0.23111111111111107","false"
"0","unspecified","38","화성","바다와 하루","0.23","0","0","0","0.23","false"
"0","unspecified","239","순천","(테마투어)세계유산투어","0.23","0","0","0","0.23","false"
"0","unspecified","268","서울","EG투어버스 B코스","0.23","0","0","0","0.23","false"
"0","unspecified","52","사천","이순신승전길투어","0.22624999999999998","0","0","0","0.22624999999999998","false"
"0","unspecified","78","원주","원주시티투어(순환형)","0.22333333333333333","0","0","0","0.22333333333333333","false"
"0","unspecified","168","태안","북부코스","0.22","0.001223388011828658","0","0.001223388011828658","0.22122338801182867","false"
"0","unspecified","244","아산","예술맛집 코스","0.22","0.0010523138900180137","0","0.001052313890018014","0.221052313890018","false"
"0","unspecified","154","세종","야경투어","0.22","0","0","0","0.22","false"
"0","unspecified","106","안동","주간도심테마","0.21999999999999997","0","0","0","0.21999999999999997","false"
"0","unspecified","232","서천","전라권코스","0.21166666666666664","0","0","0","0.21166666666666664","false"
"0","unspecified","98","양산","봄꽃체험코스","0.21","0","0","0","0.21","false"
"0","unspecified","230","대전","남부코스","0.21","0","0","0","0.21","false"
"0","unspecified","39","화성","열차와 하루","0.2033333333333333","0","0","0","0.2033333333333333","false"
"0","unspecified","8","대구","테마(야경 4~10월)","0.2","0","0","0","0.2","false"
"0","unspecified","54","사천","별빛투어","0.19727272727272727","0","0","0","0.19727272727272727","false"
"0","unspecified","208","양구","방산나들이코스","0.18666666666666665","0.0075","0","0.0075","0.19416666666666665","false"
"0","unspecified","99","봉화","송이축제 문화유적탐방버스","0.19","0.001181954461563806","0","0.001181954461563806","0.1911819544615638","false"
"0","unspecified","100","봉화","은어축제 문화유적탐방버스","0.19","0.001181954461563806","0","0.001181954461563806","0.1911819544615638","false"
"0","unspecified","213","대전","힐링(장태산)","0.19","0","0","0","0.19","false"
"0","unspecified","269","서울","EG투어버스 A코스","0.19","0","0","0","0.19","false"
"0","unspecified","62","익산","익산숨은보석찾기코스","0.18428571428571425","0.0028913311718520187","0","0.0028913311718520187","0.18717704545756628","false"
"0","unspecified","226","대전","광역투어(둘째주, 토)","0.18666666666666665","0","0","0","0.18666666666666665","false"
"0","unspecified","207","양구","힐링산책코스","0.17833333333333332","0.0075","0","0.0075","0.18583333333333332","false"
"0","unspecified","218","대전","생태교육","0.18","0","0","0","0.18","false"
"0","unspecified","278","서울","EG투어버스 I코스","0.18","0","0","0","0.18","false"
"0","unspecified","79","연천","연천명소코스","0.17833333333333332","0.0009440025471043687","0","0.0009440025471043689","0.17927733588043768","false"
"0","unspecified","95","양산","양산시 가을 시티투어 (자연관광코스)","0.17833333333333332","0","0","0","0.17833333333333332","false"
"0","unspecified","113","가평","가평순환버스B코스","0.17833333333333332","0","0","0","0.17833333333333332","false"
"0","unspecified","70","서산","A코스","0.16999999999999998","0.0006124072571119372","0","0.0006124072571119372","0.1706124072571119","false"
"0","unspecified","206","양구","해안DMZ트래킹 코스","0.16166666666666665","0.0075","0","0.0075","0.16916666666666666","false"
"0","unspecified","77","태백","황지자유시장 코스","0.16374999999999998","0.004044810819258148","0","0.004044810819258148","0.16779481081925812","false"
"0","unspecified","140","군산","고군산시간여행코스","0.16285714285714284","0.002000977857591175","0","0.0020009778575911753","0.16485812071473402","false"
"0","unspecified","26","여수","다크투어리즘코스","0.16285714285714284","0.0019217085447647702","0","0.0019217085447647702","0.16477885140190762","false"
"0","unspecified","210","곡성","읍권 순환버스","0.16374999999999998","0","0","0","0.16374999999999998","false"
"0","unspecified","260","서천","문화코스","0.1633333333333333","0","0","0","0.1633333333333333","false"
"0","unspecified","0","부산","동부산테마노선","0.16285714285714284","0","0","0","0.16285714285714284","false"
"0","unspecified","220","아산","인생네컷 코스","0.16166666666666665","0.0010523138900180137","0","0.001052313890018014","0.16271898055668466","false"
"0","unspecified","80","연천","안보자연코스","0.16166666666666665","0.0009440025471043687","0","0.0009440025471043689","0.16261066921377101","false"
"0","unspecified","63","홍성","죽도코스","0.16166666666666665","0","0","0","0.16166666666666665","false"
"0","unspecified","147","안산","대부도 해변코스(일반형 2코스)","0.15333333333333332","0","0","0","0.15333333333333332","false"
"0","unspecified","148","안산","대부도 해변코스(일반형 1코스)","0.15333333333333332","0","0","0","0.15333333333333332","false"
"0","unspecified","215","대전","역사문화(동춘당)","0.15333333333333332","0","0","0","0.15333333333333332","false"
"0","unspecified","110","정선","아리랑열차 연계형 시티투어2","0.15","0.002350674056626344","0","0.002350674056626344","0.15235067405662633","false"
"0","unspecified","111","정선","아리랑열차 연계형 시티투어 1","0.15","0.002350674056626344","0","0.002350674056626344","0.15235067405662633","false"
"0","unspecified","87","의정부","의정부포레스트:오감이 깨어나는 숲 속 여행","0.15","0","0","0","0.15","false"
"0","unspecified","136","인천","인천레트로노선","0.15","0","0","0","0.15","false"
"0","unspecified","182","포항","퐝순환코스","0.15","0","0","0","0.15","false"
"0","unspecified","76","태백","통리장 코스","0.145","0.004044810819258148","0","0.004044810819258148","0.14904481081925813","false"
"0","unspecified","91","청주","청주시티투어_정기투어_초정힐링 투어(토)","0.145","0","0","0","0.145","false"
"0","unspecified","251","대전","광역투어(넷재주, 토)","0.145","0","0","0","0.145","false"
"0","unspecified","27","여수","제2코스","0.14307692307692307","0.0019217085447647702","0","0.0019217085447647702","0.14499863162168786","false"
"0","unspecified","1","부산","서부산생태투어","0.13874999999999998","0","0","0","0.13874999999999998","false"
"0","unspecified","20","광양","야경코스","0.13874999999999998","0","0","0","0.13874999999999998","false"
"0","unspecified","24","여수","야경코스","0.13428571428571426","0.0019217085447647702","0","0.0019217085447647702","0.13620742283047904","false"
"0","unspecified","105","안동","야간도심테마","0.13428571428571426","0","0","0","0.13428571428571426","false"
"0","unspecified","92","청주","청주시티투어_정기투어_청남대 투어(수토일)","0.1311111111111111","0","0","0","0.1311111111111111","false"
"0","unspecified","171","춘천","금요일","0.12625","0","0","0","0.12625","false"
"0","unspecified","191","평창","남부권 코스","0.12625","0","0","0","0.12625","false"
"0","unspecified","151","안산","대부도 뱃길코스(일반형 2코스)","0.12555555555555556","0","0","0","0.12555555555555556","false"
"0","unspecified","49","밀양","시내권 투어 1","0.12000000000000001","0","0","0","0.12000000000000001","false"
"0","unspecified","228","대전","광역투어(첫주, 토)","0.12000000000000001","0","0","0","0.12000000000000001","false"
"0","unspecified","57","영주","물돌이 코스","0.115","0","0","0","0.115","false"
"0","unspecified","114","가평","가평순환버스A코스","0.11444444444444445","0","0","0","0.11444444444444445","false"
"0","unspecified","152","안산","대부도 뱃길코스(일반형 1코스)","0.10888888888888888","0","0","0","0.10888888888888888","false"
"0","unspecified","23","여수","2층주간코스","0.10500000000000001","0.0019217085447647702","0","0.0019217085447647702","0.10692170854476478","false"
"0","unspecified","21","여수","야간테마코스(시간을달리는버스커)","0.09272727272727273","0.0019217085447647702","0","0.0019217085447647702","0.0946489812720375","false"
"0","unspecified","4","부산","그린라인","0.08923076923076924","0","0","0","0.08923076923076924","false"
"0","unspecified","71","천안","일요일","0.0825","0","0","0","0.0825","false"
"0","unspecified","200","진도","진도시티투어","0.06642857142857143","0.0006582935903320199","0","0.00065829359033202","0.06708686501890346","false"
"0","unspecified","41","화성","역사와 하루2","0.06","0","0","0","0.06","false"
"0","unspecified","101","청도","시티투어","0.06","0","0","0","0.06","false"
"0","unspecified","32","화성","테마와 하루(문화예술 체험)","0.05333333333333333","0","0","0","0.05333333333333333","false"
"0","unspecified","275","서울","EG투어버스 L코스","0.05333333333333333","0","0","0","0.05333333333333333","false"
"0","unspecified","28","여수","제1코스","0.04857142857142857","0.0019217085447647702","0","0.0019217085447647702","0.05049313711619334","false"
"0","unspecified","33","화성","테마와 하루(목장 체험)","0.05","0","0","0","0.05","false"
"0","unspecified","146","안산","대부도 해변코스(체험형 1코스)","0.05","0","0","0","0.05","false"
"0","unspecified","85","이천","농촌체험코스(남부)","0.045","0","0","0","0.045","false"
"0","unspecified","149","안산","대부도 뱃길코스(체험형 2코스)","0.045","0","0","0","0.045","false"
"0","unspecified","150","안산","대부도 뱃길코스(체험형 1코스)","0.045","0","0","0","0.045","false"
"0","unspecified","6","제주","야간코스(7월말~8월말 운영)","0.041428571428571426","0","0","0","0.041428571428571426","false"
"0","unspecified","84","이천","농촌체험코스(중부)","0.04000000000000001","0","0","0","0.04000000000000001","false"
"0","unspecified","209","곡성","압록권역 순환버스","0.04000000000000001","0","0","0","0.04000000000000001","false"
"0","unspecified","276","서울","EG투어버스 K 코스","0.04000000000000001","0","0","0","0.04000000000000001","false"
"0","unspecified","45","화성","테마와 하루(지역축제 체험)","0.03666666666666667","0","0","0","0.03666666666666667","false"
"0","unspecified","83","이천","농촌체험코스(북부)","0.03666666666666667","0","0","0","0.03666666666666667","false"
"0","unspecified","82","이천","승마체험코스","0.0325","0","0","0","0.0325","false"
"0","unspecified","31","화성","테마와 하루(해양생태 체험)","0.030000000000000002","0","0","0","0.030000000000000002","false"
"0","unspecified","246","대전","언택트세이프(B)","0.030000000000000002","0","0","0","0.030000000000000002","false"
"0","unspecified","271","서울","EG투어버스 F코스","0.030000000000000002","0","0","0","0.030000000000000002","false"
"0","unspecified","93","여주","꽃섬투어","0.025555555555555557","0","0","0","0.025555555555555557","false"
"0","unspecified","75","충주","충주시티투어","0.02","0.0013079213543413092","0","0.0013079213543413094","0.02130792135434131","false"
"0","unspecified","2","부산","야경투어","0.02","0","0","0","0.02","false"
"0","unspecified","29","목포","별빛물결시티투어","0.02","0","0","0","0.02","false"
"0","unspecified","118","파주","2026 파주시티투어 당일코스(금요일)","0.02","0","0","0","0.02","false"
"0","unspecified","164","화순","화순적벽 버스투어(적벽 셔틀버스)","0.02","0","0","0","0.02","false"
"0","unspecified","165","화순","화순적벽 버스투어(적벽투어)","0.02","0","0","0","0.02","false"
"0","unspecified","211","대전","가족여행","0.02","0","0","0","0.02","false"
"0","unspecified","219","대전","다크투어","0.02","0","0","0","0.02","false"
"0","unspecified","273","서울","EG투어버스 D코스","0.02","0","0","0","0.02","false"
"0","unspecified","60","익산","맞춤형코스","0","0.0028913311718520187","0","0.0028913311718520187","0.0028913311718520187","false"
"0","unspecified","231","태안","북부코스남부코스","0","0.001223388011828658","0","0.001223388011828658","0.001223388011828658","false"
"0","unspecified","16","대구","테마(야경 11~3월)","0","0","0","0","0","false"
"0","unspecified","36","화성","별과 하루","0","0","0","0","0","false"
"0","unspecified","37","화성","노을과 하루","0","0","0","0","0","false"
"0","unspecified","44","화성","섬과 하루","0","0","0","0","0","false"
"0","unspecified","55","영주","특별운영","0","0","0","0","0","false"
"0","unspecified","88","청주","청주시티투어_수시투어","0","0","0","0","0","false"
"0","unspecified","125","부천","정규코스. 특별코스","0","0","0","0","0","false"
"0","unspecified","132","인천","선재영흥투어","0","0","0","0","0","false"
"0","unspecified","134","인천","무의도투어","0","0","0","0","0","false"
"0","unspecified","141","제천","제천관광택시","0","0","0","0","0","false"
"0","unspecified","198","공주","축제코스","0","0","0","0","0","false"
"0","unspecified","259","단양","단양군시티투어","0","0","0","0","0","false"
"0","unspecified","261","부여","백제문화단지-부소산성-궁남지-정림사지-백제문화단지","0","0","0","0","0","false"
"1","male","10","대구","테마-전통5일장-현풍백년도깨비시장","2","0","0","0","2","true"
"1","male","7","제주","순환형코스","1.9500000000000002","0","0","0","1.9500000000000002","true"
"1","male","122","시흥","테마형 수시코스","1.85","0","0.0001327925745534798","0.0001327925745534798","1.8501327925745537","true"
"1","male","14","대구","테마-방방곡곡(팔공산)","1.8","0","0","0","1.8","false"
"1","male","112","정선","와와정선 2층 투어버스","1.2000000000000002","0","0","0","1.2000000000000002","true"
"1","male","156","세종","역사산책투어","1.17","0","0","0","1.17","true"
"1","male","15","대구","도심순환코스(12개 정류장)","1","0","0","0","1","false"
"1","male","129","인천","노을야경투어","1","0","0","0","1","false"
"1","male","131","인천","교동도투어","1","0","0","0","1","false"
"1","male","135","인천","바다노선","1","0","0","0","1","false"
"1","male","183","포항","퐝랜드마크B코스","1","0","0","0","1","false"
"1","male","130","인천","석모도투어","0.95","0","0","0","0.95","false"
"1","male","184","포항","퐝랜드마크A코스","0.95","0","0","0","0.95","false"
"1","male","185","포항","씨(SEA)하게 보는 포항코스","0.95","0","0","0","0.95","false"
"1","male","159","세종","봄꽃파닭B투어","0.9366666666666666","0","0","0","0.9366666666666666","false"
"1","male","160","세종","봄꽃파닭A투어","0.9366666666666666","0","0","0","0.9366666666666666","false"
"1","male","120","파주","2026 파주시티투어 당일코스(수요일)","0.8866666666666667","0.0019319375798331965","0","0.0019319375798331968","0.8885986042465","false"
"1","male","181","김해","김해에반해","0.8771428571428572","0.0010906118605195463","0.000042864459740554696","0.0011334763202601012","0.8782763334631173","false"
"1","male","179","김해","역사에반해","0.8533333333333334","0.0010906118605195463","0.000042864459740554696","0.0011334763202601012","0.8544668096535935","false"
"1","male","133","인천","청라투어","0.85","0","0","0","0.85","false"
"1","male","267","공주","반일코스","0.8300000000000001","0","0","0","0.8300000000000001","false"
"1","male","11","대구","테마-방방곡곡(사시사철)","0.8","0","0","0","0.8","false"
"1","male","12","대구","테마-방방곡곡(군위군 돋보기)","0.8","0","0","0","0.8","false"
"1","male","13","대구","테마-방방곡곡(낙동강)","0.8","0","0","0","0.8","false"
"1","male","229","대전","대청호코스","0.8","0","0","0","0.8","false"
"1","male","180","김해","자연에반해","0.77","0.0010906118605195463","0.000042864459740554696","0.0011334763202601012","0.7711334763202601","false"
"1","male","74","천안","화요일","0.7325","0","0","0","0.7325","false"
"1","male","262","공주","봄·여름·가을 코스","0.7033333333333334","0","0","0","0.7033333333333334","false"
"1","male","138","군산","(박물관 출발) 고군산코스","0.6866666666666666","0.002412760623222673","0.00004344812146239216","0.0024562087446850654","0.6891228754113518","false"
"1","male","173","춘천","수요일","0.6866666666666666","0","0","0","0.6866666666666666","false"
"1","male","166","태안","광역코스","0.67","0","0","0","0.67","false"
"1","male","178","김해","문화에반해","0.6599999999999999","0.0010906118605195463","0.000042864459740554696","0.0011334763202601012","0.66113347632026","false"
"1","male","235","홍천","홍천시티투어","0.6533333333333333","0","0","0","0.6533333333333333","false"
"1","male","188","서천","푸른빛코스","0.645","0","0","0","0.645","false"
"1","male","227","대전","광역투어(첫주, 일)","0.6387499999999999","0","0","0","0.6387499999999999","false"
"1","male","46","합천","합천광역시티투어 누비고","0.6366666666666667","0","0","0","0.6366666666666667","false"
"1","male","42","화성","역사와 하루1","0.63","0.0011070526507713217","0.00011338305027020722","0.001220435701041529","0.6312204357010416","false"
"1","male","61","익산","세계유산코스","0.62","0.003572488446379173","0","0.0035724884463791736","0.6235724884463791","false"
"1","male","116","파주","2026 파주시티투어 당일코스(일요일)","0.62","0.0019319375798331965","0","0.0019319375798331968","0.6219319375798332","false"
"1","male","119","파주","2026 파주시티투어 당일코스(목요일)","0.62","0.0019319375798331965","0","0.0019319375798331968","0.6219319375798332","false"
"1","male","223","대전","광역투어(셋째주, 일)","0.5985714285714285","0","0","0","0.5985714285714285","false"
"1","male","236","화천","화천시티투어(백암산케이블카)","0.5700000000000001","0.007198341714846801","0.0003829599623132855","0.007581301677160086","0.5775813016771602","false"
"1","male","263","공주","가을코스2","0.5755555555555556","0","0","0","0.5755555555555556","false"
"1","male","254","경산","소원성취코스,삼성현명품투어코스","0.5628571428571428","0","0","0","0.5628571428571428","false"
"1","male","126","대구","도동코스","0.5575","0","0","0","0.5575","false"
"1","male","177","경기광주","광주시티투어","0.5557142857142857","0","0","0","0.5557142857142857","false"
"1","male","127","대구","송해코스","0.54","0","0","0","0.54","false"
"1","male","241","순천","(테마투어)생태투어","0.54","0","0","0","0.54","false"
"1","male","81","연천","역사자연코스","0.5342857142857143","0.0036576874126132827","0.00020103247267750098","0.003858719885290784","0.538144434171005","false"
"1","male","265","공주","여름코스","0.53","0","0","0","0.53","false"
"1","male","96","양산","양산시 가을 시티투어 (역사문화코스)","0.5116666666666666","0.00004241562784227272","0","0.000042415627842272725","0.5117090822945088","false"
"1","male","162","세종","세종관광명소B투어","0.5075000000000001","0","0","0","0.5075000000000001","false"
"1","male","144","안산","안산 시내권코스(토요일)","0.495","0.0026492933616878607","0","0.002649293361687861","0.49764929336168784","false"
"1","male","258","양주","왕실축제","0.495","0.0009913273464992782","0.000014148710928409726","0.001005476057427688","0.4960054760574277","false"
"1","male","47","밀양","삼랑진권 투어","0.495","0","0","0","0.495","false"
"1","male","108","부여","부여테마여행","0.4936842105263158","0","0","0","0.4936842105263158","false"
"1","male","222","아산","아산도심핫플코스","0.4866666666666667","0.002654863738283774","0.000033513003904574515","0.0026883767421883487","0.48935504340885505","false"
"1","male","249","대전","광역투어(다섯째주, 토)","0.48875","0","0","0","0.48875","false"
"1","male","175","춘천","월요일","0.48250000000000004","0","0","0","0.48250000000000004","false"
"1","male","195","완주","완주힐링로드시티투어 2코스","0.4755555555555555","0","0","0","0.4755555555555555","false"
"1","male","72","천안","토요일","0.47000000000000003","0","0","0","0.47000000000000003","false"
"1","male","73","천안","목요일","0.47000000000000003","0","0","0","0.47000000000000003","false"
"1","male","161","세종","천안연계투어","0.47000000000000003","0","0","0","0.47000000000000003","false"
"1","male","86","평택","문화유산코스 /관광코스 ※무장애코스 월2회 정기운영(3~6월,9~11월)","0.4642307692307692","0.0028012744219061544","0.000212188490239465","0.0030134629121456196","0.46724423214291483","false"
"1","male","237","화천","화천시티투어(평화누리호)","0.45000000000000007","0.007198341714846801","0.0003829599623132855","0.007581301677160086","0.45758130167716016","false"
"1","male","186","서천","동백코스(익산-군산 광역)","0.45333333333333337","0","0","0","0.45333333333333337","false"
"1","male","225","대전","광역투어(둘째주, 일)","0.45333333333333337","0","0","0","0.45333333333333337","false"
"1","male","252","안성","안성시티투어","0.45000000000000007","0.0007153067417725789","0.00018142602289238774","0.0008967327646649667","0.450896732764665","false"
"1","male","64","홍성","전통시장코스(홍성) 1,6일 운영","0.45000000000000007","0","0","0","0.45000000000000007","false"
"1","male","203","양주","박물관투어","0.44857142857142857","0.0009913273464992782","0.000014148710928409726","0.001005476057427688","0.44957690462885624","false"
"1","male","167","태안","남부코스","0.445","0","0","0","0.445","false"
"1","male","264","공주","가을코스","0.43500000000000005","0","0","0","0.43500000000000005","false"
"1","male","43","화성","자연과 하루","0.4325","0.0011070526507713217","0.00011338305027020722","0.001220435701041529","0.4337204357010415","false"
"1","male","157","세종","행복투어A","0.43000000000000005","0","0","0","0.43000000000000005","false"
"1","male","240","순천","(테마투어)성곽투어","0.43000000000000005","0","0","0","0.43000000000000005","false"
"1","male","216","대전","역사문화(효월드)","0.42714285714285716","0","0","0","0.42714285714285716","false"
"1","male","255","울산","장생포 대왕암 코스","0.42714285714285716","0","0","0","0.42714285714285716","false"
"1","male","30","목포","목포랑시티투어","0.4241666666666667","0","0","0","0.4241666666666667","false"
"1","male","145","안산","안산 시내권코스(목요일)","0.42","0.0026492933616878607","0","0.002649293361687861","0.42264929336168783","false"
"1","male","243","나주","정기코스","0.42000000000000004","0.0005447627344862184","0","0.0005447627344862185","0.42054476273448627","false"
"1","male","190","영광","영광쉼,투어","0.42","0","0.00005510156488704973","0.00005510156488704973","0.420055101564887","false"
"1","male","163","세종","세종관광명소A투어","0.42000000000000004","0","0","0","0.42000000000000004","false"
"1","male","214","대전","힐링(만인산)","0.42000000000000004","0","0","0","0.42000000000000004","false"
"1","male","238","순천","(테마투어)산사투어","0.42000000000000004","0","0","0","0.42000000000000004","false"
"1","male","253","대전","언택트세이프?","0.42000000000000004","0","0","0","0.42000000000000004","false"
"1","male","9","대구","테마-전통5일장-군위전통시장","0.42","0","0","0","0.42","false"
"1","male","224","대전","광역투어(셋째주, 토)","0.41285714285714287","0","0","0","0.41285714285714287","false"
"1","male","189","서천","보랏빛코스","0.4057142857142857","0","0","0","0.4057142857142857","false"
"1","male","197","평창","북부권 코스","0.40125","0","0","0","0.40125","false"
"1","male","40","화성","모두와 하루(무장애 여행)","0.4","0.0011070526507713217","0.00011338305027020722","0.001220435701041529","0.40122043570104154","false"
"1","male","17","해남","해남시티투어","0.4","0","0.00001708938585871869","0.00001708938585871869","0.4000170893858587","false"
"1","male","58","익산","순환형2","0.395","0.003572488446379173","0","0.0035724884463791736","0.3985724884463792","false"
"1","male","59","익산","순환형1","0.395","0.003572488446379173","0","0.0035724884463791736","0.3985724884463792","false"
"1","male","204","양주","역사투어","0.395","0.0009913273464992782","0.000014148710928409726","0.001005476057427688","0.3960054760574277","false"
"1","male","187","서천","금빛코스","0.39142857142857146","0","0","0","0.39142857142857146","false"
"1","male","123","시흥","테마형 정기코스","0.39","0","0.0001327925745534798","0.0001327925745534798","0.39013279257455347","false"
"1","male","124","시흥","순환형 2층버스","0.39","0","0.0001327925745534798","0.0001327925745534798","0.39013279257455347","false"
"1","male","221","아산","休캉스 코스","0.38","0.002654863738283774","0.000033513003904574515","0.0026883767421883487","0.38268837674218836","false"
"1","male","245","아산","역사기행 코스","0.38","0.002654863738283774","0.000033513003904574515","0.0026883767421883487","0.38268837674218836","false"
"1","male","48","밀양","영남알프스권 투어 1","0.38250000000000006","0","0","0","0.38250000000000006","false"
"1","male","155","세종","정원투어","0.38","0","0","0","0.38","false"
"1","male","217","대전","대덕특구탐방","0.38","0","0","0","0.38","false"
"1","male","193","완주","완주힐링로드 시티투어(코레일연계 익산역)","0.37909090909090915","0","0","0","0.37909090909090915","false"
"1","male","51","사천","오감체험투어","0.3783333333333333","0","0","0","0.3783333333333333","false"
"1","male","107","예산","예산군 버스투어","0.3783333333333333","0","0","0","0.3783333333333333","false"
"1","male","272","서울","EG투어버스 E코스","0.3783333333333333","0","0","0","0.3783333333333333","false"
"1","male","266","공주","봄코스","0.37357142857142855","0","0","0","0.37357142857142855","false"
"1","male","117","파주","2026 파주시티투어 당일코스(토요일)","0.37","0.0019319375798331965","0","0.0019319375798331968","0.37193193757983317","false"
"1","male","257","양주","천일홍축제","0.37","0.0009913273464992782","0.000014148710928409726","0.001005476057427688","0.3710054760574277","false"
"1","male","109","부여","롯데리조트부여와 함께하는 부여 감성야행","0.3616666666666667","0","0","0","0.3616666666666667","false"
"1","male","97","양산","2025 6월 시티투어","0.35333333333333333","0.00004241562784227272","0","0.000042415627842272725","0.35337574896117563","false"
"1","male","67","홍성","역사·문화 코스","0.35333333333333333","0","0","0","0.35333333333333333","false"
"1","male","158","세종","역사문화투어","0.35333333333333333","0","0","0","0.35333333333333333","false"
"1","male","172","춘천","목요일","0.35333333333333333","0","0","0","0.35333333333333333","false"
"1","male","248","대전","광역투어(다섯째주, 일)","0.35125000000000006","0","0","0","0.35125000000000006","false"
"1","male","194","완주","완주힐링로드 시티투어(서울권역)","0.3491666666666667","0","0","0","0.3491666666666667","false"
"1","male","205","양주","기본코스","0.34777777777777774","0.0009913273464992782","0.000014148710928409726","0.001005476057427688","0.3487832538352054","false"
"1","male","18","광양","광양역사코스","0.34777777777777774","0","0.00008464853243011739","0.00008464853243011739","0.34786242631020786","false"
"1","male","19","광양","광양힐링코스","0.34777777777777774","0","0.00008464853243011739","0.00008464853243011739","0.34786242631020786","false"
"1","male","65","홍성","전통시장코스(광천) 4,9일 운영","0.345","0","0","0","0.345","false"
"1","male","274","서울","EG투어버스 C코스","0.345","0","0","0","0.345","false"
"1","male","247","대전","언택트세이프(A)","0.34","0","0","0","0.34","false"
"1","male","270","서울","EG투어버스 G코스","0.34","0","0","0","0.34","false"
"1","male","196","완주","완주힐링로드시티투어 1코스","0.3392307692307693","0","0","0","0.3392307692307693","false"
"1","male","121","파주","2026 파주시티투어 당일코스(화요일)","0.33666666666666667","0.0019319375798331965","0","0.0019319375798331968","0.33859860424649985","false"
"1","male","115","파주","2026 파주시티투어 1박2일코스(토요일~일요일)","0.32833333333333337","0.0019319375798331965","0","0.0019319375798331968","0.33026527091316654","false"
"1","male","128","대구","현풍코스","0.3271428571428572","0","0","0","0.3271428571428572","false"
"1","male","233","서천","광역코스","0.3271428571428571","0","0","0","0.3271428571428571","false"
"1","male","234","서천","힐링코스","0.3271428571428571","0","0","0","0.3271428571428571","false"
"1","male","201","양주","자연친화코스1","0.32","0.0009913273464992782","0.000014148710928409726","0.001005476057427688","0.3210054760574277","false"
"1","male","142","제천","시티투어","0.32000000000000006","0","0","0","0.32000000000000006","false"
"1","male","89","청주","청주시티투어_정기투어_트레킹 투어(토)","0.32","0","0","0","0.32","false"
"1","male","169","춘천","일요일","0.31500000000000006","0","0","0","0.31500000000000006","false"
"1","male","170","춘천","토요일","0.31500000000000006","0","0","0","0.31500000000000006","false"
"1","male","104","안동","하회마을테마","0.3109090909090909","0","0","0","0.3109090909090909","false"
"1","male","202","양주","서울우유견학코스","0.3057142857142857","0.0009913273464992782","0.000014148710928409726","0.001005476057427688","0.3067197617717134","false"
"1","male","68","서산","C코스","0.3057142857142857","0.0009979989173122077","0","0.0009979989173122077","0.30671228463159794","false"
"1","male","102","안동","봉정사&만휴정테마","0.3063636363636364","0","0","0","0.3063636363636364","false"
"1","male","66","홍성","남당항 코스","0.30333333333333334","0","0","0","0.30333333333333334","false"
"1","male","199","완도","해양치유시티투어","0.30214285714285716","0","0.0001690471921373689","0.0001690471921373689","0.30231190433499455","false"
"1","male","94","여주","시티투어","0.3018181818181818","0","0","0","0.3018181818181818","false"
"1","male","69","서산","B코스","0.2985714285714286","0.0009979989173122077","0","0.0009979989173122077","0.2995694274887408","false"
"1","male","153","세종","행복투어B","0.2866666666666667","0","0","0","0.2866666666666667","false"
"1","male","242","순천","(기획투어)나이트가든투어","0.2866666666666667","0","0","0","0.2866666666666667","false"
"1","male","90","청주","청주시티투어_정기투어_힐링로드 투어(토)","0.28428571428571425","0","0","0","0.28428571428571425","false"
"1","male","256","울산","태화강 국가정원 코스","0.2838888888888889","0","0","0","0.2838888888888889","false"
"1","male","174","춘천","화요일","0.28250000000000003","0","0","0","0.28250000000000003","false"
"1","male","143","동해","관광문화코스","0.2783333333333333","0","0","0","0.2783333333333333","false"
"1","male","139","군산","(익산역 출발) 고군산시간여행코스","0.27","0.002412760623222673","0.00004344812146239216","0.0024562087446850654","0.27245620874468507","false"
"1","male","176","창원","창원시티투어","0.26999999999999996","0","0","0","0.26999999999999996","false"
"1","male","53","사천","바다투어","0.26285714285714284","0","0","0","0.26285714285714284","false"
"1","male","137","임실","명소탐방 임실 시티투어","0.26","0","0","0","0.26","false"
"1","male","192","삼척","종일코스","0.26","0","0","0","0.26","false"
"1","male","22","여수","2층야간코스","0.24857142857142853","0.0023171268066686426","0","0.0023171268066686426","0.2508885553780972","false"
"1","male","277","서울","EG투어버스 J코스","0.25","0","0","0","0.25","false"
"1","male","279","서울","EG투어버스 H코스","0.25","0","0","0","0.25","false"
"1","male","250","대전","광역투어(넷재주, 일)","0.24857142857142853","0","0","0","0.24857142857142853","false"
"1","male","3","부산","오렌지라인","0.24692307692307694","0","0","0","0.24692307692307694","false"
"1","male","34","화성","테마와 하루(농어촌 체험)","0.245","0.0011070526507713217","0.00011338305027020722","0.001220435701041529","0.24622043570104152","false"
"1","male","35","화성","소소한 하루","0.245","0.0011070526507713217","0.00011338305027020722","0.001220435701041529","0.24622043570104152","false"
"1","male","25","여수","이순신문화유적코스","0.2422222222222222","0.0023171268066686426","0","0.0023171268066686426","0.24453934902889085","false"
"1","male","56","영주","선비 코스","0.23500000000000001","0","0","0","0.23500000000000001","false"
"1","male","103","안동","도산서원&예끼마을테마","0.23500000000000001","0","0","0","0.23500000000000001","false"
"1","male","212","대전","야경","0.23249999999999998","0","0","0","0.23249999999999998","false"
"1","male","5","부산","레드라인","0.23194789081885858","0","0","0","0.23194789081885858","false"
"1","male","38","화성","바다와 하루","0.23","0.0011070526507713217","0.00011338305027020722","0.001220435701041529","0.23122043570104153","false"
"1","male","50","사천","우주항공산업투어","0.23111111111111107","0","0","0","0.23111111111111107","false"
"1","male","239","순천","(테마투어)세계유산투어","0.23","0","0","0","0.23","false"
"1","male","268","서울","EG투어버스 B코스","0.23","0","0","0","0.23","false"
"1","male","52","사천","이순신승전길투어","0.22624999999999998","0","0","0","0.22624999999999998","false"
"1","male","78","원주","원주시티투어(순환형)","0.22333333333333333","0","0","0","0.22333333333333333","false"
"1","male","244","아산","예술맛집 코스","0.22","0.002654863738283774","0.000033513003904574515","0.0026883767421883487","0.22268837674218836","false"
"1","male","154","세종","야경투어","0.22","0","0","0","0.22","false"
"1","male","168","태안","북부코스","0.22","0","0","0","0.22","false"
"1","male","106","안동","주간도심테마","0.21999999999999997","0","0","0","0.21999999999999997","false"
"1","male","232","서천","전라권코스","0.21166666666666664","0","0","0","0.21166666666666664","false"
"1","male","98","양산","봄꽃체험코스","0.21","0.00004241562784227272","0","0.000042415627842272725","0.21004241562784226","false"
"1","male","230","대전","남부코스","0.21","0","0","0","0.21","false"
"1","male","39","화성","열차와 하루","0.2033333333333333","0.0011070526507713217","0.00011338305027020722","0.001220435701041529","0.20455376903437483","false"
"1","male","8","대구","테마(야경 4~10월)","0.20033870967741937","0","0","0","0.20033870967741937","false"
"1","male","54","사천","별빛투어","0.19727272727272727","0","0","0","0.19727272727272727","false"
"1","male","208","양구","방산나들이코스","0.18666666666666665","0.006840613534410833","0.0003359102424942268","0.007176523776905061","0.1938431904435717","false"
"1","male","99","봉화","송이축제 문화유적탐방버스","0.19","0","0","0","0.19","false"
"1","male","100","봉화","은어축제 문화유적탐방버스","0.19","0","0","0","0.19","false"
"1","male","213","대전","힐링(장태산)","0.19","0","0","0","0.19","false"
"1","male","269","서울","EG투어버스 A코스","0.19","0","0","0","0.19","false"
"1","male","62","익산","익산숨은보석찾기코스","0.18428571428571425","0.003572488446379173","0","0.0035724884463791736","0.18785820273209342","false"
"1","male","226","대전","광역투어(둘째주, 토)","0.18666666666666665","0","0","0","0.18666666666666665","false"
"1","male","207","양구","힐링산책코스","0.17833333333333332","0.006840613534410833","0.0003359102424942268","0.007176523776905061","0.18550985711023837","false"
"1","male","79","연천","연천명소코스","0.17833333333333332","0.0036576874126132827","0.00020103247267750098","0.003858719885290784","0.1821920532186241","false"
"1","male","218","대전","생태교육","0.18","0","0","0","0.18","false"
"1","male","278","서울","EG투어버스 I코스","0.18","0","0","0","0.18","false"
"1","male","95","양산","양산시 가을 시티투어 (자연관광코스)","0.17833333333333332","0.00004241562784227272","0","0.000042415627842272725","0.17837574896117558","false"
"1","male","113","가평","가평순환버스B코스","0.17833333333333332","0","0","0","0.17833333333333332","false"
"1","male","70","서산","A코스","0.16999999999999998","0.0009979989173122077","0","0.0009979989173122077","0.17099799891731218","false"
"1","male","206","양구","해안DMZ트래킹 코스","0.16166666666666665","0.006840613534410833","0.0003359102424942268","0.007176523776905061","0.1688431904435717","false"
"1","male","80","연천","안보자연코스","0.16166666666666665","0.0036576874126132827","0.00020103247267750098","0.003858719885290784","0.16552538655195745","false"
"1","male","140","군산","고군산시간여행코스","0.16285714285714284","0.002412760623222673","0.00004344812146239216","0.0024562087446850654","0.16531335160182792","false"
"1","male","26","여수","다크투어리즘코스","0.16285714285714284","0.0023171268066686426","0","0.0023171268066686426","0.1651742696638115","false"
"1","male","220","아산","인생네컷 코스","0.16166666666666665","0.002654863738283774","0.000033513003904574515","0.0026883767421883487","0.164355043408855","false"
"1","male","77","태백","황지자유시장 코스","0.16374999999999998","0","0","0","0.16374999999999998","false"
"1","male","210","곡성","읍권 순환버스","0.16374999999999998","0","0","0","0.16374999999999998","false"
"1","male","0","부산","동부산테마노선","0.16338709677419352","0","0","0","0.16338709677419352","false"
"1","male","260","서천","문화코스","0.1633333333333333","0","0","0","0.1633333333333333","false"
"1","male","63","홍성","죽도코스","0.16166666666666665","0","0","0","0.16166666666666665","false"
"1","male","147","안산","대부도 해변코스(일반형 2코스)","0.15333333333333332","0.0026492933616878607","0","0.002649293361687861","0.1559826266950212","false"
"1","male","148","안산","대부도 해변코스(일반형 1코스)","0.15333333333333332","0.0026492933616878607","0","0.002649293361687861","0.1559826266950212","false"
"1","male","215","대전","역사문화(동춘당)","0.15333333333333332","0","0","0","0.15333333333333332","false"
"1","male","87","의정부","의정부포레스트:오감이 깨어나는 숲 속 여행","0.15","0","0","0","0.15","false"
"1","male","110","정선","아리랑열차 연계형 시티투어2","0.15","0","0","0","0.15","false"
"1","male","111","정선","아리랑열차 연계형 시티투어 1","0.15","0","0","0","0.15","false"
"1","male","136","인천","인천레트로노선","0.15","0","0","0","0.15","false"
"1","male","182","포항","퐝순환코스","0.15","0","0","0","0.15","false"
"1","male","27","여수","제2코스","0.14307692307692307","0.0023171268066686426","0","0.0023171268066686426","0.14539404988359172","false"
"1","male","76","태백","통리장 코스","0.145","0","0","0","0.145","false"
"1","male","91","청주","청주시티투어_정기투어_초정힐링 투어(토)","0.145","0","0","0","0.145","false"
"1","male","251","대전","광역투어(넷재주, 토)","0.145","0","0","0","0.145","false"
"1","male","20","광양","야경코스","0.13874999999999998","0","0.00008464853243011739","0.00008464853243011739","0.1388346485324301","false"
"1","male","1","부산","서부산생태투어","0.13874999999999998","0","0","0","0.13874999999999998","false"
"1","male","24","여수","야경코스","0.13428571428571426","0.0023171268066686426","0","0.0023171268066686426","0.1366028410923829","false"
"1","male","105","안동","야간도심테마","0.13428571428571426","0","0","0","0.13428571428571426","false"
"1","male","92","청주","청주시티투어_정기투어_청남대 투어(수토일)","0.1311111111111111","0","0","0","0.1311111111111111","false"
"1","male","151","안산","대부도 뱃길코스(일반형 2코스)","0.12555555555555556","0.0026492933616878607","0","0.002649293361687861","0.12820484891724343","false"
"1","male","171","춘천","금요일","0.12625","0","0","0","0.12625","false"
"1","male","191","평창","남부권 코스","0.12625","0","0","0","0.12625","false"
"1","male","49","밀양","시내권 투어 1","0.12000000000000001","0","0","0","0.12000000000000001","false"
"1","male","228","대전","광역투어(첫주, 토)","0.12000000000000001","0","0","0","0.12000000000000001","false"
"1","male","57","영주","물돌이 코스","0.115","0","0","0","0.115","false"
"1","male","114","가평","가평순환버스A코스","0.11444444444444445","0","0","0","0.11444444444444445","false"
"1","male","152","안산","대부도 뱃길코스(일반형 1코스)","0.10888888888888888","0.0026492933616878607","0","0.002649293361687861","0.11153818225057674","false"
"1","male","23","여수","2층주간코스","0.10500000000000001","0.0023171268066686426","0","0.0023171268066686426","0.10731712680666865","false"
"1","male","21","여수","야간테마코스(시간을달리는버스커)","0.09272727272727273","0.0023171268066686426","0","0.0023171268066686426","0.09504439953394136","false"
"1","male","4","부산","그린라인","0.08923076923076924","0","0","0","0.08923076923076924","false"
"1","male","71","천안","일요일","0.0825","0","0","0","0.0825","false"
"1","male","200","진도","진도시티투어","0.06642857142857143","0","0.00013165372465383024","0.00013165372465383024","0.06656022515322527","false"
"1","male","41","화성","역사와 하루2","0.06","0.0011070526507713217","0.00011338305027020722","0.001220435701041529","0.06122043570104153","false"
"1","male","101","청도","시티투어","0.06","0","0","0","0.06","false"
"1","male","32","화성","테마와 하루(문화예술 체험)","0.05333333333333333","0.0011070526507713217","0.00011338305027020722","0.001220435701041529","0.05455376903437486","false"
"1","male","275","서울","EG투어버스 L코스","0.05333333333333333","0","0","0","0.05333333333333333","false"
"1","male","146","안산","대부도 해변코스(체험형 1코스)","0.05","0.0026492933616878607","0","0.002649293361687861","0.05264929336168787","false"
"1","male","33","화성","테마와 하루(목장 체험)","0.05","0.0011070526507713217","0.00011338305027020722","0.001220435701041529","0.05122043570104153","false"
"1","male","28","여수","제1코스","0.04857142857142857","0.0023171268066686426","0","0.0023171268066686426","0.050888555378097215","false"
"1","male","149","안산","대부도 뱃길코스(체험형 2코스)","0.045","0.0026492933616878607","0","0.002649293361687861","0.04764929336168786","false"
"1","male","150","안산","대부도 뱃길코스(체험형 1코스)","0.045","0.0026492933616878607","0","0.002649293361687861","0.04764929336168786","false"
"1","male","85","이천","농촌체험코스(남부)","0.045","0.0017310259994758857","0.0001305145150416353","0.0018615405145175213","0.04686154051451752","false"
"1","male","84","이천","농촌체험코스(중부)","0.04000000000000001","0.0017310259994758857","0.0001305145150416353","0.0018615405145175213","0.04186154051451753","false"
"1","male","6","제주","야간코스(7월말~8월말 운영)","0.041428571428571426","0","0","0","0.041428571428571426","false"
"1","male","209","곡성","압록권역 순환버스","0.04000000000000001","0","0","0","0.04000000000000001","false"
"1","male","276","서울","EG투어버스 K 코스","0.04000000000000001","0","0","0","0.04000000000000001","false"
"1","male","83","이천","농촌체험코스(북부)","0.03666666666666667","0.0017310259994758857","0.0001305145150416353","0.0018615405145175213","0.03852820718118419","false"
"1","male","45","화성","테마와 하루(지역축제 체험)","0.03666666666666667","0.0011070526507713217","0.00011338305027020722","0.001220435701041529","0.037887102367708196","false"
"1","male","82","이천","승마체험코스","0.0325","0.0017310259994758857","0.0001305145150416353","0.0018615405145175213","0.03436154051451752","false"
"1","male","31","화성","테마와 하루(해양생태 체험)","0.030000000000000002","0.0011070526507713217","0.00011338305027020722","0.001220435701041529","0.03122043570104153","false"
"1","male","246","대전","언택트세이프(B)","0.030000000000000002","0","0","0","0.030000000000000002","false"
"1","male","271","서울","EG투어버스 F코스","0.030000000000000002","0","0","0","0.030000000000000002","false"
"1","male","93","여주","꽃섬투어","0.025555555555555557","0","0","0","0.025555555555555557","false"
"1","male","75","충주","충주시티투어","0.02","0.002213715256804661","0","0.002213715256804661","0.022213715256804663","false"
"1","male","118","파주","2026 파주시티투어 당일코스(금요일)","0.02","0.0019319375798331965","0","0.0019319375798331968","0.021931937579833197","false"
"1","male","2","부산","야경투어","0.02092741935483871","0","0","0","0.02092741935483871","false"
"1","male","29","목포","별빛물결시티투어","0.02","0","0","0","0.02","false"
"1","male","164","화순","화순적벽 버스투어(적벽 셔틀버스)","0.02","0","0","0","0.02","false"
"1","male","165","화순","화순적벽 버스투어(적벽투어)","0.02","0","0","0","0.02","false"
"1","male","211","대전","가족여행","0.02","0","0","0","0.02","false"
"1","male","219","대전","다크투어","0.02","0","0","0","0.02","false"
"1","male","273","서울","EG투어버스 D코스","0.02","0","0","0","0.02","false"
"1","male","60","익산","맞춤형코스","0","0.003572488446379173","0","0.0035724884463791736","0.0035724884463791736","false"
"1","male","36","화성","별과 하루","0","0.0011070526507713217","0.00011338305027020722","0.001220435701041529","0.001220435701041529","false"
"1","male","37","화성","노을과 하루","0","0.0011070526507713217","0.00011338305027020722","0.001220435701041529","0.001220435701041529","false"
"1","male","44","화성","섬과 하루","0","0.0011070526507713217","0.00011338305027020722","0.001220435701041529","0.001220435701041529","false"
"1","male","16","대구","테마(야경 11~3월)","0.00033870967741935485","0","0","0","0.00033870967741935485","false"
"1","male","55","영주","특별운영","0","0","0","0","0","false"
"1","male","88","청주","청주시티투어_수시투어","0","0","0","0","0","false"
"1","male","125","부천","정규코스. 특별코스","0","0","0","0","0","false"
"1","male","132","인천","선재영흥투어","0","0","0","0","0","false"
"1","male","134","인천","무의도투어","0","0","0","0","0","false"
"1","male","141","제천","제천관광택시","0","0","0","0","0","false"
"1","male","198","공주","축제코스","0","0","0","0","0","false"
"1","male","231","태안","북부코스남부코스","0","0","0","0","0","false"
"1","male","259","단양","단양군시티투어","0","0","0","0","0","false"
"1","male","261","부여","백제문화단지-부소산성-궁남지-정림사지-백제문화단지","0","0","0","0","0","false"
"1","female","10","대구","테마-전통5일장-현풍백년도깨비시장","2","0","0","0","2","true"
"1","female","7","제주","순환형코스","1.9500000000000002","0","0","0","1.9500000000000002","true"
"1","female","122","시흥","테마형 수시코스","1.85","0","0","0","1.85","true"
"1","female","14","대구","테마-방방곡곡(팔공산)","1.8","0","0","0","1.8","false"
"1","female","112","정선","와와정선 2층 투어버스","1.2000000000000002","0","0.00003777687918638546","0.00003777687918638546","1.2000377768791866","true"
"1","female","156","세종","역사산책투어","1.17","0","0","0","1.17","true"
"1","female","15","대구","도심순환코스(12개 정류장)","1","0","0","0","1","false"
"1","female","129","인천","노을야경투어","1","0","0","0","1","false"
"1","female","131","인천","교동도투어","1","0","0","0","1","false"
"1","female","135","인천","바다노선","1","0","0","0","1","false"
"1","female","183","포항","퐝랜드마크B코스","1","0","0","0","1","false"
"1","female","130","인천","석모도투어","0.95","0","0","0","0.95","false"
"1","female","184","포항","퐝랜드마크A코스","0.95","0","0","0","0.95","false"
"1","female","185","포항","씨(SEA)하게 보는 포항코스","0.95","0","0","0","0.95","false"
"1","female","159","세종","봄꽃파닭B투어","0.9366666666666666","0","0","0","0.9366666666666666","false"
"1","female","160","세종","봄꽃파닭A투어","0.9366666666666666","0","0","0","0.9366666666666666","false"
"1","female","120","파주","2026 파주시티투어 당일코스(수요일)","0.8866666666666667","0.0019319375798331965","0.00009596599272458725","0.002027903572557784","0.8886945702392245","false"
"1","female","181","김해","김해에반해","0.8771428571428572","0.0010906118605195463","0","0.0010906118605195465","0.8782334690033767","false"
"1","female","179","김해","역사에반해","0.8533333333333334","0.0010906118605195463","0","0.0010906118605195465","0.8544239451938529","false"
"1","female","133","인천","청라투어","0.85","0","0","0","0.85","false"
"1","female","267","공주","반일코스","0.8300000000000001","0","0","0","0.8300000000000001","false"
"1","female","11","대구","테마-방방곡곡(사시사철)","0.8","0","0","0","0.8","false"
"1","female","12","대구","테마-방방곡곡(군위군 돋보기)","0.8","0","0","0","0.8","false"
"1","female","13","대구","테마-방방곡곡(낙동강)","0.8","0","0","0","0.8","false"
"1","female","229","대전","대청호코스","0.8","0","0","0","0.8","false"
"1","female","180","김해","자연에반해","0.77","0.0010906118605195463","0","0.0010906118605195465","0.7710906118605195","false"
"1","female","74","천안","화요일","0.7325","0","0","0","0.7325","false"
"1","female","262","공주","봄·여름·가을 코스","0.7033333333333334","0","0","0","0.7033333333333334","false"
"1","female","138","군산","(박물관 출발) 고군산코스","0.6866666666666666","0.002412760623222673","0","0.002412760623222673","0.6890794272898894","false"
"1","female","173","춘천","수요일","0.6866666666666666","0","0","0","0.6866666666666666","false"
"1","female","166","태안","광역코스","0.67","0","0.00010497383357619045","0.00010497383357619045","0.6701049738335763","false"
"1","female","178","김해","문화에반해","0.6599999999999999","0.0010906118605195463","0","0.0010906118605195465","0.6610906118605194","false"
"1","female","235","홍천","홍천시티투어","0.6533333333333333","0","0","0","0.6533333333333333","false"
"1","female","188","서천","푸른빛코스","0.645","0","0.000044187230807977943","0.000044187230807977943","0.645044187230808","false"
"1","female","227","대전","광역투어(첫주, 일)","0.6387499999999999","0","0","0","0.6387499999999999","false"
"1","female","46","합천","합천광역시티투어 누비고","0.6366666666666667","0","0","0","0.6366666666666667","false"
"1","female","42","화성","역사와 하루1","0.63","0.0011070526507713217","0","0.001107052650771322","0.6311070526507713","false"
"1","female","61","익산","세계유산코스","0.62","0.003572488446379173","0.00009325924768030969","0.003665747694059483","0.6236657476940595","false"
"1","female","116","파주","2026 파주시티투어 당일코스(일요일)","0.62","0.0019319375798331965","0.00009596599272458725","0.002027903572557784","0.6220279035725578","false"
"1","female","119","파주","2026 파주시티투어 당일코스(목요일)","0.62","0.0019319375798331965","0.00009596599272458725","0.002027903572557784","0.6220279035725578","false"
"1","female","223","대전","광역투어(셋째주, 일)","0.5985714285714285","0","0","0","0.5985714285714285","false"
"1","female","236","화천","화천시티투어(백암산케이블카)","0.5700000000000001","0.007198341714846801","0","0.007198341714846801","0.5771983417148469","false"
"1","female","263","공주","가을코스2","0.5755555555555556","0","0","0","0.5755555555555556","false"
"1","female","254","경산","소원성취코스,삼성현명품투어코스","0.5628571428571428","0","0","0","0.5628571428571428","false"
"1","female","126","대구","도동코스","0.5575","0","0","0","0.5575","false"
"1","female","177","경기광주","광주시티투어","0.5557142857142857","0","0.00008964709154241459","0.00008964709154241459","0.5558039328058282","false"
"1","female","127","대구","송해코스","0.54","0","0","0","0.54","false"
"1","female","241","순천","(테마투어)생태투어","0.54","0","0","0","0.54","false"
"1","female","81","연천","역사자연코스","0.5342857142857143","0.0036576874126132827","0","0.003657687412613283","0.5379434016983276","false"
"1","female","265","공주","여름코스","0.53","0","0","0","0.53","false"
"1","female","96","양산","양산시 가을 시티투어 (역사문화코스)","0.5116666666666666","0.00004241562784227272","0.00012739549973166784","0.00016981112757394058","0.5118364777942406","false"
"1","female","162","세종","세종관광명소B투어","0.5075000000000001","0","0","0","0.5075000000000001","false"
"1","female","144","안산","안산 시내권코스(토요일)","0.495","0.0026492933616878607","0.00008693559841717223","0.0027362289601050335","0.49773622896010505","false"
"1","female","258","양주","왕실축제","0.495","0.0009913273464992782","0","0.0009913273464992782","0.49599132734649926","false"
"1","female","47","밀양","삼랑진권 투어","0.495","0","0","0","0.495","false"
"1","female","108","부여","부여테마여행","0.4936842105263158","0","0","0","0.4936842105263158","false"
"1","female","222","아산","아산도심핫플코스","0.4866666666666667","0.002654863738283774","0","0.0026548637382837743","0.48932153040495047","false"
"1","female","249","대전","광역투어(다섯째주, 토)","0.48875","0","0","0","0.48875","false"
"1","female","175","춘천","월요일","0.48250000000000004","0","0","0","0.48250000000000004","false"
"1","female","195","완주","완주힐링로드시티투어 2코스","0.4755555555555555","0","0.00007425494084696357","0.00007425494084696357","0.47562981049640246","false"
"1","female","72","천안","토요일","0.47000000000000003","0","0","0","0.47000000000000003","false"
"1","female","73","천안","목요일","0.47000000000000003","0","0","0","0.47000000000000003","false"
"1","female","161","세종","천안연계투어","0.47000000000000003","0","0","0","0.47000000000000003","false"
"1","female","86","평택","문화유산코스 /관광코스 ※무장애코스 월2회 정기운영(3~6월,9~11월)","0.4642307692307692","0.0028012744219061544","0","0.002801274421906155","0.46703204365267537","false"
"1","female","237","화천","화천시티투어(평화누리호)","0.45000000000000007","0.007198341714846801","0","0.007198341714846801","0.45719834171484686","false"
"1","female","186","서천","동백코스(익산-군산 광역)","0.45333333333333337","0","0.000044187230807977943","0.000044187230807977943","0.4533775205641413","false"
"1","female","225","대전","광역투어(둘째주, 일)","0.45333333333333337","0","0","0","0.45333333333333337","false"
"1","female","252","안성","안성시티투어","0.45000000000000007","0.0007153067417725789","0","0.0007153067417725789","0.4507153067417726","false"
"1","female","64","홍성","전통시장코스(홍성) 1,6일 운영","0.45000000000000007","0","0","0","0.45000000000000007","false"
"1","female","203","양주","박물관투어","0.44857142857142857","0.0009913273464992782","0","0.0009913273464992782","0.4495627559179278","false"
"1","female","167","태안","남부코스","0.445","0","0.00010497383357619045","0.00010497383357619045","0.4451049738335762","false"
"1","female","264","공주","가을코스","0.43500000000000005","0","0","0","0.43500000000000005","false"
"1","female","43","화성","자연과 하루","0.4325","0.0011070526507713217","0","0.001107052650771322","0.4336070526507713","false"
"1","female","157","세종","행복투어A","0.43000000000000005","0","0","0","0.43000000000000005","false"
"1","female","240","순천","(테마투어)성곽투어","0.43000000000000005","0","0","0","0.43000000000000005","false"
"1","female","216","대전","역사문화(효월드)","0.42714285714285716","0","0","0","0.42714285714285716","false"
"1","female","255","울산","장생포 대왕암 코스","0.42714285714285716","0","0","0","0.42714285714285716","false"
"1","female","30","목포","목포랑시티투어","0.4241666666666667","0","0","0","0.4241666666666667","false"
"1","female","145","안산","안산 시내권코스(목요일)","0.42","0.0026492933616878607","0.00008693559841717223","0.0027362289601050335","0.42273622896010504","false"
"1","female","243","나주","정기코스","0.42000000000000004","0.0005447627344862184","0.00009325924768030969","0.0006380219821665282","0.42063802198216654","false"
"1","female","163","세종","세종관광명소A투어","0.42000000000000004","0","0","0","0.42000000000000004","false"
"1","female","214","대전","힐링(만인산)","0.42000000000000004","0","0","0","0.42000000000000004","false"
"1","female","238","순천","(테마투어)산사투어","0.42000000000000004","0","0","0","0.42000000000000004","false"
"1","female","253","대전","언택트세이프?","0.42000000000000004","0","0","0","0.42000000000000004","false"
"1","female","9","대구","테마-전통5일장-군위전통시장","0.42","0","0","0","0.42","false"
"1","female","190","영광","영광쉼,투어","0.42","0","0","0","0.42","false"
"1","female","224","대전","광역투어(셋째주, 토)","0.41285714285714287","0","0","0","0.41285714285714287","false"
"1","female","189","서천","보랏빛코스","0.4057142857142857","0","0.000044187230807977943","0.000044187230807977943","0.40575847294509365","false"
"1","female","197","평창","북부권 코스","0.40125","0","0","0","0.40125","false"
"1","female","40","화성","모두와 하루(무장애 여행)","0.4","0.0011070526507713217","0","0.001107052650771322","0.40110705265077135","false"
"1","female","17","해남","해남시티투어","0.4","0","0","0","0.4","false"
"1","female","58","익산","순환형2","0.395","0.003572488446379173","0.00009325924768030969","0.003665747694059483","0.3986657476940595","false"
"1","female","59","익산","순환형1","0.395","0.003572488446379173","0.00009325924768030969","0.003665747694059483","0.3986657476940595","false"
"1","female","204","양주","역사투어","0.395","0.0009913273464992782","0","0.0009913273464992782","0.3959913273464993","false"
"1","female","187","서천","금빛코스","0.39142857142857146","0","0.000044187230807977943","0.000044187230807977943","0.3914727586593794","false"
"1","female","123","시흥","테마형 정기코스","0.39","0","0","0","0.39","false"
"1","female","124","시흥","순환형 2층버스","0.39","0","0","0","0.39","false"
"1","female","221","아산","休캉스 코스","0.38","0.002654863738283774","0","0.0026548637382837743","0.3826548637382838","false"
"1","female","245","아산","역사기행 코스","0.38","0.002654863738283774","0","0.0026548637382837743","0.3826548637382838","false"
"1","female","48","밀양","영남알프스권 투어 1","0.38250000000000006","0","0","0","0.38250000000000006","false"
"1","female","155","세종","정원투어","0.38","0","0","0","0.38","false"
"1","female","217","대전","대덕특구탐방","0.38","0","0","0","0.38","false"
"1","female","193","완주","완주힐링로드 시티투어(코레일연계 익산역)","0.37909090909090915","0","0.00007425494084696357","0.00007425494084696357","0.3791651640317561","false"
"1","female","51","사천","오감체험투어","0.3783333333333333","0","0.000021240610576129258","0.000021240610576129258","0.3783545739439094","false"
"1","female","107","예산","예산군 버스투어","0.3783333333333333","0","0","0","0.3783333333333333","false"
"1","female","272","서울","EG투어버스 E코스","0.3783333333333333","0","0","0","0.3783333333333333","false"
"1","female","266","공주","봄코스","0.37357142857142855","0","0","0","0.37357142857142855","false"
"1","female","117","파주","2026 파주시티투어 당일코스(토요일)","0.37","0.0019319375798331965","0.00009596599272458725","0.002027903572557784","0.37202790357255777","false"
"1","female","257","양주","천일홍축제","0.37","0.0009913273464992782","0","0.0009913273464992782","0.37099132734649926","false"
"1","female","109","부여","롯데리조트부여와 함께하는 부여 감성야행","0.3616666666666667","0","0","0","0.3616666666666667","false"
"1","female","97","양산","2025 6월 시티투어","0.35333333333333333","0.00004241562784227272","0.00012739549973166784","0.00016981112757394058","0.35350314446090725","false"
"1","female","67","홍성","역사·문화 코스","0.35333333333333333","0","0","0","0.35333333333333333","false"
"1","female","158","세종","역사문화투어","0.35333333333333333","0","0","0","0.35333333333333333","false"
"1","female","172","춘천","목요일","0.35333333333333333","0","0","0","0.35333333333333333","false"
"1","female","248","대전","광역투어(다섯째주, 일)","0.35125000000000006","0","0","0","0.35125000000000006","false"
"1","female","194","완주","완주힐링로드 시티투어(서울권역)","0.3491666666666667","0","0.00007425494084696357","0.00007425494084696357","0.34924092160751363","false"
"1","female","205","양주","기본코스","0.34777777777777774","0.0009913273464992782","0","0.0009913273464992782","0.348769105124277","false"
"1","female","18","광양","광양역사코스","0.34777777777777774","0","0","0","0.34777777777777774","false"
"1","female","19","광양","광양힐링코스","0.34777777777777774","0","0","0","0.34777777777777774","false"
"1","female","65","홍성","전통시장코스(광천) 4,9일 운영","0.345","0","0","0","0.345","false"
"1","female","274","서울","EG투어버스 C코스","0.345","0","0","0","0.345","false"
"1","female","247","대전","언택트세이프(A)","0.34","0","0","0","0.34","false"
"1","female","270","서울","EG투어버스 G코스","0.34","0","0","0","0.34","false"
"1","female","196","완주","완주힐링로드시티투어 1코스","0.3392307692307693","0","0.00007425494084696357","0.00007425494084696357","0.33930502417161623","false"
"1","female","121","파주","2026 파주시티투어 당일코스(화요일)","0.33666666666666667","0.0019319375798331965","0.00009596599272458725","0.002027903572557784","0.33869457023922445","false"
"1","female","115","파주","2026 파주시티투어 1박2일코스(토요일~일요일)","0.32833333333333337","0.0019319375798331965","0.00009596599272458725","0.002027903572557784","0.33036123690589114","false"
"1","female","233","서천","광역코스","0.3271428571428571","0","0.000044187230807977943","0.000044187230807977943","0.3271870443736651","false"
"1","female","234","서천","힐링코스","0.3271428571428571","0","0.000044187230807977943","0.000044187230807977943","0.3271870443736651","false"
"1","female","128","대구","현풍코스","0.3271428571428572","0","0","0","0.3271428571428572","false"
"1","female","201","양주","자연친화코스1","0.32","0.0009913273464992782","0","0.0009913273464992782","0.32099132734649927","false"
"1","female","142","제천","시티투어","0.32000000000000006","0","0","0","0.32000000000000006","false"
"1","female","89","청주","청주시티투어_정기투어_트레킹 투어(토)","0.32","0","0","0","0.32","false"
"1","female","169","춘천","일요일","0.31500000000000006","0","0","0","0.31500000000000006","false"
"1","female","170","춘천","토요일","0.31500000000000006","0","0","0","0.31500000000000006","false"
"1","female","104","안동","하회마을테마","0.3109090909090909","0","0","0","0.3109090909090909","false"
"1","female","68","서산","C코스","0.3057142857142857","0.0009979989173122077","0.000006477785760669266","0.001004476703072877","0.30671876241735857","false"
"1","female","202","양주","서울우유견학코스","0.3057142857142857","0.0009913273464992782","0","0.0009913273464992782","0.306705613060785","false"
"1","female","102","안동","봉정사&만휴정테마","0.3063636363636364","0","0","0","0.3063636363636364","false"
"1","female","66","홍성","남당항 코스","0.30333333333333334","0","0","0","0.30333333333333334","false"
"1","female","199","완도","해양치유시티투어","0.30214285714285716","0","0","0","0.30214285714285716","false"
"1","female","94","여주","시티투어","0.3018181818181818","0","0.00011933974792261816","0.00011933974792261816","0.3019375215661044","false"
"1","female","69","서산","B코스","0.2985714285714286","0.0009979989173122077","0.000006477785760669266","0.001004476703072877","0.29957590527450145","false"
"1","female","153","세종","행복투어B","0.2866666666666667","0","0","0","0.2866666666666667","false"
"1","female","242","순천","(기획투어)나이트가든투어","0.2866666666666667","0","0","0","0.2866666666666667","false"
"1","female","90","청주","청주시티투어_정기투어_힐링로드 투어(토)","0.28428571428571425","0","0","0","0.28428571428571425","false"
"1","female","256","울산","태화강 국가정원 코스","0.2838888888888889","0","0","0","0.2838888888888889","false"
"1","female","174","춘천","화요일","0.28250000000000003","0","0","0","0.28250000000000003","false"
"1","female","143","동해","관광문화코스","0.2783333333333333","0","0","0","0.2783333333333333","false"
"1","female","139","군산","(익산역 출발) 고군산시간여행코스","0.27","0.002412760623222673","0","0.002412760623222673","0.27241276062322267","false"
"1","female","176","창원","창원시티투어","0.26999999999999996","0","0","0","0.26999999999999996","false"
"1","female","53","사천","바다투어","0.26285714285714284","0","0.000021240610576129258","0.000021240610576129258","0.26287838346771897","false"
"1","female","137","임실","명소탐방 임실 시티투어","0.26","0","0","0","0.26","false"
"1","female","192","삼척","종일코스","0.26","0","0","0","0.26","false"
"1","female","22","여수","2층야간코스","0.24857142857142853","0.0023171268066686426","0.000001851983405118974","0.002318978790073762","0.2508904073615023","false"
"1","female","277","서울","EG투어버스 J코스","0.25","0","0","0","0.25","false"
"1","female","279","서울","EG투어버스 H코스","0.25","0","0","0","0.25","false"
"1","female","250","대전","광역투어(넷재주, 일)","0.24857142857142853","0","0","0","0.24857142857142853","false"
"1","female","3","부산","오렌지라인","0.24692307692307694","0","0","0","0.24692307692307694","false"
"1","female","34","화성","테마와 하루(농어촌 체험)","0.245","0.0011070526507713217","0","0.001107052650771322","0.24610705265077132","false"
"1","female","35","화성","소소한 하루","0.245","0.0011070526507713217","0","0.001107052650771322","0.24610705265077132","false"
"1","female","25","여수","이순신문화유적코스","0.2422222222222222","0.0023171268066686426","0.000001851983405118974","0.002318978790073762","0.24454120101229596","false"
"1","female","56","영주","선비 코스","0.23500000000000001","0","0","0","0.23500000000000001","false"
"1","female","103","안동","도산서원&예끼마을테마","0.23500000000000001","0","0","0","0.23500000000000001","false"
"1","female","212","대전","야경","0.23249999999999998","0","0","0","0.23249999999999998","false"
"1","female","5","부산","레드라인","0.23194789081885858","0","0","0","0.23194789081885858","false"
"1","female","50","사천","우주항공산업투어","0.23111111111111107","0","0.000021240610576129258","0.000021240610576129258","0.2311323517216872","false"
"1","female","38","화성","바다와 하루","0.23","0.0011070526507713217","0","0.001107052650771322","0.23110705265077133","false"
"1","female","239","순천","(테마투어)세계유산투어","0.23","0","0","0","0.23","false"
"1","female","268","서울","EG투어버스 B코스","0.23","0","0","0","0.23","false"
"1","female","52","사천","이순신승전길투어","0.22624999999999998","0","0.000021240610576129258","0.000021240610576129258","0.2262712406105761","false"
"1","female","78","원주","원주시티투어(순환형)","0.22333333333333333","0","0","0","0.22333333333333333","false"
"1","female","244","아산","예술맛집 코스","0.22","0.002654863738283774","0","0.0026548637382837743","0.22265486373828378","false"
"1","female","168","태안","북부코스","0.22","0","0.00010497383357619045","0.00010497383357619045","0.2201049738335762","false"
"1","female","154","세종","야경투어","0.22","0","0","0","0.22","false"
"1","female","106","안동","주간도심테마","0.21999999999999997","0","0","0","0.21999999999999997","false"
"1","female","232","서천","전라권코스","0.21166666666666664","0","0.000044187230807977943","0.000044187230807977943","0.21171085389747463","false"
"1","female","98","양산","봄꽃체험코스","0.21","0.00004241562784227272","0.00012739549973166784","0.00016981112757394058","0.21016981112757394","false"
"1","female","230","대전","남부코스","0.21","0","0","0","0.21","false"
"1","female","39","화성","열차와 하루","0.2033333333333333","0.0011070526507713217","0","0.001107052650771322","0.20444038598410463","false"
"1","female","8","대구","테마(야경 4~10월)","0.20033870967741937","0","0","0","0.20033870967741937","false"
"1","female","54","사천","별빛투어","0.19727272727272727","0","0.000021240610576129258","0.000021240610576129258","0.1972939678833034","false"
"1","female","208","양구","방산나들이코스","0.18666666666666665","0.006840613534410833","0","0.006840613534410833","0.1935072802010775","false"
"1","female","99","봉화","송이축제 문화유적탐방버스","0.19","0","0.00015855349088353981","0.00015855349088353981","0.19015855349088354","false"
"1","female","100","봉화","은어축제 문화유적탐방버스","0.19","0","0.00015855349088353981","0.00015855349088353981","0.19015855349088354","false"
"1","female","213","대전","힐링(장태산)","0.19","0","0","0","0.19","false"
"1","female","269","서울","EG투어버스 A코스","0.19","0","0","0","0.19","false"
"1","female","62","익산","익산숨은보석찾기코스","0.18428571428571425","0.003572488446379173","0.00009325924768030969","0.003665747694059483","0.18795146197977372","false"
"1","female","226","대전","광역투어(둘째주, 토)","0.18666666666666665","0","0","0","0.18666666666666665","false"
"1","female","207","양구","힐링산책코스","0.17833333333333332","0.006840613534410833","0","0.006840613534410833","0.18517394686774416","false"
"1","female","79","연천","연천명소코스","0.17833333333333332","0.0036576874126132827","0","0.003657687412613283","0.18199102074594659","false"
"1","female","218","대전","생태교육","0.18","0","0","0","0.18","false"
"1","female","278","서울","EG투어버스 I코스","0.18","0","0","0","0.18","false"
"1","female","95","양산","양산시 가을 시티투어 (자연관광코스)","0.17833333333333332","0.00004241562784227272","0.00012739549973166784","0.00016981112757394058","0.17850314446090726","false"
"1","female","113","가평","가평순환버스B코스","0.17833333333333332","0","0","0","0.17833333333333332","false"
"1","female","70","서산","A코스","0.16999999999999998","0.0009979989173122077","0.000006477785760669266","0.001004476703072877","0.17100447670307287","false"
"1","female","206","양구","해안DMZ트래킹 코스","0.16166666666666665","0.006840613534410833","0","0.006840613534410833","0.1685072802010775","false"
"1","female","80","연천","안보자연코스","0.16166666666666665","0.0036576874126132827","0","0.003657687412613283","0.16532435407927992","false"
"1","female","140","군산","고군산시간여행코스","0.16285714285714284","0.002412760623222673","0","0.002412760623222673","0.16526990348036552","false"
"1","female","26","여수","다크투어리즘코스","0.16285714285714284","0.0023171268066686426","0.000001851983405118974","0.002318978790073762","0.1651761216472166","false"
"1","female","220","아산","인생네컷 코스","0.16166666666666665","0.002654863738283774","0","0.0026548637382837743","0.16432153040495043","false"
"1","female","77","태백","황지자유시장 코스","0.16374999999999998","0","0.000041441332234371137","0.000041441332234371137","0.16379144133223436","false"
"1","female","210","곡성","읍권 순환버스","0.16374999999999998","0","0","0","0.16374999999999998","false"
"1","female","0","부산","동부산테마노선","0.16338709677419352","0","0","0","0.16338709677419352","false"
"1","female","260","서천","문화코스","0.1633333333333333","0","0.000044187230807977943","0.000044187230807977943","0.1633775205641413","false"
"1","female","63","홍성","죽도코스","0.16166666666666665","0","0","0","0.16166666666666665","false"
"1","female","147","안산","대부도 해변코스(일반형 2코스)","0.15333333333333332","0.0026492933616878607","0.00008693559841717223","0.0027362289601050335","0.15606956229343835","false"
"1","female","148","안산","대부도 해변코스(일반형 1코스)","0.15333333333333332","0.0026492933616878607","0.00008693559841717223","0.0027362289601050335","0.15606956229343835","false"
"1","female","215","대전","역사문화(동춘당)","0.15333333333333332","0","0","0","0.15333333333333332","false"
"1","female","110","정선","아리랑열차 연계형 시티투어2","0.15","0","0.00003777687918638546","0.00003777687918638546","0.15003777687918637","false"
"1","female","111","정선","아리랑열차 연계형 시티투어 1","0.15","0","0.00003777687918638546","0.00003777687918638546","0.15003777687918637","false"
"1","female","87","의정부","의정부포레스트:오감이 깨어나는 숲 속 여행","0.15","0","0","0","0.15","false"
"1","female","136","인천","인천레트로노선","0.15","0","0","0","0.15","false"
"1","female","182","포항","퐝순환코스","0.15","0","0","0","0.15","false"
"1","female","27","여수","제2코스","0.14307692307692307","0.0023171268066686426","0.000001851983405118974","0.002318978790073762","0.14539590186699683","false"
"1","female","76","태백","통리장 코스","0.145","0","0.000041441332234371137","0.000041441332234371137","0.14504144133223437","false"
"1","female","91","청주","청주시티투어_정기투어_초정힐링 투어(토)","0.145","0","0","0","0.145","false"
"1","female","251","대전","광역투어(넷재주, 토)","0.145","0","0","0","0.145","false"
"1","female","1","부산","서부산생태투어","0.13874999999999998","0","0","0","0.13874999999999998","false"
"1","female","20","광양","야경코스","0.13874999999999998","0","0","0","0.13874999999999998","false"
"1","female","24","여수","야경코스","0.13428571428571426","0.0023171268066686426","0.000001851983405118974","0.002318978790073762","0.13660469307578801","false"
"1","female","105","안동","야간도심테마","0.13428571428571426","0","0","0","0.13428571428571426","false"
"1","female","92","청주","청주시티투어_정기투어_청남대 투어(수토일)","0.1311111111111111","0","0","0","0.1311111111111111","false"
"1","female","151","안산","대부도 뱃길코스(일반형 2코스)","0.12555555555555556","0.0026492933616878607","0.00008693559841717223","0.0027362289601050335","0.1282917845156606","false"
"1","female","171","춘천","금요일","0.12625","0","0","0","0.12625","false"
"1","female","191","평창","남부권 코스","0.12625","0","0","0","0.12625","false"
"1","female","49","밀양","시내권 투어 1","0.12000000000000001","0","0","0","0.12000000000000001","false"
"1","female","228","대전","광역투어(첫주, 토)","0.12000000000000001","0","0","0","0.12000000000000001","false"
"1","female","57","영주","물돌이 코스","0.115","0","0","0","0.115","false"
"1","female","114","가평","가평순환버스A코스","0.11444444444444445","0","0","0","0.11444444444444445","false"
"1","female","152","안산","대부도 뱃길코스(일반형 1코스)","0.10888888888888888","0.0026492933616878607","0.00008693559841717223","0.0027362289601050335","0.11162511784899391","false"
"1","female","23","여수","2층주간코스","0.10500000000000001","0.0023171268066686426","0.000001851983405118974","0.002318978790073762","0.10731897879007377","false"
"1","female","21","여수","야간테마코스(시간을달리는버스커)","0.09272727272727273","0.0023171268066686426","0.000001851983405118974","0.002318978790073762","0.09504625151734648","false"
"1","female","4","부산","그린라인","0.08923076923076924","0","0","0","0.08923076923076924","false"
"1","female","71","천안","일요일","0.0825","0","0","0","0.0825","false"
"1","female","200","진도","진도시티투어","0.06642857142857143","0","0","0","0.06642857142857143","false"
"1","female","41","화성","역사와 하루2","0.06","0.0011070526507713217","0","0.001107052650771322","0.06110705265077132","false"
"1","female","101","청도","시티투어","0.06","0","0","0","0.06","false"
"1","female","32","화성","테마와 하루(문화예술 체험)","0.05333333333333333","0.0011070526507713217","0","0.001107052650771322","0.05444038598410465","false"
"1","female","275","서울","EG투어버스 L코스","0.05333333333333333","0","0","0","0.05333333333333333","false"
"1","female","146","안산","대부도 해변코스(체험형 1코스)","0.05","0.0026492933616878607","0.00008693559841717223","0.0027362289601050335","0.05273622896010503","false"
"1","female","33","화성","테마와 하루(목장 체험)","0.05","0.0011070526507713217","0","0.001107052650771322","0.051107052650771326","false"
"1","female","28","여수","제1코스","0.04857142857142857","0.0023171268066686426","0.000001851983405118974","0.002318978790073762","0.050890407361502334","false"
"1","female","149","안산","대부도 뱃길코스(체험형 2코스)","0.045","0.0026492933616878607","0.00008693559841717223","0.0027362289601050335","0.04773622896010503","false"
"1","female","150","안산","대부도 뱃길코스(체험형 1코스)","0.045","0.0026492933616878607","0.00008693559841717223","0.0027362289601050335","0.04773622896010503","false"
"1","female","85","이천","농촌체험코스(남부)","0.045","0.0017310259994758857","0","0.001731025999475886","0.046731025999475886","false"
"1","female","84","이천","농촌체험코스(중부)","0.04000000000000001","0.0017310259994758857","0","0.001731025999475886","0.041731025999475896","false"
"1","female","6","제주","야간코스(7월말~8월말 운영)","0.041428571428571426","0","0","0","0.041428571428571426","false"
"1","female","209","곡성","압록권역 순환버스","0.04000000000000001","0","0","0","0.04000000000000001","false"
"1","female","276","서울","EG투어버스 K 코스","0.04000000000000001","0","0","0","0.04000000000000001","false"
"1","female","83","이천","농촌체험코스(북부)","0.03666666666666667","0.0017310259994758857","0","0.001731025999475886","0.038397692666142555","false"
"1","female","45","화성","테마와 하루(지역축제 체험)","0.03666666666666667","0.0011070526507713217","0","0.001107052650771322","0.03777371931743799","false"
"1","female","82","이천","승마체험코스","0.0325","0.0017310259994758857","0","0.001731025999475886","0.03423102599947589","false"
"1","female","31","화성","테마와 하루(해양생태 체험)","0.030000000000000002","0.0011070526507713217","0","0.001107052650771322","0.031107052650771325","false"
"1","female","246","대전","언택트세이프(B)","0.030000000000000002","0","0","0","0.030000000000000002","false"
"1","female","271","서울","EG투어버스 F코스","0.030000000000000002","0","0","0","0.030000000000000002","false"
"1","female","93","여주","꽃섬투어","0.025555555555555557","0","0.00011933974792261816","0.00011933974792261816","0.025674895303478176","false"
"1","female","75","충주","충주시티투어","0.02","0.002213715256804661","0.000032273209345980236","0.0022459884661506415","0.02224598846615064","false"
"1","female","118","파주","2026 파주시티투어 당일코스(금요일)","0.02","0.0019319375798331965","0.00009596599272458725","0.002027903572557784","0.022027903572557784","false"
"1","female","2","부산","야경투어","0.02092741935483871","0","0","0","0.02092741935483871","false"
"1","female","29","목포","별빛물결시티투어","0.02","0","0","0","0.02","false"
"1","female","164","화순","화순적벽 버스투어(적벽 셔틀버스)","0.02","0","0","0","0.02","false"
"1","female","165","화순","화순적벽 버스투어(적벽투어)","0.02","0","0","0","0.02","false"
"1","female","211","대전","가족여행","0.02","0","0","0","0.02","false"
"1","female","219","대전","다크투어","0.02","0","0","0","0.02","false"
"1","female","273","서울","EG투어버스 D코스","0.02","0","0","0","0.02","false"
"1","female","60","익산","맞춤형코스","0","0.003572488446379173","0.00009325924768030969","0.003665747694059483","0.003665747694059483","false"
"1","female","36","화성","별과 하루","0","0.0011070526507713217","0","0.001107052650771322","0.001107052650771322","false"
"1","female","37","화성","노을과 하루","0","0.0011070526507713217","0","0.001107052650771322","0.001107052650771322","false"
"1","female","44","화성","섬과 하루","0","0.0011070526507713217","0","0.001107052650771322","0.001107052650771322","false"
"1","female","16","대구","테마(야경 11~3월)","0.00033870967741935485","0","0","0","0.00033870967741935485","false"
"1","female","231","태안","북부코스남부코스","0","0","0.00010497383357619045","0.00010497383357619045","0.00010497383357619045","false"
"1","female","55","영주","특별운영","0","0","0","0","0","false"
"1","female","88","청주","청주시티투어_수시투어","0","0","0","0","0","false"
"1","female","125","부천","정규코스. 특별코스","0","0","0","0","0","false"
"1","female","132","인천","선재영흥투어","0","0","0","0","0","false"
"1","female","134","인천","무의도투어","0","0","0","0","0","false"
"1","female","141","제천","제천관광택시","0","0","0","0","0","false"
"1","female","198","공주","축제코스","0","0","0","0","0","false"
"1","female","259","단양","단양군시티투어","0","0","0","0","0","false"
"1","female","261","부여","백제문화단지-부소산성-궁남지-정림사지-백제문화단지","0","0","0","0","0","false"
"1","unspecified","10","대구","테마-전통5일장-현풍백년도깨비시장","2","0","0","0","2","true"
"1","unspecified","7","제주","순환형코스","1.9500000000000002","0","0","0","1.9500000000000002","true"
"1","unspecified","122","시흥","테마형 수시코스","1.85","0","0","0","1.85","true"
"1","unspecified","14","대구","테마-방방곡곡(팔공산)","1.8","0","0","0","1.8","false"
"1","unspecified","112","정선","와와정선 2층 투어버스","1.2000000000000002","0","0","0","1.2000000000000002","true"
"1","unspecified","156","세종","역사산책투어","1.17","0","0","0","1.17","true"
"1","unspecified","15","대구","도심순환코스(12개 정류장)","1","0","0","0","1","false"
"1","unspecified","129","인천","노을야경투어","1","0","0","0","1","false"
"1","unspecified","131","인천","교동도투어","1","0","0","0","1","false"
"1","unspecified","135","인천","바다노선","1","0","0","0","1","false"
"1","unspecified","183","포항","퐝랜드마크B코스","1","0","0","0","1","false"
"1","unspecified","130","인천","석모도투어","0.95","0","0","0","0.95","false"
"1","unspecified","184","포항","퐝랜드마크A코스","0.95","0","0","0","0.95","false"
"1","unspecified","185","포항","씨(SEA)하게 보는 포항코스","0.95","0","0","0","0.95","false"
"1","unspecified","159","세종","봄꽃파닭B투어","0.9366666666666666","0","0","0","0.9366666666666666","false"
"1","unspecified","160","세종","봄꽃파닭A투어","0.9366666666666666","0","0","0","0.9366666666666666","false"
"1","unspecified","120","파주","2026 파주시티투어 당일코스(수요일)","0.8866666666666667","0.0019319375798331965","0","0.0019319375798331968","0.8885986042465","false"
"1","unspecified","181","김해","김해에반해","0.8771428571428572","0.0010906118605195463","0","0.0010906118605195465","0.8782334690033767","false"
"1","unspecified","179","김해","역사에반해","0.8533333333333334","0.0010906118605195463","0","0.0010906118605195465","0.8544239451938529","false"
"1","unspecified","133","인천","청라투어","0.85","0","0","0","0.85","false"
"1","unspecified","267","공주","반일코스","0.8300000000000001","0","0","0","0.8300000000000001","false"
"1","unspecified","11","대구","테마-방방곡곡(사시사철)","0.8","0","0","0","0.8","false"
"1","unspecified","12","대구","테마-방방곡곡(군위군 돋보기)","0.8","0","0","0","0.8","false"
"1","unspecified","13","대구","테마-방방곡곡(낙동강)","0.8","0","0","0","0.8","false"
"1","unspecified","229","대전","대청호코스","0.8","0","0","0","0.8","false"
"1","unspecified","180","김해","자연에반해","0.77","0.0010906118605195463","0","0.0010906118605195465","0.7710906118605195","false"
"1","unspecified","74","천안","화요일","0.7325","0","0","0","0.7325","false"
"1","unspecified","262","공주","봄·여름·가을 코스","0.7033333333333334","0","0","0","0.7033333333333334","false"
"1","unspecified","138","군산","(박물관 출발) 고군산코스","0.6866666666666666","0.002412760623222673","0","0.002412760623222673","0.6890794272898894","false"
"1","unspecified","173","춘천","수요일","0.6866666666666666","0","0","0","0.6866666666666666","false"
"1","unspecified","166","태안","광역코스","0.67","0","0","0","0.67","false"
"1","unspecified","178","김해","문화에반해","0.6599999999999999","0.0010906118605195463","0","0.0010906118605195465","0.6610906118605194","false"
"1","unspecified","235","홍천","홍천시티투어","0.6533333333333333","0","0","0","0.6533333333333333","false"
"1","unspecified","188","서천","푸른빛코스","0.645","0","0","0","0.645","false"
"1","unspecified","227","대전","광역투어(첫주, 일)","0.6387499999999999","0","0","0","0.6387499999999999","false"
"1","unspecified","46","합천","합천광역시티투어 누비고","0.6366666666666667","0","0","0","0.6366666666666667","false"
"1","unspecified","42","화성","역사와 하루1","0.63","0.0011070526507713217","0","0.001107052650771322","0.6311070526507713","false"
"1","unspecified","61","익산","세계유산코스","0.62","0.003572488446379173","0","0.0035724884463791736","0.6235724884463791","false"
"1","unspecified","116","파주","2026 파주시티투어 당일코스(일요일)","0.62","0.0019319375798331965","0","0.0019319375798331968","0.6219319375798332","false"
"1","unspecified","119","파주","2026 파주시티투어 당일코스(목요일)","0.62","0.0019319375798331965","0","0.0019319375798331968","0.6219319375798332","false"
"1","unspecified","223","대전","광역투어(셋째주, 일)","0.5985714285714285","0","0","0","0.5985714285714285","false"
"1","unspecified","236","화천","화천시티투어(백암산케이블카)","0.5700000000000001","0.007198341714846801","0","0.007198341714846801","0.5771983417148469","false"
"1","unspecified","263","공주","가을코스2","0.5755555555555556","0","0","0","0.5755555555555556","false"
"1","unspecified","254","경산","소원성취코스,삼성현명품투어코스","0.5628571428571428","0","0","0","0.5628571428571428","false"
"1","unspecified","126","대구","도동코스","0.5575","0","0","0","0.5575","false"
"1","unspecified","177","경기광주","광주시티투어","0.5557142857142857","0","0","0","0.5557142857142857","false"
"1","unspecified","127","대구","송해코스","0.54","0","0","0","0.54","false"
"1","unspecified","241","순천","(테마투어)생태투어","0.54","0","0","0","0.54","false"
"1","unspecified","81","연천","역사자연코스","0.5342857142857143","0.0036576874126132827","0","0.003657687412613283","0.5379434016983276","false"
"1","unspecified","265","공주","여름코스","0.53","0","0","0","0.53","false"
"1","unspecified","96","양산","양산시 가을 시티투어 (역사문화코스)","0.5116666666666666","0.00004241562784227272","0","0.000042415627842272725","0.5117090822945088","false"
"1","unspecified","162","세종","세종관광명소B투어","0.5075000000000001","0","0","0","0.5075000000000001","false"
"1","unspecified","144","안산","안산 시내권코스(토요일)","0.495","0.0026492933616878607","0","0.002649293361687861","0.49764929336168784","false"
"1","unspecified","258","양주","왕실축제","0.495","0.0009913273464992782","0","0.0009913273464992782","0.49599132734649926","false"
"1","unspecified","47","밀양","삼랑진권 투어","0.495","0","0","0","0.495","false"
"1","unspecified","108","부여","부여테마여행","0.4936842105263158","0","0","0","0.4936842105263158","false"
"1","unspecified","222","아산","아산도심핫플코스","0.4866666666666667","0.002654863738283774","0","0.0026548637382837743","0.48932153040495047","false"
"1","unspecified","249","대전","광역투어(다섯째주, 토)","0.48875","0","0","0","0.48875","false"
"1","unspecified","175","춘천","월요일","0.48250000000000004","0","0","0","0.48250000000000004","false"
"1","unspecified","195","완주","완주힐링로드시티투어 2코스","0.4755555555555555","0","0","0","0.4755555555555555","false"
"1","unspecified","72","천안","토요일","0.47000000000000003","0","0","0","0.47000000000000003","false"
"1","unspecified","73","천안","목요일","0.47000000000000003","0","0","0","0.47000000000000003","false"
"1","unspecified","161","세종","천안연계투어","0.47000000000000003","0","0","0","0.47000000000000003","false"
"1","unspecified","86","평택","문화유산코스 /관광코스 ※무장애코스 월2회 정기운영(3~6월,9~11월)","0.4642307692307692","0.0028012744219061544","0","0.002801274421906155","0.46703204365267537","false"
"1","unspecified","237","화천","화천시티투어(평화누리호)","0.45000000000000007","0.007198341714846801","0","0.007198341714846801","0.45719834171484686","false"
"1","unspecified","186","서천","동백코스(익산-군산 광역)","0.45333333333333337","0","0","0","0.45333333333333337","false"
"1","unspecified","225","대전","광역투어(둘째주, 일)","0.45333333333333337","0","0","0","0.45333333333333337","false"
"1","unspecified","252","안성","안성시티투어","0.45000000000000007","0.0007153067417725789","0","0.0007153067417725789","0.4507153067417726","false"
"1","unspecified","64","홍성","전통시장코스(홍성) 1,6일 운영","0.45000000000000007","0","0","0","0.45000000000000007","false"
"1","unspecified","203","양주","박물관투어","0.44857142857142857","0.0009913273464992782","0","0.0009913273464992782","0.4495627559179278","false"
"1","unspecified","167","태안","남부코스","0.445","0","0","0","0.445","false"
"1","unspecified","264","공주","가을코스","0.43500000000000005","0","0","0","0.43500000000000005","false"
"1","unspecified","43","화성","자연과 하루","0.4325","0.0011070526507713217","0","0.001107052650771322","0.4336070526507713","false"
"1","unspecified","157","세종","행복투어A","0.43000000000000005","0","0","0","0.43000000000000005","false"
"1","unspecified","240","순천","(테마투어)성곽투어","0.43000000000000005","0","0","0","0.43000000000000005","false"
"1","unspecified","216","대전","역사문화(효월드)","0.42714285714285716","0","0","0","0.42714285714285716","false"
"1","unspecified","255","울산","장생포 대왕암 코스","0.42714285714285716","0","0","0","0.42714285714285716","false"
"1","unspecified","30","목포","목포랑시티투어","0.4241666666666667","0","0","0","0.4241666666666667","false"
"1","unspecified","145","안산","안산 시내권코스(목요일)","0.42","0.0026492933616878607","0","0.002649293361687861","0.42264929336168783","false"
"1","unspecified","243","나주","정기코스","0.42000000000000004","0.0005447627344862184","0","0.0005447627344862185","0.42054476273448627","false"
"1","unspecified","163","세종","세종관광명소A투어","0.42000000000000004","0","0","0","0.42000000000000004","false"
"1","unspecified","214","대전","힐링(만인산)","0.42000000000000004","0","0","0","0.42000000000000004","false"
"1","unspecified","238","순천","(테마투어)산사투어","0.42000000000000004","0","0","0","0.42000000000000004","false"
"1","unspecified","253","대전","언택트세이프?","0.42000000000000004","0","0","0","0.42000000000000004","false"
"1","unspecified","9","대구","테마-전통5일장-군위전통시장","0.42","0","0","0","0.42","false"
"1","unspecified","190","영광","영광쉼,투어","0.42","0","0","0","0.42","false"
"1","unspecified","224","대전","광역투어(셋째주, 토)","0.41285714285714287","0","0","0","0.41285714285714287","false"
"1","unspecified","189","서천","보랏빛코스","0.4057142857142857","0","0","0","0.4057142857142857","false"
"1","unspecified","197","평창","북부권 코스","0.40125","0","0","0","0.40125","false"
"1","unspecified","40","화성","모두와 하루(무장애 여행)","0.4","0.0011070526507713217","0","0.001107052650771322","0.40110705265077135","false"
"1","unspecified","17","해남","해남시티투어","0.4","0","0","0","0.4","false"
"1","unspecified","58","익산","순환형2","0.395","0.003572488446379173","0","0.0035724884463791736","0.3985724884463792","false"
"1","unspecified","59","익산","순환형1","0.395","0.003572488446379173","0","0.0035724884463791736","0.3985724884463792","false"
"1","unspecified","204","양주","역사투어","0.395","0.0009913273464992782","0","0.0009913273464992782","0.3959913273464993","false"
"1","unspecified","187","서천","금빛코스","0.39142857142857146","0","0","0","0.39142857142857146","false"
"1","unspecified","123","시흥","테마형 정기코스","0.39","0","0","0","0.39","false"
"1","unspecified","124","시흥","순환형 2층버스","0.39","0","0","0","0.39","false"
"1","unspecified","221","아산","休캉스 코스","0.38","0.002654863738283774","0","0.0026548637382837743","0.3826548637382838","false"
"1","unspecified","245","아산","역사기행 코스","0.38","0.002654863738283774","0","0.0026548637382837743","0.3826548637382838","false"
"1","unspecified","48","밀양","영남알프스권 투어 1","0.38250000000000006","0","0","0","0.38250000000000006","false"
"1","unspecified","155","세종","정원투어","0.38","0","0","0","0.38","false"
"1","unspecified","217","대전","대덕특구탐방","0.38","0","0","0","0.38","false"
"1","unspecified","193","완주","완주힐링로드 시티투어(코레일연계 익산역)","0.37909090909090915","0","0","0","0.37909090909090915","false"
"1","unspecified","51","사천","오감체험투어","0.3783333333333333","0","0","0","0.3783333333333333","false"
"1","unspecified","107","예산","예산군 버스투어","0.3783333333333333","0","0","0","0.3783333333333333","false"
"1","unspecified","272","서울","EG투어버스 E코스","0.3783333333333333","0","0","0","0.3783333333333333","false"
"1","unspecified","266","공주","봄코스","0.37357142857142855","0","0","0","0.37357142857142855","false"
"1","unspecified","117","파주","2026 파주시티투어 당일코스(토요일)","0.37","0.0019319375798331965","0","0.0019319375798331968","0.37193193757983317","false"
"1","unspecified","257","양주","천일홍축제","0.37","0.0009913273464992782","0","0.0009913273464992782","0.37099132734649926","false"
"1","unspecified","109","부여","롯데리조트부여와 함께하는 부여 감성야행","0.3616666666666667","0","0","0","0.3616666666666667","false"
"1","unspecified","97","양산","2025 6월 시티투어","0.35333333333333333","0.00004241562784227272","0","0.000042415627842272725","0.35337574896117563","false"
"1","unspecified","67","홍성","역사·문화 코스","0.35333333333333333","0","0","0","0.35333333333333333","false"
"1","unspecified","158","세종","역사문화투어","0.35333333333333333","0","0","0","0.35333333333333333","false"
"1","unspecified","172","춘천","목요일","0.35333333333333333","0","0","0","0.35333333333333333","false"
"1","unspecified","248","대전","광역투어(다섯째주, 일)","0.35125000000000006","0","0","0","0.35125000000000006","false"
"1","unspecified","194","완주","완주힐링로드 시티투어(서울권역)","0.3491666666666667","0","0","0","0.3491666666666667","false"
"1","unspecified","205","양주","기본코스","0.34777777777777774","0.0009913273464992782","0","0.0009913273464992782","0.348769105124277","false"
"1","unspecified","18","광양","광양역사코스","0.34777777777777774","0","0","0","0.34777777777777774","false"
"1","unspecified","19","광양","광양힐링코스","0.34777777777777774","0","0","0","0.34777777777777774","false"
"1","unspecified","65","홍성","전통시장코스(광천) 4,9일 운영","0.345","0","0","0","0.345","false"
"1","unspecified","274","서울","EG투어버스 C코스","0.345","0","0","0","0.345","false"
"1","unspecified","247","대전","언택트세이프(A)","0.34","0","0","0","0.34","false"
"1","unspecified","270","서울","EG투어버스 G코스","0.34","0","0","0","0.34","false"
"1","unspecified","196","완주","완주힐링로드시티투어 1코스","0.3392307692307693","0","0","0","0.3392307692307693","false"
"1","unspecified","121","파주","2026 파주시티투어 당일코스(화요일)","0.33666666666666667","0.0019319375798331965","0","0.0019319375798331968","0.33859860424649985","false"
"1","unspecified","115","파주","2026 파주시티투어 1박2일코스(토요일~일요일)","0.32833333333333337","0.0019319375798331965","0","0.0019319375798331968","0.33026527091316654","false"
"1","unspecified","128","대구","현풍코스","0.3271428571428572","0","0","0","0.3271428571428572","false"
"1","unspecified","233","서천","광역코스","0.3271428571428571","0","0","0","0.3271428571428571","false"
"1","unspecified","234","서천","힐링코스","0.3271428571428571","0","0","0","0.3271428571428571","false"
"1","unspecified","201","양주","자연친화코스1","0.32","0.0009913273464992782","0","0.0009913273464992782","0.32099132734649927","false"
"1","unspecified","142","제천","시티투어","0.32000000000000006","0","0","0","0.32000000000000006","false"
"1","unspecified","89","청주","청주시티투어_정기투어_트레킹 투어(토)","0.32","0","0","0","0.32","false"
"1","unspecified","169","춘천","일요일","0.31500000000000006","0","0","0","0.31500000000000006","false"
"1","unspecified","170","춘천","토요일","0.31500000000000006","0","0","0","0.31500000000000006","false"
"1","unspecified","104","안동","하회마을테마","0.3109090909090909","0","0","0","0.3109090909090909","false"
"1","unspecified","68","서산","C코스","0.3057142857142857","0.0009979989173122077","0","0.0009979989173122077","0.30671228463159794","false"
"1","unspecified","202","양주","서울우유견학코스","0.3057142857142857","0.0009913273464992782","0","0.0009913273464992782","0.306705613060785","false"
"1","unspecified","102","안동","봉정사&만휴정테마","0.3063636363636364","0","0","0","0.3063636363636364","false"
"1","unspecified","66","홍성","남당항 코스","0.30333333333333334","0","0","0","0.30333333333333334","false"
"1","unspecified","199","완도","해양치유시티투어","0.30214285714285716","0","0","0","0.30214285714285716","false"
"1","unspecified","94","여주","시티투어","0.3018181818181818","0","0","0","0.3018181818181818","false"
"1","unspecified","69","서산","B코스","0.2985714285714286","0.0009979989173122077","0","0.0009979989173122077","0.2995694274887408","false"
"1","unspecified","153","세종","행복투어B","0.2866666666666667","0","0","0","0.2866666666666667","false"
"1","unspecified","242","순천","(기획투어)나이트가든투어","0.2866666666666667","0","0","0","0.2866666666666667","false"
"1","unspecified","90","청주","청주시티투어_정기투어_힐링로드 투어(토)","0.28428571428571425","0","0","0","0.28428571428571425","false"
"1","unspecified","256","울산","태화강 국가정원 코스","0.2838888888888889","0","0","0","0.2838888888888889","false"
"1","unspecified","174","춘천","화요일","0.28250000000000003","0","0","0","0.28250000000000003","false"
"1","unspecified","143","동해","관광문화코스","0.2783333333333333","0","0","0","0.2783333333333333","false"
"1","unspecified","139","군산","(익산역 출발) 고군산시간여행코스","0.27","0.002412760623222673","0","0.002412760623222673","0.27241276062322267","false"
"1","unspecified","176","창원","창원시티투어","0.26999999999999996","0","0","0","0.26999999999999996","false"
"1","unspecified","53","사천","바다투어","0.26285714285714284","0","0","0","0.26285714285714284","false"
"1","unspecified","137","임실","명소탐방 임실 시티투어","0.26","0","0","0","0.26","false"
"1","unspecified","192","삼척","종일코스","0.26","0","0","0","0.26","false"
"1","unspecified","22","여수","2층야간코스","0.24857142857142853","0.0023171268066686426","0","0.0023171268066686426","0.2508885553780972","false"
"1","unspecified","277","서울","EG투어버스 J코스","0.25","0","0","0","0.25","false"
"1","unspecified","279","서울","EG투어버스 H코스","0.25","0","0","0","0.25","false"
"1","unspecified","250","대전","광역투어(넷재주, 일)","0.24857142857142853","0","0","0","0.24857142857142853","false"
"1","unspecified","3","부산","오렌지라인","0.24692307692307694","0","0","0","0.24692307692307694","false"
"1","unspecified","34","화성","테마와 하루(농어촌 체험)","0.245","0.0011070526507713217","0","0.001107052650771322","0.24610705265077132","false"
"1","unspecified","35","화성","소소한 하루","0.245","0.0011070526507713217","0","0.001107052650771322","0.24610705265077132","false"
"1","unspecified","25","여수","이순신문화유적코스","0.2422222222222222","0.0023171268066686426","0","0.0023171268066686426","0.24453934902889085","false"
"1","unspecified","56","영주","선비 코스","0.23500000000000001","0","0","0","0.23500000000000001","false"
"1","unspecified","103","안동","도산서원&예끼마을테마","0.23500000000000001","0","0","0","0.23500000000000001","false"
"1","unspecified","212","대전","야경","0.23249999999999998","0","0","0","0.23249999999999998","false"
"1","unspecified","5","부산","레드라인","0.23194789081885858","0","0","0","0.23194789081885858","false"
"1","unspecified","50","사천","우주항공산업투어","0.23111111111111107","0","0","0","0.23111111111111107","false"
"1","unspecified","38","화성","바다와 하루","0.23","0.0011070526507713217","0","0.001107052650771322","0.23110705265077133","false"
"1","unspecified","239","순천","(테마투어)세계유산투어","0.23","0","0","0","0.23","false"
"1","unspecified","268","서울","EG투어버스 B코스","0.23","0","0","0","0.23","false"
"1","unspecified","52","사천","이순신승전길투어","0.22624999999999998","0","0","0","0.22624999999999998","false"
"1","unspecified","78","원주","원주시티투어(순환형)","0.22333333333333333","0","0","0","0.22333333333333333","false"
"1","unspecified","244","아산","예술맛집 코스","0.22","0.002654863738283774","0","0.0026548637382837743","0.22265486373828378","false"
"1","unspecified","154","세종","야경투어","0.22","0","0","0","0.22","false"
"1","unspecified","168","태안","북부코스","0.22","0","0","0","0.22","false"
"1","unspecified","106","안동","주간도심테마","0.21999999999999997","0","0","0","0.21999999999999997","false"
"1","unspecified","232","서천","전라권코스","0.21166666666666664","0","0","0","0.21166666666666664","false"
"1","unspecified","98","양산","봄꽃체험코스","0.21","0.00004241562784227272","0","0.000042415627842272725","0.21004241562784226","false"
"1","unspecified","230","대전","남부코스","0.21","0","0","0","0.21","false"
"1","unspecified","39","화성","열차와 하루","0.2033333333333333","0.0011070526507713217","0","0.001107052650771322","0.20444038598410463","false"
"1","unspecified","8","대구","테마(야경 4~10월)","0.20033870967741937","0","0","0","0.20033870967741937","false"
"1","unspecified","54","사천","별빛투어","0.19727272727272727","0","0","0","0.19727272727272727","false"
"1","unspecified","208","양구","방산나들이코스","0.18666666666666665","0.006840613534410833","0","0.006840613534410833","0.1935072802010775","false"
"1","unspecified","99","봉화","송이축제 문화유적탐방버스","0.19","0","0","0","0.19","false"
"1","unspecified","100","봉화","은어축제 문화유적탐방버스","0.19","0","0","0","0.19","false"
"1","unspecified","213","대전","힐링(장태산)","0.19","0","0","0","0.19","false"
"1","unspecified","269","서울","EG투어버스 A코스","0.19","0","0","0","0.19","false"
"1","unspecified","62","익산","익산숨은보석찾기코스","0.18428571428571425","0.003572488446379173","0","0.0035724884463791736","0.18785820273209342","false"
"1","unspecified","226","대전","광역투어(둘째주, 토)","0.18666666666666665","0","0","0","0.18666666666666665","false"
"1","unspecified","207","양구","힐링산책코스","0.17833333333333332","0.006840613534410833","0","0.006840613534410833","0.18517394686774416","false"
"1","unspecified","79","연천","연천명소코스","0.17833333333333332","0.0036576874126132827","0","0.003657687412613283","0.18199102074594659","false"
"1","unspecified","218","대전","생태교육","0.18","0","0","0","0.18","false"
"1","unspecified","278","서울","EG투어버스 I코스","0.18","0","0","0","0.18","false"
"1","unspecified","95","양산","양산시 가을 시티투어 (자연관광코스)","0.17833333333333332","0.00004241562784227272","0","0.000042415627842272725","0.17837574896117558","false"
"1","unspecified","113","가평","가평순환버스B코스","0.17833333333333332","0","0","0","0.17833333333333332","false"
"1","unspecified","70","서산","A코스","0.16999999999999998","0.0009979989173122077","0","0.0009979989173122077","0.17099799891731218","false"
"1","unspecified","206","양구","해안DMZ트래킹 코스","0.16166666666666665","0.006840613534410833","0","0.006840613534410833","0.1685072802010775","false"
"1","unspecified","80","연천","안보자연코스","0.16166666666666665","0.0036576874126132827","0","0.003657687412613283","0.16532435407927992","false"
"1","unspecified","140","군산","고군산시간여행코스","0.16285714285714284","0.002412760623222673","0","0.002412760623222673","0.16526990348036552","false"
"1","unspecified","26","여수","다크투어리즘코스","0.16285714285714284","0.0023171268066686426","0","0.0023171268066686426","0.1651742696638115","false"
"1","unspecified","220","아산","인생네컷 코스","0.16166666666666665","0.002654863738283774","0","0.0026548637382837743","0.16432153040495043","false"
"1","unspecified","77","태백","황지자유시장 코스","0.16374999999999998","0","0","0","0.16374999999999998","false"
"1","unspecified","210","곡성","읍권 순환버스","0.16374999999999998","0","0","0","0.16374999999999998","false"
"1","unspecified","0","부산","동부산테마노선","0.16338709677419352","0","0","0","0.16338709677419352","false"
"1","unspecified","260","서천","문화코스","0.1633333333333333","0","0","0","0.1633333333333333","false"
"1","unspecified","63","홍성","죽도코스","0.16166666666666665","0","0","0","0.16166666666666665","false"
"1","unspecified","147","안산","대부도 해변코스(일반형 2코스)","0.15333333333333332","0.0026492933616878607","0","0.002649293361687861","0.1559826266950212","false"
"1","unspecified","148","안산","대부도 해변코스(일반형 1코스)","0.15333333333333332","0.0026492933616878607","0","0.002649293361687861","0.1559826266950212","false"
"1","unspecified","215","대전","역사문화(동춘당)","0.15333333333333332","0","0","0","0.15333333333333332","false"
"1","unspecified","87","의정부","의정부포레스트:오감이 깨어나는 숲 속 여행","0.15","0","0","0","0.15","false"
"1","unspecified","110","정선","아리랑열차 연계형 시티투어2","0.15","0","0","0","0.15","false"
"1","unspecified","111","정선","아리랑열차 연계형 시티투어 1","0.15","0","0","0","0.15","false"
"1","unspecified","136","인천","인천레트로노선","0.15","0","0","0","0.15","false"
"1","unspecified","182","포항","퐝순환코스","0.15","0","0","0","0.15","false"
"1","unspecified","27","여수","제2코스","0.14307692307692307","0.0023171268066686426","0","0.0023171268066686426","0.14539404988359172","false"
"1","unspecified","76","태백","통리장 코스","0.145","0","0","0","0.145","false"
"1","unspecified","91","청주","청주시티투어_정기투어_초정힐링 투어(토)","0.145","0","0","0","0.145","false"
"1","unspecified","251","대전","광역투어(넷재주, 토)","0.145","0","0","0","0.145","false"
"1","unspecified","1","부산","서부산생태투어","0.13874999999999998","0","0","0","0.13874999999999998","false"
"1","unspecified","20","광양","야경코스","0.13874999999999998","0","0","0","0.13874999999999998","false"
"1","unspecified","24","여수","야경코스","0.13428571428571426","0.0023171268066686426","0","0.0023171268066686426","0.1366028410923829","false"
"1","unspecified","105","안동","야간도심테마","0.13428571428571426","0","0","0","0.13428571428571426","false"
"1","unspecified","92","청주","청주시티투어_정기투어_청남대 투어(수토일)","0.1311111111111111","0","0","0","0.1311111111111111","false"
"1","unspecified","151","안산","대부도 뱃길코스(일반형 2코스)","0.12555555555555556","0.0026492933616878607","0","0.002649293361687861","0.12820484891724343","false"
"1","unspecified","171","춘천","금요일","0.12625","0","0","0","0.12625","false"
"1","unspecified","191","평창","남부권 코스","0.12625","0","0","0","0.12625","false"
"1","unspecified","49","밀양","시내권 투어 1","0.12000000000000001","0","0","0","0.12000000000000001","false"
"1","unspecified","228","대전","광역투어(첫주, 토)","0.12000000000000001","0","0","0","0.12000000000000001","false"
"1","unspecified","57","영주","물돌이 코스","0.115","0","0","0","0.115","false"
"1","unspecified","114","가평","가평순환버스A코스","0.11444444444444445","0","0","0","0.11444444444444445","false"
"1","unspecified","152","안산","대부도 뱃길코스(일반형 1코스)","0.10888888888888888","0.0026492933616878607","0","0.002649293361687861","0.11153818225057674","false"
"1","unspecified","23","여수","2층주간코스","0.10500000000000001","0.0023171268066686426","0","0.0023171268066686426","0.10731712680666865","false"
"1","unspecified","21","여수","야간테마코스(시간을달리는버스커)","0.09272727272727273","0.0023171268066686426","0","0.0023171268066686426","0.09504439953394136","false"
"1","unspecified","4","부산","그린라인","0.08923076923076924","0","0","0","0.08923076923076924","false"
"1","unspecified","71","천안","일요일","0.0825","0","0","0","0.0825","false"
"1","unspecified","200","진도","진도시티투어","0.06642857142857143","0","0","0","0.06642857142857143","false"
"1","unspecified","41","화성","역사와 하루2","0.06","0.0011070526507713217","0","0.001107052650771322","0.06110705265077132","false"
"1","unspecified","101","청도","시티투어","0.06","0","0","0","0.06","false"
"1","unspecified","32","화성","테마와 하루(문화예술 체험)","0.05333333333333333","0.0011070526507713217","0","0.001107052650771322","0.05444038598410465","false"
"1","unspecified","275","서울","EG투어버스 L코스","0.05333333333333333","0","0","0","0.05333333333333333","false"
"1","unspecified","146","안산","대부도 해변코스(체험형 1코스)","0.05","0.0026492933616878607","0","0.002649293361687861","0.05264929336168787","false"
"1","unspecified","33","화성","테마와 하루(목장 체험)","0.05","0.0011070526507713217","0","0.001107052650771322","0.051107052650771326","false"
"1","unspecified","28","여수","제1코스","0.04857142857142857","0.0023171268066686426","0","0.0023171268066686426","0.050888555378097215","false"
"1","unspecified","149","안산","대부도 뱃길코스(체험형 2코스)","0.045","0.0026492933616878607","0","0.002649293361687861","0.04764929336168786","false"
"1","unspecified","150","안산","대부도 뱃길코스(체험형 1코스)","0.045","0.0026492933616878607","0","0.002649293361687861","0.04764929336168786","false"
"1","unspecified","85","이천","농촌체험코스(남부)","0.045","0.0017310259994758857","0","0.001731025999475886","0.046731025999475886","false"
"1","unspecified","84","이천","농촌체험코스(중부)","0.04000000000000001","0.0017310259994758857","0","0.001731025999475886","0.041731025999475896","false"
"1","unspecified","6","제주","야간코스(7월말~8월말 운영)","0.041428571428571426","0","0","0","0.041428571428571426","false"
"1","unspecified","209","곡성","압록권역 순환버스","0.04000000000000001","0","0","0","0.04000000000000001","false"
"1","unspecified","276","서울","EG투어버스 K 코스","0.04000000000000001","0","0","0","0.04000000000000001","false"
"1","unspecified","83","이천","농촌체험코스(북부)","0.03666666666666667","0.0017310259994758857","0","0.001731025999475886","0.038397692666142555","false"
"1","unspecified","45","화성","테마와 하루(지역축제 체험)","0.03666666666666667","0.0011070526507713217","0","0.001107052650771322","0.03777371931743799","false"
"1","unspecified","82","이천","승마체험코스","0.0325","0.0017310259994758857","0","0.001731025999475886","0.03423102599947589","false"
"1","unspecified","31","화성","테마와 하루(해양생태 체험)","0.030000000000000002","0.0011070526507713217","0","0.001107052650771322","0.031107052650771325","false"
"1","unspecified","246","대전","언택트세이프(B)","0.030000000000000002","0","0","0","0.030000000000000002","false"
"1","unspecified","271","서울","EG투어버스 F코스","0.030000000000000002","0","0","0","0.030000000000000002","false"
"1","unspecified","93","여주","꽃섬투어","0.025555555555555557","0","0","0","0.025555555555555557","false"
"1","unspecified","75","충주","충주시티투어","0.02","0.002213715256804661","0","0.002213715256804661","0.022213715256804663","false"
"1","unspecified","118","파주","2026 파주시티투어 당일코스(금요일)","0.02","0.0019319375798331965","0","0.0019319375798331968","0.021931937579833197","false"
"1","unspecified","2","부산","야경투어","0.02092741935483871","0","0","0","0.02092741935483871","false"
"1","unspecified","29","목포","별빛물결시티투어","0.02","0","0","0","0.02","false"
"1","unspecified","164","화순","화순적벽 버스투어(적벽 셔틀버스)","0.02","0","0","0","0.02","false"
"1","unspecified","165","화순","화순적벽 버스투어(적벽투어)","0.02","0","0","0","0.02","false"
"1","unspecified","211","대전","가족여행","0.02","0","0","0","0.02","false"
"1","unspecified","219","대전","다크투어","0.02","0","0","0","0.02","false"
"1","unspecified","273","서울","EG투어버스 D코스","0.02","0","0","0","0.02","false"
"1","unspecified","60","익산","맞춤형코스","0","0.003572488446379173","0","0.0035724884463791736","0.0035724884463791736","false"
"1","unspecified","36","화성","별과 하루","0","0.0011070526507713217","0","0.001107052650771322","0.001107052650771322","false"
"1","unspecified","37","화성","노을과 하루","0","0.0011070526507713217","0","0.001107052650771322","0.001107052650771322","false"
"1","unspecified","44","화성","섬과 하루","0","0.0011070526507713217","0","0.001107052650771322","0.001107052650771322","false"
"1","unspecified","16","대구","테마(야경 11~3월)","0.00033870967741935485","0","0","0","0.00033870967741935485","false"
"1","unspecified","55","영주","특별운영","0","0","0","0","0","false"
"1","unspecified","88","청주","청주시티투어_수시투어","0","0","0","0","0","false"
"1","unspecified","125","부천","정규코스. 특별코스","0","0","0","0","0","false"
"1","unspecified","132","인천","선재영흥투어","0","0","0","0","0","false"
"1","unspecified","134","인천","무의도투어","0","0","0","0","0","false"
"1","unspecified","141","제천","제천관광택시","0","0","0","0","0","false"
"1","unspecified","198","공주","축제코스","0","0","0","0","0","false"
"1","unspecified","231","태안","북부코스남부코스","0","0","0","0","0","false"
"1","unspecified","259","단양","단양군시티투어","0","0","0","0","0","false"
"1","unspecified","261","부여","백제문화단지-부소산성-궁남지-정림사지-백제문화단지","0","0","0","0","0","false"
"2","male","10","대구","테마-전통5일장-현풍백년도깨비시장","2","0","0","0","2","true"
"2","male","7","제주","순환형코스","1.9500000000000002","0","0","0","1.9500000000000002","true"
"2","male","122","시흥","테마형 수시코스","1.85","0.002148510064676316","0.0001327925745534798","0.002281302639229796","1.85228130263923","true"
"2","male","14","대구","테마-방방곡곡(팔공산)","1.8","0","0","0","1.8","false"
"2","male","112","정선","와와정선 2층 투어버스","1.2000000000000002","0","0","0","1.2000000000000002","true"
"2","male","156","세종","역사산책투어","1.17","0","0","0","1.17","true"
"2","male","15","대구","도심순환코스(12개 정류장)","1","0","0","0","1","false"
"2","male","129","인천","노을야경투어","1","0","0","0","1","false"
"2","male","131","인천","교동도투어","1","0","0","0","1","false"
"2","male","135","인천","바다노선","1","0","0","0","1","false"
"2","male","183","포항","퐝랜드마크B코스","1","0","0","0","1","false"
"2","male","130","인천","석모도투어","0.95","0","0","0","0.95","false"
"2","male","184","포항","퐝랜드마크A코스","0.95","0","0","0","0.95","false"
"2","male","185","포항","씨(SEA)하게 보는 포항코스","0.95","0","0","0","0.95","false"
"2","male","159","세종","봄꽃파닭B투어","0.9366666666666666","0","0","0","0.9366666666666666","false"
"2","male","160","세종","봄꽃파닭A투어","0.9366666666666666","0","0","0","0.9366666666666666","false"
"2","male","120","파주","2026 파주시티투어 당일코스(수요일)","0.8866666666666667","0.0016589957880501344","0","0.0016589957880501344","0.8883256624547169","false"
"2","male","181","김해","김해에반해","0.8771428571428572","0.0011558834518592212","0.000042864459740554696","0.001198747911599776","0.878341605054457","false"
"2","male","179","김해","역사에반해","0.8533333333333334","0.0011558834518592212","0.000042864459740554696","0.001198747911599776","0.8545320812449332","false"
"2","male","133","인천","청라투어","0.85","0","0","0","0.85","false"
"2","male","267","공주","반일코스","0.8300000000000001","0","0","0","0.8300000000000001","false"
"2","male","11","대구","테마-방방곡곡(사시사철)","0.8","0","0","0","0.8","false"
"2","male","12","대구","테마-방방곡곡(군위군 돋보기)","0.8","0","0","0","0.8","false"
"2","male","13","대구","테마-방방곡곡(낙동강)","0.8","0","0","0","0.8","false"
"2","male","229","대전","대청호코스","0.8","0","0","0","0.8","false"
"2","male","180","김해","자연에반해","0.77","0.0011558834518592212","0.000042864459740554696","0.001198747911599776","0.7711987479115998","false"
"2","male","74","천안","화요일","0.7325","0","0","0","0.7325","false"
"2","male","262","공주","봄·여름·가을 코스","0.7033333333333334","0","0","0","0.7033333333333334","false"
"2","male","138","군산","(박물관 출발) 고군산코스","0.6866666666666666","0.0002395086913499886","0.00004344812146239216","0.0002829568128123808","0.6869496234794791","false"
"2","male","173","춘천","수요일","0.6866666666666666","0","0","0","0.6866666666666666","false"
"2","male","166","태안","광역코스","0.67","0.0008631749539689062","0","0.0008631749539689062","0.670863174953969","false"
"2","male","178","김해","문화에반해","0.6599999999999999","0.0011558834518592212","0.000042864459740554696","0.001198747911599776","0.6611987479115997","false"
"2","male","235","홍천","홍천시티투어","0.6533333333333333","0","0","0","0.6533333333333333","false"
"2","male","188","서천","푸른빛코스","0.645","0","0","0","0.645","false"
"2","male","227","대전","광역투어(첫주, 일)","0.6387499999999999","0","0","0","0.6387499999999999","false"
"2","male","46","합천","합천광역시티투어 누비고","0.6366666666666667","0","0","0","0.6366666666666667","false"
"2","male","42","화성","역사와 하루1","0.63","0.00340673938366453","0.00011338305027020722","0.003520122433934737","0.6335201224339347","false"
"2","male","116","파주","2026 파주시티투어 당일코스(일요일)","0.62","0.0016589957880501344","0","0.0016589957880501344","0.6216589957880502","false"
"2","male","119","파주","2026 파주시티투어 당일코스(목요일)","0.62","0.0016589957880501344","0","0.0016589957880501344","0.6216589957880502","false"
"2","male","61","익산","세계유산코스","0.62","0.0001724271819671193","0","0.00017242718196711928","0.6201724271819671","false"
"2","male","223","대전","광역투어(셋째주, 일)","0.5985714285714285","0","0","0","0.5985714285714285","false"
"2","male","263","공주","가을코스2","0.5755555555555556","0","0","0","0.5755555555555556","false"
"2","male","236","화천","화천시티투어(백암산케이블카)","0.5700000000000001","0","0.0003829599623132855","0.0003829599623132855","0.5703829599623134","false"
"2","male","254","경산","소원성취코스,삼성현명품투어코스","0.5628571428571428","0","0","0","0.5628571428571428","false"
"2","male","126","대구","도동코스","0.5575","0","0","0","0.5575","false"
"2","male","177","경기광주","광주시티투어","0.5559387755102041","0.0006849556551907738","0","0.0006849556551907737","0.5566237311653949","false"
"2","male","127","대구","송해코스","0.54","0","0","0","0.54","false"
"2","male","241","순천","(테마투어)생태투어","0.54","0","0","0","0.54","false"
"2","male","81","연천","역사자연코스","0.5342857142857143","0","0.00020103247267750098","0.00020103247267750098","0.5344867467583918","false"
"2","male","265","공주","여름코스","0.53","0","0","0","0.53","false"
"2","male","96","양산","양산시 가을 시티투어 (역사문화코스)","0.5116666666666666","0.000359217245188274","0","0.000359217245188274","0.5120258839118549","false"
"2","male","162","세종","세종관광명소B투어","0.5075000000000001","0","0","0","0.5075000000000001","false"
"2","male","144","안산","안산 시내권코스(토요일)","0.495","0.0028853056149984405","0","0.002885305614998441","0.49788530561499844","false"
"2","male","258","양주","왕실축제","0.495","0.0008957752945959523","0.000014148710928409726","0.000909924005524362","0.49590992400552436","false"
"2","male","47","밀양","삼랑진권 투어","0.495","0","0","0","0.495","false"
"2","male","108","부여","부여테마여행","0.4936842105263158","0","0","0","0.4936842105263158","false"
"2","male","222","아산","아산도심핫플코스","0.4866666666666667","0.0021921859137382644","0.000033513003904574515","0.0022256989176428392","0.48889236558430954","false"
"2","male","249","대전","광역투어(다섯째주, 토)","0.48875","0","0","0","0.48875","false"
"2","male","175","춘천","월요일","0.48250000000000004","0","0","0","0.48250000000000004","false"
"2","male","195","완주","완주힐링로드시티투어 2코스","0.4755555555555555","0","0","0","0.4755555555555555","false"
"2","male","72","천안","토요일","0.47000000000000003","0","0","0","0.47000000000000003","false"
"2","male","73","천안","목요일","0.47000000000000003","0","0","0","0.47000000000000003","false"
"2","male","161","세종","천안연계투어","0.47000000000000003","0","0","0","0.47000000000000003","false"
"2","male","86","평택","문화유산코스 /관광코스 ※무장애코스 월2회 정기운영(3~6월,9~11월)","0.4642307692307692","0.002780049796600459","0.000212188490239465","0.002992238286839924","0.46722300751760915","false"
"2","male","186","서천","동백코스(익산-군산 광역)","0.45333333333333337","0","0","0","0.45333333333333337","false"
"2","male","225","대전","광역투어(둘째주, 일)","0.45333333333333337","0","0","0","0.45333333333333337","false"
"2","male","252","안성","안성시티투어","0.45000000000000007","0.0013688267586837606","0.00018142602289238774","0.0015502527815761486","0.45155025278157623","false"
"2","male","237","화천","화천시티투어(평화누리호)","0.45000000000000007","0","0.0003829599623132855","0.0003829599623132855","0.45038295996231337","false"
"2","male","64","홍성","전통시장코스(홍성) 1,6일 운영","0.45000000000000007","0","0","0","0.45000000000000007","false"
"2","male","203","양주","박물관투어","0.44857142857142857","0.0008957752945959523","0.000014148710928409726","0.000909924005524362","0.44948135257695293","false"
"2","male","167","태안","남부코스","0.445","0.0008631749539689062","0","0.0008631749539689062","0.44586317495396893","false"
"2","male","43","화성","자연과 하루","0.4325","0.00340673938366453","0.00011338305027020722","0.003520122433934737","0.43602012243393473","false"
"2","male","264","공주","가을코스","0.43500000000000005","0","0","0","0.43500000000000005","false"
"2","male","157","세종","행복투어A","0.43000000000000005","0","0","0","0.43000000000000005","false"
"2","male","240","순천","(테마투어)성곽투어","0.43000000000000005","0","0","0","0.43000000000000005","false"
"2","male","216","대전","역사문화(효월드)","0.42714285714285716","0","0","0","0.42714285714285716","false"
"2","male","255","울산","장생포 대왕암 코스","0.42714285714285716","0","0","0","0.42714285714285716","false"
"2","male","30","목포","목포랑시티투어","0.4241666666666667","0","0","0","0.4241666666666667","false"
"2","male","145","안산","안산 시내권코스(목요일)","0.42","0.0028853056149984405","0","0.002885305614998441","0.42288530561499843","false"
"2","male","243","나주","정기코스","0.42000000000000004","0.00017699025236507518","0","0.00017699025236507518","0.4201769902523651","false"
"2","male","190","영광","영광쉼,투어","0.42","0","0.00005510156488704973","0.00005510156488704973","0.420055101564887","false"
"2","male","163","세종","세종관광명소A투어","0.42000000000000004","0","0","0","0.42000000000000004","false"
"2","male","214","대전","힐링(만인산)","0.42000000000000004","0","0","0","0.42000000000000004","false"
"2","male","238","순천","(테마투어)산사투어","0.42000000000000004","0","0","0","0.42000000000000004","false"
"2","male","253","대전","언택트세이프?","0.42000000000000004","0","0","0","0.42000000000000004","false"
"2","male","9","대구","테마-전통5일장-군위전통시장","0.42","0","0","0","0.42","false"
"2","male","224","대전","광역투어(셋째주, 토)","0.41285714285714287","0","0","0","0.41285714285714287","false"
"2","male","189","서천","보랏빛코스","0.4057142857142857","0","0","0","0.4057142857142857","false"
"2","male","40","화성","모두와 하루(무장애 여행)","0.4","0.00340673938366453","0.00011338305027020722","0.003520122433934737","0.40352012243393476","false"
"2","male","197","평창","북부권 코스","0.40125","0","0","0","0.40125","false"
"2","male","17","해남","해남시티투어","0.4","0","0.00001708938585871869","0.00001708938585871869","0.4000170893858587","false"
"2","male","204","양주","역사투어","0.395","0.0008957752945959523","0.000014148710928409726","0.000909924005524362","0.3959099240055244","false"
"2","male","58","익산","순환형2","0.395","0.0001724271819671193","0","0.00017242718196711928","0.39517242718196716","false"
"2","male","59","익산","순환형1","0.395","0.0001724271819671193","0","0.00017242718196711928","0.39517242718196716","false"
"2","male","123","시흥","테마형 정기코스","0.39","0.002148510064676316","0.0001327925745534798","0.002281302639229796","0.39228130263922983","false"
"2","male","124","시흥","순환형 2층버스","0.39","0.002148510064676316","0.0001327925745534798","0.002281302639229796","0.39228130263922983","false"
"2","male","187","서천","금빛코스","0.39142857142857146","0","0","0","0.39142857142857146","false"
"2","male","48","밀양","영남알프스권 투어 1","0.38250000000000006","0","0","0","0.38250000000000006","false"
"2","male","221","아산","休캉스 코스","0.38","0.0021921859137382644","0.000033513003904574515","0.0022256989176428392","0.38222569891764285","false"
"2","male","245","아산","역사기행 코스","0.38","0.0021921859137382644","0.000033513003904574515","0.0022256989176428392","0.38222569891764285","false"
"2","male","155","세종","정원투어","0.38","0","0","0","0.38","false"
"2","male","217","대전","대덕특구탐방","0.38","0","0","0","0.38","false"
"2","male","193","완주","완주힐링로드 시티투어(코레일연계 익산역)","0.37909090909090915","0","0","0","0.37909090909090915","false"
"2","male","51","사천","오감체험투어","0.3783333333333333","0","0","0","0.3783333333333333","false"
"2","male","107","예산","예산군 버스투어","0.3783333333333333","0","0","0","0.3783333333333333","false"
"2","male","272","서울","EG투어버스 E코스","0.3783333333333333","0","0","0","0.3783333333333333","false"
"2","male","266","공주","봄코스","0.37357142857142855","0","0","0","0.37357142857142855","false"
"2","male","117","파주","2026 파주시티투어 당일코스(토요일)","0.37","0.0016589957880501344","0","0.0016589957880501344","0.3716589957880501","false"
"2","male","257","양주","천일홍축제","0.37","0.0008957752945959523","0.000014148710928409726","0.000909924005524362","0.37090992400552436","false"
"2","male","109","부여","롯데리조트부여와 함께하는 부여 감성야행","0.3616666666666667","0","0","0","0.3616666666666667","false"
"2","male","97","양산","2025 6월 시티투어","0.35333333333333333","0.000359217245188274","0","0.000359217245188274","0.3536925505785216","false"
"2","male","67","홍성","역사·문화 코스","0.35333333333333333","0","0","0","0.35333333333333333","false"
"2","male","158","세종","역사문화투어","0.35333333333333333","0","0","0","0.35333333333333333","false"
"2","male","172","춘천","목요일","0.35333333333333333","0","0","0","0.35333333333333333","false"
"2","male","248","대전","광역투어(다섯째주, 일)","0.35125000000000006","0","0","0","0.35125000000000006","false"
"2","male","194","완주","완주힐링로드 시티투어(서울권역)","0.3491666666666667","0","0","0","0.3491666666666667","false"
"2","male","205","양주","기본코스","0.34777777777777774","0.0008957752945959523","0.000014148710928409726","0.000909924005524362","0.3486877017833021","false"
"2","male","18","광양","광양역사코스","0.34777777777777774","0.0006913714352819012","0.00008464853243011739","0.0007760199677120186","0.3485537977454898","false"
"2","male","19","광양","광양힐링코스","0.34777777777777774","0.0006913714352819012","0.00008464853243011739","0.0007760199677120186","0.3485537977454898","false"
"2","male","65","홍성","전통시장코스(광천) 4,9일 운영","0.345","0","0","0","0.345","false"
"2","male","274","서울","EG투어버스 C코스","0.345","0","0","0","0.345","false"
"2","male","247","대전","언택트세이프(A)","0.34","0","0","0","0.34","false"
"2","male","270","서울","EG투어버스 G코스","0.34","0","0","0","0.34","false"
"2","male","196","완주","완주힐링로드시티투어 1코스","0.3392307692307693","0","0","0","0.3392307692307693","false"
"2","male","121","파주","2026 파주시티투어 당일코스(화요일)","0.33666666666666667","0.0016589957880501344","0","0.0016589957880501344","0.3383256624547168","false"
"2","male","115","파주","2026 파주시티투어 1박2일코스(토요일~일요일)","0.32833333333333337","0.0016589957880501344","0","0.0016589957880501344","0.3299923291213835","false"
"2","male","128","대구","현풍코스","0.3271428571428572","0","0","0","0.3271428571428572","false"
"2","male","233","서천","광역코스","0.3271428571428571","0","0","0","0.3271428571428571","false"
"2","male","234","서천","힐링코스","0.3271428571428571","0","0","0","0.3271428571428571","false"
"2","male","201","양주","자연친화코스1","0.32","0.0008957752945959523","0.000014148710928409726","0.000909924005524362","0.32090992400552437","false"
"2","male","142","제천","시티투어","0.32000000000000006","0","0","0","0.32000000000000006","false"
"2","male","89","청주","청주시티투어_정기투어_트레킹 투어(토)","0.32","0","0","0","0.32","false"
"2","male","169","춘천","일요일","0.31500000000000006","0","0","0","0.31500000000000006","false"
"2","male","170","춘천","토요일","0.31500000000000006","0","0","0","0.31500000000000006","false"
"2","male","104","안동","하회마을테마","0.3109090909090909","0","0","0","0.3109090909090909","false"
"2","male","202","양주","서울우유견학코스","0.3057142857142857","0.0008957752945959523","0.000014148710928409726","0.000909924005524362","0.3066242097198101","false"
"2","male","102","안동","봉정사&만휴정테마","0.3063636363636364","0","0","0","0.3063636363636364","false"
"2","male","68","서산","C코스","0.3057142857142857","0","0","0","0.3057142857142857","false"
"2","male","66","홍성","남당항 코스","0.30333333333333334","0","0","0","0.30333333333333334","false"
"2","male","199","완도","해양치유시티투어","0.30214285714285716","0","0.0001690471921373689","0.0001690471921373689","0.30231190433499455","false"
"2","male","94","여주","시티투어","0.3018181818181818","0","0","0","0.3018181818181818","false"
"2","male","69","서산","B코스","0.2985714285714286","0","0","0","0.2985714285714286","false"
"2","male","153","세종","행복투어B","0.2866666666666667","0","0","0","0.2866666666666667","false"
"2","male","242","순천","(기획투어)나이트가든투어","0.2866666666666667","0","0","0","0.2866666666666667","false"
"2","male","90","청주","청주시티투어_정기투어_힐링로드 투어(토)","0.28428571428571425","0","0","0","0.28428571428571425","false"
"2","male","256","울산","태화강 국가정원 코스","0.2838888888888889","0","0","0","0.2838888888888889","false"
"2","male","174","춘천","화요일","0.28250000000000003","0","0","0","0.28250000000000003","false"
"2","male","143","동해","관광문화코스","0.2783333333333333","0","0","0","0.2783333333333333","false"
"2","male","139","군산","(익산역 출발) 고군산시간여행코스","0.27","0.0002395086913499886","0.00004344812146239216","0.0002829568128123808","0.2702829568128124","false"
"2","male","176","창원","창원시티투어","0.26999999999999996","0","0","0","0.26999999999999996","false"
"2","male","53","사천","바다투어","0.26285714285714284","0","0","0","0.26285714285714284","false"
"2","male","137","임실","명소탐방 임실 시티투어","0.26","0","0","0","0.26","false"
"2","male","192","삼척","종일코스","0.26","0","0","0","0.26","false"
"2","male","277","서울","EG투어버스 J코스","0.25","0","0","0","0.25","false"
"2","male","279","서울","EG투어버스 H코스","0.25","0","0","0","0.25","false"
"2","male","22","여수","2층야간코스","0.24857142857142853","0.0012780780063872974","0","0.0012780780063872976","0.24984950657781582","false"
"2","male","250","대전","광역투어(넷재주, 일)","0.24857142857142853","0","0","0","0.24857142857142853","false"
"2","male","34","화성","테마와 하루(농어촌 체험)","0.245","0.00340673938366453","0.00011338305027020722","0.003520122433934737","0.24852012243393473","false"
"2","male","35","화성","소소한 하루","0.245","0.00340673938366453","0.00011338305027020722","0.003520122433934737","0.24852012243393473","false"
"2","male","3","부산","오렌지라인","0.24692307692307694","0","0","0","0.24692307692307694","false"
"2","male","25","여수","이순신문화유적코스","0.2422222222222222","0.0012780780063872974","0","0.0012780780063872976","0.2435003002286095","false"
"2","male","56","영주","선비 코스","0.23500000000000001","0","0","0","0.23500000000000001","false"
"2","male","103","안동","도산서원&예끼마을테마","0.23500000000000001","0","0","0","0.23500000000000001","false"
"2","male","38","화성","바다와 하루","0.23","0.00340673938366453","0.00011338305027020722","0.003520122433934737","0.23352012243393475","false"
"2","male","212","대전","야경","0.23249999999999998","0","0","0","0.23249999999999998","false"
"2","male","5","부산","레드라인","0.2316648351648352","0","0","0","0.2316648351648352","false"
"2","male","50","사천","우주항공산업투어","0.23111111111111107","0","0","0","0.23111111111111107","false"
"2","male","239","순천","(테마투어)세계유산투어","0.23","0","0","0","0.23","false"
"2","male","268","서울","EG투어버스 B코스","0.23","0","0","0","0.23","false"
"2","male","52","사천","이순신승전길투어","0.22624999999999998","0","0","0","0.22624999999999998","false"
"2","male","78","원주","원주시티투어(순환형)","0.22333333333333333","0","0","0","0.22333333333333333","false"
"2","male","244","아산","예술맛집 코스","0.22","0.0021921859137382644","0.000033513003904574515","0.0022256989176428392","0.22222569891764285","false"
"2","male","168","태안","북부코스","0.22","0.0008631749539689062","0","0.0008631749539689062","0.2208631749539689","false"
"2","male","154","세종","야경투어","0.22","0","0","0","0.22","false"
"2","male","106","안동","주간도심테마","0.21999999999999997","0","0","0","0.21999999999999997","false"
"2","male","232","서천","전라권코스","0.21166666666666664","0","0","0","0.21166666666666664","false"
"2","male","98","양산","봄꽃체험코스","0.21","0.000359217245188274","0","0.000359217245188274","0.21035921724518827","false"
"2","male","230","대전","남부코스","0.21","0","0","0","0.21","false"
"2","male","39","화성","열차와 하루","0.2033333333333333","0.00340673938366453","0.00011338305027020722","0.003520122433934737","0.20685345576726805","false"
"2","male","8","대구","테마(야경 4~10월)","0.2","0","0","0","0.2","false"
"2","male","54","사천","별빛투어","0.19727272727272727","0","0","0","0.19727272727272727","false"
"2","male","99","봉화","송이축제 문화유적탐방버스","0.19","0","0","0","0.19","false"
"2","male","100","봉화","은어축제 문화유적탐방버스","0.19","0","0","0","0.19","false"
"2","male","213","대전","힐링(장태산)","0.19","0","0","0","0.19","false"
"2","male","269","서울","EG투어버스 A코스","0.19","0","0","0","0.19","false"
"2","male","208","양구","방산나들이코스","0.18666666666666665","0","0.0003359102424942268","0.0003359102424942268","0.18700257690916086","false"
"2","male","226","대전","광역투어(둘째주, 토)","0.18666666666666665","0","0","0","0.18666666666666665","false"
"2","male","62","익산","익산숨은보석찾기코스","0.18428571428571425","0.0001724271819671193","0","0.00017242718196711928","0.18445814146768136","false"
"2","male","218","대전","생태교육","0.18","0","0","0","0.18","false"
"2","male","278","서울","EG투어버스 I코스","0.18","0","0","0","0.18","false"
"2","male","95","양산","양산시 가을 시티투어 (자연관광코스)","0.17833333333333332","0.000359217245188274","0","0.000359217245188274","0.1786925505785216","false"
"2","male","207","양구","힐링산책코스","0.17833333333333332","0","0.0003359102424942268","0.0003359102424942268","0.17866924357582753","false"
"2","male","79","연천","연천명소코스","0.17833333333333332","0","0.00020103247267750098","0.00020103247267750098","0.17853436580601081","false"
"2","male","113","가평","가평순환버스B코스","0.17833333333333332","0","0","0","0.17833333333333332","false"
"2","male","70","서산","A코스","0.16999999999999998","0","0","0","0.16999999999999998","false"
"2","male","26","여수","다크투어리즘코스","0.16285714285714284","0.0012780780063872974","0","0.0012780780063872976","0.16413522086353013","false"
"2","male","220","아산","인생네컷 코스","0.16166666666666665","0.0021921859137382644","0.000033513003904574515","0.0022256989176428392","0.1638923655843095","false"
"2","male","77","태백","황지자유시장 코스","0.16374999999999998","0","0","0","0.16374999999999998","false"
"2","male","210","곡성","읍권 순환버스","0.16374999999999998","0","0","0","0.16374999999999998","false"
"2","male","260","서천","문화코스","0.1633333333333333","0","0","0","0.1633333333333333","false"
"2","male","140","군산","고군산시간여행코스","0.16285714285714284","0.0002395086913499886","0.00004344812146239216","0.0002829568128123808","0.1631400996699552","false"
"2","male","0","부산","동부산테마노선","0.16309183673469385","0","0","0","0.16309183673469385","false"
"2","male","206","양구","해안DMZ트래킹 코스","0.16166666666666665","0","0.0003359102424942268","0.0003359102424942268","0.16200257690916087","false"
"2","male","80","연천","안보자연코스","0.16166666666666665","0","0.00020103247267750098","0.00020103247267750098","0.16186769913934415","false"
"2","male","63","홍성","죽도코스","0.16166666666666665","0","0","0","0.16166666666666665","false"
"2","male","147","안산","대부도 해변코스(일반형 2코스)","0.15333333333333332","0.0028853056149984405","0","0.002885305614998441","0.15621863894833177","false"
"2","male","148","안산","대부도 해변코스(일반형 1코스)","0.15333333333333332","0.0028853056149984405","0","0.002885305614998441","0.15621863894833177","false"
"2","male","215","대전","역사문화(동춘당)","0.15333333333333332","0","0","0","0.15333333333333332","false"
"2","male","87","의정부","의정부포레스트:오감이 깨어나는 숲 속 여행","0.15","0","0","0","0.15","false"
"2","male","110","정선","아리랑열차 연계형 시티투어2","0.15","0","0","0","0.15","false"
"2","male","111","정선","아리랑열차 연계형 시티투어 1","0.15","0","0","0","0.15","false"
"2","male","136","인천","인천레트로노선","0.15","0","0","0","0.15","false"
"2","male","182","포항","퐝순환코스","0.15","0","0","0","0.15","false"
"2","male","76","태백","통리장 코스","0.145","0","0","0","0.145","false"
"2","male","91","청주","청주시티투어_정기투어_초정힐링 투어(토)","0.145","0","0","0","0.145","false"
"2","male","251","대전","광역투어(넷재주, 토)","0.145","0","0","0","0.145","false"
"2","male","27","여수","제2코스","0.14307692307692307","0.0012780780063872974","0","0.0012780780063872976","0.14435500108331037","false"
"2","male","20","광양","야경코스","0.13874999999999998","0.0006913714352819012","0.00008464853243011739","0.0007760199677120186","0.139526019967712","false"
"2","male","1","부산","서부산생태투어","0.13874999999999998","0","0","0","0.13874999999999998","false"
"2","male","24","여수","야경코스","0.13428571428571426","0.0012780780063872974","0","0.0012780780063872976","0.13556379229210155","false"
"2","male","105","안동","야간도심테마","0.13428571428571426","0","0","0","0.13428571428571426","false"
"2","male","92","청주","청주시티투어_정기투어_청남대 투어(수토일)","0.1311111111111111","0","0","0","0.1311111111111111","false"
"2","male","151","안산","대부도 뱃길코스(일반형 2코스)","0.12555555555555556","0.0028853056149984405","0","0.002885305614998441","0.128440861170554","false"
"2","male","171","춘천","금요일","0.12625","0","0","0","0.12625","false"
"2","male","191","평창","남부권 코스","0.12625","0","0","0","0.12625","false"
"2","male","49","밀양","시내권 투어 1","0.12000000000000001","0","0","0","0.12000000000000001","false"
"2","male","228","대전","광역투어(첫주, 토)","0.12000000000000001","0","0","0","0.12000000000000001","false"
"2","male","57","영주","물돌이 코스","0.115","0","0","0","0.115","false"
"2","male","114","가평","가평순환버스A코스","0.11444444444444445","0","0","0","0.11444444444444445","false"
"2","male","152","안산","대부도 뱃길코스(일반형 1코스)","0.10888888888888888","0.0028853056149984405","0","0.002885305614998441","0.11177419450388733","false"
"2","male","23","여수","2층주간코스","0.10500000000000001","0.0012780780063872974","0","0.0012780780063872976","0.1062780780063873","false"
"2","male","21","여수","야간테마코스(시간을달리는버스커)","0.09272727272727273","0.0012780780063872974","0","0.0012780780063872976","0.09400535073366002","false"
"2","male","4","부산","그린라인","0.08923076923076924","0","0","0","0.08923076923076924","false"
"2","male","71","천안","일요일","0.0825","0","0","0","0.0825","false"
"2","male","200","진도","진도시티투어","0.06642857142857143","0.00026063438989205764","0.00013165372465383024","0.00039228811454588793","0.06682085954311733","false"
"2","male","41","화성","역사와 하루2","0.06","0.00340673938366453","0.00011338305027020722","0.003520122433934737","0.06352012243393473","false"
"2","male","101","청도","시티투어","0.06","0","0","0","0.06","false"
"2","male","32","화성","테마와 하루(문화예술 체험)","0.05333333333333333","0.00340673938366453","0.00011338305027020722","0.003520122433934737","0.056853455767268066","false"
"2","male","33","화성","테마와 하루(목장 체험)","0.05","0.00340673938366453","0.00011338305027020722","0.003520122433934737","0.05352012243393474","false"
"2","male","275","서울","EG투어버스 L코스","0.05333333333333333","0","0","0","0.05333333333333333","false"
"2","male","146","안산","대부도 해변코스(체험형 1코스)","0.05","0.0028853056149984405","0","0.002885305614998441","0.05288530561499844","false"
"2","male","28","여수","제1코스","0.04857142857142857","0.0012780780063872974","0","0.0012780780063872976","0.049849506577815866","false"
"2","male","149","안산","대부도 뱃길코스(체험형 2코스)","0.045","0.0028853056149984405","0","0.002885305614998441","0.04788530561499844","false"
"2","male","150","안산","대부도 뱃길코스(체험형 1코스)","0.045","0.0028853056149984405","0","0.002885305614998441","0.04788530561499844","false"
"2","male","85","이천","농촌체험코스(남부)","0.045","0.000843137864612549","0.0001305145150416353","0.0009736523796541844","0.04597365237965418","false"
"2","male","6","제주","야간코스(7월말~8월말 운영)","0.041428571428571426","0","0","0","0.041428571428571426","false"
"2","male","84","이천","농촌체험코스(중부)","0.04000000000000001","0.000843137864612549","0.0001305145150416353","0.0009736523796541844","0.04097365237965419","false"
"2","male","45","화성","테마와 하루(지역축제 체험)","0.03666666666666667","0.00340673938366453","0.00011338305027020722","0.003520122433934737","0.0401867891006014","false"
"2","male","209","곡성","압록권역 순환버스","0.04000000000000001","0","0","0","0.04000000000000001","false"
"2","male","276","서울","EG투어버스 K 코스","0.04000000000000001","0","0","0","0.04000000000000001","false"
"2","male","83","이천","농촌체험코스(북부)","0.03666666666666667","0.000843137864612549","0.0001305145150416353","0.0009736523796541844","0.03764031904632085","false"
"2","male","31","화성","테마와 하루(해양생태 체험)","0.030000000000000002","0.00340673938366453","0.00011338305027020722","0.003520122433934737","0.03352012243393474","false"
"2","male","82","이천","승마체험코스","0.0325","0.000843137864612549","0.0001305145150416353","0.0009736523796541844","0.03347365237965418","false"
"2","male","246","대전","언택트세이프(B)","0.030000000000000002","0","0","0","0.030000000000000002","false"
"2","male","271","서울","EG투어버스 F코스","0.030000000000000002","0","0","0","0.030000000000000002","false"
"2","male","93","여주","꽃섬투어","0.025555555555555557","0","0","0","0.025555555555555557","false"
"2","male","118","파주","2026 파주시티투어 당일코스(금요일)","0.02","0.0016589957880501344","0","0.0016589957880501344","0.021658995788050136","false"
"2","male","2","부산","야경투어","0.020410714285714286","0","0","0","0.020410714285714286","false"
"2","male","29","목포","별빛물결시티투어","0.02","0","0","0","0.02","false"
"2","male","75","충주","충주시티투어","0.02","0","0","0","0.02","false"
"2","male","164","화순","화순적벽 버스투어(적벽 셔틀버스)","0.02","0","0","0","0.02","false"
"2","male","165","화순","화순적벽 버스투어(적벽투어)","0.02","0","0","0","0.02","false"
"2","male","211","대전","가족여행","0.02","0","0","0","0.02","false"
"2","male","219","대전","다크투어","0.02","0","0","0","0.02","false"
"2","male","273","서울","EG투어버스 D코스","0.02","0","0","0","0.02","false"
"2","male","36","화성","별과 하루","0","0.00340673938366453","0.00011338305027020722","0.003520122433934737","0.003520122433934737","false"
"2","male","37","화성","노을과 하루","0","0.00340673938366453","0.00011338305027020722","0.003520122433934737","0.003520122433934737","false"
"2","male","44","화성","섬과 하루","0","0.00340673938366453","0.00011338305027020722","0.003520122433934737","0.003520122433934737","false"
"2","male","231","태안","북부코스남부코스","0","0.0008631749539689062","0","0.0008631749539689062","0.0008631749539689062","false"
"2","male","60","익산","맞춤형코스","0","0.0001724271819671193","0","0.00017242718196711928","0.00017242718196711928","false"
"2","male","16","대구","테마(야경 11~3월)","0","0","0","0","0","false"
"2","male","55","영주","특별운영","0","0","0","0","0","false"
"2","male","88","청주","청주시티투어_수시투어","0","0","0","0","0","false"
"2","male","125","부천","정규코스. 특별코스","0","0","0","0","0","false"
"2","male","132","인천","선재영흥투어","0","0","0","0","0","false"
"2","male","134","인천","무의도투어","0","0","0","0","0","false"
"2","male","141","제천","제천관광택시","0","0","0","0","0","false"
"2","male","198","공주","축제코스","0","0","0","0","0","false"
"2","male","259","단양","단양군시티투어","0","0","0","0","0","false"
"2","male","261","부여","백제문화단지-부소산성-궁남지-정림사지-백제문화단지","0","0","0","0","0","false"
"2","female","10","대구","테마-전통5일장-현풍백년도깨비시장","2","0","0","0","2","true"
"2","female","7","제주","순환형코스","1.9500000000000002","0","0","0","1.9500000000000002","true"
"2","female","122","시흥","테마형 수시코스","1.85","0.002148510064676316","0","0.0021485100646763166","1.8521485100646764","true"
"2","female","14","대구","테마-방방곡곡(팔공산)","1.8","0","0","0","1.8","false"
"2","female","112","정선","와와정선 2층 투어버스","1.2000000000000002","0","0.00003777687918638546","0.00003777687918638546","1.2000377768791866","true"
"2","female","156","세종","역사산책투어","1.17","0","0","0","1.17","true"
"2","female","15","대구","도심순환코스(12개 정류장)","1","0","0","0","1","false"
"2","female","129","인천","노을야경투어","1","0","0","0","1","false"
"2","female","131","인천","교동도투어","1","0","0","0","1","false"
"2","female","135","인천","바다노선","1","0","0","0","1","false"
"2","female","183","포항","퐝랜드마크B코스","1","0","0","0","1","false"
"2","female","130","인천","석모도투어","0.95","0","0","0","0.95","false"
"2","female","184","포항","퐝랜드마크A코스","0.95","0","0","0","0.95","false"
"2","female","185","포항","씨(SEA)하게 보는 포항코스","0.95","0","0","0","0.95","false"
"2","female","159","세종","봄꽃파닭B투어","0.9366666666666666","0","0","0","0.9366666666666666","false"
"2","female","160","세종","봄꽃파닭A투어","0.9366666666666666","0","0","0","0.9366666666666666","false"
"2","female","120","파주","2026 파주시티투어 당일코스(수요일)","0.8866666666666667","0.0016589957880501344","0.00009596599272458725","0.0017549617807747218","0.8884216284474414","false"
"2","female","181","김해","김해에반해","0.8771428571428572","0.0011558834518592212","0","0.0011558834518592212","0.8782987405947165","false"
"2","female","179","김해","역사에반해","0.8533333333333334","0.0011558834518592212","0","0.0011558834518592212","0.8544892167851926","false"
"2","female","133","인천","청라투어","0.85","0","0","0","0.85","false"
"2","female","267","공주","반일코스","0.8300000000000001","0","0","0","0.8300000000000001","false"
"2","female","11","대구","테마-방방곡곡(사시사철)","0.8","0","0","0","0.8","false"
"2","female","12","대구","테마-방방곡곡(군위군 돋보기)","0.8","0","0","0","0.8","false"
"2","female","13","대구","테마-방방곡곡(낙동강)","0.8","0","0","0","0.8","false"
"2","female","229","대전","대청호코스","0.8","0","0","0","0.8","false"
"2","female","180","김해","자연에반해","0.77","0.0011558834518592212","0","0.0011558834518592212","0.7711558834518593","false"
"2","female","74","천안","화요일","0.7325","0","0","0","0.7325","false"
"2","female","262","공주","봄·여름·가을 코스","0.7033333333333334","0","0","0","0.7033333333333334","false"
"2","female","138","군산","(박물관 출발) 고군산코스","0.6866666666666666","0.0002395086913499886","0","0.00023950869134998863","0.6869061753580167","false"
"2","female","173","춘천","수요일","0.6866666666666666","0","0","0","0.6866666666666666","false"
"2","female","166","태안","광역코스","0.67","0.0008631749539689062","0.00010497383357619045","0.0009681487875450967","0.6709681487875452","false"
"2","female","178","김해","문화에반해","0.6599999999999999","0.0011558834518592212","0","0.0011558834518592212","0.6611558834518592","false"
"2","female","235","홍천","홍천시티투어","0.6533333333333333","0","0","0","0.6533333333333333","false"
"2","female","188","서천","푸른빛코스","0.645","0","0.000044187230807977943","0.000044187230807977943","0.645044187230808","false"
"2","female","227","대전","광역투어(첫주, 일)","0.6387499999999999","0","0","0","0.6387499999999999","false"
"2","female","46","합천","합천광역시티투어 누비고","0.6366666666666667","0","0","0","0.6366666666666667","false"
"2","female","42","화성","역사와 하루1","0.63","0.00340673938366453","0","0.00340673938366453","0.6334067393836645","false"
"2","female","116","파주","2026 파주시티투어 당일코스(일요일)","0.62","0.0016589957880501344","0.00009596599272458725","0.0017549617807747218","0.6217549617807747","false"
"2","female","119","파주","2026 파주시티투어 당일코스(목요일)","0.62","0.0016589957880501344","0.00009596599272458725","0.0017549617807747218","0.6217549617807747","false"
"2","female","61","익산","세계유산코스","0.62","0.0001724271819671193","0.00009325924768030969","0.00026568642964742897","0.6202656864296474","false"
"2","female","223","대전","광역투어(셋째주, 일)","0.5985714285714285","0","0","0","0.5985714285714285","false"
"2","female","263","공주","가을코스2","0.5755555555555556","0","0","0","0.5755555555555556","false"
"2","female","236","화천","화천시티투어(백암산케이블카)","0.5700000000000001","0","0","0","0.5700000000000001","false"
"2","female","254","경산","소원성취코스,삼성현명품투어코스","0.5628571428571428","0","0","0","0.5628571428571428","false"
"2","female","126","대구","도동코스","0.5575","0","0","0","0.5575","false"
"2","female","177","경기광주","광주시티투어","0.5559387755102041","0.0006849556551907738","0.00008964709154241459","0.0007746027467331883","0.5567133782569372","false"
"2","female","127","대구","송해코스","0.54","0","0","0","0.54","false"
"2","female","241","순천","(테마투어)생태투어","0.54","0","0","0","0.54","false"
"2","female","81","연천","역사자연코스","0.5342857142857143","0","0","0","0.5342857142857143","false"
"2","female","265","공주","여름코스","0.53","0","0","0","0.53","false"
"2","female","96","양산","양산시 가을 시티투어 (역사문화코스)","0.5116666666666666","0.000359217245188274","0.00012739549973166784","0.00048661274491994185","0.5121532794115865","false"
"2","female","162","세종","세종관광명소B투어","0.5075000000000001","0","0","0","0.5075000000000001","false"
"2","female","144","안산","안산 시내권코스(토요일)","0.495","0.0028853056149984405","0.00008693559841717223","0.002972241213415613","0.4979722412134156","false"
"2","female","258","양주","왕실축제","0.495","0.0008957752945959523","0","0.0008957752945959523","0.49589577529459594","false"
"2","female","47","밀양","삼랑진권 투어","0.495","0","0","0","0.495","false"
"2","female","108","부여","부여테마여행","0.4936842105263158","0","0","0","0.4936842105263158","false"
"2","female","222","아산","아산도심핫플코스","0.4866666666666667","0.0021921859137382644","0","0.002192185913738265","0.48885885258040496","false"
"2","female","249","대전","광역투어(다섯째주, 토)","0.48875","0","0","0","0.48875","false"
"2","female","175","춘천","월요일","0.48250000000000004","0","0","0","0.48250000000000004","false"
"2","female","195","완주","완주힐링로드시티투어 2코스","0.4755555555555555","0","0.00007425494084696357","0.00007425494084696357","0.47562981049640246","false"
"2","female","72","천안","토요일","0.47000000000000003","0","0","0","0.47000000000000003","false"
"2","female","73","천안","목요일","0.47000000000000003","0","0","0","0.47000000000000003","false"
"2","female","161","세종","천안연계투어","0.47000000000000003","0","0","0","0.47000000000000003","false"
"2","female","86","평택","문화유산코스 /관광코스 ※무장애코스 월2회 정기운영(3~6월,9~11월)","0.4642307692307692","0.002780049796600459","0","0.002780049796600459","0.4670108190273697","false"
"2","female","186","서천","동백코스(익산-군산 광역)","0.45333333333333337","0","0.000044187230807977943","0.000044187230807977943","0.4533775205641413","false"
"2","female","225","대전","광역투어(둘째주, 일)","0.45333333333333337","0","0","0","0.45333333333333337","false"
"2","female","252","안성","안성시티투어","0.45000000000000007","0.0013688267586837606","0","0.0013688267586837609","0.45136882675868384","false"
"2","female","64","홍성","전통시장코스(홍성) 1,6일 운영","0.45000000000000007","0","0","0","0.45000000000000007","false"
"2","female","237","화천","화천시티투어(평화누리호)","0.45000000000000007","0","0","0","0.45000000000000007","false"
"2","female","203","양주","박물관투어","0.44857142857142857","0.0008957752945959523","0","0.0008957752945959523","0.4494672038660245","false"
"2","female","167","태안","남부코스","0.445","0.0008631749539689062","0.00010497383357619045","0.0009681487875450967","0.4459681487875451","false"
"2","female","43","화성","자연과 하루","0.4325","0.00340673938366453","0","0.00340673938366453","0.43590673938366453","false"
"2","female","264","공주","가을코스","0.43500000000000005","0","0","0","0.43500000000000005","false"
"2","female","157","세종","행복투어A","0.43000000000000005","0","0","0","0.43000000000000005","false"
"2","female","240","순천","(테마투어)성곽투어","0.43000000000000005","0","0","0","0.43000000000000005","false"
"2","female","216","대전","역사문화(효월드)","0.42714285714285716","0","0","0","0.42714285714285716","false"
"2","female","255","울산","장생포 대왕암 코스","0.42714285714285716","0","0","0","0.42714285714285716","false"
"2","female","30","목포","목포랑시티투어","0.4241666666666667","0","0","0","0.4241666666666667","false"
"2","female","145","안산","안산 시내권코스(목요일)","0.42","0.0028853056149984405","0.00008693559841717223","0.002972241213415613","0.4229722412134156","false"
"2","female","243","나주","정기코스","0.42000000000000004","0.00017699025236507518","0.00009325924768030969","0.0002702495000453849","0.42027024950004543","false"
"2","female","163","세종","세종관광명소A투어","0.42000000000000004","0","0","0","0.42000000000000004","false"
"2","female","214","대전","힐링(만인산)","0.42000000000000004","0","0","0","0.42000000000000004","false"
"2","female","238","순천","(테마투어)산사투어","0.42000000000000004","0","0","0","0.42000000000000004","false"
"2","female","253","대전","언택트세이프?","0.42000000000000004","0","0","0","0.42000000000000004","false"
"2","female","9","대구","테마-전통5일장-군위전통시장","0.42","0","0","0","0.42","false"
"2","female","190","영광","영광쉼,투어","0.42","0","0","0","0.42","false"
"2","female","224","대전","광역투어(셋째주, 토)","0.41285714285714287","0","0","0","0.41285714285714287","false"
"2","female","189","서천","보랏빛코스","0.4057142857142857","0","0.000044187230807977943","0.000044187230807977943","0.40575847294509365","false"
"2","female","40","화성","모두와 하루(무장애 여행)","0.4","0.00340673938366453","0","0.00340673938366453","0.40340673938366456","false"
"2","female","197","평창","북부권 코스","0.40125","0","0","0","0.40125","false"
"2","female","17","해남","해남시티투어","0.4","0","0","0","0.4","false"
"2","female","204","양주","역사투어","0.395","0.0008957752945959523","0","0.0008957752945959523","0.39589577529459596","false"
"2","female","58","익산","순환형2","0.395","0.0001724271819671193","0.00009325924768030969","0.00026568642964742897","0.39526568642964743","false"
"2","female","59","익산","순환형1","0.395","0.0001724271819671193","0.00009325924768030969","0.00026568642964742897","0.39526568642964743","false"
"2","female","123","시흥","테마형 정기코스","0.39","0.002148510064676316","0","0.0021485100646763166","0.3921485100646763","false"
"2","female","124","시흥","순환형 2층버스","0.39","0.002148510064676316","0","0.0021485100646763166","0.3921485100646763","false"
"2","female","187","서천","금빛코스","0.39142857142857146","0","0.000044187230807977943","0.000044187230807977943","0.3914727586593794","false"
"2","female","48","밀양","영남알프스권 투어 1","0.38250000000000006","0","0","0","0.38250000000000006","false"
"2","female","221","아산","休캉스 코스","0.38","0.0021921859137382644","0","0.002192185913738265","0.38219218591373827","false"
"2","female","245","아산","역사기행 코스","0.38","0.0021921859137382644","0","0.002192185913738265","0.38219218591373827","false"
"2","female","155","세종","정원투어","0.38","0","0","0","0.38","false"
"2","female","217","대전","대덕특구탐방","0.38","0","0","0","0.38","false"
"2","female","193","완주","완주힐링로드 시티투어(코레일연계 익산역)","0.37909090909090915","0","0.00007425494084696357","0.00007425494084696357","0.3791651640317561","false"
"2","female","51","사천","오감체험투어","0.3783333333333333","0","0.000021240610576129258","0.000021240610576129258","0.3783545739439094","false"
"2","female","107","예산","예산군 버스투어","0.3783333333333333","0","0","0","0.3783333333333333","false"
"2","female","272","서울","EG투어버스 E코스","0.3783333333333333","0","0","0","0.3783333333333333","false"
"2","female","266","공주","봄코스","0.37357142857142855","0","0","0","0.37357142857142855","false"
"2","female","117","파주","2026 파주시티투어 당일코스(토요일)","0.37","0.0016589957880501344","0.00009596599272458725","0.0017549617807747218","0.3717549617807747","false"
"2","female","257","양주","천일홍축제","0.37","0.0008957752945959523","0","0.0008957752945959523","0.37089577529459594","false"
"2","female","109","부여","롯데리조트부여와 함께하는 부여 감성야행","0.3616666666666667","0","0","0","0.3616666666666667","false"
"2","female","97","양산","2025 6월 시티투어","0.35333333333333333","0.000359217245188274","0.00012739549973166784","0.00048661274491994185","0.3538199460782533","false"
"2","female","67","홍성","역사·문화 코스","0.35333333333333333","0","0","0","0.35333333333333333","false"
"2","female","158","세종","역사문화투어","0.35333333333333333","0","0","0","0.35333333333333333","false"
"2","female","172","춘천","목요일","0.35333333333333333","0","0","0","0.35333333333333333","false"
"2","female","248","대전","광역투어(다섯째주, 일)","0.35125000000000006","0","0","0","0.35125000000000006","false"
"2","female","194","완주","완주힐링로드 시티투어(서울권역)","0.3491666666666667","0","0.00007425494084696357","0.00007425494084696357","0.34924092160751363","false"
"2","female","205","양주","기본코스","0.34777777777777774","0.0008957752945959523","0","0.0008957752945959523","0.3486735530723737","false"
"2","female","18","광양","광양역사코스","0.34777777777777774","0.0006913714352819012","0","0.0006913714352819012","0.34846914921305966","false"
"2","female","19","광양","광양힐링코스","0.34777777777777774","0.0006913714352819012","0","0.0006913714352819012","0.34846914921305966","false"
"2","female","65","홍성","전통시장코스(광천) 4,9일 운영","0.345","0","0","0","0.345","false"
"2","female","274","서울","EG투어버스 C코스","0.345","0","0","0","0.345","false"
"2","female","247","대전","언택트세이프(A)","0.34","0","0","0","0.34","false"
"2","female","270","서울","EG투어버스 G코스","0.34","0","0","0","0.34","false"
"2","female","196","완주","완주힐링로드시티투어 1코스","0.3392307692307693","0","0.00007425494084696357","0.00007425494084696357","0.33930502417161623","false"
"2","female","121","파주","2026 파주시티투어 당일코스(화요일)","0.33666666666666667","0.0016589957880501344","0.00009596599272458725","0.0017549617807747218","0.3384216284474414","false"
"2","female","115","파주","2026 파주시티투어 1박2일코스(토요일~일요일)","0.32833333333333337","0.0016589957880501344","0.00009596599272458725","0.0017549617807747218","0.3300882951141081","false"
"2","female","233","서천","광역코스","0.3271428571428571","0","0.000044187230807977943","0.000044187230807977943","0.3271870443736651","false"
"2","female","234","서천","힐링코스","0.3271428571428571","0","0.000044187230807977943","0.000044187230807977943","0.3271870443736651","false"
"2","female","128","대구","현풍코스","0.3271428571428572","0","0","0","0.3271428571428572","false"
"2","female","201","양주","자연친화코스1","0.32","0.0008957752945959523","0","0.0008957752945959523","0.32089577529459595","false"
"2","female","142","제천","시티투어","0.32000000000000006","0","0","0","0.32000000000000006","false"
"2","female","89","청주","청주시티투어_정기투어_트레킹 투어(토)","0.32","0","0","0","0.32","false"
"2","female","169","춘천","일요일","0.31500000000000006","0","0","0","0.31500000000000006","false"
"2","female","170","춘천","토요일","0.31500000000000006","0","0","0","0.31500000000000006","false"
"2","female","104","안동","하회마을테마","0.3109090909090909","0","0","0","0.3109090909090909","false"
"2","female","202","양주","서울우유견학코스","0.3057142857142857","0.0008957752945959523","0","0.0008957752945959523","0.30661006100888166","false"
"2","female","102","안동","봉정사&만휴정테마","0.3063636363636364","0","0","0","0.3063636363636364","false"
"2","female","68","서산","C코스","0.3057142857142857","0","0.000006477785760669266","0.000006477785760669266","0.3057207635000464","false"
"2","female","66","홍성","남당항 코스","0.30333333333333334","0","0","0","0.30333333333333334","false"
"2","female","199","완도","해양치유시티투어","0.30214285714285716","0","0","0","0.30214285714285716","false"
"2","female","94","여주","시티투어","0.3018181818181818","0","0.00011933974792261816","0.00011933974792261816","0.3019375215661044","false"
"2","female","69","서산","B코스","0.2985714285714286","0","0.000006477785760669266","0.000006477785760669266","0.2985779063571893","false"
"2","female","153","세종","행복투어B","0.2866666666666667","0","0","0","0.2866666666666667","false"
"2","female","242","순천","(기획투어)나이트가든투어","0.2866666666666667","0","0","0","0.2866666666666667","false"
"2","female","90","청주","청주시티투어_정기투어_힐링로드 투어(토)","0.28428571428571425","0","0","0","0.28428571428571425","false"
"2","female","256","울산","태화강 국가정원 코스","0.2838888888888889","0","0","0","0.2838888888888889","false"
"2","female","174","춘천","화요일","0.28250000000000003","0","0","0","0.28250000000000003","false"
"2","female","143","동해","관광문화코스","0.2783333333333333","0","0","0","0.2783333333333333","false"
"2","female","139","군산","(익산역 출발) 고군산시간여행코스","0.27","0.0002395086913499886","0","0.00023950869134998863","0.27023950869135","false"
"2","female","176","창원","창원시티투어","0.26999999999999996","0","0","0","0.26999999999999996","false"
"2","female","53","사천","바다투어","0.26285714285714284","0","0.000021240610576129258","0.000021240610576129258","0.26287838346771897","false"
"2","female","137","임실","명소탐방 임실 시티투어","0.26","0","0","0","0.26","false"
"2","female","192","삼척","종일코스","0.26","0","0","0","0.26","false"
"2","female","277","서울","EG투어버스 J코스","0.25","0","0","0","0.25","false"
"2","female","279","서울","EG투어버스 H코스","0.25","0","0","0","0.25","false"
"2","female","22","여수","2층야간코스","0.24857142857142853","0.0012780780063872974","0.000001851983405118974","0.0012799299897924166","0.24985135856122095","false"
"2","female","250","대전","광역투어(넷재주, 일)","0.24857142857142853","0","0","0","0.24857142857142853","false"
"2","female","34","화성","테마와 하루(농어촌 체험)","0.245","0.00340673938366453","0","0.00340673938366453","0.24840673938366453","false"
"2","female","35","화성","소소한 하루","0.245","0.00340673938366453","0","0.00340673938366453","0.24840673938366453","false"
"2","female","3","부산","오렌지라인","0.24692307692307694","0","0","0","0.24692307692307694","false"
"2","female","25","여수","이순신문화유적코스","0.2422222222222222","0.0012780780063872974","0.000001851983405118974","0.0012799299897924166","0.24350215221201463","false"
"2","female","56","영주","선비 코스","0.23500000000000001","0","0","0","0.23500000000000001","false"
"2","female","103","안동","도산서원&예끼마을테마","0.23500000000000001","0","0","0","0.23500000000000001","false"
"2","female","38","화성","바다와 하루","0.23","0.00340673938366453","0","0.00340673938366453","0.23340673938366455","false"
"2","female","212","대전","야경","0.23249999999999998","0","0","0","0.23249999999999998","false"
"2","female","5","부산","레드라인","0.2316648351648352","0","0","0","0.2316648351648352","false"
"2","female","50","사천","우주항공산업투어","0.23111111111111107","0","0.000021240610576129258","0.000021240610576129258","0.2311323517216872","false"
"2","female","239","순천","(테마투어)세계유산투어","0.23","0","0","0","0.23","false"
"2","female","268","서울","EG투어버스 B코스","0.23","0","0","0","0.23","false"
"2","female","52","사천","이순신승전길투어","0.22624999999999998","0","0.000021240610576129258","0.000021240610576129258","0.2262712406105761","false"
"2","female","78","원주","원주시티투어(순환형)","0.22333333333333333","0","0","0","0.22333333333333333","false"
"2","female","244","아산","예술맛집 코스","0.22","0.0021921859137382644","0","0.002192185913738265","0.22219218591373827","false"
"2","female","168","태안","북부코스","0.22","0.0008631749539689062","0.00010497383357619045","0.0009681487875450967","0.2209681487875451","false"
"2","female","154","세종","야경투어","0.22","0","0","0","0.22","false"
"2","female","106","안동","주간도심테마","0.21999999999999997","0","0","0","0.21999999999999997","false"
"2","female","232","서천","전라권코스","0.21166666666666664","0","0.000044187230807977943","0.000044187230807977943","0.21171085389747463","false"
"2","female","98","양산","봄꽃체험코스","0.21","0.000359217245188274","0.00012739549973166784","0.00048661274491994185","0.21048661274491992","false"
"2","female","230","대전","남부코스","0.21","0","0","0","0.21","false"
"2","female","39","화성","열차와 하루","0.2033333333333333","0.00340673938366453","0","0.00340673938366453","0.20674007271699785","false"
"2","female","8","대구","테마(야경 4~10월)","0.2","0","0","0","0.2","false"
"2","female","54","사천","별빛투어","0.19727272727272727","0","0.000021240610576129258","0.000021240610576129258","0.1972939678833034","false"
"2","female","99","봉화","송이축제 문화유적탐방버스","0.19","0","0.00015855349088353981","0.00015855349088353981","0.19015855349088354","false"
"2","female","100","봉화","은어축제 문화유적탐방버스","0.19","0","0.00015855349088353981","0.00015855349088353981","0.19015855349088354","false"
"2","female","213","대전","힐링(장태산)","0.19","0","0","0","0.19","false"
"2","female","269","서울","EG투어버스 A코스","0.19","0","0","0","0.19","false"
"2","female","208","양구","방산나들이코스","0.18666666666666665","0","0","0","0.18666666666666665","false"
"2","female","226","대전","광역투어(둘째주, 토)","0.18666666666666665","0","0","0","0.18666666666666665","false"
"2","female","62","익산","익산숨은보석찾기코스","0.18428571428571425","0.0001724271819671193","0.00009325924768030969","0.00026568642964742897","0.18455140071536166","false"
"2","female","218","대전","생태교육","0.18","0","0","0","0.18","false"
"2","female","278","서울","EG투어버스 I코스","0.18","0","0","0","0.18","false"
"2","female","95","양산","양산시 가을 시티투어 (자연관광코스)","0.17833333333333332","0.000359217245188274","0.00012739549973166784","0.00048661274491994185","0.17881994607825324","false"
"2","female","79","연천","연천명소코스","0.17833333333333332","0","0","0","0.17833333333333332","false"
"2","female","113","가평","가평순환버스B코스","0.17833333333333332","0","0","0","0.17833333333333332","false"
"2","female","207","양구","힐링산책코스","0.17833333333333332","0","0","0","0.17833333333333332","false"
"2","female","70","서산","A코스","0.16999999999999998","0","0.000006477785760669266","0.000006477785760669266","0.17000647778576064","false"
"2","female","26","여수","다크투어리즘코스","0.16285714285714284","0.0012780780063872974","0.000001851983405118974","0.0012799299897924166","0.16413707284693527","false"
"2","female","220","아산","인생네컷 코스","0.16166666666666665","0.0021921859137382644","0","0.002192185913738265","0.16385885258040492","false"
"2","female","77","태백","황지자유시장 코스","0.16374999999999998","0","0.000041441332234371137","0.000041441332234371137","0.16379144133223436","false"
"2","female","210","곡성","읍권 순환버스","0.16374999999999998","0","0","0","0.16374999999999998","false"
"2","female","260","서천","문화코스","0.1633333333333333","0","0.000044187230807977943","0.000044187230807977943","0.1633775205641413","false"
"2","female","140","군산","고군산시간여행코스","0.16285714285714284","0.0002395086913499886","0","0.00023950869134998863","0.16309665154849282","false"
"2","female","0","부산","동부산테마노선","0.16309183673469385","0","0","0","0.16309183673469385","false"
"2","female","63","홍성","죽도코스","0.16166666666666665","0","0","0","0.16166666666666665","false"
"2","female","80","연천","안보자연코스","0.16166666666666665","0","0","0","0.16166666666666665","false"
"2","female","206","양구","해안DMZ트래킹 코스","0.16166666666666665","0","0","0","0.16166666666666665","false"
"2","female","147","안산","대부도 해변코스(일반형 2코스)","0.15333333333333332","0.0028853056149984405","0.00008693559841717223","0.002972241213415613","0.15630557454674893","false"
"2","female","148","안산","대부도 해변코스(일반형 1코스)","0.15333333333333332","0.0028853056149984405","0.00008693559841717223","0.002972241213415613","0.15630557454674893","false"
"2","female","215","대전","역사문화(동춘당)","0.15333333333333332","0","0","0","0.15333333333333332","false"
"2","female","110","정선","아리랑열차 연계형 시티투어2","0.15","0","0.00003777687918638546","0.00003777687918638546","0.15003777687918637","false"
"2","female","111","정선","아리랑열차 연계형 시티투어 1","0.15","0","0.00003777687918638546","0.00003777687918638546","0.15003777687918637","false"
"2","female","87","의정부","의정부포레스트:오감이 깨어나는 숲 속 여행","0.15","0","0","0","0.15","false"
"2","female","136","인천","인천레트로노선","0.15","0","0","0","0.15","false"
"2","female","182","포항","퐝순환코스","0.15","0","0","0","0.15","false"
"2","female","76","태백","통리장 코스","0.145","0","0.000041441332234371137","0.000041441332234371137","0.14504144133223437","false"
"2","female","91","청주","청주시티투어_정기투어_초정힐링 투어(토)","0.145","0","0","0","0.145","false"
"2","female","251","대전","광역투어(넷재주, 토)","0.145","0","0","0","0.145","false"
"2","female","27","여수","제2코스","0.14307692307692307","0.0012780780063872974","0.000001851983405118974","0.0012799299897924166","0.1443568530667155","false"
"2","female","20","광양","야경코스","0.13874999999999998","0.0006913714352819012","0","0.0006913714352819012","0.13944137143528187","false"
"2","female","1","부산","서부산생태투어","0.13874999999999998","0","0","0","0.13874999999999998","false"
"2","female","24","여수","야경코스","0.13428571428571426","0.0012780780063872974","0.000001851983405118974","0.0012799299897924166","0.13556564427550669","false"
"2","female","105","안동","야간도심테마","0.13428571428571426","0","0","0","0.13428571428571426","false"
"2","female","92","청주","청주시티투어_정기투어_청남대 투어(수토일)","0.1311111111111111","0","0","0","0.1311111111111111","false"
"2","female","151","안산","대부도 뱃길코스(일반형 2코스)","0.12555555555555556","0.0028853056149984405","0.00008693559841717223","0.002972241213415613","0.12852779676897116","false"
"2","female","171","춘천","금요일","0.12625","0","0","0","0.12625","false"
"2","female","191","평창","남부권 코스","0.12625","0","0","0","0.12625","false"
"2","female","49","밀양","시내권 투어 1","0.12000000000000001","0","0","0","0.12000000000000001","false"
"2","female","228","대전","광역투어(첫주, 토)","0.12000000000000001","0","0","0","0.12000000000000001","false"
"2","female","57","영주","물돌이 코스","0.115","0","0","0","0.115","false"
"2","female","114","가평","가평순환버스A코스","0.11444444444444445","0","0","0","0.11444444444444445","false"
"2","female","152","안산","대부도 뱃길코스(일반형 1코스)","0.10888888888888888","0.0028853056149984405","0.00008693559841717223","0.002972241213415613","0.1118611301023045","false"
"2","female","23","여수","2층주간코스","0.10500000000000001","0.0012780780063872974","0.000001851983405118974","0.0012799299897924166","0.10627992998979242","false"
"2","female","21","여수","야간테마코스(시간을달리는버스커)","0.09272727272727273","0.0012780780063872974","0.000001851983405118974","0.0012799299897924166","0.09400720271706514","false"
"2","female","4","부산","그린라인","0.08923076923076924","0","0","0","0.08923076923076924","false"
"2","female","71","천안","일요일","0.0825","0","0","0","0.0825","false"
"2","female","200","진도","진도시티투어","0.06642857142857143","0.00026063438989205764","0","0.0002606343898920577","0.06668920581846349","false"
"2","female","41","화성","역사와 하루2","0.06","0.00340673938366453","0","0.00340673938366453","0.06340673938366453","false"
"2","female","101","청도","시티투어","0.06","0","0","0","0.06","false"
"2","female","32","화성","테마와 하루(문화예술 체험)","0.05333333333333333","0.00340673938366453","0","0.00340673938366453","0.05674007271699786","false"
"2","female","33","화성","테마와 하루(목장 체험)","0.05","0.00340673938366453","0","0.00340673938366453","0.05340673938366453","false"
"2","female","275","서울","EG투어버스 L코스","0.05333333333333333","0","0","0","0.05333333333333333","false"
"2","female","146","안산","대부도 해변코스(체험형 1코스)","0.05","0.0028853056149984405","0.00008693559841717223","0.002972241213415613","0.052972241213415615","false"
"2","female","28","여수","제1코스","0.04857142857142857","0.0012780780063872974","0.000001851983405118974","0.0012799299897924166","0.049851358561220985","false"
"2","female","149","안산","대부도 뱃길코스(체험형 2코스)","0.045","0.0028853056149984405","0.00008693559841717223","0.002972241213415613","0.04797224121341561","false"
"2","female","150","안산","대부도 뱃길코스(체험형 1코스)","0.045","0.0028853056149984405","0.00008693559841717223","0.002972241213415613","0.04797224121341561","false"
"2","female","85","이천","농촌체험코스(남부)","0.045","0.000843137864612549","0","0.000843137864612549","0.04584313786461255","false"
"2","female","6","제주","야간코스(7월말~8월말 운영)","0.041428571428571426","0","0","0","0.041428571428571426","false"
"2","female","84","이천","농촌체험코스(중부)","0.04000000000000001","0.000843137864612549","0","0.000843137864612549","0.04084313786461256","false"
"2","female","45","화성","테마와 하루(지역축제 체험)","0.03666666666666667","0.00340673938366453","0","0.00340673938366453","0.040073406050331196","false"
"2","female","209","곡성","압록권역 순환버스","0.04000000000000001","0","0","0","0.04000000000000001","false"
"2","female","276","서울","EG투어버스 K 코스","0.04000000000000001","0","0","0","0.04000000000000001","false"
"2","female","83","이천","농촌체험코스(북부)","0.03666666666666667","0.000843137864612549","0","0.000843137864612549","0.037509804531279216","false"
"2","female","31","화성","테마와 하루(해양생태 체험)","0.030000000000000002","0.00340673938366453","0","0.00340673938366453","0.033406739383664535","false"
"2","female","82","이천","승마체험코스","0.0325","0.000843137864612549","0","0.000843137864612549","0.03334313786461255","false"
"2","female","246","대전","언택트세이프(B)","0.030000000000000002","0","0","0","0.030000000000000002","false"
"2","female","271","서울","EG투어버스 F코스","0.030000000000000002","0","0","0","0.030000000000000002","false"
"2","female","93","여주","꽃섬투어","0.025555555555555557","0","0.00011933974792261816","0.00011933974792261816","0.025674895303478176","false"
"2","female","118","파주","2026 파주시티투어 당일코스(금요일)","0.02","0.0016589957880501344","0.00009596599272458725","0.0017549617807747218","0.021754961780774722","false"
"2","female","2","부산","야경투어","0.020410714285714286","0","0","0","0.020410714285714286","false"
"2","female","75","충주","충주시티투어","0.02","0","0.000032273209345980236","0.000032273209345980236","0.02003227320934598","false"
"2","female","29","목포","별빛물결시티투어","0.02","0","0","0","0.02","false"
"2","female","164","화순","화순적벽 버스투어(적벽 셔틀버스)","0.02","0","0","0","0.02","false"
"2","female","165","화순","화순적벽 버스투어(적벽투어)","0.02","0","0","0","0.02","false"
"2","female","211","대전","가족여행","0.02","0","0","0","0.02","false"
"2","female","219","대전","다크투어","0.02","0","0","0","0.02","false"
"2","female","273","서울","EG투어버스 D코스","0.02","0","0","0","0.02","false"
"2","female","36","화성","별과 하루","0","0.00340673938366453","0","0.00340673938366453","0.00340673938366453","false"
"2","female","37","화성","노을과 하루","0","0.00340673938366453","0","0.00340673938366453","0.00340673938366453","false"
"2","female","44","화성","섬과 하루","0","0.00340673938366453","0","0.00340673938366453","0.00340673938366453","false"
"2","female","231","태안","북부코스남부코스","0","0.0008631749539689062","0.00010497383357619045","0.0009681487875450967","0.0009681487875450967","false"
"2","female","60","익산","맞춤형코스","0","0.0001724271819671193","0.00009325924768030969","0.00026568642964742897","0.00026568642964742897","false"
"2","female","16","대구","테마(야경 11~3월)","0","0","0","0","0","false"
"2","female","55","영주","특별운영","0","0","0","0","0","false"
"2","female","88","청주","청주시티투어_수시투어","0","0","0","0","0","false"
"2","female","125","부천","정규코스. 특별코스","0","0","0","0","0","false"
"2","female","132","인천","선재영흥투어","0","0","0","0","0","false"
"2","female","134","인천","무의도투어","0","0","0","0","0","false"
"2","female","141","제천","제천관광택시","0","0","0","0","0","false"
"2","female","198","공주","축제코스","0","0","0","0","0","false"
"2","female","259","단양","단양군시티투어","0","0","0","0","0","false"
"2","female","261","부여","백제문화단지-부소산성-궁남지-정림사지-백제문화단지","0","0","0","0","0","false"
"2","unspecified","10","대구","테마-전통5일장-현풍백년도깨비시장","2","0","0","0","2","true"
"2","unspecified","7","제주","순환형코스","1.9500000000000002","0","0","0","1.9500000000000002","true"
"2","unspecified","122","시흥","테마형 수시코스","1.85","0.002148510064676316","0","0.0021485100646763166","1.8521485100646764","true"
"2","unspecified","14","대구","테마-방방곡곡(팔공산)","1.8","0","0","0","1.8","false"
"2","unspecified","112","정선","와와정선 2층 투어버스","1.2000000000000002","0","0","0","1.2000000000000002","true"
"2","unspecified","156","세종","역사산책투어","1.17","0","0","0","1.17","true"
"2","unspecified","15","대구","도심순환코스(12개 정류장)","1","0","0","0","1","false"
"2","unspecified","129","인천","노을야경투어","1","0","0","0","1","false"
"2","unspecified","131","인천","교동도투어","1","0","0","0","1","false"
"2","unspecified","135","인천","바다노선","1","0","0","0","1","false"
"2","unspecified","183","포항","퐝랜드마크B코스","1","0","0","0","1","false"
"2","unspecified","130","인천","석모도투어","0.95","0","0","0","0.95","false"
"2","unspecified","184","포항","퐝랜드마크A코스","0.95","0","0","0","0.95","false"
"2","unspecified","185","포항","씨(SEA)하게 보는 포항코스","0.95","0","0","0","0.95","false"
"2","unspecified","159","세종","봄꽃파닭B투어","0.9366666666666666","0","0","0","0.9366666666666666","false"
"2","unspecified","160","세종","봄꽃파닭A투어","0.9366666666666666","0","0","0","0.9366666666666666","false"
"2","unspecified","120","파주","2026 파주시티투어 당일코스(수요일)","0.8866666666666667","0.0016589957880501344","0","0.0016589957880501344","0.8883256624547169","false"
"2","unspecified","181","김해","김해에반해","0.8771428571428572","0.0011558834518592212","0","0.0011558834518592212","0.8782987405947165","false"
"2","unspecified","179","김해","역사에반해","0.8533333333333334","0.0011558834518592212","0","0.0011558834518592212","0.8544892167851926","false"
"2","unspecified","133","인천","청라투어","0.85","0","0","0","0.85","false"
"2","unspecified","267","공주","반일코스","0.8300000000000001","0","0","0","0.8300000000000001","false"
"2","unspecified","11","대구","테마-방방곡곡(사시사철)","0.8","0","0","0","0.8","false"
"2","unspecified","12","대구","테마-방방곡곡(군위군 돋보기)","0.8","0","0","0","0.8","false"
"2","unspecified","13","대구","테마-방방곡곡(낙동강)","0.8","0","0","0","0.8","false"
"2","unspecified","229","대전","대청호코스","0.8","0","0","0","0.8","false"
"2","unspecified","180","김해","자연에반해","0.77","0.0011558834518592212","0","0.0011558834518592212","0.7711558834518593","false"
"2","unspecified","74","천안","화요일","0.7325","0","0","0","0.7325","false"
"2","unspecified","262","공주","봄·여름·가을 코스","0.7033333333333334","0","0","0","0.7033333333333334","false"
"2","unspecified","138","군산","(박물관 출발) 고군산코스","0.6866666666666666","0.0002395086913499886","0","0.00023950869134998863","0.6869061753580167","false"
"2","unspecified","173","춘천","수요일","0.6866666666666666","0","0","0","0.6866666666666666","false"
"2","unspecified","166","태안","광역코스","0.67","0.0008631749539689062","0","0.0008631749539689062","0.670863174953969","false"
"2","unspecified","178","김해","문화에반해","0.6599999999999999","0.0011558834518592212","0","0.0011558834518592212","0.6611558834518592","false"
"2","unspecified","235","홍천","홍천시티투어","0.6533333333333333","0","0","0","0.6533333333333333","false"
"2","unspecified","188","서천","푸른빛코스","0.645","0","0","0","0.645","false"
"2","unspecified","227","대전","광역투어(첫주, 일)","0.6387499999999999","0","0","0","0.6387499999999999","false"
"2","unspecified","46","합천","합천광역시티투어 누비고","0.6366666666666667","0","0","0","0.6366666666666667","false"
"2","unspecified","42","화성","역사와 하루1","0.63","0.00340673938366453","0","0.00340673938366453","0.6334067393836645","false"
"2","unspecified","116","파주","2026 파주시티투어 당일코스(일요일)","0.62","0.0016589957880501344","0","0.0016589957880501344","0.6216589957880502","false"
"2","unspecified","119","파주","2026 파주시티투어 당일코스(목요일)","0.62","0.0016589957880501344","0","0.0016589957880501344","0.6216589957880502","false"
"2","unspecified","61","익산","세계유산코스","0.62","0.0001724271819671193","0","0.00017242718196711928","0.6201724271819671","false"
"2","unspecified","223","대전","광역투어(셋째주, 일)","0.5985714285714285","0","0","0","0.5985714285714285","false"
"2","unspecified","263","공주","가을코스2","0.5755555555555556","0","0","0","0.5755555555555556","false"
"2","unspecified","236","화천","화천시티투어(백암산케이블카)","0.5700000000000001","0","0","0","0.5700000000000001","false"
"2","unspecified","254","경산","소원성취코스,삼성현명품투어코스","0.5628571428571428","0","0","0","0.5628571428571428","false"
"2","unspecified","126","대구","도동코스","0.5575","0","0","0","0.5575","false"
"2","unspecified","177","경기광주","광주시티투어","0.5559387755102041","0.0006849556551907738","0","0.0006849556551907737","0.5566237311653949","false"
"2","unspecified","127","대구","송해코스","0.54","0","0","0","0.54","false"
"2","unspecified","241","순천","(테마투어)생태투어","0.54","0","0","0","0.54","false"
"2","unspecified","81","연천","역사자연코스","0.5342857142857143","0","0","0","0.5342857142857143","false"
"2","unspecified","265","공주","여름코스","0.53","0","0","0","0.53","false"
"2","unspecified","96","양산","양산시 가을 시티투어 (역사문화코스)","0.5116666666666666","0.000359217245188274","0","0.000359217245188274","0.5120258839118549","false"
"2","unspecified","162","세종","세종관광명소B투어","0.5075000000000001","0","0","0","0.5075000000000001","false"
"2","unspecified","144","안산","안산 시내권코스(토요일)","0.495","0.0028853056149984405","0","0.002885305614998441","0.49788530561499844","false"
"2","unspecified","258","양주","왕실축제","0.495","0.0008957752945959523","0","0.0008957752945959523","0.49589577529459594","false"
"2","unspecified","47","밀양","삼랑진권 투어","0.495","0","0","0","0.495","false"
"2","unspecified","108","부여","부여테마여행","0.4936842105263158","0","0","0","0.4936842105263158","false"
"2","unspecified","222","아산","아산도심핫플코스","0.4866666666666667","0.0021921859137382644","0","0.002192185913738265","0.48885885258040496","false"
"2","unspecified","249","대전","광역투어(다섯째주, 토)","0.48875","0","0","0","0.48875","false"
"2","unspecified","175","춘천","월요일","0.48250000000000004","0","0","0","0.48250000000000004","false"
"2","unspecified","195","완주","완주힐링로드시티투어 2코스","0.4755555555555555","0","0","0","0.4755555555555555","false"
"2","unspecified","72","천안","토요일","0.47000000000000003","0","0","0","0.47000000000000003","false"
"2","unspecified","73","천안","목요일","0.47000000000000003","0","0","0","0.47000000000000003","false"
"2","unspecified","161","세종","천안연계투어","0.47000000000000003","0","0","0","0.47000000000000003","false"
"2","unspecified","86","평택","문화유산코스 /관광코스 ※무장애코스 월2회 정기운영(3~6월,9~11월)","0.4642307692307692","0.002780049796600459","0","0.002780049796600459","0.4670108190273697","false"
"2","unspecified","186","서천","동백코스(익산-군산 광역)","0.45333333333333337","0","0","0","0.45333333333333337","false"
"2","unspecified","225","대전","광역투어(둘째주, 일)","0.45333333333333337","0","0","0","0.45333333333333337","false"
"2","unspecified","252","안성","안성시티투어","0.45000000000000007","0.0013688267586837606","0","0.0013688267586837609","0.45136882675868384","false"
"2","unspecified","64","홍성","전통시장코스(홍성) 1,6일 운영","0.45000000000000007","0","0","0","0.45000000000000007","false"
"2","unspecified","237","화천","화천시티투어(평화누리호)","0.45000000000000007","0","0","0","0.45000000000000007","false"
"2","unspecified","203","양주","박물관투어","0.44857142857142857","0.0008957752945959523","0","0.0008957752945959523","0.4494672038660245","false"
"2","unspecified","167","태안","남부코스","0.445","0.0008631749539689062","0","0.0008631749539689062","0.44586317495396893","false"
"2","unspecified","43","화성","자연과 하루","0.4325","0.00340673938366453","0","0.00340673938366453","0.43590673938366453","false"
"2","unspecified","264","공주","가을코스","0.43500000000000005","0","0","0","0.43500000000000005","false"
"2","unspecified","157","세종","행복투어A","0.43000000000000005","0","0","0","0.43000000000000005","false"
"2","unspecified","240","순천","(테마투어)성곽투어","0.43000000000000005","0","0","0","0.43000000000000005","false"
"2","unspecified","216","대전","역사문화(효월드)","0.42714285714285716","0","0","0","0.42714285714285716","false"
"2","unspecified","255","울산","장생포 대왕암 코스","0.42714285714285716","0","0","0","0.42714285714285716","false"
"2","unspecified","30","목포","목포랑시티투어","0.4241666666666667","0","0","0","0.4241666666666667","false"
"2","unspecified","145","안산","안산 시내권코스(목요일)","0.42","0.0028853056149984405","0","0.002885305614998441","0.42288530561499843","false"
"2","unspecified","243","나주","정기코스","0.42000000000000004","0.00017699025236507518","0","0.00017699025236507518","0.4201769902523651","false"
"2","unspecified","163","세종","세종관광명소A투어","0.42000000000000004","0","0","0","0.42000000000000004","false"
"2","unspecified","214","대전","힐링(만인산)","0.42000000000000004","0","0","0","0.42000000000000004","false"
"2","unspecified","238","순천","(테마투어)산사투어","0.42000000000000004","0","0","0","0.42000000000000004","false"
"2","unspecified","253","대전","언택트세이프?","0.42000000000000004","0","0","0","0.42000000000000004","false"
"2","unspecified","9","대구","테마-전통5일장-군위전통시장","0.42","0","0","0","0.42","false"
"2","unspecified","190","영광","영광쉼,투어","0.42","0","0","0","0.42","false"
"2","unspecified","224","대전","광역투어(셋째주, 토)","0.41285714285714287","0","0","0","0.41285714285714287","false"
"2","unspecified","189","서천","보랏빛코스","0.4057142857142857","0","0","0","0.4057142857142857","false"
"2","unspecified","40","화성","모두와 하루(무장애 여행)","0.4","0.00340673938366453","0","0.00340673938366453","0.40340673938366456","false"
"2","unspecified","197","평창","북부권 코스","0.40125","0","0","0","0.40125","false"
"2","unspecified","17","해남","해남시티투어","0.4","0","0","0","0.4","false"
"2","unspecified","204","양주","역사투어","0.395","0.0008957752945959523","0","0.0008957752945959523","0.39589577529459596","false"
"2","unspecified","58","익산","순환형2","0.395","0.0001724271819671193","0","0.00017242718196711928","0.39517242718196716","false"
"2","unspecified","59","익산","순환형1","0.395","0.0001724271819671193","0","0.00017242718196711928","0.39517242718196716","false"
"2","unspecified","123","시흥","테마형 정기코스","0.39","0.002148510064676316","0","0.0021485100646763166","0.3921485100646763","false"
"2","unspecified","124","시흥","순환형 2층버스","0.39","0.002148510064676316","0","0.0021485100646763166","0.3921485100646763","false"
"2","unspecified","187","서천","금빛코스","0.39142857142857146","0","0","0","0.39142857142857146","false"
"2","unspecified","48","밀양","영남알프스권 투어 1","0.38250000000000006","0","0","0","0.38250000000000006","false"
"2","unspecified","221","아산","休캉스 코스","0.38","0.0021921859137382644","0","0.002192185913738265","0.38219218591373827","false"
"2","unspecified","245","아산","역사기행 코스","0.38","0.0021921859137382644","0","0.002192185913738265","0.38219218591373827","false"
"2","unspecified","155","세종","정원투어","0.38","0","0","0","0.38","false"
"2","unspecified","217","대전","대덕특구탐방","0.38","0","0","0","0.38","false"
"2","unspecified","193","완주","완주힐링로드 시티투어(코레일연계 익산역)","0.37909090909090915","0","0","0","0.37909090909090915","false"
"2","unspecified","51","사천","오감체험투어","0.3783333333333333","0","0","0","0.3783333333333333","false"
"2","unspecified","107","예산","예산군 버스투어","0.3783333333333333","0","0","0","0.3783333333333333","false"
"2","unspecified","272","서울","EG투어버스 E코스","0.3783333333333333","0","0","0","0.3783333333333333","false"
"2","unspecified","266","공주","봄코스","0.37357142857142855","0","0","0","0.37357142857142855","false"
"2","unspecified","117","파주","2026 파주시티투어 당일코스(토요일)","0.37","0.0016589957880501344","0","0.0016589957880501344","0.3716589957880501","false"
"2","unspecified","257","양주","천일홍축제","0.37","0.0008957752945959523","0","0.0008957752945959523","0.37089577529459594","false"
"2","unspecified","109","부여","롯데리조트부여와 함께하는 부여 감성야행","0.3616666666666667","0","0","0","0.3616666666666667","false"
"2","unspecified","97","양산","2025 6월 시티투어","0.35333333333333333","0.000359217245188274","0","0.000359217245188274","0.3536925505785216","false"
"2","unspecified","67","홍성","역사·문화 코스","0.35333333333333333","0","0","0","0.35333333333333333","false"
"2","unspecified","158","세종","역사문화투어","0.35333333333333333","0","0","0","0.35333333333333333","false"
"2","unspecified","172","춘천","목요일","0.35333333333333333","0","0","0","0.35333333333333333","false"
"2","unspecified","248","대전","광역투어(다섯째주, 일)","0.35125000000000006","0","0","0","0.35125000000000006","false"
"2","unspecified","194","완주","완주힐링로드 시티투어(서울권역)","0.3491666666666667","0","0","0","0.3491666666666667","false"
"2","unspecified","205","양주","기본코스","0.34777777777777774","0.0008957752945959523","0","0.0008957752945959523","0.3486735530723737","false"
"2","unspecified","18","광양","광양역사코스","0.34777777777777774","0.0006913714352819012","0","0.0006913714352819012","0.34846914921305966","false"
"2","unspecified","19","광양","광양힐링코스","0.34777777777777774","0.0006913714352819012","0","0.0006913714352819012","0.34846914921305966","false"
"2","unspecified","65","홍성","전통시장코스(광천) 4,9일 운영","0.345","0","0","0","0.345","false"
"2","unspecified","274","서울","EG투어버스 C코스","0.345","0","0","0","0.345","false"
"2","unspecified","247","대전","언택트세이프(A)","0.34","0","0","0","0.34","false"
"2","unspecified","270","서울","EG투어버스 G코스","0.34","0","0","0","0.34","false"
"2","unspecified","196","완주","완주힐링로드시티투어 1코스","0.3392307692307693","0","0","0","0.3392307692307693","false"
"2","unspecified","121","파주","2026 파주시티투어 당일코스(화요일)","0.33666666666666667","0.0016589957880501344","0","0.0016589957880501344","0.3383256624547168","false"
"2","unspecified","115","파주","2026 파주시티투어 1박2일코스(토요일~일요일)","0.32833333333333337","0.0016589957880501344","0","0.0016589957880501344","0.3299923291213835","false"
"2","unspecified","128","대구","현풍코스","0.3271428571428572","0","0","0","0.3271428571428572","false"
"2","unspecified","233","서천","광역코스","0.3271428571428571","0","0","0","0.3271428571428571","false"
"2","unspecified","234","서천","힐링코스","0.3271428571428571","0","0","0","0.3271428571428571","false"
"2","unspecified","201","양주","자연친화코스1","0.32","0.0008957752945959523","0","0.0008957752945959523","0.32089577529459595","false"
"2","unspecified","142","제천","시티투어","0.32000000000000006","0","0","0","0.32000000000000006","false"
"2","unspecified","89","청주","청주시티투어_정기투어_트레킹 투어(토)","0.32","0","0","0","0.32","false"
"2","unspecified","169","춘천","일요일","0.31500000000000006","0","0","0","0.31500000000000006","false"
"2","unspecified","170","춘천","토요일","0.31500000000000006","0","0","0","0.31500000000000006","false"
"2","unspecified","104","안동","하회마을테마","0.3109090909090909","0","0","0","0.3109090909090909","false"
"2","unspecified","202","양주","서울우유견학코스","0.3057142857142857","0.0008957752945959523","0","0.0008957752945959523","0.30661006100888166","false"
"2","unspecified","102","안동","봉정사&만휴정테마","0.3063636363636364","0","0","0","0.3063636363636364","false"
"2","unspecified","68","서산","C코스","0.3057142857142857","0","0","0","0.3057142857142857","false"
"2","unspecified","66","홍성","남당항 코스","0.30333333333333334","0","0","0","0.30333333333333334","false"
"2","unspecified","199","완도","해양치유시티투어","0.30214285714285716","0","0","0","0.30214285714285716","false"
"2","unspecified","94","여주","시티투어","0.3018181818181818","0","0","0","0.3018181818181818","false"
"2","unspecified","69","서산","B코스","0.2985714285714286","0","0","0","0.2985714285714286","false"
"2","unspecified","153","세종","행복투어B","0.2866666666666667","0","0","0","0.2866666666666667","false"
"2","unspecified","242","순천","(기획투어)나이트가든투어","0.2866666666666667","0","0","0","0.2866666666666667","false"
"2","unspecified","90","청주","청주시티투어_정기투어_힐링로드 투어(토)","0.28428571428571425","0","0","0","0.28428571428571425","false"
"2","unspecified","256","울산","태화강 국가정원 코스","0.2838888888888889","0","0","0","0.2838888888888889","false"
"2","unspecified","174","춘천","화요일","0.28250000000000003","0","0","0","0.28250000000000003","false"
"2","unspecified","143","동해","관광문화코스","0.2783333333333333","0","0","0","0.2783333333333333","false"
"2","unspecified","139","군산","(익산역 출발) 고군산시간여행코스","0.27","0.0002395086913499886","0","0.00023950869134998863","0.27023950869135","false"
"2","unspecified","176","창원","창원시티투어","0.26999999999999996","0","0","0","0.26999999999999996","false"
"2","unspecified","53","사천","바다투어","0.26285714285714284","0","0","0","0.26285714285714284","false"
"2","unspecified","137","임실","명소탐방 임실 시티투어","0.26","0","0","0","0.26","false"
"2","unspecified","192","삼척","종일코스","0.26","0","0","0","0.26","false"
"2","unspecified","277","서울","EG투어버스 J코스","0.25","0","0","0","0.25","false"
"2","unspecified","279","서울","EG투어버스 H코스","0.25","0","0","0","0.25","false"
"2","unspecified","22","여수","2층야간코스","0.24857142857142853","0.0012780780063872974","0","0.0012780780063872976","0.24984950657781582","false"
"2","unspecified","250","대전","광역투어(넷재주, 일)","0.24857142857142853","0","0","0","0.24857142857142853","false"
"2","unspecified","34","화성","테마와 하루(농어촌 체험)","0.245","0.00340673938366453","0","0.00340673938366453","0.24840673938366453","false"
"2","unspecified","35","화성","소소한 하루","0.245","0.00340673938366453","0","0.00340673938366453","0.24840673938366453","false"
"2","unspecified","3","부산","오렌지라인","0.24692307692307694","0","0","0","0.24692307692307694","false"
"2","unspecified","25","여수","이순신문화유적코스","0.2422222222222222","0.0012780780063872974","0","0.0012780780063872976","0.2435003002286095","false"
"2","unspecified","56","영주","선비 코스","0.23500000000000001","0","0","0","0.23500000000000001","false"
"2","unspecified","103","안동","도산서원&예끼마을테마","0.23500000000000001","0","0","0","0.23500000000000001","false"
"2","unspecified","38","화성","바다와 하루","0.23","0.00340673938366453","0","0.00340673938366453","0.23340673938366455","false"
"2","unspecified","212","대전","야경","0.23249999999999998","0","0","0","0.23249999999999998","false"
"2","unspecified","5","부산","레드라인","0.2316648351648352","0","0","0","0.2316648351648352","false"
"2","unspecified","50","사천","우주항공산업투어","0.23111111111111107","0","0","0","0.23111111111111107","false"
"2","unspecified","239","순천","(테마투어)세계유산투어","0.23","0","0","0","0.23","false"
"2","unspecified","268","서울","EG투어버스 B코스","0.23","0","0","0","0.23","false"
"2","unspecified","52","사천","이순신승전길투어","0.22624999999999998","0","0","0","0.22624999999999998","false"
"2","unspecified","78","원주","원주시티투어(순환형)","0.22333333333333333","0","0","0","0.22333333333333333","false"
"2","unspecified","244","아산","예술맛집 코스","0.22","0.0021921859137382644","0","0.002192185913738265","0.22219218591373827","false"
"2","unspecified","168","태안","북부코스","0.22","0.0008631749539689062","0","0.0008631749539689062","0.2208631749539689","false"
"2","unspecified","154","세종","야경투어","0.22","0","0","0","0.22","false"
"2","unspecified","106","안동","주간도심테마","0.21999999999999997","0","0","0","0.21999999999999997","false"
"2","unspecified","232","서천","전라권코스","0.21166666666666664","0","0","0","0.21166666666666664","false"
"2","unspecified","98","양산","봄꽃체험코스","0.21","0.000359217245188274","0","0.000359217245188274","0.21035921724518827","false"
"2","unspecified","230","대전","남부코스","0.21","0","0","0","0.21","false"
"2","unspecified","39","화성","열차와 하루","0.2033333333333333","0.00340673938366453","0","0.00340673938366453","0.20674007271699785","false"
"2","unspecified","8","대구","테마(야경 4~10월)","0.2","0","0","0","0.2","false"
"2","unspecified","54","사천","별빛투어","0.19727272727272727","0","0","0","0.19727272727272727","false"
"2","unspecified","99","봉화","송이축제 문화유적탐방버스","0.19","0","0","0","0.19","false"
"2","unspecified","100","봉화","은어축제 문화유적탐방버스","0.19","0","0","0","0.19","false"
"2","unspecified","213","대전","힐링(장태산)","0.19","0","0","0","0.19","false"
"2","unspecified","269","서울","EG투어버스 A코스","0.19","0","0","0","0.19","false"
"2","unspecified","208","양구","방산나들이코스","0.18666666666666665","0","0","0","0.18666666666666665","false"
"2","unspecified","226","대전","광역투어(둘째주, 토)","0.18666666666666665","0","0","0","0.18666666666666665","false"
"2","unspecified","62","익산","익산숨은보석찾기코스","0.18428571428571425","0.0001724271819671193","0","0.00017242718196711928","0.18445814146768136","false"
"2","unspecified","218","대전","생태교육","0.18","0","0","0","0.18","false"
"2","unspecified","278","서울","EG투어버스 I코스","0.18","0","0","0","0.18","false"
"2","unspecified","95","양산","양산시 가을 시티투어 (자연관광코스)","0.17833333333333332","0.000359217245188274","0","0.000359217245188274","0.1786925505785216","false"
"2","unspecified","79","연천","연천명소코스","0.17833333333333332","0","0","0","0.17833333333333332","false"
"2","unspecified","113","가평","가평순환버스B코스","0.17833333333333332","0","0","0","0.17833333333333332","false"
"2","unspecified","207","양구","힐링산책코스","0.17833333333333332","0","0","0","0.17833333333333332","false"
"2","unspecified","70","서산","A코스","0.16999999999999998","0","0","0","0.16999999999999998","false"
"2","unspecified","26","여수","다크투어리즘코스","0.16285714285714284","0.0012780780063872974","0","0.0012780780063872976","0.16413522086353013","false"
"2","unspecified","220","아산","인생네컷 코스","0.16166666666666665","0.0021921859137382644","0","0.002192185913738265","0.16385885258040492","false"
"2","unspecified","77","태백","황지자유시장 코스","0.16374999999999998","0","0","0","0.16374999999999998","false"
"2","unspecified","210","곡성","읍권 순환버스","0.16374999999999998","0","0","0","0.16374999999999998","false"
"2","unspecified","260","서천","문화코스","0.1633333333333333","0","0","0","0.1633333333333333","false"
"2","unspecified","140","군산","고군산시간여행코스","0.16285714285714284","0.0002395086913499886","0","0.00023950869134998863","0.16309665154849282","false"
"2","unspecified","0","부산","동부산테마노선","0.16309183673469385","0","0","0","0.16309183673469385","false"
"2","unspecified","63","홍성","죽도코스","0.16166666666666665","0","0","0","0.16166666666666665","false"
"2","unspecified","80","연천","안보자연코스","0.16166666666666665","0","0","0","0.16166666666666665","false"
"2","unspecified","206","양구","해안DMZ트래킹 코스","0.16166666666666665","0","0","0","0.16166666666666665","false"
"2","unspecified","147","안산","대부도 해변코스(일반형 2코스)","0.15333333333333332","0.0028853056149984405","0","0.002885305614998441","0.15621863894833177","false"
"2","unspecified","148","안산","대부도 해변코스(일반형 1코스)","0.15333333333333332","0.0028853056149984405","0","0.002885305614998441","0.15621863894833177","false"
"2","unspecified","215","대전","역사문화(동춘당)","0.15333333333333332","0","0","0","0.15333333333333332","false"
"2","unspecified","87","의정부","의정부포레스트:오감이 깨어나는 숲 속 여행","0.15","0","0","0","0.15","false"
"2","unspecified","110","정선","아리랑열차 연계형 시티투어2","0.15","0","0","0","0.15","false"
"2","unspecified","111","정선","아리랑열차 연계형 시티투어 1","0.15","0","0","0","0.15","false"
"2","unspecified","136","인천","인천레트로노선","0.15","0","0","0","0.15","false"
"2","unspecified","182","포항","퐝순환코스","0.15","0","0","0","0.15","false"
"2","unspecified","76","태백","통리장 코스","0.145","0","0","0","0.145","false"
"2","unspecified","91","청주","청주시티투어_정기투어_초정힐링 투어(토)","0.145","0","0","0","0.145","false"
"2","unspecified","251","대전","광역투어(넷재주, 토)","0.145","0","0","0","0.145","false"
"2","unspecified","27","여수","제2코스","0.14307692307692307","0.0012780780063872974","0","0.0012780780063872976","0.14435500108331037","false"
"2","unspecified","20","광양","야경코스","0.13874999999999998","0.0006913714352819012","0","0.0006913714352819012","0.13944137143528187","false"
"2","unspecified","1","부산","서부산생태투어","0.13874999999999998","0","0","0","0.13874999999999998","false"
"2","unspecified","24","여수","야경코스","0.13428571428571426","0.0012780780063872974","0","0.0012780780063872976","0.13556379229210155","false"
"2","unspecified","105","안동","야간도심테마","0.13428571428571426","0","0","0","0.13428571428571426","false"
"2","unspecified","92","청주","청주시티투어_정기투어_청남대 투어(수토일)","0.1311111111111111","0","0","0","0.1311111111111111","false"
"2","unspecified","151","안산","대부도 뱃길코스(일반형 2코스)","0.12555555555555556","0.0028853056149984405","0","0.002885305614998441","0.128440861170554","false"
"2","unspecified","171","춘천","금요일","0.12625","0","0","0","0.12625","false"
"2","unspecified","191","평창","남부권 코스","0.12625","0","0","0","0.12625","false"
"2","unspecified","49","밀양","시내권 투어 1","0.12000000000000001","0","0","0","0.12000000000000001","false"
"2","unspecified","228","대전","광역투어(첫주, 토)","0.12000000000000001","0","0","0","0.12000000000000001","false"
"2","unspecified","57","영주","물돌이 코스","0.115","0","0","0","0.115","false"
"2","unspecified","114","가평","가평순환버스A코스","0.11444444444444445","0","0","0","0.11444444444444445","false"
"2","unspecified","152","안산","대부도 뱃길코스(일반형 1코스)","0.10888888888888888","0.0028853056149984405","0","0.002885305614998441","0.11177419450388733","false"
"2","unspecified","23","여수","2층주간코스","0.10500000000000001","0.0012780780063872974","0","0.0012780780063872976","0.1062780780063873","false"
"2","unspecified","21","여수","야간테마코스(시간을달리는버스커)","0.09272727272727273","0.0012780780063872974","0","0.0012780780063872976","0.09400535073366002","false"
"2","unspecified","4","부산","그린라인","0.08923076923076924","0","0","0","0.08923076923076924","false"
"2","unspecified","71","천안","일요일","0.0825","0","0","0","0.0825","false"
"2","unspecified","200","진도","진도시티투어","0.06642857142857143","0.00026063438989205764","0","0.0002606343898920577","0.06668920581846349","false"
"2","unspecified","41","화성","역사와 하루2","0.06","0.00340673938366453","0","0.00340673938366453","0.06340673938366453","false"
"2","unspecified","101","청도","시티투어","0.06","0","0","0","0.06","false"
"2","unspecified","32","화성","테마와 하루(문화예술 체험)","0.05333333333333333","0.00340673938366453","0","0.00340673938366453","0.05674007271699786","false"
"2","unspecified","33","화성","테마와 하루(목장 체험)","0.05","0.00340673938366453","0","0.00340673938366453","0.05340673938366453","false"
"2","unspecified","275","서울","EG투어버스 L코스","0.05333333333333333","0","0","0","0.05333333333333333","false"
"2","unspecified","146","안산","대부도 해변코스(체험형 1코스)","0.05","0.0028853056149984405","0","0.002885305614998441","0.05288530561499844","false"
"2","unspecified","28","여수","제1코스","0.04857142857142857","0.0012780780063872974","0","0.0012780780063872976","0.049849506577815866","false"
"2","unspecified","149","안산","대부도 뱃길코스(체험형 2코스)","0.045","0.0028853056149984405","0","0.002885305614998441","0.04788530561499844","false"
"2","unspecified","150","안산","대부도 뱃길코스(체험형 1코스)","0.045","0.0028853056149984405","0","0.002885305614998441","0.04788530561499844","false"
"2","unspecified","85","이천","농촌체험코스(남부)","0.045","0.000843137864612549","0","0.000843137864612549","0.04584313786461255","false"
"2","unspecified","6","제주","야간코스(7월말~8월말 운영)","0.041428571428571426","0","0","0","0.041428571428571426","false"
"2","unspecified","84","이천","농촌체험코스(중부)","0.04000000000000001","0.000843137864612549","0","0.000843137864612549","0.04084313786461256","false"
"2","unspecified","45","화성","테마와 하루(지역축제 체험)","0.03666666666666667","0.00340673938366453","0","0.00340673938366453","0.040073406050331196","false"
"2","unspecified","209","곡성","압록권역 순환버스","0.04000000000000001","0","0","0","0.04000000000000001","false"
"2","unspecified","276","서울","EG투어버스 K 코스","0.04000000000000001","0","0","0","0.04000000000000001","false"
"2","unspecified","83","이천","농촌체험코스(북부)","0.03666666666666667","0.000843137864612549","0","0.000843137864612549","0.037509804531279216","false"
"2","unspecified","31","화성","테마와 하루(해양생태 체험)","0.030000000000000002","0.00340673938366453","0","0.00340673938366453","0.033406739383664535","false"
"2","unspecified","82","이천","승마체험코스","0.0325","0.000843137864612549","0","0.000843137864612549","0.03334313786461255","false"
"2","unspecified","246","대전","언택트세이프(B)","0.030000000000000002","0","0","0","0.030000000000000002","false"
"2","unspecified","271","서울","EG투어버스 F코스","0.030000000000000002","0","0","0","0.030000000000000002","false"
"2","unspecified","93","여주","꽃섬투어","0.025555555555555557","0","0","0","0.025555555555555557","false"
"2","unspecified","118","파주","2026 파주시티투어 당일코스(금요일)","0.02","0.0016589957880501344","0","0.0016589957880501344","0.021658995788050136","false"
"2","unspecified","2","부산","야경투어","0.020410714285714286","0","0","0","0.020410714285714286","false"
"2","unspecified","29","목포","별빛물결시티투어","0.02","0","0","0","0.02","false"
"2","unspecified","75","충주","충주시티투어","0.02","0","0","0","0.02","false"
"2","unspecified","164","화순","화순적벽 버스투어(적벽 셔틀버스)","0.02","0","0","0","0.02","false"
"2","unspecified","165","화순","화순적벽 버스투어(적벽투어)","0.02","0","0","0","0.02","false"
"2","unspecified","211","대전","가족여행","0.02","0","0","0","0.02","false"
"2","unspecified","219","대전","다크투어","0.02","0","0","0","0.02","false"
"2","unspecified","273","서울","EG투어버스 D코스","0.02","0","0","0","0.02","false"
"2","unspecified","36","화성","별과 하루","0","0.00340673938366453","0","0.00340673938366453","0.00340673938366453","false"
"2","unspecified","37","화성","노을과 하루","0","0.00340673938366453","0","0.00340673938366453","0.00340673938366453","false"
"2","unspecified","44","화성","섬과 하루","0","0.00340673938366453","0","0.00340673938366453","0.00340673938366453","false"
"2","unspecified","231","태안","북부코스남부코스","0","0.0008631749539689062","0","0.0008631749539689062","0.0008631749539689062","false"
"2","unspecified","60","익산","맞춤형코스","0","0.0001724271819671193","0","0.00017242718196711928","0.00017242718196711928","false"
"2","unspecified","16","대구","테마(야경 11~3월)","0","0","0","0","0","false"
"2","unspecified","55","영주","특별운영","0","0","0","0","0","false"
"2","unspecified","88","청주","청주시티투어_수시투어","0","0","0","0","0","false"
"2","unspecified","125","부천","정규코스. 특별코스","0","0","0","0","0","false"
"2","unspecified","132","인천","선재영흥투어","0","0","0","0","0","false"
"2","unspecified","134","인천","무의도투어","0","0","0","0","0","false"
"2","unspecified","141","제천","제천관광택시","0","0","0","0","0","false"
"2","unspecified","198","공주","축제코스","0","0","0","0","0","false"
"2","unspecified","259","단양","단양군시티투어","0","0","0","0","0","false"
"2","unspecified","261","부여","백제문화단지-부소산성-궁남지-정림사지-백제문화단지","0","0","0","0","0","false"
"3","male","10","대구","테마-전통5일장-현풍백년도깨비시장","2","0","0","0","2","true"
"3","male","7","제주","순환형코스","1.9500000000000002","0","0","0","1.9500000000000002","true"
"3","male","122","시흥","테마형 수시코스","1.85","0.0013562592388162945","0.0001327925745534798","0.0014890518133697744","1.8514890518133698","true"
"3","male","14","대구","테마-방방곡곡(팔공산)","1.8","0","0","0","1.8","false"
"3","male","112","정선","와와정선 2층 투어버스","1.2000000000000002","0.0014551200732353467","0","0.0014551200732353467","1.2014551200732355","true"
"3","male","156","세종","역사산책투어","1.17","0","0","0","1.17","true"
"3","male","15","대구","도심순환코스(12개 정류장)","1","0","0","0","1","false"
"3","male","129","인천","노을야경투어","1","0","0","0","1","false"
"3","male","131","인천","교동도투어","1","0","0","0","1","false"
"3","male","135","인천","바다노선","1","0","0","0","1","false"
"3","male","183","포항","퐝랜드마크B코스","1","0","0","0","1","false"
"3","male","130","인천","석모도투어","0.95","0","0","0","0.95","false"
"3","male","184","포항","퐝랜드마크A코스","0.95","0","0","0","0.95","false"
"3","male","185","포항","씨(SEA)하게 보는 포항코스","0.95","0","0","0","0.95","false"
"3","male","159","세종","봄꽃파닭B투어","0.9366666666666666","0","0","0","0.9366666666666666","false"
"3","male","160","세종","봄꽃파닭A투어","0.9366666666666666","0","0","0","0.9366666666666666","false"
"3","male","120","파주","2026 파주시티투어 당일코스(수요일)","0.8866666666666667","0.0005194701947446618","0","0.0005194701947446618","0.8871861368614113","false"
"3","male","181","김해","김해에반해","0.8771428571428572","0.0002884051994610295","0.000042864459740554696","0.00033126965920158424","0.8774741268020588","false"
"3","male","179","김해","역사에반해","0.8533333333333334","0.0002884051994610295","0.000042864459740554696","0.00033126965920158424","0.853664602992535","false"
"3","male","133","인천","청라투어","0.85","0","0","0","0.85","false"
"3","male","267","공주","반일코스","0.8300000000000001","0","0","0","0.8300000000000001","false"
"3","male","11","대구","테마-방방곡곡(사시사철)","0.8","0","0","0","0.8","false"
"3","male","12","대구","테마-방방곡곡(군위군 돋보기)","0.8","0","0","0","0.8","false"
"3","male","13","대구","테마-방방곡곡(낙동강)","0.8","0","0","0","0.8","false"
"3","male","229","대전","대청호코스","0.8","0","0","0","0.8","false"
"3","male","180","김해","자연에반해","0.77","0.0002884051994610295","0.000042864459740554696","0.00033126965920158424","0.7703312696592016","false"
"3","male","74","천안","화요일","0.7325","0","0","0","0.7325","false"
"3","male","262","공주","봄·여름·가을 코스","0.7033333333333334","0","0","0","0.7033333333333334","false"
"3","male","138","군산","(박물관 출발) 고군산코스","0.6866666666666666","0","0.00004344812146239216","0.00004344812146239216","0.686710114788129","false"
"3","male","173","춘천","수요일","0.6866666666666666","0","0","0","0.6866666666666666","false"
"3","male","166","태안","광역코스","0.67","0.001176523471305415","0","0.0011765234713054151","0.6711765234713054","false"
"3","male","178","김해","문화에반해","0.6599999999999999","0.0002884051994610295","0.000042864459740554696","0.00033126965920158424","0.6603312696592015","false"
"3","male","235","홍천","홍천시티투어","0.6533333333333333","0","0","0","0.6533333333333333","false"
"3","male","188","서천","푸른빛코스","0.645","0.0002884051994610295","0","0.00028840519946102955","0.6452884051994611","false"
"3","male","227","대전","광역투어(첫주, 일)","0.6387499999999999","0","0","0","0.6387499999999999","false"
"3","male","46","합천","합천광역시티투어 누비고","0.6366666666666667","0","0","0","0.6366666666666667","false"
"3","male","42","화성","역사와 하루1","0.63","0.0016303509637396283","0.00011338305027020722","0.0017437340140098356","0.6317437340140099","false"
"3","male","116","파주","2026 파주시티투어 당일코스(일요일)","0.62","0.0005194701947446618","0","0.0005194701947446618","0.6205194701947446","false"
"3","male","119","파주","2026 파주시티투어 당일코스(목요일)","0.62","0.0005194701947446618","0","0.0005194701947446618","0.6205194701947446","false"
"3","male","61","익산","세계유산코스","0.62","0","0","0","0.62","false"
"3","male","223","대전","광역투어(셋째주, 일)","0.5985714285714285","0","0","0","0.5985714285714285","false"
"3","male","263","공주","가을코스2","0.5755555555555556","0","0","0","0.5755555555555556","false"
"3","male","236","화천","화천시티투어(백암산케이블카)","0.5700000000000001","0","0.0003829599623132855","0.0003829599623132855","0.5703829599623134","false"
"3","male","254","경산","소원성취코스,삼성현명품투어코스","0.5628571428571428","0","0","0","0.5628571428571428","false"
"3","male","126","대구","도동코스","0.5575","0","0","0","0.5575","false"
"3","male","177","경기광주","광주시티투어","0.5557142857142857","0.0009090439162794068","0","0.0009090439162794068","0.5566233296305652","false"
"3","male","127","대구","송해코스","0.54","0","0","0","0.54","false"
"3","male","241","순천","(테마투어)생태투어","0.54","0","0","0","0.54","false"
"3","male","81","연천","역사자연코스","0.5342857142857143","0","0.00020103247267750098","0.00020103247267750098","0.5344867467583918","false"
"3","male","265","공주","여름코스","0.53","0","0","0","0.53","false"
"3","male","96","양산","양산시 가을 시티투어 (역사문화코스)","0.5119610591900311","0.00011096681941658766","0","0.00011096681941658769","0.5120720260094477","false"
"3","male","162","세종","세종관광명소B투어","0.5075000000000001","0","0","0","0.5075000000000001","false"
"3","male","144","안산","안산 시내권코스(토요일)","0.495","0.0005280121996591867","0","0.0005280121996591867","0.4955280121996592","false"
"3","male","258","양주","왕실축제","0.495","0.0004512273986083721","0.000014148710928409726","0.00046537610953678186","0.4954653761095368","false"
"3","male","47","밀양","삼랑진권 투어","0.495","0","0","0","0.495","false"
"3","male","108","부여","부여테마여행","0.4936842105263158","0","0","0","0.4936842105263158","false"
"3","male","249","대전","광역투어(다섯째주, 토)","0.48875","0","0","0","0.48875","false"
"3","male","222","아산","아산도심핫플코스","0.4866666666666667","0.0009151970087435835","0.000033513003904574515","0.000948710012648158","0.48761537667931487","false"
"3","male","175","춘천","월요일","0.48250000000000004","0","0","0","0.48250000000000004","false"
"3","male","195","완주","완주힐링로드시티투어 2코스","0.4755555555555555","0","0","0","0.4755555555555555","false"
"3","male","72","천안","토요일","0.47000000000000003","0","0","0","0.47000000000000003","false"
"3","male","73","천안","목요일","0.47000000000000003","0","0","0","0.47000000000000003","false"
"3","male","161","세종","천안연계투어","0.47000000000000003","0","0","0","0.47000000000000003","false"
"3","male","86","평택","문화유산코스 /관광코스 ※무장애코스 월2회 정기운영(3~6월,9~11월)","0.4642307692307692","0.0010142556476847638","0.000212188490239465","0.0012264441379242288","0.46545721336869345","false"
"3","male","186","서천","동백코스(익산-군산 광역)","0.45333333333333337","0.0002884051994610295","0","0.00028840519946102955","0.4536217385327944","false"
"3","male","225","대전","광역투어(둘째주, 일)","0.45333333333333337","0","0","0","0.45333333333333337","false"
"3","male","252","안성","안성시티투어","0.45000000000000007","0.0010921314115787588","0.00018142602289238774","0.0012735574344711464","0.45127355743447123","false"
"3","male","237","화천","화천시티투어(평화누리호)","0.45000000000000007","0","0.0003829599623132855","0.0003829599623132855","0.45038295996231337","false"
"3","male","64","홍성","전통시장코스(홍성) 1,6일 운영","0.45000000000000007","0","0","0","0.45000000000000007","false"
"3","male","203","양주","박물관투어","0.44857142857142857","0.0004512273986083721","0.000014148710928409726","0.00046537610953678186","0.44903680468096535","false"
"3","male","167","태안","남부코스","0.445","0.001176523471305415","0","0.0011765234713054151","0.44617652347130543","false"
"3","male","264","공주","가을코스","0.43500000000000005","0","0","0","0.43500000000000005","false"
"3","male","43","화성","자연과 하루","0.4325","0.0016303509637396283","0.00011338305027020722","0.0017437340140098356","0.43424373401400984","false"
"3","male","157","세종","행복투어A","0.43000000000000005","0","0","0","0.43000000000000005","false"
"3","male","240","순천","(테마투어)성곽투어","0.43000000000000005","0","0","0","0.43000000000000005","false"
"3","male","216","대전","역사문화(효월드)","0.42714285714285716","0","0","0","0.42714285714285716","false"
"3","male","255","울산","장생포 대왕암 코스","0.42714285714285716","0","0","0","0.42714285714285716","false"
"3","male","30","목포","목포랑시티투어","0.4241666666666667","0","0","0","0.4241666666666667","false"
"3","male","145","안산","안산 시내권코스(목요일)","0.42","0.0005280121996591867","0","0.0005280121996591867","0.4205280121996592","false"
"3","male","190","영광","영광쉼,투어","0.42","0","0.00005510156488704973","0.00005510156488704973","0.420055101564887","false"
"3","male","243","나주","정기코스","0.42000000000000004","0.0000022646525704130097","0","0.0000022646525704130097","0.42000226465257046","false"
"3","male","163","세종","세종관광명소A투어","0.42000000000000004","0","0","0","0.42000000000000004","false"
"3","male","214","대전","힐링(만인산)","0.42000000000000004","0","0","0","0.42000000000000004","false"
"3","male","238","순천","(테마투어)산사투어","0.42000000000000004","0","0","0","0.42000000000000004","false"
"3","male","253","대전","언택트세이프?","0.42000000000000004","0","0","0","0.42000000000000004","false"
"3","male","9","대구","테마-전통5일장-군위전통시장","0.42","0","0","0","0.42","false"
"3","male","224","대전","광역투어(셋째주, 토)","0.41285714285714287","0","0","0","0.41285714285714287","false"
"3","male","189","서천","보랏빛코스","0.4057142857142857","0.0002884051994610295","0","0.00028840519946102955","0.40600269091374674","false"
"3","male","40","화성","모두와 하루(무장애 여행)","0.4","0.0016303509637396283","0.00011338305027020722","0.0017437340140098356","0.40174373401400987","false"
"3","male","197","평창","북부권 코스","0.40125","0","0","0","0.40125","false"
"3","male","17","해남","해남시티투어","0.4","0","0.00001708938585871869","0.00001708938585871869","0.4000170893858587","false"
"3","male","204","양주","역사투어","0.395","0.0004512273986083721","0.000014148710928409726","0.00046537610953678186","0.3954653761095368","false"
"3","male","58","익산","순환형2","0.395","0","0","0","0.395","false"
"3","male","59","익산","순환형1","0.395","0","0","0","0.395","false"
"3","male","187","서천","금빛코스","0.39142857142857146","0.0002884051994610295","0","0.00028840519946102955","0.3917169766280325","false"
"3","male","123","시흥","테마형 정기코스","0.39","0.0013562592388162945","0.0001327925745534798","0.0014890518133697744","0.3914890518133698","false"
"3","male","124","시흥","순환형 2층버스","0.39","0.0013562592388162945","0.0001327925745534798","0.0014890518133697744","0.3914890518133698","false"
"3","male","48","밀양","영남알프스권 투어 1","0.38250000000000006","0","0","0","0.38250000000000006","false"
"3","male","221","아산","休캉스 코스","0.38","0.0009151970087435835","0.000033513003904574515","0.000948710012648158","0.3809487100126482","false"
"3","male","245","아산","역사기행 코스","0.38","0.0009151970087435835","0.000033513003904574515","0.000948710012648158","0.3809487100126482","false"
"3","male","155","세종","정원투어","0.38","0","0","0","0.38","false"
"3","male","217","대전","대덕특구탐방","0.38","0","0","0","0.38","false"
"3","male","193","완주","완주힐링로드 시티투어(코레일연계 익산역)","0.37909090909090915","0","0","0","0.37909090909090915","false"
"3","male","51","사천","오감체험투어","0.3783333333333333","0.00024159935521302265","0","0.00024159935521302265","0.3785749326885463","false"
"3","male","107","예산","예산군 버스투어","0.3783333333333333","0","0","0","0.3783333333333333","false"
"3","male","272","서울","EG투어버스 E코스","0.3783333333333333","0","0","0","0.3783333333333333","false"
"3","male","266","공주","봄코스","0.37357142857142855","0","0","0","0.37357142857142855","false"
"3","male","117","파주","2026 파주시티투어 당일코스(토요일)","0.37","0.0005194701947446618","0","0.0005194701947446618","0.3705194701947447","false"
"3","male","257","양주","천일홍축제","0.37","0.0004512273986083721","0.000014148710928409726","0.00046537610953678186","0.3704653761095368","false"
"3","male","109","부여","롯데리조트부여와 함께하는 부여 감성야행","0.3616666666666667","0","0","0","0.3616666666666667","false"
"3","male","97","양산","2025 6월 시티투어","0.35333333333333333","0.00011096681941658766","0","0.00011096681941658768","0.3534443001527499","false"
"3","male","67","홍성","역사·문화 코스","0.35333333333333333","0","0","0","0.35333333333333333","false"
"3","male","158","세종","역사문화투어","0.35333333333333333","0","0","0","0.35333333333333333","false"
"3","male","172","춘천","목요일","0.35333333333333333","0","0","0","0.35333333333333333","false"
"3","male","248","대전","광역투어(다섯째주, 일)","0.35125000000000006","0","0","0","0.35125000000000006","false"
"3","male","194","완주","완주힐링로드 시티투어(서울권역)","0.3491666666666667","0","0","0","0.3491666666666667","false"
"3","male","205","양주","기본코스","0.34777777777777774","0.0004512273986083721","0.000014148710928409726","0.00046537610953678186","0.3482431538873145","false"
"3","male","18","광양","광양역사코스","0.34777777777777774","0.000340425553538854","0.00008464853243011739","0.0004250740859689714","0.3482028518637467","false"
"3","male","19","광양","광양힐링코스","0.34777777777777774","0.000340425553538854","0.00008464853243011739","0.0004250740859689714","0.3482028518637467","false"
"3","male","65","홍성","전통시장코스(광천) 4,9일 운영","0.345","0","0","0","0.345","false"
"3","male","274","서울","EG투어버스 C코스","0.345","0","0","0","0.345","false"
"3","male","247","대전","언택트세이프(A)","0.34","0","0","0","0.34","false"
"3","male","270","서울","EG투어버스 G코스","0.34","0","0","0","0.34","false"
"3","male","196","완주","완주힐링로드시티투어 1코스","0.3392307692307693","0","0","0","0.3392307692307693","false"
"3","male","121","파주","2026 파주시티투어 당일코스(화요일)","0.33666666666666667","0.0005194701947446618","0","0.0005194701947446618","0.33718613686141136","false"
"3","male","115","파주","2026 파주시티투어 1박2일코스(토요일~일요일)","0.32833333333333337","0.0005194701947446618","0","0.0005194701947446618","0.32885280352807805","false"
"3","male","233","서천","광역코스","0.3271428571428571","0.0002884051994610295","0","0.00028840519946102955","0.3274312623423182","false"
"3","male","234","서천","힐링코스","0.3271428571428571","0.0002884051994610295","0","0.00028840519946102955","0.3274312623423182","false"
"3","male","128","대구","현풍코스","0.3271428571428572","0","0","0","0.3271428571428572","false"
"3","male","201","양주","자연친화코스1","0.32","0.0004512273986083721","0.000014148710928409726","0.00046537610953678186","0.3204653761095368","false"
"3","male","142","제천","시티투어","0.32000000000000006","0","0","0","0.32000000000000006","false"
"3","male","89","청주","청주시티투어_정기투어_트레킹 투어(토)","0.32","0","0","0","0.32","false"
"3","male","169","춘천","일요일","0.31500000000000006","0","0","0","0.31500000000000006","false"
"3","male","170","춘천","토요일","0.31500000000000006","0","0","0","0.31500000000000006","false"
"3","male","104","안동","하회마을테마","0.3109090909090909","0","0","0","0.3109090909090909","false"
"3","male","102","안동","봉정사&만휴정테마","0.3063636363636364","0","0","0","0.3063636363636364","false"
"3","male","202","양주","서울우유견학코스","0.3057142857142857","0.0004512273986083721","0.000014148710928409726","0.00046537610953678186","0.3061796618238225","false"
"3","male","68","서산","C코스","0.3057142857142857","0","0","0","0.3057142857142857","false"
"3","male","66","홍성","남당항 코스","0.30333333333333334","0","0","0","0.30333333333333334","false"
"3","male","94","여주","시티투어","0.3018181818181818","0.0005587636653485939","0","0.0005587636653485939","0.3023769454835304","false"
"3","male","199","완도","해양치유시티투어","0.30214285714285716","0","0.0001690471921373689","0.0001690471921373689","0.30231190433499455","false"
"3","male","69","서산","B코스","0.2985714285714286","0","0","0","0.2985714285714286","false"
"3","male","153","세종","행복투어B","0.2866666666666667","0","0","0","0.2866666666666667","false"
"3","male","242","순천","(기획투어)나이트가든투어","0.2866666666666667","0","0","0","0.2866666666666667","false"
"3","male","90","청주","청주시티투어_정기투어_힐링로드 투어(토)","0.28428571428571425","0","0","0","0.28428571428571425","false"
"3","male","256","울산","태화강 국가정원 코스","0.2838888888888889","0","0","0","0.2838888888888889","false"
"3","male","174","춘천","화요일","0.28250000000000003","0","0","0","0.28250000000000003","false"
"3","male","143","동해","관광문화코스","0.2783333333333333","0","0","0","0.2783333333333333","false"
"3","male","139","군산","(익산역 출발) 고군산시간여행코스","0.27","0","0.00004344812146239216","0.00004344812146239216","0.2700434481214624","false"
"3","male","176","창원","창원시티투어","0.26999999999999996","0","0","0","0.26999999999999996","false"
"3","male","53","사천","바다투어","0.26285714285714284","0.00024159935521302265","0","0.00024159935521302265","0.26309874221235585","false"
"3","male","137","임실","명소탐방 임실 시티투어","0.26","0","0","0","0.26","false"
"3","male","192","삼척","종일코스","0.26","0","0","0","0.26","false"
"3","male","277","서울","EG투어버스 J코스","0.25","0","0","0","0.25","false"
"3","male","279","서울","EG투어버스 H코스","0.25","0","0","0","0.25","false"
"3","male","22","여수","2층야간코스","0.24857142857142853","0.0003014337534814614","0","0.00030143375348146145","0.24887286232491","false"
"3","male","250","대전","광역투어(넷재주, 일)","0.24857142857142853","0","0","0","0.24857142857142853","false"
"3","male","3","부산","오렌지라인","0.24692307692307694","0","0","0","0.24692307692307694","false"
"3","male","34","화성","테마와 하루(농어촌 체험)","0.245","0.0016303509637396283","0.00011338305027020722","0.0017437340140098356","0.24674373401400984","false"
"3","male","35","화성","소소한 하루","0.245","0.0016303509637396283","0.00011338305027020722","0.0017437340140098356","0.24674373401400984","false"
"3","male","25","여수","이순신문화유적코스","0.2422222222222222","0.0003014337534814614","0","0.00030143375348146145","0.24252365597570366","false"
"3","male","56","영주","선비 코스","0.23500000000000001","0","0","0","0.23500000000000001","false"
"3","male","103","안동","도산서원&예끼마을테마","0.23500000000000001","0","0","0","0.23500000000000001","false"
"3","male","212","대전","야경","0.23249999999999998","0","0","0","0.23249999999999998","false"
"3","male","38","화성","바다와 하루","0.23","0.0016303509637396283","0.00011338305027020722","0.0017437340140098356","0.23174373401400986","false"
"3","male","5","부산","레드라인","0.23153846153846155","0","0","0","0.23153846153846155","false"
"3","male","50","사천","우주항공산업투어","0.23111111111111107","0.00024159935521302265","0","0.00024159935521302265","0.2313527104663241","false"
"3","male","239","순천","(테마투어)세계유산투어","0.23","0","0","0","0.23","false"
"3","male","268","서울","EG투어버스 B코스","0.23","0","0","0","0.23","false"
"3","male","52","사천","이순신승전길투어","0.22624999999999998","0.00024159935521302265","0","0.00024159935521302265","0.226491599355213","false"
"3","male","78","원주","원주시티투어(순환형)","0.22333333333333333","0","0","0","0.22333333333333333","false"
"3","male","168","태안","북부코스","0.22","0.001176523471305415","0","0.0011765234713054151","0.22117652347130543","false"
"3","male","244","아산","예술맛집 코스","0.22","0.0009151970087435835","0.000033513003904574515","0.000948710012648158","0.22094871001264815","false"
"3","male","154","세종","야경투어","0.22","0","0","0","0.22","false"
"3","male","106","안동","주간도심테마","0.21999999999999997","0","0","0","0.21999999999999997","false"
"3","male","232","서천","전라권코스","0.21166666666666664","0.0002884051994610295","0","0.00028840519946102955","0.21195507186612766","false"
"3","male","98","양산","봄꽃체험코스","0.21","0.00011096681941658766","0","0.00011096681941658768","0.21011096681941657","false"
"3","male","230","대전","남부코스","0.21","0","0","0","0.21","false"
"3","male","39","화성","열차와 하루","0.2033333333333333","0.0016303509637396283","0.00011338305027020722","0.0017437340140098356","0.20507706734734316","false"
"3","male","8","대구","테마(야경 4~10월)","0.2","0","0","0","0.2","false"
"3","male","54","사천","별빛투어","0.19727272727272727","0.00024159935521302265","0","0.00024159935521302265","0.1975143266279403","false"
"3","male","99","봉화","송이축제 문화유적탐방버스","0.19","0","0","0","0.19","false"
"3","male","100","봉화","은어축제 문화유적탐방버스","0.19","0","0","0","0.19","false"
"3","male","213","대전","힐링(장태산)","0.19","0","0","0","0.19","false"
"3","male","269","서울","EG투어버스 A코스","0.19","0","0","0","0.19","false"
"3","male","208","양구","방산나들이코스","0.18666666666666665","0","0.0003359102424942268","0.0003359102424942268","0.18700257690916086","false"
"3","male","226","대전","광역투어(둘째주, 토)","0.18666666666666665","0","0","0","0.18666666666666665","false"
"3","male","62","익산","익산숨은보석찾기코스","0.18428571428571425","0","0","0","0.18428571428571425","false"
"3","male","218","대전","생태교육","0.18","0","0","0","0.18","false"
"3","male","278","서울","EG투어버스 I코스","0.18","0","0","0","0.18","false"
"3","male","207","양구","힐링산책코스","0.17833333333333332","0","0.0003359102424942268","0.0003359102424942268","0.17866924357582753","false"
"3","male","79","연천","연천명소코스","0.17833333333333332","0","0.00020103247267750098","0.00020103247267750098","0.17853436580601081","false"
"3","male","95","양산","양산시 가을 시티투어 (자연관광코스)","0.17833333333333332","0.00011096681941658766","0","0.00011096681941658768","0.1784443001527499","false"
"3","male","113","가평","가평순환버스B코스","0.17833333333333332","0","0","0","0.17833333333333332","false"
"3","male","70","서산","A코스","0.16999999999999998","0","0","0","0.16999999999999998","false"
"3","male","77","태백","황지자유시장 코스","0.16374999999999998","0.0004297817124342496","0","0.0004297817124342496","0.16417978171243422","false"
"3","male","210","곡성","읍권 순환버스","0.16374999999999998","0","0","0","0.16374999999999998","false"
"3","male","260","서천","문화코스","0.1633333333333333","0.0002884051994610295","0","0.00028840519946102955","0.16362173853279433","false"
"3","male","26","여수","다크투어리즘코스","0.16285714285714284","0.0003014337534814614","0","0.00030143375348146145","0.1631585766106243","false"
"3","male","140","군산","고군산시간여행코스","0.16285714285714284","0","0.00004344812146239216","0.00004344812146239216","0.16290059097860524","false"
"3","male","0","부산","동부산테마노선","0.16285714285714284","0","0","0","0.16285714285714284","false"
"3","male","220","아산","인생네컷 코스","0.16166666666666665","0.0009151970087435835","0.000033513003904574515","0.000948710012648158","0.1626153766793148","false"
"3","male","206","양구","해안DMZ트래킹 코스","0.16166666666666665","0","0.0003359102424942268","0.0003359102424942268","0.16200257690916087","false"
"3","male","80","연천","안보자연코스","0.16166666666666665","0","0.00020103247267750098","0.00020103247267750098","0.16186769913934415","false"
"3","male","63","홍성","죽도코스","0.16166666666666665","0","0","0","0.16166666666666665","false"
"3","male","147","안산","대부도 해변코스(일반형 2코스)","0.15333333333333332","0.0005280121996591867","0","0.0005280121996591867","0.15386134553299252","false"
"3","male","148","안산","대부도 해변코스(일반형 1코스)","0.15333333333333332","0.0005280121996591867","0","0.0005280121996591867","0.15386134553299252","false"
"3","male","215","대전","역사문화(동춘당)","0.15333333333333332","0","0","0","0.15333333333333332","false"
"3","male","110","정선","아리랑열차 연계형 시티투어2","0.15","0.0014551200732353467","0","0.0014551200732353467","0.15145512007323533","false"
"3","male","111","정선","아리랑열차 연계형 시티투어 1","0.15","0.0014551200732353467","0","0.0014551200732353467","0.15145512007323533","false"
"3","male","87","의정부","의정부포레스트:오감이 깨어나는 숲 속 여행","0.15","0","0","0","0.15","false"
"3","male","136","인천","인천레트로노선","0.15","0","0","0","0.15","false"
"3","male","182","포항","퐝순환코스","0.15","0","0","0","0.15","false"
"3","male","76","태백","통리장 코스","0.145","0.0004297817124342496","0","0.0004297817124342496","0.14542978171243423","false"
"3","male","91","청주","청주시티투어_정기투어_초정힐링 투어(토)","0.145","0","0","0","0.145","false"
"3","male","251","대전","광역투어(넷재주, 토)","0.145","0","0","0","0.145","false"
"3","male","27","여수","제2코스","0.14307692307692307","0.0003014337534814614","0","0.00030143375348146145","0.14337835683040454","false"
"3","male","20","광양","야경코스","0.13874999999999998","0.000340425553538854","0.00008464853243011739","0.0004250740859689714","0.13917507408596896","false"
"3","male","1","부산","서부산생태투어","0.13874999999999998","0","0","0","0.13874999999999998","false"
"3","male","24","여수","야경코스","0.13428571428571426","0.0003014337534814614","0","0.00030143375348146145","0.13458714803919572","false"
"3","male","105","안동","야간도심테마","0.13428571428571426","0","0","0","0.13428571428571426","false"
"3","male","92","청주","청주시티투어_정기투어_청남대 투어(수토일)","0.1311111111111111","0","0","0","0.1311111111111111","false"
"3","male","171","춘천","금요일","0.12625","0","0","0","0.12625","false"
"3","male","191","평창","남부권 코스","0.12625","0","0","0","0.12625","false"
"3","male","151","안산","대부도 뱃길코스(일반형 2코스)","0.12555555555555556","0.0005280121996591867","0","0.0005280121996591867","0.12608356775521476","false"
"3","male","49","밀양","시내권 투어 1","0.12000000000000001","0","0","0","0.12000000000000001","false"
"3","male","228","대전","광역투어(첫주, 토)","0.12000000000000001","0","0","0","0.12000000000000001","false"
"3","male","57","영주","물돌이 코스","0.115","0","0","0","0.115","false"
"3","male","114","가평","가평순환버스A코스","0.11444444444444445","0","0","0","0.11444444444444445","false"
"3","male","152","안산","대부도 뱃길코스(일반형 1코스)","0.10888888888888888","0.0005280121996591867","0","0.0005280121996591867","0.10941690108854807","false"
"3","male","23","여수","2층주간코스","0.10500000000000001","0.0003014337534814614","0","0.00030143375348146145","0.10530143375348147","false"
"3","male","21","여수","야간테마코스(시간을달리는버스커)","0.09272727272727273","0.0003014337534814614","0","0.00030143375348146145","0.09302870648075419","false"
"3","male","4","부산","그린라인","0.08923076923076924","0","0","0","0.08923076923076924","false"
"3","male","71","천안","일요일","0.0825","0","0","0","0.0825","false"
"3","male","200","진도","진도시티투어","0.06642857142857143","0.00003891660971876155","0.00013165372465383024","0.0001705703343725918","0.06659914176294403","false"
"3","male","41","화성","역사와 하루2","0.06","0.0016303509637396283","0.00011338305027020722","0.0017437340140098356","0.061743734014009836","false"
"3","male","101","청도","시티투어","0.06","0","0","0","0.06","false"
"3","male","32","화성","테마와 하루(문화예술 체험)","0.05333333333333333","0.0016303509637396283","0.00011338305027020722","0.0017437340140098356","0.05507706734734317","false"
"3","male","275","서울","EG투어버스 L코스","0.05333333333333333","0","0","0","0.05333333333333333","false"
"3","male","33","화성","테마와 하루(목장 체험)","0.05","0.0016303509637396283","0.00011338305027020722","0.0017437340140098356","0.05174373401400984","false"
"3","male","146","안산","대부도 해변코스(체험형 1코스)","0.05","0.0005280121996591867","0","0.0005280121996591867","0.05052801219965919","false"
"3","male","28","여수","제1코스","0.04857142857142857","0.0003014337534814614","0","0.00030143375348146145","0.04887286232491003","false"
"3","male","149","안산","대부도 뱃길코스(체험형 2코스)","0.045","0.0005280121996591867","0","0.0005280121996591867","0.045528012199659185","false"
"3","male","150","안산","대부도 뱃길코스(체험형 1코스)","0.045","0.0005280121996591867","0","0.0005280121996591867","0.045528012199659185","false"
"3","male","85","이천","농촌체험코스(남부)","0.045","0.0003068601851751845","0.0001305145150416353","0.0004373747002168198","0.04543737470021682","false"
"3","male","6","제주","야간코스(7월말~8월말 운영)","0.041428571428571426","0","0","0","0.041428571428571426","false"
"3","male","84","이천","농촌체험코스(중부)","0.04000000000000001","0.0003068601851751845","0.0001305145150416353","0.0004373747002168198","0.04043737470021683","false"
"3","male","209","곡성","압록권역 순환버스","0.04000000000000001","0","0","0","0.04000000000000001","false"
"3","male","276","서울","EG투어버스 K 코스","0.04000000000000001","0","0","0","0.04000000000000001","false"
"3","male","45","화성","테마와 하루(지역축제 체험)","0.03666666666666667","0.0016303509637396283","0.00011338305027020722","0.0017437340140098356","0.038410400680676506","false"
"3","male","83","이천","농촌체험코스(북부)","0.03666666666666667","0.0003068601851751845","0.0001305145150416353","0.0004373747002168198","0.037104041366883486","false"
"3","male","82","이천","승마체험코스","0.0325","0.0003068601851751845","0.0001305145150416353","0.0004373747002168198","0.03293737470021682","false"
"3","male","31","화성","테마와 하루(해양생태 체험)","0.030000000000000002","0.0016303509637396283","0.00011338305027020722","0.0017437340140098356","0.03174373401400984","false"
"3","male","246","대전","언택트세이프(B)","0.030000000000000002","0","0","0","0.030000000000000002","false"
"3","male","271","서울","EG투어버스 F코스","0.030000000000000002","0","0","0","0.030000000000000002","false"
"3","male","93","여주","꽃섬투어","0.025555555555555557","0.0005587636653485939","0","0.0005587636653485939","0.02611431922090415","false"
"3","male","118","파주","2026 파주시티투어 당일코스(금요일)","0.02","0.0005194701947446618","0","0.0005194701947446618","0.020519470194744663","false"
"3","male","2","부산","야경투어","0.02","0","0","0","0.02","false"
"3","male","29","목포","별빛물결시티투어","0.02","0","0","0","0.02","false"
"3","male","75","충주","충주시티투어","0.02","0","0","0","0.02","false"
"3","male","164","화순","화순적벽 버스투어(적벽 셔틀버스)","0.02","0","0","0","0.02","false"
"3","male","165","화순","화순적벽 버스투어(적벽투어)","0.02","0","0","0","0.02","false"
"3","male","211","대전","가족여행","0.02","0","0","0","0.02","false"
"3","male","219","대전","다크투어","0.02","0","0","0","0.02","false"
"3","male","273","서울","EG투어버스 D코스","0.02","0","0","0","0.02","false"
"3","male","36","화성","별과 하루","0","0.0016303509637396283","0.00011338305027020722","0.0017437340140098356","0.0017437340140098356","false"
"3","male","37","화성","노을과 하루","0","0.0016303509637396283","0.00011338305027020722","0.0017437340140098356","0.0017437340140098356","false"
"3","male","44","화성","섬과 하루","0","0.0016303509637396283","0.00011338305027020722","0.0017437340140098356","0.0017437340140098356","false"
"3","male","231","태안","북부코스남부코스","0","0.001176523471305415","0","0.0011765234713054151","0.0011765234713054151","false"
"3","male","16","대구","테마(야경 11~3월)","0","0","0","0","0","false"
"3","male","55","영주","특별운영","0","0","0","0","0","false"
"3","male","60","익산","맞춤형코스","0","0","0","0","0","false"
"3","male","88","청주","청주시티투어_수시투어","0","0","0","0","0","false"
"3","male","125","부천","정규코스. 특별코스","0","0","0","0","0","false"
"3","male","132","인천","선재영흥투어","0","0","0","0","0","false"
"3","male","134","인천","무의도투어","0","0","0","0","0","false"
"3","male","141","제천","제천관광택시","0","0","0","0","0","false"
"3","male","198","공주","축제코스","0","0","0","0","0","false"
"3","male","259","단양","단양군시티투어","0","0","0","0","0","false"
"3","male","261","부여","백제문화단지-부소산성-궁남지-정림사지-백제문화단지","0","0","0","0","0","false"
"3","female","10","대구","테마-전통5일장-현풍백년도깨비시장","2","0","0","0","2","true"
"3","female","7","제주","순환형코스","1.9500000000000002","0","0","0","1.9500000000000002","true"
"3","female","122","시흥","테마형 수시코스","1.85","0.0013562592388162945","0","0.0013562592388162947","1.8513562592388164","true"
"3","female","14","대구","테마-방방곡곡(팔공산)","1.8","0","0","0","1.8","false"
"3","female","112","정선","와와정선 2층 투어버스","1.2000000000000002","0.0014551200732353467","0.00003777687918638546","0.0014928969524217323","1.201492896952422","true"
"3","female","156","세종","역사산책투어","1.17","0","0","0","1.17","true"
"3","female","15","대구","도심순환코스(12개 정류장)","1","0","0","0","1","false"
"3","female","129","인천","노을야경투어","1","0","0","0","1","false"
"3","female","131","인천","교동도투어","1","0","0","0","1","false"
"3","female","135","인천","바다노선","1","0","0","0","1","false"
"3","female","183","포항","퐝랜드마크B코스","1","0","0","0","1","false"
"3","female","130","인천","석모도투어","0.95","0","0","0","0.95","false"
"3","female","184","포항","퐝랜드마크A코스","0.95","0","0","0","0.95","false"
"3","female","185","포항","씨(SEA)하게 보는 포항코스","0.95","0","0","0","0.95","false"
"3","female","159","세종","봄꽃파닭B투어","0.9366666666666666","0","0","0","0.9366666666666666","false"
"3","female","160","세종","봄꽃파닭A투어","0.9366666666666666","0","0","0","0.9366666666666666","false"
"3","female","120","파주","2026 파주시티투어 당일코스(수요일)","0.8866666666666667","0.0005194701947446618","0.00009596599272458725","0.000615436187469249","0.887282102854136","false"
"3","female","181","김해","김해에반해","0.8771428571428572","0.0002884051994610295","0","0.00028840519946102955","0.8774312623423183","false"
"3","female","179","김해","역사에반해","0.8533333333333334","0.0002884051994610295","0","0.00028840519946102955","0.8536217385327944","false"
"3","female","133","인천","청라투어","0.85","0","0","0","0.85","false"
"3","female","267","공주","반일코스","0.8300000000000001","0","0","0","0.8300000000000001","false"
"3","female","11","대구","테마-방방곡곡(사시사철)","0.8","0","0","0","0.8","false"
"3","female","12","대구","테마-방방곡곡(군위군 돋보기)","0.8","0","0","0","0.8","false"
"3","female","13","대구","테마-방방곡곡(낙동강)","0.8","0","0","0","0.8","false"
"3","female","229","대전","대청호코스","0.8","0","0","0","0.8","false"
"3","female","180","김해","자연에반해","0.77","0.0002884051994610295","0","0.00028840519946102955","0.7702884051994611","false"
"3","female","74","천안","화요일","0.7325","0","0","0","0.7325","false"
"3","female","262","공주","봄·여름·가을 코스","0.7033333333333334","0","0","0","0.7033333333333334","false"
"3","female","138","군산","(박물관 출발) 고군산코스","0.6866666666666666","0","0","0","0.6866666666666666","false"
"3","female","173","춘천","수요일","0.6866666666666666","0","0","0","0.6866666666666666","false"
"3","female","166","태안","광역코스","0.67","0.001176523471305415","0.00010497383357619045","0.0012814973048816054","0.6712814973048816","false"
"3","female","178","김해","문화에반해","0.6599999999999999","0.0002884051994610295","0","0.00028840519946102955","0.660288405199461","false"
"3","female","235","홍천","홍천시티투어","0.6533333333333333","0","0","0","0.6533333333333333","false"
"3","female","188","서천","푸른빛코스","0.645","0.0002884051994610295","0.000044187230807977943","0.0003325924302690075","0.645332592430269","false"
"3","female","227","대전","광역투어(첫주, 일)","0.6387499999999999","0","0","0","0.6387499999999999","false"
"3","female","46","합천","합천광역시티투어 누비고","0.6366666666666667","0","0","0","0.6366666666666667","false"
"3","female","42","화성","역사와 하루1","0.63","0.0016303509637396283","0","0.0016303509637396285","0.6316303509637397","false"
"3","female","116","파주","2026 파주시티투어 당일코스(일요일)","0.62","0.0005194701947446618","0.00009596599272458725","0.000615436187469249","0.6206154361874693","false"
"3","female","119","파주","2026 파주시티투어 당일코스(목요일)","0.62","0.0005194701947446618","0.00009596599272458725","0.000615436187469249","0.6206154361874693","false"
"3","female","61","익산","세계유산코스","0.62","0","0.00009325924768030969","0.00009325924768030969","0.6200932592476803","false"
"3","female","223","대전","광역투어(셋째주, 일)","0.5985714285714285","0","0","0","0.5985714285714285","false"
"3","female","263","공주","가을코스2","0.5755555555555556","0","0","0","0.5755555555555556","false"
"3","female","236","화천","화천시티투어(백암산케이블카)","0.5700000000000001","0","0","0","0.5700000000000001","false"
"3","female","254","경산","소원성취코스,삼성현명품투어코스","0.5628571428571428","0","0","0","0.5628571428571428","false"
"3","female","126","대구","도동코스","0.5575","0","0","0","0.5575","false"
"3","female","177","경기광주","광주시티투어","0.5557142857142857","0.0009090439162794068","0.00008964709154241459","0.0009986910078218214","0.5567129767221075","false"
"3","female","127","대구","송해코스","0.54","0","0","0","0.54","false"
"3","female","241","순천","(테마투어)생태투어","0.54","0","0","0","0.54","false"
"3","female","81","연천","역사자연코스","0.5342857142857143","0","0","0","0.5342857142857143","false"
"3","female","265","공주","여름코스","0.53","0","0","0","0.53","false"
"3","female","96","양산","양산시 가을 시티투어 (역사문화코스)","0.5119610591900311","0.00011096681941658766","0.00012739549973166784","0.0002383623191482555","0.5121994215091794","false"
"3","female","162","세종","세종관광명소B투어","0.5075000000000001","0","0","0","0.5075000000000001","false"
"3","female","144","안산","안산 시내권코스(토요일)","0.495","0.0005280121996591867","0.00008693559841717223","0.0006149477980763588","0.49561494779807636","false"
"3","female","258","양주","왕실축제","0.495","0.0004512273986083721","0","0.0004512273986083722","0.49545122739860836","false"
"3","female","47","밀양","삼랑진권 투어","0.495","0","0","0","0.495","false"
"3","female","108","부여","부여테마여행","0.4936842105263158","0","0","0","0.4936842105263158","false"
"3","female","249","대전","광역투어(다섯째주, 토)","0.48875","0","0","0","0.48875","false"
"3","female","222","아산","아산도심핫플코스","0.4866666666666667","0.0009151970087435835","0","0.0009151970087435835","0.4875818636754103","false"
"3","female","175","춘천","월요일","0.48250000000000004","0","0","0","0.48250000000000004","false"
"3","female","195","완주","완주힐링로드시티투어 2코스","0.4755555555555555","0","0.00007425494084696357","0.00007425494084696357","0.47562981049640246","false"
"3","female","72","천안","토요일","0.47000000000000003","0","0","0","0.47000000000000003","false"
"3","female","73","천안","목요일","0.47000000000000003","0","0","0","0.47000000000000003","false"
"3","female","161","세종","천안연계투어","0.47000000000000003","0","0","0","0.47000000000000003","false"
"3","female","86","평택","문화유산코스 /관광코스 ※무장애코스 월2회 정기운영(3~6월,9~11월)","0.4642307692307692","0.0010142556476847638","0","0.0010142556476847638","0.465245024878454","false"
"3","female","186","서천","동백코스(익산-군산 광역)","0.45333333333333337","0.0002884051994610295","0.000044187230807977943","0.0003325924302690075","0.4536659257636024","false"
"3","female","225","대전","광역투어(둘째주, 일)","0.45333333333333337","0","0","0","0.45333333333333337","false"
"3","female","252","안성","안성시티투어","0.45000000000000007","0.0010921314115787588","0","0.0010921314115787588","0.45109213141157883","false"
"3","female","64","홍성","전통시장코스(홍성) 1,6일 운영","0.45000000000000007","0","0","0","0.45000000000000007","false"
"3","female","237","화천","화천시티투어(평화누리호)","0.45000000000000007","0","0","0","0.45000000000000007","false"
"3","female","203","양주","박물관투어","0.44857142857142857","0.0004512273986083721","0","0.0004512273986083722","0.44902265597003693","false"
"3","female","167","태안","남부코스","0.445","0.001176523471305415","0.00010497383357619045","0.0012814973048816054","0.4462814973048816","false"
"3","female","264","공주","가을코스","0.43500000000000005","0","0","0","0.43500000000000005","false"
"3","female","43","화성","자연과 하루","0.4325","0.0016303509637396283","0","0.0016303509637396285","0.43413035096373964","false"
"3","female","157","세종","행복투어A","0.43000000000000005","0","0","0","0.43000000000000005","false"
"3","female","240","순천","(테마투어)성곽투어","0.43000000000000005","0","0","0","0.43000000000000005","false"
"3","female","216","대전","역사문화(효월드)","0.42714285714285716","0","0","0","0.42714285714285716","false"
"3","female","255","울산","장생포 대왕암 코스","0.42714285714285716","0","0","0","0.42714285714285716","false"
"3","female","30","목포","목포랑시티투어","0.4241666666666667","0","0","0","0.4241666666666667","false"
"3","female","145","안산","안산 시내권코스(목요일)","0.42","0.0005280121996591867","0.00008693559841717223","0.0006149477980763588","0.42061494779807634","false"
"3","female","243","나주","정기코스","0.42000000000000004","0.0000022646525704130097","0.00009325924768030969","0.0000955239002507227","0.4200955239002508","false"
"3","female","163","세종","세종관광명소A투어","0.42000000000000004","0","0","0","0.42000000000000004","false"
"3","female","214","대전","힐링(만인산)","0.42000000000000004","0","0","0","0.42000000000000004","false"
"3","female","238","순천","(테마투어)산사투어","0.42000000000000004","0","0","0","0.42000000000000004","false"
"3","female","253","대전","언택트세이프?","0.42000000000000004","0","0","0","0.42000000000000004","false"
"3","female","9","대구","테마-전통5일장-군위전통시장","0.42","0","0","0","0.42","false"
"3","female","190","영광","영광쉼,투어","0.42","0","0","0","0.42","false"
"3","female","224","대전","광역투어(셋째주, 토)","0.41285714285714287","0","0","0","0.41285714285714287","false"
"3","female","189","서천","보랏빛코스","0.4057142857142857","0.0002884051994610295","0.000044187230807977943","0.0003325924302690075","0.4060468781445547","false"
"3","female","40","화성","모두와 하루(무장애 여행)","0.4","0.0016303509637396283","0","0.0016303509637396285","0.40163035096373967","false"
"3","female","197","평창","북부권 코스","0.40125","0","0","0","0.40125","false"
"3","female","17","해남","해남시티투어","0.4","0","0","0","0.4","false"
"3","female","204","양주","역사투어","0.395","0.0004512273986083721","0","0.0004512273986083722","0.3954512273986084","false"
"3","female","58","익산","순환형2","0.395","0","0.00009325924768030969","0.00009325924768030969","0.39509325924768035","false"
"3","female","59","익산","순환형1","0.395","0","0.00009325924768030969","0.00009325924768030969","0.39509325924768035","false"
"3","female","187","서천","금빛코스","0.39142857142857146","0.0002884051994610295","0.000044187230807977943","0.0003325924302690075","0.39176116385884047","false"
"3","female","123","시흥","테마형 정기코스","0.39","0.0013562592388162945","0","0.0013562592388162947","0.3913562592388163","false"
"3","female","124","시흥","순환형 2층버스","0.39","0.0013562592388162945","0","0.0013562592388162947","0.3913562592388163","false"
"3","female","48","밀양","영남알프스권 투어 1","0.38250000000000006","0","0","0","0.38250000000000006","false"
"3","female","221","아산","休캉스 코스","0.38","0.0009151970087435835","0","0.0009151970087435835","0.3809151970087436","false"
"3","female","245","아산","역사기행 코스","0.38","0.0009151970087435835","0","0.0009151970087435835","0.3809151970087436","false"
"3","female","155","세종","정원투어","0.38","0","0","0","0.38","false"
"3","female","217","대전","대덕특구탐방","0.38","0","0","0","0.38","false"
"3","female","193","완주","완주힐링로드 시티투어(코레일연계 익산역)","0.37909090909090915","0","0.00007425494084696357","0.00007425494084696357","0.3791651640317561","false"
"3","female","51","사천","오감체험투어","0.3783333333333333","0.00024159935521302265","0.000021240610576129258","0.0002628399657891519","0.37859617329912243","false"
"3","female","107","예산","예산군 버스투어","0.3783333333333333","0","0","0","0.3783333333333333","false"
"3","female","272","서울","EG투어버스 E코스","0.3783333333333333","0","0","0","0.3783333333333333","false"
"3","female","266","공주","봄코스","0.37357142857142855","0","0","0","0.37357142857142855","false"
"3","female","117","파주","2026 파주시티투어 당일코스(토요일)","0.37","0.0005194701947446618","0.00009596599272458725","0.000615436187469249","0.3706154361874692","false"
"3","female","257","양주","천일홍축제","0.37","0.0004512273986083721","0","0.0004512273986083722","0.37045122739860836","false"
"3","female","109","부여","롯데리조트부여와 함께하는 부여 감성야행","0.3616666666666667","0","0","0","0.3616666666666667","false"
"3","female","97","양산","2025 6월 시티투어","0.35333333333333333","0.00011096681941658766","0.00012739549973166784","0.00023836231914825553","0.3535716956524816","false"
"3","female","67","홍성","역사·문화 코스","0.35333333333333333","0","0","0","0.35333333333333333","false"
"3","female","158","세종","역사문화투어","0.35333333333333333","0","0","0","0.35333333333333333","false"
"3","female","172","춘천","목요일","0.35333333333333333","0","0","0","0.35333333333333333","false"
"3","female","248","대전","광역투어(다섯째주, 일)","0.35125000000000006","0","0","0","0.35125000000000006","false"
"3","female","194","완주","완주힐링로드 시티투어(서울권역)","0.3491666666666667","0","0.00007425494084696357","0.00007425494084696357","0.34924092160751363","false"
"3","female","205","양주","기본코스","0.34777777777777774","0.0004512273986083721","0","0.0004512273986083722","0.3482290051763861","false"
"3","female","18","광양","광양역사코스","0.34777777777777774","0.000340425553538854","0","0.000340425553538854","0.3481182033313166","false"
"3","female","19","광양","광양힐링코스","0.34777777777777774","0.000340425553538854","0","0.000340425553538854","0.3481182033313166","false"
"3","female","65","홍성","전통시장코스(광천) 4,9일 운영","0.345","0","0","0","0.345","false"
"3","female","274","서울","EG투어버스 C코스","0.345","0","0","0","0.345","false"
"3","female","247","대전","언택트세이프(A)","0.34","0","0","0","0.34","false"
"3","female","270","서울","EG투어버스 G코스","0.34","0","0","0","0.34","false"
"3","female","196","완주","완주힐링로드시티투어 1코스","0.3392307692307693","0","0.00007425494084696357","0.00007425494084696357","0.33930502417161623","false"
"3","female","121","파주","2026 파주시티투어 당일코스(화요일)","0.33666666666666667","0.0005194701947446618","0.00009596599272458725","0.000615436187469249","0.3372821028541359","false"
"3","female","115","파주","2026 파주시티투어 1박2일코스(토요일~일요일)","0.32833333333333337","0.0005194701947446618","0.00009596599272458725","0.000615436187469249","0.3289487695208026","false"
"3","female","233","서천","광역코스","0.3271428571428571","0.0002884051994610295","0.000044187230807977943","0.0003325924302690075","0.32747544957312613","false"
"3","female","234","서천","힐링코스","0.3271428571428571","0.0002884051994610295","0.000044187230807977943","0.0003325924302690075","0.32747544957312613","false"
"3","female","128","대구","현풍코스","0.3271428571428572","0","0","0","0.3271428571428572","false"
"3","female","201","양주","자연친화코스1","0.32","0.0004512273986083721","0","0.0004512273986083722","0.3204512273986084","false"
"3","female","142","제천","시티투어","0.32000000000000006","0","0","0","0.32000000000000006","false"
"3","female","89","청주","청주시티투어_정기투어_트레킹 투어(토)","0.32","0","0","0","0.32","false"
"3","female","169","춘천","일요일","0.31500000000000006","0","0","0","0.31500000000000006","false"
"3","female","170","춘천","토요일","0.31500000000000006","0","0","0","0.31500000000000006","false"
"3","female","104","안동","하회마을테마","0.3109090909090909","0","0","0","0.3109090909090909","false"
"3","female","102","안동","봉정사&만휴정테마","0.3063636363636364","0","0","0","0.3063636363636364","false"
"3","female","202","양주","서울우유견학코스","0.3057142857142857","0.0004512273986083721","0","0.0004512273986083722","0.3061655131128941","false"
"3","female","68","서산","C코스","0.3057142857142857","0","0.000006477785760669266","0.000006477785760669266","0.3057207635000464","false"
"3","female","66","홍성","남당항 코스","0.30333333333333334","0","0","0","0.30333333333333334","false"
"3","female","94","여주","시티투어","0.3018181818181818","0.0005587636653485939","0.00011933974792261816","0.0006781034132712121","0.30249628523145305","false"
"3","female","199","완도","해양치유시티투어","0.30214285714285716","0","0","0","0.30214285714285716","false"
"3","female","69","서산","B코스","0.2985714285714286","0","0.000006477785760669266","0.000006477785760669266","0.2985779063571893","false"
"3","female","153","세종","행복투어B","0.2866666666666667","0","0","0","0.2866666666666667","false"
"3","female","242","순천","(기획투어)나이트가든투어","0.2866666666666667","0","0","0","0.2866666666666667","false"
"3","female","90","청주","청주시티투어_정기투어_힐링로드 투어(토)","0.28428571428571425","0","0","0","0.28428571428571425","false"
"3","female","256","울산","태화강 국가정원 코스","0.2838888888888889","0","0","0","0.2838888888888889","false"
"3","female","174","춘천","화요일","0.28250000000000003","0","0","0","0.28250000000000003","false"
"3","female","143","동해","관광문화코스","0.2783333333333333","0","0","0","0.2783333333333333","false"
"3","female","139","군산","(익산역 출발) 고군산시간여행코스","0.27","0","0","0","0.27","false"
"3","female","176","창원","창원시티투어","0.26999999999999996","0","0","0","0.26999999999999996","false"
"3","female","53","사천","바다투어","0.26285714285714284","0.00024159935521302265","0.000021240610576129258","0.0002628399657891519","0.263119982822932","false"
"3","female","137","임실","명소탐방 임실 시티투어","0.26","0","0","0","0.26","false"
"3","female","192","삼척","종일코스","0.26","0","0","0","0.26","false"
"3","female","277","서울","EG투어버스 J코스","0.25","0","0","0","0.25","false"
"3","female","279","서울","EG투어버스 H코스","0.25","0","0","0","0.25","false"
"3","female","22","여수","2층야간코스","0.24857142857142853","0.0003014337534814614","0.000001851983405118974","0.00030328573688658044","0.24887471430831512","false"
"3","female","250","대전","광역투어(넷재주, 일)","0.24857142857142853","0","0","0","0.24857142857142853","false"
"3","female","3","부산","오렌지라인","0.24692307692307694","0","0","0","0.24692307692307694","false"
"3","female","34","화성","테마와 하루(농어촌 체험)","0.245","0.0016303509637396283","0","0.0016303509637396285","0.24663035096373961","false"
"3","female","35","화성","소소한 하루","0.245","0.0016303509637396283","0","0.0016303509637396285","0.24663035096373961","false"
"3","female","25","여수","이순신문화유적코스","0.2422222222222222","0.0003014337534814614","0.000001851983405118974","0.00030328573688658044","0.2425255079591088","false"
"3","female","56","영주","선비 코스","0.23500000000000001","0","0","0","0.23500000000000001","false"
"3","female","103","안동","도산서원&예끼마을테마","0.23500000000000001","0","0","0","0.23500000000000001","false"
"3","female","212","대전","야경","0.23249999999999998","0","0","0","0.23249999999999998","false"
"3","female","38","화성","바다와 하루","0.23","0.0016303509637396283","0","0.0016303509637396285","0.23163035096373963","false"
"3","female","5","부산","레드라인","0.23153846153846155","0","0","0","0.23153846153846155","false"
"3","female","50","사천","우주항공산업투어","0.23111111111111107","0.00024159935521302265","0.000021240610576129258","0.0002628399657891519","0.23137395107690023","false"
"3","female","239","순천","(테마투어)세계유산투어","0.23","0","0","0","0.23","false"
"3","female","268","서울","EG투어버스 B코스","0.23","0","0","0","0.23","false"
"3","female","52","사천","이순신승전길투어","0.22624999999999998","0.00024159935521302265","0.000021240610576129258","0.0002628399657891519","0.22651283996578914","false"
"3","female","78","원주","원주시티투어(순환형)","0.22333333333333333","0","0","0","0.22333333333333333","false"
"3","female","168","태안","북부코스","0.22","0.001176523471305415","0.00010497383357619045","0.0012814973048816054","0.2212814973048816","false"
"3","female","244","아산","예술맛집 코스","0.22","0.0009151970087435835","0","0.0009151970087435835","0.2209151970087436","false"
"3","female","154","세종","야경투어","0.22","0","0","0","0.22","false"
"3","female","106","안동","주간도심테마","0.21999999999999997","0","0","0","0.21999999999999997","false"
"3","female","232","서천","전라권코스","0.21166666666666664","0.0002884051994610295","0.000044187230807977943","0.0003325924302690075","0.21199925909693565","false"
"3","female","98","양산","봄꽃체험코스","0.21","0.00011096681941658766","0.00012739549973166784","0.00023836231914825553","0.21023836231914825","false"
"3","female","230","대전","남부코스","0.21","0","0","0","0.21","false"
"3","female","39","화성","열차와 하루","0.2033333333333333","0.0016303509637396283","0","0.0016303509637396285","0.20496368429707293","false"
"3","female","8","대구","테마(야경 4~10월)","0.2","0","0","0","0.2","false"
"3","female","54","사천","별빛투어","0.19727272727272727","0.00024159935521302265","0.000021240610576129258","0.0002628399657891519","0.19753556723851642","false"
"3","female","99","봉화","송이축제 문화유적탐방버스","0.19","0","0.00015855349088353981","0.00015855349088353981","0.19015855349088354","false"
"3","female","100","봉화","은어축제 문화유적탐방버스","0.19","0","0.00015855349088353981","0.00015855349088353981","0.19015855349088354","false"
"3","female","213","대전","힐링(장태산)","0.19","0","0","0","0.19","false"
"3","female","269","서울","EG투어버스 A코스","0.19","0","0","0","0.19","false"
"3","female","208","양구","방산나들이코스","0.18666666666666665","0","0","0","0.18666666666666665","false"
"3","female","226","대전","광역투어(둘째주, 토)","0.18666666666666665","0","0","0","0.18666666666666665","false"
"3","female","62","익산","익산숨은보석찾기코스","0.18428571428571425","0","0.00009325924768030969","0.00009325924768030969","0.18437897353339455","false"
"3","female","218","대전","생태교육","0.18","0","0","0","0.18","false"
"3","female","278","서울","EG투어버스 I코스","0.18","0","0","0","0.18","false"
"3","female","95","양산","양산시 가을 시티투어 (자연관광코스)","0.17833333333333332","0.00011096681941658766","0.00012739549973166784","0.00023836231914825553","0.17857169565248157","false"
"3","female","79","연천","연천명소코스","0.17833333333333332","0","0","0","0.17833333333333332","false"
"3","female","113","가평","가평순환버스B코스","0.17833333333333332","0","0","0","0.17833333333333332","false"
"3","female","207","양구","힐링산책코스","0.17833333333333332","0","0","0","0.17833333333333332","false"
"3","female","70","서산","A코스","0.16999999999999998","0","0.000006477785760669266","0.000006477785760669266","0.17000647778576064","false"
"3","female","77","태백","황지자유시장 코스","0.16374999999999998","0.0004297817124342496","0.000041441332234371137","0.0004712230446686208","0.1642212230446686","false"
"3","female","210","곡성","읍권 순환버스","0.16374999999999998","0","0","0","0.16374999999999998","false"
"3","female","260","서천","문화코스","0.1633333333333333","0.0002884051994610295","0.000044187230807977943","0.0003325924302690075","0.1636659257636023","false"
"3","female","26","여수","다크투어리즘코스","0.16285714285714284","0.0003014337534814614","0.000001851983405118974","0.00030328573688658044","0.16316042859402943","false"
"3","female","0","부산","동부산테마노선","0.16285714285714284","0","0","0","0.16285714285714284","false"
"3","female","140","군산","고군산시간여행코스","0.16285714285714284","0","0","0","0.16285714285714284","false"
"3","female","220","아산","인생네컷 코스","0.16166666666666665","0.0009151970087435835","0","0.0009151970087435835","0.16258186367541025","false"
"3","female","63","홍성","죽도코스","0.16166666666666665","0","0","0","0.16166666666666665","false"
"3","female","80","연천","안보자연코스","0.16166666666666665","0","0","0","0.16166666666666665","false"
"3","female","206","양구","해안DMZ트래킹 코스","0.16166666666666665","0","0","0","0.16166666666666665","false"
"3","female","147","안산","대부도 해변코스(일반형 2코스)","0.15333333333333332","0.0005280121996591867","0.00008693559841717223","0.0006149477980763588","0.15394828113140968","false"
"3","female","148","안산","대부도 해변코스(일반형 1코스)","0.15333333333333332","0.0005280121996591867","0.00008693559841717223","0.0006149477980763588","0.15394828113140968","false"
"3","female","215","대전","역사문화(동춘당)","0.15333333333333332","0","0","0","0.15333333333333332","false"
"3","female","110","정선","아리랑열차 연계형 시티투어2","0.15","0.0014551200732353467","0.00003777687918638546","0.0014928969524217323","0.15149289695242174","false"
"3","female","111","정선","아리랑열차 연계형 시티투어 1","0.15","0.0014551200732353467","0.00003777687918638546","0.0014928969524217323","0.15149289695242174","false"
"3","female","87","의정부","의정부포레스트:오감이 깨어나는 숲 속 여행","0.15","0","0","0","0.15","false"
"3","female","136","인천","인천레트로노선","0.15","0","0","0","0.15","false"
"3","female","182","포항","퐝순환코스","0.15","0","0","0","0.15","false"
"3","female","76","태백","통리장 코스","0.145","0.0004297817124342496","0.000041441332234371137","0.0004712230446686208","0.1454712230446686","false"
"3","female","91","청주","청주시티투어_정기투어_초정힐링 투어(토)","0.145","0","0","0","0.145","false"
"3","female","251","대전","광역투어(넷재주, 토)","0.145","0","0","0","0.145","false"
"3","female","27","여수","제2코스","0.14307692307692307","0.0003014337534814614","0.000001851983405118974","0.00030328573688658044","0.14338020881380967","false"
"3","female","20","광양","야경코스","0.13874999999999998","0.000340425553538854","0","0.000340425553538854","0.13909042555353884","false"
"3","female","1","부산","서부산생태투어","0.13874999999999998","0","0","0","0.13874999999999998","false"
"3","female","24","여수","야경코스","0.13428571428571426","0.0003014337534814614","0.000001851983405118974","0.00030328573688658044","0.13458900002260085","false"
"3","female","105","안동","야간도심테마","0.13428571428571426","0","0","0","0.13428571428571426","false"
"3","female","92","청주","청주시티투어_정기투어_청남대 투어(수토일)","0.1311111111111111","0","0","0","0.1311111111111111","false"
"3","female","171","춘천","금요일","0.12625","0","0","0","0.12625","false"
"3","female","191","평창","남부권 코스","0.12625","0","0","0","0.12625","false"
"3","female","151","안산","대부도 뱃길코스(일반형 2코스)","0.12555555555555556","0.0005280121996591867","0.00008693559841717223","0.0006149477980763588","0.12617050335363192","false"
"3","female","49","밀양","시내권 투어 1","0.12000000000000001","0","0","0","0.12000000000000001","false"
"3","female","228","대전","광역투어(첫주, 토)","0.12000000000000001","0","0","0","0.12000000000000001","false"
"3","female","57","영주","물돌이 코스","0.115","0","0","0","0.115","false"
"3","female","114","가평","가평순환버스A코스","0.11444444444444445","0","0","0","0.11444444444444445","false"
"3","female","152","안산","대부도 뱃길코스(일반형 1코스)","0.10888888888888888","0.0005280121996591867","0.00008693559841717223","0.0006149477980763588","0.10950383668696524","false"
"3","female","23","여수","2층주간코스","0.10500000000000001","0.0003014337534814614","0.000001851983405118974","0.00030328573688658044","0.10530328573688659","false"
"3","female","21","여수","야간테마코스(시간을달리는버스커)","0.09272727272727273","0.0003014337534814614","0.000001851983405118974","0.00030328573688658044","0.09303055846415931","false"
"3","female","4","부산","그린라인","0.08923076923076924","0","0","0","0.08923076923076924","false"
"3","female","71","천안","일요일","0.0825","0","0","0","0.0825","false"
"3","female","200","진도","진도시티투어","0.06642857142857143","0.00003891660971876155","0","0.00003891660971876155","0.0664674880382902","false"
"3","female","41","화성","역사와 하루2","0.06","0.0016303509637396283","0","0.0016303509637396285","0.06163035096373962","false"
"3","female","101","청도","시티투어","0.06","0","0","0","0.06","false"
"3","female","32","화성","테마와 하루(문화예술 체험)","0.05333333333333333","0.0016303509637396283","0","0.0016303509637396285","0.054963684297072955","false"
"3","female","275","서울","EG투어버스 L코스","0.05333333333333333","0","0","0","0.05333333333333333","false"
"3","female","33","화성","테마와 하루(목장 체험)","0.05","0.0016303509637396283","0","0.0016303509637396285","0.05163035096373963","false"
"3","female","146","안산","대부도 해변코스(체험형 1코스)","0.05","0.0005280121996591867","0.00008693559841717223","0.0006149477980763588","0.05061494779807636","false"
"3","female","28","여수","제1코스","0.04857142857142857","0.0003014337534814614","0.000001851983405118974","0.00030328573688658044","0.04887471430831515","false"
"3","female","149","안산","대부도 뱃길코스(체험형 2코스)","0.045","0.0005280121996591867","0.00008693559841717223","0.0006149477980763588","0.04561494779807636","false"
"3","female","150","안산","대부도 뱃길코스(체험형 1코스)","0.045","0.0005280121996591867","0.00008693559841717223","0.0006149477980763588","0.04561494779807636","false"
"3","female","85","이천","농촌체험코스(남부)","0.045","0.0003068601851751845","0","0.0003068601851751845","0.045306860185175185","false"
"3","female","6","제주","야간코스(7월말~8월말 운영)","0.041428571428571426","0","0","0","0.041428571428571426","false"
"3","female","84","이천","농촌체험코스(중부)","0.04000000000000001","0.0003068601851751845","0","0.0003068601851751845","0.040306860185175195","false"
"3","female","209","곡성","압록권역 순환버스","0.04000000000000001","0","0","0","0.04000000000000001","false"
"3","female","276","서울","EG투어버스 K 코스","0.04000000000000001","0","0","0","0.04000000000000001","false"
"3","female","45","화성","테마와 하루(지역축제 체험)","0.03666666666666667","0.0016303509637396283","0","0.0016303509637396285","0.03829701763040629","false"
"3","female","83","이천","농촌체험코스(북부)","0.03666666666666667","0.0003068601851751845","0","0.0003068601851751845","0.036973526851841854","false"
"3","female","82","이천","승마체험코스","0.0325","0.0003068601851751845","0","0.0003068601851751845","0.03280686018517519","false"
"3","female","31","화성","테마와 하루(해양생태 체험)","0.030000000000000002","0.0016303509637396283","0","0.0016303509637396285","0.03163035096373963","false"
"3","female","246","대전","언택트세이프(B)","0.030000000000000002","0","0","0","0.030000000000000002","false"
"3","female","271","서울","EG투어버스 F코스","0.030000000000000002","0","0","0","0.030000000000000002","false"
"3","female","93","여주","꽃섬투어","0.025555555555555557","0.0005587636653485939","0.00011933974792261816","0.0006781034132712121","0.02623365896882677","false"
"3","female","118","파주","2026 파주시티투어 당일코스(금요일)","0.02","0.0005194701947446618","0.00009596599272458725","0.000615436187469249","0.02061543618746925","false"
"3","female","75","충주","충주시티투어","0.02","0","0.000032273209345980236","0.000032273209345980236","0.02003227320934598","false"
"3","female","2","부산","야경투어","0.02","0","0","0","0.02","false"
"3","female","29","목포","별빛물결시티투어","0.02","0","0","0","0.02","false"
"3","female","164","화순","화순적벽 버스투어(적벽 셔틀버스)","0.02","0","0","0","0.02","false"
"3","female","165","화순","화순적벽 버스투어(적벽투어)","0.02","0","0","0","0.02","false"
"3","female","211","대전","가족여행","0.02","0","0","0","0.02","false"
"3","female","219","대전","다크투어","0.02","0","0","0","0.02","false"
"3","female","273","서울","EG투어버스 D코스","0.02","0","0","0","0.02","false"
"3","female","36","화성","별과 하루","0","0.0016303509637396283","0","0.0016303509637396285","0.0016303509637396285","false"
"3","female","37","화성","노을과 하루","0","0.0016303509637396283","0","0.0016303509637396285","0.0016303509637396285","false"
"3","female","44","화성","섬과 하루","0","0.0016303509637396283","0","0.0016303509637396285","0.0016303509637396285","false"
"3","female","231","태안","북부코스남부코스","0","0.001176523471305415","0.00010497383357619045","0.0012814973048816054","0.0012814973048816054","false"
"3","female","60","익산","맞춤형코스","0","0","0.00009325924768030969","0.00009325924768030969","0.00009325924768030969","false"
"3","female","16","대구","테마(야경 11~3월)","0","0","0","0","0","false"
"3","female","55","영주","특별운영","0","0","0","0","0","false"
"3","female","88","청주","청주시티투어_수시투어","0","0","0","0","0","false"
"3","female","125","부천","정규코스. 특별코스","0","0","0","0","0","false"
"3","female","132","인천","선재영흥투어","0","0","0","0","0","false"
"3","female","134","인천","무의도투어","0","0","0","0","0","false"
"3","female","141","제천","제천관광택시","0","0","0","0","0","false"
"3","female","198","공주","축제코스","0","0","0","0","0","false"
"3","female","259","단양","단양군시티투어","0","0","0","0","0","false"
"3","female","261","부여","백제문화단지-부소산성-궁남지-정림사지-백제문화단지","0","0","0","0","0","false"
"3","unspecified","10","대구","테마-전통5일장-현풍백년도깨비시장","2","0","0","0","2","true"
"3","unspecified","7","제주","순환형코스","1.9500000000000002","0","0","0","1.9500000000000002","true"
"3","unspecified","122","시흥","테마형 수시코스","1.85","0.0013562592388162945","0","0.0013562592388162947","1.8513562592388164","true"
"3","unspecified","14","대구","테마-방방곡곡(팔공산)","1.8","0","0","0","1.8","false"
"3","unspecified","112","정선","와와정선 2층 투어버스","1.2000000000000002","0.0014551200732353467","0","0.0014551200732353467","1.2014551200732355","true"
"3","unspecified","156","세종","역사산책투어","1.17","0","0","0","1.17","true"
"3","unspecified","15","대구","도심순환코스(12개 정류장)","1","0","0","0","1","false"
"3","unspecified","129","인천","노을야경투어","1","0","0","0","1","false"
"3","unspecified","131","인천","교동도투어","1","0","0","0","1","false"
"3","unspecified","135","인천","바다노선","1","0","0","0","1","false"
"3","unspecified","183","포항","퐝랜드마크B코스","1","0","0","0","1","false"
"3","unspecified","130","인천","석모도투어","0.95","0","0","0","0.95","false"
"3","unspecified","184","포항","퐝랜드마크A코스","0.95","0","0","0","0.95","false"
"3","unspecified","185","포항","씨(SEA)하게 보는 포항코스","0.95","0","0","0","0.95","false"
"3","unspecified","159","세종","봄꽃파닭B투어","0.9366666666666666","0","0","0","0.9366666666666666","false"
"3","unspecified","160","세종","봄꽃파닭A투어","0.9366666666666666","0","0","0","0.9366666666666666","false"
"3","unspecified","120","파주","2026 파주시티투어 당일코스(수요일)","0.8866666666666667","0.0005194701947446618","0","0.0005194701947446618","0.8871861368614113","false"
"3","unspecified","181","김해","김해에반해","0.8771428571428572","0.0002884051994610295","0","0.00028840519946102955","0.8774312623423183","false"
"3","unspecified","179","김해","역사에반해","0.8533333333333334","0.0002884051994610295","0","0.00028840519946102955","0.8536217385327944","false"
"3","unspecified","133","인천","청라투어","0.85","0","0","0","0.85","false"
"3","unspecified","267","공주","반일코스","0.8300000000000001","0","0","0","0.8300000000000001","false"
"3","unspecified","11","대구","테마-방방곡곡(사시사철)","0.8","0","0","0","0.8","false"
"3","unspecified","12","대구","테마-방방곡곡(군위군 돋보기)","0.8","0","0","0","0.8","false"
"3","unspecified","13","대구","테마-방방곡곡(낙동강)","0.8","0","0","0","0.8","false"
"3","unspecified","229","대전","대청호코스","0.8","0","0","0","0.8","false"
"3","unspecified","180","김해","자연에반해","0.77","0.0002884051994610295","0","0.00028840519946102955","0.7702884051994611","false"
"3","unspecified","74","천안","화요일","0.7325","0","0","0","0.7325","false"
"3","unspecified","262","공주","봄·여름·가을 코스","0.7033333333333334","0","0","0","0.7033333333333334","false"
"3","unspecified","138","군산","(박물관 출발) 고군산코스","0.6866666666666666","0","0","0","0.6866666666666666","false"
"3","unspecified","173","춘천","수요일","0.6866666666666666","0","0","0","0.6866666666666666","false"
"3","unspecified","166","태안","광역코스","0.67","0.001176523471305415","0","0.0011765234713054151","0.6711765234713054","false"
"3","unspecified","178","김해","문화에반해","0.6599999999999999","0.0002884051994610295","0","0.00028840519946102955","0.660288405199461","false"
"3","unspecified","235","홍천","홍천시티투어","0.6533333333333333","0","0","0","0.6533333333333333","false"
"3","unspecified","188","서천","푸른빛코스","0.645","0.0002884051994610295","0","0.00028840519946102955","0.6452884051994611","false"
"3","unspecified","227","대전","광역투어(첫주, 일)","0.6387499999999999","0","0","0","0.6387499999999999","false"
"3","unspecified","46","합천","합천광역시티투어 누비고","0.6366666666666667","0","0","0","0.6366666666666667","false"
"3","unspecified","42","화성","역사와 하루1","0.63","0.0016303509637396283","0","0.0016303509637396285","0.6316303509637397","false"
"3","unspecified","116","파주","2026 파주시티투어 당일코스(일요일)","0.62","0.0005194701947446618","0","0.0005194701947446618","0.6205194701947446","false"
"3","unspecified","119","파주","2026 파주시티투어 당일코스(목요일)","0.62","0.0005194701947446618","0","0.0005194701947446618","0.6205194701947446","false"
"3","unspecified","61","익산","세계유산코스","0.62","0","0","0","0.62","false"
"3","unspecified","223","대전","광역투어(셋째주, 일)","0.5985714285714285","0","0","0","0.5985714285714285","false"
"3","unspecified","263","공주","가을코스2","0.5755555555555556","0","0","0","0.5755555555555556","false"
"3","unspecified","236","화천","화천시티투어(백암산케이블카)","0.5700000000000001","0","0","0","0.5700000000000001","false"
"3","unspecified","254","경산","소원성취코스,삼성현명품투어코스","0.5628571428571428","0","0","0","0.5628571428571428","false"
"3","unspecified","126","대구","도동코스","0.5575","0","0","0","0.5575","false"
"3","unspecified","177","경기광주","광주시티투어","0.5557142857142857","0.0009090439162794068","0","0.0009090439162794068","0.5566233296305652","false"
"3","unspecified","127","대구","송해코스","0.54","0","0","0","0.54","false"
"3","unspecified","241","순천","(테마투어)생태투어","0.54","0","0","0","0.54","false"
"3","unspecified","81","연천","역사자연코스","0.5342857142857143","0","0","0","0.5342857142857143","false"
"3","unspecified","265","공주","여름코스","0.53","0","0","0","0.53","false"
"3","unspecified","96","양산","양산시 가을 시티투어 (역사문화코스)","0.5119610591900311","0.00011096681941658766","0","0.00011096681941658769","0.5120720260094477","false"
"3","unspecified","162","세종","세종관광명소B투어","0.5075000000000001","0","0","0","0.5075000000000001","false"
"3","unspecified","144","안산","안산 시내권코스(토요일)","0.495","0.0005280121996591867","0","0.0005280121996591867","0.4955280121996592","false"
"3","unspecified","258","양주","왕실축제","0.495","0.0004512273986083721","0","0.0004512273986083722","0.49545122739860836","false"
"3","unspecified","47","밀양","삼랑진권 투어","0.495","0","0","0","0.495","false"
"3","unspecified","108","부여","부여테마여행","0.4936842105263158","0","0","0","0.4936842105263158","false"
"3","unspecified","249","대전","광역투어(다섯째주, 토)","0.48875","0","0","0","0.48875","false"
"3","unspecified","222","아산","아산도심핫플코스","0.4866666666666667","0.0009151970087435835","0","0.0009151970087435835","0.4875818636754103","false"
"3","unspecified","175","춘천","월요일","0.48250000000000004","0","0","0","0.48250000000000004","false"
"3","unspecified","195","완주","완주힐링로드시티투어 2코스","0.4755555555555555","0","0","0","0.4755555555555555","false"
"3","unspecified","72","천안","토요일","0.47000000000000003","0","0","0","0.47000000000000003","false"
"3","unspecified","73","천안","목요일","0.47000000000000003","0","0","0","0.47000000000000003","false"
"3","unspecified","161","세종","천안연계투어","0.47000000000000003","0","0","0","0.47000000000000003","false"
"3","unspecified","86","평택","문화유산코스 /관광코스 ※무장애코스 월2회 정기운영(3~6월,9~11월)","0.4642307692307692","0.0010142556476847638","0","0.0010142556476847638","0.465245024878454","false"
"3","unspecified","186","서천","동백코스(익산-군산 광역)","0.45333333333333337","0.0002884051994610295","0","0.00028840519946102955","0.4536217385327944","false"
"3","unspecified","225","대전","광역투어(둘째주, 일)","0.45333333333333337","0","0","0","0.45333333333333337","false"
"3","unspecified","252","안성","안성시티투어","0.45000000000000007","0.0010921314115787588","0","0.0010921314115787588","0.45109213141157883","false"
"3","unspecified","64","홍성","전통시장코스(홍성) 1,6일 운영","0.45000000000000007","0","0","0","0.45000000000000007","false"
"3","unspecified","237","화천","화천시티투어(평화누리호)","0.45000000000000007","0","0","0","0.45000000000000007","false"
"3","unspecified","203","양주","박물관투어","0.44857142857142857","0.0004512273986083721","0","0.0004512273986083722","0.44902265597003693","false"
"3","unspecified","167","태안","남부코스","0.445","0.001176523471305415","0","0.0011765234713054151","0.44617652347130543","false"
"3","unspecified","264","공주","가을코스","0.43500000000000005","0","0","0","0.43500000000000005","false"
"3","unspecified","43","화성","자연과 하루","0.4325","0.0016303509637396283","0","0.0016303509637396285","0.43413035096373964","false"
"3","unspecified","157","세종","행복투어A","0.43000000000000005","0","0","0","0.43000000000000005","false"
"3","unspecified","240","순천","(테마투어)성곽투어","0.43000000000000005","0","0","0","0.43000000000000005","false"
"3","unspecified","216","대전","역사문화(효월드)","0.42714285714285716","0","0","0","0.42714285714285716","false"
"3","unspecified","255","울산","장생포 대왕암 코스","0.42714285714285716","0","0","0","0.42714285714285716","false"
"3","unspecified","30","목포","목포랑시티투어","0.4241666666666667","0","0","0","0.4241666666666667","false"
"3","unspecified","145","안산","안산 시내권코스(목요일)","0.42","0.0005280121996591867","0","0.0005280121996591867","0.4205280121996592","false"
"3","unspecified","243","나주","정기코스","0.42000000000000004","0.0000022646525704130097","0","0.0000022646525704130097","0.42000226465257046","false"
"3","unspecified","163","세종","세종관광명소A투어","0.42000000000000004","0","0","0","0.42000000000000004","false"
"3","unspecified","214","대전","힐링(만인산)","0.42000000000000004","0","0","0","0.42000000000000004","false"
"3","unspecified","238","순천","(테마투어)산사투어","0.42000000000000004","0","0","0","0.42000000000000004","false"
"3","unspecified","253","대전","언택트세이프?","0.42000000000000004","0","0","0","0.42000000000000004","false"
"3","unspecified","9","대구","테마-전통5일장-군위전통시장","0.42","0","0","0","0.42","false"
"3","unspecified","190","영광","영광쉼,투어","0.42","0","0","0","0.42","false"
"3","unspecified","224","대전","광역투어(셋째주, 토)","0.41285714285714287","0","0","0","0.41285714285714287","false"
"3","unspecified","189","서천","보랏빛코스","0.4057142857142857","0.0002884051994610295","0","0.00028840519946102955","0.40600269091374674","false"
"3","unspecified","40","화성","모두와 하루(무장애 여행)","0.4","0.0016303509637396283","0","0.0016303509637396285","0.40163035096373967","false"
"3","unspecified","197","평창","북부권 코스","0.40125","0","0","0","0.40125","false"
"3","unspecified","17","해남","해남시티투어","0.4","0","0","0","0.4","false"
"3","unspecified","204","양주","역사투어","0.395","0.0004512273986083721","0","0.0004512273986083722","0.3954512273986084","false"
"3","unspecified","58","익산","순환형2","0.395","0","0","0","0.395","false"
"3","unspecified","59","익산","순환형1","0.395","0","0","0","0.395","false"
"3","unspecified","187","서천","금빛코스","0.39142857142857146","0.0002884051994610295","0","0.00028840519946102955","0.3917169766280325","false"
"3","unspecified","123","시흥","테마형 정기코스","0.39","0.0013562592388162945","0","0.0013562592388162947","0.3913562592388163","false"
"3","unspecified","124","시흥","순환형 2층버스","0.39","0.0013562592388162945","0","0.0013562592388162947","0.3913562592388163","false"
"3","unspecified","48","밀양","영남알프스권 투어 1","0.38250000000000006","0","0","0","0.38250000000000006","false"
"3","unspecified","221","아산","休캉스 코스","0.38","0.0009151970087435835","0","0.0009151970087435835","0.3809151970087436","false"
"3","unspecified","245","아산","역사기행 코스","0.38","0.0009151970087435835","0","0.0009151970087435835","0.3809151970087436","false"
"3","unspecified","155","세종","정원투어","0.38","0","0","0","0.38","false"
"3","unspecified","217","대전","대덕특구탐방","0.38","0","0","0","0.38","false"
"3","unspecified","193","완주","완주힐링로드 시티투어(코레일연계 익산역)","0.37909090909090915","0","0","0","0.37909090909090915","false"
"3","unspecified","51","사천","오감체험투어","0.3783333333333333","0.00024159935521302265","0","0.00024159935521302265","0.3785749326885463","false"
"3","unspecified","107","예산","예산군 버스투어","0.3783333333333333","0","0","0","0.3783333333333333","false"
"3","unspecified","272","서울","EG투어버스 E코스","0.3783333333333333","0","0","0","0.3783333333333333","false"
"3","unspecified","266","공주","봄코스","0.37357142857142855","0","0","0","0.37357142857142855","false"
"3","unspecified","117","파주","2026 파주시티투어 당일코스(토요일)","0.37","0.0005194701947446618","0","0.0005194701947446618","0.3705194701947447","false"
"3","unspecified","257","양주","천일홍축제","0.37","0.0004512273986083721","0","0.0004512273986083722","0.37045122739860836","false"
"3","unspecified","109","부여","롯데리조트부여와 함께하는 부여 감성야행","0.3616666666666667","0","0","0","0.3616666666666667","false"
"3","unspecified","97","양산","2025 6월 시티투어","0.35333333333333333","0.00011096681941658766","0","0.00011096681941658768","0.3534443001527499","false"
"3","unspecified","67","홍성","역사·문화 코스","0.35333333333333333","0","0","0","0.35333333333333333","false"
"3","unspecified","158","세종","역사문화투어","0.35333333333333333","0","0","0","0.35333333333333333","false"
"3","unspecified","172","춘천","목요일","0.35333333333333333","0","0","0","0.35333333333333333","false"
"3","unspecified","248","대전","광역투어(다섯째주, 일)","0.35125000000000006","0","0","0","0.35125000000000006","false"
"3","unspecified","194","완주","완주힐링로드 시티투어(서울권역)","0.3491666666666667","0","0","0","0.3491666666666667","false"
"3","unspecified","205","양주","기본코스","0.34777777777777774","0.0004512273986083721","0","0.0004512273986083722","0.3482290051763861","false"
"3","unspecified","18","광양","광양역사코스","0.34777777777777774","0.000340425553538854","0","0.000340425553538854","0.3481182033313166","false"
"3","unspecified","19","광양","광양힐링코스","0.34777777777777774","0.000340425553538854","0","0.000340425553538854","0.3481182033313166","false"
"3","unspecified","65","홍성","전통시장코스(광천) 4,9일 운영","0.345","0","0","0","0.345","false"
"3","unspecified","274","서울","EG투어버스 C코스","0.345","0","0","0","0.345","false"
"3","unspecified","247","대전","언택트세이프(A)","0.34","0","0","0","0.34","false"
"3","unspecified","270","서울","EG투어버스 G코스","0.34","0","0","0","0.34","false"
"3","unspecified","196","완주","완주힐링로드시티투어 1코스","0.3392307692307693","0","0","0","0.3392307692307693","false"
"3","unspecified","121","파주","2026 파주시티투어 당일코스(화요일)","0.33666666666666667","0.0005194701947446618","0","0.0005194701947446618","0.33718613686141136","false"
"3","unspecified","115","파주","2026 파주시티투어 1박2일코스(토요일~일요일)","0.32833333333333337","0.0005194701947446618","0","0.0005194701947446618","0.32885280352807805","false"
"3","unspecified","233","서천","광역코스","0.3271428571428571","0.0002884051994610295","0","0.00028840519946102955","0.3274312623423182","false"
"3","unspecified","234","서천","힐링코스","0.3271428571428571","0.0002884051994610295","0","0.00028840519946102955","0.3274312623423182","false"
"3","unspecified","128","대구","현풍코스","0.3271428571428572","0","0","0","0.3271428571428572","false"
"3","unspecified","201","양주","자연친화코스1","0.32","0.0004512273986083721","0","0.0004512273986083722","0.3204512273986084","false"
"3","unspecified","142","제천","시티투어","0.32000000000000006","0","0","0","0.32000000000000006","false"
"3","unspecified","89","청주","청주시티투어_정기투어_트레킹 투어(토)","0.32","0","0","0","0.32","false"
"3","unspecified","169","춘천","일요일","0.31500000000000006","0","0","0","0.31500000000000006","false"
"3","unspecified","170","춘천","토요일","0.31500000000000006","0","0","0","0.31500000000000006","false"
"3","unspecified","104","안동","하회마을테마","0.3109090909090909","0","0","0","0.3109090909090909","false"
"3","unspecified","102","안동","봉정사&만휴정테마","0.3063636363636364","0","0","0","0.3063636363636364","false"
"3","unspecified","202","양주","서울우유견학코스","0.3057142857142857","0.0004512273986083721","0","0.0004512273986083722","0.3061655131128941","false"
"3","unspecified","68","서산","C코스","0.3057142857142857","0","0","0","0.3057142857142857","false"
"3","unspecified","66","홍성","남당항 코스","0.30333333333333334","0","0","0","0.30333333333333334","false"
"3","unspecified","94","여주","시티투어","0.3018181818181818","0.0005587636653485939","0","0.0005587636653485939","0.3023769454835304","false"
"3","unspecified","199","완도","해양치유시티투어","0.30214285714285716","0","0","0","0.30214285714285716","false"
"3","unspecified","69","서산","B코스","0.2985714285714286","0","0","0","0.2985714285714286","false"
"3","unspecified","153","세종","행복투어B","0.2866666666666667","0","0","0","0.2866666666666667","false"
"3","unspecified","242","순천","(기획투어)나이트가든투어","0.2866666666666667","0","0","0","0.2866666666666667","false"
"3","unspecified","90","청주","청주시티투어_정기투어_힐링로드 투어(토)","0.28428571428571425","0","0","0","0.28428571428571425","false"
"3","unspecified","256","울산","태화강 국가정원 코스","0.2838888888888889","0","0","0","0.2838888888888889","false"
"3","unspecified","174","춘천","화요일","0.28250000000000003","0","0","0","0.28250000000000003","false"
"3","unspecified","143","동해","관광문화코스","0.2783333333333333","0","0","0","0.2783333333333333","false"
"3","unspecified","139","군산","(익산역 출발) 고군산시간여행코스","0.27","0","0","0","0.27","false"
"3","unspecified","176","창원","창원시티투어","0.26999999999999996","0","0","0","0.26999999999999996","false"
"3","unspecified","53","사천","바다투어","0.26285714285714284","0.00024159935521302265","0","0.00024159935521302265","0.26309874221235585","false"
"3","unspecified","137","임실","명소탐방 임실 시티투어","0.26","0","0","0","0.26","false"
"3","unspecified","192","삼척","종일코스","0.26","0","0","0","0.26","false"
"3","unspecified","277","서울","EG투어버스 J코스","0.25","0","0","0","0.25","false"
"3","unspecified","279","서울","EG투어버스 H코스","0.25","0","0","0","0.25","false"
"3","unspecified","22","여수","2층야간코스","0.24857142857142853","0.0003014337534814614","0","0.00030143375348146145","0.24887286232491","false"
"3","unspecified","250","대전","광역투어(넷재주, 일)","0.24857142857142853","0","0","0","0.24857142857142853","false"
"3","unspecified","3","부산","오렌지라인","0.24692307692307694","0","0","0","0.24692307692307694","false"
"3","unspecified","34","화성","테마와 하루(농어촌 체험)","0.245","0.0016303509637396283","0","0.0016303509637396285","0.24663035096373961","false"
"3","unspecified","35","화성","소소한 하루","0.245","0.0016303509637396283","0","0.0016303509637396285","0.24663035096373961","false"
"3","unspecified","25","여수","이순신문화유적코스","0.2422222222222222","0.0003014337534814614","0","0.00030143375348146145","0.24252365597570366","false"
"3","unspecified","56","영주","선비 코스","0.23500000000000001","0","0","0","0.23500000000000001","false"
"3","unspecified","103","안동","도산서원&예끼마을테마","0.23500000000000001","0","0","0","0.23500000000000001","false"
"3","unspecified","212","대전","야경","0.23249999999999998","0","0","0","0.23249999999999998","false"
"3","unspecified","38","화성","바다와 하루","0.23","0.0016303509637396283","0","0.0016303509637396285","0.23163035096373963","false"
"3","unspecified","5","부산","레드라인","0.23153846153846155","0","0","0","0.23153846153846155","false"
"3","unspecified","50","사천","우주항공산업투어","0.23111111111111107","0.00024159935521302265","0","0.00024159935521302265","0.2313527104663241","false"
"3","unspecified","239","순천","(테마투어)세계유산투어","0.23","0","0","0","0.23","false"
"3","unspecified","268","서울","EG투어버스 B코스","0.23","0","0","0","0.23","false"
"3","unspecified","52","사천","이순신승전길투어","0.22624999999999998","0.00024159935521302265","0","0.00024159935521302265","0.226491599355213","false"
"3","unspecified","78","원주","원주시티투어(순환형)","0.22333333333333333","0","0","0","0.22333333333333333","false"
"3","unspecified","168","태안","북부코스","0.22","0.001176523471305415","0","0.0011765234713054151","0.22117652347130543","false"
"3","unspecified","244","아산","예술맛집 코스","0.22","0.0009151970087435835","0","0.0009151970087435835","0.2209151970087436","false"
"3","unspecified","154","세종","야경투어","0.22","0","0","0","0.22","false"
"3","unspecified","106","안동","주간도심테마","0.21999999999999997","0","0","0","0.21999999999999997","false"
"3","unspecified","232","서천","전라권코스","0.21166666666666664","0.0002884051994610295","0","0.00028840519946102955","0.21195507186612766","false"
"3","unspecified","98","양산","봄꽃체험코스","0.21","0.00011096681941658766","0","0.00011096681941658768","0.21011096681941657","false"
"3","unspecified","230","대전","남부코스","0.21","0","0","0","0.21","false"
"3","unspecified","39","화성","열차와 하루","0.2033333333333333","0.0016303509637396283","0","0.0016303509637396285","0.20496368429707293","false"
"3","unspecified","8","대구","테마(야경 4~10월)","0.2","0","0","0","0.2","false"
"3","unspecified","54","사천","별빛투어","0.19727272727272727","0.00024159935521302265","0","0.00024159935521302265","0.1975143266279403","false"
"3","unspecified","99","봉화","송이축제 문화유적탐방버스","0.19","0","0","0","0.19","false"
"3","unspecified","100","봉화","은어축제 문화유적탐방버스","0.19","0","0","0","0.19","false"
"3","unspecified","213","대전","힐링(장태산)","0.19","0","0","0","0.19","false"
"3","unspecified","269","서울","EG투어버스 A코스","0.19","0","0","0","0.19","false"
"3","unspecified","208","양구","방산나들이코스","0.18666666666666665","0","0","0","0.18666666666666665","false"
"3","unspecified","226","대전","광역투어(둘째주, 토)","0.18666666666666665","0","0","0","0.18666666666666665","false"
"3","unspecified","62","익산","익산숨은보석찾기코스","0.18428571428571425","0","0","0","0.18428571428571425","false"
"3","unspecified","218","대전","생태교육","0.18","0","0","0","0.18","false"
"3","unspecified","278","서울","EG투어버스 I코스","0.18","0","0","0","0.18","false"
"3","unspecified","95","양산","양산시 가을 시티투어 (자연관광코스)","0.17833333333333332","0.00011096681941658766","0","0.00011096681941658768","0.1784443001527499","false"
"3","unspecified","79","연천","연천명소코스","0.17833333333333332","0","0","0","0.17833333333333332","false"
"3","unspecified","113","가평","가평순환버스B코스","0.17833333333333332","0","0","0","0.17833333333333332","false"
"3","unspecified","207","양구","힐링산책코스","0.17833333333333332","0","0","0","0.17833333333333332","false"
"3","unspecified","70","서산","A코스","0.16999999999999998","0","0","0","0.16999999999999998","false"
"3","unspecified","77","태백","황지자유시장 코스","0.16374999999999998","0.0004297817124342496","0","0.0004297817124342496","0.16417978171243422","false"
"3","unspecified","210","곡성","읍권 순환버스","0.16374999999999998","0","0","0","0.16374999999999998","false"
"3","unspecified","260","서천","문화코스","0.1633333333333333","0.0002884051994610295","0","0.00028840519946102955","0.16362173853279433","false"
"3","unspecified","26","여수","다크투어리즘코스","0.16285714285714284","0.0003014337534814614","0","0.00030143375348146145","0.1631585766106243","false"
"3","unspecified","0","부산","동부산테마노선","0.16285714285714284","0","0","0","0.16285714285714284","false"
"3","unspecified","140","군산","고군산시간여행코스","0.16285714285714284","0","0","0","0.16285714285714284","false"
"3","unspecified","220","아산","인생네컷 코스","0.16166666666666665","0.0009151970087435835","0","0.0009151970087435835","0.16258186367541025","false"
"3","unspecified","63","홍성","죽도코스","0.16166666666666665","0","0","0","0.16166666666666665","false"
"3","unspecified","80","연천","안보자연코스","0.16166666666666665","0","0","0","0.16166666666666665","false"
"3","unspecified","206","양구","해안DMZ트래킹 코스","0.16166666666666665","0","0","0","0.16166666666666665","false"
"3","unspecified","147","안산","대부도 해변코스(일반형 2코스)","0.15333333333333332","0.0005280121996591867","0","0.0005280121996591867","0.15386134553299252","false"
"3","unspecified","148","안산","대부도 해변코스(일반형 1코스)","0.15333333333333332","0.0005280121996591867","0","0.0005280121996591867","0.15386134553299252","false"
"3","unspecified","215","대전","역사문화(동춘당)","0.15333333333333332","0","0","0","0.15333333333333332","false"
"3","unspecified","110","정선","아리랑열차 연계형 시티투어2","0.15","0.0014551200732353467","0","0.0014551200732353467","0.15145512007323533","false"
"3","unspecified","111","정선","아리랑열차 연계형 시티투어 1","0.15","0.0014551200732353467","0","0.0014551200732353467","0.15145512007323533","false"
"3","unspecified","87","의정부","의정부포레스트:오감이 깨어나는 숲 속 여행","0.15","0","0","0","0.15","false"
"3","unspecified","136","인천","인천레트로노선","0.15","0","0","0","0.15","false"
"3","unspecified","182","포항","퐝순환코스","0.15","0","0","0","0.15","false"
"3","unspecified","76","태백","통리장 코스","0.145","0.0004297817124342496","0","0.0004297817124342496","0.14542978171243423","false"
"3","unspecified","91","청주","청주시티투어_정기투어_초정힐링 투어(토)","0.145","0","0","0","0.145","false"
"3","unspecified","251","대전","광역투어(넷재주, 토)","0.145","0","0","0","0.145","false"
"3","unspecified","27","여수","제2코스","0.14307692307692307","0.0003014337534814614","0","0.00030143375348146145","0.14337835683040454","false"
"3","unspecified","20","광양","야경코스","0.13874999999999998","0.000340425553538854","0","0.000340425553538854","0.13909042555353884","false"
"3","unspecified","1","부산","서부산생태투어","0.13874999999999998","0","0","0","0.13874999999999998","false"
"3","unspecified","24","여수","야경코스","0.13428571428571426","0.0003014337534814614","0","0.00030143375348146145","0.13458714803919572","false"
"3","unspecified","105","안동","야간도심테마","0.13428571428571426","0","0","0","0.13428571428571426","false"
"3","unspecified","92","청주","청주시티투어_정기투어_청남대 투어(수토일)","0.1311111111111111","0","0","0","0.1311111111111111","false"
"3","unspecified","171","춘천","금요일","0.12625","0","0","0","0.12625","false"
"3","unspecified","191","평창","남부권 코스","0.12625","0","0","0","0.12625","false"
"3","unspecified","151","안산","대부도 뱃길코스(일반형 2코스)","0.12555555555555556","0.0005280121996591867","0","0.0005280121996591867","0.12608356775521476","false"
"3","unspecified","49","밀양","시내권 투어 1","0.12000000000000001","0","0","0","0.12000000000000001","false"
"3","unspecified","228","대전","광역투어(첫주, 토)","0.12000000000000001","0","0","0","0.12000000000000001","false"
"3","unspecified","57","영주","물돌이 코스","0.115","0","0","0","0.115","false"
"3","unspecified","114","가평","가평순환버스A코스","0.11444444444444445","0","0","0","0.11444444444444445","false"
"3","unspecified","152","안산","대부도 뱃길코스(일반형 1코스)","0.10888888888888888","0.0005280121996591867","0","0.0005280121996591867","0.10941690108854807","false"
"3","unspecified","23","여수","2층주간코스","0.10500000000000001","0.0003014337534814614","0","0.00030143375348146145","0.10530143375348147","false"
"3","unspecified","21","여수","야간테마코스(시간을달리는버스커)","0.09272727272727273","0.0003014337534814614","0","0.00030143375348146145","0.09302870648075419","false"
"3","unspecified","4","부산","그린라인","0.08923076923076924","0","0","0","0.08923076923076924","false"
"3","unspecified","71","천안","일요일","0.0825","0","0","0","0.0825","false"
"3","unspecified","200","진도","진도시티투어","0.06642857142857143","0.00003891660971876155","0","0.00003891660971876155","0.0664674880382902","false"
"3","unspecified","41","화성","역사와 하루2","0.06","0.0016303509637396283","0","0.0016303509637396285","0.06163035096373962","false"
"3","unspecified","101","청도","시티투어","0.06","0","0","0","0.06","false"
"3","unspecified","32","화성","테마와 하루(문화예술 체험)","0.05333333333333333","0.0016303509637396283","0","0.0016303509637396285","0.054963684297072955","false"
"3","unspecified","275","서울","EG투어버스 L코스","0.05333333333333333","0","0","0","0.05333333333333333","false"
"3","unspecified","33","화성","테마와 하루(목장 체험)","0.05","0.0016303509637396283","0","0.0016303509637396285","0.05163035096373963","false"
"3","unspecified","146","안산","대부도 해변코스(체험형 1코스)","0.05","0.0005280121996591867","0","0.0005280121996591867","0.05052801219965919","false"
"3","unspecified","28","여수","제1코스","0.04857142857142857","0.0003014337534814614","0","0.00030143375348146145","0.04887286232491003","false"
"3","unspecified","149","안산","대부도 뱃길코스(체험형 2코스)","0.045","0.0005280121996591867","0","0.0005280121996591867","0.045528012199659185","false"
"3","unspecified","150","안산","대부도 뱃길코스(체험형 1코스)","0.045","0.0005280121996591867","0","0.0005280121996591867","0.045528012199659185","false"
"3","unspecified","85","이천","농촌체험코스(남부)","0.045","0.0003068601851751845","0","0.0003068601851751845","0.045306860185175185","false"
"3","unspecified","6","제주","야간코스(7월말~8월말 운영)","0.041428571428571426","0","0","0","0.041428571428571426","false"
"3","unspecified","84","이천","농촌체험코스(중부)","0.04000000000000001","0.0003068601851751845","0","0.0003068601851751845","0.040306860185175195","false"
"3","unspecified","209","곡성","압록권역 순환버스","0.04000000000000001","0","0","0","0.04000000000000001","false"
"3","unspecified","276","서울","EG투어버스 K 코스","0.04000000000000001","0","0","0","0.04000000000000001","false"
"3","unspecified","45","화성","테마와 하루(지역축제 체험)","0.03666666666666667","0.0016303509637396283","0","0.0016303509637396285","0.03829701763040629","false"
"3","unspecified","83","이천","농촌체험코스(북부)","0.03666666666666667","0.0003068601851751845","0","0.0003068601851751845","0.036973526851841854","false"
"3","unspecified","82","이천","승마체험코스","0.0325","0.0003068601851751845","0","0.0003068601851751845","0.03280686018517519","false"
"3","unspecified","31","화성","테마와 하루(해양생태 체험)","0.030000000000000002","0.0016303509637396283","0","0.0016303509637396285","0.03163035096373963","false"
"3","unspecified","246","대전","언택트세이프(B)","0.030000000000000002","0","0","0","0.030000000000000002","false"
"3","unspecified","271","서울","EG투어버스 F코스","0.030000000000000002","0","0","0","0.030000000000000002","false"
"3","unspecified","93","여주","꽃섬투어","0.025555555555555557","0.0005587636653485939","0","0.0005587636653485939","0.02611431922090415","false"
"3","unspecified","118","파주","2026 파주시티투어 당일코스(금요일)","0.02","0.0005194701947446618","0","0.0005194701947446618","0.020519470194744663","false"
"3","unspecified","2","부산","야경투어","0.02","0","0","0","0.02","false"
"3","unspecified","29","목포","별빛물결시티투어","0.02","0","0","0","0.02","false"
"3","unspecified","75","충주","충주시티투어","0.02","0","0","0","0.02","false"
"3","unspecified","164","화순","화순적벽 버스투어(적벽 셔틀버스)","0.02","0","0","0","0.02","false"
"3","unspecified","165","화순","화순적벽 버스투어(적벽투어)","0.02","0","0","0","0.02","false"
"3","unspecified","211","대전","가족여행","0.02","0","0","0","0.02","false"
"3","unspecified","219","대전","다크투어","0.02","0","0","0","0.02","false"
"3","unspecified","273","서울","EG투어버스 D코스","0.02","0","0","0","0.02","false"
"3","unspecified","36","화성","별과 하루","0","0.0016303509637396283","0","0.0016303509637396285","0.0016303509637396285","false"
"3","unspecified","37","화성","노을과 하루","0","0.0016303509637396283","0","0.0016303509637396285","0.0016303509637396285","false"
"3","unspecified","44","화성","섬과 하루","0","0.0016303509637396283","0","0.0016303509637396285","0.0016303509637396285","false"
"3","unspecified","231","태안","북부코스남부코스","0","0.001176523471305415","0","0.0011765234713054151","0.0011765234713054151","false"
"3","unspecified","16","대구","테마(야경 11~3월)","0","0","0","0","0","false"
"3","unspecified","55","영주","특별운영","0","0","0","0","0","false"
"3","unspecified","60","익산","맞춤형코스","0","0","0","0","0","false"
"3","unspecified","88","청주","청주시티투어_수시투어","0","0","0","0","0","false"
"3","unspecified","125","부천","정규코스. 특별코스","0","0","0","0","0","false"
"3","unspecified","132","인천","선재영흥투어","0","0","0","0","0","false"
"3","unspecified","134","인천","무의도투어","0","0","0","0","0","false"
"3","unspecified","141","제천","제천관광택시","0","0","0","0","0","false"
"3","unspecified","198","공주","축제코스","0","0","0","0","0","false"
"3","unspecified","259","단양","단양군시티투어","0","0","0","0","0","false"
"3","unspecified","261","부여","백제문화단지-부소산성-궁남지-정림사지-백제문화단지","0","0","0","0","0","false"
"4","male","10","대구","테마-전통5일장-현풍백년도깨비시장","2","0","0","0","2","true"
"4","male","7","제주","순환형코스","1.9500000000000002","0","0","0","1.9500000000000002","true"
"4","male","122","시흥","테마형 수시코스","1.85","0","0.0001327925745534798","0.0001327925745534798","1.8501327925745537","true"
"4","male","14","대구","테마-방방곡곡(팔공산)","1.8","0","0","0","1.8","false"
"4","male","112","정선","와와정선 2층 투어버스","1.2000000000000002","0.0009478229853815733","0","0.0009478229853815734","1.2009478229853818","true"
"4","male","156","세종","역사산책투어","1.17","0","0","0","1.17","true"
"4","male","15","대구","도심순환코스(12개 정류장)","1","0","0","0","1","false"
"4","male","129","인천","노을야경투어","1","0","0","0","1","false"
"4","male","131","인천","교동도투어","1","0","0","0","1","false"
"4","male","135","인천","바다노선","1","0","0","0","1","false"
"4","male","183","포항","퐝랜드마크B코스","1","0","0","0","1","false"
"4","male","130","인천","석모도투어","0.95","0","0","0","0.95","false"
"4","male","184","포항","퐝랜드마크A코스","0.95","0","0","0","0.95","false"
"4","male","185","포항","씨(SEA)하게 보는 포항코스","0.95","0","0","0","0.95","false"
"4","male","159","세종","봄꽃파닭B투어","0.9366666666666666","0","0","0","0.9366666666666666","false"
"4","male","160","세종","봄꽃파닭A투어","0.9366666666666666","0","0","0","0.9366666666666666","false"
"4","male","120","파주","2026 파주시티투어 당일코스(수요일)","0.8866666666666667","0","0","0","0.8866666666666667","false"
"4","male","181","김해","김해에반해","0.8771428571428572","0","0.000042864459740554696","0.000042864459740554696","0.8771857216025978","false"
"4","male","179","김해","역사에반해","0.8533333333333334","0","0.000042864459740554696","0.000042864459740554696","0.8533761977930739","false"
"4","male","133","인천","청라투어","0.85","0","0","0","0.85","false"
"4","male","267","공주","반일코스","0.8300000000000001","0","0","0","0.8300000000000001","false"
"4","male","11","대구","테마-방방곡곡(사시사철)","0.8","0","0","0","0.8","false"
"4","male","12","대구","테마-방방곡곡(군위군 돋보기)","0.8","0","0","0","0.8","false"
"4","male","13","대구","테마-방방곡곡(낙동강)","0.8","0","0","0","0.8","false"
"4","male","229","대전","대청호코스","0.8","0","0","0","0.8","false"
"4","male","180","김해","자연에반해","0.77","0","0.000042864459740554696","0.000042864459740554696","0.7700428644597406","false"
"4","male","74","천안","화요일","0.7325","0","0","0","0.7325","false"
"4","male","262","공주","봄·여름·가을 코스","0.7033333333333334","0","0","0","0.7033333333333334","false"
"4","male","138","군산","(박물관 출발) 고군산코스","0.6866666666666666","0","0.00004344812146239216","0.00004344812146239216","0.686710114788129","false"
"4","male","173","춘천","수요일","0.6866666666666666","0","0","0","0.6866666666666666","false"
"4","male","166","태안","광역코스","0.67","0","0","0","0.67","false"
"4","male","178","김해","문화에반해","0.6599999999999999","0","0.000042864459740554696","0.000042864459740554696","0.6600428644597405","false"
"4","male","235","홍천","홍천시티투어","0.6533333333333333","0","0","0","0.6533333333333333","false"
"4","male","188","서천","푸른빛코스","0.645","0.0010159748764897634","0","0.0010159748764897634","0.6460159748764898","false"
"4","male","227","대전","광역투어(첫주, 일)","0.6387499999999999","0","0","0","0.6387499999999999","false"
"4","male","46","합천","합천광역시티투어 누비고","0.6366666666666667","0","0","0","0.6366666666666667","false"
"4","male","42","화성","역사와 하루1","0.63","0","0.00011338305027020722","0.00011338305027020722","0.6301133830502702","false"
"4","male","61","익산","세계유산코스","0.62","0","0","0","0.62","false"
"4","male","116","파주","2026 파주시티투어 당일코스(일요일)","0.62","0","0","0","0.62","false"
"4","male","119","파주","2026 파주시티투어 당일코스(목요일)","0.62","0","0","0","0.62","false"
"4","male","223","대전","광역투어(셋째주, 일)","0.5985714285714285","0","0","0","0.5985714285714285","false"
"4","male","263","공주","가을코스2","0.5755555555555556","0","0","0","0.5755555555555556","false"
"4","male","236","화천","화천시티투어(백암산케이블카)","0.5700000000000001","0","0.0003829599623132855","0.0003829599623132855","0.5703829599623134","false"
"4","male","254","경산","소원성취코스,삼성현명품투어코스","0.5628571428571428","0","0","0","0.5628571428571428","false"
"4","male","126","대구","도동코스","0.5575","0","0","0","0.5575","false"
"4","male","177","경기광주","광주시티투어","0.5560526315789474","0","0","0","0.5560526315789474","false"
"4","male","127","대구","송해코스","0.54","0","0","0","0.54","false"
"4","male","241","순천","(테마투어)생태투어","0.54","0","0","0","0.54","false"
"4","male","81","연천","역사자연코스","0.5342857142857143","0","0.00020103247267750098","0.00020103247267750098","0.5344867467583918","false"
"4","male","265","공주","여름코스","0.53","0","0","0","0.53","false"
"4","male","96","양산","양산시 가을 시티투어 (역사문화코스)","0.5124758771929824","0","0","0","0.5124758771929824","false"
"4","male","162","세종","세종관광명소B투어","0.5075000000000001","0","0","0","0.5075000000000001","false"
"4","male","258","양주","왕실축제","0.495","0","0.000014148710928409726","0.000014148710928409726","0.4950141487109284","false"
"4","male","47","밀양","삼랑진권 투어","0.495","0","0","0","0.495","false"
"4","male","144","안산","안산 시내권코스(토요일)","0.495","0","0","0","0.495","false"
"4","male","108","부여","부여테마여행","0.4936842105263158","0","0","0","0.4936842105263158","false"
"4","male","249","대전","광역투어(다섯째주, 토)","0.48875","0","0","0","0.48875","false"
"4","male","222","아산","아산도심핫플코스","0.4866666666666667","0","0.000033513003904574515","0.000033513003904574515","0.4867001796705713","false"
"4","male","175","춘천","월요일","0.48250000000000004","0","0","0","0.48250000000000004","false"
"4","male","195","완주","완주힐링로드시티투어 2코스","0.4755555555555555","0.0011833521768564357","0","0.0011833521768564359","0.47673890773241195","false"
"4","male","72","천안","토요일","0.47000000000000003","0","0","0","0.47000000000000003","false"
"4","male","73","천안","목요일","0.47000000000000003","0","0","0","0.47000000000000003","false"
"4","male","161","세종","천안연계투어","0.47000000000000003","0","0","0","0.47000000000000003","false"
"4","male","86","평택","문화유산코스 /관광코스 ※무장애코스 월2회 정기운영(3~6월,9~11월)","0.4642307692307692","0","0.000212188490239465","0.000212188490239465","0.4644429577210087","false"
"4","male","186","서천","동백코스(익산-군산 광역)","0.45333333333333337","0.0010159748764897634","0","0.0010159748764897634","0.4543493082098231","false"
"4","male","225","대전","광역투어(둘째주, 일)","0.45333333333333337","0","0","0","0.45333333333333337","false"
"4","male","252","안성","안성시티투어","0.45000000000000007","0.0004535782751339883","0.00018142602289238774","0.000635004298026376","0.45063500429802644","false"
"4","male","237","화천","화천시티투어(평화누리호)","0.45000000000000007","0","0.0003829599623132855","0.0003829599623132855","0.45038295996231337","false"
"4","male","64","홍성","전통시장코스(홍성) 1,6일 운영","0.45000000000000007","0","0","0","0.45000000000000007","false"
"4","male","203","양주","박물관투어","0.44857142857142857","0","0.000014148710928409726","0.000014148710928409726","0.448585577282357","false"
"4","male","167","태안","남부코스","0.445","0","0","0","0.445","false"
"4","male","264","공주","가을코스","0.43500000000000005","0","0","0","0.43500000000000005","false"
"4","male","43","화성","자연과 하루","0.4325","0","0.00011338305027020722","0.00011338305027020722","0.4326133830502702","false"
"4","male","157","세종","행복투어A","0.43000000000000005","0","0","0","0.43000000000000005","false"
"4","male","240","순천","(테마투어)성곽투어","0.43000000000000005","0","0","0","0.43000000000000005","false"
"4","male","216","대전","역사문화(효월드)","0.42714285714285716","0","0","0","0.42714285714285716","false"
"4","male","255","울산","장생포 대왕암 코스","0.42714285714285716","0","0","0","0.42714285714285716","false"
"4","male","30","목포","목포랑시티투어","0.4241666666666667","0","0","0","0.4241666666666667","false"
"4","male","190","영광","영광쉼,투어","0.42","0.0009933052415334854","0.00005510156488704973","0.001048406806420535","0.4210484068064205","false"
"4","male","243","나주","정기코스","0.42000000000000004","0.00029766105820526955","0","0.00029766105820526955","0.4202976610582053","false"
"4","male","163","세종","세종관광명소A투어","0.42000000000000004","0","0","0","0.42000000000000004","false"
"4","male","214","대전","힐링(만인산)","0.42000000000000004","0","0","0","0.42000000000000004","false"
"4","male","238","순천","(테마투어)산사투어","0.42000000000000004","0","0","0","0.42000000000000004","false"
"4","male","253","대전","언택트세이프?","0.42000000000000004","0","0","0","0.42000000000000004","false"
"4","male","9","대구","테마-전통5일장-군위전통시장","0.42","0","0","0","0.42","false"
"4","male","145","안산","안산 시내권코스(목요일)","0.42","0","0","0","0.42","false"
"4","male","224","대전","광역투어(셋째주, 토)","0.41285714285714287","0","0","0","0.41285714285714287","false"
"4","male","189","서천","보랏빛코스","0.4057142857142857","0.0010159748764897634","0","0.0010159748764897634","0.40673026059077544","false"
"4","male","197","평창","북부권 코스","0.40125","0","0","0","0.40125","false"
"4","male","17","해남","해남시티투어","0.4","0.0007789385543238007","0.00001708938585871869","0.0007960279401825194","0.40079602794018254","false"
"4","male","40","화성","모두와 하루(무장애 여행)","0.4","0","0.00011338305027020722","0.00011338305027020722","0.4001133830502702","false"
"4","male","204","양주","역사투어","0.395","0","0.000014148710928409726","0.000014148710928409726","0.39501414871092844","false"
"4","male","58","익산","순환형2","0.395","0","0","0","0.395","false"
"4","male","59","익산","순환형1","0.395","0","0","0","0.395","false"
"4","male","187","서천","금빛코스","0.39142857142857146","0.0010159748764897634","0","0.0010159748764897634","0.3924445463050612","false"
"4","male","123","시흥","테마형 정기코스","0.39","0","0.0001327925745534798","0.0001327925745534798","0.39013279257455347","false"
"4","male","124","시흥","순환형 2층버스","0.39","0","0.0001327925745534798","0.0001327925745534798","0.39013279257455347","false"
"4","male","48","밀양","영남알프스권 투어 1","0.38250000000000006","0","0","0","0.38250000000000006","false"
"4","male","193","완주","완주힐링로드 시티투어(코레일연계 익산역)","0.37909090909090915","0.0011833521768564357","0","0.0011833521768564359","0.3802742612677656","false"
"4","male","221","아산","休캉스 코스","0.38","0","0.000033513003904574515","0.000033513003904574515","0.3800335130039046","false"
"4","male","245","아산","역사기행 코스","0.38","0","0.000033513003904574515","0.000033513003904574515","0.3800335130039046","false"
"4","male","155","세종","정원투어","0.38","0","0","0","0.38","false"
"4","male","217","대전","대덕특구탐방","0.38","0","0","0","0.38","false"
"4","male","51","사천","오감체험투어","0.3783333333333333","0.0006650810006554906","0","0.0006650810006554907","0.3789984143339888","false"
"4","male","107","예산","예산군 버스투어","0.3783333333333333","0","0","0","0.3783333333333333","false"
"4","male","272","서울","EG투어버스 E코스","0.3783333333333333","0","0","0","0.3783333333333333","false"
"4","male","266","공주","봄코스","0.37357142857142855","0","0","0","0.37357142857142855","false"
"4","male","257","양주","천일홍축제","0.37","0","0.000014148710928409726","0.000014148710928409726","0.3700141487109284","false"
"4","male","117","파주","2026 파주시티투어 당일코스(토요일)","0.37","0","0","0","0.37","false"
"4","male","109","부여","롯데리조트부여와 함께하는 부여 감성야행","0.3616666666666667","0","0","0","0.3616666666666667","false"
"4","male","67","홍성","역사·문화 코스","0.35333333333333333","0","0","0","0.35333333333333333","false"
"4","male","97","양산","2025 6월 시티투어","0.35333333333333333","0","0","0","0.35333333333333333","false"
"4","male","158","세종","역사문화투어","0.35333333333333333","0","0","0","0.35333333333333333","false"
"4","male","172","춘천","목요일","0.35333333333333333","0","0","0","0.35333333333333333","false"
"4","male","248","대전","광역투어(다섯째주, 일)","0.35125000000000006","0","0","0","0.35125000000000006","false"
"4","male","194","완주","완주힐링로드 시티투어(서울권역)","0.3491666666666667","0.0011833521768564357","0","0.0011833521768564359","0.3503500188435231","false"
"4","male","18","광양","광양역사코스","0.34777777777777774","0.0006145822240589997","0.00008464853243011739","0.0006992307564891172","0.3484770085342669","false"
"4","male","19","광양","광양힐링코스","0.34777777777777774","0.0006145822240589997","0.00008464853243011739","0.0006992307564891172","0.3484770085342669","false"
"4","male","205","양주","기본코스","0.34777777777777774","0","0.000014148710928409726","0.000014148710928409726","0.34779192648870616","false"
"4","male","65","홍성","전통시장코스(광천) 4,9일 운영","0.345","0","0","0","0.345","false"
"4","male","274","서울","EG투어버스 C코스","0.345","0","0","0","0.345","false"
"4","male","196","완주","완주힐링로드시티투어 1코스","0.3392307692307693","0.0011833521768564357","0","0.0011833521768564359","0.3404141214076257","false"
"4","male","247","대전","언택트세이프(A)","0.34","0","0","0","0.34","false"
"4","male","270","서울","EG투어버스 G코스","0.34","0","0","0","0.34","false"
"4","male","121","파주","2026 파주시티투어 당일코스(화요일)","0.33666666666666667","0","0","0","0.33666666666666667","false"
"4","male","115","파주","2026 파주시티투어 1박2일코스(토요일~일요일)","0.32833333333333337","0","0","0","0.32833333333333337","false"
"4","male","233","서천","광역코스","0.3271428571428571","0.0010159748764897634","0","0.0010159748764897634","0.32815883201934687","false"
"4","male","234","서천","힐링코스","0.3271428571428571","0.0010159748764897634","0","0.0010159748764897634","0.32815883201934687","false"
"4","male","128","대구","현풍코스","0.3271428571428572","0","0","0","0.3271428571428572","false"
"4","male","201","양주","자연친화코스1","0.32","0","0.000014148710928409726","0.000014148710928409726","0.3200141487109284","false"
"4","male","142","제천","시티투어","0.32000000000000006","0","0","0","0.32000000000000006","false"
"4","male","89","청주","청주시티투어_정기투어_트레킹 투어(토)","0.32","0","0","0","0.32","false"
"4","male","169","춘천","일요일","0.31500000000000006","0","0","0","0.31500000000000006","false"
"4","male","170","춘천","토요일","0.31500000000000006","0","0","0","0.31500000000000006","false"
"4","male","104","안동","하회마을테마","0.3109090909090909","0","0","0","0.3109090909090909","false"
"4","male","102","안동","봉정사&만휴정테마","0.3063636363636364","0","0","0","0.3063636363636364","false"
"4","male","202","양주","서울우유견학코스","0.3057142857142857","0","0.000014148710928409726","0.000014148710928409726","0.30572843442521414","false"
"4","male","68","서산","C코스","0.3057142857142857","0","0","0","0.3057142857142857","false"
"4","male","66","홍성","남당항 코스","0.30333333333333334","0","0","0","0.30333333333333334","false"
"4","male","94","여주","시티투어","0.3018181818181818","0.000870061662443525","0","0.000870061662443525","0.30268824348062534","false"
"4","male","199","완도","해양치유시티투어","0.30214285714285716","0.00004026445049820401","0.0001690471921373689","0.0002093116426355729","0.3023521687854927","false"
"4","male","69","서산","B코스","0.2985714285714286","0","0","0","0.2985714285714286","false"
"4","male","153","세종","행복투어B","0.2866666666666667","0","0","0","0.2866666666666667","false"
"4","male","242","순천","(기획투어)나이트가든투어","0.2866666666666667","0","0","0","0.2866666666666667","false"
"4","male","90","청주","청주시티투어_정기투어_힐링로드 투어(토)","0.28428571428571425","0","0","0","0.28428571428571425","false"
"4","male","256","울산","태화강 국가정원 코스","0.2838888888888889","0","0","0","0.2838888888888889","false"
"4","male","174","춘천","화요일","0.28250000000000003","0","0","0","0.28250000000000003","false"
"4","male","143","동해","관광문화코스","0.2783333333333333","0","0","0","0.2783333333333333","false"
"4","male","139","군산","(익산역 출발) 고군산시간여행코스","0.27","0","0.00004344812146239216","0.00004344812146239216","0.2700434481214624","false"
"4","male","176","창원","창원시티투어","0.26999999999999996","0","0","0","0.26999999999999996","false"
"4","male","53","사천","바다투어","0.26285714285714284","0.0006650810006554906","0","0.0006650810006554907","0.26352222385779833","false"
"4","male","137","임실","명소탐방 임실 시티투어","0.26","0","0","0","0.26","false"
"4","male","192","삼척","종일코스","0.26","0","0","0","0.26","false"
"4","male","277","서울","EG투어버스 J코스","0.25","0","0","0","0.25","false"
"4","male","279","서울","EG투어버스 H코스","0.25","0","0","0","0.25","false"
"4","male","22","여수","2층야간코스","0.24857142857142853","0","0","0","0.24857142857142853","false"
"4","male","250","대전","광역투어(넷재주, 일)","0.24857142857142853","0","0","0","0.24857142857142853","false"
"4","male","3","부산","오렌지라인","0.24692307692307694","0","0","0","0.24692307692307694","false"
"4","male","34","화성","테마와 하루(농어촌 체험)","0.245","0","0.00011338305027020722","0.00011338305027020722","0.2451133830502702","false"
"4","male","35","화성","소소한 하루","0.245","0","0.00011338305027020722","0.00011338305027020722","0.2451133830502702","false"
"4","male","25","여수","이순신문화유적코스","0.2422222222222222","0","0","0","0.2422222222222222","false"
"4","male","56","영주","선비 코스","0.23500000000000001","0","0","0","0.23500000000000001","false"
"4","male","103","안동","도산서원&예끼마을테마","0.23500000000000001","0","0","0","0.23500000000000001","false"
"4","male","212","대전","야경","0.23249999999999998","0","0","0","0.23249999999999998","false"
"4","male","50","사천","우주항공산업투어","0.23111111111111107","0.0006650810006554906","0","0.0006650810006554907","0.23177619211176656","false"
"4","male","5","부산","레드라인","0.23172823886639676","0","0","0","0.23172823886639676","false"
"4","male","38","화성","바다와 하루","0.23","0","0.00011338305027020722","0.00011338305027020722","0.2301133830502702","false"
"4","male","239","순천","(테마투어)세계유산투어","0.23","0","0","0","0.23","false"
"4","male","268","서울","EG투어버스 B코스","0.23","0","0","0","0.23","false"
"4","male","52","사천","이순신승전길투어","0.22624999999999998","0.0006650810006554906","0","0.0006650810006554907","0.22691508100065547","false"
"4","male","78","원주","원주시티투어(순환형)","0.22333333333333333","0","0","0","0.22333333333333333","false"
"4","male","244","아산","예술맛집 코스","0.22","0","0.000033513003904574515","0.000033513003904574515","0.22003351300390459","false"
"4","male","154","세종","야경투어","0.22","0","0","0","0.22","false"
"4","male","168","태안","북부코스","0.22","0","0","0","0.22","false"
"4","male","106","안동","주간도심테마","0.21999999999999997","0","0","0","0.21999999999999997","false"
"4","male","232","서천","전라권코스","0.21166666666666664","0.0010159748764897634","0","0.0010159748764897634","0.21268264154315641","false"
"4","male","98","양산","봄꽃체험코스","0.21","0","0","0","0.21","false"
"4","male","230","대전","남부코스","0.21","0","0","0","0.21","false"
"4","male","39","화성","열차와 하루","0.2033333333333333","0","0.00011338305027020722","0.00011338305027020722","0.2034467163836035","false"
"4","male","8","대구","테마(야경 4~10월)","0.2","0","0","0","0.2","false"
"4","male","54","사천","별빛투어","0.19727272727272727","0.0006650810006554906","0","0.0006650810006554907","0.19793780827338275","false"
"4","male","99","봉화","송이축제 문화유적탐방버스","0.19","0.001637535935315156","0","0.001637535935315156","0.19163753593531516","false"
"4","male","100","봉화","은어축제 문화유적탐방버스","0.19","0.001637535935315156","0","0.001637535935315156","0.19163753593531516","false"
"4","male","213","대전","힐링(장태산)","0.19","0","0","0","0.19","false"
"4","male","269","서울","EG투어버스 A코스","0.19","0","0","0","0.19","false"
"4","male","208","양구","방산나들이코스","0.18666666666666665","0","0.0003359102424942268","0.0003359102424942268","0.18700257690916086","false"
"4","male","226","대전","광역투어(둘째주, 토)","0.18666666666666665","0","0","0","0.18666666666666665","false"
"4","male","62","익산","익산숨은보석찾기코스","0.18428571428571425","0","0","0","0.18428571428571425","false"
"4","male","218","대전","생태교육","0.18","0","0","0","0.18","false"
"4","male","278","서울","EG투어버스 I코스","0.18","0","0","0","0.18","false"
"4","male","207","양구","힐링산책코스","0.17833333333333332","0","0.0003359102424942268","0.0003359102424942268","0.17866924357582753","false"
"4","male","79","연천","연천명소코스","0.17833333333333332","0","0.00020103247267750098","0.00020103247267750098","0.17853436580601081","false"
"4","male","95","양산","양산시 가을 시티투어 (자연관광코스)","0.17833333333333332","0","0","0","0.17833333333333332","false"
"4","male","113","가평","가평순환버스B코스","0.17833333333333332","0","0","0","0.17833333333333332","false"
"4","male","70","서산","A코스","0.16999999999999998","0","0","0","0.16999999999999998","false"
"4","male","260","서천","문화코스","0.1633333333333333","0.0010159748764897634","0","0.0010159748764897634","0.16434930820982308","false"
"4","male","77","태백","황지자유시장 코스","0.16374999999999998","0.0005522224775517127","0","0.0005522224775517127","0.1643022224775517","false"
"4","male","210","곡성","읍권 순환버스","0.16374999999999998","0","0","0","0.16374999999999998","false"
"4","male","140","군산","고군산시간여행코스","0.16285714285714284","0","0.00004344812146239216","0.00004344812146239216","0.16290059097860524","false"
"4","male","0","부산","동부산테마노선","0.16285714285714284","0","0","0","0.16285714285714284","false"
"4","male","26","여수","다크투어리즘코스","0.16285714285714284","0","0","0","0.16285714285714284","false"
"4","male","206","양구","해안DMZ트래킹 코스","0.16166666666666665","0","0.0003359102424942268","0.0003359102424942268","0.16200257690916087","false"
"4","male","80","연천","안보자연코스","0.16166666666666665","0","0.00020103247267750098","0.00020103247267750098","0.16186769913934415","false"
"4","male","220","아산","인생네컷 코스","0.16166666666666665","0","0.000033513003904574515","0.000033513003904574515","0.16170017967057124","false"
"4","male","63","홍성","죽도코스","0.16166666666666665","0","0","0","0.16166666666666665","false"
"4","male","147","안산","대부도 해변코스(일반형 2코스)","0.15333333333333332","0","0","0","0.15333333333333332","false"
"4","male","148","안산","대부도 해변코스(일반형 1코스)","0.15333333333333332","0","0","0","0.15333333333333332","false"
"4","male","215","대전","역사문화(동춘당)","0.15333333333333332","0","0","0","0.15333333333333332","false"
"4","male","110","정선","아리랑열차 연계형 시티투어2","0.15","0.0009478229853815733","0","0.0009478229853815734","0.15094782298538156","false"
"4","male","111","정선","아리랑열차 연계형 시티투어 1","0.15","0.0009478229853815733","0","0.0009478229853815734","0.15094782298538156","false"
"4","male","87","의정부","의정부포레스트:오감이 깨어나는 숲 속 여행","0.15","0","0","0","0.15","false"
"4","male","136","인천","인천레트로노선","0.15","0","0","0","0.15","false"
"4","male","182","포항","퐝순환코스","0.15","0","0","0","0.15","false"
"4","male","76","태백","통리장 코스","0.145","0.0005522224775517127","0","0.0005522224775517127","0.1455522224775517","false"
"4","male","91","청주","청주시티투어_정기투어_초정힐링 투어(토)","0.145","0","0","0","0.145","false"
"4","male","251","대전","광역투어(넷재주, 토)","0.145","0","0","0","0.145","false"
"4","male","27","여수","제2코스","0.14307692307692307","0","0","0","0.14307692307692307","false"
"4","male","20","광양","야경코스","0.13874999999999998","0.0006145822240589997","0.00008464853243011739","0.0006992307564891172","0.1394492307564891","false"
"4","male","1","부산","서부산생태투어","0.13874999999999998","0","0","0","0.13874999999999998","false"
"4","male","24","여수","야경코스","0.13428571428571426","0","0","0","0.13428571428571426","false"
"4","male","105","안동","야간도심테마","0.13428571428571426","0","0","0","0.13428571428571426","false"
"4","male","92","청주","청주시티투어_정기투어_청남대 투어(수토일)","0.1311111111111111","0","0","0","0.1311111111111111","false"
"4","male","171","춘천","금요일","0.12625","0","0","0","0.12625","false"
"4","male","191","평창","남부권 코스","0.12625","0","0","0","0.12625","false"
"4","male","151","안산","대부도 뱃길코스(일반형 2코스)","0.12555555555555556","0","0","0","0.12555555555555556","false"
"4","male","49","밀양","시내권 투어 1","0.12000000000000001","0","0","0","0.12000000000000001","false"
"4","male","228","대전","광역투어(첫주, 토)","0.12000000000000001","0","0","0","0.12000000000000001","false"
"4","male","57","영주","물돌이 코스","0.115","0","0","0","0.115","false"
"4","male","114","가평","가평순환버스A코스","0.11444444444444445","0","0","0","0.11444444444444445","false"
"4","male","152","안산","대부도 뱃길코스(일반형 1코스)","0.10888888888888888","0","0","0","0.10888888888888888","false"
"4","male","23","여수","2층주간코스","0.10500000000000001","0","0","0","0.10500000000000001","false"
"4","male","21","여수","야간테마코스(시간을달리는버스커)","0.09272727272727273","0","0","0","0.09272727272727273","false"
"4","male","4","부산","그린라인","0.08923076923076924","0","0","0","0.08923076923076924","false"
"4","male","71","천안","일요일","0.0825","0","0","0","0.0825","false"
"4","male","200","진도","진도시티투어","0.06642857142857143","0","0.00013165372465383024","0.00013165372465383024","0.06656022515322527","false"
"4","male","41","화성","역사와 하루2","0.06","0","0.00011338305027020722","0.00011338305027020722","0.060113383050270204","false"
"4","male","101","청도","시티투어","0.06","0","0","0","0.06","false"
"4","male","32","화성","테마와 하루(문화예술 체험)","0.05333333333333333","0","0.00011338305027020722","0.00011338305027020722","0.053446716383603536","false"
"4","male","275","서울","EG투어버스 L코스","0.05333333333333333","0","0","0","0.05333333333333333","false"
"4","male","33","화성","테마와 하루(목장 체험)","0.05","0","0.00011338305027020722","0.00011338305027020722","0.05011338305027021","false"
"4","male","146","안산","대부도 해변코스(체험형 1코스)","0.05","0","0","0","0.05","false"
"4","male","28","여수","제1코스","0.04857142857142857","0","0","0","0.04857142857142857","false"
"4","male","85","이천","농촌체험코스(남부)","0.045","0.00005899065874476528","0.0001305145150416353","0.00018950517378640058","0.0451895051737864","false"
"4","male","149","안산","대부도 뱃길코스(체험형 2코스)","0.045","0","0","0","0.045","false"
"4","male","150","안산","대부도 뱃길코스(체험형 1코스)","0.045","0","0","0","0.045","false"
"4","male","6","제주","야간코스(7월말~8월말 운영)","0.041428571428571426","0","0","0","0.041428571428571426","false"
"4","male","84","이천","농촌체험코스(중부)","0.04000000000000001","0.00005899065874476528","0.0001305145150416353","0.00018950517378640058","0.04018950517378641","false"
"4","male","209","곡성","압록권역 순환버스","0.04000000000000001","0","0","0","0.04000000000000001","false"
"4","male","276","서울","EG투어버스 K 코스","0.04000000000000001","0","0","0","0.04000000000000001","false"
"4","male","83","이천","농촌체험코스(북부)","0.03666666666666667","0.00005899065874476528","0.0001305145150416353","0.00018950517378640058","0.03685617184045307","false"
"4","male","45","화성","테마와 하루(지역축제 체험)","0.03666666666666667","0","0.00011338305027020722","0.00011338305027020722","0.03678004971693687","false"
"4","male","82","이천","승마체험코스","0.0325","0.00005899065874476528","0.0001305145150416353","0.00018950517378640058","0.0326895051737864","false"
"4","male","31","화성","테마와 하루(해양생태 체험)","0.030000000000000002","0","0.00011338305027020722","0.00011338305027020722","0.03011338305027021","false"
"4","male","246","대전","언택트세이프(B)","0.030000000000000002","0","0","0","0.030000000000000002","false"
"4","male","271","서울","EG투어버스 F코스","0.030000000000000002","0","0","0","0.030000000000000002","false"
"4","male","93","여주","꽃섬투어","0.025555555555555557","0.000870061662443525","0","0.000870061662443525","0.026425617217999083","false"
"4","male","75","충주","충주시티투어","0.02","0.00013894468582389518","0","0.00013894468582389518","0.020138944685823897","false"
"4","male","2","부산","야경투어","0.02","0","0","0","0.02","false"
"4","male","29","목포","별빛물결시티투어","0.02","0","0","0","0.02","false"
"4","male","118","파주","2026 파주시티투어 당일코스(금요일)","0.02","0","0","0","0.02","false"
"4","male","164","화순","화순적벽 버스투어(적벽 셔틀버스)","0.02","0","0","0","0.02","false"
"4","male","165","화순","화순적벽 버스투어(적벽투어)","0.02","0","0","0","0.02","false"
"4","male","211","대전","가족여행","0.02","0","0","0","0.02","false"
"4","male","219","대전","다크투어","0.02","0","0","0","0.02","false"
"4","male","273","서울","EG투어버스 D코스","0.02","0","0","0","0.02","false"
"4","male","36","화성","별과 하루","0","0","0.00011338305027020722","0.00011338305027020722","0.00011338305027020722","false"
"4","male","37","화성","노을과 하루","0","0","0.00011338305027020722","0.00011338305027020722","0.00011338305027020722","false"
"4","male","44","화성","섬과 하루","0","0","0.00011338305027020722","0.00011338305027020722","0.00011338305027020722","false"
"4","male","16","대구","테마(야경 11~3월)","0","0","0","0","0","false"
"4","male","55","영주","특별운영","0","0","0","0","0","false"
"4","male","60","익산","맞춤형코스","0","0","0","0","0","false"
"4","male","88","청주","청주시티투어_수시투어","0","0","0","0","0","false"
"4","male","125","부천","정규코스. 특별코스","0","0","0","0","0","false"
"4","male","132","인천","선재영흥투어","0","0","0","0","0","false"
"4","male","134","인천","무의도투어","0","0","0","0","0","false"
"4","male","141","제천","제천관광택시","0","0","0","0","0","false"
"4","male","198","공주","축제코스","0","0","0","0","0","false"
"4","male","231","태안","북부코스남부코스","0","0","0","0","0","false"
"4","male","259","단양","단양군시티투어","0","0","0","0","0","false"
"4","male","261","부여","백제문화단지-부소산성-궁남지-정림사지-백제문화단지","0","0","0","0","0","false"
"4","female","10","대구","테마-전통5일장-현풍백년도깨비시장","2","0","0","0","2","true"
"4","female","7","제주","순환형코스","1.9500000000000002","0","0","0","1.9500000000000002","true"
"4","female","122","시흥","테마형 수시코스","1.85","0","0","0","1.85","true"
"4","female","14","대구","테마-방방곡곡(팔공산)","1.8","0","0","0","1.8","false"
"4","female","112","정선","와와정선 2층 투어버스","1.2000000000000002","0.0009478229853815733","0.00003777687918638546","0.0009855998645679589","1.2009855998645682","true"
"4","female","156","세종","역사산책투어","1.17","0","0","0","1.17","true"
"4","female","15","대구","도심순환코스(12개 정류장)","1","0","0","0","1","false"
"4","female","129","인천","노을야경투어","1","0","0","0","1","false"
"4","female","131","인천","교동도투어","1","0","0","0","1","false"
"4","female","135","인천","바다노선","1","0","0","0","1","false"
"4","female","183","포항","퐝랜드마크B코스","1","0","0","0","1","false"
"4","female","130","인천","석모도투어","0.95","0","0","0","0.95","false"
"4","female","184","포항","퐝랜드마크A코스","0.95","0","0","0","0.95","false"
"4","female","185","포항","씨(SEA)하게 보는 포항코스","0.95","0","0","0","0.95","false"
"4","female","159","세종","봄꽃파닭B투어","0.9366666666666666","0","0","0","0.9366666666666666","false"
"4","female","160","세종","봄꽃파닭A투어","0.9366666666666666","0","0","0","0.9366666666666666","false"
"4","female","120","파주","2026 파주시티투어 당일코스(수요일)","0.8866666666666667","0","0.00009596599272458725","0.00009596599272458725","0.8867626326593913","false"
"4","female","181","김해","김해에반해","0.8771428571428572","0","0","0","0.8771428571428572","false"
"4","female","179","김해","역사에반해","0.8533333333333334","0","0","0","0.8533333333333334","false"
"4","female","133","인천","청라투어","0.85","0","0","0","0.85","false"
"4","female","267","공주","반일코스","0.8300000000000001","0","0","0","0.8300000000000001","false"
"4","female","11","대구","테마-방방곡곡(사시사철)","0.8","0","0","0","0.8","false"
"4","female","12","대구","테마-방방곡곡(군위군 돋보기)","0.8","0","0","0","0.8","false"
"4","female","13","대구","테마-방방곡곡(낙동강)","0.8","0","0","0","0.8","false"
"4","female","229","대전","대청호코스","0.8","0","0","0","0.8","false"
"4","female","180","김해","자연에반해","0.77","0","0","0","0.77","false"
"4","female","74","천안","화요일","0.7325","0","0","0","0.7325","false"
"4","female","262","공주","봄·여름·가을 코스","0.7033333333333334","0","0","0","0.7033333333333334","false"
"4","female","138","군산","(박물관 출발) 고군산코스","0.6866666666666666","0","0","0","0.6866666666666666","false"
"4","female","173","춘천","수요일","0.6866666666666666","0","0","0","0.6866666666666666","false"
"4","female","166","태안","광역코스","0.67","0","0.00010497383357619045","0.00010497383357619045","0.6701049738335763","false"
"4","female","178","김해","문화에반해","0.6599999999999999","0","0","0","0.6599999999999999","false"
"4","female","235","홍천","홍천시티투어","0.6533333333333333","0","0","0","0.6533333333333333","false"
"4","female","188","서천","푸른빛코스","0.645","0.0010159748764897634","0.000044187230807977943","0.0010601621072977413","0.6460601621072978","false"
"4","female","227","대전","광역투어(첫주, 일)","0.6387499999999999","0","0","0","0.6387499999999999","false"
"4","female","46","합천","합천광역시티투어 누비고","0.6366666666666667","0","0","0","0.6366666666666667","false"
"4","female","42","화성","역사와 하루1","0.63","0","0","0","0.63","false"
"4","female","116","파주","2026 파주시티투어 당일코스(일요일)","0.62","0","0.00009596599272458725","0.00009596599272458725","0.6200959659927245","false"
"4","female","119","파주","2026 파주시티투어 당일코스(목요일)","0.62","0","0.00009596599272458725","0.00009596599272458725","0.6200959659927245","false"
"4","female","61","익산","세계유산코스","0.62","0","0.00009325924768030969","0.00009325924768030969","0.6200932592476803","false"
"4","female","223","대전","광역투어(셋째주, 일)","0.5985714285714285","0","0","0","0.5985714285714285","false"
"4","female","263","공주","가을코스2","0.5755555555555556","0","0","0","0.5755555555555556","false"
"4","female","236","화천","화천시티투어(백암산케이블카)","0.5700000000000001","0","0","0","0.5700000000000001","false"
"4","female","254","경산","소원성취코스,삼성현명품투어코스","0.5628571428571428","0","0","0","0.5628571428571428","false"
"4","female","126","대구","도동코스","0.5575","0","0","0","0.5575","false"
"4","female","177","경기광주","광주시티투어","0.5560526315789474","0","0.00008964709154241459","0.00008964709154241459","0.5561422786704898","false"
"4","female","127","대구","송해코스","0.54","0","0","0","0.54","false"
"4","female","241","순천","(테마투어)생태투어","0.54","0","0","0","0.54","false"
"4","female","81","연천","역사자연코스","0.5342857142857143","0","0","0","0.5342857142857143","false"
"4","female","265","공주","여름코스","0.53","0","0","0","0.53","false"
"4","female","96","양산","양산시 가을 시티투어 (역사문화코스)","0.5124758771929824","0","0.00012739549973166784","0.0001273954997316678","0.512603272692714","false"
"4","female","162","세종","세종관광명소B투어","0.5075000000000001","0","0","0","0.5075000000000001","false"
"4","female","144","안산","안산 시내권코스(토요일)","0.495","0","0.00008693559841717223","0.00008693559841717223","0.49508693559841715","false"
"4","female","47","밀양","삼랑진권 투어","0.495","0","0","0","0.495","false"
"4","female","258","양주","왕실축제","0.495","0","0","0","0.495","false"
"4","female","108","부여","부여테마여행","0.4936842105263158","0","0","0","0.4936842105263158","false"
"4","female","249","대전","광역투어(다섯째주, 토)","0.48875","0","0","0","0.48875","false"
"4","female","222","아산","아산도심핫플코스","0.4866666666666667","0","0","0","0.4866666666666667","false"
"4","female","175","춘천","월요일","0.48250000000000004","0","0","0","0.48250000000000004","false"
"4","female","195","완주","완주힐링로드시티투어 2코스","0.4755555555555555","0.0011833521768564357","0.00007425494084696357","0.0012576071177033993","0.4768131626732589","false"
"4","female","72","천안","토요일","0.47000000000000003","0","0","0","0.47000000000000003","false"
"4","female","73","천안","목요일","0.47000000000000003","0","0","0","0.47000000000000003","false"
"4","female","161","세종","천안연계투어","0.47000000000000003","0","0","0","0.47000000000000003","false"
"4","female","86","평택","문화유산코스 /관광코스 ※무장애코스 월2회 정기운영(3~6월,9~11월)","0.4642307692307692","0","0","0","0.4642307692307692","false"
"4","female","186","서천","동백코스(익산-군산 광역)","0.45333333333333337","0.0010159748764897634","0.000044187230807977943","0.0010601621072977413","0.4543934954406311","false"
"4","female","225","대전","광역투어(둘째주, 일)","0.45333333333333337","0","0","0","0.45333333333333337","false"
"4","female","252","안성","안성시티투어","0.45000000000000007","0.0004535782751339883","0","0.00045357827513398835","0.45045357827513405","false"
"4","female","64","홍성","전통시장코스(홍성) 1,6일 운영","0.45000000000000007","0","0","0","0.45000000000000007","false"
"4","female","237","화천","화천시티투어(평화누리호)","0.45000000000000007","0","0","0","0.45000000000000007","false"
"4","female","203","양주","박물관투어","0.44857142857142857","0","0","0","0.44857142857142857","false"
"4","female","167","태안","남부코스","0.445","0","0.00010497383357619045","0.00010497383357619045","0.4451049738335762","false"
"4","female","264","공주","가을코스","0.43500000000000005","0","0","0","0.43500000000000005","false"
"4","female","43","화성","자연과 하루","0.4325","0","0","0","0.4325","false"
"4","female","157","세종","행복투어A","0.43000000000000005","0","0","0","0.43000000000000005","false"
"4","female","240","순천","(테마투어)성곽투어","0.43000000000000005","0","0","0","0.43000000000000005","false"
"4","female","216","대전","역사문화(효월드)","0.42714285714285716","0","0","0","0.42714285714285716","false"
"4","female","255","울산","장생포 대왕암 코스","0.42714285714285716","0","0","0","0.42714285714285716","false"
"4","female","30","목포","목포랑시티투어","0.4241666666666667","0","0","0","0.4241666666666667","false"
"4","female","190","영광","영광쉼,투어","0.42","0.0009933052415334854","0","0.0009933052415334854","0.42099330524153344","false"
"4","female","243","나주","정기코스","0.42000000000000004","0.00029766105820526955","0.00009325924768030969","0.00039092030588557924","0.4203909203058856","false"
"4","female","145","안산","안산 시내권코스(목요일)","0.42","0","0.00008693559841717223","0.00008693559841717223","0.42008693559841714","false"
"4","female","163","세종","세종관광명소A투어","0.42000000000000004","0","0","0","0.42000000000000004","false"
"4","female","214","대전","힐링(만인산)","0.42000000000000004","0","0","0","0.42000000000000004","false"
"4","female","238","순천","(테마투어)산사투어","0.42000000000000004","0","0","0","0.42000000000000004","false"
"4","female","253","대전","언택트세이프?","0.42000000000000004","0","0","0","0.42000000000000004","false"
"4","female","9","대구","테마-전통5일장-군위전통시장","0.42","0","0","0","0.42","false"
"4","female","224","대전","광역투어(셋째주, 토)","0.41285714285714287","0","0","0","0.41285714285714287","false"
"4","female","189","서천","보랏빛코스","0.4057142857142857","0.0010159748764897634","0.000044187230807977943","0.0010601621072977413","0.40677444782158345","false"
"4","female","197","평창","북부권 코스","0.40125","0","0","0","0.40125","false"
"4","female","17","해남","해남시티투어","0.4","0.0007789385543238007","0","0.0007789385543238008","0.40077893855432384","false"
"4","female","40","화성","모두와 하루(무장애 여행)","0.4","0","0","0","0.4","false"
"4","female","58","익산","순환형2","0.395","0","0.00009325924768030969","0.00009325924768030969","0.39509325924768035","false"
"4","female","59","익산","순환형1","0.395","0","0.00009325924768030969","0.00009325924768030969","0.39509325924768035","false"
"4","female","204","양주","역사투어","0.395","0","0","0","0.395","false"
"4","female","187","서천","금빛코스","0.39142857142857146","0.0010159748764897634","0.000044187230807977943","0.0010601621072977413","0.3924887335358692","false"
"4","female","123","시흥","테마형 정기코스","0.39","0","0","0","0.39","false"
"4","female","124","시흥","순환형 2층버스","0.39","0","0","0","0.39","false"
"4","female","48","밀양","영남알프스권 투어 1","0.38250000000000006","0","0","0","0.38250000000000006","false"
"4","female","193","완주","완주힐링로드 시티투어(코레일연계 익산역)","0.37909090909090915","0.0011833521768564357","0.00007425494084696357","0.0012576071177033993","0.38034851620861254","false"
"4","female","155","세종","정원투어","0.38","0","0","0","0.38","false"
"4","female","217","대전","대덕특구탐방","0.38","0","0","0","0.38","false"
"4","female","221","아산","休캉스 코스","0.38","0","0","0","0.38","false"
"4","female","245","아산","역사기행 코스","0.38","0","0","0","0.38","false"
"4","female","51","사천","오감체험투어","0.3783333333333333","0.0006650810006554906","0.000021240610576129258","0.0006863216112316199","0.3790196549445649","false"
"4","female","107","예산","예산군 버스투어","0.3783333333333333","0","0","0","0.3783333333333333","false"
"4","female","272","서울","EG투어버스 E코스","0.3783333333333333","0","0","0","0.3783333333333333","false"
"4","female","266","공주","봄코스","0.37357142857142855","0","0","0","0.37357142857142855","false"
"4","female","117","파주","2026 파주시티투어 당일코스(토요일)","0.37","0","0.00009596599272458725","0.00009596599272458725","0.3700959659927246","false"
"4","female","257","양주","천일홍축제","0.37","0","0","0","0.37","false"
"4","female","109","부여","롯데리조트부여와 함께하는 부여 감성야행","0.3616666666666667","0","0","0","0.3616666666666667","false"
"4","female","97","양산","2025 6월 시티투어","0.35333333333333333","0","0.00012739549973166784","0.00012739549973166784","0.353460728833065","false"
"4","female","67","홍성","역사·문화 코스","0.35333333333333333","0","0","0","0.35333333333333333","false"
"4","female","158","세종","역사문화투어","0.35333333333333333","0","0","0","0.35333333333333333","false"
"4","female","172","춘천","목요일","0.35333333333333333","0","0","0","0.35333333333333333","false"
"4","female","248","대전","광역투어(다섯째주, 일)","0.35125000000000006","0","0","0","0.35125000000000006","false"
"4","female","194","완주","완주힐링로드 시티투어(서울권역)","0.3491666666666667","0.0011833521768564357","0.00007425494084696357","0.0012576071177033993","0.3504242737843701","false"
"4","female","18","광양","광양역사코스","0.34777777777777774","0.0006145822240589997","0","0.0006145822240589998","0.34839236000183677","false"
"4","female","19","광양","광양힐링코스","0.34777777777777774","0.0006145822240589997","0","0.0006145822240589998","0.34839236000183677","false"
"4","female","205","양주","기본코스","0.34777777777777774","0","0","0","0.34777777777777774","false"
"4","female","65","홍성","전통시장코스(광천) 4,9일 운영","0.345","0","0","0","0.345","false"
"4","female","274","서울","EG투어버스 C코스","0.345","0","0","0","0.345","false"
"4","female","196","완주","완주힐링로드시티투어 1코스","0.3392307692307693","0.0011833521768564357","0.00007425494084696357","0.0012576071177033993","0.3404883763484727","false"
"4","female","247","대전","언택트세이프(A)","0.34","0","0","0","0.34","false"
"4","female","270","서울","EG투어버스 G코스","0.34","0","0","0","0.34","false"
"4","female","121","파주","2026 파주시티투어 당일코스(화요일)","0.33666666666666667","0","0.00009596599272458725","0.00009596599272458725","0.33676263265939127","false"
"4","female","115","파주","2026 파주시티투어 1박2일코스(토요일~일요일)","0.32833333333333337","0","0.00009596599272458725","0.00009596599272458725","0.32842929932605797","false"
"4","female","233","서천","광역코스","0.3271428571428571","0.0010159748764897634","0.000044187230807977943","0.0010601621072977413","0.3282030192501549","false"
"4","female","234","서천","힐링코스","0.3271428571428571","0.0010159748764897634","0.000044187230807977943","0.0010601621072977413","0.3282030192501549","false"
"4","female","128","대구","현풍코스","0.3271428571428572","0","0","0","0.3271428571428572","false"
"4","female","142","제천","시티투어","0.32000000000000006","0","0","0","0.32000000000000006","false"
"4","female","89","청주","청주시티투어_정기투어_트레킹 투어(토)","0.32","0","0","0","0.32","false"
"4","female","201","양주","자연친화코스1","0.32","0","0","0","0.32","false"
"4","female","169","춘천","일요일","0.31500000000000006","0","0","0","0.31500000000000006","false"
"4","female","170","춘천","토요일","0.31500000000000006","0","0","0","0.31500000000000006","false"
"4","female","104","안동","하회마을테마","0.3109090909090909","0","0","0","0.3109090909090909","false"
"4","female","102","안동","봉정사&만휴정테마","0.3063636363636364","0","0","0","0.3063636363636364","false"
"4","female","68","서산","C코스","0.3057142857142857","0","0.000006477785760669266","0.000006477785760669266","0.3057207635000464","false"
"4","female","202","양주","서울우유견학코스","0.3057142857142857","0","0","0","0.3057142857142857","false"
"4","female","66","홍성","남당항 코스","0.30333333333333334","0","0","0","0.30333333333333334","false"
"4","female","94","여주","시티투어","0.3018181818181818","0.000870061662443525","0.00011933974792261816","0.0009894014103661432","0.30280758322854795","false"
"4","female","199","완도","해양치유시티투어","0.30214285714285716","0.00004026445049820401","0","0.00004026445049820401","0.30218312159335536","false"
"4","female","69","서산","B코스","0.2985714285714286","0","0.000006477785760669266","0.000006477785760669266","0.2985779063571893","false"
"4","female","153","세종","행복투어B","0.2866666666666667","0","0","0","0.2866666666666667","false"
"4","female","242","순천","(기획투어)나이트가든투어","0.2866666666666667","0","0","0","0.2866666666666667","false"
"4","female","90","청주","청주시티투어_정기투어_힐링로드 투어(토)","0.28428571428571425","0","0","0","0.28428571428571425","false"
"4","female","256","울산","태화강 국가정원 코스","0.2838888888888889","0","0","0","0.2838888888888889","false"
"4","female","174","춘천","화요일","0.28250000000000003","0","0","0","0.28250000000000003","false"
"4","female","143","동해","관광문화코스","0.2783333333333333","0","0","0","0.2783333333333333","false"
"4","female","139","군산","(익산역 출발) 고군산시간여행코스","0.27","0","0","0","0.27","false"
"4","female","176","창원","창원시티투어","0.26999999999999996","0","0","0","0.26999999999999996","false"
"4","female","53","사천","바다투어","0.26285714285714284","0.0006650810006554906","0.000021240610576129258","0.0006863216112316199","0.26354346446837446","false"
"4","female","137","임실","명소탐방 임실 시티투어","0.26","0","0","0","0.26","false"
"4","female","192","삼척","종일코스","0.26","0","0","0","0.26","false"
"4","female","277","서울","EG투어버스 J코스","0.25","0","0","0","0.25","false"
"4","female","279","서울","EG투어버스 H코스","0.25","0","0","0","0.25","false"
"4","female","22","여수","2층야간코스","0.24857142857142853","0","0.000001851983405118974","0.000001851983405118974","0.24857328055483366","false"
"4","female","250","대전","광역투어(넷재주, 일)","0.24857142857142853","0","0","0","0.24857142857142853","false"
"4","female","3","부산","오렌지라인","0.24692307692307694","0","0","0","0.24692307692307694","false"
"4","female","34","화성","테마와 하루(농어촌 체험)","0.245","0","0","0","0.245","false"
"4","female","35","화성","소소한 하루","0.245","0","0","0","0.245","false"
"4","female","25","여수","이순신문화유적코스","0.2422222222222222","0","0.000001851983405118974","0.000001851983405118974","0.24222407420562733","false"
"4","female","56","영주","선비 코스","0.23500000000000001","0","0","0","0.23500000000000001","false"
"4","female","103","안동","도산서원&예끼마을테마","0.23500000000000001","0","0","0","0.23500000000000001","false"
"4","female","212","대전","야경","0.23249999999999998","0","0","0","0.23249999999999998","false"
"4","female","50","사천","우주항공산업투어","0.23111111111111107","0.0006650810006554906","0.000021240610576129258","0.0006863216112316199","0.23179743272234268","false"
"4","female","5","부산","레드라인","0.23172823886639676","0","0","0","0.23172823886639676","false"
"4","female","38","화성","바다와 하루","0.23","0","0","0","0.23","false"
"4","female","239","순천","(테마투어)세계유산투어","0.23","0","0","0","0.23","false"
"4","female","268","서울","EG투어버스 B코스","0.23","0","0","0","0.23","false"
"4","female","52","사천","이순신승전길투어","0.22624999999999998","0.0006650810006554906","0.000021240610576129258","0.0006863216112316199","0.2269363216112316","false"
"4","female","78","원주","원주시티투어(순환형)","0.22333333333333333","0","0","0","0.22333333333333333","false"
"4","female","168","태안","북부코스","0.22","0","0.00010497383357619045","0.00010497383357619045","0.2201049738335762","false"
"4","female","154","세종","야경투어","0.22","0","0","0","0.22","false"
"4","female","244","아산","예술맛집 코스","0.22","0","0","0","0.22","false"
"4","female","106","안동","주간도심테마","0.21999999999999997","0","0","0","0.21999999999999997","false"
"4","female","232","서천","전라권코스","0.21166666666666664","0.0010159748764897634","0.000044187230807977943","0.0010601621072977413","0.21272682877396437","false"
"4","female","98","양산","봄꽃체험코스","0.21","0","0.00012739549973166784","0.00012739549973166784","0.21012739549973167","false"
"4","female","230","대전","남부코스","0.21","0","0","0","0.21","false"
"4","female","39","화성","열차와 하루","0.2033333333333333","0","0","0","0.2033333333333333","false"
"4","female","8","대구","테마(야경 4~10월)","0.2","0","0","0","0.2","false"
"4","female","54","사천","별빛투어","0.19727272727272727","0.0006650810006554906","0.000021240610576129258","0.0006863216112316199","0.19795904888395888","false"
"4","female","99","봉화","송이축제 문화유적탐방버스","0.19","0.001637535935315156","0.00015855349088353981","0.0017960894261986958","0.1917960894261987","false"
"4","female","100","봉화","은어축제 문화유적탐방버스","0.19","0.001637535935315156","0.00015855349088353981","0.0017960894261986958","0.1917960894261987","false"
"4","female","213","대전","힐링(장태산)","0.19","0","0","0","0.19","false"
"4","female","269","서울","EG투어버스 A코스","0.19","0","0","0","0.19","false"
"4","female","208","양구","방산나들이코스","0.18666666666666665","0","0","0","0.18666666666666665","false"
"4","female","226","대전","광역투어(둘째주, 토)","0.18666666666666665","0","0","0","0.18666666666666665","false"
"4","female","62","익산","익산숨은보석찾기코스","0.18428571428571425","0","0.00009325924768030969","0.00009325924768030969","0.18437897353339455","false"
"4","female","218","대전","생태교육","0.18","0","0","0","0.18","false"
"4","female","278","서울","EG투어버스 I코스","0.18","0","0","0","0.18","false"
"4","female","95","양산","양산시 가을 시티투어 (자연관광코스)","0.17833333333333332","0","0.00012739549973166784","0.00012739549973166784","0.178460728833065","false"
"4","female","79","연천","연천명소코스","0.17833333333333332","0","0","0","0.17833333333333332","false"
"4","female","113","가평","가평순환버스B코스","0.17833333333333332","0","0","0","0.17833333333333332","false"
"4","female","207","양구","힐링산책코스","0.17833333333333332","0","0","0","0.17833333333333332","false"
"4","female","70","서산","A코스","0.16999999999999998","0","0.000006477785760669266","0.000006477785760669266","0.17000647778576064","false"
"4","female","260","서천","문화코스","0.1633333333333333","0.0010159748764897634","0.000044187230807977943","0.0010601621072977413","0.16439349544063103","false"
"4","female","77","태백","황지자유시장 코스","0.16374999999999998","0.0005522224775517127","0.000041441332234371137","0.0005936638097860839","0.16434366380978607","false"
"4","female","210","곡성","읍권 순환버스","0.16374999999999998","0","0","0","0.16374999999999998","false"
"4","female","26","여수","다크투어리즘코스","0.16285714285714284","0","0.000001851983405118974","0.000001851983405118974","0.16285899484054797","false"
"4","female","0","부산","동부산테마노선","0.16285714285714284","0","0","0","0.16285714285714284","false"
"4","female","140","군산","고군산시간여행코스","0.16285714285714284","0","0","0","0.16285714285714284","false"
"4","female","63","홍성","죽도코스","0.16166666666666665","0","0","0","0.16166666666666665","false"
"4","female","80","연천","안보자연코스","0.16166666666666665","0","0","0","0.16166666666666665","false"
"4","female","206","양구","해안DMZ트래킹 코스","0.16166666666666665","0","0","0","0.16166666666666665","false"
"4","female","220","아산","인생네컷 코스","0.16166666666666665","0","0","0","0.16166666666666665","false"
"4","female","147","안산","대부도 해변코스(일반형 2코스)","0.15333333333333332","0","0.00008693559841717223","0.00008693559841717223","0.15342026893175048","false"
"4","female","148","안산","대부도 해변코스(일반형 1코스)","0.15333333333333332","0","0.00008693559841717223","0.00008693559841717223","0.15342026893175048","false"
"4","female","215","대전","역사문화(동춘당)","0.15333333333333332","0","0","0","0.15333333333333332","false"
"4","female","110","정선","아리랑열차 연계형 시티투어2","0.15","0.0009478229853815733","0.00003777687918638546","0.0009855998645679589","0.15098559986456794","false"
"4","female","111","정선","아리랑열차 연계형 시티투어 1","0.15","0.0009478229853815733","0.00003777687918638546","0.0009855998645679589","0.15098559986456794","false"
"4","female","87","의정부","의정부포레스트:오감이 깨어나는 숲 속 여행","0.15","0","0","0","0.15","false"
"4","female","136","인천","인천레트로노선","0.15","0","0","0","0.15","false"
"4","female","182","포항","퐝순환코스","0.15","0","0","0","0.15","false"
"4","female","76","태백","통리장 코스","0.145","0.0005522224775517127","0.000041441332234371137","0.0005936638097860839","0.14559366380978608","false"
"4","female","91","청주","청주시티투어_정기투어_초정힐링 투어(토)","0.145","0","0","0","0.145","false"
"4","female","251","대전","광역투어(넷재주, 토)","0.145","0","0","0","0.145","false"
"4","female","27","여수","제2코스","0.14307692307692307","0","0.000001851983405118974","0.000001851983405118974","0.1430787750603282","false"
"4","female","20","광양","야경코스","0.13874999999999998","0.0006145822240589997","0","0.0006145822240589998","0.13936458222405898","false"
"4","female","1","부산","서부산생태투어","0.13874999999999998","0","0","0","0.13874999999999998","false"
"4","female","24","여수","야경코스","0.13428571428571426","0","0.000001851983405118974","0.000001851983405118974","0.1342875662691194","false"
"4","female","105","안동","야간도심테마","0.13428571428571426","0","0","0","0.13428571428571426","false"
"4","female","92","청주","청주시티투어_정기투어_청남대 투어(수토일)","0.1311111111111111","0","0","0","0.1311111111111111","false"
"4","female","171","춘천","금요일","0.12625","0","0","0","0.12625","false"
"4","female","191","평창","남부권 코스","0.12625","0","0","0","0.12625","false"
"4","female","151","안산","대부도 뱃길코스(일반형 2코스)","0.12555555555555556","0","0.00008693559841717223","0.00008693559841717223","0.12564249115397272","false"
"4","female","49","밀양","시내권 투어 1","0.12000000000000001","0","0","0","0.12000000000000001","false"
"4","female","228","대전","광역투어(첫주, 토)","0.12000000000000001","0","0","0","0.12000000000000001","false"
"4","female","57","영주","물돌이 코스","0.115","0","0","0","0.115","false"
"4","female","114","가평","가평순환버스A코스","0.11444444444444445","0","0","0","0.11444444444444445","false"
"4","female","152","안산","대부도 뱃길코스(일반형 1코스)","0.10888888888888888","0","0.00008693559841717223","0.00008693559841717223","0.10897582448730606","false"
"4","female","23","여수","2층주간코스","0.10500000000000001","0","0.000001851983405118974","0.000001851983405118974","0.10500185198340513","false"
"4","female","21","여수","야간테마코스(시간을달리는버스커)","0.09272727272727273","0","0.000001851983405118974","0.000001851983405118974","0.09272912471067785","false"
"4","female","4","부산","그린라인","0.08923076923076924","0","0","0","0.08923076923076924","false"
"4","female","71","천안","일요일","0.0825","0","0","0","0.0825","false"
"4","female","200","진도","진도시티투어","0.06642857142857143","0","0","0","0.06642857142857143","false"
"4","female","41","화성","역사와 하루2","0.06","0","0","0","0.06","false"
"4","female","101","청도","시티투어","0.06","0","0","0","0.06","false"
"4","female","32","화성","테마와 하루(문화예술 체험)","0.05333333333333333","0","0","0","0.05333333333333333","false"
"4","female","275","서울","EG투어버스 L코스","0.05333333333333333","0","0","0","0.05333333333333333","false"
"4","female","146","안산","대부도 해변코스(체험형 1코스)","0.05","0","0.00008693559841717223","0.00008693559841717223","0.050086935598417176","false"
"4","female","33","화성","테마와 하루(목장 체험)","0.05","0","0","0","0.05","false"
"4","female","28","여수","제1코스","0.04857142857142857","0","0.000001851983405118974","0.000001851983405118974","0.04857328055483369","false"
"4","female","149","안산","대부도 뱃길코스(체험형 2코스)","0.045","0","0.00008693559841717223","0.00008693559841717223","0.04508693559841717","false"
"4","female","150","안산","대부도 뱃길코스(체험형 1코스)","0.045","0","0.00008693559841717223","0.00008693559841717223","0.04508693559841717","false"
"4","female","85","이천","농촌체험코스(남부)","0.045","0.00005899065874476528","0","0.00005899065874476529","0.04505899065874476","false"
"4","female","6","제주","야간코스(7월말~8월말 운영)","0.041428571428571426","0","0","0","0.041428571428571426","false"
"4","female","84","이천","농촌체험코스(중부)","0.04000000000000001","0.00005899065874476528","0","0.00005899065874476529","0.04005899065874477","false"
"4","female","209","곡성","압록권역 순환버스","0.04000000000000001","0","0","0","0.04000000000000001","false"
"4","female","276","서울","EG투어버스 K 코스","0.04000000000000001","0","0","0","0.04000000000000001","false"
"4","female","83","이천","농촌체험코스(북부)","0.03666666666666667","0.00005899065874476528","0","0.00005899065874476529","0.03672565732541143","false"
"4","female","45","화성","테마와 하루(지역축제 체험)","0.03666666666666667","0","0","0","0.03666666666666667","false"
"4","female","82","이천","승마체험코스","0.0325","0.00005899065874476528","0","0.00005899065874476529","0.03255899065874476","false"
"4","female","31","화성","테마와 하루(해양생태 체험)","0.030000000000000002","0","0","0","0.030000000000000002","false"
"4","female","246","대전","언택트세이프(B)","0.030000000000000002","0","0","0","0.030000000000000002","false"
"4","female","271","서울","EG투어버스 F코스","0.030000000000000002","0","0","0","0.030000000000000002","false"
"4","female","93","여주","꽃섬투어","0.025555555555555557","0.000870061662443525","0.00011933974792261816","0.0009894014103661432","0.026544956965921702","false"
"4","female","75","충주","충주시티투어","0.02","0.00013894468582389518","0.000032273209345980236","0.0001712178951698754","0.020171217895169877","false"
"4","female","118","파주","2026 파주시티투어 당일코스(금요일)","0.02","0","0.00009596599272458725","0.00009596599272458725","0.020095965992724587","false"
"4","female","2","부산","야경투어","0.02","0","0","0","0.02","false"
"4","female","29","목포","별빛물결시티투어","0.02","0","0","0","0.02","false"
"4","female","164","화순","화순적벽 버스투어(적벽 셔틀버스)","0.02","0","0","0","0.02","false"
"4","female","165","화순","화순적벽 버스투어(적벽투어)","0.02","0","0","0","0.02","false"
"4","female","211","대전","가족여행","0.02","0","0","0","0.02","false"
"4","female","219","대전","다크투어","0.02","0","0","0","0.02","false"
"4","female","273","서울","EG투어버스 D코스","0.02","0","0","0","0.02","false"
"4","female","231","태안","북부코스남부코스","0","0","0.00010497383357619045","0.00010497383357619045","0.00010497383357619045","false"
"4","female","60","익산","맞춤형코스","0","0","0.00009325924768030969","0.00009325924768030969","0.00009325924768030969","false"
"4","female","16","대구","테마(야경 11~3월)","0","0","0","0","0","false"
"4","female","36","화성","별과 하루","0","0","0","0","0","false"
"4","female","37","화성","노을과 하루","0","0","0","0","0","false"
"4","female","44","화성","섬과 하루","0","0","0","0","0","false"
"4","female","55","영주","특별운영","0","0","0","0","0","false"
"4","female","88","청주","청주시티투어_수시투어","0","0","0","0","0","false"
"4","female","125","부천","정규코스. 특별코스","0","0","0","0","0","false"
"4","female","132","인천","선재영흥투어","0","0","0","0","0","false"
"4","female","134","인천","무의도투어","0","0","0","0","0","false"
"4","female","141","제천","제천관광택시","0","0","0","0","0","false"
"4","female","198","공주","축제코스","0","0","0","0","0","false"
"4","female","259","단양","단양군시티투어","0","0","0","0","0","false"
"4","female","261","부여","백제문화단지-부소산성-궁남지-정림사지-백제문화단지","0","0","0","0","0","false"
"4","unspecified","10","대구","테마-전통5일장-현풍백년도깨비시장","2","0","0","0","2","true"
"4","unspecified","7","제주","순환형코스","1.9500000000000002","0","0","0","1.9500000000000002","true"
"4","unspecified","122","시흥","테마형 수시코스","1.85","0","0","0","1.85","true"
"4","unspecified","14","대구","테마-방방곡곡(팔공산)","1.8","0","0","0","1.8","false"
"4","unspecified","112","정선","와와정선 2층 투어버스","1.2000000000000002","0.0009478229853815733","0","0.0009478229853815734","1.2009478229853818","true"
"4","unspecified","156","세종","역사산책투어","1.17","0","0","0","1.17","true"
"4","unspecified","15","대구","도심순환코스(12개 정류장)","1","0","0","0","1","false"
"4","unspecified","129","인천","노을야경투어","1","0","0","0","1","false"
"4","unspecified","131","인천","교동도투어","1","0","0","0","1","false"
"4","unspecified","135","인천","바다노선","1","0","0","0","1","false"
"4","unspecified","183","포항","퐝랜드마크B코스","1","0","0","0","1","false"
"4","unspecified","130","인천","석모도투어","0.95","0","0","0","0.95","false"
"4","unspecified","184","포항","퐝랜드마크A코스","0.95","0","0","0","0.95","false"
"4","unspecified","185","포항","씨(SEA)하게 보는 포항코스","0.95","0","0","0","0.95","false"
"4","unspecified","159","세종","봄꽃파닭B투어","0.9366666666666666","0","0","0","0.9366666666666666","false"
"4","unspecified","160","세종","봄꽃파닭A투어","0.9366666666666666","0","0","0","0.9366666666666666","false"
"4","unspecified","120","파주","2026 파주시티투어 당일코스(수요일)","0.8866666666666667","0","0","0","0.8866666666666667","false"
"4","unspecified","181","김해","김해에반해","0.8771428571428572","0","0","0","0.8771428571428572","false"
"4","unspecified","179","김해","역사에반해","0.8533333333333334","0","0","0","0.8533333333333334","false"
"4","unspecified","133","인천","청라투어","0.85","0","0","0","0.85","false"
"4","unspecified","267","공주","반일코스","0.8300000000000001","0","0","0","0.8300000000000001","false"
"4","unspecified","11","대구","테마-방방곡곡(사시사철)","0.8","0","0","0","0.8","false"
"4","unspecified","12","대구","테마-방방곡곡(군위군 돋보기)","0.8","0","0","0","0.8","false"
"4","unspecified","13","대구","테마-방방곡곡(낙동강)","0.8","0","0","0","0.8","false"
"4","unspecified","229","대전","대청호코스","0.8","0","0","0","0.8","false"
"4","unspecified","180","김해","자연에반해","0.77","0","0","0","0.77","false"
"4","unspecified","74","천안","화요일","0.7325","0","0","0","0.7325","false"
"4","unspecified","262","공주","봄·여름·가을 코스","0.7033333333333334","0","0","0","0.7033333333333334","false"
"4","unspecified","138","군산","(박물관 출발) 고군산코스","0.6866666666666666","0","0","0","0.6866666666666666","false"
"4","unspecified","173","춘천","수요일","0.6866666666666666","0","0","0","0.6866666666666666","false"
"4","unspecified","166","태안","광역코스","0.67","0","0","0","0.67","false"
"4","unspecified","178","김해","문화에반해","0.6599999999999999","0","0","0","0.6599999999999999","false"
"4","unspecified","235","홍천","홍천시티투어","0.6533333333333333","0","0","0","0.6533333333333333","false"
"4","unspecified","188","서천","푸른빛코스","0.645","0.0010159748764897634","0","0.0010159748764897634","0.6460159748764898","false"
"4","unspecified","227","대전","광역투어(첫주, 일)","0.6387499999999999","0","0","0","0.6387499999999999","false"
"4","unspecified","46","합천","합천광역시티투어 누비고","0.6366666666666667","0","0","0","0.6366666666666667","false"
"4","unspecified","42","화성","역사와 하루1","0.63","0","0","0","0.63","false"
"4","unspecified","61","익산","세계유산코스","0.62","0","0","0","0.62","false"
"4","unspecified","116","파주","2026 파주시티투어 당일코스(일요일)","0.62","0","0","0","0.62","false"
"4","unspecified","119","파주","2026 파주시티투어 당일코스(목요일)","0.62","0","0","0","0.62","false"
"4","unspecified","223","대전","광역투어(셋째주, 일)","0.5985714285714285","0","0","0","0.5985714285714285","false"
"4","unspecified","263","공주","가을코스2","0.5755555555555556","0","0","0","0.5755555555555556","false"
"4","unspecified","236","화천","화천시티투어(백암산케이블카)","0.5700000000000001","0","0","0","0.5700000000000001","false"
"4","unspecified","254","경산","소원성취코스,삼성현명품투어코스","0.5628571428571428","0","0","0","0.5628571428571428","false"
"4","unspecified","126","대구","도동코스","0.5575","0","0","0","0.5575","false"
"4","unspecified","177","경기광주","광주시티투어","0.5560526315789474","0","0","0","0.5560526315789474","false"
"4","unspecified","127","대구","송해코스","0.54","0","0","0","0.54","false"
"4","unspecified","241","순천","(테마투어)생태투어","0.54","0","0","0","0.54","false"
"4","unspecified","81","연천","역사자연코스","0.5342857142857143","0","0","0","0.5342857142857143","false"
"4","unspecified","265","공주","여름코스","0.53","0","0","0","0.53","false"
"4","unspecified","96","양산","양산시 가을 시티투어 (역사문화코스)","0.5124758771929824","0","0","0","0.5124758771929824","false"
"4","unspecified","162","세종","세종관광명소B투어","0.5075000000000001","0","0","0","0.5075000000000001","false"
"4","unspecified","47","밀양","삼랑진권 투어","0.495","0","0","0","0.495","false"
"4","unspecified","144","안산","안산 시내권코스(토요일)","0.495","0","0","0","0.495","false"
"4","unspecified","258","양주","왕실축제","0.495","0","0","0","0.495","false"
"4","unspecified","108","부여","부여테마여행","0.4936842105263158","0","0","0","0.4936842105263158","false"
"4","unspecified","249","대전","광역투어(다섯째주, 토)","0.48875","0","0","0","0.48875","false"
"4","unspecified","222","아산","아산도심핫플코스","0.4866666666666667","0","0","0","0.4866666666666667","false"
"4","unspecified","175","춘천","월요일","0.48250000000000004","0","0","0","0.48250000000000004","false"
"4","unspecified","195","완주","완주힐링로드시티투어 2코스","0.4755555555555555","0.0011833521768564357","0","0.0011833521768564359","0.47673890773241195","false"
"4","unspecified","72","천안","토요일","0.47000000000000003","0","0","0","0.47000000000000003","false"
"4","unspecified","73","천안","목요일","0.47000000000000003","0","0","0","0.47000000000000003","false"
"4","unspecified","161","세종","천안연계투어","0.47000000000000003","0","0","0","0.47000000000000003","false"
"4","unspecified","86","평택","문화유산코스 /관광코스 ※무장애코스 월2회 정기운영(3~6월,9~11월)","0.4642307692307692","0","0","0","0.4642307692307692","false"
"4","unspecified","186","서천","동백코스(익산-군산 광역)","0.45333333333333337","0.0010159748764897634","0","0.0010159748764897634","0.4543493082098231","false"
"4","unspecified","225","대전","광역투어(둘째주, 일)","0.45333333333333337","0","0","0","0.45333333333333337","false"
"4","unspecified","252","안성","안성시티투어","0.45000000000000007","0.0004535782751339883","0","0.00045357827513398835","0.45045357827513405","false"
"4","unspecified","64","홍성","전통시장코스(홍성) 1,6일 운영","0.45000000000000007","0","0","0","0.45000000000000007","false"
"4","unspecified","237","화천","화천시티투어(평화누리호)","0.45000000000000007","0","0","0","0.45000000000000007","false"
"4","unspecified","203","양주","박물관투어","0.44857142857142857","0","0","0","0.44857142857142857","false"
"4","unspecified","167","태안","남부코스","0.445","0","0","0","0.445","false"
"4","unspecified","264","공주","가을코스","0.43500000000000005","0","0","0","0.43500000000000005","false"
"4","unspecified","43","화성","자연과 하루","0.4325","0","0","0","0.4325","false"
"4","unspecified","157","세종","행복투어A","0.43000000000000005","0","0","0","0.43000000000000005","false"
"4","unspecified","240","순천","(테마투어)성곽투어","0.43000000000000005","0","0","0","0.43000000000000005","false"
"4","unspecified","216","대전","역사문화(효월드)","0.42714285714285716","0","0","0","0.42714285714285716","false"
"4","unspecified","255","울산","장생포 대왕암 코스","0.42714285714285716","0","0","0","0.42714285714285716","false"
"4","unspecified","30","목포","목포랑시티투어","0.4241666666666667","0","0","0","0.4241666666666667","false"
"4","unspecified","190","영광","영광쉼,투어","0.42","0.0009933052415334854","0","0.0009933052415334854","0.42099330524153344","false"
"4","unspecified","243","나주","정기코스","0.42000000000000004","0.00029766105820526955","0","0.00029766105820526955","0.4202976610582053","false"
"4","unspecified","163","세종","세종관광명소A투어","0.42000000000000004","0","0","0","0.42000000000000004","false"
"4","unspecified","214","대전","힐링(만인산)","0.42000000000000004","0","0","0","0.42000000000000004","false"
"4","unspecified","238","순천","(테마투어)산사투어","0.42000000000000004","0","0","0","0.42000000000000004","false"
"4","unspecified","253","대전","언택트세이프?","0.42000000000000004","0","0","0","0.42000000000000004","false"
"4","unspecified","9","대구","테마-전통5일장-군위전통시장","0.42","0","0","0","0.42","false"
"4","unspecified","145","안산","안산 시내권코스(목요일)","0.42","0","0","0","0.42","false"
"4","unspecified","224","대전","광역투어(셋째주, 토)","0.41285714285714287","0","0","0","0.41285714285714287","false"
"4","unspecified","189","서천","보랏빛코스","0.4057142857142857","0.0010159748764897634","0","0.0010159748764897634","0.40673026059077544","false"
"4","unspecified","197","평창","북부권 코스","0.40125","0","0","0","0.40125","false"
"4","unspecified","17","해남","해남시티투어","0.4","0.0007789385543238007","0","0.0007789385543238008","0.40077893855432384","false"
"4","unspecified","40","화성","모두와 하루(무장애 여행)","0.4","0","0","0","0.4","false"
"4","unspecified","58","익산","순환형2","0.395","0","0","0","0.395","false"
"4","unspecified","59","익산","순환형1","0.395","0","0","0","0.395","false"
"4","unspecified","204","양주","역사투어","0.395","0","0","0","0.395","false"
"4","unspecified","187","서천","금빛코스","0.39142857142857146","0.0010159748764897634","0","0.0010159748764897634","0.3924445463050612","false"
"4","unspecified","123","시흥","테마형 정기코스","0.39","0","0","0","0.39","false"
"4","unspecified","124","시흥","순환형 2층버스","0.39","0","0","0","0.39","false"
"4","unspecified","48","밀양","영남알프스권 투어 1","0.38250000000000006","0","0","0","0.38250000000000006","false"
"4","unspecified","193","완주","완주힐링로드 시티투어(코레일연계 익산역)","0.37909090909090915","0.0011833521768564357","0","0.0011833521768564359","0.3802742612677656","false"
"4","unspecified","155","세종","정원투어","0.38","0","0","0","0.38","false"
"4","unspecified","217","대전","대덕특구탐방","0.38","0","0","0","0.38","false"
"4","unspecified","221","아산","休캉스 코스","0.38","0","0","0","0.38","false"
"4","unspecified","245","아산","역사기행 코스","0.38","0","0","0","0.38","false"
"4","unspecified","51","사천","오감체험투어","0.3783333333333333","0.0006650810006554906","0","0.0006650810006554907","0.3789984143339888","false"
"4","unspecified","107","예산","예산군 버스투어","0.3783333333333333","0","0","0","0.3783333333333333","false"
"4","unspecified","272","서울","EG투어버스 E코스","0.3783333333333333","0","0","0","0.3783333333333333","false"
"4","unspecified","266","공주","봄코스","0.37357142857142855","0","0","0","0.37357142857142855","false"
"4","unspecified","117","파주","2026 파주시티투어 당일코스(토요일)","0.37","0","0","0","0.37","false"
"4","unspecified","257","양주","천일홍축제","0.37","0","0","0","0.37","false"
"4","unspecified","109","부여","롯데리조트부여와 함께하는 부여 감성야행","0.3616666666666667","0","0","0","0.3616666666666667","false"
"4","unspecified","67","홍성","역사·문화 코스","0.35333333333333333","0","0","0","0.35333333333333333","false"
"4","unspecified","97","양산","2025 6월 시티투어","0.35333333333333333","0","0","0","0.35333333333333333","false"
"4","unspecified","158","세종","역사문화투어","0.35333333333333333","0","0","0","0.35333333333333333","false"
"4","unspecified","172","춘천","목요일","0.35333333333333333","0","0","0","0.35333333333333333","false"
"4","unspecified","248","대전","광역투어(다섯째주, 일)","0.35125000000000006","0","0","0","0.35125000000000006","false"
"4","unspecified","194","완주","완주힐링로드 시티투어(서울권역)","0.3491666666666667","0.0011833521768564357","0","0.0011833521768564359","0.3503500188435231","false"
"4","unspecified","18","광양","광양역사코스","0.34777777777777774","0.0006145822240589997","0","0.0006145822240589998","0.34839236000183677","false"
"4","unspecified","19","광양","광양힐링코스","0.34777777777777774","0.0006145822240589997","0","0.0006145822240589998","0.34839236000183677","false"
"4","unspecified","205","양주","기본코스","0.34777777777777774","0","0","0","0.34777777777777774","false"
"4","unspecified","65","홍성","전통시장코스(광천) 4,9일 운영","0.345","0","0","0","0.345","false"
"4","unspecified","274","서울","EG투어버스 C코스","0.345","0","0","0","0.345","false"
"4","unspecified","196","완주","완주힐링로드시티투어 1코스","0.3392307692307693","0.0011833521768564357","0","0.0011833521768564359","0.3404141214076257","false"
"4","unspecified","247","대전","언택트세이프(A)","0.34","0","0","0","0.34","false"
"4","unspecified","270","서울","EG투어버스 G코스","0.34","0","0","0","0.34","false"
"4","unspecified","121","파주","2026 파주시티투어 당일코스(화요일)","0.33666666666666667","0","0","0","0.33666666666666667","false"
"4","unspecified","115","파주","2026 파주시티투어 1박2일코스(토요일~일요일)","0.32833333333333337","0","0","0","0.32833333333333337","false"
"4","unspecified","233","서천","광역코스","0.3271428571428571","0.0010159748764897634","0","0.0010159748764897634","0.32815883201934687","false"
"4","unspecified","234","서천","힐링코스","0.3271428571428571","0.0010159748764897634","0","0.0010159748764897634","0.32815883201934687","false"
"4","unspecified","128","대구","현풍코스","0.3271428571428572","0","0","0","0.3271428571428572","false"
"4","unspecified","142","제천","시티투어","0.32000000000000006","0","0","0","0.32000000000000006","false"
"4","unspecified","89","청주","청주시티투어_정기투어_트레킹 투어(토)","0.32","0","0","0","0.32","false"
"4","unspecified","201","양주","자연친화코스1","0.32","0","0","0","0.32","false"
"4","unspecified","169","춘천","일요일","0.31500000000000006","0","0","0","0.31500000000000006","false"
"4","unspecified","170","춘천","토요일","0.31500000000000006","0","0","0","0.31500000000000006","false"
"4","unspecified","104","안동","하회마을테마","0.3109090909090909","0","0","0","0.3109090909090909","false"
"4","unspecified","102","안동","봉정사&만휴정테마","0.3063636363636364","0","0","0","0.3063636363636364","false"
"4","unspecified","68","서산","C코스","0.3057142857142857","0","0","0","0.3057142857142857","false"
"4","unspecified","202","양주","서울우유견학코스","0.3057142857142857","0","0","0","0.3057142857142857","false"
"4","unspecified","66","홍성","남당항 코스","0.30333333333333334","0","0","0","0.30333333333333334","false"
"4","unspecified","94","여주","시티투어","0.3018181818181818","0.000870061662443525","0","0.000870061662443525","0.30268824348062534","false"
"4","unspecified","199","완도","해양치유시티투어","0.30214285714285716","0.00004026445049820401","0","0.00004026445049820401","0.30218312159335536","false"
"4","unspecified","69","서산","B코스","0.2985714285714286","0","0","0","0.2985714285714286","false"
"4","unspecified","153","세종","행복투어B","0.2866666666666667","0","0","0","0.2866666666666667","false"
"4","unspecified","242","순천","(기획투어)나이트가든투어","0.2866666666666667","0","0","0","0.2866666666666667","false"
"4","unspecified","90","청주","청주시티투어_정기투어_힐링로드 투어(토)","0.28428571428571425","0","0","0","0.28428571428571425","false"
"4","unspecified","256","울산","태화강 국가정원 코스","0.2838888888888889","0","0","0","0.2838888888888889","false"
"4","unspecified","174","춘천","화요일","0.28250000000000003","0","0","0","0.28250000000000003","false"
"4","unspecified","143","동해","관광문화코스","0.2783333333333333","0","0","0","0.2783333333333333","false"
"4","unspecified","139","군산","(익산역 출발) 고군산시간여행코스","0.27","0","0","0","0.27","false"
"4","unspecified","176","창원","창원시티투어","0.26999999999999996","0","0","0","0.26999999999999996","false"
"4","unspecified","53","사천","바다투어","0.26285714285714284","0.0006650810006554906","0","0.0006650810006554907","0.26352222385779833","false"
"4","unspecified","137","임실","명소탐방 임실 시티투어","0.26","0","0","0","0.26","false"
"4","unspecified","192","삼척","종일코스","0.26","0","0","0","0.26","false"
"4","unspecified","277","서울","EG투어버스 J코스","0.25","0","0","0","0.25","false"
"4","unspecified","279","서울","EG투어버스 H코스","0.25","0","0","0","0.25","false"
"4","unspecified","22","여수","2층야간코스","0.24857142857142853","0","0","0","0.24857142857142853","false"
"4","unspecified","250","대전","광역투어(넷재주, 일)","0.24857142857142853","0","0","0","0.24857142857142853","false"
"4","unspecified","3","부산","오렌지라인","0.24692307692307694","0","0","0","0.24692307692307694","false"
"4","unspecified","34","화성","테마와 하루(농어촌 체험)","0.245","0","0","0","0.245","false"
"4","unspecified","35","화성","소소한 하루","0.245","0","0","0","0.245","false"
"4","unspecified","25","여수","이순신문화유적코스","0.2422222222222222","0","0","0","0.2422222222222222","false"
"4","unspecified","56","영주","선비 코스","0.23500000000000001","0","0","0","0.23500000000000001","false"
"4","unspecified","103","안동","도산서원&예끼마을테마","0.23500000000000001","0","0","0","0.23500000000000001","false"
"4","unspecified","212","대전","야경","0.23249999999999998","0","0","0","0.23249999999999998","false"
"4","unspecified","50","사천","우주항공산업투어","0.23111111111111107","0.0006650810006554906","0","0.0006650810006554907","0.23177619211176656","false"
"4","unspecified","5","부산","레드라인","0.23172823886639676","0","0","0","0.23172823886639676","false"
"4","unspecified","38","화성","바다와 하루","0.23","0","0","0","0.23","false"
"4","unspecified","239","순천","(테마투어)세계유산투어","0.23","0","0","0","0.23","false"
"4","unspecified","268","서울","EG투어버스 B코스","0.23","0","0","0","0.23","false"
"4","unspecified","52","사천","이순신승전길투어","0.22624999999999998","0.0006650810006554906","0","0.0006650810006554907","0.22691508100065547","false"
"4","unspecified","78","원주","원주시티투어(순환형)","0.22333333333333333","0","0","0","0.22333333333333333","false"
"4","unspecified","154","세종","야경투어","0.22","0","0","0","0.22","false"
"4","unspecified","168","태안","북부코스","0.22","0","0","0","0.22","false"
"4","unspecified","244","아산","예술맛집 코스","0.22","0","0","0","0.22","false"
"4","unspecified","106","안동","주간도심테마","0.21999999999999997","0","0","0","0.21999999999999997","false"
"4","unspecified","232","서천","전라권코스","0.21166666666666664","0.0010159748764897634","0","0.0010159748764897634","0.21268264154315641","false"
"4","unspecified","98","양산","봄꽃체험코스","0.21","0","0","0","0.21","false"
"4","unspecified","230","대전","남부코스","0.21","0","0","0","0.21","false"
"4","unspecified","39","화성","열차와 하루","0.2033333333333333","0","0","0","0.2033333333333333","false"
"4","unspecified","8","대구","테마(야경 4~10월)","0.2","0","0","0","0.2","false"
"4","unspecified","54","사천","별빛투어","0.19727272727272727","0.0006650810006554906","0","0.0006650810006554907","0.19793780827338275","false"
"4","unspecified","99","봉화","송이축제 문화유적탐방버스","0.19","0.001637535935315156","0","0.001637535935315156","0.19163753593531516","false"
"4","unspecified","100","봉화","은어축제 문화유적탐방버스","0.19","0.001637535935315156","0","0.001637535935315156","0.19163753593531516","false"
"4","unspecified","213","대전","힐링(장태산)","0.19","0","0","0","0.19","false"
"4","unspecified","269","서울","EG투어버스 A코스","0.19","0","0","0","0.19","false"
"4","unspecified","208","양구","방산나들이코스","0.18666666666666665","0","0","0","0.18666666666666665","false"
"4","unspecified","226","대전","광역투어(둘째주, 토)","0.18666666666666665","0","0","0","0.18666666666666665","false"
"4","unspecified","62","익산","익산숨은보석찾기코스","0.18428571428571425","0","0","0","0.18428571428571425","false"
"4","unspecified","218","대전","생태교육","0.18","0","0","0","0.18","false"
"4","unspecified","278","서울","EG투어버스 I코스","0.18","0","0","0","0.18","false"
"4","unspecified","79","연천","연천명소코스","0.17833333333333332","0","0","0","0.17833333333333332","false"
"4","unspecified","95","양산","양산시 가을 시티투어 (자연관광코스)","0.17833333333333332","0","0","0","0.17833333333333332","false"
"4","unspecified","113","가평","가평순환버스B코스","0.17833333333333332","0","0","0","0.17833333333333332","false"
"4","unspecified","207","양구","힐링산책코스","0.17833333333333332","0","0","0","0.17833333333333332","false"
"4","unspecified","70","서산","A코스","0.16999999999999998","0","0","0","0.16999999999999998","false"
"4","unspecified","260","서천","문화코스","0.1633333333333333","0.0010159748764897634","0","0.0010159748764897634","0.16434930820982308","false"
"4","unspecified","77","태백","황지자유시장 코스","0.16374999999999998","0.0005522224775517127","0","0.0005522224775517127","0.1643022224775517","false"
"4","unspecified","210","곡성","읍권 순환버스","0.16374999999999998","0","0","0","0.16374999999999998","false"
"4","unspecified","0","부산","동부산테마노선","0.16285714285714284","0","0","0","0.16285714285714284","false"
"4","unspecified","26","여수","다크투어리즘코스","0.16285714285714284","0","0","0","0.16285714285714284","false"
"4","unspecified","140","군산","고군산시간여행코스","0.16285714285714284","0","0","0","0.16285714285714284","false"
"4","unspecified","63","홍성","죽도코스","0.16166666666666665","0","0","0","0.16166666666666665","false"
"4","unspecified","80","연천","안보자연코스","0.16166666666666665","0","0","0","0.16166666666666665","false"
"4","unspecified","206","양구","해안DMZ트래킹 코스","0.16166666666666665","0","0","0","0.16166666666666665","false"
"4","unspecified","220","아산","인생네컷 코스","0.16166666666666665","0","0","0","0.16166666666666665","false"
"4","unspecified","147","안산","대부도 해변코스(일반형 2코스)","0.15333333333333332","0","0","0","0.15333333333333332","false"
"4","unspecified","148","안산","대부도 해변코스(일반형 1코스)","0.15333333333333332","0","0","0","0.15333333333333332","false"
"4","unspecified","215","대전","역사문화(동춘당)","0.15333333333333332","0","0","0","0.15333333333333332","false"
"4","unspecified","110","정선","아리랑열차 연계형 시티투어2","0.15","0.0009478229853815733","0","0.0009478229853815734","0.15094782298538156","false"
"4","unspecified","111","정선","아리랑열차 연계형 시티투어 1","0.15","0.0009478229853815733","0","0.0009478229853815734","0.15094782298538156","false"
"4","unspecified","87","의정부","의정부포레스트:오감이 깨어나는 숲 속 여행","0.15","0","0","0","0.15","false"
"4","unspecified","136","인천","인천레트로노선","0.15","0","0","0","0.15","false"
"4","unspecified","182","포항","퐝순환코스","0.15","0","0","0","0.15","false"
"4","unspecified","76","태백","통리장 코스","0.145","0.0005522224775517127","0","0.0005522224775517127","0.1455522224775517","false"
"4","unspecified","91","청주","청주시티투어_정기투어_초정힐링 투어(토)","0.145","0","0","0","0.145","false"
"4","unspecified","251","대전","광역투어(넷재주, 토)","0.145","0","0","0","0.145","false"
"4","unspecified","27","여수","제2코스","0.14307692307692307","0","0","0","0.14307692307692307","false"
"4","unspecified","20","광양","야경코스","0.13874999999999998","0.0006145822240589997","0","0.0006145822240589998","0.13936458222405898","false"
"4","unspecified","1","부산","서부산생태투어","0.13874999999999998","0","0","0","0.13874999999999998","false"
"4","unspecified","24","여수","야경코스","0.13428571428571426","0","0","0","0.13428571428571426","false"
"4","unspecified","105","안동","야간도심테마","0.13428571428571426","0","0","0","0.13428571428571426","false"
"4","unspecified","92","청주","청주시티투어_정기투어_청남대 투어(수토일)","0.1311111111111111","0","0","0","0.1311111111111111","false"
"4","unspecified","171","춘천","금요일","0.12625","0","0","0","0.12625","false"
"4","unspecified","191","평창","남부권 코스","0.12625","0","0","0","0.12625","false"
"4","unspecified","151","안산","대부도 뱃길코스(일반형 2코스)","0.12555555555555556","0","0","0","0.12555555555555556","false"
"4","unspecified","49","밀양","시내권 투어 1","0.12000000000000001","0","0","0","0.12000000000000001","false"
"4","unspecified","228","대전","광역투어(첫주, 토)","0.12000000000000001","0","0","0","0.12000000000000001","false"
"4","unspecified","57","영주","물돌이 코스","0.115","0","0","0","0.115","false"
"4","unspecified","114","가평","가평순환버스A코스","0.11444444444444445","0","0","0","0.11444444444444445","false"
"4","unspecified","152","안산","대부도 뱃길코스(일반형 1코스)","0.10888888888888888","0","0","0","0.10888888888888888","false"
"4","unspecified","23","여수","2층주간코스","0.10500000000000001","0","0","0","0.10500000000000001","false"
"4","unspecified","21","여수","야간테마코스(시간을달리는버스커)","0.09272727272727273","0","0","0","0.09272727272727273","false"
"4","unspecified","4","부산","그린라인","0.08923076923076924","0","0","0","0.08923076923076924","false"
"4","unspecified","71","천안","일요일","0.0825","0","0","0","0.0825","false"
"4","unspecified","200","진도","진도시티투어","0.06642857142857143","0","0","0","0.06642857142857143","false"
"4","unspecified","41","화성","역사와 하루2","0.06","0","0","0","0.06","false"
"4","unspecified","101","청도","시티투어","0.06","0","0","0","0.06","false"
"4","unspecified","32","화성","테마와 하루(문화예술 체험)","0.05333333333333333","0","0","0","0.05333333333333333","false"
"4","unspecified","275","서울","EG투어버스 L코스","0.05333333333333333","0","0","0","0.05333333333333333","false"
"4","unspecified","33","화성","테마와 하루(목장 체험)","0.05","0","0","0","0.05","false"
"4","unspecified","146","안산","대부도 해변코스(체험형 1코스)","0.05","0","0","0","0.05","false"
"4","unspecified","28","여수","제1코스","0.04857142857142857","0","0","0","0.04857142857142857","false"
"4","unspecified","85","이천","농촌체험코스(남부)","0.045","0.00005899065874476528","0","0.00005899065874476529","0.04505899065874476","false"
"4","unspecified","149","안산","대부도 뱃길코스(체험형 2코스)","0.045","0","0","0","0.045","false"
"4","unspecified","150","안산","대부도 뱃길코스(체험형 1코스)","0.045","0","0","0","0.045","false"
"4","unspecified","6","제주","야간코스(7월말~8월말 운영)","0.041428571428571426","0","0","0","0.041428571428571426","false"
"4","unspecified","84","이천","농촌체험코스(중부)","0.04000000000000001","0.00005899065874476528","0","0.00005899065874476529","0.04005899065874477","false"
"4","unspecified","209","곡성","압록권역 순환버스","0.04000000000000001","0","0","0","0.04000000000000001","false"
"4","unspecified","276","서울","EG투어버스 K 코스","0.04000000000000001","0","0","0","0.04000000000000001","false"
"4","unspecified","83","이천","농촌체험코스(북부)","0.03666666666666667","0.00005899065874476528","0","0.00005899065874476529","0.03672565732541143","false"
"4","unspecified","45","화성","테마와 하루(지역축제 체험)","0.03666666666666667","0","0","0","0.03666666666666667","false"
"4","unspecified","82","이천","승마체험코스","0.0325","0.00005899065874476528","0","0.00005899065874476529","0.03255899065874476","false"
"4","unspecified","31","화성","테마와 하루(해양생태 체험)","0.030000000000000002","0","0","0","0.030000000000000002","false"
"4","unspecified","246","대전","언택트세이프(B)","0.030000000000000002","0","0","0","0.030000000000000002","false"
"4","unspecified","271","서울","EG투어버스 F코스","0.030000000000000002","0","0","0","0.030000000000000002","false"
"4","unspecified","93","여주","꽃섬투어","0.025555555555555557","0.000870061662443525","0","0.000870061662443525","0.026425617217999083","false"
"4","unspecified","75","충주","충주시티투어","0.02","0.00013894468582389518","0","0.00013894468582389518","0.020138944685823897","false"
"4","unspecified","2","부산","야경투어","0.02","0","0","0","0.02","false"
"4","unspecified","29","목포","별빛물결시티투어","0.02","0","0","0","0.02","false"
"4","unspecified","118","파주","2026 파주시티투어 당일코스(금요일)","0.02","0","0","0","0.02","false"
"4","unspecified","164","화순","화순적벽 버스투어(적벽 셔틀버스)","0.02","0","0","0","0.02","false"
"4","unspecified","165","화순","화순적벽 버스투어(적벽투어)","0.02","0","0","0","0.02","false"
"4","unspecified","211","대전","가족여행","0.02","0","0","0","0.02","false"
"4","unspecified","219","대전","다크투어","0.02","0","0","0","0.02","false"
"4","unspecified","273","서울","EG투어버스 D코스","0.02","0","0","0","0.02","false"
"4","unspecified","16","대구","테마(야경 11~3월)","0","0","0","0","0","false"
"4","unspecified","36","화성","별과 하루","0","0","0","0","0","false"
"4","unspecified","37","화성","노을과 하루","0","0","0","0","0","false"
"4","unspecified","44","화성","섬과 하루","0","0","0","0","0","false"
"4","unspecified","55","영주","특별운영","0","0","0","0","0","false"
"4","unspecified","60","익산","맞춤형코스","0","0","0","0","0","false"
"4","unspecified","88","청주","청주시티투어_수시투어","0","0","0","0","0","false"
"4","unspecified","125","부천","정규코스. 특별코스","0","0","0","0","0","false"
"4","unspecified","132","인천","선재영흥투어","0","0","0","0","0","false"
"4","unspecified","134","인천","무의도투어","0","0","0","0","0","false"
"4","unspecified","141","제천","제천관광택시","0","0","0","0","0","false"
"4","unspecified","198","공주","축제코스","0","0","0","0","0","false"
"4","unspecified","231","태안","북부코스남부코스","0","0","0","0","0","false"
"4","unspecified","259","단양","단양군시티투어","0","0","0","0","0","false"
"4","unspecified","261","부여","백제문화단지-부소산성-궁남지-정림사지-백제문화단지","0","0","0","0","0","false"
"5","male","10","대구","테마-전통5일장-현풍백년도깨비시장","2","0","0","0","2","true"
"5","male","7","제주","순환형코스","1.9500000000000002","0","0","0","1.9500000000000002","true"
"5","male","122","시흥","테마형 수시코스","1.85","0","0.0001327925745534798","0.0001327925745534798","1.8501327925745537","true"
"5","male","14","대구","테마-방방곡곡(팔공산)","1.8","0","0","0","1.8","false"
"5","male","112","정선","와와정선 2층 투어버스","1.2000000000000002","0.0005495094021990041","0","0.0005495094021990042","1.2005495094021992","true"
"5","male","156","세종","역사산책투어","1.17","0","0","0","1.17","true"
"5","male","15","대구","도심순환코스(12개 정류장)","1","0","0","0","1","false"
"5","male","129","인천","노을야경투어","1","0","0","0","1","false"
"5","male","131","인천","교동도투어","1","0","0","0","1","false"
"5","male","135","인천","바다노선","1","0","0","0","1","false"
"5","male","183","포항","퐝랜드마크B코스","1","0","0","0","1","false"
"5","male","130","인천","석모도투어","0.95","0","0","0","0.95","false"
"5","male","184","포항","퐝랜드마크A코스","0.95","0","0","0","0.95","false"
"5","male","185","포항","씨(SEA)하게 보는 포항코스","0.95","0","0","0","0.95","false"
"5","male","159","세종","봄꽃파닭B투어","0.9366666666666666","0","0","0","0.9366666666666666","false"
"5","male","160","세종","봄꽃파닭A투어","0.9366666666666666","0","0","0","0.9366666666666666","false"
"5","male","120","파주","2026 파주시티투어 당일코스(수요일)","0.8866666666666667","0","0","0","0.8866666666666667","false"
"5","male","181","김해","김해에반해","0.8771428571428572","0","0.000042864459740554696","0.000042864459740554696","0.8771857216025978","false"
"5","male","179","김해","역사에반해","0.8533333333333334","0","0.000042864459740554696","0.000042864459740554696","0.8533761977930739","false"
"5","male","133","인천","청라투어","0.85","0","0","0","0.85","false"
"5","male","267","공주","반일코스","0.8300000000000001","0","0","0","0.8300000000000001","false"
"5","male","11","대구","테마-방방곡곡(사시사철)","0.8","0","0","0","0.8","false"
"5","male","12","대구","테마-방방곡곡(군위군 돋보기)","0.8","0","0","0","0.8","false"
"5","male","13","대구","테마-방방곡곡(낙동강)","0.8","0","0","0","0.8","false"
"5","male","229","대전","대청호코스","0.8","0","0","0","0.8","false"
"5","male","180","김해","자연에반해","0.77","0","0.000042864459740554696","0.000042864459740554696","0.7700428644597406","false"
"5","male","74","천안","화요일","0.7325","0","0","0","0.7325","false"
"5","male","262","공주","봄·여름·가을 코스","0.7033333333333334","0","0","0","0.7033333333333334","false"
"5","male","138","군산","(박물관 출발) 고군산코스","0.6866666666666666","0","0.00004344812146239216","0.00004344812146239216","0.686710114788129","false"
"5","male","173","춘천","수요일","0.6866666666666666","0","0","0","0.6866666666666666","false"
"5","male","166","태안","광역코스","0.67","0","0","0","0.67","false"
"5","male","178","김해","문화에반해","0.6599999999999999","0","0.000042864459740554696","0.000042864459740554696","0.6600428644597405","false"
"5","male","235","홍천","홍천시티투어","0.6533333333333333","0","0","0","0.6533333333333333","false"
"5","male","188","서천","푸른빛코스","0.645","0.0010154623350057802","0","0.0010154623350057805","0.6460154623350058","false"
"5","male","227","대전","광역투어(첫주, 일)","0.6387499999999999","0","0","0","0.6387499999999999","false"
"5","male","46","합천","합천광역시티투어 누비고","0.6366666666666667","0","0","0","0.6366666666666667","false"
"5","male","42","화성","역사와 하루1","0.63","0","0.00011338305027020722","0.00011338305027020722","0.6301133830502702","false"
"5","male","61","익산","세계유산코스","0.62","0","0","0","0.62","false"
"5","male","116","파주","2026 파주시티투어 당일코스(일요일)","0.62","0","0","0","0.62","false"
"5","male","119","파주","2026 파주시티투어 당일코스(목요일)","0.62","0","0","0","0.62","false"
"5","male","223","대전","광역투어(셋째주, 일)","0.5985714285714285","0","0","0","0.5985714285714285","false"
"5","male","263","공주","가을코스2","0.5755555555555556","0","0","0","0.5755555555555556","false"
"5","male","236","화천","화천시티투어(백암산케이블카)","0.5700000000000001","0","0.0003829599623132855","0.0003829599623132855","0.5703829599623134","false"
"5","male","254","경산","소원성취코스,삼성현명품투어코스","0.5628571428571428","0","0","0","0.5628571428571428","false"
"5","male","126","대구","도동코스","0.5575","0","0","0","0.5575","false"
"5","male","177","경기광주","광주시티투어","0.5569415584415585","0","0","0","0.5569415584415585","false"
"5","male","127","대구","송해코스","0.54","0","0","0","0.54","false"
"5","male","241","순천","(테마투어)생태투어","0.54","0","0","0","0.54","false"
"5","male","81","연천","역사자연코스","0.5342857142857143","0.0001335012405695749","0.00020103247267750098","0.0003345337132470759","0.5346202479989614","false"
"5","male","265","공주","여름코스","0.53","0","0","0","0.53","false"
"5","male","96","양산","양산시 가을 시티투어 (역사문화코스)","0.5129484848484848","0.0001335012405695749","0","0.00013350124056957496","0.5130819860890543","false"
"5","male","162","세종","세종관광명소B투어","0.5075000000000001","0","0","0","0.5075000000000001","false"
"5","male","258","양주","왕실축제","0.495","0","0.000014148710928409726","0.000014148710928409726","0.4950141487109284","false"
"5","male","47","밀양","삼랑진권 투어","0.495","0","0","0","0.495","false"
"5","male","144","안산","안산 시내권코스(토요일)","0.495","0","0","0","0.495","false"
"5","male","108","부여","부여테마여행","0.4936842105263158","0","0","0","0.4936842105263158","false"
"5","male","249","대전","광역투어(다섯째주, 토)","0.48875","0","0","0","0.48875","false"
"5","male","222","아산","아산도심핫플코스","0.4866666666666667","0","0.000033513003904574515","0.000033513003904574515","0.4867001796705713","false"
"5","male","175","춘천","월요일","0.48250000000000004","0","0","0","0.48250000000000004","false"
"5","male","195","완주","완주힐링로드시티투어 2코스","0.4755555555555555","0.00015088291151526444","0","0.00015088291151526444","0.4757064384670708","false"
"5","male","72","천안","토요일","0.47000000000000003","0","0","0","0.47000000000000003","false"
"5","male","73","천안","목요일","0.47000000000000003","0","0","0","0.47000000000000003","false"
"5","male","161","세종","천안연계투어","0.47000000000000003","0","0","0","0.47000000000000003","false"
"5","male","86","평택","문화유산코스 /관광코스 ※무장애코스 월2회 정기운영(3~6월,9~11월)","0.4642307692307692","0","0.000212188490239465","0.000212188490239465","0.4644429577210087","false"
"5","male","186","서천","동백코스(익산-군산 광역)","0.45333333333333337","0.0010154623350057802","0","0.0010154623350057805","0.45434879566833913","false"
"5","male","225","대전","광역투어(둘째주, 일)","0.45333333333333337","0","0","0","0.45333333333333337","false"
"5","male","237","화천","화천시티투어(평화누리호)","0.45000000000000007","0","0.0003829599623132855","0.0003829599623132855","0.45038295996231337","false"
"5","male","252","안성","안성시티투어","0.45000000000000007","0","0.00018142602289238774","0.00018142602289238774","0.45018142602289246","false"
"5","male","64","홍성","전통시장코스(홍성) 1,6일 운영","0.45000000000000007","0","0","0","0.45000000000000007","false"
"5","male","203","양주","박물관투어","0.44857142857142857","0","0.000014148710928409726","0.000014148710928409726","0.448585577282357","false"
"5","male","167","태안","남부코스","0.445","0","0","0","0.445","false"
"5","male","264","공주","가을코스","0.43500000000000005","0","0","0","0.43500000000000005","false"
"5","male","43","화성","자연과 하루","0.4325","0","0.00011338305027020722","0.00011338305027020722","0.4326133830502702","false"
"5","male","157","세종","행복투어A","0.43000000000000005","0","0","0","0.43000000000000005","false"
"5","male","240","순천","(테마투어)성곽투어","0.43000000000000005","0","0","0","0.43000000000000005","false"
"5","male","216","대전","역사문화(효월드)","0.42714285714285716","0","0","0","0.42714285714285716","false"
"5","male","255","울산","장생포 대왕암 코스","0.42714285714285716","0","0","0","0.42714285714285716","false"
"5","male","30","목포","목포랑시티투어","0.4241666666666667","0","0","0","0.4241666666666667","false"
"5","male","190","영광","영광쉼,투어","0.42","0.0008843677523912795","0.00005510156488704973","0.0009394693172783293","0.4209394693172783","false"
"5","male","163","세종","세종관광명소A투어","0.42000000000000004","0","0","0","0.42000000000000004","false"
"5","male","214","대전","힐링(만인산)","0.42000000000000004","0","0","0","0.42000000000000004","false"
"5","male","238","순천","(테마투어)산사투어","0.42000000000000004","0","0","0","0.42000000000000004","false"
"5","male","243","나주","정기코스","0.42000000000000004","0","0","0","0.42000000000000004","false"
"5","male","253","대전","언택트세이프?","0.42000000000000004","0","0","0","0.42000000000000004","false"
"5","male","9","대구","테마-전통5일장-군위전통시장","0.42","0","0","0","0.42","false"
"5","male","145","안산","안산 시내권코스(목요일)","0.42","0","0","0","0.42","false"
"5","male","224","대전","광역투어(셋째주, 토)","0.41285714285714287","0","0","0","0.41285714285714287","false"
"5","male","189","서천","보랏빛코스","0.4057142857142857","0.0010154623350057802","0","0.0010154623350057805","0.40672974804929146","false"
"5","male","197","평창","북부권 코스","0.40179545454545457","0","0","0","0.40179545454545457","false"
"5","male","17","해남","해남시티투어","0.4","0.0005610508431224861","0.00001708938585871869","0.0005781402289812049","0.40057814022898125","false"
"5","male","40","화성","모두와 하루(무장애 여행)","0.4","0","0.00011338305027020722","0.00011338305027020722","0.4001133830502702","false"
"5","male","204","양주","역사투어","0.395","0","0.000014148710928409726","0.000014148710928409726","0.39501414871092844","false"
"5","male","58","익산","순환형2","0.395","0","0","0","0.395","false"
"5","male","59","익산","순환형1","0.395","0","0","0","0.395","false"
"5","male","187","서천","금빛코스","0.39142857142857146","0.0010154623350057802","0","0.0010154623350057805","0.3924440337635772","false"
"5","male","123","시흥","테마형 정기코스","0.39","0","0.0001327925745534798","0.0001327925745534798","0.39013279257455347","false"
"5","male","124","시흥","순환형 2층버스","0.39","0","0.0001327925745534798","0.0001327925745534798","0.39013279257455347","false"
"5","male","48","밀양","영남알프스권 투어 1","0.38250000000000006","0","0","0","0.38250000000000006","false"
"5","male","221","아산","休캉스 코스","0.38","0","0.000033513003904574515","0.000033513003904574515","0.3800335130039046","false"
"5","male","245","아산","역사기행 코스","0.38","0","0.000033513003904574515","0.000033513003904574515","0.3800335130039046","false"
"5","male","155","세종","정원투어","0.38","0","0","0","0.38","false"
"5","male","217","대전","대덕특구탐방","0.38","0","0","0","0.38","false"
"5","male","193","완주","완주힐링로드 시티투어(코레일연계 익산역)","0.37909090909090915","0.00015088291151526444","0","0.00015088291151526444","0.3792417920024244","false"
"5","male","51","사천","오감체험투어","0.3783333333333333","0.00007790926990607404","0","0.00007790926990607404","0.3784112426032394","false"
"5","male","107","예산","예산군 버스투어","0.3783333333333333","0","0","0","0.3783333333333333","false"
"5","male","272","서울","EG투어버스 E코스","0.3783333333333333","0","0","0","0.3783333333333333","false"
"5","male","266","공주","봄코스","0.37357142857142855","0","0","0","0.37357142857142855","false"
"5","male","257","양주","천일홍축제","0.37","0","0.000014148710928409726","0.000014148710928409726","0.3700141487109284","false"
"5","male","117","파주","2026 파주시티투어 당일코스(토요일)","0.37","0","0","0","0.37","false"
"5","male","109","부여","롯데리조트부여와 함께하는 부여 감성야행","0.3616666666666667","0","0","0","0.3616666666666667","false"
"5","male","97","양산","2025 6월 시티투어","0.35333333333333333","0.0001335012405695749","0","0.0001335012405695749","0.35346683457390293","false"
"5","male","67","홍성","역사·문화 코스","0.35333333333333333","0","0","0","0.35333333333333333","false"
"5","male","158","세종","역사문화투어","0.35333333333333333","0","0","0","0.35333333333333333","false"
"5","male","172","춘천","목요일","0.35333333333333333","0","0","0","0.35333333333333333","false"
"5","male","248","대전","광역투어(다섯째주, 일)","0.35125000000000006","0","0","0","0.35125000000000006","false"
"5","male","194","완주","완주힐링로드 시티투어(서울권역)","0.3491666666666667","0.00015088291151526444","0","0.00015088291151526444","0.34931754957818195","false"
"5","male","18","광양","광양역사코스","0.34777777777777774","0","0.00008464853243011739","0.00008464853243011739","0.34786242631020786","false"
"5","male","19","광양","광양힐링코스","0.34777777777777774","0","0.00008464853243011739","0.00008464853243011739","0.34786242631020786","false"
"5","male","205","양주","기본코스","0.34777777777777774","0","0.000014148710928409726","0.000014148710928409726","0.34779192648870616","false"
"5","male","65","홍성","전통시장코스(광천) 4,9일 운영","0.345","0","0","0","0.345","false"
"5","male","274","서울","EG투어버스 C코스","0.345","0","0","0","0.345","false"
"5","male","247","대전","언택트세이프(A)","0.34","0","0","0","0.34","false"
"5","male","270","서울","EG투어버스 G코스","0.34","0","0","0","0.34","false"
"5","male","196","완주","완주힐링로드시티투어 1코스","0.3392307692307693","0.00015088291151526444","0","0.00015088291151526444","0.33938165214228455","false"
"5","male","121","파주","2026 파주시티투어 당일코스(화요일)","0.33666666666666667","0","0","0","0.33666666666666667","false"
"5","male","115","파주","2026 파주시티투어 1박2일코스(토요일~일요일)","0.32833333333333337","0","0","0","0.32833333333333337","false"
"5","male","233","서천","광역코스","0.3271428571428571","0.0010154623350057802","0","0.0010154623350057805","0.3281583194778629","false"
"5","male","234","서천","힐링코스","0.3271428571428571","0.0010154623350057802","0","0.0010154623350057805","0.3281583194778629","false"
"5","male","128","대구","현풍코스","0.3271428571428572","0","0","0","0.3271428571428572","false"
"5","male","201","양주","자연친화코스1","0.32","0","0.000014148710928409726","0.000014148710928409726","0.3200141487109284","false"
"5","male","142","제천","시티투어","0.32000000000000006","0","0","0","0.32000000000000006","false"
"5","male","89","청주","청주시티투어_정기투어_트레킹 투어(토)","0.32","0","0","0","0.32","false"
"5","male","169","춘천","일요일","0.31500000000000006","0","0","0","0.31500000000000006","false"
"5","male","170","춘천","토요일","0.31500000000000006","0","0","0","0.31500000000000006","false"
"5","male","104","안동","하회마을테마","0.3109090909090909","0","0","0","0.3109090909090909","false"
"5","male","102","안동","봉정사&만휴정테마","0.3063636363636364","0","0","0","0.3063636363636364","false"
"5","male","68","서산","C코스","0.3057142857142857","0.00006258454280605062","0","0.00006258454280605062","0.30577687025709177","false"
"5","male","202","양주","서울우유견학코스","0.3057142857142857","0","0.000014148710928409726","0.000014148710928409726","0.30572843442521414","false"
"5","male","66","홍성","남당항 코스","0.30333333333333334","0","0","0","0.30333333333333334","false"
"5","male","199","완도","해양치유시티투어","0.30214285714285716","0.000643281693735234","0.0001690471921373689","0.0008123288858726029","0.3029551860287298","false"
"5","male","94","여주","시티투어","0.3018181818181818","0.0004918014637739952","0","0.0004918014637739953","0.3023099832819558","false"
"5","male","69","서산","B코스","0.2985714285714286","0.00006258454280605062","0","0.00006258454280605062","0.29863401311423465","false"
"5","male","153","세종","행복투어B","0.2866666666666667","0","0","0","0.2866666666666667","false"
"5","male","242","순천","(기획투어)나이트가든투어","0.2866666666666667","0","0","0","0.2866666666666667","false"
"5","male","90","청주","청주시티투어_정기투어_힐링로드 투어(토)","0.28428571428571425","0","0","0","0.28428571428571425","false"
"5","male","256","울산","태화강 국가정원 코스","0.2838888888888889","0","0","0","0.2838888888888889","false"
"5","male","174","춘천","화요일","0.28250000000000003","0","0","0","0.28250000000000003","false"
"5","male","143","동해","관광문화코스","0.2783333333333333","0","0","0","0.2783333333333333","false"
"5","male","139","군산","(익산역 출발) 고군산시간여행코스","0.27","0","0.00004344812146239216","0.00004344812146239216","0.2700434481214624","false"
"5","male","176","창원","창원시티투어","0.26999999999999996","0","0","0","0.26999999999999996","false"
"5","male","53","사천","바다투어","0.26285714285714284","0.00007790926990607404","0","0.00007790926990607404","0.26293505212704893","false"
"5","male","137","임실","명소탐방 임실 시티투어","0.26","0","0","0","0.26","false"
"5","male","192","삼척","종일코스","0.26","0","0","0","0.26","false"
"5","male","277","서울","EG투어버스 J코스","0.25","0","0","0","0.25","false"
"5","male","279","서울","EG투어버스 H코스","0.25","0","0","0","0.25","false"
"5","male","22","여수","2층야간코스","0.24857142857142853","0","0","0","0.24857142857142853","false"
"5","male","250","대전","광역투어(넷재주, 일)","0.24857142857142853","0","0","0","0.24857142857142853","false"
"5","male","3","부산","오렌지라인","0.24692307692307694","0","0","0","0.24692307692307694","false"
"5","male","34","화성","테마와 하루(농어촌 체험)","0.245","0","0.00011338305027020722","0.00011338305027020722","0.2451133830502702","false"
"5","male","35","화성","소소한 하루","0.245","0","0.00011338305027020722","0.00011338305027020722","0.2451133830502702","false"
"5","male","25","여수","이순신문화유적코스","0.2422222222222222","0","0","0","0.2422222222222222","false"
"5","male","56","영주","선비 코스","0.23500000000000001","0","0","0","0.23500000000000001","false"
"5","male","103","안동","도산서원&예끼마을테마","0.23500000000000001","0","0","0","0.23500000000000001","false"
"5","male","212","대전","야경","0.23249999999999998","0","0","0","0.23249999999999998","false"
"5","male","5","부산","레드라인","0.23153846153846155","0","0","0","0.23153846153846155","false"
"5","male","50","사천","우주항공산업투어","0.23111111111111107","0.00007790926990607404","0","0.00007790926990607404","0.23118902038101716","false"
"5","male","38","화성","바다와 하루","0.23","0","0.00011338305027020722","0.00011338305027020722","0.2301133830502702","false"
"5","male","239","순천","(테마투어)세계유산투어","0.23","0","0","0","0.23","false"
"5","male","268","서울","EG투어버스 B코스","0.23","0","0","0","0.23","false"
"5","male","52","사천","이순신승전길투어","0.22624999999999998","0.00007790926990607404","0","0.00007790926990607404","0.22632790926990606","false"
"5","male","78","원주","원주시티투어(순환형)","0.22333333333333333","0","0","0","0.22333333333333333","false"
"5","male","244","아산","예술맛집 코스","0.22","0","0.000033513003904574515","0.000033513003904574515","0.22003351300390459","false"
"5","male","154","세종","야경투어","0.22","0","0","0","0.22","false"
"5","male","168","태안","북부코스","0.22","0","0","0","0.22","false"
"5","male","106","안동","주간도심테마","0.21999999999999997","0","0","0","0.21999999999999997","false"
"5","male","232","서천","전라권코스","0.21166666666666664","0.0010154623350057802","0","0.0010154623350057805","0.2126821290016724","false"
"5","male","98","양산","봄꽃체험코스","0.21","0.0001335012405695749","0","0.0001335012405695749","0.21013350124056956","false"
"5","male","230","대전","남부코스","0.21","0","0","0","0.21","false"
"5","male","39","화성","열차와 하루","0.2033333333333333","0","0.00011338305027020722","0.00011338305027020722","0.2034467163836035","false"
"5","male","8","대구","테마(야경 4~10월)","0.2","0","0","0","0.2","false"
"5","male","54","사천","별빛투어","0.19727272727272727","0.00007790926990607404","0","0.00007790926990607404","0.19735063654263335","false"
"5","male","99","봉화","송이축제 문화유적탐방버스","0.19","0.0024331550186585285","0","0.002433155018658529","0.19243315501865854","false"
"5","male","100","봉화","은어축제 문화유적탐방버스","0.19","0.0024331550186585285","0","0.002433155018658529","0.19243315501865854","false"
"5","male","213","대전","힐링(장태산)","0.19","0","0","0","0.19","false"
"5","male","269","서울","EG투어버스 A코스","0.19","0","0","0","0.19","false"
"5","male","208","양구","방산나들이코스","0.18666666666666665","0","0.0003359102424942268","0.0003359102424942268","0.18700257690916086","false"
"5","male","226","대전","광역투어(둘째주, 토)","0.18666666666666665","0","0","0","0.18666666666666665","false"
"5","male","62","익산","익산숨은보석찾기코스","0.18428571428571425","0","0","0","0.18428571428571425","false"
"5","male","218","대전","생태교육","0.18","0","0","0","0.18","false"
"5","male","278","서울","EG투어버스 I코스","0.18","0","0","0","0.18","false"
"5","male","207","양구","힐링산책코스","0.17833333333333332","0","0.0003359102424942268","0.0003359102424942268","0.17866924357582753","false"
"5","male","79","연천","연천명소코스","0.17833333333333332","0.0001335012405695749","0.00020103247267750098","0.0003345337132470759","0.1786678670465804","false"
"5","male","95","양산","양산시 가을 시티투어 (자연관광코스)","0.17833333333333332","0.0001335012405695749","0","0.0001335012405695749","0.1784668345739029","false"
"5","male","113","가평","가평순환버스B코스","0.17833333333333332","0","0","0","0.17833333333333332","false"
"5","male","70","서산","A코스","0.16999999999999998","0.00006258454280605062","0","0.00006258454280605062","0.17006258454280604","false"
"5","male","260","서천","문화코스","0.1633333333333333","0.0010154623350057802","0","0.0010154623350057805","0.16434879566833907","false"
"5","male","77","태백","황지자유시장 코스","0.16374999999999998","0.0002298505622845734","0","0.0002298505622845734","0.16397985056228456","false"
"5","male","210","곡성","읍권 순환버스","0.16374999999999998","0","0","0","0.16374999999999998","false"
"5","male","140","군산","고군산시간여행코스","0.16285714285714284","0","0.00004344812146239216","0.00004344812146239216","0.16290059097860524","false"
"5","male","0","부산","동부산테마노선","0.16285714285714284","0","0","0","0.16285714285714284","false"
"5","male","26","여수","다크투어리즘코스","0.16285714285714284","0","0","0","0.16285714285714284","false"
"5","male","206","양구","해안DMZ트래킹 코스","0.16166666666666665","0","0.0003359102424942268","0.0003359102424942268","0.16200257690916087","false"
"5","male","80","연천","안보자연코스","0.16166666666666665","0.0001335012405695749","0.00020103247267750098","0.0003345337132470759","0.16200120037991372","false"
"5","male","220","아산","인생네컷 코스","0.16166666666666665","0","0.000033513003904574515","0.000033513003904574515","0.16170017967057124","false"
"5","male","63","홍성","죽도코스","0.16166666666666665","0","0","0","0.16166666666666665","false"
"5","male","147","안산","대부도 해변코스(일반형 2코스)","0.15333333333333332","0","0","0","0.15333333333333332","false"
"5","male","148","안산","대부도 해변코스(일반형 1코스)","0.15333333333333332","0","0","0","0.15333333333333332","false"
"5","male","215","대전","역사문화(동춘당)","0.15333333333333332","0","0","0","0.15333333333333332","false"
"5","male","110","정선","아리랑열차 연계형 시티투어2","0.15","0.0005495094021990041","0","0.0005495094021990042","0.150549509402199","false"
"5","male","111","정선","아리랑열차 연계형 시티투어 1","0.15","0.0005495094021990041","0","0.0005495094021990042","0.150549509402199","false"
"5","male","87","의정부","의정부포레스트:오감이 깨어나는 숲 속 여행","0.15","0","0","0","0.15","false"
"5","male","136","인천","인천레트로노선","0.15","0","0","0","0.15","false"
"5","male","182","포항","퐝순환코스","0.15","0","0","0","0.15","false"
"5","male","76","태백","통리장 코스","0.145","0.0002298505622845734","0","0.0002298505622845734","0.14522985056228457","false"
"5","male","91","청주","청주시티투어_정기투어_초정힐링 투어(토)","0.145","0","0","0","0.145","false"
"5","male","251","대전","광역투어(넷재주, 토)","0.145","0","0","0","0.145","false"
"5","male","27","여수","제2코스","0.14307692307692307","0","0","0","0.14307692307692307","false"
"5","male","20","광양","야경코스","0.13874999999999998","0","0.00008464853243011739","0.00008464853243011739","0.1388346485324301","false"
"5","male","1","부산","서부산생태투어","0.13874999999999998","0","0","0","0.13874999999999998","false"
"5","male","24","여수","야경코스","0.13428571428571426","0","0","0","0.13428571428571426","false"
"5","male","105","안동","야간도심테마","0.13428571428571426","0","0","0","0.13428571428571426","false"
"5","male","92","청주","청주시티투어_정기투어_청남대 투어(수토일)","0.1311111111111111","0","0","0","0.1311111111111111","false"
"5","male","171","춘천","금요일","0.12625","0","0","0","0.12625","false"
"5","male","191","평창","남부권 코스","0.12625","0","0","0","0.12625","false"
"5","male","151","안산","대부도 뱃길코스(일반형 2코스)","0.12555555555555556","0","0","0","0.12555555555555556","false"
"5","male","49","밀양","시내권 투어 1","0.12000000000000001","0","0","0","0.12000000000000001","false"
"5","male","228","대전","광역투어(첫주, 토)","0.12000000000000001","0","0","0","0.12000000000000001","false"
"5","male","57","영주","물돌이 코스","0.115","0","0","0","0.115","false"
"5","male","114","가평","가평순환버스A코스","0.11444444444444445","0","0","0","0.11444444444444445","false"
"5","male","152","안산","대부도 뱃길코스(일반형 1코스)","0.10888888888888888","0","0","0","0.10888888888888888","false"
"5","male","23","여수","2층주간코스","0.10500000000000001","0","0","0","0.10500000000000001","false"
"5","male","21","여수","야간테마코스(시간을달리는버스커)","0.09272727272727273","0","0","0","0.09272727272727273","false"
"5","male","4","부산","그린라인","0.08923076923076924","0","0","0","0.08923076923076924","false"
"5","male","71","천안","일요일","0.0825","0","0","0","0.0825","false"
"5","male","200","진도","진도시티투어","0.06642857142857143","0.0002696688758373019","0.00013165372465383024","0.00040132260049113215","0.06682989402906257","false"
"5","male","41","화성","역사와 하루2","0.06","0","0.00011338305027020722","0.00011338305027020722","0.060113383050270204","false"
"5","male","101","청도","시티투어","0.06","0","0","0","0.06","false"
"5","male","32","화성","테마와 하루(문화예술 체험)","0.05333333333333333","0","0.00011338305027020722","0.00011338305027020722","0.053446716383603536","false"
"5","male","275","서울","EG투어버스 L코스","0.05333333333333333","0","0","0","0.05333333333333333","false"
"5","male","33","화성","테마와 하루(목장 체험)","0.05","0","0.00011338305027020722","0.00011338305027020722","0.05011338305027021","false"
"5","male","146","안산","대부도 해변코스(체험형 1코스)","0.05","0","0","0","0.05","false"
"5","male","28","여수","제1코스","0.04857142857142857","0","0","0","0.04857142857142857","false"
"5","male","85","이천","농촌체험코스(남부)","0.045","0","0.0001305145150416353","0.0001305145150416353","0.04513051451504163","false"
"5","male","149","안산","대부도 뱃길코스(체험형 2코스)","0.045","0","0","0","0.045","false"
"5","male","150","안산","대부도 뱃길코스(체험형 1코스)","0.045","0","0","0","0.045","false"
"5","male","6","제주","야간코스(7월말~8월말 운영)","0.041428571428571426","0","0","0","0.041428571428571426","false"
"5","male","84","이천","농촌체험코스(중부)","0.04000000000000001","0","0.0001305145150416353","0.0001305145150416353","0.04013051451504164","false"
"5","male","209","곡성","압록권역 순환버스","0.04000000000000001","0","0","0","0.04000000000000001","false"
"5","male","276","서울","EG투어버스 K 코스","0.04000000000000001","0","0","0","0.04000000000000001","false"
"5","male","83","이천","농촌체험코스(북부)","0.03666666666666667","0","0.0001305145150416353","0.0001305145150416353","0.0367971811817083","false"
"5","male","45","화성","테마와 하루(지역축제 체험)","0.03666666666666667","0","0.00011338305027020722","0.00011338305027020722","0.03678004971693687","false"
"5","male","82","이천","승마체험코스","0.0325","0","0.0001305145150416353","0.0001305145150416353","0.032630514515041634","false"
"5","male","31","화성","테마와 하루(해양생태 체험)","0.030000000000000002","0","0.00011338305027020722","0.00011338305027020722","0.03011338305027021","false"
"5","male","246","대전","언택트세이프(B)","0.030000000000000002","0","0","0","0.030000000000000002","false"
"5","male","271","서울","EG투어버스 F코스","0.030000000000000002","0","0","0","0.030000000000000002","false"
"5","male","93","여주","꽃섬투어","0.025555555555555557","0.0004918014637739952","0","0.0004918014637739953","0.026047357019329552","false"
"5","male","2","부산","야경투어","0.02","0","0","0","0.02","false"
"5","male","29","목포","별빛물결시티투어","0.02","0","0","0","0.02","false"
"5","male","75","충주","충주시티투어","0.02","0","0","0","0.02","false"
"5","male","118","파주","2026 파주시티투어 당일코스(금요일)","0.02","0","0","0","0.02","false"
"5","male","164","화순","화순적벽 버스투어(적벽 셔틀버스)","0.02","0","0","0","0.02","false"
"5","male","165","화순","화순적벽 버스투어(적벽투어)","0.02","0","0","0","0.02","false"
"5","male","211","대전","가족여행","0.02","0","0","0","0.02","false"
"5","male","219","대전","다크투어","0.02","0","0","0","0.02","false"
"5","male","273","서울","EG투어버스 D코스","0.02","0","0","0","0.02","false"
"5","male","36","화성","별과 하루","0","0","0.00011338305027020722","0.00011338305027020722","0.00011338305027020722","false"
"5","male","37","화성","노을과 하루","0","0","0.00011338305027020722","0.00011338305027020722","0.00011338305027020722","false"
"5","male","44","화성","섬과 하루","0","0","0.00011338305027020722","0.00011338305027020722","0.00011338305027020722","false"
"5","male","16","대구","테마(야경 11~3월)","0","0","0","0","0","false"
"5","male","55","영주","특별운영","0","0","0","0","0","false"
"5","male","60","익산","맞춤형코스","0","0","0","0","0","false"
"5","male","88","청주","청주시티투어_수시투어","0","0","0","0","0","false"
"5","male","125","부천","정규코스. 특별코스","0","0","0","0","0","false"
"5","male","132","인천","선재영흥투어","0","0","0","0","0","false"
"5","male","134","인천","무의도투어","0","0","0","0","0","false"
"5","male","141","제천","제천관광택시","0","0","0","0","0","false"
"5","male","198","공주","축제코스","0","0","0","0","0","false"
"5","male","231","태안","북부코스남부코스","0","0","0","0","0","false"
"5","male","259","단양","단양군시티투어","0","0","0","0","0","false"
"5","male","261","부여","백제문화단지-부소산성-궁남지-정림사지-백제문화단지","0","0","0","0","0","false"
"5","female","10","대구","테마-전통5일장-현풍백년도깨비시장","2","0","0","0","2","true"
"5","female","7","제주","순환형코스","1.9500000000000002","0","0","0","1.9500000000000002","true"
"5","female","122","시흥","테마형 수시코스","1.85","0","0","0","1.85","true"
"5","female","14","대구","테마-방방곡곡(팔공산)","1.8","0","0","0","1.8","false"
"5","female","112","정선","와와정선 2층 투어버스","1.2000000000000002","0.0005495094021990041","0.00003777687918638546","0.0005872862813853897","1.2005872862813856","true"
"5","female","156","세종","역사산책투어","1.17","0","0","0","1.17","true"
"5","female","15","대구","도심순환코스(12개 정류장)","1","0","0","0","1","false"
"5","female","129","인천","노을야경투어","1","0","0","0","1","false"
"5","female","131","인천","교동도투어","1","0","0","0","1","false"
"5","female","135","인천","바다노선","1","0","0","0","1","false"
"5","female","183","포항","퐝랜드마크B코스","1","0","0","0","1","false"
"5","female","130","인천","석모도투어","0.95","0","0","0","0.95","false"
"5","female","184","포항","퐝랜드마크A코스","0.95","0","0","0","0.95","false"
"5","female","185","포항","씨(SEA)하게 보는 포항코스","0.95","0","0","0","0.95","false"
"5","female","159","세종","봄꽃파닭B투어","0.9366666666666666","0","0","0","0.9366666666666666","false"
"5","female","160","세종","봄꽃파닭A투어","0.9366666666666666","0","0","0","0.9366666666666666","false"
"5","female","120","파주","2026 파주시티투어 당일코스(수요일)","0.8866666666666667","0","0.00009596599272458725","0.00009596599272458725","0.8867626326593913","false"
"5","female","181","김해","김해에반해","0.8771428571428572","0","0","0","0.8771428571428572","false"
"5","female","179","김해","역사에반해","0.8533333333333334","0","0","0","0.8533333333333334","false"
"5","female","133","인천","청라투어","0.85","0","0","0","0.85","false"
"5","female","267","공주","반일코스","0.8300000000000001","0","0","0","0.8300000000000001","false"
"5","female","11","대구","테마-방방곡곡(사시사철)","0.8","0","0","0","0.8","false"
"5","female","12","대구","테마-방방곡곡(군위군 돋보기)","0.8","0","0","0","0.8","false"
"5","female","13","대구","테마-방방곡곡(낙동강)","0.8","0","0","0","0.8","false"
"5","female","229","대전","대청호코스","0.8","0","0","0","0.8","false"
"5","female","180","김해","자연에반해","0.77","0","0","0","0.77","false"
"5","female","74","천안","화요일","0.7325","0","0","0","0.7325","false"
"5","female","262","공주","봄·여름·가을 코스","0.7033333333333334","0","0","0","0.7033333333333334","false"
"5","female","138","군산","(박물관 출발) 고군산코스","0.6866666666666666","0","0","0","0.6866666666666666","false"
"5","female","173","춘천","수요일","0.6866666666666666","0","0","0","0.6866666666666666","false"
"5","female","166","태안","광역코스","0.67","0","0.00010497383357619045","0.00010497383357619045","0.6701049738335763","false"
"5","female","178","김해","문화에반해","0.6599999999999999","0","0","0","0.6599999999999999","false"
"5","female","235","홍천","홍천시티투어","0.6533333333333333","0","0","0","0.6533333333333333","false"
"5","female","188","서천","푸른빛코스","0.645","0.0010154623350057802","0.000044187230807977943","0.0010596495658137584","0.6460596495658137","false"
"5","female","227","대전","광역투어(첫주, 일)","0.6387499999999999","0","0","0","0.6387499999999999","false"
"5","female","46","합천","합천광역시티투어 누비고","0.6366666666666667","0","0","0","0.6366666666666667","false"
"5","female","42","화성","역사와 하루1","0.63","0","0","0","0.63","false"
"5","female","116","파주","2026 파주시티투어 당일코스(일요일)","0.62","0","0.00009596599272458725","0.00009596599272458725","0.6200959659927245","false"
"5","female","119","파주","2026 파주시티투어 당일코스(목요일)","0.62","0","0.00009596599272458725","0.00009596599272458725","0.6200959659927245","false"
"5","female","61","익산","세계유산코스","0.62","0","0.00009325924768030969","0.00009325924768030969","0.6200932592476803","false"
"5","female","223","대전","광역투어(셋째주, 일)","0.5985714285714285","0","0","0","0.5985714285714285","false"
"5","female","263","공주","가을코스2","0.5755555555555556","0","0","0","0.5755555555555556","false"
"5","female","236","화천","화천시티투어(백암산케이블카)","0.5700000000000001","0","0","0","0.5700000000000001","false"
"5","female","254","경산","소원성취코스,삼성현명품투어코스","0.5628571428571428","0","0","0","0.5628571428571428","false"
"5","female","126","대구","도동코스","0.5575","0","0","0","0.5575","false"
"5","female","177","경기광주","광주시티투어","0.5569415584415585","0","0.00008964709154241459","0.00008964709154241448","0.5570312055331009","false"
"5","female","127","대구","송해코스","0.54","0","0","0","0.54","false"
"5","female","241","순천","(테마투어)생태투어","0.54","0","0","0","0.54","false"
"5","female","81","연천","역사자연코스","0.5342857142857143","0.0001335012405695749","0","0.0001335012405695749","0.5344192155262838","false"
"5","female","265","공주","여름코스","0.53","0","0","0","0.53","false"
"5","female","96","양산","양산시 가을 시티투어 (역사문화코스)","0.5129484848484848","0.0001335012405695749","0.00012739549973166784","0.0002608967403012429","0.513209381588786","false"
"5","female","162","세종","세종관광명소B투어","0.5075000000000001","0","0","0","0.5075000000000001","false"
"5","female","144","안산","안산 시내권코스(토요일)","0.495","0","0.00008693559841717223","0.00008693559841717223","0.49508693559841715","false"
"5","female","47","밀양","삼랑진권 투어","0.495","0","0","0","0.495","false"
"5","female","258","양주","왕실축제","0.495","0","0","0","0.495","false"
"5","female","108","부여","부여테마여행","0.4936842105263158","0","0","0","0.4936842105263158","false"
"5","female","249","대전","광역투어(다섯째주, 토)","0.48875","0","0","0","0.48875","false"
"5","female","222","아산","아산도심핫플코스","0.4866666666666667","0","0","0","0.4866666666666667","false"
"5","female","175","춘천","월요일","0.48250000000000004","0","0","0","0.48250000000000004","false"
"5","female","195","완주","완주힐링로드시티투어 2코스","0.4755555555555555","0.00015088291151526444","0.00007425494084696357","0.000225137852362228","0.47578069340791773","false"
"5","female","72","천안","토요일","0.47000000000000003","0","0","0","0.47000000000000003","false"
"5","female","73","천안","목요일","0.47000000000000003","0","0","0","0.47000000000000003","false"
"5","female","161","세종","천안연계투어","0.47000000000000003","0","0","0","0.47000000000000003","false"
"5","female","86","평택","문화유산코스 /관광코스 ※무장애코스 월2회 정기운영(3~6월,9~11월)","0.4642307692307692","0","0","0","0.4642307692307692","false"
"5","female","186","서천","동백코스(익산-군산 광역)","0.45333333333333337","0.0010154623350057802","0.000044187230807977943","0.0010596495658137584","0.45439298289914715","false"
"5","female","225","대전","광역투어(둘째주, 일)","0.45333333333333337","0","0","0","0.45333333333333337","false"
"5","female","64","홍성","전통시장코스(홍성) 1,6일 운영","0.45000000000000007","0","0","0","0.45000000000000007","false"
"5","female","237","화천","화천시티투어(평화누리호)","0.45000000000000007","0","0","0","0.45000000000000007","false"
"5","female","252","안성","안성시티투어","0.45000000000000007","0","0","0","0.45000000000000007","false"
"5","female","203","양주","박물관투어","0.44857142857142857","0","0","0","0.44857142857142857","false"
"5","female","167","태안","남부코스","0.445","0","0.00010497383357619045","0.00010497383357619045","0.4451049738335762","false"
"5","female","264","공주","가을코스","0.43500000000000005","0","0","0","0.43500000000000005","false"
"5","female","43","화성","자연과 하루","0.4325","0","0","0","0.4325","false"
"5","female","157","세종","행복투어A","0.43000000000000005","0","0","0","0.43000000000000005","false"
"5","female","240","순천","(테마투어)성곽투어","0.43000000000000005","0","0","0","0.43000000000000005","false"
"5","female","216","대전","역사문화(효월드)","0.42714285714285716","0","0","0","0.42714285714285716","false"
"5","female","255","울산","장생포 대왕암 코스","0.42714285714285716","0","0","0","0.42714285714285716","false"
"5","female","30","목포","목포랑시티투어","0.4241666666666667","0","0","0","0.4241666666666667","false"
"5","female","190","영광","영광쉼,투어","0.42","0.0008843677523912795","0","0.0008843677523912796","0.42088436775239124","false"
"5","female","243","나주","정기코스","0.42000000000000004","0","0.00009325924768030969","0.00009325924768030969","0.4200932592476804","false"
"5","female","145","안산","안산 시내권코스(목요일)","0.42","0","0.00008693559841717223","0.00008693559841717223","0.42008693559841714","false"
"5","female","163","세종","세종관광명소A투어","0.42000000000000004","0","0","0","0.42000000000000004","false"
"5","female","214","대전","힐링(만인산)","0.42000000000000004","0","0","0","0.42000000000000004","false"
"5","female","238","순천","(테마투어)산사투어","0.42000000000000004","0","0","0","0.42000000000000004","false"
"5","female","253","대전","언택트세이프?","0.42000000000000004","0","0","0","0.42000000000000004","false"
"5","female","9","대구","테마-전통5일장-군위전통시장","0.42","0","0","0","0.42","false"
"5","female","224","대전","광역투어(셋째주, 토)","0.41285714285714287","0","0","0","0.41285714285714287","false"
"5","female","189","서천","보랏빛코스","0.4057142857142857","0.0010154623350057802","0.000044187230807977943","0.0010596495658137584","0.4067739352800995","false"
"5","female","197","평창","북부권 코스","0.40179545454545457","0","0","0","0.40179545454545457","false"
"5","female","17","해남","해남시티투어","0.4","0.0005610508431224861","0","0.0005610508431224862","0.4005610508431225","false"
"5","female","40","화성","모두와 하루(무장애 여행)","0.4","0","0","0","0.4","false"
"5","female","58","익산","순환형2","0.395","0","0.00009325924768030969","0.00009325924768030969","0.39509325924768035","false"
"5","female","59","익산","순환형1","0.395","0","0.00009325924768030969","0.00009325924768030969","0.39509325924768035","false"
"5","female","204","양주","역사투어","0.395","0","0","0","0.395","false"
"5","female","187","서천","금빛코스","0.39142857142857146","0.0010154623350057802","0.000044187230807977943","0.0010596495658137584","0.39248822099438524","false"
"5","female","123","시흥","테마형 정기코스","0.39","0","0","0","0.39","false"
"5","female","124","시흥","순환형 2층버스","0.39","0","0","0","0.39","false"
"5","female","48","밀양","영남알프스권 투어 1","0.38250000000000006","0","0","0","0.38250000000000006","false"
"5","female","155","세종","정원투어","0.38","0","0","0","0.38","false"
"5","female","217","대전","대덕특구탐방","0.38","0","0","0","0.38","false"
"5","female","221","아산","休캉스 코스","0.38","0","0","0","0.38","false"
"5","female","245","아산","역사기행 코스","0.38","0","0","0","0.38","false"
"5","female","193","완주","완주힐링로드 시티투어(코레일연계 익산역)","0.37909090909090915","0.00015088291151526444","0.00007425494084696357","0.000225137852362228","0.37931604694327137","false"
"5","female","51","사천","오감체험투어","0.3783333333333333","0.00007790926990607404","0.000021240610576129258","0.0000991498804822033","0.3784324832138155","false"
"5","female","107","예산","예산군 버스투어","0.3783333333333333","0","0","0","0.3783333333333333","false"
"5","female","272","서울","EG투어버스 E코스","0.3783333333333333","0","0","0","0.3783333333333333","false"
"5","female","266","공주","봄코스","0.37357142857142855","0","0","0","0.37357142857142855","false"
"5","female","117","파주","2026 파주시티투어 당일코스(토요일)","0.37","0","0.00009596599272458725","0.00009596599272458725","0.3700959659927246","false"
"5","female","257","양주","천일홍축제","0.37","0","0","0","0.37","false"
"5","female","109","부여","롯데리조트부여와 함께하는 부여 감성야행","0.3616666666666667","0","0","0","0.3616666666666667","false"
"5","female","97","양산","2025 6월 시티투어","0.35333333333333333","0.0001335012405695749","0.00012739549973166784","0.00026089674030124277","0.35359423007363455","false"
"5","female","67","홍성","역사·문화 코스","0.35333333333333333","0","0","0","0.35333333333333333","false"
"5","female","158","세종","역사문화투어","0.35333333333333333","0","0","0","0.35333333333333333","false"
"5","female","172","춘천","목요일","0.35333333333333333","0","0","0","0.35333333333333333","false"
"5","female","248","대전","광역투어(다섯째주, 일)","0.35125000000000006","0","0","0","0.35125000000000006","false"
"5","female","194","완주","완주힐링로드 시티투어(서울권역)","0.3491666666666667","0.00015088291151526444","0.00007425494084696357","0.000225137852362228","0.3493918045190289","false"
"5","female","18","광양","광양역사코스","0.34777777777777774","0","0","0","0.34777777777777774","false"
"5","female","19","광양","광양힐링코스","0.34777777777777774","0","0","0","0.34777777777777774","false"
"5","female","205","양주","기본코스","0.34777777777777774","0","0","0","0.34777777777777774","false"
"5","female","65","홍성","전통시장코스(광천) 4,9일 운영","0.345","0","0","0","0.345","false"
"5","female","274","서울","EG투어버스 C코스","0.345","0","0","0","0.345","false"
"5","female","247","대전","언택트세이프(A)","0.34","0","0","0","0.34","false"
"5","female","270","서울","EG투어버스 G코스","0.34","0","0","0","0.34","false"
"5","female","196","완주","완주힐링로드시티투어 1코스","0.3392307692307693","0.00015088291151526444","0.00007425494084696357","0.000225137852362228","0.3394559070831315","false"
"5","female","121","파주","2026 파주시티투어 당일코스(화요일)","0.33666666666666667","0","0.00009596599272458725","0.00009596599272458725","0.33676263265939127","false"
"5","female","115","파주","2026 파주시티투어 1박2일코스(토요일~일요일)","0.32833333333333337","0","0.00009596599272458725","0.00009596599272458725","0.32842929932605797","false"
"5","female","233","서천","광역코스","0.3271428571428571","0.0010154623350057802","0.000044187230807977943","0.0010596495658137584","0.3282025067086709","false"
"5","female","234","서천","힐링코스","0.3271428571428571","0.0010154623350057802","0.000044187230807977943","0.0010596495658137584","0.3282025067086709","false"
"5","female","128","대구","현풍코스","0.3271428571428572","0","0","0","0.3271428571428572","false"
"5","female","142","제천","시티투어","0.32000000000000006","0","0","0","0.32000000000000006","false"
"5","female","89","청주","청주시티투어_정기투어_트레킹 투어(토)","0.32","0","0","0","0.32","false"
"5","female","201","양주","자연친화코스1","0.32","0","0","0","0.32","false"
"5","female","169","춘천","일요일","0.31500000000000006","0","0","0","0.31500000000000006","false"
"5","female","170","춘천","토요일","0.31500000000000006","0","0","0","0.31500000000000006","false"
"5","female","104","안동","하회마을테마","0.3109090909090909","0","0","0","0.3109090909090909","false"
"5","female","102","안동","봉정사&만휴정테마","0.3063636363636364","0","0","0","0.3063636363636364","false"
"5","female","68","서산","C코스","0.3057142857142857","0.00006258454280605062","0.000006477785760669266","0.00006906232856671989","0.30578334804285245","false"
"5","female","202","양주","서울우유견학코스","0.3057142857142857","0","0","0","0.3057142857142857","false"
"5","female","66","홍성","남당항 코스","0.30333333333333334","0","0","0","0.30333333333333334","false"
"5","female","199","완도","해양치유시티투어","0.30214285714285716","0.000643281693735234","0","0.000643281693735234","0.3027861388365924","false"
"5","female","94","여주","시티투어","0.3018181818181818","0.0004918014637739952","0.00011933974792261816","0.0006111412116966133","0.3024293230298784","false"
"5","female","69","서산","B코스","0.2985714285714286","0.00006258454280605062","0.000006477785760669266","0.00006906232856671989","0.29864049089999534","false"
"5","female","153","세종","행복투어B","0.2866666666666667","0","0","0","0.2866666666666667","false"
"5","female","242","순천","(기획투어)나이트가든투어","0.2866666666666667","0","0","0","0.2866666666666667","false"
"5","female","90","청주","청주시티투어_정기투어_힐링로드 투어(토)","0.28428571428571425","0","0","0","0.28428571428571425","false"
"5","female","256","울산","태화강 국가정원 코스","0.2838888888888889","0","0","0","0.2838888888888889","false"
"5","female","174","춘천","화요일","0.28250000000000003","0","0","0","0.28250000000000003","false"
"5","female","143","동해","관광문화코스","0.2783333333333333","0","0","0","0.2783333333333333","false"
"5","female","139","군산","(익산역 출발) 고군산시간여행코스","0.27","0","0","0","0.27","false"
"5","female","176","창원","창원시티투어","0.26999999999999996","0","0","0","0.26999999999999996","false"
"5","female","53","사천","바다투어","0.26285714285714284","0.00007790926990607404","0.000021240610576129258","0.0000991498804822033","0.26295629273762505","false"
"5","female","137","임실","명소탐방 임실 시티투어","0.26","0","0","0","0.26","false"
"5","female","192","삼척","종일코스","0.26","0","0","0","0.26","false"
"5","female","277","서울","EG투어버스 J코스","0.25","0","0","0","0.25","false"
"5","female","279","서울","EG투어버스 H코스","0.25","0","0","0","0.25","false"
"5","female","22","여수","2층야간코스","0.24857142857142853","0","0.000001851983405118974","0.000001851983405118974","0.24857328055483366","false"
"5","female","250","대전","광역투어(넷재주, 일)","0.24857142857142853","0","0","0","0.24857142857142853","false"
"5","female","3","부산","오렌지라인","0.24692307692307694","0","0","0","0.24692307692307694","false"
"5","female","34","화성","테마와 하루(농어촌 체험)","0.245","0","0","0","0.245","false"
"5","female","35","화성","소소한 하루","0.245","0","0","0","0.245","false"
"5","female","25","여수","이순신문화유적코스","0.2422222222222222","0","0.000001851983405118974","0.000001851983405118974","0.24222407420562733","false"
"5","female","56","영주","선비 코스","0.23500000000000001","0","0","0","0.23500000000000001","false"
"5","female","103","안동","도산서원&예끼마을테마","0.23500000000000001","0","0","0","0.23500000000000001","false"
"5","female","212","대전","야경","0.23249999999999998","0","0","0","0.23249999999999998","false"
"5","female","5","부산","레드라인","0.23153846153846155","0","0","0","0.23153846153846155","false"
"5","female","50","사천","우주항공산업투어","0.23111111111111107","0.00007790926990607404","0.000021240610576129258","0.0000991498804822033","0.23121026099159328","false"
"5","female","38","화성","바다와 하루","0.23","0","0","0","0.23","false"
"5","female","239","순천","(테마투어)세계유산투어","0.23","0","0","0","0.23","false"
"5","female","268","서울","EG투어버스 B코스","0.23","0","0","0","0.23","false"
"5","female","52","사천","이순신승전길투어","0.22624999999999998","0.00007790926990607404","0.000021240610576129258","0.0000991498804822033","0.2263491498804822","false"
"5","female","78","원주","원주시티투어(순환형)","0.22333333333333333","0","0","0","0.22333333333333333","false"
"5","female","168","태안","북부코스","0.22","0","0.00010497383357619045","0.00010497383357619045","0.2201049738335762","false"
"5","female","154","세종","야경투어","0.22","0","0","0","0.22","false"
"5","female","244","아산","예술맛집 코스","0.22","0","0","0","0.22","false"
"5","female","106","안동","주간도심테마","0.21999999999999997","0","0","0","0.21999999999999997","false"
"5","female","232","서천","전라권코스","0.21166666666666664","0.0010154623350057802","0.000044187230807977943","0.0010596495658137584","0.2127263162324804","false"
"5","female","98","양산","봄꽃체험코스","0.21","0.0001335012405695749","0.00012739549973166784","0.00026089674030124277","0.21026089674030124","false"
"5","female","230","대전","남부코스","0.21","0","0","0","0.21","false"
"5","female","39","화성","열차와 하루","0.2033333333333333","0","0","0","0.2033333333333333","false"
"5","female","8","대구","테마(야경 4~10월)","0.2","0","0","0","0.2","false"
"5","female","54","사천","별빛투어","0.19727272727272727","0.00007790926990607404","0.000021240610576129258","0.0000991498804822033","0.19737187715320947","false"
"5","female","99","봉화","송이축제 문화유적탐방버스","0.19","0.0024331550186585285","0.00015855349088353981","0.002591708509542069","0.19259170850954208","false"
"5","female","100","봉화","은어축제 문화유적탐방버스","0.19","0.0024331550186585285","0.00015855349088353981","0.002591708509542069","0.19259170850954208","false"
"5","female","213","대전","힐링(장태산)","0.19","0","0","0","0.19","false"
"5","female","269","서울","EG투어버스 A코스","0.19","0","0","0","0.19","false"
"5","female","208","양구","방산나들이코스","0.18666666666666665","0","0","0","0.18666666666666665","false"
"5","female","226","대전","광역투어(둘째주, 토)","0.18666666666666665","0","0","0","0.18666666666666665","false"
"5","female","62","익산","익산숨은보석찾기코스","0.18428571428571425","0","0.00009325924768030969","0.00009325924768030969","0.18437897353339455","false"
"5","female","218","대전","생태교육","0.18","0","0","0","0.18","false"
"5","female","278","서울","EG투어버스 I코스","0.18","0","0","0","0.18","false"
"5","female","95","양산","양산시 가을 시티투어 (자연관광코스)","0.17833333333333332","0.0001335012405695749","0.00012739549973166784","0.00026089674030124277","0.17859423007363456","false"
"5","female","79","연천","연천명소코스","0.17833333333333332","0.0001335012405695749","0","0.0001335012405695749","0.1784668345739029","false"
"5","female","113","가평","가평순환버스B코스","0.17833333333333332","0","0","0","0.17833333333333332","false"
"5","female","207","양구","힐링산책코스","0.17833333333333332","0","0","0","0.17833333333333332","false"
"5","female","70","서산","A코스","0.16999999999999998","0.00006258454280605062","0.000006477785760669266","0.00006906232856671989","0.1700690623285667","false"
"5","female","260","서천","문화코스","0.1633333333333333","0.0010154623350057802","0.000044187230807977943","0.0010596495658137584","0.16439298289914706","false"
"5","female","77","태백","황지자유시장 코스","0.16374999999999998","0.0002298505622845734","0.000041441332234371137","0.00027129189451894454","0.16402129189451892","false"
"5","female","210","곡성","읍권 순환버스","0.16374999999999998","0","0","0","0.16374999999999998","false"
"5","female","26","여수","다크투어리즘코스","0.16285714285714284","0","0.000001851983405118974","0.000001851983405118974","0.16285899484054797","false"
"5","female","0","부산","동부산테마노선","0.16285714285714284","0","0","0","0.16285714285714284","false"
"5","female","140","군산","고군산시간여행코스","0.16285714285714284","0","0","0","0.16285714285714284","false"
"5","female","80","연천","안보자연코스","0.16166666666666665","0.0001335012405695749","0","0.0001335012405695749","0.16180016790723623","false"
"5","female","63","홍성","죽도코스","0.16166666666666665","0","0","0","0.16166666666666665","false"
"5","female","206","양구","해안DMZ트래킹 코스","0.16166666666666665","0","0","0","0.16166666666666665","false"
"5","female","220","아산","인생네컷 코스","0.16166666666666665","0","0","0","0.16166666666666665","false"
"5","female","147","안산","대부도 해변코스(일반형 2코스)","0.15333333333333332","0","0.00008693559841717223","0.00008693559841717223","0.15342026893175048","false"
"5","female","148","안산","대부도 해변코스(일반형 1코스)","0.15333333333333332","0","0.00008693559841717223","0.00008693559841717223","0.15342026893175048","false"
"5","female","215","대전","역사문화(동춘당)","0.15333333333333332","0","0","0","0.15333333333333332","false"
"5","female","110","정선","아리랑열차 연계형 시티투어2","0.15","0.0005495094021990041","0.00003777687918638546","0.0005872862813853897","0.15058728628138537","false"
"5","female","111","정선","아리랑열차 연계형 시티투어 1","0.15","0.0005495094021990041","0.00003777687918638546","0.0005872862813853897","0.15058728628138537","false"
"5","female","87","의정부","의정부포레스트:오감이 깨어나는 숲 속 여행","0.15","0","0","0","0.15","false"
"5","female","136","인천","인천레트로노선","0.15","0","0","0","0.15","false"
"5","female","182","포항","퐝순환코스","0.15","0","0","0","0.15","false"
"5","female","76","태백","통리장 코스","0.145","0.0002298505622845734","0.000041441332234371137","0.00027129189451894454","0.14527129189451893","false"
"5","female","91","청주","청주시티투어_정기투어_초정힐링 투어(토)","0.145","0","0","0","0.145","false"
"5","female","251","대전","광역투어(넷재주, 토)","0.145","0","0","0","0.145","false"
"5","female","27","여수","제2코스","0.14307692307692307","0","0.000001851983405118974","0.000001851983405118974","0.1430787750603282","false"
"5","female","1","부산","서부산생태투어","0.13874999999999998","0","0","0","0.13874999999999998","false"
"5","female","20","광양","야경코스","0.13874999999999998","0","0","0","0.13874999999999998","false"
"5","female","24","여수","야경코스","0.13428571428571426","0","0.000001851983405118974","0.000001851983405118974","0.1342875662691194","false"
"5","female","105","안동","야간도심테마","0.13428571428571426","0","0","0","0.13428571428571426","false"
"5","female","92","청주","청주시티투어_정기투어_청남대 투어(수토일)","0.1311111111111111","0","0","0","0.1311111111111111","false"
"5","female","171","춘천","금요일","0.12625","0","0","0","0.12625","false"
"5","female","191","평창","남부권 코스","0.12625","0","0","0","0.12625","false"
"5","female","151","안산","대부도 뱃길코스(일반형 2코스)","0.12555555555555556","0","0.00008693559841717223","0.00008693559841717223","0.12564249115397272","false"
"5","female","49","밀양","시내권 투어 1","0.12000000000000001","0","0","0","0.12000000000000001","false"
"5","female","228","대전","광역투어(첫주, 토)","0.12000000000000001","0","0","0","0.12000000000000001","false"
"5","female","57","영주","물돌이 코스","0.115","0","0","0","0.115","false"
"5","female","114","가평","가평순환버스A코스","0.11444444444444445","0","0","0","0.11444444444444445","false"
"5","female","152","안산","대부도 뱃길코스(일반형 1코스)","0.10888888888888888","0","0.00008693559841717223","0.00008693559841717223","0.10897582448730606","false"
"5","female","23","여수","2층주간코스","0.10500000000000001","0","0.000001851983405118974","0.000001851983405118974","0.10500185198340513","false"
"5","female","21","여수","야간테마코스(시간을달리는버스커)","0.09272727272727273","0","0.000001851983405118974","0.000001851983405118974","0.09272912471067785","false"
"5","female","4","부산","그린라인","0.08923076923076924","0","0","0","0.08923076923076924","false"
"5","female","71","천안","일요일","0.0825","0","0","0","0.0825","false"
"5","female","200","진도","진도시티투어","0.06642857142857143","0.0002696688758373019","0","0.0002696688758373019","0.06669824030440874","false"
"5","female","41","화성","역사와 하루2","0.06","0","0","0","0.06","false"
"5","female","101","청도","시티투어","0.06","0","0","0","0.06","false"
"5","female","32","화성","테마와 하루(문화예술 체험)","0.05333333333333333","0","0","0","0.05333333333333333","false"
"5","female","275","서울","EG투어버스 L코스","0.05333333333333333","0","0","0","0.05333333333333333","false"
"5","female","146","안산","대부도 해변코스(체험형 1코스)","0.05","0","0.00008693559841717223","0.00008693559841717223","0.050086935598417176","false"
"5","female","33","화성","테마와 하루(목장 체험)","0.05","0","0","0","0.05","false"
"5","female","28","여수","제1코스","0.04857142857142857","0","0.000001851983405118974","0.000001851983405118974","0.04857328055483369","false"
"5","female","149","안산","대부도 뱃길코스(체험형 2코스)","0.045","0","0.00008693559841717223","0.00008693559841717223","0.04508693559841717","false"
"5","female","150","안산","대부도 뱃길코스(체험형 1코스)","0.045","0","0.00008693559841717223","0.00008693559841717223","0.04508693559841717","false"
"5","female","85","이천","농촌체험코스(남부)","0.045","0","0","0","0.045","false"
"5","female","6","제주","야간코스(7월말~8월말 운영)","0.041428571428571426","0","0","0","0.041428571428571426","false"
"5","female","84","이천","농촌체험코스(중부)","0.04000000000000001","0","0","0","0.04000000000000001","false"
"5","female","209","곡성","압록권역 순환버스","0.04000000000000001","0","0","0","0.04000000000000001","false"
"5","female","276","서울","EG투어버스 K 코스","0.04000000000000001","0","0","0","0.04000000000000001","false"
"5","female","45","화성","테마와 하루(지역축제 체험)","0.03666666666666667","0","0","0","0.03666666666666667","false"
"5","female","83","이천","농촌체험코스(북부)","0.03666666666666667","0","0","0","0.03666666666666667","false"
"5","female","82","이천","승마체험코스","0.0325","0","0","0","0.0325","false"
"5","female","31","화성","테마와 하루(해양생태 체험)","0.030000000000000002","0","0","0","0.030000000000000002","false"
"5","female","246","대전","언택트세이프(B)","0.030000000000000002","0","0","0","0.030000000000000002","false"
"5","female","271","서울","EG투어버스 F코스","0.030000000000000002","0","0","0","0.030000000000000002","false"
"5","female","93","여주","꽃섬투어","0.025555555555555557","0.0004918014637739952","0.00011933974792261816","0.0006111412116966133","0.02616669676725217","false"
"5","female","118","파주","2026 파주시티투어 당일코스(금요일)","0.02","0","0.00009596599272458725","0.00009596599272458725","0.020095965992724587","false"
"5","female","75","충주","충주시티투어","0.02","0","0.000032273209345980236","0.000032273209345980236","0.02003227320934598","false"
"5","female","2","부산","야경투어","0.02","0","0","0","0.02","false"
"5","female","29","목포","별빛물결시티투어","0.02","0","0","0","0.02","false"
"5","female","164","화순","화순적벽 버스투어(적벽 셔틀버스)","0.02","0","0","0","0.02","false"
"5","female","165","화순","화순적벽 버스투어(적벽투어)","0.02","0","0","0","0.02","false"
"5","female","211","대전","가족여행","0.02","0","0","0","0.02","false"
"5","female","219","대전","다크투어","0.02","0","0","0","0.02","false"
"5","female","273","서울","EG투어버스 D코스","0.02","0","0","0","0.02","false"
"5","female","231","태안","북부코스남부코스","0","0","0.00010497383357619045","0.00010497383357619045","0.00010497383357619045","false"
"5","female","60","익산","맞춤형코스","0","0","0.00009325924768030969","0.00009325924768030969","0.00009325924768030969","false"
"5","female","16","대구","테마(야경 11~3월)","0","0","0","0","0","false"
"5","female","36","화성","별과 하루","0","0","0","0","0","false"
"5","female","37","화성","노을과 하루","0","0","0","0","0","false"
"5","female","44","화성","섬과 하루","0","0","0","0","0","false"
"5","female","55","영주","특별운영","0","0","0","0","0","false"
"5","female","88","청주","청주시티투어_수시투어","0","0","0","0","0","false"
"5","female","125","부천","정규코스. 특별코스","0","0","0","0","0","false"
"5","female","132","인천","선재영흥투어","0","0","0","0","0","false"
"5","female","134","인천","무의도투어","0","0","0","0","0","false"
"5","female","141","제천","제천관광택시","0","0","0","0","0","false"
"5","female","198","공주","축제코스","0","0","0","0","0","false"
"5","female","259","단양","단양군시티투어","0","0","0","0","0","false"
"5","female","261","부여","백제문화단지-부소산성-궁남지-정림사지-백제문화단지","0","0","0","0","0","false"
"5","unspecified","10","대구","테마-전통5일장-현풍백년도깨비시장","2","0","0","0","2","true"
"5","unspecified","7","제주","순환형코스","1.9500000000000002","0","0","0","1.9500000000000002","true"
"5","unspecified","122","시흥","테마형 수시코스","1.85","0","0","0","1.85","true"
"5","unspecified","14","대구","테마-방방곡곡(팔공산)","1.8","0","0","0","1.8","false"
"5","unspecified","112","정선","와와정선 2층 투어버스","1.2000000000000002","0.0005495094021990041","0","0.0005495094021990042","1.2005495094021992","true"
"5","unspecified","156","세종","역사산책투어","1.17","0","0","0","1.17","true"
"5","unspecified","15","대구","도심순환코스(12개 정류장)","1","0","0","0","1","false"
"5","unspecified","129","인천","노을야경투어","1","0","0","0","1","false"
"5","unspecified","131","인천","교동도투어","1","0","0","0","1","false"
"5","unspecified","135","인천","바다노선","1","0","0","0","1","false"
"5","unspecified","183","포항","퐝랜드마크B코스","1","0","0","0","1","false"
"5","unspecified","130","인천","석모도투어","0.95","0","0","0","0.95","false"
"5","unspecified","184","포항","퐝랜드마크A코스","0.95","0","0","0","0.95","false"
"5","unspecified","185","포항","씨(SEA)하게 보는 포항코스","0.95","0","0","0","0.95","false"
"5","unspecified","159","세종","봄꽃파닭B투어","0.9366666666666666","0","0","0","0.9366666666666666","false"
"5","unspecified","160","세종","봄꽃파닭A투어","0.9366666666666666","0","0","0","0.9366666666666666","false"
"5","unspecified","120","파주","2026 파주시티투어 당일코스(수요일)","0.8866666666666667","0","0","0","0.8866666666666667","false"
"5","unspecified","181","김해","김해에반해","0.8771428571428572","0","0","0","0.8771428571428572","false"
"5","unspecified","179","김해","역사에반해","0.8533333333333334","0","0","0","0.8533333333333334","false"
"5","unspecified","133","인천","청라투어","0.85","0","0","0","0.85","false"
"5","unspecified","267","공주","반일코스","0.8300000000000001","0","0","0","0.8300000000000001","false"
"5","unspecified","11","대구","테마-방방곡곡(사시사철)","0.8","0","0","0","0.8","false"
"5","unspecified","12","대구","테마-방방곡곡(군위군 돋보기)","0.8","0","0","0","0.8","false"
"5","unspecified","13","대구","테마-방방곡곡(낙동강)","0.8","0","0","0","0.8","false"
"5","unspecified","229","대전","대청호코스","0.8","0","0","0","0.8","false"
"5","unspecified","180","김해","자연에반해","0.77","0","0","0","0.77","false"
"5","unspecified","74","천안","화요일","0.7325","0","0","0","0.7325","false"
"5","unspecified","262","공주","봄·여름·가을 코스","0.7033333333333334","0","0","0","0.7033333333333334","false"
"5","unspecified","138","군산","(박물관 출발) 고군산코스","0.6866666666666666","0","0","0","0.6866666666666666","false"
"5","unspecified","173","춘천","수요일","0.6866666666666666","0","0","0","0.6866666666666666","false"
"5","unspecified","166","태안","광역코스","0.67","0","0","0","0.67","false"
"5","unspecified","178","김해","문화에반해","0.6599999999999999","0","0","0","0.6599999999999999","false"
"5","unspecified","235","홍천","홍천시티투어","0.6533333333333333","0","0","0","0.6533333333333333","false"
"5","unspecified","188","서천","푸른빛코스","0.645","0.0010154623350057802","0","0.0010154623350057805","0.6460154623350058","false"
"5","unspecified","227","대전","광역투어(첫주, 일)","0.6387499999999999","0","0","0","0.6387499999999999","false"
"5","unspecified","46","합천","합천광역시티투어 누비고","0.6366666666666667","0","0","0","0.6366666666666667","false"
"5","unspecified","42","화성","역사와 하루1","0.63","0","0","0","0.63","false"
"5","unspecified","61","익산","세계유산코스","0.62","0","0","0","0.62","false"
"5","unspecified","116","파주","2026 파주시티투어 당일코스(일요일)","0.62","0","0","0","0.62","false"
"5","unspecified","119","파주","2026 파주시티투어 당일코스(목요일)","0.62","0","0","0","0.62","false"
"5","unspecified","223","대전","광역투어(셋째주, 일)","0.5985714285714285","0","0","0","0.5985714285714285","false"
"5","unspecified","263","공주","가을코스2","0.5755555555555556","0","0","0","0.5755555555555556","false"
"5","unspecified","236","화천","화천시티투어(백암산케이블카)","0.5700000000000001","0","0","0","0.5700000000000001","false"
"5","unspecified","254","경산","소원성취코스,삼성현명품투어코스","0.5628571428571428","0","0","0","0.5628571428571428","false"
"5","unspecified","126","대구","도동코스","0.5575","0","0","0","0.5575","false"
"5","unspecified","177","경기광주","광주시티투어","0.5569415584415585","0","0","0","0.5569415584415585","false"
"5","unspecified","127","대구","송해코스","0.54","0","0","0","0.54","false"
"5","unspecified","241","순천","(테마투어)생태투어","0.54","0","0","0","0.54","false"
"5","unspecified","81","연천","역사자연코스","0.5342857142857143","0.0001335012405695749","0","0.0001335012405695749","0.5344192155262838","false"
"5","unspecified","265","공주","여름코스","0.53","0","0","0","0.53","false"
"5","unspecified","96","양산","양산시 가을 시티투어 (역사문화코스)","0.5129484848484848","0.0001335012405695749","0","0.00013350124056957496","0.5130819860890543","false"
"5","unspecified","162","세종","세종관광명소B투어","0.5075000000000001","0","0","0","0.5075000000000001","false"
"5","unspecified","47","밀양","삼랑진권 투어","0.495","0","0","0","0.495","false"
"5","unspecified","144","안산","안산 시내권코스(토요일)","0.495","0","0","0","0.495","false"
"5","unspecified","258","양주","왕실축제","0.495","0","0","0","0.495","false"
"5","unspecified","108","부여","부여테마여행","0.4936842105263158","0","0","0","0.4936842105263158","false"
"5","unspecified","249","대전","광역투어(다섯째주, 토)","0.48875","0","0","0","0.48875","false"
"5","unspecified","222","아산","아산도심핫플코스","0.4866666666666667","0","0","0","0.4866666666666667","false"
"5","unspecified","175","춘천","월요일","0.48250000000000004","0","0","0","0.48250000000000004","false"
"5","unspecified","195","완주","완주힐링로드시티투어 2코스","0.4755555555555555","0.00015088291151526444","0","0.00015088291151526444","0.4757064384670708","false"
"5","unspecified","72","천안","토요일","0.47000000000000003","0","0","0","0.47000000000000003","false"
"5","unspecified","73","천안","목요일","0.47000000000000003","0","0","0","0.47000000000000003","false"
"5","unspecified","161","세종","천안연계투어","0.47000000000000003","0","0","0","0.47000000000000003","false"
"5","unspecified","86","평택","문화유산코스 /관광코스 ※무장애코스 월2회 정기운영(3~6월,9~11월)","0.4642307692307692","0","0","0","0.4642307692307692","false"
"5","unspecified","186","서천","동백코스(익산-군산 광역)","0.45333333333333337","0.0010154623350057802","0","0.0010154623350057805","0.45434879566833913","false"
"5","unspecified","225","대전","광역투어(둘째주, 일)","0.45333333333333337","0","0","0","0.45333333333333337","false"
"5","unspecified","64","홍성","전통시장코스(홍성) 1,6일 운영","0.45000000000000007","0","0","0","0.45000000000000007","false"
"5","unspecified","237","화천","화천시티투어(평화누리호)","0.45000000000000007","0","0","0","0.45000000000000007","false"
"5","unspecified","252","안성","안성시티투어","0.45000000000000007","0","0","0","0.45000000000000007","false"
"5","unspecified","203","양주","박물관투어","0.44857142857142857","0","0","0","0.44857142857142857","false"
"5","unspecified","167","태안","남부코스","0.445","0","0","0","0.445","false"
"5","unspecified","264","공주","가을코스","0.43500000000000005","0","0","0","0.43500000000000005","false"
"5","unspecified","43","화성","자연과 하루","0.4325","0","0","0","0.4325","false"
"5","unspecified","157","세종","행복투어A","0.43000000000000005","0","0","0","0.43000000000000005","false"
"5","unspecified","240","순천","(테마투어)성곽투어","0.43000000000000005","0","0","0","0.43000000000000005","false"
"5","unspecified","216","대전","역사문화(효월드)","0.42714285714285716","0","0","0","0.42714285714285716","false"
"5","unspecified","255","울산","장생포 대왕암 코스","0.42714285714285716","0","0","0","0.42714285714285716","false"
"5","unspecified","30","목포","목포랑시티투어","0.4241666666666667","0","0","0","0.4241666666666667","false"
"5","unspecified","190","영광","영광쉼,투어","0.42","0.0008843677523912795","0","0.0008843677523912796","0.42088436775239124","false"
"5","unspecified","163","세종","세종관광명소A투어","0.42000000000000004","0","0","0","0.42000000000000004","false"
"5","unspecified","214","대전","힐링(만인산)","0.42000000000000004","0","0","0","0.42000000000000004","false"
"5","unspecified","238","순천","(테마투어)산사투어","0.42000000000000004","0","0","0","0.42000000000000004","false"
"5","unspecified","243","나주","정기코스","0.42000000000000004","0","0","0","0.42000000000000004","false"
"5","unspecified","253","대전","언택트세이프?","0.42000000000000004","0","0","0","0.42000000000000004","false"
"5","unspecified","9","대구","테마-전통5일장-군위전통시장","0.42","0","0","0","0.42","false"
"5","unspecified","145","안산","안산 시내권코스(목요일)","0.42","0","0","0","0.42","false"
"5","unspecified","224","대전","광역투어(셋째주, 토)","0.41285714285714287","0","0","0","0.41285714285714287","false"
"5","unspecified","189","서천","보랏빛코스","0.4057142857142857","0.0010154623350057802","0","0.0010154623350057805","0.40672974804929146","false"
"5","unspecified","197","평창","북부권 코스","0.40179545454545457","0","0","0","0.40179545454545457","false"
"5","unspecified","17","해남","해남시티투어","0.4","0.0005610508431224861","0","0.0005610508431224862","0.4005610508431225","false"
"5","unspecified","40","화성","모두와 하루(무장애 여행)","0.4","0","0","0","0.4","false"
"5","unspecified","58","익산","순환형2","0.395","0","0","0","0.395","false"
"5","unspecified","59","익산","순환형1","0.395","0","0","0","0.395","false"
"5","unspecified","204","양주","역사투어","0.395","0","0","0","0.395","false"
"5","unspecified","187","서천","금빛코스","0.39142857142857146","0.0010154623350057802","0","0.0010154623350057805","0.3924440337635772","false"
"5","unspecified","123","시흥","테마형 정기코스","0.39","0","0","0","0.39","false"
"5","unspecified","124","시흥","순환형 2층버스","0.39","0","0","0","0.39","false"
"5","unspecified","48","밀양","영남알프스권 투어 1","0.38250000000000006","0","0","0","0.38250000000000006","false"
"5","unspecified","155","세종","정원투어","0.38","0","0","0","0.38","false"
"5","unspecified","217","대전","대덕특구탐방","0.38","0","0","0","0.38","false"
"5","unspecified","221","아산","休캉스 코스","0.38","0","0","0","0.38","false"
"5","unspecified","245","아산","역사기행 코스","0.38","0","0","0","0.38","false"
"5","unspecified","193","완주","완주힐링로드 시티투어(코레일연계 익산역)","0.37909090909090915","0.00015088291151526444","0","0.00015088291151526444","0.3792417920024244","false"
"5","unspecified","51","사천","오감체험투어","0.3783333333333333","0.00007790926990607404","0","0.00007790926990607404","0.3784112426032394","false"
"5","unspecified","107","예산","예산군 버스투어","0.3783333333333333","0","0","0","0.3783333333333333","false"
"5","unspecified","272","서울","EG투어버스 E코스","0.3783333333333333","0","0","0","0.3783333333333333","false"
"5","unspecified","266","공주","봄코스","0.37357142857142855","0","0","0","0.37357142857142855","false"
"5","unspecified","117","파주","2026 파주시티투어 당일코스(토요일)","0.37","0","0","0","0.37","false"
"5","unspecified","257","양주","천일홍축제","0.37","0","0","0","0.37","false"
"5","unspecified","109","부여","롯데리조트부여와 함께하는 부여 감성야행","0.3616666666666667","0","0","0","0.3616666666666667","false"
"5","unspecified","97","양산","2025 6월 시티투어","0.35333333333333333","0.0001335012405695749","0","0.0001335012405695749","0.35346683457390293","false"
"5","unspecified","67","홍성","역사·문화 코스","0.35333333333333333","0","0","0","0.35333333333333333","false"
"5","unspecified","158","세종","역사문화투어","0.35333333333333333","0","0","0","0.35333333333333333","false"
"5","unspecified","172","춘천","목요일","0.35333333333333333","0","0","0","0.35333333333333333","false"
"5","unspecified","248","대전","광역투어(다섯째주, 일)","0.35125000000000006","0","0","0","0.35125000000000006","false"
"5","unspecified","194","완주","완주힐링로드 시티투어(서울권역)","0.3491666666666667","0.00015088291151526444","0","0.00015088291151526444","0.34931754957818195","false"
"5","unspecified","18","광양","광양역사코스","0.34777777777777774","0","0","0","0.34777777777777774","false"
"5","unspecified","19","광양","광양힐링코스","0.34777777777777774","0","0","0","0.34777777777777774","false"
"5","unspecified","205","양주","기본코스","0.34777777777777774","0","0","0","0.34777777777777774","false"
"5","unspecified","65","홍성","전통시장코스(광천) 4,9일 운영","0.345","0","0","0","0.345","false"
"5","unspecified","274","서울","EG투어버스 C코스","0.345","0","0","0","0.345","false"
"5","unspecified","247","대전","언택트세이프(A)","0.34","0","0","0","0.34","false"
"5","unspecified","270","서울","EG투어버스 G코스","0.34","0","0","0","0.34","false"
"5","unspecified","196","완주","완주힐링로드시티투어 1코스","0.3392307692307693","0.00015088291151526444","0","0.00015088291151526444","0.33938165214228455","false"
"5","unspecified","121","파주","2026 파주시티투어 당일코스(화요일)","0.33666666666666667","0","0","0","0.33666666666666667","false"
"5","unspecified","115","파주","2026 파주시티투어 1박2일코스(토요일~일요일)","0.32833333333333337","0","0","0","0.32833333333333337","false"
"5","unspecified","233","서천","광역코스","0.3271428571428571","0.0010154623350057802","0","0.0010154623350057805","0.3281583194778629","false"
"5","unspecified","234","서천","힐링코스","0.3271428571428571","0.0010154623350057802","0","0.0010154623350057805","0.3281583194778629","false"
"5","unspecified","128","대구","현풍코스","0.3271428571428572","0","0","0","0.3271428571428572","false"
"5","unspecified","142","제천","시티투어","0.32000000000000006","0","0","0","0.32000000000000006","false"
"5","unspecified","89","청주","청주시티투어_정기투어_트레킹 투어(토)","0.32","0","0","0","0.32","false"
"5","unspecified","201","양주","자연친화코스1","0.32","0","0","0","0.32","false"
"5","unspecified","169","춘천","일요일","0.31500000000000006","0","0","0","0.31500000000000006","false"
"5","unspecified","170","춘천","토요일","0.31500000000000006","0","0","0","0.31500000000000006","false"
"5","unspecified","104","안동","하회마을테마","0.3109090909090909","0","0","0","0.3109090909090909","false"
"5","unspecified","102","안동","봉정사&만휴정테마","0.3063636363636364","0","0","0","0.3063636363636364","false"
"5","unspecified","68","서산","C코스","0.3057142857142857","0.00006258454280605062","0","0.00006258454280605062","0.30577687025709177","false"
"5","unspecified","202","양주","서울우유견학코스","0.3057142857142857","0","0","0","0.3057142857142857","false"
"5","unspecified","66","홍성","남당항 코스","0.30333333333333334","0","0","0","0.30333333333333334","false"
"5","unspecified","199","완도","해양치유시티투어","0.30214285714285716","0.000643281693735234","0","0.000643281693735234","0.3027861388365924","false"
"5","unspecified","94","여주","시티투어","0.3018181818181818","0.0004918014637739952","0","0.0004918014637739953","0.3023099832819558","false"
"5","unspecified","69","서산","B코스","0.2985714285714286","0.00006258454280605062","0","0.00006258454280605062","0.29863401311423465","false"
"5","unspecified","153","세종","행복투어B","0.2866666666666667","0","0","0","0.2866666666666667","false"
"5","unspecified","242","순천","(기획투어)나이트가든투어","0.2866666666666667","0","0","0","0.2866666666666667","false"
"5","unspecified","90","청주","청주시티투어_정기투어_힐링로드 투어(토)","0.28428571428571425","0","0","0","0.28428571428571425","false"
"5","unspecified","256","울산","태화강 국가정원 코스","0.2838888888888889","0","0","0","0.2838888888888889","false"
"5","unspecified","174","춘천","화요일","0.28250000000000003","0","0","0","0.28250000000000003","false"
"5","unspecified","143","동해","관광문화코스","0.2783333333333333","0","0","0","0.2783333333333333","false"
"5","unspecified","139","군산","(익산역 출발) 고군산시간여행코스","0.27","0","0","0","0.27","false"
"5","unspecified","176","창원","창원시티투어","0.26999999999999996","0","0","0","0.26999999999999996","false"
"5","unspecified","53","사천","바다투어","0.26285714285714284","0.00007790926990607404","0","0.00007790926990607404","0.26293505212704893","false"
"5","unspecified","137","임실","명소탐방 임실 시티투어","0.26","0","0","0","0.26","false"
"5","unspecified","192","삼척","종일코스","0.26","0","0","0","0.26","false"
"5","unspecified","277","서울","EG투어버스 J코스","0.25","0","0","0","0.25","false"
"5","unspecified","279","서울","EG투어버스 H코스","0.25","0","0","0","0.25","false"
"5","unspecified","22","여수","2층야간코스","0.24857142857142853","0","0","0","0.24857142857142853","false"
"5","unspecified","250","대전","광역투어(넷재주, 일)","0.24857142857142853","0","0","0","0.24857142857142853","false"
"5","unspecified","3","부산","오렌지라인","0.24692307692307694","0","0","0","0.24692307692307694","false"
"5","unspecified","34","화성","테마와 하루(농어촌 체험)","0.245","0","0","0","0.245","false"
"5","unspecified","35","화성","소소한 하루","0.245","0","0","0","0.245","false"
"5","unspecified","25","여수","이순신문화유적코스","0.2422222222222222","0","0","0","0.2422222222222222","false"
"5","unspecified","56","영주","선비 코스","0.23500000000000001","0","0","0","0.23500000000000001","false"
"5","unspecified","103","안동","도산서원&예끼마을테마","0.23500000000000001","0","0","0","0.23500000000000001","false"
"5","unspecified","212","대전","야경","0.23249999999999998","0","0","0","0.23249999999999998","false"
"5","unspecified","5","부산","레드라인","0.23153846153846155","0","0","0","0.23153846153846155","false"
"5","unspecified","50","사천","우주항공산업투어","0.23111111111111107","0.00007790926990607404","0","0.00007790926990607404","0.23118902038101716","false"
"5","unspecified","38","화성","바다와 하루","0.23","0","0","0","0.23","false"
"5","unspecified","239","순천","(테마투어)세계유산투어","0.23","0","0","0","0.23","false"
"5","unspecified","268","서울","EG투어버스 B코스","0.23","0","0","0","0.23","false"
"5","unspecified","52","사천","이순신승전길투어","0.22624999999999998","0.00007790926990607404","0","0.00007790926990607404","0.22632790926990606","false"
"5","unspecified","78","원주","원주시티투어(순환형)","0.22333333333333333","0","0","0","0.22333333333333333","false"
"5","unspecified","154","세종","야경투어","0.22","0","0","0","0.22","false"
"5","unspecified","168","태안","북부코스","0.22","0","0","0","0.22","false"
"5","unspecified","244","아산","예술맛집 코스","0.22","0","0","0","0.22","false"
"5","unspecified","106","안동","주간도심테마","0.21999999999999997","0","0","0","0.21999999999999997","false"
"5","unspecified","232","서천","전라권코스","0.21166666666666664","0.0010154623350057802","0","0.0010154623350057805","0.2126821290016724","false"
"5","unspecified","98","양산","봄꽃체험코스","0.21","0.0001335012405695749","0","0.0001335012405695749","0.21013350124056956","false"
"5","unspecified","230","대전","남부코스","0.21","0","0","0","0.21","false"
"5","unspecified","39","화성","열차와 하루","0.2033333333333333","0","0","0","0.2033333333333333","false"
"5","unspecified","8","대구","테마(야경 4~10월)","0.2","0","0","0","0.2","false"
"5","unspecified","54","사천","별빛투어","0.19727272727272727","0.00007790926990607404","0","0.00007790926990607404","0.19735063654263335","false"
"5","unspecified","99","봉화","송이축제 문화유적탐방버스","0.19","0.0024331550186585285","0","0.002433155018658529","0.19243315501865854","false"
"5","unspecified","100","봉화","은어축제 문화유적탐방버스","0.19","0.0024331550186585285","0","0.002433155018658529","0.19243315501865854","false"
"5","unspecified","213","대전","힐링(장태산)","0.19","0","0","0","0.19","false"
"5","unspecified","269","서울","EG투어버스 A코스","0.19","0","0","0","0.19","false"
"5","unspecified","208","양구","방산나들이코스","0.18666666666666665","0","0","0","0.18666666666666665","false"
"5","unspecified","226","대전","광역투어(둘째주, 토)","0.18666666666666665","0","0","0","0.18666666666666665","false"
"5","unspecified","62","익산","익산숨은보석찾기코스","0.18428571428571425","0","0","0","0.18428571428571425","false"
"5","unspecified","218","대전","생태교육","0.18","0","0","0","0.18","false"
"5","unspecified","278","서울","EG투어버스 I코스","0.18","0","0","0","0.18","false"
"5","unspecified","79","연천","연천명소코스","0.17833333333333332","0.0001335012405695749","0","0.0001335012405695749","0.1784668345739029","false"
"5","unspecified","95","양산","양산시 가을 시티투어 (자연관광코스)","0.17833333333333332","0.0001335012405695749","0","0.0001335012405695749","0.1784668345739029","false"
"5","unspecified","113","가평","가평순환버스B코스","0.17833333333333332","0","0","0","0.17833333333333332","false"
"5","unspecified","207","양구","힐링산책코스","0.17833333333333332","0","0","0","0.17833333333333332","false"
"5","unspecified","70","서산","A코스","0.16999999999999998","0.00006258454280605062","0","0.00006258454280605062","0.17006258454280604","false"
"5","unspecified","260","서천","문화코스","0.1633333333333333","0.0010154623350057802","0","0.0010154623350057805","0.16434879566833907","false"
"5","unspecified","77","태백","황지자유시장 코스","0.16374999999999998","0.0002298505622845734","0","0.0002298505622845734","0.16397985056228456","false"
"5","unspecified","210","곡성","읍권 순환버스","0.16374999999999998","0","0","0","0.16374999999999998","false"
"5","unspecified","0","부산","동부산테마노선","0.16285714285714284","0","0","0","0.16285714285714284","false"
"5","unspecified","26","여수","다크투어리즘코스","0.16285714285714284","0","0","0","0.16285714285714284","false"
"5","unspecified","140","군산","고군산시간여행코스","0.16285714285714284","0","0","0","0.16285714285714284","false"
"5","unspecified","80","연천","안보자연코스","0.16166666666666665","0.0001335012405695749","0","0.0001335012405695749","0.16180016790723623","false"
"5","unspecified","63","홍성","죽도코스","0.16166666666666665","0","0","0","0.16166666666666665","false"
"5","unspecified","206","양구","해안DMZ트래킹 코스","0.16166666666666665","0","0","0","0.16166666666666665","false"
"5","unspecified","220","아산","인생네컷 코스","0.16166666666666665","0","0","0","0.16166666666666665","false"
"5","unspecified","147","안산","대부도 해변코스(일반형 2코스)","0.15333333333333332","0","0","0","0.15333333333333332","false"
"5","unspecified","148","안산","대부도 해변코스(일반형 1코스)","0.15333333333333332","0","0","0","0.15333333333333332","false"
"5","unspecified","215","대전","역사문화(동춘당)","0.15333333333333332","0","0","0","0.15333333333333332","false"
"5","unspecified","110","정선","아리랑열차 연계형 시티투어2","0.15","0.0005495094021990041","0","0.0005495094021990042","0.150549509402199","false"
"5","unspecified","111","정선","아리랑열차 연계형 시티투어 1","0.15","0.0005495094021990041","0","0.0005495094021990042","0.150549509402199","false"
"5","unspecified","87","의정부","의정부포레스트:오감이 깨어나는 숲 속 여행","0.15","0","0","0","0.15","false"
"5","unspecified","136","인천","인천레트로노선","0.15","0","0","0","0.15","false"
"5","unspecified","182","포항","퐝순환코스","0.15","0","0","0","0.15","false"
"5","unspecified","76","태백","통리장 코스","0.145","0.0002298505622845734","0","0.0002298505622845734","0.14522985056228457","false"
"5","unspecified","91","청주","청주시티투어_정기투어_초정힐링 투어(토)","0.145","0","0","0","0.145","false"
"5","unspecified","251","대전","광역투어(넷재주, 토)","0.145","0","0","0","0.145","false"
"5","unspecified","27","여수","제2코스","0.14307692307692307","0","0","0","0.14307692307692307","false"
"5","unspecified","1","부산","서부산생태투어","0.13874999999999998","0","0","0","0.13874999999999998","false"
"5","unspecified","20","광양","야경코스","0.13874999999999998","0","0","0","0.13874999999999998","false"
"5","unspecified","24","여수","야경코스","0.13428571428571426","0","0","0","0.13428571428571426","false"
"5","unspecified","105","안동","야간도심테마","0.13428571428571426","0","0","0","0.13428571428571426","false"
"5","unspecified","92","청주","청주시티투어_정기투어_청남대 투어(수토일)","0.1311111111111111","0","0","0","0.1311111111111111","false"
"5","unspecified","171","춘천","금요일","0.12625","0","0","0","0.12625","false"
"5","unspecified","191","평창","남부권 코스","0.12625","0","0","0","0.12625","false"
"5","unspecified","151","안산","대부도 뱃길코스(일반형 2코스)","0.12555555555555556","0","0","0","0.12555555555555556","false"
"5","unspecified","49","밀양","시내권 투어 1","0.12000000000000001","0","0","0","0.12000000000000001","false"
"5","unspecified","228","대전","광역투어(첫주, 토)","0.12000000000000001","0","0","0","0.12000000000000001","false"
"5","unspecified","57","영주","물돌이 코스","0.115","0","0","0","0.115","false"
"5","unspecified","114","가평","가평순환버스A코스","0.11444444444444445","0","0","0","0.11444444444444445","false"
"5","unspecified","152","안산","대부도 뱃길코스(일반형 1코스)","0.10888888888888888","0","0","0","0.10888888888888888","false"
"5","unspecified","23","여수","2층주간코스","0.10500000000000001","0","0","0","0.10500000000000001","false"
"5","unspecified","21","여수","야간테마코스(시간을달리는버스커)","0.09272727272727273","0","0","0","0.09272727272727273","false"
"5","unspecified","4","부산","그린라인","0.08923076923076924","0","0","0","0.08923076923076924","false"
"5","unspecified","71","천안","일요일","0.0825","0","0","0","0.0825","false"
"5","unspecified","200","진도","진도시티투어","0.06642857142857143","0.0002696688758373019","0","0.0002696688758373019","0.06669824030440874","false"
"5","unspecified","41","화성","역사와 하루2","0.06","0","0","0","0.06","false"
"5","unspecified","101","청도","시티투어","0.06","0","0","0","0.06","false"
"5","unspecified","32","화성","테마와 하루(문화예술 체험)","0.05333333333333333","0","0","0","0.05333333333333333","false"
"5","unspecified","275","서울","EG투어버스 L코스","0.05333333333333333","0","0","0","0.05333333333333333","false"
"5","unspecified","33","화성","테마와 하루(목장 체험)","0.05","0","0","0","0.05","false"
"5","unspecified","146","안산","대부도 해변코스(체험형 1코스)","0.05","0","0","0","0.05","false"
"5","unspecified","28","여수","제1코스","0.04857142857142857","0","0","0","0.04857142857142857","false"
"5","unspecified","85","이천","농촌체험코스(남부)","0.045","0","0","0","0.045","false"
"5","unspecified","149","안산","대부도 뱃길코스(체험형 2코스)","0.045","0","0","0","0.045","false"
"5","unspecified","150","안산","대부도 뱃길코스(체험형 1코스)","0.045","0","0","0","0.045","false"
"5","unspecified","6","제주","야간코스(7월말~8월말 운영)","0.041428571428571426","0","0","0","0.041428571428571426","false"
"5","unspecified","84","이천","농촌체험코스(중부)","0.04000000000000001","0","0","0","0.04000000000000001","false"
"5","unspecified","209","곡성","압록권역 순환버스","0.04000000000000001","0","0","0","0.04000000000000001","false"
"5","unspecified","276","서울","EG투어버스 K 코스","0.04000000000000001","0","0","0","0.04000000000000001","false"
"5","unspecified","45","화성","테마와 하루(지역축제 체험)","0.03666666666666667","0","0","0","0.03666666666666667","false"
"5","unspecified","83","이천","농촌체험코스(북부)","0.03666666666666667","0","0","0","0.03666666666666667","false"
"5","unspecified","82","이천","승마체험코스","0.0325","0","0","0","0.0325","false"
"5","unspecified","31","화성","테마와 하루(해양생태 체험)","0.030000000000000002","0","0","0","0.030000000000000002","false"
"5","unspecified","246","대전","언택트세이프(B)","0.030000000000000002","0","0","0","0.030000000000000002","false"
"5","unspecified","271","서울","EG투어버스 F코스","0.030000000000000002","0","0","0","0.030000000000000002","false"
"5","unspecified","93","여주","꽃섬투어","0.025555555555555557","0.0004918014637739952","0","0.0004918014637739953","0.026047357019329552","false"
"5","unspecified","2","부산","야경투어","0.02","0","0","0","0.02","false"
"5","unspecified","29","목포","별빛물결시티투어","0.02","0","0","0","0.02","false"
"5","unspecified","75","충주","충주시티투어","0.02","0","0","0","0.02","false"
"5","unspecified","118","파주","2026 파주시티투어 당일코스(금요일)","0.02","0","0","0","0.02","false"
"5","unspecified","164","화순","화순적벽 버스투어(적벽 셔틀버스)","0.02","0","0","0","0.02","false"
"5","unspecified","165","화순","화순적벽 버스투어(적벽투어)","0.02","0","0","0","0.02","false"
"5","unspecified","211","대전","가족여행","0.02","0","0","0","0.02","false"
"5","unspecified","219","대전","다크투어","0.02","0","0","0","0.02","false"
"5","unspecified","273","서울","EG투어버스 D코스","0.02","0","0","0","0.02","false"
"5","unspecified","16","대구","테마(야경 11~3월)","0","0","0","0","0","false"
"5","unspecified","36","화성","별과 하루","0","0","0","0","0","false"
"5","unspecified","37","화성","노을과 하루","0","0","0","0","0","false"
"5","unspecified","44","화성","섬과 하루","0","0","0","0","0","false"
"5","unspecified","55","영주","특별운영","0","0","0","0","0","false"
"5","unspecified","60","익산","맞춤형코스","0","0","0","0","0","false"
"5","unspecified","88","청주","청주시티투어_수시투어","0","0","0","0","0","false"
"5","unspecified","125","부천","정규코스. 특별코스","0","0","0","0","0","false"
"5","unspecified","132","인천","선재영흥투어","0","0","0","0","0","false"
"5","unspecified","134","인천","무의도투어","0","0","0","0","0","false"
"5","unspecified","141","제천","제천관광택시","0","0","0","0","0","false"
"5","unspecified","198","공주","축제코스","0","0","0","0","0","false"
"5","unspecified","231","태안","북부코스남부코스","0","0","0","0","0","false"
"5","unspecified","259","단양","단양군시티투어","0","0","0","0","0","false"
"5","unspecified","261","부여","백제문화단지-부소산성-궁남지-정림사지-백제문화단지","0","0","0","0","0","false"
"6","male","10","대구","테마-전통5일장-현풍백년도깨비시장","2","0","0","0","2","true"
"6","male","7","제주","순환형코스","1.9500000000000002","0","0","0","1.9500000000000002","true"
"6","male","122","시흥","테마형 수시코스","1.85","0","0.0001327925745534798","0.0001327925745534798","1.8501327925745537","true"
"6","male","14","대구","테마-방방곡곡(팔공산)","1.8","0","0","0","1.8","false"
"6","male","112","정선","와와정선 2층 투어버스","1.2000000000000002","0","0","0","1.2000000000000002","true"
"6","male","156","세종","역사산책투어","1.17","0","0","0","1.17","true"
"6","male","15","대구","도심순환코스(12개 정류장)","1","0","0","0","1","false"
"6","male","129","인천","노을야경투어","1","0","0","0","1","false"
"6","male","131","인천","교동도투어","1","0","0","0","1","false"
"6","male","135","인천","바다노선","1","0","0","0","1","false"
"6","male","183","포항","퐝랜드마크B코스","1","0","0","0","1","false"
"6","male","130","인천","석모도투어","0.95","0","0","0","0.95","false"
"6","male","184","포항","퐝랜드마크A코스","0.95","0","0","0","0.95","false"
"6","male","185","포항","씨(SEA)하게 보는 포항코스","0.95","0","0","0","0.95","false"
"6","male","159","세종","봄꽃파닭B투어","0.9366666666666666","0","0","0","0.9366666666666666","false"
"6","male","160","세종","봄꽃파닭A투어","0.9366666666666666","0","0","0","0.9366666666666666","false"
"6","male","120","파주","2026 파주시티투어 당일코스(수요일)","0.8866666666666667","0","0","0","0.8866666666666667","false"
"6","male","181","김해","김해에반해","0.8771428571428572","0","0.000042864459740554696","0.000042864459740554696","0.8771857216025978","false"
"6","male","179","김해","역사에반해","0.8533333333333334","0","0.000042864459740554696","0.000042864459740554696","0.8533761977930739","false"
"6","male","133","인천","청라투어","0.85","0","0","0","0.85","false"
"6","male","267","공주","반일코스","0.8300000000000001","0","0","0","0.8300000000000001","false"
"6","male","11","대구","테마-방방곡곡(사시사철)","0.8","0","0","0","0.8","false"
"6","male","12","대구","테마-방방곡곡(군위군 돋보기)","0.8","0","0","0","0.8","false"
"6","male","13","대구","테마-방방곡곡(낙동강)","0.8","0","0","0","0.8","false"
"6","male","229","대전","대청호코스","0.8","0","0","0","0.8","false"
"6","male","180","김해","자연에반해","0.77","0","0.000042864459740554696","0.000042864459740554696","0.7700428644597406","false"
"6","male","74","천안","화요일","0.7325","0","0","0","0.7325","false"
"6","male","262","공주","봄·여름·가을 코스","0.7033333333333334","0","0","0","0.7033333333333334","false"
"6","male","138","군산","(박물관 출발) 고군산코스","0.6866666666666666","0","0.00004344812146239216","0.00004344812146239216","0.686710114788129","false"
"6","male","173","춘천","수요일","0.6866666666666666","0","0","0","0.6866666666666666","false"
"6","male","166","태안","광역코스","0.67","0","0","0","0.67","false"
"6","male","178","김해","문화에반해","0.6599999999999999","0","0.000042864459740554696","0.000042864459740554696","0.6600428644597405","false"
"6","male","235","홍천","홍천시티투어","0.6533333333333333","0","0","0","0.6533333333333333","false"
"6","male","188","서천","푸른빛코스","0.645","0","0","0","0.645","false"
"6","male","227","대전","광역투어(첫주, 일)","0.6387499999999999","0","0","0","0.6387499999999999","false"
"6","male","46","합천","합천광역시티투어 누비고","0.6366666666666667","0","0","0","0.6366666666666667","false"
"6","male","42","화성","역사와 하루1","0.63","0","0.00011338305027020722","0.00011338305027020722","0.6301133830502702","false"
"6","male","61","익산","세계유산코스","0.62","0","0","0","0.62","false"
"6","male","116","파주","2026 파주시티투어 당일코스(일요일)","0.62","0","0","0","0.62","false"
"6","male","119","파주","2026 파주시티투어 당일코스(목요일)","0.62","0","0","0","0.62","false"
"6","male","223","대전","광역투어(셋째주, 일)","0.5985714285714285","0","0","0","0.5985714285714285","false"
"6","male","263","공주","가을코스2","0.5755555555555556","0","0","0","0.5755555555555556","false"
"6","male","236","화천","화천시티투어(백암산케이블카)","0.5700000000000001","0","0.0003829599623132855","0.0003829599623132855","0.5703829599623134","false"
"6","male","254","경산","소원성취코스,삼성현명품투어코스","0.5628571428571428","0","0","0","0.5628571428571428","false"
"6","male","126","대구","도동코스","0.5575","0","0","0","0.5575","false"
"6","male","177","경기광주","광주시티투어","0.5569415584415585","0","0","0","0.5569415584415585","false"
"6","male","127","대구","송해코스","0.54","0","0","0","0.54","false"
"6","male","241","순천","(테마투어)생태투어","0.54","0","0","0","0.54","false"
"6","male","81","연천","역사자연코스","0.5342857142857143","0","0.00020103247267750098","0.00020103247267750098","0.5344867467583918","false"
"6","male","265","공주","여름코스","0.53","0","0","0","0.53","false"
"6","male","96","양산","양산시 가을 시티투어 (역사문화코스)","0.5129484848484848","0","0","0","0.5129484848484848","false"
"6","male","162","세종","세종관광명소B투어","0.5075000000000001","0","0","0","0.5075000000000001","false"
"6","male","258","양주","왕실축제","0.495","0","0.000014148710928409726","0.000014148710928409726","0.4950141487109284","false"
"6","male","47","밀양","삼랑진권 투어","0.495","0","0","0","0.495","false"
"6","male","144","안산","안산 시내권코스(토요일)","0.495","0","0","0","0.495","false"
"6","male","108","부여","부여테마여행","0.4936842105263158","0","0","0","0.4936842105263158","false"
"6","male","249","대전","광역투어(다섯째주, 토)","0.48875","0","0","0","0.48875","false"
"6","male","222","아산","아산도심핫플코스","0.4866666666666667","0","0.000033513003904574515","0.000033513003904574515","0.4867001796705713","false"
"6","male","175","춘천","월요일","0.48250000000000004","0","0","0","0.48250000000000004","false"
"6","male","195","완주","완주힐링로드시티투어 2코스","0.4755555555555555","0","0","0","0.4755555555555555","false"
"6","male","72","천안","토요일","0.47000000000000003","0","0","0","0.47000000000000003","false"
"6","male","73","천안","목요일","0.47000000000000003","0","0","0","0.47000000000000003","false"
"6","male","161","세종","천안연계투어","0.47000000000000003","0","0","0","0.47000000000000003","false"
"6","male","86","평택","문화유산코스 /관광코스 ※무장애코스 월2회 정기운영(3~6월,9~11월)","0.4642307692307692","0","0.000212188490239465","0.000212188490239465","0.4644429577210087","false"
"6","male","186","서천","동백코스(익산-군산 광역)","0.45333333333333337","0","0","0","0.45333333333333337","false"
"6","male","225","대전","광역투어(둘째주, 일)","0.45333333333333337","0","0","0","0.45333333333333337","false"
"6","male","237","화천","화천시티투어(평화누리호)","0.45000000000000007","0","0.0003829599623132855","0.0003829599623132855","0.45038295996231337","false"
"6","male","252","안성","안성시티투어","0.45000000000000007","0","0.00018142602289238774","0.00018142602289238774","0.45018142602289246","false"
"6","male","64","홍성","전통시장코스(홍성) 1,6일 운영","0.45000000000000007","0","0","0","0.45000000000000007","false"
"6","male","203","양주","박물관투어","0.44857142857142857","0","0.000014148710928409726","0.000014148710928409726","0.448585577282357","false"
"6","male","167","태안","남부코스","0.445","0","0","0","0.445","false"
"6","male","264","공주","가을코스","0.43500000000000005","0","0","0","0.43500000000000005","false"
"6","male","43","화성","자연과 하루","0.4325","0","0.00011338305027020722","0.00011338305027020722","0.4326133830502702","false"
"6","male","157","세종","행복투어A","0.43000000000000005","0","0","0","0.43000000000000005","false"
"6","male","240","순천","(테마투어)성곽투어","0.43000000000000005","0","0","0","0.43000000000000005","false"
"6","male","216","대전","역사문화(효월드)","0.42714285714285716","0","0","0","0.42714285714285716","false"
"6","male","255","울산","장생포 대왕암 코스","0.42714285714285716","0","0","0","0.42714285714285716","false"
"6","male","30","목포","목포랑시티투어","0.4241666666666667","0","0","0","0.4241666666666667","false"
"6","male","190","영광","영광쉼,투어","0.42","0","0.00005510156488704973","0.00005510156488704973","0.420055101564887","false"
"6","male","163","세종","세종관광명소A투어","0.42000000000000004","0","0","0","0.42000000000000004","false"
"6","male","214","대전","힐링(만인산)","0.42000000000000004","0","0","0","0.42000000000000004","false"
"6","male","238","순천","(테마투어)산사투어","0.42000000000000004","0","0","0","0.42000000000000004","false"
"6","male","243","나주","정기코스","0.42000000000000004","0","0","0","0.42000000000000004","false"
"6","male","253","대전","언택트세이프?","0.42000000000000004","0","0","0","0.42000000000000004","false"
"6","male","9","대구","테마-전통5일장-군위전통시장","0.42","0","0","0","0.42","false"
"6","male","145","안산","안산 시내권코스(목요일)","0.42","0","0","0","0.42","false"
"6","male","224","대전","광역투어(셋째주, 토)","0.41285714285714287","0","0","0","0.41285714285714287","false"
"6","male","189","서천","보랏빛코스","0.4057142857142857","0","0","0","0.4057142857142857","false"
"6","male","197","평창","북부권 코스","0.40179545454545457","0","0","0","0.40179545454545457","false"
"6","male","40","화성","모두와 하루(무장애 여행)","0.4","0","0.00011338305027020722","0.00011338305027020722","0.4001133830502702","false"
"6","male","17","해남","해남시티투어","0.4","0","0.00001708938585871869","0.00001708938585871869","0.4000170893858587","false"
"6","male","204","양주","역사투어","0.395","0","0.000014148710928409726","0.000014148710928409726","0.39501414871092844","false"
"6","male","58","익산","순환형2","0.395","0","0","0","0.395","false"
"6","male","59","익산","순환형1","0.395","0","0","0","0.395","false"
"6","male","187","서천","금빛코스","0.39142857142857146","0","0","0","0.39142857142857146","false"
"6","male","123","시흥","테마형 정기코스","0.39","0","0.0001327925745534798","0.0001327925745534798","0.39013279257455347","false"
"6","male","124","시흥","순환형 2층버스","0.39","0","0.0001327925745534798","0.0001327925745534798","0.39013279257455347","false"
"6","male","48","밀양","영남알프스권 투어 1","0.38250000000000006","0","0","0","0.38250000000000006","false"
"6","male","221","아산","休캉스 코스","0.38","0","0.000033513003904574515","0.000033513003904574515","0.3800335130039046","false"
"6","male","245","아산","역사기행 코스","0.38","0","0.000033513003904574515","0.000033513003904574515","0.3800335130039046","false"
"6","male","155","세종","정원투어","0.38","0","0","0","0.38","false"
"6","male","217","대전","대덕특구탐방","0.38","0","0","0","0.38","false"
"6","male","193","완주","완주힐링로드 시티투어(코레일연계 익산역)","0.37909090909090915","0","0","0","0.37909090909090915","false"
"6","male","51","사천","오감체험투어","0.3783333333333333","0","0","0","0.3783333333333333","false"
"6","male","107","예산","예산군 버스투어","0.3783333333333333","0","0","0","0.3783333333333333","false"
"6","male","272","서울","EG투어버스 E코스","0.3783333333333333","0","0","0","0.3783333333333333","false"
"6","male","266","공주","봄코스","0.37357142857142855","0","0","0","0.37357142857142855","false"
"6","male","257","양주","천일홍축제","0.37","0","0.000014148710928409726","0.000014148710928409726","0.3700141487109284","false"
"6","male","117","파주","2026 파주시티투어 당일코스(토요일)","0.37","0","0","0","0.37","false"
"6","male","109","부여","롯데리조트부여와 함께하는 부여 감성야행","0.3616666666666667","0","0","0","0.3616666666666667","false"
"6","male","67","홍성","역사·문화 코스","0.35333333333333333","0","0","0","0.35333333333333333","false"
"6","male","97","양산","2025 6월 시티투어","0.35333333333333333","0","0","0","0.35333333333333333","false"
"6","male","158","세종","역사문화투어","0.35333333333333333","0","0","0","0.35333333333333333","false"
"6","male","172","춘천","목요일","0.35333333333333333","0","0","0","0.35333333333333333","false"
"6","male","248","대전","광역투어(다섯째주, 일)","0.35125000000000006","0","0","0","0.35125000000000006","false"
"6","male","194","완주","완주힐링로드 시티투어(서울권역)","0.3491666666666667","0","0","0","0.3491666666666667","false"
"6","male","18","광양","광양역사코스","0.34777777777777774","0","0.00008464853243011739","0.00008464853243011739","0.34786242631020786","false"
"6","male","19","광양","광양힐링코스","0.34777777777777774","0","0.00008464853243011739","0.00008464853243011739","0.34786242631020786","false"
"6","male","205","양주","기본코스","0.34777777777777774","0","0.000014148710928409726","0.000014148710928409726","0.34779192648870616","false"
"6","male","65","홍성","전통시장코스(광천) 4,9일 운영","0.345","0","0","0","0.345","false"
"6","male","274","서울","EG투어버스 C코스","0.345","0","0","0","0.345","false"
"6","male","247","대전","언택트세이프(A)","0.34","0","0","0","0.34","false"
"6","male","270","서울","EG투어버스 G코스","0.34","0","0","0","0.34","false"
"6","male","196","완주","완주힐링로드시티투어 1코스","0.3392307692307693","0","0","0","0.3392307692307693","false"
"6","male","121","파주","2026 파주시티투어 당일코스(화요일)","0.33666666666666667","0","0","0","0.33666666666666667","false"
"6","male","115","파주","2026 파주시티투어 1박2일코스(토요일~일요일)","0.32833333333333337","0","0","0","0.32833333333333337","false"
"6","male","128","대구","현풍코스","0.3271428571428572","0","0","0","0.3271428571428572","false"
"6","male","233","서천","광역코스","0.3271428571428571","0","0","0","0.3271428571428571","false"
"6","male","234","서천","힐링코스","0.3271428571428571","0","0","0","0.3271428571428571","false"
"6","male","201","양주","자연친화코스1","0.32","0","0.000014148710928409726","0.000014148710928409726","0.3200141487109284","false"
"6","male","142","제천","시티투어","0.32000000000000006","0","0","0","0.32000000000000006","false"
"6","male","89","청주","청주시티투어_정기투어_트레킹 투어(토)","0.32","0","0","0","0.32","false"
"6","male","169","춘천","일요일","0.31500000000000006","0","0","0","0.31500000000000006","false"
"6","male","170","춘천","토요일","0.31500000000000006","0","0","0","0.31500000000000006","false"
"6","male","104","안동","하회마을테마","0.3109090909090909","0","0","0","0.3109090909090909","false"
"6","male","102","안동","봉정사&만휴정테마","0.3063636363636364","0","0","0","0.3063636363636364","false"
"6","male","202","양주","서울우유견학코스","0.3057142857142857","0","0.000014148710928409726","0.000014148710928409726","0.30572843442521414","false"
"6","male","68","서산","C코스","0.3057142857142857","0","0","0","0.3057142857142857","false"
"6","male","66","홍성","남당항 코스","0.30333333333333334","0","0","0","0.30333333333333334","false"
"6","male","199","완도","해양치유시티투어","0.30214285714285716","0","0.0001690471921373689","0.0001690471921373689","0.30231190433499455","false"
"6","male","94","여주","시티투어","0.3018181818181818","0","0","0","0.3018181818181818","false"
"6","male","69","서산","B코스","0.2985714285714286","0","0","0","0.2985714285714286","false"
"6","male","153","세종","행복투어B","0.2866666666666667","0","0","0","0.2866666666666667","false"
"6","male","242","순천","(기획투어)나이트가든투어","0.2866666666666667","0","0","0","0.2866666666666667","false"
"6","male","90","청주","청주시티투어_정기투어_힐링로드 투어(토)","0.28428571428571425","0","0","0","0.28428571428571425","false"
"6","male","256","울산","태화강 국가정원 코스","0.2838888888888889","0","0","0","0.2838888888888889","false"
"6","male","174","춘천","화요일","0.28250000000000003","0","0","0","0.28250000000000003","false"
"6","male","143","동해","관광문화코스","0.2783333333333333","0","0","0","0.2783333333333333","false"
"6","male","139","군산","(익산역 출발) 고군산시간여행코스","0.27","0","0.00004344812146239216","0.00004344812146239216","0.2700434481214624","false"
"6","male","176","창원","창원시티투어","0.26999999999999996","0","0","0","0.26999999999999996","false"
"6","male","53","사천","바다투어","0.26285714285714284","0","0","0","0.26285714285714284","false"
"6","male","137","임실","명소탐방 임실 시티투어","0.26","0","0","0","0.26","false"
"6","male","192","삼척","종일코스","0.26","0","0","0","0.26","false"
"6","male","277","서울","EG투어버스 J코스","0.25","0","0","0","0.25","false"
"6","male","279","서울","EG투어버스 H코스","0.25","0","0","0","0.25","false"
"6","male","22","여수","2층야간코스","0.24857142857142853","0","0","0","0.24857142857142853","false"
"6","male","250","대전","광역투어(넷재주, 일)","0.24857142857142853","0","0","0","0.24857142857142853","false"
"6","male","3","부산","오렌지라인","0.24692307692307694","0","0","0","0.24692307692307694","false"
"6","male","34","화성","테마와 하루(농어촌 체험)","0.245","0","0.00011338305027020722","0.00011338305027020722","0.2451133830502702","false"
"6","male","35","화성","소소한 하루","0.245","0","0.00011338305027020722","0.00011338305027020722","0.2451133830502702","false"
"6","male","25","여수","이순신문화유적코스","0.2422222222222222","0","0","0","0.2422222222222222","false"
"6","male","56","영주","선비 코스","0.23500000000000001","0","0","0","0.23500000000000001","false"
"6","male","103","안동","도산서원&예끼마을테마","0.23500000000000001","0","0","0","0.23500000000000001","false"
"6","male","212","대전","야경","0.23249999999999998","0","0","0","0.23249999999999998","false"
"6","male","5","부산","레드라인","0.23153846153846155","0","0","0","0.23153846153846155","false"
"6","male","50","사천","우주항공산업투어","0.23111111111111107","0","0","0","0.23111111111111107","false"
"6","male","38","화성","바다와 하루","0.23","0","0.00011338305027020722","0.00011338305027020722","0.2301133830502702","false"
"6","male","239","순천","(테마투어)세계유산투어","0.23","0","0","0","0.23","false"
"6","male","268","서울","EG투어버스 B코스","0.23","0","0","0","0.23","false"
"6","male","52","사천","이순신승전길투어","0.22624999999999998","0","0","0","0.22624999999999998","false"
"6","male","78","원주","원주시티투어(순환형)","0.22333333333333333","0","0","0","0.22333333333333333","false"
"6","male","244","아산","예술맛집 코스","0.22","0","0.000033513003904574515","0.000033513003904574515","0.22003351300390459","false"
"6","male","154","세종","야경투어","0.22","0","0","0","0.22","false"
"6","male","168","태안","북부코스","0.22","0","0","0","0.22","false"
"6","male","106","안동","주간도심테마","0.21999999999999997","0","0","0","0.21999999999999997","false"
"6","male","232","서천","전라권코스","0.21166666666666664","0","0","0","0.21166666666666664","false"
"6","male","98","양산","봄꽃체험코스","0.21","0","0","0","0.21","false"
"6","male","230","대전","남부코스","0.21","0","0","0","0.21","false"
"6","male","39","화성","열차와 하루","0.2033333333333333","0","0.00011338305027020722","0.00011338305027020722","0.2034467163836035","false"
"6","male","8","대구","테마(야경 4~10월)","0.2","0","0","0","0.2","false"
"6","male","54","사천","별빛투어","0.19727272727272727","0","0","0","0.19727272727272727","false"
"6","male","99","봉화","송이축제 문화유적탐방버스","0.19","0","0","0","0.19","false"
"6","male","100","봉화","은어축제 문화유적탐방버스","0.19","0","0","0","0.19","false"
"6","male","213","대전","힐링(장태산)","0.19","0","0","0","0.19","false"
"6","male","269","서울","EG투어버스 A코스","0.19","0","0","0","0.19","false"
"6","male","208","양구","방산나들이코스","0.18666666666666665","0","0.0003359102424942268","0.0003359102424942268","0.18700257690916086","false"
"6","male","226","대전","광역투어(둘째주, 토)","0.18666666666666665","0","0","0","0.18666666666666665","false"
"6","male","62","익산","익산숨은보석찾기코스","0.18428571428571425","0","0","0","0.18428571428571425","false"
"6","male","218","대전","생태교육","0.18","0","0","0","0.18","false"
"6","male","278","서울","EG투어버스 I코스","0.18","0","0","0","0.18","false"
"6","male","207","양구","힐링산책코스","0.17833333333333332","0","0.0003359102424942268","0.0003359102424942268","0.17866924357582753","false"
"6","male","79","연천","연천명소코스","0.17833333333333332","0","0.00020103247267750098","0.00020103247267750098","0.17853436580601081","false"
"6","male","95","양산","양산시 가을 시티투어 (자연관광코스)","0.17833333333333332","0","0","0","0.17833333333333332","false"
"6","male","113","가평","가평순환버스B코스","0.17833333333333332","0","0","0","0.17833333333333332","false"
"6","male","70","서산","A코스","0.16999999999999998","0","0","0","0.16999999999999998","false"
"6","male","77","태백","황지자유시장 코스","0.16374999999999998","0","0","0","0.16374999999999998","false"
"6","male","210","곡성","읍권 순환버스","0.16374999999999998","0","0","0","0.16374999999999998","false"
"6","male","260","서천","문화코스","0.1633333333333333","0","0","0","0.1633333333333333","false"
"6","male","140","군산","고군산시간여행코스","0.16285714285714284","0","0.00004344812146239216","0.00004344812146239216","0.16290059097860524","false"
"6","male","0","부산","동부산테마노선","0.16285714285714284","0","0","0","0.16285714285714284","false"
"6","male","26","여수","다크투어리즘코스","0.16285714285714284","0","0","0","0.16285714285714284","false"
"6","male","206","양구","해안DMZ트래킹 코스","0.16166666666666665","0","0.0003359102424942268","0.0003359102424942268","0.16200257690916087","false"
"6","male","80","연천","안보자연코스","0.16166666666666665","0","0.00020103247267750098","0.00020103247267750098","0.16186769913934415","false"
"6","male","220","아산","인생네컷 코스","0.16166666666666665","0","0.000033513003904574515","0.000033513003904574515","0.16170017967057124","false"
"6","male","63","홍성","죽도코스","0.16166666666666665","0","0","0","0.16166666666666665","false"
"6","male","147","안산","대부도 해변코스(일반형 2코스)","0.15333333333333332","0","0","0","0.15333333333333332","false"
"6","male","148","안산","대부도 해변코스(일반형 1코스)","0.15333333333333332","0","0","0","0.15333333333333332","false"
"6","male","215","대전","역사문화(동춘당)","0.15333333333333332","0","0","0","0.15333333333333332","false"
"6","male","87","의정부","의정부포레스트:오감이 깨어나는 숲 속 여행","0.15","0","0","0","0.15","false"
"6","male","110","정선","아리랑열차 연계형 시티투어2","0.15","0","0","0","0.15","false"
"6","male","111","정선","아리랑열차 연계형 시티투어 1","0.15","0","0","0","0.15","false"
"6","male","136","인천","인천레트로노선","0.15","0","0","0","0.15","false"
"6","male","182","포항","퐝순환코스","0.15","0","0","0","0.15","false"
"6","male","76","태백","통리장 코스","0.145","0","0","0","0.145","false"
"6","male","91","청주","청주시티투어_정기투어_초정힐링 투어(토)","0.145","0","0","0","0.145","false"
"6","male","251","대전","광역투어(넷재주, 토)","0.145","0","0","0","0.145","false"
"6","male","27","여수","제2코스","0.14307692307692307","0","0","0","0.14307692307692307","false"
"6","male","20","광양","야경코스","0.13874999999999998","0","0.00008464853243011739","0.00008464853243011739","0.1388346485324301","false"
"6","male","1","부산","서부산생태투어","0.13874999999999998","0","0","0","0.13874999999999998","false"
"6","male","24","여수","야경코스","0.13428571428571426","0","0","0","0.13428571428571426","false"
"6","male","105","안동","야간도심테마","0.13428571428571426","0","0","0","0.13428571428571426","false"
"6","male","92","청주","청주시티투어_정기투어_청남대 투어(수토일)","0.1311111111111111","0","0","0","0.1311111111111111","false"
"6","male","171","춘천","금요일","0.12625","0","0","0","0.12625","false"
"6","male","191","평창","남부권 코스","0.12625","0","0","0","0.12625","false"
"6","male","151","안산","대부도 뱃길코스(일반형 2코스)","0.12555555555555556","0","0","0","0.12555555555555556","false"
"6","male","49","밀양","시내권 투어 1","0.12000000000000001","0","0","0","0.12000000000000001","false"
"6","male","228","대전","광역투어(첫주, 토)","0.12000000000000001","0","0","0","0.12000000000000001","false"
"6","male","57","영주","물돌이 코스","0.115","0","0","0","0.115","false"
"6","male","114","가평","가평순환버스A코스","0.11444444444444445","0","0","0","0.11444444444444445","false"
"6","male","152","안산","대부도 뱃길코스(일반형 1코스)","0.10888888888888888","0","0","0","0.10888888888888888","false"
"6","male","23","여수","2층주간코스","0.10500000000000001","0","0","0","0.10500000000000001","false"
"6","male","21","여수","야간테마코스(시간을달리는버스커)","0.09272727272727273","0","0","0","0.09272727272727273","false"
"6","male","4","부산","그린라인","0.08923076923076924","0","0","0","0.08923076923076924","false"
"6","male","71","천안","일요일","0.0825","0","0","0","0.0825","false"
"6","male","200","진도","진도시티투어","0.06642857142857143","0","0.00013165372465383024","0.00013165372465383024","0.06656022515322527","false"
"6","male","41","화성","역사와 하루2","0.06","0","0.00011338305027020722","0.00011338305027020722","0.060113383050270204","false"
"6","male","101","청도","시티투어","0.06","0","0","0","0.06","false"
"6","male","32","화성","테마와 하루(문화예술 체험)","0.05333333333333333","0","0.00011338305027020722","0.00011338305027020722","0.053446716383603536","false"
"6","male","275","서울","EG투어버스 L코스","0.05333333333333333","0","0","0","0.05333333333333333","false"
"6","male","33","화성","테마와 하루(목장 체험)","0.05","0","0.00011338305027020722","0.00011338305027020722","0.05011338305027021","false"
"6","male","146","안산","대부도 해변코스(체험형 1코스)","0.05","0","0","0","0.05","false"
"6","male","28","여수","제1코스","0.04857142857142857","0","0","0","0.04857142857142857","false"
"6","male","85","이천","농촌체험코스(남부)","0.045","0","0.0001305145150416353","0.0001305145150416353","0.04513051451504163","false"
"6","male","149","안산","대부도 뱃길코스(체험형 2코스)","0.045","0","0","0","0.045","false"
"6","male","150","안산","대부도 뱃길코스(체험형 1코스)","0.045","0","0","0","0.045","false"
"6","male","6","제주","야간코스(7월말~8월말 운영)","0.041428571428571426","0","0","0","0.041428571428571426","false"
"6","male","84","이천","농촌체험코스(중부)","0.04000000000000001","0","0.0001305145150416353","0.0001305145150416353","0.04013051451504164","false"
"6","male","209","곡성","압록권역 순환버스","0.04000000000000001","0","0","0","0.04000000000000001","false"
"6","male","276","서울","EG투어버스 K 코스","0.04000000000000001","0","0","0","0.04000000000000001","false"
"6","male","83","이천","농촌체험코스(북부)","0.03666666666666667","0","0.0001305145150416353","0.0001305145150416353","0.0367971811817083","false"
"6","male","45","화성","테마와 하루(지역축제 체험)","0.03666666666666667","0","0.00011338305027020722","0.00011338305027020722","0.03678004971693687","false"
"6","male","82","이천","승마체험코스","0.0325","0","0.0001305145150416353","0.0001305145150416353","0.032630514515041634","false"
"6","male","31","화성","테마와 하루(해양생태 체험)","0.030000000000000002","0","0.00011338305027020722","0.00011338305027020722","0.03011338305027021","false"
"6","male","246","대전","언택트세이프(B)","0.030000000000000002","0","0","0","0.030000000000000002","false"
"6","male","271","서울","EG투어버스 F코스","0.030000000000000002","0","0","0","0.030000000000000002","false"
"6","male","93","여주","꽃섬투어","0.025555555555555557","0","0","0","0.025555555555555557","false"
"6","male","2","부산","야경투어","0.02","0","0","0","0.02","false"
"6","male","29","목포","별빛물결시티투어","0.02","0","0","0","0.02","false"
"6","male","75","충주","충주시티투어","0.02","0","0","0","0.02","false"
"6","male","118","파주","2026 파주시티투어 당일코스(금요일)","0.02","0","0","0","0.02","false"
"6","male","164","화순","화순적벽 버스투어(적벽 셔틀버스)","0.02","0","0","0","0.02","false"
"6","male","165","화순","화순적벽 버스투어(적벽투어)","0.02","0","0","0","0.02","false"
"6","male","211","대전","가족여행","0.02","0","0","0","0.02","false"
"6","male","219","대전","다크투어","0.02","0","0","0","0.02","false"
"6","male","273","서울","EG투어버스 D코스","0.02","0","0","0","0.02","false"
"6","male","36","화성","별과 하루","0","0","0.00011338305027020722","0.00011338305027020722","0.00011338305027020722","false"
"6","male","37","화성","노을과 하루","0","0","0.00011338305027020722","0.00011338305027020722","0.00011338305027020722","false"
"6","male","44","화성","섬과 하루","0","0","0.00011338305027020722","0.00011338305027020722","0.00011338305027020722","false"
"6","male","16","대구","테마(야경 11~3월)","0","0","0","0","0","false"
"6","male","55","영주","특별운영","0","0","0","0","0","false"
"6","male","60","익산","맞춤형코스","0","0","0","0","0","false"
"6","male","88","청주","청주시티투어_수시투어","0","0","0","0","0","false"
"6","male","125","부천","정규코스. 특별코스","0","0","0","0","0","false"
"6","male","132","인천","선재영흥투어","0","0","0","0","0","false"
"6","male","134","인천","무의도투어","0","0","0","0","0","false"
"6","male","141","제천","제천관광택시","0","0","0","0","0","false"
"6","male","198","공주","축제코스","0","0","0","0","0","false"
"6","male","231","태안","북부코스남부코스","0","0","0","0","0","false"
"6","male","259","단양","단양군시티투어","0","0","0","0","0","false"
"6","male","261","부여","백제문화단지-부소산성-궁남지-정림사지-백제문화단지","0","0","0","0","0","false"
"6","female","10","대구","테마-전통5일장-현풍백년도깨비시장","2","0","0","0","2","true"
"6","female","7","제주","순환형코스","1.9500000000000002","0","0","0","1.9500000000000002","true"
"6","female","122","시흥","테마형 수시코스","1.85","0","0","0","1.85","true"
"6","female","14","대구","테마-방방곡곡(팔공산)","1.8","0","0","0","1.8","false"
"6","female","112","정선","와와정선 2층 투어버스","1.2000000000000002","0","0.00003777687918638546","0.00003777687918638546","1.2000377768791866","true"
"6","female","156","세종","역사산책투어","1.17","0","0","0","1.17","true"
"6","female","15","대구","도심순환코스(12개 정류장)","1","0","0","0","1","false"
"6","female","129","인천","노을야경투어","1","0","0","0","1","false"
"6","female","131","인천","교동도투어","1","0","0","0","1","false"
"6","female","135","인천","바다노선","1","0","0","0","1","false"
"6","female","183","포항","퐝랜드마크B코스","1","0","0","0","1","false"
"6","female","130","인천","석모도투어","0.95","0","0","0","0.95","false"
"6","female","184","포항","퐝랜드마크A코스","0.95","0","0","0","0.95","false"
"6","female","185","포항","씨(SEA)하게 보는 포항코스","0.95","0","0","0","0.95","false"
"6","female","159","세종","봄꽃파닭B투어","0.9366666666666666","0","0","0","0.9366666666666666","false"
"6","female","160","세종","봄꽃파닭A투어","0.9366666666666666","0","0","0","0.9366666666666666","false"
"6","female","120","파주","2026 파주시티투어 당일코스(수요일)","0.8866666666666667","0","0.00009596599272458725","0.00009596599272458725","0.8867626326593913","false"
"6","female","181","김해","김해에반해","0.8771428571428572","0","0","0","0.8771428571428572","false"
"6","female","179","김해","역사에반해","0.8533333333333334","0","0","0","0.8533333333333334","false"
"6","female","133","인천","청라투어","0.85","0","0","0","0.85","false"
"6","female","267","공주","반일코스","0.8300000000000001","0","0","0","0.8300000000000001","false"
"6","female","11","대구","테마-방방곡곡(사시사철)","0.8","0","0","0","0.8","false"
"6","female","12","대구","테마-방방곡곡(군위군 돋보기)","0.8","0","0","0","0.8","false"
"6","female","13","대구","테마-방방곡곡(낙동강)","0.8","0","0","0","0.8","false"
"6","female","229","대전","대청호코스","0.8","0","0","0","0.8","false"
"6","female","180","김해","자연에반해","0.77","0","0","0","0.77","false"
"6","female","74","천안","화요일","0.7325","0","0","0","0.7325","false"
"6","female","262","공주","봄·여름·가을 코스","0.7033333333333334","0","0","0","0.7033333333333334","false"
"6","female","138","군산","(박물관 출발) 고군산코스","0.6866666666666666","0","0","0","0.6866666666666666","false"
"6","female","173","춘천","수요일","0.6866666666666666","0","0","0","0.6866666666666666","false"
"6","female","166","태안","광역코스","0.67","0","0.00010497383357619045","0.00010497383357619045","0.6701049738335763","false"
"6","female","178","김해","문화에반해","0.6599999999999999","0","0","0","0.6599999999999999","false"
"6","female","235","홍천","홍천시티투어","0.6533333333333333","0","0","0","0.6533333333333333","false"
"6","female","188","서천","푸른빛코스","0.645","0","0.000044187230807977943","0.000044187230807977943","0.645044187230808","false"
"6","female","227","대전","광역투어(첫주, 일)","0.6387499999999999","0","0","0","0.6387499999999999","false"
"6","female","46","합천","합천광역시티투어 누비고","0.6366666666666667","0","0","0","0.6366666666666667","false"
"6","female","42","화성","역사와 하루1","0.63","0","0","0","0.63","false"
"6","female","116","파주","2026 파주시티투어 당일코스(일요일)","0.62","0","0.00009596599272458725","0.00009596599272458725","0.6200959659927245","false"
"6","female","119","파주","2026 파주시티투어 당일코스(목요일)","0.62","0","0.00009596599272458725","0.00009596599272458725","0.6200959659927245","false"
"6","female","61","익산","세계유산코스","0.62","0","0.00009325924768030969","0.00009325924768030969","0.6200932592476803","false"
"6","female","223","대전","광역투어(셋째주, 일)","0.5985714285714285","0","0","0","0.5985714285714285","false"
"6","female","263","공주","가을코스2","0.5755555555555556","0","0","0","0.5755555555555556","false"
"6","female","236","화천","화천시티투어(백암산케이블카)","0.5700000000000001","0","0","0","0.5700000000000001","false"
"6","female","254","경산","소원성취코스,삼성현명품투어코스","0.5628571428571428","0","0","0","0.5628571428571428","false"
"6","female","126","대구","도동코스","0.5575","0","0","0","0.5575","false"
"6","female","177","경기광주","광주시티투어","0.5569415584415585","0","0.00008964709154241459","0.00008964709154241448","0.5570312055331009","false"
"6","female","127","대구","송해코스","0.54","0","0","0","0.54","false"
"6","female","241","순천","(테마투어)생태투어","0.54","0","0","0","0.54","false"
"6","female","81","연천","역사자연코스","0.5342857142857143","0","0","0","0.5342857142857143","false"
"6","female","265","공주","여름코스","0.53","0","0","0","0.53","false"
"6","female","96","양산","양산시 가을 시티투어 (역사문화코스)","0.5129484848484848","0","0.00012739549973166784","0.00012739549973166792","0.5130758803482164","false"
"6","female","162","세종","세종관광명소B투어","0.5075000000000001","0","0","0","0.5075000000000001","false"
"6","female","144","안산","안산 시내권코스(토요일)","0.495","0","0.00008693559841717223","0.00008693559841717223","0.49508693559841715","false"
"6","female","47","밀양","삼랑진권 투어","0.495","0","0","0","0.495","false"
"6","female","258","양주","왕실축제","0.495","0","0","0","0.495","false"
"6","female","108","부여","부여테마여행","0.4936842105263158","0","0","0","0.4936842105263158","false"
"6","female","249","대전","광역투어(다섯째주, 토)","0.48875","0","0","0","0.48875","false"
"6","female","222","아산","아산도심핫플코스","0.4866666666666667","0","0","0","0.4866666666666667","false"
"6","female","175","춘천","월요일","0.48250000000000004","0","0","0","0.48250000000000004","false"
"6","female","195","완주","완주힐링로드시티투어 2코스","0.4755555555555555","0","0.00007425494084696357","0.00007425494084696357","0.47562981049640246","false"
"6","female","72","천안","토요일","0.47000000000000003","0","0","0","0.47000000000000003","false"
"6","female","73","천안","목요일","0.47000000000000003","0","0","0","0.47000000000000003","false"
"6","female","161","세종","천안연계투어","0.47000000000000003","0","0","0","0.47000000000000003","false"
"6","female","86","평택","문화유산코스 /관광코스 ※무장애코스 월2회 정기운영(3~6월,9~11월)","0.4642307692307692","0","0","0","0.4642307692307692","false"
"6","female","186","서천","동백코스(익산-군산 광역)","0.45333333333333337","0","0.000044187230807977943","0.000044187230807977943","0.4533775205641413","false"
"6","female","225","대전","광역투어(둘째주, 일)","0.45333333333333337","0","0","0","0.45333333333333337","false"
"6","female","64","홍성","전통시장코스(홍성) 1,6일 운영","0.45000000000000007","0","0","0","0.45000000000000007","false"
"6","female","237","화천","화천시티투어(평화누리호)","0.45000000000000007","0","0","0","0.45000000000000007","false"
"6","female","252","안성","안성시티투어","0.45000000000000007","0","0","0","0.45000000000000007","false"
"6","female","203","양주","박물관투어","0.44857142857142857","0","0","0","0.44857142857142857","false"
"6","female","167","태안","남부코스","0.445","0","0.00010497383357619045","0.00010497383357619045","0.4451049738335762","false"
"6","female","264","공주","가을코스","0.43500000000000005","0","0","0","0.43500000000000005","false"
"6","female","43","화성","자연과 하루","0.4325","0","0","0","0.4325","false"
"6","female","157","세종","행복투어A","0.43000000000000005","0","0","0","0.43000000000000005","false"
"6","female","240","순천","(테마투어)성곽투어","0.43000000000000005","0","0","0","0.43000000000000005","false"
"6","female","216","대전","역사문화(효월드)","0.42714285714285716","0","0","0","0.42714285714285716","false"
"6","female","255","울산","장생포 대왕암 코스","0.42714285714285716","0","0","0","0.42714285714285716","false"
"6","female","30","목포","목포랑시티투어","0.4241666666666667","0","0","0","0.4241666666666667","false"
"6","female","243","나주","정기코스","0.42000000000000004","0","0.00009325924768030969","0.00009325924768030969","0.4200932592476804","false"
"6","female","145","안산","안산 시내권코스(목요일)","0.42","0","0.00008693559841717223","0.00008693559841717223","0.42008693559841714","false"
"6","female","163","세종","세종관광명소A투어","0.42000000000000004","0","0","0","0.42000000000000004","false"
"6","female","214","대전","힐링(만인산)","0.42000000000000004","0","0","0","0.42000000000000004","false"
"6","female","238","순천","(테마투어)산사투어","0.42000000000000004","0","0","0","0.42000000000000004","false"
"6","female","253","대전","언택트세이프?","0.42000000000000004","0","0","0","0.42000000000000004","false"
"6","female","9","대구","테마-전통5일장-군위전통시장","0.42","0","0","0","0.42","false"
"6","female","190","영광","영광쉼,투어","0.42","0","0","0","0.42","false"
"6","female","224","대전","광역투어(셋째주, 토)","0.41285714285714287","0","0","0","0.41285714285714287","false"
"6","female","189","서천","보랏빛코스","0.4057142857142857","0","0.000044187230807977943","0.000044187230807977943","0.40575847294509365","false"
"6","female","197","평창","북부권 코스","0.40179545454545457","0","0","0","0.40179545454545457","false"
"6","female","17","해남","해남시티투어","0.4","0","0","0","0.4","false"
"6","female","40","화성","모두와 하루(무장애 여행)","0.4","0","0","0","0.4","false"
"6","female","58","익산","순환형2","0.395","0","0.00009325924768030969","0.00009325924768030969","0.39509325924768035","false"
"6","female","59","익산","순환형1","0.395","0","0.00009325924768030969","0.00009325924768030969","0.39509325924768035","false"
"6","female","204","양주","역사투어","0.395","0","0","0","0.395","false"
"6","female","187","서천","금빛코스","0.39142857142857146","0","0.000044187230807977943","0.000044187230807977943","0.3914727586593794","false"
"6","female","123","시흥","테마형 정기코스","0.39","0","0","0","0.39","false"
"6","female","124","시흥","순환형 2층버스","0.39","0","0","0","0.39","false"
"6","female","48","밀양","영남알프스권 투어 1","0.38250000000000006","0","0","0","0.38250000000000006","false"
"6","female","155","세종","정원투어","0.38","0","0","0","0.38","false"
"6","female","217","대전","대덕특구탐방","0.38","0","0","0","0.38","false"
"6","female","221","아산","休캉스 코스","0.38","0","0","0","0.38","false"
"6","female","245","아산","역사기행 코스","0.38","0","0","0","0.38","false"
"6","female","193","완주","완주힐링로드 시티투어(코레일연계 익산역)","0.37909090909090915","0","0.00007425494084696357","0.00007425494084696357","0.3791651640317561","false"
"6","female","51","사천","오감체험투어","0.3783333333333333","0","0.000021240610576129258","0.000021240610576129258","0.3783545739439094","false"
"6","female","107","예산","예산군 버스투어","0.3783333333333333","0","0","0","0.3783333333333333","false"
"6","female","272","서울","EG투어버스 E코스","0.3783333333333333","0","0","0","0.3783333333333333","false"
"6","female","266","공주","봄코스","0.37357142857142855","0","0","0","0.37357142857142855","false"
"6","female","117","파주","2026 파주시티투어 당일코스(토요일)","0.37","0","0.00009596599272458725","0.00009596599272458725","0.3700959659927246","false"
"6","female","257","양주","천일홍축제","0.37","0","0","0","0.37","false"
"6","female","109","부여","롯데리조트부여와 함께하는 부여 감성야행","0.3616666666666667","0","0","0","0.3616666666666667","false"
"6","female","97","양산","2025 6월 시티투어","0.35333333333333333","0","0.00012739549973166784","0.00012739549973166784","0.353460728833065","false"
"6","female","67","홍성","역사·문화 코스","0.35333333333333333","0","0","0","0.35333333333333333","false"
"6","female","158","세종","역사문화투어","0.35333333333333333","0","0","0","0.35333333333333333","false"
"6","female","172","춘천","목요일","0.35333333333333333","0","0","0","0.35333333333333333","false"
"6","female","248","대전","광역투어(다섯째주, 일)","0.35125000000000006","0","0","0","0.35125000000000006","false"
"6","female","194","완주","완주힐링로드 시티투어(서울권역)","0.3491666666666667","0","0.00007425494084696357","0.00007425494084696357","0.34924092160751363","false"
"6","female","18","광양","광양역사코스","0.34777777777777774","0","0","0","0.34777777777777774","false"
"6","female","19","광양","광양힐링코스","0.34777777777777774","0","0","0","0.34777777777777774","false"
"6","female","205","양주","기본코스","0.34777777777777774","0","0","0","0.34777777777777774","false"
"6","female","65","홍성","전통시장코스(광천) 4,9일 운영","0.345","0","0","0","0.345","false"
"6","female","274","서울","EG투어버스 C코스","0.345","0","0","0","0.345","false"
"6","female","247","대전","언택트세이프(A)","0.34","0","0","0","0.34","false"
"6","female","270","서울","EG투어버스 G코스","0.34","0","0","0","0.34","false"
"6","female","196","완주","완주힐링로드시티투어 1코스","0.3392307692307693","0","0.00007425494084696357","0.00007425494084696357","0.33930502417161623","false"
"6","female","121","파주","2026 파주시티투어 당일코스(화요일)","0.33666666666666667","0","0.00009596599272458725","0.00009596599272458725","0.33676263265939127","false"
"6","female","115","파주","2026 파주시티투어 1박2일코스(토요일~일요일)","0.32833333333333337","0","0.00009596599272458725","0.00009596599272458725","0.32842929932605797","false"
"6","female","233","서천","광역코스","0.3271428571428571","0","0.000044187230807977943","0.000044187230807977943","0.3271870443736651","false"
"6","female","234","서천","힐링코스","0.3271428571428571","0","0.000044187230807977943","0.000044187230807977943","0.3271870443736651","false"
"6","female","128","대구","현풍코스","0.3271428571428572","0","0","0","0.3271428571428572","false"
"6","female","142","제천","시티투어","0.32000000000000006","0","0","0","0.32000000000000006","false"
"6","female","89","청주","청주시티투어_정기투어_트레킹 투어(토)","0.32","0","0","0","0.32","false"
"6","female","201","양주","자연친화코스1","0.32","0","0","0","0.32","false"
"6","female","169","춘천","일요일","0.31500000000000006","0","0","0","0.31500000000000006","false"
"6","female","170","춘천","토요일","0.31500000000000006","0","0","0","0.31500000000000006","false"
"6","female","104","안동","하회마을테마","0.3109090909090909","0","0","0","0.3109090909090909","false"
"6","female","102","안동","봉정사&만휴정테마","0.3063636363636364","0","0","0","0.3063636363636364","false"
"6","female","68","서산","C코스","0.3057142857142857","0","0.000006477785760669266","0.000006477785760669266","0.3057207635000464","false"
"6","female","202","양주","서울우유견학코스","0.3057142857142857","0","0","0","0.3057142857142857","false"
"6","female","66","홍성","남당항 코스","0.30333333333333334","0","0","0","0.30333333333333334","false"
"6","female","199","완도","해양치유시티투어","0.30214285714285716","0","0","0","0.30214285714285716","false"
"6","female","94","여주","시티투어","0.3018181818181818","0","0.00011933974792261816","0.00011933974792261816","0.3019375215661044","false"
"6","female","69","서산","B코스","0.2985714285714286","0","0.000006477785760669266","0.000006477785760669266","0.2985779063571893","false"
"6","female","153","세종","행복투어B","0.2866666666666667","0","0","0","0.2866666666666667","false"
"6","female","242","순천","(기획투어)나이트가든투어","0.2866666666666667","0","0","0","0.2866666666666667","false"
"6","female","90","청주","청주시티투어_정기투어_힐링로드 투어(토)","0.28428571428571425","0","0","0","0.28428571428571425","false"
"6","female","256","울산","태화강 국가정원 코스","0.2838888888888889","0","0","0","0.2838888888888889","false"
"6","female","174","춘천","화요일","0.28250000000000003","0","0","0","0.28250000000000003","false"
"6","female","143","동해","관광문화코스","0.2783333333333333","0","0","0","0.2783333333333333","false"
"6","female","139","군산","(익산역 출발) 고군산시간여행코스","0.27","0","0","0","0.27","false"
"6","female","176","창원","창원시티투어","0.26999999999999996","0","0","0","0.26999999999999996","false"
"6","female","53","사천","바다투어","0.26285714285714284","0","0.000021240610576129258","0.000021240610576129258","0.26287838346771897","false"
"6","female","137","임실","명소탐방 임실 시티투어","0.26","0","0","0","0.26","false"
"6","female","192","삼척","종일코스","0.26","0","0","0","0.26","false"
"6","female","277","서울","EG투어버스 J코스","0.25","0","0","0","0.25","false"
"6","female","279","서울","EG투어버스 H코스","0.25","0","0","0","0.25","false"
"6","female","22","여수","2층야간코스","0.24857142857142853","0","0.000001851983405118974","0.000001851983405118974","0.24857328055483366","false"
"6","female","250","대전","광역투어(넷재주, 일)","0.24857142857142853","0","0","0","0.24857142857142853","false"
"6","female","3","부산","오렌지라인","0.24692307692307694","0","0","0","0.24692307692307694","false"
"6","female","34","화성","테마와 하루(농어촌 체험)","0.245","0","0","0","0.245","false"
"6","female","35","화성","소소한 하루","0.245","0","0","0","0.245","false"
"6","female","25","여수","이순신문화유적코스","0.2422222222222222","0","0.000001851983405118974","0.000001851983405118974","0.24222407420562733","false"
"6","female","56","영주","선비 코스","0.23500000000000001","0","0","0","0.23500000000000001","false"
"6","female","103","안동","도산서원&예끼마을테마","0.23500000000000001","0","0","0","0.23500000000000001","false"
"6","female","212","대전","야경","0.23249999999999998","0","0","0","0.23249999999999998","false"
"6","female","5","부산","레드라인","0.23153846153846155","0","0","0","0.23153846153846155","false"
"6","female","50","사천","우주항공산업투어","0.23111111111111107","0","0.000021240610576129258","0.000021240610576129258","0.2311323517216872","false"
"6","female","38","화성","바다와 하루","0.23","0","0","0","0.23","false"
"6","female","239","순천","(테마투어)세계유산투어","0.23","0","0","0","0.23","false"
"6","female","268","서울","EG투어버스 B코스","0.23","0","0","0","0.23","false"
"6","female","52","사천","이순신승전길투어","0.22624999999999998","0","0.000021240610576129258","0.000021240610576129258","0.2262712406105761","false"
"6","female","78","원주","원주시티투어(순환형)","0.22333333333333333","0","0","0","0.22333333333333333","false"
"6","female","168","태안","북부코스","0.22","0","0.00010497383357619045","0.00010497383357619045","0.2201049738335762","false"
"6","female","154","세종","야경투어","0.22","0","0","0","0.22","false"
"6","female","244","아산","예술맛집 코스","0.22","0","0","0","0.22","false"
"6","female","106","안동","주간도심테마","0.21999999999999997","0","0","0","0.21999999999999997","false"
"6","female","232","서천","전라권코스","0.21166666666666664","0","0.000044187230807977943","0.000044187230807977943","0.21171085389747463","false"
"6","female","98","양산","봄꽃체험코스","0.21","0","0.00012739549973166784","0.00012739549973166784","0.21012739549973167","false"
"6","female","230","대전","남부코스","0.21","0","0","0","0.21","false"
"6","female","39","화성","열차와 하루","0.2033333333333333","0","0","0","0.2033333333333333","false"
"6","female","8","대구","테마(야경 4~10월)","0.2","0","0","0","0.2","false"
"6","female","54","사천","별빛투어","0.19727272727272727","0","0.000021240610576129258","0.000021240610576129258","0.1972939678833034","false"
"6","female","99","봉화","송이축제 문화유적탐방버스","0.19","0","0.00015855349088353981","0.00015855349088353981","0.19015855349088354","false"
"6","female","100","봉화","은어축제 문화유적탐방버스","0.19","0","0.00015855349088353981","0.00015855349088353981","0.19015855349088354","false"
"6","female","213","대전","힐링(장태산)","0.19","0","0","0","0.19","false"
"6","female","269","서울","EG투어버스 A코스","0.19","0","0","0","0.19","false"
"6","female","208","양구","방산나들이코스","0.18666666666666665","0","0","0","0.18666666666666665","false"
"6","female","226","대전","광역투어(둘째주, 토)","0.18666666666666665","0","0","0","0.18666666666666665","false"
"6","female","62","익산","익산숨은보석찾기코스","0.18428571428571425","0","0.00009325924768030969","0.00009325924768030969","0.18437897353339455","false"
"6","female","218","대전","생태교육","0.18","0","0","0","0.18","false"
"6","female","278","서울","EG투어버스 I코스","0.18","0","0","0","0.18","false"
"6","female","95","양산","양산시 가을 시티투어 (자연관광코스)","0.17833333333333332","0","0.00012739549973166784","0.00012739549973166784","0.178460728833065","false"
"6","female","79","연천","연천명소코스","0.17833333333333332","0","0","0","0.17833333333333332","false"
"6","female","113","가평","가평순환버스B코스","0.17833333333333332","0","0","0","0.17833333333333332","false"
"6","female","207","양구","힐링산책코스","0.17833333333333332","0","0","0","0.17833333333333332","false"
"6","female","70","서산","A코스","0.16999999999999998","0","0.000006477785760669266","0.000006477785760669266","0.17000647778576064","false"
"6","female","77","태백","황지자유시장 코스","0.16374999999999998","0","0.000041441332234371137","0.000041441332234371137","0.16379144133223436","false"
"6","female","210","곡성","읍권 순환버스","0.16374999999999998","0","0","0","0.16374999999999998","false"
"6","female","260","서천","문화코스","0.1633333333333333","0","0.000044187230807977943","0.000044187230807977943","0.1633775205641413","false"
"6","female","26","여수","다크투어리즘코스","0.16285714285714284","0","0.000001851983405118974","0.000001851983405118974","0.16285899484054797","false"
"6","female","0","부산","동부산테마노선","0.16285714285714284","0","0","0","0.16285714285714284","false"
"6","female","140","군산","고군산시간여행코스","0.16285714285714284","0","0","0","0.16285714285714284","false"
"6","female","63","홍성","죽도코스","0.16166666666666665","0","0","0","0.16166666666666665","false"
"6","female","80","연천","안보자연코스","0.16166666666666665","0","0","0","0.16166666666666665","false"
"6","female","206","양구","해안DMZ트래킹 코스","0.16166666666666665","0","0","0","0.16166666666666665","false"
"6","female","220","아산","인생네컷 코스","0.16166666666666665","0","0","0","0.16166666666666665","false"
"6","female","147","안산","대부도 해변코스(일반형 2코스)","0.15333333333333332","0","0.00008693559841717223","0.00008693559841717223","0.15342026893175048","false"
"6","female","148","안산","대부도 해변코스(일반형 1코스)","0.15333333333333332","0","0.00008693559841717223","0.00008693559841717223","0.15342026893175048","false"
"6","female","215","대전","역사문화(동춘당)","0.15333333333333332","0","0","0","0.15333333333333332","false"
"6","female","110","정선","아리랑열차 연계형 시티투어2","0.15","0","0.00003777687918638546","0.00003777687918638546","0.15003777687918637","false"
"6","female","111","정선","아리랑열차 연계형 시티투어 1","0.15","0","0.00003777687918638546","0.00003777687918638546","0.15003777687918637","false"
"6","female","87","의정부","의정부포레스트:오감이 깨어나는 숲 속 여행","0.15","0","0","0","0.15","false"
"6","female","136","인천","인천레트로노선","0.15","0","0","0","0.15","false"
"6","female","182","포항","퐝순환코스","0.15","0","0","0","0.15","false"
"6","female","76","태백","통리장 코스","0.145","0","0.000041441332234371137","0.000041441332234371137","0.14504144133223437","false"
"6","female","91","청주","청주시티투어_정기투어_초정힐링 투어(토)","0.145","0","0","0","0.145","false"
"6","female","251","대전","광역투어(넷재주, 토)","0.145","0","0","0","0.145","false"
"6","female","27","여수","제2코스","0.14307692307692307","0","0.000001851983405118974","0.000001851983405118974","0.1430787750603282","false"
"6","female","1","부산","서부산생태투어","0.13874999999999998","0","0","0","0.13874999999999998","false"
"6","female","20","광양","야경코스","0.13874999999999998","0","0","0","0.13874999999999998","false"
"6","female","24","여수","야경코스","0.13428571428571426","0","0.000001851983405118974","0.000001851983405118974","0.1342875662691194","false"
"6","female","105","안동","야간도심테마","0.13428571428571426","0","0","0","0.13428571428571426","false"
"6","female","92","청주","청주시티투어_정기투어_청남대 투어(수토일)","0.1311111111111111","0","0","0","0.1311111111111111","false"
"6","female","171","춘천","금요일","0.12625","0","0","0","0.12625","false"
"6","female","191","평창","남부권 코스","0.12625","0","0","0","0.12625","false"
"6","female","151","안산","대부도 뱃길코스(일반형 2코스)","0.12555555555555556","0","0.00008693559841717223","0.00008693559841717223","0.12564249115397272","false"
"6","female","49","밀양","시내권 투어 1","0.12000000000000001","0","0","0","0.12000000000000001","false"
"6","female","228","대전","광역투어(첫주, 토)","0.12000000000000001","0","0","0","0.12000000000000001","false"
"6","female","57","영주","물돌이 코스","0.115","0","0","0","0.115","false"
"6","female","114","가평","가평순환버스A코스","0.11444444444444445","0","0","0","0.11444444444444445","false"
"6","female","152","안산","대부도 뱃길코스(일반형 1코스)","0.10888888888888888","0","0.00008693559841717223","0.00008693559841717223","0.10897582448730606","false"
"6","female","23","여수","2층주간코스","0.10500000000000001","0","0.000001851983405118974","0.000001851983405118974","0.10500185198340513","false"
"6","female","21","여수","야간테마코스(시간을달리는버스커)","0.09272727272727273","0","0.000001851983405118974","0.000001851983405118974","0.09272912471067785","false"
"6","female","4","부산","그린라인","0.08923076923076924","0","0","0","0.08923076923076924","false"
"6","female","71","천안","일요일","0.0825","0","0","0","0.0825","false"
"6","female","200","진도","진도시티투어","0.06642857142857143","0","0","0","0.06642857142857143","false"
"6","female","41","화성","역사와 하루2","0.06","0","0","0","0.06","false"
"6","female","101","청도","시티투어","0.06","0","0","0","0.06","false"
"6","female","32","화성","테마와 하루(문화예술 체험)","0.05333333333333333","0","0","0","0.05333333333333333","false"
"6","female","275","서울","EG투어버스 L코스","0.05333333333333333","0","0","0","0.05333333333333333","false"
"6","female","146","안산","대부도 해변코스(체험형 1코스)","0.05","0","0.00008693559841717223","0.00008693559841717223","0.050086935598417176","false"
"6","female","33","화성","테마와 하루(목장 체험)","0.05","0","0","0","0.05","false"
"6","female","28","여수","제1코스","0.04857142857142857","0","0.000001851983405118974","0.000001851983405118974","0.04857328055483369","false"
"6","female","149","안산","대부도 뱃길코스(체험형 2코스)","0.045","0","0.00008693559841717223","0.00008693559841717223","0.04508693559841717","false"
"6","female","150","안산","대부도 뱃길코스(체험형 1코스)","0.045","0","0.00008693559841717223","0.00008693559841717223","0.04508693559841717","false"
"6","female","85","이천","농촌체험코스(남부)","0.045","0","0","0","0.045","false"
"6","female","6","제주","야간코스(7월말~8월말 운영)","0.041428571428571426","0","0","0","0.041428571428571426","false"
"6","female","84","이천","농촌체험코스(중부)","0.04000000000000001","0","0","0","0.04000000000000001","false"
"6","female","209","곡성","압록권역 순환버스","0.04000000000000001","0","0","0","0.04000000000000001","false"
"6","female","276","서울","EG투어버스 K 코스","0.04000000000000001","0","0","0","0.04000000000000001","false"
"6","female","45","화성","테마와 하루(지역축제 체험)","0.03666666666666667","0","0","0","0.03666666666666667","false"
"6","female","83","이천","농촌체험코스(북부)","0.03666666666666667","0","0","0","0.03666666666666667","false"
"6","female","82","이천","승마체험코스","0.0325","0","0","0","0.0325","false"
"6","female","31","화성","테마와 하루(해양생태 체험)","0.030000000000000002","0","0","0","0.030000000000000002","false"
"6","female","246","대전","언택트세이프(B)","0.030000000000000002","0","0","0","0.030000000000000002","false"
"6","female","271","서울","EG투어버스 F코스","0.030000000000000002","0","0","0","0.030000000000000002","false"
"6","female","93","여주","꽃섬투어","0.025555555555555557","0","0.00011933974792261816","0.00011933974792261816","0.025674895303478176","false"
"6","female","118","파주","2026 파주시티투어 당일코스(금요일)","0.02","0","0.00009596599272458725","0.00009596599272458725","0.020095965992724587","false"
"6","female","75","충주","충주시티투어","0.02","0","0.000032273209345980236","0.000032273209345980236","0.02003227320934598","false"
"6","female","2","부산","야경투어","0.02","0","0","0","0.02","false"
"6","female","29","목포","별빛물결시티투어","0.02","0","0","0","0.02","false"
"6","female","164","화순","화순적벽 버스투어(적벽 셔틀버스)","0.02","0","0","0","0.02","false"
"6","female","165","화순","화순적벽 버스투어(적벽투어)","0.02","0","0","0","0.02","false"
"6","female","211","대전","가족여행","0.02","0","0","0","0.02","false"
"6","female","219","대전","다크투어","0.02","0","0","0","0.02","false"
"6","female","273","서울","EG투어버스 D코스","0.02","0","0","0","0.02","false"
"6","female","231","태안","북부코스남부코스","0","0","0.00010497383357619045","0.00010497383357619045","0.00010497383357619045","false"
"6","female","60","익산","맞춤형코스","0","0","0.00009325924768030969","0.00009325924768030969","0.00009325924768030969","false"
"6","female","16","대구","테마(야경 11~3월)","0","0","0","0","0","false"
"6","female","36","화성","별과 하루","0","0","0","0","0","false"
"6","female","37","화성","노을과 하루","0","0","0","0","0","false"
"6","female","44","화성","섬과 하루","0","0","0","0","0","false"
"6","female","55","영주","특별운영","0","0","0","0","0","false"
"6","female","88","청주","청주시티투어_수시투어","0","0","0","0","0","false"
"6","female","125","부천","정규코스. 특별코스","0","0","0","0","0","false"
"6","female","132","인천","선재영흥투어","0","0","0","0","0","false"
"6","female","134","인천","무의도투어","0","0","0","0","0","false"
"6","female","141","제천","제천관광택시","0","0","0","0","0","false"
"6","female","198","공주","축제코스","0","0","0","0","0","false"
"6","female","259","단양","단양군시티투어","0","0","0","0","0","false"
"6","female","261","부여","백제문화단지-부소산성-궁남지-정림사지-백제문화단지","0","0","0","0","0","false"
"6","unspecified","10","대구","테마-전통5일장-현풍백년도깨비시장","2","0","0","0","2","true"
"6","unspecified","7","제주","순환형코스","1.9500000000000002","0","0","0","1.9500000000000002","true"
"6","unspecified","122","시흥","테마형 수시코스","1.85","0","0","0","1.85","true"
"6","unspecified","14","대구","테마-방방곡곡(팔공산)","1.8","0","0","0","1.8","false"
"6","unspecified","112","정선","와와정선 2층 투어버스","1.2000000000000002","0","0","0","1.2000000000000002","true"
"6","unspecified","156","세종","역사산책투어","1.17","0","0","0","1.17","true"
"6","unspecified","15","대구","도심순환코스(12개 정류장)","1","0","0","0","1","false"
"6","unspecified","129","인천","노을야경투어","1","0","0","0","1","false"
"6","unspecified","131","인천","교동도투어","1","0","0","0","1","false"
"6","unspecified","135","인천","바다노선","1","0","0","0","1","false"
"6","unspecified","183","포항","퐝랜드마크B코스","1","0","0","0","1","false"
"6","unspecified","130","인천","석모도투어","0.95","0","0","0","0.95","false"
"6","unspecified","184","포항","퐝랜드마크A코스","0.95","0","0","0","0.95","false"
"6","unspecified","185","포항","씨(SEA)하게 보는 포항코스","0.95","0","0","0","0.95","false"
"6","unspecified","159","세종","봄꽃파닭B투어","0.9366666666666666","0","0","0","0.9366666666666666","false"
"6","unspecified","160","세종","봄꽃파닭A투어","0.9366666666666666","0","0","0","0.9366666666666666","false"
"6","unspecified","120","파주","2026 파주시티투어 당일코스(수요일)","0.8866666666666667","0","0","0","0.8866666666666667","false"
"6","unspecified","181","김해","김해에반해","0.8771428571428572","0","0","0","0.8771428571428572","false"
"6","unspecified","179","김해","역사에반해","0.8533333333333334","0","0","0","0.8533333333333334","false"
"6","unspecified","133","인천","청라투어","0.85","0","0","0","0.85","false"
"6","unspecified","267","공주","반일코스","0.8300000000000001","0","0","0","0.8300000000000001","false"
"6","unspecified","11","대구","테마-방방곡곡(사시사철)","0.8","0","0","0","0.8","false"
"6","unspecified","12","대구","테마-방방곡곡(군위군 돋보기)","0.8","0","0","0","0.8","false"
"6","unspecified","13","대구","테마-방방곡곡(낙동강)","0.8","0","0","0","0.8","false"
"6","unspecified","229","대전","대청호코스","0.8","0","0","0","0.8","false"
"6","unspecified","180","김해","자연에반해","0.77","0","0","0","0.77","false"
"6","unspecified","74","천안","화요일","0.7325","0","0","0","0.7325","false"
"6","unspecified","262","공주","봄·여름·가을 코스","0.7033333333333334","0","0","0","0.7033333333333334","false"
"6","unspecified","138","군산","(박물관 출발) 고군산코스","0.6866666666666666","0","0","0","0.6866666666666666","false"
"6","unspecified","173","춘천","수요일","0.6866666666666666","0","0","0","0.6866666666666666","false"
"6","unspecified","166","태안","광역코스","0.67","0","0","0","0.67","false"
"6","unspecified","178","김해","문화에반해","0.6599999999999999","0","0","0","0.6599999999999999","false"
"6","unspecified","235","홍천","홍천시티투어","0.6533333333333333","0","0","0","0.6533333333333333","false"
"6","unspecified","188","서천","푸른빛코스","0.645","0","0","0","0.645","false"
"6","unspecified","227","대전","광역투어(첫주, 일)","0.6387499999999999","0","0","0","0.6387499999999999","false"
"6","unspecified","46","합천","합천광역시티투어 누비고","0.6366666666666667","0","0","0","0.6366666666666667","false"
"6","unspecified","42","화성","역사와 하루1","0.63","0","0","0","0.63","false"
"6","unspecified","61","익산","세계유산코스","0.62","0","0","0","0.62","false"
"6","unspecified","116","파주","2026 파주시티투어 당일코스(일요일)","0.62","0","0","0","0.62","false"
"6","unspecified","119","파주","2026 파주시티투어 당일코스(목요일)","0.62","0","0","0","0.62","false"
"6","unspecified","223","대전","광역투어(셋째주, 일)","0.5985714285714285","0","0","0","0.5985714285714285","false"
"6","unspecified","263","공주","가을코스2","0.5755555555555556","0","0","0","0.5755555555555556","false"
"6","unspecified","236","화천","화천시티투어(백암산케이블카)","0.5700000000000001","0","0","0","0.5700000000000001","false"
"6","unspecified","254","경산","소원성취코스,삼성현명품투어코스","0.5628571428571428","0","0","0","0.5628571428571428","false"
"6","unspecified","126","대구","도동코스","0.5575","0","0","0","0.5575","false"
"6","unspecified","177","경기광주","광주시티투어","0.5569415584415585","0","0","0","0.5569415584415585","false"
"6","unspecified","127","대구","송해코스","0.54","0","0","0","0.54","false"
"6","unspecified","241","순천","(테마투어)생태투어","0.54","0","0","0","0.54","false"
"6","unspecified","81","연천","역사자연코스","0.5342857142857143","0","0","0","0.5342857142857143","false"
"6","unspecified","265","공주","여름코스","0.53","0","0","0","0.53","false"
"6","unspecified","96","양산","양산시 가을 시티투어 (역사문화코스)","0.5129484848484848","0","0","0","0.5129484848484848","false"
"6","unspecified","162","세종","세종관광명소B투어","0.5075000000000001","0","0","0","0.5075000000000001","false"
"6","unspecified","47","밀양","삼랑진권 투어","0.495","0","0","0","0.495","false"
"6","unspecified","144","안산","안산 시내권코스(토요일)","0.495","0","0","0","0.495","false"
"6","unspecified","258","양주","왕실축제","0.495","0","0","0","0.495","false"
"6","unspecified","108","부여","부여테마여행","0.4936842105263158","0","0","0","0.4936842105263158","false"
"6","unspecified","249","대전","광역투어(다섯째주, 토)","0.48875","0","0","0","0.48875","false"
"6","unspecified","222","아산","아산도심핫플코스","0.4866666666666667","0","0","0","0.4866666666666667","false"
"6","unspecified","175","춘천","월요일","0.48250000000000004","0","0","0","0.48250000000000004","false"
"6","unspecified","195","완주","완주힐링로드시티투어 2코스","0.4755555555555555","0","0","0","0.4755555555555555","false"
"6","unspecified","72","천안","토요일","0.47000000000000003","0","0","0","0.47000000000000003","false"
"6","unspecified","73","천안","목요일","0.47000000000000003","0","0","0","0.47000000000000003","false"
"6","unspecified","161","세종","천안연계투어","0.47000000000000003","0","0","0","0.47000000000000003","false"
"6","unspecified","86","평택","문화유산코스 /관광코스 ※무장애코스 월2회 정기운영(3~6월,9~11월)","0.4642307692307692","0","0","0","0.4642307692307692","false"
"6","unspecified","186","서천","동백코스(익산-군산 광역)","0.45333333333333337","0","0","0","0.45333333333333337","false"
"6","unspecified","225","대전","광역투어(둘째주, 일)","0.45333333333333337","0","0","0","0.45333333333333337","false"
"6","unspecified","64","홍성","전통시장코스(홍성) 1,6일 운영","0.45000000000000007","0","0","0","0.45000000000000007","false"
"6","unspecified","237","화천","화천시티투어(평화누리호)","0.45000000000000007","0","0","0","0.45000000000000007","false"
"6","unspecified","252","안성","안성시티투어","0.45000000000000007","0","0","0","0.45000000000000007","false"
"6","unspecified","203","양주","박물관투어","0.44857142857142857","0","0","0","0.44857142857142857","false"
"6","unspecified","167","태안","남부코스","0.445","0","0","0","0.445","false"
"6","unspecified","264","공주","가을코스","0.43500000000000005","0","0","0","0.43500000000000005","false"
"6","unspecified","43","화성","자연과 하루","0.4325","0","0","0","0.4325","false"
"6","unspecified","157","세종","행복투어A","0.43000000000000005","0","0","0","0.43000000000000005","false"
"6","unspecified","240","순천","(테마투어)성곽투어","0.43000000000000005","0","0","0","0.43000000000000005","false"
"6","unspecified","216","대전","역사문화(효월드)","0.42714285714285716","0","0","0","0.42714285714285716","false"
"6","unspecified","255","울산","장생포 대왕암 코스","0.42714285714285716","0","0","0","0.42714285714285716","false"
"6","unspecified","30","목포","목포랑시티투어","0.4241666666666667","0","0","0","0.4241666666666667","false"
"6","unspecified","163","세종","세종관광명소A투어","0.42000000000000004","0","0","0","0.42000000000000004","false"
"6","unspecified","214","대전","힐링(만인산)","0.42000000000000004","0","0","0","0.42000000000000004","false"
"6","unspecified","238","순천","(테마투어)산사투어","0.42000000000000004","0","0","0","0.42000000000000004","false"
"6","unspecified","243","나주","정기코스","0.42000000000000004","0","0","0","0.42000000000000004","false"
"6","unspecified","253","대전","언택트세이프?","0.42000000000000004","0","0","0","0.42000000000000004","false"
"6","unspecified","9","대구","테마-전통5일장-군위전통시장","0.42","0","0","0","0.42","false"
"6","unspecified","145","안산","안산 시내권코스(목요일)","0.42","0","0","0","0.42","false"
"6","unspecified","190","영광","영광쉼,투어","0.42","0","0","0","0.42","false"
"6","unspecified","224","대전","광역투어(셋째주, 토)","0.41285714285714287","0","0","0","0.41285714285714287","false"
"6","unspecified","189","서천","보랏빛코스","0.4057142857142857","0","0","0","0.4057142857142857","false"
"6","unspecified","197","평창","북부권 코스","0.40179545454545457","0","0","0","0.40179545454545457","false"
"6","unspecified","17","해남","해남시티투어","0.4","0","0","0","0.4","false"
"6","unspecified","40","화성","모두와 하루(무장애 여행)","0.4","0","0","0","0.4","false"
"6","unspecified","58","익산","순환형2","0.395","0","0","0","0.395","false"
"6","unspecified","59","익산","순환형1","0.395","0","0","0","0.395","false"
"6","unspecified","204","양주","역사투어","0.395","0","0","0","0.395","false"
"6","unspecified","187","서천","금빛코스","0.39142857142857146","0","0","0","0.39142857142857146","false"
"6","unspecified","123","시흥","테마형 정기코스","0.39","0","0","0","0.39","false"
"6","unspecified","124","시흥","순환형 2층버스","0.39","0","0","0","0.39","false"
"6","unspecified","48","밀양","영남알프스권 투어 1","0.38250000000000006","0","0","0","0.38250000000000006","false"
"6","unspecified","155","세종","정원투어","0.38","0","0","0","0.38","false"
"6","unspecified","217","대전","대덕특구탐방","0.38","0","0","0","0.38","false"
"6","unspecified","221","아산","休캉스 코스","0.38","0","0","0","0.38","false"
"6","unspecified","245","아산","역사기행 코스","0.38","0","0","0","0.38","false"
"6","unspecified","193","완주","완주힐링로드 시티투어(코레일연계 익산역)","0.37909090909090915","0","0","0","0.37909090909090915","false"
"6","unspecified","51","사천","오감체험투어","0.3783333333333333","0","0","0","0.3783333333333333","false"
"6","unspecified","107","예산","예산군 버스투어","0.3783333333333333","0","0","0","0.3783333333333333","false"
"6","unspecified","272","서울","EG투어버스 E코스","0.3783333333333333","0","0","0","0.3783333333333333","false"
"6","unspecified","266","공주","봄코스","0.37357142857142855","0","0","0","0.37357142857142855","false"
"6","unspecified","117","파주","2026 파주시티투어 당일코스(토요일)","0.37","0","0","0","0.37","false"
"6","unspecified","257","양주","천일홍축제","0.37","0","0","0","0.37","false"
"6","unspecified","109","부여","롯데리조트부여와 함께하는 부여 감성야행","0.3616666666666667","0","0","0","0.3616666666666667","false"
"6","unspecified","67","홍성","역사·문화 코스","0.35333333333333333","0","0","0","0.35333333333333333","false"
"6","unspecified","97","양산","2025 6월 시티투어","0.35333333333333333","0","0","0","0.35333333333333333","false"
"6","unspecified","158","세종","역사문화투어","0.35333333333333333","0","0","0","0.35333333333333333","false"
"6","unspecified","172","춘천","목요일","0.35333333333333333","0","0","0","0.35333333333333333","false"
"6","unspecified","248","대전","광역투어(다섯째주, 일)","0.35125000000000006","0","0","0","0.35125000000000006","false"
"6","unspecified","194","완주","완주힐링로드 시티투어(서울권역)","0.3491666666666667","0","0","0","0.3491666666666667","false"
"6","unspecified","18","광양","광양역사코스","0.34777777777777774","0","0","0","0.34777777777777774","false"
"6","unspecified","19","광양","광양힐링코스","0.34777777777777774","0","0","0","0.34777777777777774","false"
"6","unspecified","205","양주","기본코스","0.34777777777777774","0","0","0","0.34777777777777774","false"
"6","unspecified","65","홍성","전통시장코스(광천) 4,9일 운영","0.345","0","0","0","0.345","false"
"6","unspecified","274","서울","EG투어버스 C코스","0.345","0","0","0","0.345","false"
"6","unspecified","247","대전","언택트세이프(A)","0.34","0","0","0","0.34","false"
"6","unspecified","270","서울","EG투어버스 G코스","0.34","0","0","0","0.34","false"
"6","unspecified","196","완주","완주힐링로드시티투어 1코스","0.3392307692307693","0","0","0","0.3392307692307693","false"
"6","unspecified","121","파주","2026 파주시티투어 당일코스(화요일)","0.33666666666666667","0","0","0","0.33666666666666667","false"
"6","unspecified","115","파주","2026 파주시티투어 1박2일코스(토요일~일요일)","0.32833333333333337","0","0","0","0.32833333333333337","false"
"6","unspecified","128","대구","현풍코스","0.3271428571428572","0","0","0","0.3271428571428572","false"
"6","unspecified","233","서천","광역코스","0.3271428571428571","0","0","0","0.3271428571428571","false"
"6","unspecified","234","서천","힐링코스","0.3271428571428571","0","0","0","0.3271428571428571","false"
"6","unspecified","142","제천","시티투어","0.32000000000000006","0","0","0","0.32000000000000006","false"
"6","unspecified","89","청주","청주시티투어_정기투어_트레킹 투어(토)","0.32","0","0","0","0.32","false"
"6","unspecified","201","양주","자연친화코스1","0.32","0","0","0","0.32","false"
"6","unspecified","169","춘천","일요일","0.31500000000000006","0","0","0","0.31500000000000006","false"
"6","unspecified","170","춘천","토요일","0.31500000000000006","0","0","0","0.31500000000000006","false"
"6","unspecified","104","안동","하회마을테마","0.3109090909090909","0","0","0","0.3109090909090909","false"
"6","unspecified","102","안동","봉정사&만휴정테마","0.3063636363636364","0","0","0","0.3063636363636364","false"
"6","unspecified","68","서산","C코스","0.3057142857142857","0","0","0","0.3057142857142857","false"
"6","unspecified","202","양주","서울우유견학코스","0.3057142857142857","0","0","0","0.3057142857142857","false"
"6","unspecified","66","홍성","남당항 코스","0.30333333333333334","0","0","0","0.30333333333333334","false"
"6","unspecified","199","완도","해양치유시티투어","0.30214285714285716","0","0","0","0.30214285714285716","false"
"6","unspecified","94","여주","시티투어","0.3018181818181818","0","0","0","0.3018181818181818","false"
"6","unspecified","69","서산","B코스","0.2985714285714286","0","0","0","0.2985714285714286","false"
"6","unspecified","153","세종","행복투어B","0.2866666666666667","0","0","0","0.2866666666666667","false"
"6","unspecified","242","순천","(기획투어)나이트가든투어","0.2866666666666667","0","0","0","0.2866666666666667","false"
"6","unspecified","90","청주","청주시티투어_정기투어_힐링로드 투어(토)","0.28428571428571425","0","0","0","0.28428571428571425","false"
"6","unspecified","256","울산","태화강 국가정원 코스","0.2838888888888889","0","0","0","0.2838888888888889","false"
"6","unspecified","174","춘천","화요일","0.28250000000000003","0","0","0","0.28250000000000003","false"
"6","unspecified","143","동해","관광문화코스","0.2783333333333333","0","0","0","0.2783333333333333","false"
"6","unspecified","139","군산","(익산역 출발) 고군산시간여행코스","0.27","0","0","0","0.27","false"
"6","unspecified","176","창원","창원시티투어","0.26999999999999996","0","0","0","0.26999999999999996","false"
"6","unspecified","53","사천","바다투어","0.26285714285714284","0","0","0","0.26285714285714284","false"
"6","unspecified","137","임실","명소탐방 임실 시티투어","0.26","0","0","0","0.26","false"
"6","unspecified","192","삼척","종일코스","0.26","0","0","0","0.26","false"
"6","unspecified","277","서울","EG투어버스 J코스","0.25","0","0","0","0.25","false"
"6","unspecified","279","서울","EG투어버스 H코스","0.25","0","0","0","0.25","false"
"6","unspecified","22","여수","2층야간코스","0.24857142857142853","0","0","0","0.24857142857142853","false"
"6","unspecified","250","대전","광역투어(넷재주, 일)","0.24857142857142853","0","0","0","0.24857142857142853","false"
"6","unspecified","3","부산","오렌지라인","0.24692307692307694","0","0","0","0.24692307692307694","false"
"6","unspecified","34","화성","테마와 하루(농어촌 체험)","0.245","0","0","0","0.245","false"
"6","unspecified","35","화성","소소한 하루","0.245","0","0","0","0.245","false"
"6","unspecified","25","여수","이순신문화유적코스","0.2422222222222222","0","0","0","0.2422222222222222","false"
"6","unspecified","56","영주","선비 코스","0.23500000000000001","0","0","0","0.23500000000000001","false"
"6","unspecified","103","안동","도산서원&예끼마을테마","0.23500000000000001","0","0","0","0.23500000000000001","false"
"6","unspecified","212","대전","야경","0.23249999999999998","0","0","0","0.23249999999999998","false"
"6","unspecified","5","부산","레드라인","0.23153846153846155","0","0","0","0.23153846153846155","false"
"6","unspecified","50","사천","우주항공산업투어","0.23111111111111107","0","0","0","0.23111111111111107","false"
"6","unspecified","38","화성","바다와 하루","0.23","0","0","0","0.23","false"
"6","unspecified","239","순천","(테마투어)세계유산투어","0.23","0","0","0","0.23","false"
"6","unspecified","268","서울","EG투어버스 B코스","0.23","0","0","0","0.23","false"
"6","unspecified","52","사천","이순신승전길투어","0.22624999999999998","0","0","0","0.22624999999999998","false"
"6","unspecified","78","원주","원주시티투어(순환형)","0.22333333333333333","0","0","0","0.22333333333333333","false"
"6","unspecified","154","세종","야경투어","0.22","0","0","0","0.22","false"
"6","unspecified","168","태안","북부코스","0.22","0","0","0","0.22","false"
"6","unspecified","244","아산","예술맛집 코스","0.22","0","0","0","0.22","false"
"6","unspecified","106","안동","주간도심테마","0.21999999999999997","0","0","0","0.21999999999999997","false"
"6","unspecified","232","서천","전라권코스","0.21166666666666664","0","0","0","0.21166666666666664","false"
"6","unspecified","98","양산","봄꽃체험코스","0.21","0","0","0","0.21","false"
"6","unspecified","230","대전","남부코스","0.21","0","0","0","0.21","false"
"6","unspecified","39","화성","열차와 하루","0.2033333333333333","0","0","0","0.2033333333333333","false"
"6","unspecified","8","대구","테마(야경 4~10월)","0.2","0","0","0","0.2","false"
"6","unspecified","54","사천","별빛투어","0.19727272727272727","0","0","0","0.19727272727272727","false"
"6","unspecified","99","봉화","송이축제 문화유적탐방버스","0.19","0","0","0","0.19","false"
"6","unspecified","100","봉화","은어축제 문화유적탐방버스","0.19","0","0","0","0.19","false"
"6","unspecified","213","대전","힐링(장태산)","0.19","0","0","0","0.19","false"
"6","unspecified","269","서울","EG투어버스 A코스","0.19","0","0","0","0.19","false"
"6","unspecified","208","양구","방산나들이코스","0.18666666666666665","0","0","0","0.18666666666666665","false"
"6","unspecified","226","대전","광역투어(둘째주, 토)","0.18666666666666665","0","0","0","0.18666666666666665","false"
"6","unspecified","62","익산","익산숨은보석찾기코스","0.18428571428571425","0","0","0","0.18428571428571425","false"
"6","unspecified","218","대전","생태교육","0.18","0","0","0","0.18","false"
"6","unspecified","278","서울","EG투어버스 I코스","0.18","0","0","0","0.18","false"
"6","unspecified","79","연천","연천명소코스","0.17833333333333332","0","0","0","0.17833333333333332","false"
"6","unspecified","95","양산","양산시 가을 시티투어 (자연관광코스)","0.17833333333333332","0","0","0","0.17833333333333332","false"
"6","unspecified","113","가평","가평순환버스B코스","0.17833333333333332","0","0","0","0.17833333333333332","false"
"6","unspecified","207","양구","힐링산책코스","0.17833333333333332","0","0","0","0.17833333333333332","false"
"6","unspecified","70","서산","A코스","0.16999999999999998","0","0","0","0.16999999999999998","false"
"6","unspecified","77","태백","황지자유시장 코스","0.16374999999999998","0","0","0","0.16374999999999998","false"
"6","unspecified","210","곡성","읍권 순환버스","0.16374999999999998","0","0","0","0.16374999999999998","false"
"6","unspecified","260","서천","문화코스","0.1633333333333333","0","0","0","0.1633333333333333","false"
"6","unspecified","0","부산","동부산테마노선","0.16285714285714284","0","0","0","0.16285714285714284","false"
"6","unspecified","26","여수","다크투어리즘코스","0.16285714285714284","0","0","0","0.16285714285714284","false"
"6","unspecified","140","군산","고군산시간여행코스","0.16285714285714284","0","0","0","0.16285714285714284","false"
"6","unspecified","63","홍성","죽도코스","0.16166666666666665","0","0","0","0.16166666666666665","false"
"6","unspecified","80","연천","안보자연코스","0.16166666666666665","0","0","0","0.16166666666666665","false"
"6","unspecified","206","양구","해안DMZ트래킹 코스","0.16166666666666665","0","0","0","0.16166666666666665","false"
"6","unspecified","220","아산","인생네컷 코스","0.16166666666666665","0","0","0","0.16166666666666665","false"
"6","unspecified","147","안산","대부도 해변코스(일반형 2코스)","0.15333333333333332","0","0","0","0.15333333333333332","false"
"6","unspecified","148","안산","대부도 해변코스(일반형 1코스)","0.15333333333333332","0","0","0","0.15333333333333332","false"
"6","unspecified","215","대전","역사문화(동춘당)","0.15333333333333332","0","0","0","0.15333333333333332","false"
"6","unspecified","87","의정부","의정부포레스트:오감이 깨어나는 숲 속 여행","0.15","0","0","0","0.15","false"
"6","unspecified","110","정선","아리랑열차 연계형 시티투어2","0.15","0","0","0","0.15","false"
"6","unspecified","111","정선","아리랑열차 연계형 시티투어 1","0.15","0","0","0","0.15","false"
"6","unspecified","136","인천","인천레트로노선","0.15","0","0","0","0.15","false"
"6","unspecified","182","포항","퐝순환코스","0.15","0","0","0","0.15","false"
"6","unspecified","76","태백","통리장 코스","0.145","0","0","0","0.145","false"
"6","unspecified","91","청주","청주시티투어_정기투어_초정힐링 투어(토)","0.145","0","0","0","0.145","false"
"6","unspecified","251","대전","광역투어(넷재주, 토)","0.145","0","0","0","0.145","false"
"6","unspecified","27","여수","제2코스","0.14307692307692307","0","0","0","0.14307692307692307","false"
"6","unspecified","1","부산","서부산생태투어","0.13874999999999998","0","0","0","0.13874999999999998","false"
"6","unspecified","20","광양","야경코스","0.13874999999999998","0","0","0","0.13874999999999998","false"
"6","unspecified","24","여수","야경코스","0.13428571428571426","0","0","0","0.13428571428571426","false"
"6","unspecified","105","안동","야간도심테마","0.13428571428571426","0","0","0","0.13428571428571426","false"
"6","unspecified","92","청주","청주시티투어_정기투어_청남대 투어(수토일)","0.1311111111111111","0","0","0","0.1311111111111111","false"
"6","unspecified","171","춘천","금요일","0.12625","0","0","0","0.12625","false"
"6","unspecified","191","평창","남부권 코스","0.12625","0","0","0","0.12625","false"
"6","unspecified","151","안산","대부도 뱃길코스(일반형 2코스)","0.12555555555555556","0","0","0","0.12555555555555556","false"
"6","unspecified","49","밀양","시내권 투어 1","0.12000000000000001","0","0","0","0.12000000000000001","false"
"6","unspecified","228","대전","광역투어(첫주, 토)","0.12000000000000001","0","0","0","0.12000000000000001","false"
"6","unspecified","57","영주","물돌이 코스","0.115","0","0","0","0.115","false"
"6","unspecified","114","가평","가평순환버스A코스","0.11444444444444445","0","0","0","0.11444444444444445","false"
"6","unspecified","152","안산","대부도 뱃길코스(일반형 1코스)","0.10888888888888888","0","0","0","0.10888888888888888","false"
"6","unspecified","23","여수","2층주간코스","0.10500000000000001","0","0","0","0.10500000000000001","false"
"6","unspecified","21","여수","야간테마코스(시간을달리는버스커)","0.09272727272727273","0","0","0","0.09272727272727273","false"
"6","unspecified","4","부산","그린라인","0.08923076923076924","0","0","0","0.08923076923076924","false"
"6","unspecified","71","천안","일요일","0.0825","0","0","0","0.0825","false"
"6","unspecified","200","진도","진도시티투어","0.06642857142857143","0","0","0","0.06642857142857143","false"
"6","unspecified","41","화성","역사와 하루2","0.06","0","0","0","0.06","false"
"6","unspecified","101","청도","시티투어","0.06","0","0","0","0.06","false"
"6","unspecified","32","화성","테마와 하루(문화예술 체험)","0.05333333333333333","0","0","0","0.05333333333333333","false"
"6","unspecified","275","서울","EG투어버스 L코스","0.05333333333333333","0","0","0","0.05333333333333333","false"
"6","unspecified","33","화성","테마와 하루(목장 체험)","0.05","0","0","0","0.05","false"
"6","unspecified","146","안산","대부도 해변코스(체험형 1코스)","0.05","0","0","0","0.05","false"
"6","unspecified","28","여수","제1코스","0.04857142857142857","0","0","0","0.04857142857142857","false"
"6","unspecified","85","이천","농촌체험코스(남부)","0.045","0","0","0","0.045","false"
"6","unspecified","149","안산","대부도 뱃길코스(체험형 2코스)","0.045","0","0","0","0.045","false"
"6","unspecified","150","안산","대부도 뱃길코스(체험형 1코스)","0.045","0","0","0","0.045","false"
"6","unspecified","6","제주","야간코스(7월말~8월말 운영)","0.041428571428571426","0","0","0","0.041428571428571426","false"
"6","unspecified","84","이천","농촌체험코스(중부)","0.04000000000000001","0","0","0","0.04000000000000001","false"
"6","unspecified","209","곡성","압록권역 순환버스","0.04000000000000001","0","0","0","0.04000000000000001","false"
"6","unspecified","276","서울","EG투어버스 K 코스","0.04000000000000001","0","0","0","0.04000000000000001","false"
"6","unspecified","45","화성","테마와 하루(지역축제 체험)","0.03666666666666667","0","0","0","0.03666666666666667","false"
"6","unspecified","83","이천","농촌체험코스(북부)","0.03666666666666667","0","0","0","0.03666666666666667","false"
"6","unspecified","82","이천","승마체험코스","0.0325","0","0","0","0.0325","false"
"6","unspecified","31","화성","테마와 하루(해양생태 체험)","0.030000000000000002","0","0","0","0.030000000000000002","false"
"6","unspecified","246","대전","언택트세이프(B)","0.030000000000000002","0","0","0","0.030000000000000002","false"
"6","unspecified","271","서울","EG투어버스 F코스","0.030000000000000002","0","0","0","0.030000000000000002","false"
"6","unspecified","93","여주","꽃섬투어","0.025555555555555557","0","0","0","0.025555555555555557","false"
"6","unspecified","2","부산","야경투어","0.02","0","0","0","0.02","false"
"6","unspecified","29","목포","별빛물결시티투어","0.02","0","0","0","0.02","false"
"6","unspecified","75","충주","충주시티투어","0.02","0","0","0","0.02","false"
"6","unspecified","118","파주","2026 파주시티투어 당일코스(금요일)","0.02","0","0","0","0.02","false"
"6","unspecified","164","화순","화순적벽 버스투어(적벽 셔틀버스)","0.02","0","0","0","0.02","false"
"6","unspecified","165","화순","화순적벽 버스투어(적벽투어)","0.02","0","0","0","0.02","false"
"6","unspecified","211","대전","가족여행","0.02","0","0","0","0.02","false"
"6","unspecified","219","대전","다크투어","0.02","0","0","0","0.02","false"
"6","unspecified","273","서울","EG투어버스 D코스","0.02","0","0","0","0.02","false"
"6","unspecified","16","대구","테마(야경 11~3월)","0","0","0","0","0","false"
"6","unspecified","36","화성","별과 하루","0","0","0","0","0","false"
"6","unspecified","37","화성","노을과 하루","0","0","0","0","0","false"
"6","unspecified","44","화성","섬과 하루","0","0","0","0","0","false"
"6","unspecified","55","영주","특별운영","0","0","0","0","0","false"
"6","unspecified","60","익산","맞춤형코스","0","0","0","0","0","false"
"6","unspecified","88","청주","청주시티투어_수시투어","0","0","0","0","0","false"
"6","unspecified","125","부천","정규코스. 특별코스","0","0","0","0","0","false"
"6","unspecified","132","인천","선재영흥투어","0","0","0","0","0","false"
"6","unspecified","134","인천","무의도투어","0","0","0","0","0","false"
"6","unspecified","141","제천","제천관광택시","0","0","0","0","0","false"
"6","unspecified","198","공주","축제코스","0","0","0","0","0","false"
"6","unspecified","231","태안","북부코스남부코스","0","0","0","0","0","false"
"6","unspecified","259","단양","단양군시티투어","0","0","0","0","0","false"
"6","unspecified","261","부여","백제문화단지-부소산성-궁남지-정림사지-백제문화단지","0","0","0","0","0","false"
