respondent_id,data_status,score_rank,display_order,course_id,region,name,cosine_cluster,cosine_similarity,cosine_fit_score,coverage_factor,coverage_adjusted_score,contribution_herit_points,contribution_heal_points,contribution_activity_points,contribution_food_points,contribution_sea_points,operational_availability_verified
DEMO_CULTURE,SYNTHETIC_DEMONSTRATION,1,1,ct_79a18eaed83932,양산,양산시 가을 시티투어 (역사문화코스),TC07,0.9801960588196068,98.01960588196069,1.0,98.01960588196069,70.0140042014005,14.0028008402801,0.0,14.0028008402801,0.0,False
DEMO_CULTURE,SYNTHETIC_DEMONSTRATION,2,2,ct_ba6ef7945423e1,공주,가을코스2,TC07,0.9356014857063998,93.56014857063998,1.0,93.56014857063998,84.20413371357598,3.7424059428255982,1.8712029714127991,3.7424059428255982,0.0,False
DEMO_CULTURE,SYNTHETIC_DEMONSTRATION,3,3,ct_1c691124e74222,대구,도동코스,TC07,0.9219544457292886,92.19544457292886,1.0,92.19544457292886,81.34892168199606,0.0,0.0,10.846522890932809,0.0,False
DEMO_CULTURE,SYNTHETIC_DEMONSTRATION,4,4,ct_a33d720535a1e1,순천,(테마투어)산사투어,TC07,0.9203579866168443,92.03579866168442,1.0,92.03579866168442,76.69649888473703,15.339299776947406,0.0,0.0,0.0,False
DEMO_CULTURE,SYNTHETIC_DEMONSTRATION,5,5,ct_0e4d7f0c7de8e2,대구,송해코스,TC07,0.9037378388935385,90.37378388935386,1.0,90.37378388935386,71.34772412317409,19.026059766179763,0.0,0.0,0.0,False
DEMO_CULTURE,SYNTHETIC_DEMONSTRATION,6,6,ct_b53b246e98a9cd,인천,석모도투어,TC06,0.8911327886790068,89.11327886790068,1.0,89.11327886790068,49.50737714883371,19.80295085953348,0.0,19.80295085953348,0.0,False
DEMO_CULTURE,SYNTHETIC_DEMONSTRATION,7,7,ct_343d3a1d62c8a5,완주,완주힐링로드 시티투어(코레일연계 익산역),TC07,0.8708635721768007,87.08635721768006,1.0,87.08635721768006,68.75238727711584,9.166984970282112,9.166984970282112,0.0,0.0,False
DEMO_CULTURE,SYNTHETIC_DEMONSTRATION,8,8,ct_4212deac479d6b,세종,역사문화투어,TC07,0.8574929257125441,85.74929257125441,1.0,85.74929257125441,85.74929257125441,0.0,0.0,0.0,0.0,False
DEMO_CULTURE,SYNTHETIC_DEMONSTRATION,8,9,ct_73908901775f5c,익산,세계유산코스,TC07,0.8574929257125441,85.74929257125441,1.0,85.74929257125441,85.74929257125441,0.0,0.0,0.0,0.0,False
DEMO_CULTURE,SYNTHETIC_DEMONSTRATION,8,10,ct_956d44d9a821ed,양산,2025 6월 시티투어,TC04,0.8574929257125441,85.74929257125441,1.0,85.74929257125441,42.87464628562721,17.14985851425088,8.57492925712544,17.14985851425088,0.0,False
DEMO_CULTURE,SYNTHETIC_DEMONSTRATION,11,11,ct_2749460936eb31,공주,반일코스,TC07,0.8436614877321074,84.36614877321074,1.0,84.36614877321074,76.69649888473703,0.0,7.669649888473703,0.0,0.0,False
DEMO_CULTURE,SYNTHETIC_DEMONSTRATION,12,12,ct_52fe5a29aee3e7,합천,합천광역시티투어 누비고,TC04,0.7921180343813393,79.21180343813393,1.0,79.21180343813393,49.50737714883371,19.80295085953348,9.90147542976674,0.0,0.0,False
DEMO_CULTURE,SYNTHETIC_DEMONSTRATION,13,13,ct_b96c711c2cd94d,예산,예산군 버스투어,TC07,0.9801960588196067,98.01960588196067,0.8,78.41568470556854,56.01120336112039,11.202240672224079,0.0,11.202240672224079,0.0,False
DEMO_CULTURE,SYNTHETIC_DEMONSTRATION,14,14,ct_a1bc285f9c2881,여수,제1코스,TC07,0.7827803638564368,78.27803638564367,1.0,78.27803638564367,62.62242910851494,0.0,3.131121455425747,12.524485821702989,0.0,False
DEMO_CULTURE,SYNTHETIC_DEMONSTRATION,15,15,ct_fcbc8def0ff021,공주,여름코스,TC07,0.9706476511819815,97.06476511819815,0.7999999999999999,77.65181209455852,62.622429108514936,10.019588657362391,0.0,5.0097943286811955,0.0,False
DEMO_CULTURE,SYNTHETIC_DEMONSTRATION,16,16,ct_809907e22355c9,연천,연천명소코스,TC06,0.7701540462154055,77.01540462154055,1.0,77.01540462154055,35.00700210070025,28.0056016805602,0.0,14.0028008402801,0.0,False
DEMO_CULTURE,SYNTHETIC_DEMONSTRATION,17,17,ct_1def3d2a58e430,부산,오렌지라인,TC05,0.8426648406178135,84.26648406178136,0.9090909090909092,76.60589460161943,44.1957084240112,23.57104449280598,2.9463805616007477,5.892761123201495,0.0,False
DEMO_CULTURE,SYNTHETIC_DEMONSTRATION,18,18,ct_c188dbb343674a,서천,푸른빛코스,TC05,0.9146591207600469,91.46591207600468,0.8333333333333333,76.22159339667057,47.63849587291911,19.055398349167643,0.0,9.527699174583821,0.0,False
DEMO_CULTURE,SYNTHETIC_DEMONSTRATION,19,19,ct_fc9f85899d40a4,안산,안산 시내권코스(토요일),TC07,0.9037378388935386,90.37378388935386,0.8333333333333333,75.31148657446154,59.45643676931175,15.855049805149799,0.0,0.0,0.0,False
DEMO_CULTURE,SYNTHETIC_DEMONSTRATION,20,20,ct_a70933018dfe45,여수,이순신문화유적코스,TC07,0.8574929257125441,85.74929257125441,0.8571428571428571,73.49939363250378,73.49939363250378,0.0,0.0,0.0,0.0,False
DEMO_CULTURE,SYNTHETIC_DEMONSTRATION,21,21,ct_02181b9e7a671f,순천,(테마투어)성곽투어,TC07,0.7333587976225691,73.33587976225691,1.0,73.33587976225691,68.75238727711584,0.0,4.583492485141056,0.0,0.0,False
DEMO_CULTURE,SYNTHETIC_DEMONSTRATION,22,22,ct_6e6a0f2ecaee7f,양주,기본코스,TC07,0.9701425001453318,97.01425001453318,0.75,72.76068751089988,60.63390625908324,6.063390625908324,0.0,6.063390625908324,0.0,False
DEMO_CULTURE,SYNTHETIC_DEMONSTRATION,23,23,ct_37faafbf7ac90b,김해,자연에반해,TC04,0.7241051372683706,72.41051372683705,1.0,72.41051372683705,38.1107966983353,26.677557688834703,7.622159339667059,0.0,0.0,False
DEMO_CULTURE,SYNTHETIC_DEMONSTRATION,24,24,ct_caab077d4954a7,김해,역사에반해,TC07,0.8574929257125441,85.74929257125441,0.8333333333333334,71.45774380937868,71.45774380937868,0.0,0.0,0.0,0.0,False
DEMO_CULTURE,SYNTHETIC_DEMONSTRATION,25,25,ct_3aa92169f5cb7c,군산,(익산역 출발) 고군산시간여행코스,TC07,0.8426648406178134,84.26648406178134,0.8333333333333333,70.22207005148445,54.016976962680346,10.803395392536068,5.401697696268034,0.0,0.0,False
DEMO_CULTURE,SYNTHETIC_DEMONSTRATION,26,26,ct_1dab0b645e521d,완주,완주힐링로드시티투어 2코스,TC07,0.9824666109905364,98.24666109905364,0.7142857142857142,70.17618649932402,55.40225249946632,7.386966999928844,0.0,7.386966999928844,0.0,False
DEMO_CULTURE,SYNTHETIC_DEMONSTRATION,27,27,ct_5c692156a089c1,파주,2026 파주시티투어 당일코스(수요일),TC06,0.6902684899626332,69.02684899626333,1.0,69.02684899626333,38.34824944236851,30.678599553894813,0.0,0.0,0.0,False
DEMO_CULTURE,SYNTHETIC_DEMONSTRATION,27,28,ct_62dfed5cce4635,파주,2026 파주시티투어 당일코스(목요일),TC06,0.6902684899626332,69.02684899626333,1.0,69.02684899626333,38.34824944236851,30.678599553894813,0.0,0.0,0.0,False
DEMO_CULTURE,SYNTHETIC_DEMONSTRATION,27,29,ct_6b11aef24a24ef,순천,(테마투어)생태투어,TC06,0.6902684899626332,69.02684899626333,1.0,69.02684899626333,38.34824944236851,30.678599553894813,0.0,0.0,0.0,False
DEMO_CULTURE,SYNTHETIC_DEMONSTRATION,27,30,ct_d038c55e01951b,대전,대덕특구탐방,TC06,0.6902684899626332,69.02684899626333,1.0,69.02684899626333,38.34824944236851,30.678599553894813,0.0,0.0,0.0,False
DEMO_CULTURE,SYNTHETIC_DEMONSTRATION,31,31,ct_6bfb1cb10f19bb,천안,목요일,TC07,0.9203579866168443,92.03579866168442,0.75,69.02684899626331,57.52237416355277,11.504474832710555,0.0,0.0,0.0,False
DEMO_CULTURE,SYNTHETIC_DEMONSTRATION,31,32,ct_fa87b733ddf357,아산,아산도심핫플코스,TC07,0.9203579866168443,92.03579866168442,0.75,69.02684899626331,57.52237416355277,11.504474832710555,0.0,0.0,0.0,False
DEMO_CULTURE,SYNTHETIC_DEMONSTRATION,33,33,ct_61845aa89a1c1a,홍천,홍천시티투어,TC05,0.8315507144102845,83.15507144102845,0.8181818181818181,68.03596754265963,42.522479714162266,14.174159904720756,8.504495942832454,2.834831980944152,0.0,False
DEMO_CULTURE,SYNTHETIC_DEMONSTRATION,34,34,ct_a3932d2baa3d16,안산,안산 시내권코스(목요일),TC06,0.8488746876271653,84.88746876271654,0.8,67.90997501017323,48.507125007266595,19.402850002906632,0.0,0.0,0.0,False
DEMO_CULTURE,SYNTHETIC_DEMONSTRATION,35,35,ct_03101958100a14,부여,부여테마여행,TC05,0.9044315925115101,90.443159251151,0.75,67.83236943836326,51.194241085557174,15.358272325667151,1.2798560271389294,0.0,0.0,False
DEMO_CULTURE,SYNTHETIC_DEMONSTRATION,36,36,ct_20eb1ae44f44d4,밀양,영남알프스권 투어 1,TC04,0.800326730665041,80.0326730665041,0.8333333333333333,66.69389422208674,47.63849587291911,9.527699174583821,9.527699174583821,0.0,0.0,False
DEMO_CULTURE,SYNTHETIC_DEMONSTRATION,37,37,ct_2c0d1fe873d818,천안,화요일,TC07,0.8708635721768007,87.08635721768006,0.75,65.31476791326004,51.56429045783688,6.875238727711584,6.875238727711584,0.0,0.0,False
DEMO_CULTURE,SYNTHETIC_DEMONSTRATION,38,38,ct_aa2937d4d2a2d0,목포,목포랑시티투어,TC05,0.7961540283151328,79.61540283151328,0.8181818181818182,65.13987504396542,39.71943600241793,9.532664640580302,9.532664640580302,6.35510976038687,0.0,False
DEMO_CULTURE,SYNTHETIC_DEMONSTRATION,39,39,ct_82e2c317c54d7e,양주,역사투어,TC07,0.8574929257125441,85.74929257125441,0.75,64.31196942844082,64.31196942844082,0.0,0.0,0.0,0.0,False
DEMO_CULTURE,SYNTHETIC_DEMONSTRATION,39,40,ct_e4521f5325216f,양주,박물관투어,TC07,0.8574929257125441,85.74929257125441,0.75,64.31196942844082,64.31196942844082,0.0,0.0,0.0,0.0,False
DEMO_CULTURE,SYNTHETIC_DEMONSTRATION,41,41,ct_fe508b5dbba88f,세종,역사산책투어,TC06,0.8488746876271653,84.88746876271654,0.75,63.6656015720374,45.47542969431243,18.19017187772497,0.0,0.0,0.0,False
DEMO_CULTURE,SYNTHETIC_DEMONSTRATION,42,42,ct_2f8d9c4d57db08,서천,힐링코스,TC05,0.7276068751089989,72.76068751089988,0.857142857142857,62.366303580771316,25.985959825321384,10.394383930128553,5.197191965064277,20.788767860257106,0.0,False
DEMO_CULTURE,SYNTHETIC_DEMONSTRATION,43,43,ct_d756b69f16e800,청주,청주시티투어_정기투어_힐링로드 투어(토),TC04,0.6176470588235294,61.76470588235294,1.0,61.76470588235294,29.411764705882355,5.882352941176471,14.705882352941178,11.764705882352942,0.0,False
DEMO_CULTURE,SYNTHETIC_DEMONSTRATION,44,44,ct_330d0bc9cd3d05,서산,B코스,TC02,0.7717436331412897,77.17436331412897,0.8,61.73949065130318,34.29971702850177,13.719886811400706,0.0,13.719886811400706,0.0,False
DEMO_CULTURE,SYNTHETIC_DEMONSTRATION,44,45,ct_94cebe436c068a,서산,C코스,TC02,0.7717436331412897,77.17436331412897,0.8,61.73949065130318,34.29971702850177,13.719886811400706,0.0,13.719886811400706,0.0,False
DEMO_CULTURE,SYNTHETIC_DEMONSTRATION,46,46,ct_7cdced2e0d065a,여주,시티투어,TC05,0.9737260471306501,97.37260471306502,0.625,60.857877945665635,43.4699128183326,6.955186050933214,0.0,10.432779076399823,0.0,False
DEMO_CULTURE,SYNTHETIC_DEMONSTRATION,47,47,ct_17e0dd4d30822e,밀양,삼랑진권 투어,TC07,0.9101820546182062,91.01820546182063,0.6666666666666666,60.67880364121375,46.67600280093365,9.335200560186731,4.667600280093366,0.0,0.0,False
DEMO_CULTURE,SYNTHETIC_DEMONSTRATION,47,48,ct_4ba7f5cc1ffeda,부산,서부산생태투어,TC07,0.9101820546182062,91.01820546182063,0.6666666666666666,60.67880364121375,46.67600280093365,9.335200560186731,4.667600280093366,0.0,0.0,False
DEMO_CULTURE,SYNTHETIC_DEMONSTRATION,49,49,ct_ec90f983bc7ed6,안동,하회마을테마,TC05,0.9705882352941175,97.05882352941175,0.625,60.66176470588235,45.95588235294117,7.352941176470587,3.6764705882352935,3.6764705882352935,0.0,False
DEMO_CULTURE,SYNTHETIC_DEMONSTRATION,50,50,ct_15ca3909485d66,서천,광역코스,TC05,0.7050239879106324,70.50239879106324,0.8571428571428571,60.43062753519706,23.242549051998868,9.297019620799547,9.297019620799547,18.594039241599095,0.0,False
DEMO_CULTURE,SYNTHETIC_DEMONSTRATION,51,51,ct_596ccaeb2861f9,태안,남부코스,TC05,0.7130240959073806,71.30240959073805,0.8333333333333333,59.41867465894837,27.008488481340173,21.606790785072135,0.0,10.803395392536068,0.0,False
DEMO_CULTURE,SYNTHETIC_DEMONSTRATION,52,52,ct_0ed3eb88438a1d,인천,청라투어,TC04,0.7921180343813394,79.21180343813394,0.75,59.40885257860046,37.130532861625284,14.852213144650115,7.426106572325057,0.0,0.0,False
DEMO_CULTURE,SYNTHETIC_DEMONSTRATION,52,53,ct_4309f65e431d83,아산,인생네컷 코스,TC04,0.7921180343813394,79.21180343813394,0.75,59.40885257860046,37.130532861625284,14.852213144650115,7.426106572325057,0.0,0.0,False
DEMO_CULTURE,SYNTHETIC_DEMONSTRATION,54,54,ct_0ab41b7160d0e2,김해,문화에반해,TC04,0.588235294117647,58.823529411764696,1.0,58.823529411764696,44.11764705882352,0.0,14.705882352941174,0.0,0.0,False
DEMO_CULTURE,SYNTHETIC_DEMONSTRATION,55,55,ct_6ec0ad7a54e92d,서천,문화코스,TC05,0.6467616667635545,64.67616667635545,0.8888888888888888,57.48992593453818,17.96560185454318,14.372481483634544,10.779361112725907,14.372481483634544,0.0,False
DEMO_CULTURE,SYNTHETIC_DEMONSTRATION,56,56,ct_9f8a8ca65b1ebb,파주,2026 파주시티투어 당일코스(토요일),TC07,0.8574929257125441,85.74929257125441,0.6666666666666666,57.16619504750294,57.16619504750294,0.0,0.0,0.0,0.0,False
DEMO_CULTURE,SYNTHETIC_DEMONSTRATION,56,57,ct_ba06e511559567,홍성,역사·문화 코스,TC07,0.8574929257125441,85.74929257125441,0.6666666666666666,57.16619504750294,57.16619504750294,0.0,0.0,0.0,0.0,False
DEMO_CULTURE,SYNTHETIC_DEMONSTRATION,58,58,ct_a726fc60353090,청주,청주시티투어_정기투어_초정힐링 투어(토),TC05,0.800326730665041,80.0326730665041,0.7142857142857142,57.166195047502924,40.83299646250209,0.0,8.166599292500418,8.166599292500418,0.0,False
DEMO_CULTURE,SYNTHETIC_DEMONSTRATION,59,59,ct_037c18bb42946f,세종,천안연계투어,TC06,0.8488746876271653,84.88746876271654,0.6666666666666666,56.59164584181102,40.42260417272216,16.16904166908886,0.0,0.0,0.0,False
DEMO_CULTURE,SYNTHETIC_DEMONSTRATION,59,60,ct_1b0e0fd1157aaa,아산,休캉스 코스,TC06,0.8488746876271653,84.88746876271654,0.6666666666666666,56.59164584181102,40.42260417272216,16.16904166908886,0.0,0.0,0.0,False
DEMO_CULTURE,SYNTHETIC_DEMONSTRATION,59,61,ct_1d32ffebd246d5,홍성,"전통시장코스(홍성) 1,6일 운영",TC07,0.8488746876271653,84.88746876271654,0.6666666666666666,56.59164584181102,40.42260417272216,0.0,0.0,16.16904166908886,0.0,False
DEMO_CULTURE,SYNTHETIC_DEMONSTRATION,59,62,ct_f534f220e539af,파주,2026 파주시티투어 당일코스(일요일),TC06,0.8488746876271653,84.88746876271654,0.6666666666666666,56.59164584181102,40.42260417272216,16.16904166908886,0.0,0.0,0.0,False
DEMO_CULTURE,SYNTHETIC_DEMONSTRATION,59,63,ct_f558345dd00dbf,아산,역사기행 코스,TC06,0.8488746876271653,84.88746876271654,0.6666666666666666,56.59164584181102,40.42260417272216,16.16904166908886,0.0,0.0,0.0,False
DEMO_CULTURE,SYNTHETIC_DEMONSTRATION,64,64,ct_5728bf247a42c1,제천,시티투어,TC04,0.7050239879106325,70.50239879106324,0.75,52.876799093297436,20.337230420499015,16.269784336399212,8.134892168199606,8.134892168199606,0.0,False
DEMO_CULTURE,SYNTHETIC_DEMONSTRATION,65,65,ct_aa87321b8b5003,창원,창원시티투어,TC05,0.6439209162167846,64.39209162167846,0.8181818181818182,52.68443859955511,15.495423117516207,21.69359236452269,3.0990846235032414,12.396338494012966,0.0,False
DEMO_CULTURE,SYNTHETIC_DEMONSTRATION,66,66,ct_4e89a607500203,태안,광역코스,TC02,0.6931032800836721,69.31032800836721,0.75,51.982746006275406,37.130532861625284,14.852213144650115,0.0,0.0,0.0,False
DEMO_CULTURE,SYNTHETIC_DEMONSTRATION,66,67,ct_618497cad743bc,양구,방산나들이코스,TC02,0.6931032800836721,69.31032800836721,0.75,51.982746006275406,37.130532861625284,14.852213144650115,0.0,0.0,0.0,False
DEMO_CULTURE,SYNTHETIC_DEMONSTRATION,68,68,ct_104171b078b959,공주,가을코스,TC07,0.8574929257125441,85.74929257125441,0.6,51.44957554275265,51.44957554275265,0.0,0.0,0.0,0.0,False
DEMO_CULTURE,SYNTHETIC_DEMONSTRATION,68,69,ct_83afdb6c6bad30,시흥,순환형 2층버스,TC02,0.5144957554275265,51.44957554275265,1.0,51.44957554275265,28.583097523751466,22.866478019001175,0.0,0.0,0.0,False
DEMO_CULTURE,SYNTHETIC_DEMONSTRATION,70,70,ct_3ed5105d35b251,서산,A코스,TC07,0.8436614877321074,84.36614877321074,0.6000000000000001,50.61968926392645,46.01789933084222,0.0,4.6017899330842225,0.0,0.0,False
DEMO_CULTURE,SYNTHETIC_DEMONSTRATION,71,71,ct_98323d74dbd87a,제주,순환형코스,TC05,0.7201579347479219,72.01579347479219,0.6999999999999998,50.41105543235452,25.57082521931026,20.456660175448214,0.0,4.383570037596046,0.0,False
DEMO_CULTURE,SYNTHETIC_DEMONSTRATION,72,72,ct_ab2a31c9b0dd1c,안동,주간도심테마,TC06,0.6301260378126043,63.01260378126044,0.8,50.410083025008355,28.005601680560194,22.404481344448158,0.0,0.0,0.0,False
DEMO_CULTURE,SYNTHETIC_DEMONSTRATION,73,73,ct_49fb403c953735,광양,광양역사코스,TC05,0.8775269089525567,87.75269089525567,0.5714285714285714,50.14439479728895,41.78699566440746,4.178699566440746,0.0,4.178699566440746,0.0,False
DEMO_CULTURE,SYNTHETIC_DEMONSTRATION,74,74,ct_0b7a755a267601,여수,2층야간코스,TC03,0.6262242910851494,62.62242910851494,0.7999999999999999,50.09794328681195,25.048971643405974,25.048971643405974,0.0,0.0,0.0,False
DEMO_CULTURE,SYNTHETIC_DEMONSTRATION,75,75,ct_820bca31911e89,완주,완주힐링로드시티투어 1코스,TC07,0.8677218312746247,86.77218312746247,0.5714285714285714,49.584104644264265,46.48509810399774,0.0,3.0990065402665166,0.0,0.0,False
DEMO_CULTURE,SYNTHETIC_DEMONSTRATION,76,76,ct_4e0d701d9aadd5,대구,테마(야경 4~10월),TC03,0.49009802940980346,49.00980294098034,1.0,49.00980294098034,0.0,28.0056016805602,7.00140042014005,14.0028008402801,0.0,False
DEMO_CULTURE,SYNTHETIC_DEMONSTRATION,77,77,ct_d1e99a0d119f73,밀양,시내권 투어 1,TC05,0.8488746876271653,84.88746876271654,0.5714285714285714,48.50712500726659,34.64794643376185,13.85917857350474,0.0,0.0,0.0,False
DEMO_CULTURE,SYNTHETIC_DEMONSTRATION,77,78,ct_1a59c2f3801f38,대전,역사문화(효월드),TC07,0.7276068751089988,72.76068751089988,0.6666666666666666,48.50712500726659,40.42260417272216,0.0,8.08452083454443,0.0,0.0,False
DEMO_CULTURE,SYNTHETIC_DEMONSTRATION,77,79,ct_7d1c2151bda037,순천,(테마투어)세계유산투어,TC07,0.7276068751089988,72.76068751089988,0.6666666666666666,48.50712500726659,40.42260417272216,0.0,8.08452083454443,0.0,0.0,False
DEMO_CULTURE,SYNTHETIC_DEMONSTRATION,77,80,ct_c825dbc2a63555,파주,2026 파주시티투어 1박2일코스(토요일~일요일),TC07,0.7276068751089988,72.76068751089988,0.6666666666666666,48.50712500726659,40.42260417272216,0.0,8.08452083454443,0.0,0.0,False
DEMO_CULTURE,SYNTHETIC_DEMONSTRATION,81,81,ct_b97fea5cc3f414,광양,광양힐링코스,TC07,0.9625334218796218,96.25334218796218,0.5,48.12667109398109,34.37619363855792,4.583492485141056,0.0,9.166984970282112,0.0,False
DEMO_CULTURE,SYNTHETIC_DEMONSTRATION,82,82,ct_6beed8d2daa9dc,세종,야경투어,TC03,0.7921180343813393,79.21180343813393,0.6000000000000001,47.52708206288036,29.70442628930023,11.88177051572009,5.940885257860045,0.0,0.0,False
DEMO_CULTURE,SYNTHETIC_DEMONSTRATION,82,83,ct_a8b35f46bb8621,세종,행복투어A,TC04,0.7921180343813393,79.21180343813393,0.6000000000000001,47.52708206288036,29.70442628930023,11.88177051572009,5.940885257860045,0.0,0.0,False
DEMO_CULTURE,SYNTHETIC_DEMONSTRATION,82,84,ct_f355a62ad61675,세종,정원투어,TC04,0.7921180343813393,79.21180343813393,0.6000000000000001,47.52708206288036,29.70442628930023,11.88177051572009,5.940885257860045,0.0,0.0,False
DEMO_CULTURE,SYNTHETIC_DEMONSTRATION,85,85,ct_987d7b91b042a8,완도,해양치유시티투어,TC05,0.8677218312746247,86.77218312746247,0.5454545454545455,47.33028170588862,29.581426066180388,11.832570426472156,0.0,5.916285213236078,0.0,False
DEMO_CULTURE,SYNTHETIC_DEMONSTRATION,86,86,ct_a11be8ffeee88a,태백,통리장 코스,TC04,0.7001400420140048,70.01400420140048,0.6666666666666666,46.67600280093365,23.338001400466826,18.670401120373462,4.667600280093366,0.0,0.0,False
DEMO_CULTURE,SYNTHETIC_DEMONSTRATION,86,87,ct_dfc58b1c3324c1,춘천,금요일,TC04,0.7001400420140048,70.01400420140048,0.6666666666666666,46.67600280093365,23.338001400466826,18.670401120373462,4.667600280093366,0.0,0.0,False
DEMO_CULTURE,SYNTHETIC_DEMONSTRATION,88,88,ct_658464b2619d71,양주,천일홍축제,TC07,0.9219544457292886,92.19544457292886,0.5,46.09772228646443,40.67446084099803,5.423261445466404,0.0,0.0,0.0,False
DEMO_CULTURE,SYNTHETIC_DEMONSTRATION,88,89,ct_c4d1ab4265b00c,양주,왕실축제,TC07,0.9219544457292886,92.19544457292886,0.5,46.09772228646443,40.67446084099803,5.423261445466404,0.0,0.0,0.0,False
DEMO_CULTURE,SYNTHETIC_DEMONSTRATION,90,90,ct_1fe72a79d47a7f,서울,EG투어버스 E코스,TC07,0.9203579866168443,92.03579866168442,0.5,46.01789933084221,38.34824944236851,0.0,0.0,7.669649888473703,0.0,False
DEMO_CULTURE,SYNTHETIC_DEMONSTRATION,90,91,ct_572b4d8191127a,영주,선비 코스,TC07,0.9203579866168443,92.03579866168442,0.5,46.01789933084221,38.34824944236851,0.0,0.0,7.669649888473703,0.0,False
DEMO_CULTURE,SYNTHETIC_DEMONSTRATION,92,92,ct_9d994e07488f57,삼척,종일코스,TC01,0.453742606486515,45.3742606486515,1.0,45.3742606486515,0.0,12.964074471043286,6.482037235521643,25.928148942086573,0.0,False
DEMO_CULTURE,SYNTHETIC_DEMONSTRATION,93,93,ct_86dc46ed127655,청주,청주시티투어_정기투어_청남대 투어(수토일),TC05,0.7130240959073807,71.30240959073807,0.625,44.56400599421129,20.25636636100513,8.102546544402054,8.102546544402054,8.102546544402054,0.0,False
DEMO_CULTURE,SYNTHETIC_DEMONSTRATION,94,94,ct_c93b13bf48e761,영주,물돌이 코스,TC05,0.8911327886790068,89.11327886790068,0.5,44.55663943395034,24.753688574416856,9.90147542976674,0.0,9.90147542976674,0.0,False
DEMO_CULTURE,SYNTHETIC_DEMONSTRATION,95,95,ct_ac7ca37140e6b6,포항,퐝랜드마크B코스,TC05,0.7717436331412897,77.17436331412897,0.5714285714285714,44.09963617950226,24.49979787750126,9.799919151000502,0.0,9.799919151000502,0.0,False
DEMO_CULTURE,SYNTHETIC_DEMONSTRATION,95,96,ct_e346ea988fedc3,포항,씨(SEA)하게 보는 포항코스,TC05,0.7717436331412897,77.17436331412897,0.5714285714285714,44.09963617950226,24.49979787750126,9.799919151000502,0.0,9.799919151000502,0.0,False
DEMO_CULTURE,SYNTHETIC_DEMONSTRATION,97,97,ct_c83f7c6960b76b,부산,레드라인,TC05,0.6063390625908323,60.633906259083226,0.7272727272727273,44.09738637024235,14.699128790080787,17.63895454809694,0.0,11.759303032064627,0.0,False
DEMO_CULTURE,SYNTHETIC_DEMONSTRATION,98,98,ct_506425657ddce1,완주,완주힐링로드 시티투어(서울권역),TC07,0.8708635721768007,87.08635721768006,0.5,43.54317860884003,34.37619363855792,4.583492485141056,4.583492485141056,0.0,0.0,False
DEMO_CULTURE,SYNTHETIC_DEMONSTRATION,99,99,ct_c543fc703f1159,익산,순환형1,TC07,0.8574929257125441,85.74929257125441,0.5,42.87464628562721,42.87464628562721,0.0,0.0,0.0,0.0,False
DEMO_CULTURE,SYNTHETIC_DEMONSTRATION,99,100,ct_c59f7d050e72e0,대전,생태교육,TC07,0.8574929257125441,85.74929257125441,0.5,42.87464628562721,42.87464628562721,0.0,0.0,0.0,0.0,False
DEMO_CULTURE,SYNTHETIC_DEMONSTRATION,99,101,ct_cec518ee1213c1,양주,서울우유견학코스,TC07,0.8574929257125441,85.74929257125441,0.5,42.87464628562721,42.87464628562721,0.0,0.0,0.0,0.0,False
DEMO_CULTURE,SYNTHETIC_DEMONSTRATION,102,102,ct_452018aaa6c847,춘천,화요일,TC06,0.8488746876271653,84.88746876271654,0.5,42.44373438135827,30.31695312954162,12.126781251816645,0.0,0.0,0.0,False
DEMO_CULTURE,SYNTHETIC_DEMONSTRATION,102,103,ct_566165b1b827e0,천안,토요일,TC06,0.8488746876271653,84.88746876271654,0.5,42.44373438135827,30.31695312954162,12.126781251816645,0.0,0.0,0.0,False
DEMO_CULTURE,SYNTHETIC_DEMONSTRATION,102,104,ct_7799bf62ca5138,대전,"광역투어(둘째주, 토)",TC06,0.8488746876271653,84.88746876271654,0.5,42.44373438135827,30.31695312954162,12.126781251816645,0.0,0.0,0.0,False
DEMO_CULTURE,SYNTHETIC_DEMONSTRATION,102,105,ct_ff36074cae8347,양주,자연친화코스1,TC06,0.8488746876271653,84.88746876271654,0.5,42.44373438135827,30.31695312954162,12.126781251816645,0.0,0.0,0.0,False
DEMO_CULTURE,SYNTHETIC_DEMONSTRATION,106,106,ct_507ac7569b1306,서천,보랏빛코스,TC01,0.4950737714883371,49.50737714883371,0.8571428571428571,42.434894699000324,0.0,16.973957879600125,8.486978939800062,16.973957879600125,0.0,False
DEMO_CULTURE,SYNTHETIC_DEMONSTRATION,107,107,ct_6be92119035c7f,영광,"영광쉼,투어",TC05,0.7610423906471905,76.10423906471905,0.5555555555555556,42.280132813732806,26.425083008583005,15.855049805149804,0.0,0.0,0.0,False
DEMO_CULTURE,SYNTHETIC_DEMONSTRATION,108,108,ct_ff41dfabaec78b,여수,야경코스,TC03,0.693103280083672,69.3103280083672,0.6000000000000001,41.58619680502032,29.70442628930023,11.88177051572009,0.0,0.0,0.0,False
DEMO_CULTURE,SYNTHETIC_DEMONSTRATION,109,109,ct_bd00bd65a80b11,연천,역사자연코스,TC06,0.6902684899626332,69.02684899626333,0.6000000000000001,41.416109397758,23.00894966542111,18.40715973233689,0.0,0.0,0.0,False
DEMO_CULTURE,SYNTHETIC_DEMONSTRATION,110,110,ct_2c5b83ca1acb5c,춘천,토요일,TC04,0.5500190982169267,55.00190982169267,0.75,41.251432366269505,17.18809681927896,13.750477455423168,10.312858091567376,0.0,0.0,False
DEMO_CULTURE,SYNTHETIC_DEMONSTRATION,110,111,ct_72a42eb150b5d4,춘천,일요일,TC04,0.5500190982169267,55.00190982169267,0.75,41.251432366269505,17.18809681927896,13.750477455423168,10.312858091567376,0.0,0.0,False
DEMO_CULTURE,SYNTHETIC_DEMONSTRATION,110,112,ct_c53b5abd9a30ab,대전,남부코스,TC04,0.5500190982169267,55.00190982169267,0.75,41.251432366269505,17.18809681927896,13.750477455423168,10.312858091567376,0.0,0.0,False
DEMO_CULTURE,SYNTHETIC_DEMONSTRATION,113,113,ct_ba3c89379bf8c1,서천,금빛코스,TC05,0.7001400420140048,70.01400420140048,0.5714285714285714,40.00800240080027,20.004001200400136,16.00320096032011,4.000800240080028,0.0,0.0,False
DEMO_CULTURE,SYNTHETIC_DEMONSTRATION,114,114,ct_3dd54d8970e115,의정부,의정부포레스트:오감이 깨어나는 숲 속 여행,TC01,0.4900980294098034,49.00980294098034,0.8,39.207842352784276,0.0,11.202240672224079,5.601120336112039,22.404481344448158,0.0,False
DEMO_CULTURE,SYNTHETIC_DEMONSTRATION,115,115,ct_a0af2538872792,서천,전라권코스,TC01,0.4573295603800235,45.73295603800235,0.8333333333333333,38.110796698335285,0.0,9.527699174583821,9.527699174583821,19.055398349167643,0.0,False
DEMO_CULTURE,SYNTHETIC_DEMONSTRATION,116,116,ct_59c60fcaf04aa6,인천,교동도투어,TC01,0.49507377148833714,49.50737714883371,0.75,37.130532861625284,0.0,14.852213144650115,7.426106572325057,14.852213144650115,0.0,False
DEMO_CULTURE,SYNTHETIC_DEMONSTRATION,116,117,ct_84ffabae716404,홍성,죽도코스,TC01,0.49507377148833714,49.50737714883371,0.75,37.130532861625284,0.0,14.852213144650115,7.426106572325057,14.852213144650115,0.0,False
DEMO_CULTURE,SYNTHETIC_DEMONSTRATION,116,118,ct_bd2de54ec11e6b,양산,양산시 가을 시티투어 (자연관광코스),TC01,0.49507377148833714,49.50737714883371,0.75,37.130532861625284,0.0,14.852213144650115,7.426106572325057,14.852213144650115,0.0,False
DEMO_CULTURE,SYNTHETIC_DEMONSTRATION,119,119,ct_0f4dbe3b938a90,여수,2층주간코스,TC05,0.5833833511969478,58.33833511969478,0.625,36.46145944980924,20.25636636100513,8.102546544402054,8.102546544402054,0.0,0.0,False
DEMO_CULTURE,SYNTHETIC_DEMONSTRATION,120,120,ct_8b988867d0e267,홍성,남당항 코스,TC04,0.3638034375544994,36.38034375544994,1.0,36.38034375544994,0.0,24.25356250363329,12.126781251816645,0.0,0.0,False
DEMO_CULTURE,SYNTHETIC_DEMONSTRATION,121,121,ct_5e83dbf18d6227,울산,장생포 대왕암 코스,TC02,0.5940885257860045,59.408852578600445,0.6000000000000001,35.645311547160276,29.70442628930023,0.0,5.940885257860045,0.0,0.0,False
DEMO_CULTURE,SYNTHETIC_DEMONSTRATION,122,122,ct_edd6e5375f387f,부산,그린라인,TC05,0.5508226327552436,55.082263275524355,0.6363636363636365,35.05234935715187,12.51869619898281,20.029913918372497,2.503739239796562,0.0,0.0,False
DEMO_CULTURE,SYNTHETIC_DEMONSTRATION,123,123,ct_40252d247000a5,안동,야간도심테마,TC03,0.6902684899626332,69.02684899626333,0.5,34.51342449813166,19.174124721184256,15.339299776947406,0.0,0.0,0.0,False
DEMO_CULTURE,SYNTHETIC_DEMONSTRATION,124,124,ct_f0549cce13f623,대전,힐링(만인산),TC06,0.34299717028501764,34.29971702850176,1.0,34.29971702850176,0.0,34.29971702850176,0.0,0.0,0.0,False
DEMO_CULTURE,SYNTHETIC_DEMONSTRATION,124,125,ct_f55bded1011de2,대전,언택트세이프?,TC06,0.34299717028501764,34.29971702850176,1.0,34.29971702850176,0.0,34.29971702850176,0.0,0.0,0.0,False
DEMO_CULTURE,SYNTHETIC_DEMONSTRATION,126,126,ct_da6b197f9d64eb,대구,테마-방방곡곡(사시사철),TC06,0.5965587590013044,59.65587590013044,0.5714285714285714,34.089071942931675,15.495032701332581,18.594039241599095,0.0,0.0,0.0,False
DEMO_CULTURE,SYNTHETIC_DEMONSTRATION,127,127,ct_3e1bfccd397508,세종,봄꽃파닭A투어,TC01,0.4850712500726658,48.50712500726658,0.6666666666666666,32.33808333817772,0.0,16.16904166908886,0.0,16.16904166908886,0.0,False
DEMO_CULTURE,SYNTHETIC_DEMONSTRATION,127,128,ct_a8b6f564bf7384,세종,봄꽃파닭B투어,TC01,0.4850712500726658,48.50712500726658,0.6666666666666666,32.33808333817772,0.0,16.16904166908886,0.0,16.16904166908886,0.0,False
DEMO_CULTURE,SYNTHETIC_DEMONSTRATION,127,129,ct_a98893fa363590,양산,봄꽃체험코스,TC01,0.4850712500726658,48.50712500726658,0.6666666666666666,32.33808333817772,0.0,16.16904166908886,0.0,16.16904166908886,0.0,False
DEMO_CULTURE,SYNTHETIC_DEMONSTRATION,127,130,ct_ca13864967c1fb,세종,세종관광명소B투어,TC01,0.4850712500726658,48.50712500726658,0.6666666666666666,32.33808333817772,0.0,16.16904166908886,0.0,16.16904166908886,0.0,False
DEMO_CULTURE,SYNTHETIC_DEMONSTRATION,131,131,ct_77585e7300bc39,청주,청주시티투어_정기투어_트레킹 투어(토),TC04,0.38052119532359524,38.05211953235953,0.8333333333333333,31.710099610299604,0.0,23.782574707724702,7.927524902574899,0.0,0.0,False
DEMO_CULTURE,SYNTHETIC_DEMONSTRATION,132,132,ct_6df930eb64d3ad,세종,세종관광명소A투어,TC06,0.3743506488634663,37.43506488634663,0.8333333333333333,31.195887405288858,0.0,27.729677693590094,3.466209711698762,0.0,0.0,False
DEMO_CULTURE,SYNTHETIC_DEMONSTRATION,133,133,ct_8163a6f43e6f4a,아산,예술맛집 코스,TC04,0.30678599553894814,30.678599553894813,1.0,30.678599553894813,0.0,15.339299776947406,15.339299776947406,0.0,0.0,False
DEMO_CULTURE,SYNTHETIC_DEMONSTRATION,133,134,ct_d3c228b00ede2b,파주,2026 파주시티투어 당일코스(화요일),TC04,0.30678599553894814,30.678599553894813,1.0,30.678599553894813,0.0,15.339299776947406,15.339299776947406,0.0,0.0,False
DEMO_CULTURE,SYNTHETIC_DEMONSTRATION,135,135,ct_8171ca90d9fa99,제주,야간코스(7월말~8월말 운영),TC03,0.36196138299651326,36.196138299651324,0.8333333333333333,30.16344858304277,21.545320416459123,0.0,0.0,8.618128166583649,0.0,False
DEMO_CULTURE,SYNTHETIC_DEMONSTRATION,136,136,ct_0af000fbdb8ad6,동해,관광문화코스,TC05,0.4280863447390446,42.80863447390446,0.7,29.96604413173312,0.0,13.318241836325834,3.3295604590814585,13.318241836325834,0.0,False
DEMO_CULTURE,SYNTHETIC_DEMONSTRATION,137,137,ct_de90b5933f0b40,청도,시티투어,TC01,0.4950737714883371,49.50737714883371,0.6000000000000001,29.70442628930023,0.0,11.88177051572009,5.940885257860045,11.88177051572009,0.0,False
DEMO_CULTURE,SYNTHETIC_DEMONSTRATION,137,138,ct_abd1e371e69550,정선,아리랑열차 연계형 시티투어2,TC01,0.3960590171906697,39.60590171906697,0.75,29.70442628930023,0.0,14.852213144650115,0.0,14.852213144650115,0.0,False
DEMO_CULTURE,SYNTHETIC_DEMONSTRATION,137,139,ct_f6d09076696e6d,양구,힐링산책코스,TC01,0.3960590171906697,39.60590171906697,0.75,29.70442628930023,0.0,14.852213144650115,0.0,14.852213144650115,0.0,False
DEMO_CULTURE,SYNTHETIC_DEMONSTRATION,140,140,ct_55438211f07ef0,임실,명소탐방 임실 시티투어,TC02,0.48809353009197637,48.809353009197636,0.6000000000000001,29.285611805518585,16.269784336399212,0.0,6.507913734559686,6.507913734559686,0.0,False
DEMO_CULTURE,SYNTHETIC_DEMONSTRATION,141,141,ct_23c35eeaf17398,곡성,읍권 순환버스,TC05,0.5717718748968657,57.17718748968657,0.5,28.588593744843283,25.225229774861717,0.0,0.0,3.3633639699815623,0.0,False
DEMO_CULTURE,SYNTHETIC_DEMONSTRATION,142,142,ct_2827a8d7943bdf,가평,가평순환버스A코스,TC04,0.34299717028501764,34.29971702850176,0.8333333333333333,28.583097523751466,0.0,19.055398349167643,9.527699174583821,0.0,0.0,False
DEMO_CULTURE,SYNTHETIC_DEMONSTRATION,143,143,ct_18935ddc8bc32f,사천,오감체험투어,TC04,0.49009802940980346,49.00980294098034,0.5,24.50490147049017,17.503501050350124,0.0,7.00140042014005,0.0,0.0,False
DEMO_CULTURE,SYNTHETIC_DEMONSTRATION,144,144,ct_78497ddd68fd45,사천,우주항공산업투어,TC02,0.4075413664867946,40.75413664867946,0.6000000000000001,24.45248198920768,15.282801243254802,4.075413664867946,5.094267081084933,0.0,0.0,False
DEMO_CULTURE,SYNTHETIC_DEMONSTRATION,145,145,ct_0946c67481033f,세종,행복투어B,TC04,0.3638034375544994,36.38034375544994,0.6666666666666666,24.253562503633294,0.0,16.16904166908886,8.08452083454443,0.0,0.0,False
DEMO_CULTURE,SYNTHETIC_DEMONSTRATION,145,146,ct_c3ec7bb154c2c1,대전,언택트세이프(B),TC04,0.3638034375544994,36.38034375544994,0.6666666666666666,24.253562503633294,0.0,16.16904166908886,8.08452083454443,0.0,0.0,False
DEMO_CULTURE,SYNTHETIC_DEMONSTRATION,147,147,ct_c722d90ff66eb2,홍성,"전통시장코스(광천) 4,9일 운영",TC01,0.4850712500726658,48.50712500726658,0.5,24.25356250363329,0.0,12.126781251816645,0.0,12.126781251816645,0.0,False
DEMO_CULTURE,SYNTHETIC_DEMONSTRATION,147,148,ct_74128602fb5dca,태안,북부코스,TC02,0.2425356250363329,24.25356250363329,1.0,24.25356250363329,0.0,24.25356250363329,0.0,0.0,0.0,False
DEMO_CULTURE,SYNTHETIC_DEMONSTRATION,149,149,ct_824d1bcb38ec4b,사천,이순신승전길투어,TC02,0.28583097523751466,28.583097523751466,0.8333333333333333,23.819247936459554,0.0,19.055398349167643,4.763849587291911,0.0,0.0,False
DEMO_CULTURE,SYNTHETIC_DEMONSTRATION,150,150,ct_1845f5c9950df4,목포,별빛물결시티투어,TC03,0.39605901719066966,39.60590171906696,0.6000000000000001,23.76354103144018,0.0,11.88177051572009,0.0,11.88177051572009,0.0,False
DEMO_CULTURE,SYNTHETIC_DEMONSTRATION,151,151,ct_e4444e050c482f,천안,일요일,TC04,0.30678599553894814,30.678599553894813,0.75,23.00894966542111,0.0,0.0,11.504474832710555,11.504474832710555,0.0,False
DEMO_CULTURE,SYNTHETIC_DEMONSTRATION,152,152,ct_5997fa12423936,대전,언택트세이프(A),TC06,0.34299717028501764,34.29971702850176,0.6666666666666666,22.86647801900117,0.0,22.86647801900117,0.0,0.0,0.0,False
DEMO_CULTURE,SYNTHETIC_DEMONSTRATION,153,153,ct_ff41044d0b7080,부산,동부산테마노선,TC02,0.2711630722733202,27.11630722733202,0.8,21.693045781865617,21.693045781865617,0.0,0.0,0.0,0.0,False
DEMO_CULTURE,SYNTHETIC_DEMONSTRATION,154,154,ct_82edd01ea220e6,화순,화순적벽 버스투어(적벽 셔틀버스),TC06,0.34299717028501764,34.29971702850176,0.6,20.579830217101055,0.0,20.579830217101055,0.0,0.0,0.0,False
DEMO_CULTURE,SYNTHETIC_DEMONSTRATION,155,155,ct_36cdd5661df6fd,봉화,송이축제 문화유적탐방버스,TC06,0.37962830118264823,37.962830118264826,0.5,18.981415059132413,0.0,16.26978433639921,2.711630722733202,0.0,0.0,False
DEMO_CULTURE,SYNTHETIC_DEMONSTRATION,155,156,ct_69c07f148cbc8b,봉화,은어축제 문화유적탐방버스,TC06,0.37962830118264823,37.962830118264826,0.5,18.981415059132413,0.0,16.26978433639921,2.711630722733202,0.0,0.0,False
DEMO_CULTURE,SYNTHETIC_DEMONSTRATION,155,157,ct_a7f13a177e5633,여수,제2코스,TC05,0.37962830118264823,37.962830118264826,0.5,18.981415059132413,0.0,16.26978433639921,2.711630722733202,0.0,0.0,False
DEMO_CULTURE,SYNTHETIC_DEMONSTRATION,158,158,ct_516add9e1cef4a,정선,와와정선 2층 투어버스,TC01,0.3638034375544994,36.38034375544994,0.5,18.19017187772497,0.0,0.0,6.063390625908323,12.126781251816645,0.0,False
DEMO_CULTURE,SYNTHETIC_DEMONSTRATION,158,159,ct_68d8eff6357673,양구,해안DMZ트래킹 코스,TC04,0.3638034375544994,36.38034375544994,0.5,18.19017187772497,0.0,12.126781251816645,6.063390625908323,0.0,0.0,False
DEMO_CULTURE,SYNTHETIC_DEMONSTRATION,158,160,ct_b75e8d4cf1e318,대구,테마(야경 11~3월),TC03,0.3638034375544994,36.38034375544994,0.5,18.19017187772497,0.0,12.126781251816645,6.063390625908323,0.0,0.0,False
DEMO_CULTURE,SYNTHETIC_DEMONSTRATION,158,161,ct_ed3a5516a8c6ca,연천,안보자연코스,TC04,0.3638034375544994,36.38034375544994,0.5,18.19017187772497,0.0,12.126781251816645,6.063390625908323,0.0,0.0,False
DEMO_CULTURE,SYNTHETIC_DEMONSTRATION,162,162,ct_661e12e8488117,대전,힐링(장태산),TC06,0.34299717028501764,34.29971702850176,0.5,17.14985851425088,0.0,17.14985851425088,0.0,0.0,0.0,False
DEMO_CULTURE,SYNTHETIC_DEMONSTRATION,162,163,ct_f8bd00d4bc40b3,순천,(기획투어)나이트가든투어,TC03,0.34299717028501764,34.29971702850176,0.5,17.14985851425088,0.0,17.14985851425088,0.0,0.0,0.0,False
DEMO_CULTURE,SYNTHETIC_DEMONSTRATION,164,164,ct_b8b6f8a37ebdf8,사천,별빛투어,TC03,0.269069117598525,26.9069117598525,0.5714285714285714,15.37537814848714,9.609611342804461,2.562563024747857,3.203203780934821,0.0,0.0,False
DEMO_CULTURE,SYNTHETIC_DEMONSTRATION,165,165,ct_8de53de429d379,포항,퐝순환코스,TC01,0.30678599553894814,30.678599553894813,0.5,15.339299776947406,0.0,0.0,0.0,15.339299776947406,0.0,False
DEMO_CULTURE,SYNTHETIC_DEMONSTRATION,166,166,ct_b6060e0e38a765,안산,대부도 뱃길코스(일반형 2코스),TC02,0.16169041669088866,16.169041669088866,0.8571428571428571,13.859178573504742,0.0,6.929589286752371,0.0,6.929589286752371,0.0,False
DEMO_CULTURE,SYNTHETIC_DEMONSTRATION,167,167,ct_6b62f6c5e28b9c,사천,바다투어,TC02,0.18333969940564224,18.333969940564224,0.75,13.750477455423168,0.0,6.875238727711584,6.875238727711584,0.0,0.0,False
DEMO_CULTURE,SYNTHETIC_DEMONSTRATION,168,168,ct_83465bf3a690f2,여수,야간테마코스(시간을달리는버스커),TC03,0.24253562503633297,24.253562503633297,0.5555555555555556,13.474201390907387,0.0,13.474201390907387,0.0,0.0,0.0,False
DEMO_CULTURE,SYNTHETIC_DEMONSTRATION,169,169,ct_14b70a907c3324,안산,대부도 해변코스(일반형 1코스),TC02,0.2425356250363329,24.25356250363329,0.5,12.126781251816645,0.0,12.126781251816645,0.0,0.0,0.0,False
DEMO_CULTURE,SYNTHETIC_DEMONSTRATION,169,170,ct_ec6acb453717fd,안산,대부도 해변코스(일반형 2코스),TC02,0.2425356250363329,24.25356250363329,0.5,12.126781251816645,0.0,12.126781251816645,0.0,0.0,0.0,False
DEMO_CULTURE,SYNTHETIC_DEMONSTRATION,171,171,ct_95906ed6ab2982,이천,농촌체험코스(남부),TC04,0.17149858514250882,17.14985851425088,0.6666666666666666,11.433239009500586,0.0,0.0,11.433239009500586,0.0,0.0,False
DEMO_CULTURE,SYNTHETIC_DEMONSTRATION,171,172,ct_f48a1e387a5d08,이천,농촌체험코스(중부),TC04,0.17149858514250882,17.14985851425088,0.6666666666666666,11.433239009500586,0.0,0.0,11.433239009500586,0.0,0.0,False
DEMO_CULTURE,SYNTHETIC_DEMONSTRATION,173,173,ct_b2af495e1760b5,안산,대부도 뱃길코스(체험형 1코스),TC02,0.10846522890932808,10.846522890932809,1.0,10.846522890932809,0.0,0.0,0.0,10.846522890932809,0.0,False
DEMO_CULTURE,SYNTHETIC_DEMONSTRATION,174,174,ct_88364cbd4a5650,곡성,압록권역 순환버스,TC02,0.12126781251816646,12.126781251816645,0.8,9.701425001453316,0.0,0.0,9.701425001453316,0.0,0.0,False
DEMO_CULTURE,SYNTHETIC_DEMONSTRATION,175,175,ct_a7d1b6cc26e056,안산,대부도 뱃길코스(일반형 1코스),TC02,0.06726727939963123,6.726727939963123,0.8571428571428572,5.765766805682677,0.0,5.765766805682677,0.0,0.0,0.0,False
DEMO_CULTURE,SYNTHETIC_DEMONSTRATION,176,176,ct_c68da356b898d6,여주,꽃섬투어,TC02,0.07669649888473704,7.669649888473703,0.5,3.8348249442368516,0.0,0.0,3.8348249442368516,0.0,0.0,False
DEMO_CULTURE,SYNTHETIC_DEMONSTRATION,177,177,ct_008becedc70ab4,인천,무의도투어,TC02,0.0,0.0,0.6666666666666666,0.0,0.0,0.0,0.0,0.0,0.0,False
DEMO_CULTURE,SYNTHETIC_DEMONSTRATION,177,178,ct_30fd00f9cfda89,인천,선재영흥투어,TC02,0.0,0.0,0.6666666666666666,0.0,0.0,0.0,0.0,0.0,0.0,False
DEMO_CULTURE,SYNTHETIC_DEMONSTRATION,177,179,ct_5082aae98cb9d3,부산,야경투어,TC03,0.0,0.0,0.5,0.0,0.0,0.0,0.0,0.0,0.0,False
DEMO_COAST,SYNTHETIC_DEMONSTRATION,1,1,ct_83afdb6c6bad30,시흥,순환형 2층버스,TC02,0.8959786703810406,89.59786703810406,1.0,89.59786703810406,5.270462766947299,31.62277660168379,0.0,0.0,52.704627669472984,False
DEMO_COAST,SYNTHETIC_DEMONSTRATION,2,2,ct_74128602fb5dca,태안,북부코스,TC02,0.8944271909999157,89.44271909999158,1.0,89.44271909999158,0.0,33.54101966249684,0.0,0.0,55.901699437494734,False
DEMO_COAST,SYNTHETIC_DEMONSTRATION,3,3,ct_b2af495e1760b5,안산,대부도 뱃길코스(체험형 1코스),TC02,0.8499999999999999,84.99999999999999,1.0,84.99999999999999,0.0,0.0,0.0,10.0,74.99999999999999,False
DEMO_COAST,SYNTHETIC_DEMONSTRATION,4,4,ct_b6060e0e38a765,안산,대부도 뱃길코스(일반형 2코스),TC02,0.9316949906249123,93.16949906249124,0.8571428571428571,79.85957062499249,0.0,9.5831484749991,0.0,6.3887656499994,63.88765649999398,False
DEMO_COAST,SYNTHETIC_DEMONSTRATION,5,5,ct_9d994e07488f57,삼척,종일코스,TC01,0.7768985960673558,77.68985960673558,1.0,77.68985960673558,0.0,17.928429140015904,5.976143046671968,23.904572186687872,29.880715233359833,False
DEMO_COAST,SYNTHETIC_DEMONSTRATION,6,6,ct_824d1bcb38ec4b,사천,이순신승전길투어,TC02,0.8959786703810406,89.59786703810406,0.8333333333333333,74.66488919842004,0.0,26.35231383473649,4.392052305789416,0.0,43.92052305789415,False
DEMO_COAST,SYNTHETIC_DEMONSTRATION,7,7,ct_a7d1b6cc26e056,안산,대부도 뱃길코스(일반형 1코스),TC02,0.8682431421244591,86.82431421244591,0.8571428571428572,74.42084075352507,0.0,7.973661509306258,0.0,0.0,66.44717924421882,False
DEMO_COAST,SYNTHETIC_DEMONSTRATION,8,8,ct_8171ca90d9fa99,제주,야간코스(7월말~8월말 운영),TC03,0.858116330321033,85.8116330321033,0.8333333333333333,71.5096941934194,3.972760788523301,0.0,0.0,7.945521577046602,59.59141182784951,False
DEMO_COAST,SYNTHETIC_DEMONSTRATION,9,9,ct_596ccaeb2861f9,태안,남부코스,TC05,0.8366600265340753,83.66600265340753,0.8333333333333333,69.7216688778396,4.980119205559972,29.880715233359833,0.0,9.960238411119944,24.90059602779986,False
DEMO_COAST,SYNTHETIC_DEMONSTRATION,10,10,ct_330d0bc9cd3d05,서산,B코스,TC02,0.8696263565463043,86.96263565463043,0.8,69.57010852370435,6.324555320336759,18.973665961010276,0.0,12.649110640673518,31.622776601683793,False
DEMO_COAST,SYNTHETIC_DEMONSTRATION,10,11,ct_94cebe436c068a,서산,C코스,TC02,0.8696263565463043,86.96263565463043,0.8,69.57010852370435,6.324555320336759,18.973665961010276,0.0,12.649110640673518,31.622776601683793,False
DEMO_COAST,SYNTHETIC_DEMONSTRATION,12,12,ct_a1bc285f9c2881,여수,제1코스,TC07,0.6928203230275508,69.28203230275508,1.0,69.28203230275508,11.547005383792515,0.0,2.8867513459481287,11.547005383792515,43.301270189221924,False
DEMO_COAST,SYNTHETIC_DEMONSTRATION,13,13,ct_aa87321b8b5003,창원,창원시티투어,TC05,0.8381163549234938,83.81163549234938,0.8181818181818182,68.57315631192222,2.857214846330093,30.000755886465967,2.857214846330093,11.428859385320372,21.429111347475693,False
DEMO_COAST,SYNTHETIC_DEMONSTRATION,14,14,ct_abd1e371e69550,정선,아리랑열차 연계형 시티투어2,TC01,0.912870929175277,91.2870929175277,0.75,68.46531968814577,0.0,20.539595906443733,0.0,13.693063937629155,34.232659844072884,False
DEMO_COAST,SYNTHETIC_DEMONSTRATION,14,15,ct_f6d09076696e6d,양구,힐링산책코스,TC01,0.912870929175277,91.2870929175277,0.75,68.46531968814577,0.0,20.539595906443733,0.0,13.693063937629155,34.232659844072884,False
DEMO_COAST,SYNTHETIC_DEMONSTRATION,16,16,ct_2f8d9c4d57db08,서천,힐링코스,TC05,0.7826237921249264,78.26237921249263,0.857142857142857,67.08203932499367,4.791574237499549,14.374722712498645,4.791574237499549,19.166296949998195,23.95787118749774,False
DEMO_COAST,SYNTHETIC_DEMONSTRATION,17,17,ct_c83f7c6960b76b,부산,레드라인,TC05,0.8944271909999157,89.44271909999158,0.7272727272727273,65.04925025453933,2.7103854272724726,24.39346884545225,0.0,10.84154170908989,27.10385427272472,False
DEMO_COAST,SYNTHETIC_DEMONSTRATION,18,18,ct_0af000fbdb8ad6,동해,관광문화코스,TC05,0.9209109202723808,92.09109202723808,0.7,64.46376441906665,0.0,18.418218405447615,3.0697030675746024,12.27881227029841,30.69703067574602,False
DEMO_COAST,SYNTHETIC_DEMONSTRATION,19,19,ct_ff41044d0b7080,부산,동부산테마노선,TC02,0.7999999999999999,80.0,0.8,64.0,4.0,0.0,0.0,0.0,59.99999999999999,False
DEMO_COAST,SYNTHETIC_DEMONSTRATION,20,20,ct_6b62f6c5e28b9c,사천,바다투어,TC02,0.8451542547285167,84.51542547285167,0.75,63.38656910463875,0.0,9.507985365695811,6.338656910463875,0.0,47.53992682847906,False
DEMO_COAST,SYNTHETIC_DEMONSTRATION,21,21,ct_1def3d2a58e430,부산,오렌지라인,TC05,0.6872564503672763,68.72564503672763,0.9090909090909092,62.47785912429785,8.149285972734502,32.59714389093801,2.716428657578168,5.432857315156336,13.582143287890837,False
DEMO_COAST,SYNTHETIC_DEMONSTRATION,22,22,ct_ab2a31c9b0dd1c,안동,주간도심테마,TC06,0.7745966692414834,77.45966692414834,0.8,61.96773353931867,5.163977794943223,30.983866769659336,0.0,0.0,25.81988897471611,False
DEMO_COAST,SYNTHETIC_DEMONSTRATION,23,23,ct_4e89a607500203,태안,광역코스,TC02,0.8215838362577492,82.15838362577492,0.75,61.61878771933119,6.846531968814578,20.539595906443733,0.0,0.0,34.232659844072884,False
DEMO_COAST,SYNTHETIC_DEMONSTRATION,23,24,ct_618497cad743bc,양구,방산나들이코스,TC02,0.8215838362577492,82.15838362577492,0.75,61.61878771933119,6.846531968814578,20.539595906443733,0.0,0.0,34.232659844072884,False
DEMO_COAST,SYNTHETIC_DEMONSTRATION,25,25,ct_02181b9e7a671f,순천,(테마투어)성곽투어,TC07,0.5916079783099616,59.16079783099616,1.0,59.16079783099616,12.677313820927749,0.0,4.225771273642583,0.0,42.25771273642583,False
DEMO_COAST,SYNTHETIC_DEMONSTRATION,26,26,ct_4e0d701d9aadd5,대구,테마(야경 4~10월),TC03,0.5809475019311126,58.09475019311125,1.0,58.09475019311125,0.0,38.72983346207417,6.454972243679029,12.909944487358057,0.0,False
DEMO_COAST,SYNTHETIC_DEMONSTRATION,26,27,ct_809907e22355c9,연천,연천명소코스,TC06,0.5809475019311126,58.09475019311125,1.0,58.09475019311125,6.454972243679029,38.72983346207417,0.0,12.909944487358057,0.0,False
DEMO_COAST,SYNTHETIC_DEMONSTRATION,28,28,ct_2827a8d7943bdf,가평,가평순환버스A코스,TC04,0.6851601597031487,68.51601597031487,0.8333333333333333,57.09667997526238,0.0,26.35231383473649,8.784104611578831,0.0,21.960261528947076,False
DEMO_COAST,SYNTHETIC_DEMONSTRATION,29,29,ct_956d44d9a821ed,양산,2025 6월 시티투어,TC04,0.5533985905294664,55.339859052946636,1.0,55.339859052946636,7.905694150420948,23.717082451262844,7.905694150420948,15.811388300841896,0.0,False
DEMO_COAST,SYNTHETIC_DEMONSTRATION,30,30,ct_3aa92169f5cb7c,군산,(익산역 출발) 고군산시간여행코스,TC07,0.6573757351339163,65.73757351339164,0.8333333333333333,54.78131126115969,9.960238411119944,14.940357616679917,4.980119205559972,0.0,24.90059602779986,False
DEMO_COAST,SYNTHETIC_DEMONSTRATION,31,31,ct_1845f5c9950df4,목포,별빛물결시티투어,TC03,0.9128709291752768,91.28709291752767,0.6000000000000001,54.772255750516614,0.0,16.431676725154983,0.0,10.954451150103324,27.386127875258307,False
DEMO_COAST,SYNTHETIC_DEMONSTRATION,32,32,ct_b53b246e98a9cd,인천,석모도투어,TC06,0.5477225575051661,54.77225575051661,1.0,54.77225575051661,9.128709291752768,27.386127875258303,0.0,18.257418583505537,0.0,False
DEMO_COAST,SYNTHETIC_DEMONSTRATION,33,33,ct_88364cbd4a5650,곡성,압록권역 순환버스,TC02,0.6708203932499368,67.08203932499369,0.8,53.665631459994955,0.0,0.0,8.94427190999916,0.0,44.72135954999579,False
DEMO_COAST,SYNTHETIC_DEMONSTRATION,34,34,ct_008becedc70ab4,인천,무의도투어,TC02,0.7905694150420948,79.05694150420948,0.6666666666666666,52.704627669472984,0.0,0.0,0.0,0.0,52.704627669472984,False
DEMO_COAST,SYNTHETIC_DEMONSTRATION,34,35,ct_30fd00f9cfda89,인천,선재영흥투어,TC02,0.7905694150420948,79.05694150420948,0.6666666666666666,52.704627669472984,0.0,0.0,0.0,0.0,52.704627669472984,False
DEMO_COAST,SYNTHETIC_DEMONSTRATION,36,36,ct_37faafbf7ac90b,김해,자연에반해,TC04,0.5094780674715722,50.94780674715722,1.0,50.94780674715722,7.027283689263066,36.893239368631086,7.027283689263066,0.0,0.0,False
DEMO_COAST,SYNTHETIC_DEMONSTRATION,37,37,ct_0b7a755a267601,여수,2층야간코스,TC03,0.6350852961085883,63.50852961085883,0.7999999999999999,50.80682368868706,4.618802153517006,34.64101615137754,0.0,0.0,11.547005383792515,False
DEMO_COAST,SYNTHETIC_DEMONSTRATION,38,38,ct_78497ddd68fd45,사천,우주항공산업투어,TC02,0.8454027929649517,84.54027929649517,0.6000000000000001,50.72416757789711,2.8180093098831738,5.636018619766346,4.6966821831386225,0.0,37.57345746510897,False
DEMO_COAST,SYNTHETIC_DEMONSTRATION,39,39,ct_98323d74dbd87a,제주,순환형코스,TC05,0.7216878364870323,72.16878364870323,0.6999999999999998,50.51814855409225,4.715027198381943,28.29016319029165,0.0,4.04145188432738,13.471506281091266,False
DEMO_COAST,SYNTHETIC_DEMONSTRATION,40,40,ct_aa2937d4d2a2d0,목포,목포랑시티투어,TC05,0.608697642933518,60.8697642933518,0.8181818181818182,49.80253442183329,7.323902120857838,13.183023817544107,8.788682545029404,5.8591216966862705,14.647804241715676,False
DEMO_COAST,SYNTHETIC_DEMONSTRATION,41,41,ct_ac7ca37140e6b6,포항,퐝랜드마크B코스,TC05,0.8696263565463043,86.96263565463043,0.5714285714285714,49.69293465978882,4.517539514526256,13.552618543578767,0.0,9.035079029052511,22.587697572631278,False
DEMO_COAST,SYNTHETIC_DEMONSTRATION,41,42,ct_e346ea988fedc3,포항,씨(SEA)하게 보는 포항코스,TC05,0.8696263565463043,86.96263565463043,0.5714285714285714,49.69293465978882,4.517539514526256,13.552618543578767,0.0,9.035079029052511,22.587697572631278,False
DEMO_COAST,SYNTHETIC_DEMONSTRATION,43,43,ct_83465bf3a690f2,여수,야간테마코스(시간을달리는버스커),TC03,0.894427190999916,89.44271909999159,0.5555555555555556,49.69039949999533,0.0,18.633899812498246,0.0,0.0,31.05649968749708,False
DEMO_COAST,SYNTHETIC_DEMONSTRATION,44,44,ct_b8b6f8a37ebdf8,사천,별빛투어,TC03,0.8682431421244591,86.82431421244591,0.5714285714285714,49.61389383568338,1.771924779845835,3.54384955969167,2.9532079664097255,0.0,41.344911529736144,False
DEMO_COAST,SYNTHETIC_DEMONSTRATION,45,45,ct_5c692156a089c1,파주,2026 파주시티투어 당일코스(수요일),TC06,0.4949747468305833,49.49747468305833,1.0,49.49747468305833,7.0710678118654755,42.42640687119285,0.0,0.0,0.0,False
DEMO_COAST,SYNTHETIC_DEMONSTRATION,45,46,ct_62dfed5cce4635,파주,2026 파주시티투어 당일코스(목요일),TC06,0.4949747468305833,49.49747468305833,1.0,49.49747468305833,7.0710678118654755,42.42640687119285,0.0,0.0,0.0,False
DEMO_COAST,SYNTHETIC_DEMONSTRATION,45,47,ct_6b11aef24a24ef,순천,(테마투어)생태투어,TC06,0.4949747468305833,49.49747468305833,1.0,49.49747468305833,7.0710678118654755,42.42640687119285,0.0,0.0,0.0,False
DEMO_COAST,SYNTHETIC_DEMONSTRATION,45,48,ct_d038c55e01951b,대전,대덕특구탐방,TC06,0.4949747468305833,49.49747468305833,1.0,49.49747468305833,7.0710678118654755,42.42640687119285,0.0,0.0,0.0,False
DEMO_COAST,SYNTHETIC_DEMONSTRATION,49,49,ct_ff41dfabaec78b,여수,야경코스,TC03,0.821583836257749,82.1583836257749,0.6000000000000001,49.29503017546495,5.477225575051662,16.431676725154983,0.0,0.0,27.386127875258307,False
DEMO_COAST,SYNTHETIC_DEMONSTRATION,50,50,ct_f0549cce13f623,대전,힐링(만인산),TC06,0.4743416490252569,47.43416490252569,1.0,47.43416490252569,0.0,47.43416490252569,0.0,0.0,0.0,False
DEMO_COAST,SYNTHETIC_DEMONSTRATION,50,51,ct_f55bded1011de2,대전,언택트세이프?,TC06,0.4743416490252569,47.43416490252569,1.0,47.43416490252569,0.0,47.43416490252569,0.0,0.0,0.0,False
DEMO_COAST,SYNTHETIC_DEMONSTRATION,52,52,ct_507ac7569b1306,서천,보랏빛코스,TC01,0.5477225575051661,54.77225575051661,0.8571428571428571,46.94764778615709,0.0,23.473823893078546,7.824607964359515,15.64921592871903,0.0,False
DEMO_COAST,SYNTHETIC_DEMONSTRATION,53,53,ct_6ec0ad7a54e92d,서천,문화코스,TC05,0.521749194749951,52.17491947499509,0.8888888888888888,46.377706199995636,3.3126932999996885,19.87615979999813,9.938079899999066,13.250773199998754,0.0,False
DEMO_COAST,SYNTHETIC_DEMONSTRATION,54,54,ct_52fe5a29aee3e7,합천,합천광역시티투어 누비고,TC04,0.4564354645876384,45.643546458763836,1.0,45.643546458763836,9.128709291752768,27.386127875258303,9.128709291752768,0.0,0.0,False
DEMO_COAST,SYNTHETIC_DEMONSTRATION,55,55,ct_79a18eaed83932,양산,양산시 가을 시티투어 (역사문화코스),TC07,0.45184805705753206,45.184805705753206,1.0,45.184805705753206,12.909944487358057,19.364916731037084,0.0,12.909944487358057,0.0,False
DEMO_COAST,SYNTHETIC_DEMONSTRATION,56,56,ct_55438211f07ef0,임실,명소탐방 임실 시티투어,TC02,0.75,75.0,0.6000000000000001,45.00000000000001,3.0000000000000004,0.0,6.000000000000001,6.000000000000001,30.000000000000004,False
DEMO_COAST,SYNTHETIC_DEMONSTRATION,57,57,ct_14b70a907c3324,안산,대부도 해변코스(일반형 1코스),TC02,0.8944271909999157,89.44271909999158,0.5,44.72135954999579,0.0,16.77050983124842,0.0,0.0,27.950849718747367,False
DEMO_COAST,SYNTHETIC_DEMONSTRATION,57,58,ct_ec6acb453717fd,안산,대부도 해변코스(일반형 2코스),TC02,0.8944271909999157,89.44271909999158,0.5,44.72135954999579,0.0,16.77050983124842,0.0,0.0,27.950849718747367,False
DEMO_COAST,SYNTHETIC_DEMONSTRATION,57,59,ct_8b988867d0e267,홍성,남당항 코스,TC04,0.44721359549995787,44.72135954999579,1.0,44.72135954999579,0.0,33.54101966249684,11.180339887498949,0.0,0.0,False
DEMO_COAST,SYNTHETIC_DEMONSTRATION,60,60,ct_c188dbb343674a,서천,푸른빛코스,TC05,0.5270462766947298,52.704627669472984,0.8333333333333333,43.92052305789415,8.784104611578831,26.35231383473649,0.0,8.784104611578831,0.0,False
DEMO_COAST,SYNTHETIC_DEMONSTRATION,61,61,ct_edd6e5375f387f,부산,그린라인,TC05,0.6892024376045112,68.92024376045111,0.6363636363636365,43.858336938468895,2.3083335230773105,27.700002276927727,2.3083335230773105,0.0,11.54166761538655,False
DEMO_COAST,SYNTHETIC_DEMONSTRATION,62,62,ct_15ca3909485d66,서천,광역코스,TC05,0.4999999999999999,49.999999999999986,0.8571428571428571,42.85714285714284,4.285714285714286,12.857142857142854,8.571428571428571,17.142857142857142,0.0,False
DEMO_COAST,SYNTHETIC_DEMONSTRATION,63,63,ct_6df930eb64d3ad,세종,세종관광명소A투어,TC06,0.49852724275079074,49.852724275079076,0.8333333333333333,41.54393689589923,0.0,38.34824944236851,3.1956874535307103,0.0,0.0,False
DEMO_COAST,SYNTHETIC_DEMONSTRATION,64,64,ct_3dd54d8970e115,의정부,의정부포레스트:오감이 깨어나는 숲 속 여행,TC01,0.5163977794943223,51.63977794943223,0.8,41.311822359545786,0.0,15.491933384829668,5.163977794943223,20.655911179772893,0.0,False
DEMO_COAST,SYNTHETIC_DEMONSTRATION,65,65,ct_5728bf247a42c1,제천,시티투어,TC04,0.5499999999999999,54.99999999999999,0.75,41.24999999999999,3.75,22.5,7.5,7.5,0.0,False
DEMO_COAST,SYNTHETIC_DEMONSTRATION,66,66,ct_0f4dbe3b938a90,여수,2층주간코스,TC05,0.6573757351339165,65.73757351339165,0.625,41.085983445869786,3.73508940416998,11.20526821250994,7.47017880833996,0.0,18.675447020849894,False
DEMO_COAST,SYNTHETIC_DEMONSTRATION,67,67,ct_59c60fcaf04aa6,인천,교동도투어,TC01,0.5477225575051663,54.77225575051663,0.75,41.07919181288747,0.0,20.539595906443733,6.846531968814578,13.693063937629155,0.0,False
DEMO_COAST,SYNTHETIC_DEMONSTRATION,67,68,ct_84ffabae716404,홍성,죽도코스,TC01,0.5477225575051663,54.77225575051663,0.75,41.07919181288747,0.0,20.539595906443733,6.846531968814578,13.693063937629155,0.0,False
DEMO_COAST,SYNTHETIC_DEMONSTRATION,67,69,ct_bd2de54ec11e6b,양산,양산시 가을 시티투어 (자연관광코스),TC01,0.5477225575051663,54.77225575051663,0.75,41.07919181288747,0.0,20.539595906443733,6.846531968814578,13.693063937629155,0.0,False
DEMO_COAST,SYNTHETIC_DEMONSTRATION,70,70,ct_987d7b91b042a8,완도,해양치유시티투어,TC05,0.75,75.0,0.5454545454545455,40.909090909090914,5.454545454545455,16.363636363636367,0.0,5.454545454545455,13.636363636363638,False
DEMO_COAST,SYNTHETIC_DEMONSTRATION,71,71,ct_77585e7300bc39,청주,청주시티투어_정기투어_트레킹 투어(토),TC04,0.48238191061886604,48.2381910618866,0.8333333333333333,40.198492551572166,0.0,32.88967572401359,7.308816827558576,0.0,0.0,False
DEMO_COAST,SYNTHETIC_DEMONSTRATION,72,72,ct_5082aae98cb9d3,부산,야경투어,TC03,0.7905694150420948,79.05694150420948,0.5,39.52847075210474,0.0,0.0,0.0,0.0,39.52847075210474,False
DEMO_COAST,SYNTHETIC_DEMONSTRATION,72,73,ct_a0af2538872792,서천,전라권코스,TC01,0.4743416490252569,47.43416490252569,0.8333333333333333,39.52847075210474,0.0,13.176156917368244,8.784104611578831,17.568209223157663,0.0,False
DEMO_COAST,SYNTHETIC_DEMONSTRATION,74,74,ct_0e4d7f0c7de8e2,대구,송해코스,TC07,0.39467610868816316,39.467610868816315,1.0,39.467610868816315,13.155870289605437,26.31174057921088,0.0,0.0,0.0,False
DEMO_COAST,SYNTHETIC_DEMONSTRATION,75,75,ct_c68da356b898d6,여주,꽃섬투어,TC02,0.7778174593052022,77.78174593052022,0.5,38.89087296526011,0.0,0.0,3.5355339059327378,0.0,35.35533905932737,False
DEMO_COAST,SYNTHETIC_DEMONSTRATION,76,76,ct_23c35eeaf17398,곡성,읍권 순환버스,TC05,0.7752170911825529,77.52170911825529,0.5,38.760854559127644,4.651302547095317,0.0,0.0,3.1008683647302115,31.008683647302114,False
DEMO_COAST,SYNTHETIC_DEMONSTRATION,77,77,ct_5e83dbf18d6227,울산,장생포 대왕암 코스,TC02,0.6390096504226936,63.90096504226936,0.6000000000000001,38.34057902536162,5.477225575051662,0.0,5.477225575051662,0.0,27.386127875258307,False
DEMO_COAST,SYNTHETIC_DEMONSTRATION,78,78,ct_d756b69f16e800,청주,청주시티투어_정기투어_힐링로드 투어(토),TC04,0.37962830118264834,37.96283011826483,1.0,37.96283011826483,5.423261445466405,8.134892168199608,13.558153613666013,10.84652289093281,0.0,False
DEMO_COAST,SYNTHETIC_DEMONSTRATION,79,79,ct_61845aa89a1c1a,홍천,홍천시티투어,TC05,0.4631855096249564,46.31855096249564,0.8181818181818181,37.89699624204189,7.8407578431810805,19.6018946079527,7.8407578431810805,2.613585947727027,0.0,False
DEMO_COAST,SYNTHETIC_DEMONSTRATION,80,80,ct_3e1bfccd397508,세종,봄꽃파닭A투어,TC01,0.5590169943749473,55.901699437494734,0.6666666666666666,37.267799624996485,0.0,22.360679774997894,0.0,14.907119849998598,0.0,False
DEMO_COAST,SYNTHETIC_DEMONSTRATION,80,81,ct_a8b6f564bf7384,세종,봄꽃파닭B투어,TC01,0.5590169943749473,55.901699437494734,0.6666666666666666,37.267799624996485,0.0,22.360679774997894,0.0,14.907119849998598,0.0,False
DEMO_COAST,SYNTHETIC_DEMONSTRATION,80,82,ct_a98893fa363590,양산,봄꽃체험코스,TC01,0.5590169943749473,55.901699437494734,0.6666666666666666,37.267799624996485,0.0,22.360679774997894,0.0,14.907119849998598,0.0,False
DEMO_COAST,SYNTHETIC_DEMONSTRATION,80,83,ct_ca13864967c1fb,세종,세종관광명소B투어,TC01,0.5590169943749473,55.901699437494734,0.6666666666666666,37.267799624996485,0.0,22.360679774997894,0.0,14.907119849998598,0.0,False
DEMO_COAST,SYNTHETIC_DEMONSTRATION,84,84,ct_49fb403c953735,광양,광양역사코스,TC05,0.64048986934008,64.048986934008,0.5714285714285714,36.59942110514743,7.705141285294195,5.778855963970646,0.0,3.8525706426470974,19.262853213235484,False
DEMO_COAST,SYNTHETIC_DEMONSTRATION,85,85,ct_b96c711c2cd94d,예산,예산군 버스투어,TC07,0.45184805705753206,45.184805705753206,0.8,36.147844564602565,10.327955589886447,15.491933384829668,0.0,10.327955589886447,0.0,False
DEMO_COAST,SYNTHETIC_DEMONSTRATION,86,86,ct_a3932d2baa3d16,안산,안산 시내권코스(목요일),TC06,0.44721359549995787,44.72135954999579,0.8,35.77708763999663,8.94427190999916,26.832815729997478,0.0,0.0,0.0,False
DEMO_COAST,SYNTHETIC_DEMONSTRATION,87,87,ct_8163a6f43e6f4a,아산,예술맛집 코스,TC04,0.35355339059327373,35.35533905932737,1.0,35.35533905932737,0.0,21.213203435596427,14.142135623730951,0.0,0.0,False
DEMO_COAST,SYNTHETIC_DEMONSTRATION,87,88,ct_a33d720535a1e1,순천,(테마투어)산사투어,TC07,0.35355339059327373,35.35533905932737,1.0,35.35533905932737,14.142135623730951,21.213203435596427,0.0,0.0,0.0,False
DEMO_COAST,SYNTHETIC_DEMONSTRATION,87,89,ct_d3c228b00ede2b,파주,2026 파주시티투어 당일코스(화요일),TC04,0.35355339059327373,35.35533905932737,1.0,35.35533905932737,0.0,21.213203435596427,14.142135623730951,0.0,0.0,False
DEMO_COAST,SYNTHETIC_DEMONSTRATION,90,90,ct_a11be8ffeee88a,태백,통리장 코스,TC04,0.5163977794943223,51.63977794943223,0.6666666666666666,34.42651863295482,4.303314829119352,25.81988897471611,4.303314829119352,0.0,0.0,False
DEMO_COAST,SYNTHETIC_DEMONSTRATION,90,91,ct_dfc58b1c3324c1,춘천,금요일,TC04,0.5163977794943223,51.63977794943223,0.6666666666666666,34.42651863295482,4.303314829119352,25.81988897471611,4.303314829119352,0.0,0.0,False
DEMO_COAST,SYNTHETIC_DEMONSTRATION,92,92,ct_0ed3eb88438a1d,인천,청라투어,TC04,0.4564354645876385,45.64354645876385,0.75,34.232659844072884,6.846531968814578,20.539595906443733,6.846531968814578,0.0,0.0,False
DEMO_COAST,SYNTHETIC_DEMONSTRATION,92,93,ct_4309f65e431d83,아산,인생네컷 코스,TC04,0.4564354645876385,45.64354645876385,0.75,34.232659844072884,6.846531968814578,20.539595906443733,6.846531968814578,0.0,0.0,False
DEMO_COAST,SYNTHETIC_DEMONSTRATION,94,94,ct_343d3a1d62c8a5,완주,완주힐링로드 시티투어(코레일연계 익산역),TC07,0.33806170189140666,33.806170189140666,1.0,33.806170189140666,12.677313820927749,12.677313820927749,8.451542547285166,0.0,0.0,False
DEMO_COAST,SYNTHETIC_DEMONSTRATION,95,95,ct_fe508b5dbba88f,세종,역사산책투어,TC06,0.447213595499958,44.721359549995796,0.75,33.54101966249685,8.385254915624213,25.155764746872634,0.0,0.0,0.0,False
DEMO_COAST,SYNTHETIC_DEMONSTRATION,96,96,ct_fc9f85899d40a4,안산,안산 시내권코스(토요일),TC07,0.39467610868816316,39.467610868816315,0.8333333333333333,32.88967572401359,10.963225241337867,21.926450482675726,0.0,0.0,0.0,False
DEMO_COAST,SYNTHETIC_DEMONSTRATION,97,97,ct_de90b5933f0b40,청도,시티투어,TC01,0.5477225575051661,54.77225575051661,0.6000000000000001,32.863353450309965,0.0,16.431676725154983,5.477225575051662,10.954451150103324,0.0,False
DEMO_COAST,SYNTHETIC_DEMONSTRATION,98,98,ct_03101958100a14,부여,부여테마여행,TC05,0.42478882348109803,42.478882348109806,0.75,31.859161761082355,9.439751632913293,21.239441174054896,1.1799689541141616,0.0,0.0,False
DEMO_COAST,SYNTHETIC_DEMONSTRATION,99,99,ct_8de53de429d379,포항,퐝순환코스,TC01,0.6363961030678927,63.63961030678927,0.5,31.819805153394636,0.0,0.0,0.0,14.142135623730951,17.677669529663685,False
DEMO_COAST,SYNTHETIC_DEMONSTRATION,100,100,ct_2c5b83ca1acb5c,춘천,토요일,TC04,0.4225771273642583,42.25771273642583,0.75,31.693284552319373,3.1693284552319376,19.015970731391622,9.507985365695811,0.0,0.0,False
DEMO_COAST,SYNTHETIC_DEMONSTRATION,100,101,ct_72a42eb150b5d4,춘천,일요일,TC04,0.4225771273642583,42.25771273642583,0.75,31.693284552319373,3.1693284552319376,19.015970731391622,9.507985365695811,0.0,0.0,False
DEMO_COAST,SYNTHETIC_DEMONSTRATION,100,102,ct_c53b5abd9a30ab,대전,남부코스,TC04,0.4225771273642583,42.25771273642583,0.75,31.693284552319373,3.1693284552319376,19.015970731391622,9.507985365695811,0.0,0.0,False
DEMO_COAST,SYNTHETIC_DEMONSTRATION,103,103,ct_5997fa12423936,대전,언택트세이프(A),TC06,0.4743416490252569,47.43416490252569,0.6666666666666666,31.62277660168379,0.0,31.62277660168379,0.0,0.0,0.0,False
DEMO_COAST,SYNTHETIC_DEMONSTRATION,104,104,ct_20eb1ae44f44d4,밀양,영남알프스권 투어 1,TC04,0.36893239368631087,36.893239368631086,0.8333333333333333,30.7443661405259,8.784104611578831,13.176156917368244,8.784104611578831,0.0,0.0,False
DEMO_COAST,SYNTHETIC_DEMONSTRATION,105,105,ct_fcbc8def0ff021,공주,여름코스,TC07,0.3752776749732567,37.52776749732567,0.7999999999999999,30.022213997860533,11.547005383792515,13.856406460551016,0.0,4.618802153517006,0.0,False
DEMO_COAST,SYNTHETIC_DEMONSTRATION,106,106,ct_86dc46ed127655,청주,청주시티투어_정기투어_청남대 투어(수토일),TC05,0.47809144373375745,47.809144373375744,0.625,29.88071523335984,3.73508940416998,11.20526821250994,7.47017880833996,7.47017880833996,0.0,False
DEMO_COAST,SYNTHETIC_DEMONSTRATION,107,107,ct_037c18bb42946f,세종,천안연계투어,TC06,0.44721359549995787,44.72135954999579,0.6666666666666666,29.81423969999719,7.453559924999299,22.360679774997894,0.0,0.0,0.0,False
DEMO_COAST,SYNTHETIC_DEMONSTRATION,107,108,ct_0946c67481033f,세종,행복투어B,TC04,0.44721359549995787,44.72135954999579,0.6666666666666666,29.81423969999719,0.0,22.360679774997894,7.453559924999299,0.0,0.0,False
DEMO_COAST,SYNTHETIC_DEMONSTRATION,107,109,ct_1b0e0fd1157aaa,아산,休캉스 코스,TC06,0.44721359549995787,44.72135954999579,0.6666666666666666,29.81423969999719,7.453559924999299,22.360679774997894,0.0,0.0,0.0,False
DEMO_COAST,SYNTHETIC_DEMONSTRATION,107,110,ct_c3ec7bb154c2c1,대전,언택트세이프(B),TC04,0.44721359549995787,44.72135954999579,0.6666666666666666,29.81423969999719,0.0,22.360679774997894,7.453559924999299,0.0,0.0,False
DEMO_COAST,SYNTHETIC_DEMONSTRATION,107,111,ct_f534f220e539af,파주,2026 파주시티투어 당일코스(일요일),TC06,0.44721359549995787,44.72135954999579,0.6666666666666666,29.81423969999719,7.453559924999299,22.360679774997894,0.0,0.0,0.0,False
DEMO_COAST,SYNTHETIC_DEMONSTRATION,107,112,ct_f558345dd00dbf,아산,역사기행 코스,TC06,0.44721359549995787,44.72135954999579,0.6666666666666666,29.81423969999719,7.453559924999299,22.360679774997894,0.0,0.0,0.0,False
DEMO_COAST,SYNTHETIC_DEMONSTRATION,113,113,ct_bd00bd65a80b11,연천,역사자연코스,TC06,0.4949747468305833,49.49747468305833,0.6000000000000001,29.698484809835,4.242640687119286,25.455844122715714,0.0,0.0,0.0,False
DEMO_COAST,SYNTHETIC_DEMONSTRATION,114,114,ct_ba3c89379bf8c1,서천,금빛코스,TC05,0.5163977794943223,51.63977794943223,0.5714285714285714,29.5084445425327,3.6885555678165876,22.131333406899525,3.6885555678165876,0.0,0.0,False
DEMO_COAST,SYNTHETIC_DEMONSTRATION,115,115,ct_da6b197f9d64eb,대구,테마-방방곡곡(사시사철),TC06,0.49999999999999994,49.99999999999999,0.5714285714285714,28.571428571428566,2.8571428571428568,25.714285714285708,0.0,0.0,0.0,False
DEMO_COAST,SYNTHETIC_DEMONSTRATION,116,116,ct_82edd01ea220e6,화순,화순적벽 버스투어(적벽 셔틀버스),TC06,0.4743416490252569,47.43416490252569,0.6,28.46049894151541,0.0,28.46049894151541,0.0,0.0,0.0,False
DEMO_COAST,SYNTHETIC_DEMONSTRATION,117,117,ct_c722d90ff66eb2,홍성,"전통시장코스(광천) 4,9일 운영",TC01,0.5590169943749473,55.901699437494734,0.5,27.950849718747367,0.0,16.77050983124842,0.0,11.180339887498949,0.0,False
DEMO_COAST,SYNTHETIC_DEMONSTRATION,118,118,ct_6beed8d2daa9dc,세종,야경투어,TC03,0.4564354645876384,45.643546458763836,0.6000000000000001,27.386127875258307,5.477225575051662,16.431676725154983,5.477225575051662,0.0,0.0,False
DEMO_COAST,SYNTHETIC_DEMONSTRATION,118,119,ct_a8b35f46bb8621,세종,행복투어A,TC04,0.4564354645876384,45.643546458763836,0.6000000000000001,27.386127875258307,5.477225575051662,16.431676725154983,5.477225575051662,0.0,0.0,False
DEMO_COAST,SYNTHETIC_DEMONSTRATION,118,120,ct_f355a62ad61675,세종,정원투어,TC04,0.4564354645876384,45.643546458763836,0.6000000000000001,27.386127875258307,5.477225575051662,16.431676725154983,5.477225575051662,0.0,0.0,False
DEMO_COAST,SYNTHETIC_DEMONSTRATION,121,121,ct_c93b13bf48e761,영주,물돌이 코스,TC05,0.5477225575051661,54.77225575051661,0.5,27.386127875258303,4.564354645876384,13.693063937629152,0.0,9.128709291752768,0.0,False
DEMO_COAST,SYNTHETIC_DEMONSTRATION,122,122,ct_7cdced2e0d065a,여주,시티투어,TC05,0.4360407996361906,43.60407996361906,0.625,27.25254997726191,8.015455875665268,9.61854705079832,0.0,9.61854705079832,0.0,False
DEMO_COAST,SYNTHETIC_DEMONSTRATION,123,123,ct_1dab0b645e521d,완주,완주힐링로드시티투어 2코스,TC07,0.38138503569823695,38.1385035698237,0.7142857142857142,27.24178826415978,10.215670599059917,10.215670599059916,0.0,6.810447066039945,0.0,False
DEMO_COAST,SYNTHETIC_DEMONSTRATION,124,124,ct_6be92119035c7f,영광,"영광쉼,투어",TC05,0.4823819106188661,48.23819106188661,0.5555555555555556,26.798995034381452,4.872544551705719,21.926450482675733,0.0,0.0,0.0,False
DEMO_COAST,SYNTHETIC_DEMONSTRATION,125,125,ct_6bfb1cb10f19bb,천안,목요일,TC07,0.35355339059327373,35.35533905932737,0.75,26.516504294495526,10.606601717798213,15.90990257669732,0.0,0.0,0.0,False
DEMO_COAST,SYNTHETIC_DEMONSTRATION,125,126,ct_fa87b733ddf357,아산,아산도심핫플코스,TC07,0.35355339059327373,35.35533905932737,0.75,26.516504294495526,10.606601717798213,15.90990257669732,0.0,0.0,0.0,False
DEMO_COAST,SYNTHETIC_DEMONSTRATION,127,127,ct_ba6ef7945423e1,공주,가을코스2,TC07,0.2587745847533829,25.877458475338287,1.0,25.877458475338287,15.526475085202973,5.175491695067656,1.7251638983558855,3.450327796711771,0.0,False
DEMO_COAST,SYNTHETIC_DEMONSTRATION,128,128,ct_17e0dd4d30822e,밀양,삼랑진권 투어,TC07,0.38729833462074176,38.729833462074176,0.6666666666666666,25.819888974716115,8.606629658238704,12.909944487358056,4.303314829119352,0.0,0.0,False
DEMO_COAST,SYNTHETIC_DEMONSTRATION,128,129,ct_4ba7f5cc1ffeda,부산,서부산생태투어,TC07,0.38729833462074176,38.729833462074176,0.6666666666666666,25.819888974716115,8.606629658238704,12.909944487358056,4.303314829119352,0.0,0.0,False
DEMO_COAST,SYNTHETIC_DEMONSTRATION,130,130,ct_18935ddc8bc32f,사천,오감체험투어,TC04,0.5163977794943222,51.63977794943222,0.5,25.81988897471611,3.2274861218395143,0.0,6.454972243679029,0.0,16.13743060919757,False
DEMO_COAST,SYNTHETIC_DEMONSTRATION,131,131,ct_d1e99a0d119f73,밀양,시내권 투어 1,TC05,0.447213595499958,44.721359549995796,0.5714285714285714,25.555062599997598,6.388765649999399,19.166296949998195,0.0,0.0,0.0,False
DEMO_COAST,SYNTHETIC_DEMONSTRATION,132,132,ct_ec90f983bc7ed6,안동,하회마을테마,TC05,0.4067446084099803,40.67446084099803,0.625,25.421538025623768,8.473846008541257,10.168615210249506,3.389538403416503,3.389538403416503,0.0,False
DEMO_COAST,SYNTHETIC_DEMONSTRATION,133,133,ct_2c0d1fe873d818,천안,화요일,TC07,0.33806170189140666,33.806170189140666,0.75,25.3546276418555,9.507985365695811,9.507985365695811,6.338656910463875,0.0,0.0,False
DEMO_COAST,SYNTHETIC_DEMONSTRATION,134,134,ct_6e6a0f2ecaee7f,양주,기본코스,TC07,0.3354101966249685,33.54101966249685,0.75,25.155764746872638,11.18033988749895,8.385254915624213,0.0,5.590169943749475,0.0,False
DEMO_COAST,SYNTHETIC_DEMONSTRATION,135,135,ct_1c691124e74222,대구,도동코스,TC07,0.25,25.0,1.0,25.0,15.0,0.0,0.0,10.0,0.0,False
DEMO_COAST,SYNTHETIC_DEMONSTRATION,136,136,ct_36cdd5661df6fd,봉화,송이축제 문화유적탐방버스,TC06,0.49999999999999994,49.99999999999999,0.5,24.999999999999996,0.0,22.499999999999996,2.5,0.0,0.0,False
DEMO_COAST,SYNTHETIC_DEMONSTRATION,136,137,ct_69c07f148cbc8b,봉화,은어축제 문화유적탐방버스,TC06,0.49999999999999994,49.99999999999999,0.5,24.999999999999996,0.0,22.499999999999996,2.5,0.0,0.0,False
DEMO_COAST,SYNTHETIC_DEMONSTRATION,136,138,ct_a7f13a177e5633,여수,제2코스,TC05,0.49999999999999994,49.99999999999999,0.5,24.999999999999996,0.0,22.499999999999996,2.5,0.0,0.0,False
DEMO_COAST,SYNTHETIC_DEMONSTRATION,139,139,ct_40252d247000a5,안동,야간도심테마,TC03,0.4949747468305833,49.49747468305833,0.5,24.748737341529164,3.5355339059327378,21.213203435596427,0.0,0.0,0.0,False
DEMO_COAST,SYNTHETIC_DEMONSTRATION,140,140,ct_661e12e8488117,대전,힐링(장태산),TC06,0.4743416490252569,47.43416490252569,0.5,23.717082451262844,0.0,23.717082451262844,0.0,0.0,0.0,False
DEMO_COAST,SYNTHETIC_DEMONSTRATION,140,141,ct_f8bd00d4bc40b3,순천,(기획투어)나이트가든투어,TC03,0.4743416490252569,47.43416490252569,0.5,23.717082451262844,0.0,23.717082451262844,0.0,0.0,0.0,False
DEMO_COAST,SYNTHETIC_DEMONSTRATION,142,142,ct_a726fc60353090,청주,청주시티투어_정기투어_초정힐링 투어(토),TC05,0.31622776601683794,31.622776601683793,0.7142857142857142,22.587697572631278,7.529232524210426,0.0,7.529232524210426,7.529232524210426,0.0,False
DEMO_COAST,SYNTHETIC_DEMONSTRATION,143,143,ct_452018aaa6c847,춘천,화요일,TC06,0.44721359549995787,44.72135954999579,0.5,22.360679774997894,5.5901699437494745,16.77050983124842,0.0,0.0,0.0,False
DEMO_COAST,SYNTHETIC_DEMONSTRATION,143,144,ct_566165b1b827e0,천안,토요일,TC06,0.44721359549995787,44.72135954999579,0.5,22.360679774997894,5.5901699437494745,16.77050983124842,0.0,0.0,0.0,False
DEMO_COAST,SYNTHETIC_DEMONSTRATION,143,145,ct_68d8eff6357673,양구,해안DMZ트래킹 코스,TC04,0.44721359549995787,44.72135954999579,0.5,22.360679774997894,0.0,16.77050983124842,5.5901699437494745,0.0,0.0,False
DEMO_COAST,SYNTHETIC_DEMONSTRATION,143,146,ct_7799bf62ca5138,대전,"광역투어(둘째주, 토)",TC06,0.44721359549995787,44.72135954999579,0.5,22.360679774997894,5.5901699437494745,16.77050983124842,0.0,0.0,0.0,False
DEMO_COAST,SYNTHETIC_DEMONSTRATION,143,147,ct_b75e8d4cf1e318,대구,테마(야경 11~3월),TC03,0.44721359549995787,44.72135954999579,0.5,22.360679774997894,0.0,16.77050983124842,5.5901699437494745,0.0,0.0,False
DEMO_COAST,SYNTHETIC_DEMONSTRATION,143,148,ct_ed3a5516a8c6ca,연천,안보자연코스,TC04,0.44721359549995787,44.72135954999579,0.5,22.360679774997894,0.0,16.77050983124842,5.5901699437494745,0.0,0.0,False
DEMO_COAST,SYNTHETIC_DEMONSTRATION,143,149,ct_ff36074cae8347,양주,자연친화코스1,TC06,0.44721359549995787,44.72135954999579,0.5,22.360679774997894,5.5901699437494745,16.77050983124842,0.0,0.0,0.0,False
DEMO_COAST,SYNTHETIC_DEMONSTRATION,143,150,ct_1d32ffebd246d5,홍성,"전통시장코스(홍성) 1,6일 운영",TC07,0.33541019662496846,33.54101966249684,0.6666666666666666,22.360679774997894,7.453559924999299,0.0,0.0,14.907119849998598,0.0,False
DEMO_COAST,SYNTHETIC_DEMONSTRATION,151,151,ct_0ab41b7160d0e2,김해,문화에반해,TC04,0.21693045781865616,21.693045781865617,1.0,21.693045781865617,8.134892168199606,0.0,13.55815361366601,0.0,0.0,False
DEMO_COAST,SYNTHETIC_DEMONSTRATION,152,152,ct_e4444e050c482f,천안,일요일,TC04,0.282842712474619,28.284271247461902,0.75,21.213203435596427,0.0,0.0,10.606601717798213,10.606601717798213,0.0,False
DEMO_COAST,SYNTHETIC_DEMONSTRATION,152,153,ct_2749460936eb31,공주,반일코스,TC07,0.21213203435596426,21.213203435596427,1.0,21.213203435596427,14.142135623730951,0.0,7.0710678118654755,0.0,0.0,False
DEMO_COAST,SYNTHETIC_DEMONSTRATION,154,154,ct_b97fea5cc3f414,광양,광양힐링코스,TC07,0.42257712736425834,42.25771273642584,0.5,21.12885636821292,6.338656910463874,6.338656910463874,0.0,8.451542547285166,0.0,False
DEMO_COAST,SYNTHETIC_DEMONSTRATION,155,155,ct_506425657ddce1,완주,완주힐링로드 시티투어(서울권역),TC07,0.33806170189140666,33.806170189140666,0.5,16.903085094570333,6.338656910463874,6.338656910463874,4.225771273642583,0.0,0.0,False
DEMO_COAST,SYNTHETIC_DEMONSTRATION,156,156,ct_516add9e1cef4a,정선,와와정선 2층 투어버스,TC01,0.33541019662496846,33.54101966249684,0.5,16.77050983124842,0.0,0.0,5.5901699437494745,11.180339887498949,0.0,False
DEMO_COAST,SYNTHETIC_DEMONSTRATION,157,157,ct_4212deac479d6b,세종,역사문화투어,TC07,0.15811388300841897,15.811388300841896,1.0,15.811388300841896,15.811388300841896,0.0,0.0,0.0,0.0,False
DEMO_COAST,SYNTHETIC_DEMONSTRATION,157,158,ct_73908901775f5c,익산,세계유산코스,TC07,0.15811388300841897,15.811388300841896,1.0,15.811388300841896,15.811388300841896,0.0,0.0,0.0,0.0,False
DEMO_COAST,SYNTHETIC_DEMONSTRATION,159,159,ct_658464b2619d71,양주,천일홍축제,TC07,0.3,30.0,0.5,15.0,7.5,7.5,0.0,0.0,0.0,False
DEMO_COAST,SYNTHETIC_DEMONSTRATION,159,160,ct_c4d1ab4265b00c,양주,왕실축제,TC07,0.3,30.0,0.5,15.0,7.5,7.5,0.0,0.0,0.0,False
DEMO_COAST,SYNTHETIC_DEMONSTRATION,161,161,ct_1a59c2f3801f38,대전,역사문화(효월드),TC07,0.22360679774997896,22.360679774997898,0.6666666666666666,14.907119849998598,7.453559924999299,0.0,7.453559924999299,0.0,0.0,False
DEMO_COAST,SYNTHETIC_DEMONSTRATION,161,162,ct_7d1c2151bda037,순천,(테마투어)세계유산투어,TC07,0.22360679774997896,22.360679774997898,0.6666666666666666,14.907119849998598,7.453559924999299,0.0,7.453559924999299,0.0,0.0,False
DEMO_COAST,SYNTHETIC_DEMONSTRATION,161,163,ct_c825dbc2a63555,파주,2026 파주시티투어 1박2일코스(토요일~일요일),TC07,0.22360679774997896,22.360679774997898,0.6666666666666666,14.907119849998598,7.453559924999299,0.0,7.453559924999299,0.0,0.0,False
DEMO_COAST,SYNTHETIC_DEMONSTRATION,164,164,ct_1fe72a79d47a7f,서울,EG투어버스 E코스,TC07,0.282842712474619,28.284271247461902,0.5,14.142135623730951,7.0710678118654755,0.0,0.0,7.0710678118654755,0.0,False
DEMO_COAST,SYNTHETIC_DEMONSTRATION,164,165,ct_572b4d8191127a,영주,선비 코스,TC07,0.282842712474619,28.284271247461902,0.5,14.142135623730951,7.0710678118654755,0.0,0.0,7.0710678118654755,0.0,False
DEMO_COAST,SYNTHETIC_DEMONSTRATION,166,166,ct_a70933018dfe45,여수,이순신문화유적코스,TC07,0.15811388300841897,15.811388300841896,0.8571428571428571,13.552618543578767,13.552618543578767,0.0,0.0,0.0,0.0,False
DEMO_COAST,SYNTHETIC_DEMONSTRATION,167,167,ct_caab077d4954a7,김해,역사에반해,TC07,0.15811388300841897,15.811388300841896,0.8333333333333334,13.176156917368248,13.176156917368248,0.0,0.0,0.0,0.0,False
DEMO_COAST,SYNTHETIC_DEMONSTRATION,168,168,ct_3ed5105d35b251,서산,A코스,TC07,0.21213203435596426,21.213203435596427,0.6000000000000001,12.727922061357857,8.485281374238571,0.0,4.242640687119286,0.0,0.0,False
DEMO_COAST,SYNTHETIC_DEMONSTRATION,169,169,ct_82e2c317c54d7e,양주,역사투어,TC07,0.15811388300841897,15.811388300841896,0.75,11.858541225631422,11.858541225631422,0.0,0.0,0.0,0.0,False
DEMO_COAST,SYNTHETIC_DEMONSTRATION,169,170,ct_e4521f5325216f,양주,박물관투어,TC07,0.15811388300841897,15.811388300841896,0.75,11.858541225631422,11.858541225631422,0.0,0.0,0.0,0.0,False
DEMO_COAST,SYNTHETIC_DEMONSTRATION,171,171,ct_820bca31911e89,완주,완주힐링로드시티투어 1코스,TC07,0.2,20.0,0.5714285714285714,11.428571428571427,8.571428571428571,0.0,2.8571428571428568,0.0,0.0,False
DEMO_COAST,SYNTHETIC_DEMONSTRATION,172,172,ct_95906ed6ab2982,이천,농촌체험코스(남부),TC04,0.15811388300841897,15.811388300841896,0.6666666666666666,10.540925533894598,0.0,0.0,10.540925533894598,0.0,0.0,False
DEMO_COAST,SYNTHETIC_DEMONSTRATION,172,173,ct_9f8a8ca65b1ebb,파주,2026 파주시티투어 당일코스(토요일),TC07,0.15811388300841897,15.811388300841896,0.6666666666666666,10.540925533894598,10.540925533894598,0.0,0.0,0.0,0.0,False
DEMO_COAST,SYNTHETIC_DEMONSTRATION,172,174,ct_ba06e511559567,홍성,역사·문화 코스,TC07,0.15811388300841897,15.811388300841896,0.6666666666666666,10.540925533894598,10.540925533894598,0.0,0.0,0.0,0.0,False
DEMO_COAST,SYNTHETIC_DEMONSTRATION,172,175,ct_f48a1e387a5d08,이천,농촌체험코스(중부),TC04,0.15811388300841897,15.811388300841896,0.6666666666666666,10.540925533894598,0.0,0.0,10.540925533894598,0.0,0.0,False
DEMO_COAST,SYNTHETIC_DEMONSTRATION,176,176,ct_104171b078b959,공주,가을코스,TC07,0.15811388300841897,15.811388300841896,0.6,9.486832980505138,9.486832980505138,0.0,0.0,0.0,0.0,False
DEMO_COAST,SYNTHETIC_DEMONSTRATION,177,177,ct_c543fc703f1159,익산,순환형1,TC07,0.15811388300841897,15.811388300841896,0.5,7.905694150420948,7.905694150420948,0.0,0.0,0.0,0.0,False
DEMO_COAST,SYNTHETIC_DEMONSTRATION,177,178,ct_c59f7d050e72e0,대전,생태교육,TC07,0.15811388300841897,15.811388300841896,0.5,7.905694150420948,7.905694150420948,0.0,0.0,0.0,0.0,False
DEMO_COAST,SYNTHETIC_DEMONSTRATION,177,179,ct_cec518ee1213c1,양주,서울우유견학코스,TC07,0.15811388300841897,15.811388300841896,0.5,7.905694150420948,7.905694150420948,0.0,0.0,0.0,0.0,False
DEMO_ACTIVE,SYNTHETIC_DEMONSTRATION,1,1,ct_d756b69f16e800,청주,청주시티투어_정기투어_힐링로드 투어(토),TC04,0.9219544457292889,92.19544457292889,1.0,92.19544457292889,5.423261445466405,2.7116307227332026,67.79076806833005,16.269784336399216,0.0,False
DEMO_ACTIVE,SYNTHETIC_DEMONSTRATION,2,2,ct_9d994e07488f57,삼척,종일코스,TC01,0.8366600265340753,83.66600265340753,1.0,83.66600265340753,0.0,5.976143046671968,29.880715233359833,35.85685828003181,11.952286093343936,False
DEMO_ACTIVE,SYNTHETIC_DEMONSTRATION,3,3,ct_6ec0ad7a54e92d,서천,문화코스,TC05,0.8944271909999157,89.44271909999158,0.8888888888888888,79.50463919999251,3.3126932999996885,6.625386599999377,49.690399499995316,19.87615979999813,0.0,False
DEMO_ACTIVE,SYNTHETIC_DEMONSTRATION,4,4,ct_956d44d9a821ed,양산,2025 6월 시티투어,TC04,0.7905694150420948,79.05694150420948,1.0,79.05694150420948,7.905694150420948,7.905694150420948,39.52847075210474,23.717082451262844,0.0,False
DEMO_ACTIVE,SYNTHETIC_DEMONSTRATION,5,5,ct_8163a6f43e6f4a,아산,예술맛집 코스,TC04,0.7778174593052022,77.78174593052022,1.0,77.78174593052022,0.0,7.0710678118654755,70.71067811865474,0.0,0.0,False
DEMO_ACTIVE,SYNTHETIC_DEMONSTRATION,5,6,ct_d3c228b00ede2b,파주,2026 파주시티투어 당일코스(화요일),TC04,0.7778174593052022,77.78174593052022,1.0,77.78174593052022,0.0,7.0710678118654755,70.71067811865474,0.0,0.0,False
DEMO_ACTIVE,SYNTHETIC_DEMONSTRATION,7,7,ct_15ca3909485d66,서천,광역코스,TC05,0.8999999999999998,89.99999999999999,0.8571428571428571,77.14285714285712,4.285714285714286,4.285714285714286,42.85714285714284,25.714285714285708,0.0,False
DEMO_ACTIVE,SYNTHETIC_DEMONSTRATION,8,8,ct_0ab41b7160d0e2,김해,문화에반해,TC04,0.7592566023652965,75.92566023652965,1.0,75.92566023652965,8.134892168199606,0.0,67.79076806833004,0.0,0.0,False
DEMO_ACTIVE,SYNTHETIC_DEMONSTRATION,9,9,ct_a0af2538872792,서천,전라권코스,TC01,0.8959786703810407,89.59786703810407,0.8333333333333333,74.66488919842006,0.0,4.392052305789416,43.92052305789415,26.35231383473649,0.0,False
DEMO_ACTIVE,SYNTHETIC_DEMONSTRATION,10,10,ct_2f8d9c4d57db08,서천,힐링코스,TC05,0.8385254915624211,83.8525491562421,0.857142857142857,71.87361356249322,4.791574237499549,4.791574237499549,23.95787118749774,28.74944542499729,9.583148474999097,False
DEMO_ACTIVE,SYNTHETIC_DEMONSTRATION,11,11,ct_507ac7569b1306,서천,보랏빛코스,TC01,0.8215838362577491,82.15838362577492,0.8571428571428571,70.42147167923564,0.0,7.824607964359515,39.12303982179757,23.473823893078546,0.0,False
DEMO_ACTIVE,SYNTHETIC_DEMONSTRATION,12,12,ct_aa2937d4d2a2d0,목포,목포랑시티투어,TC05,0.8593378488473195,85.93378488473195,0.8181818181818182,70.30946036023524,7.323902120857838,4.394341272514702,43.94341272514701,8.788682545029404,5.8591216966862705,False
DEMO_ACTIVE,SYNTHETIC_DEMONSTRATION,13,13,ct_e4444e050c482f,천안,일요일,TC04,0.9192388155425117,91.92388155425118,0.75,68.94291116568839,0.0,0.0,53.03300858899105,15.90990257669732,0.0,False
DEMO_ACTIVE,SYNTHETIC_DEMONSTRATION,14,14,ct_8b988867d0e267,홍성,남당항 코스,TC04,0.6708203932499368,67.08203932499369,1.0,67.08203932499369,0.0,11.180339887498949,55.901699437494734,0.0,0.0,False
DEMO_ACTIVE,SYNTHETIC_DEMONSTRATION,15,15,ct_4e0d701d9aadd5,대구,테마(야경 4~10월),TC03,0.6454972243679028,64.54972243679028,1.0,64.54972243679028,0.0,12.909944487358057,32.27486121839514,19.364916731037084,0.0,False
DEMO_ACTIVE,SYNTHETIC_DEMONSTRATION,16,16,ct_52fe5a29aee3e7,합천,합천광역시티투어 누비고,TC04,0.6390096504226936,63.90096504226936,1.0,63.90096504226936,9.128709291752768,9.128709291752768,45.643546458763836,0.0,0.0,False
DEMO_ACTIVE,SYNTHETIC_DEMONSTRATION,17,17,ct_88364cbd4a5650,곡성,압록권역 순환버스,TC02,0.7826237921249263,78.26237921249263,0.8,62.60990336999411,0.0,0.0,44.72135954999579,0.0,17.88854381999832,False
DEMO_ACTIVE,SYNTHETIC_DEMONSTRATION,18,18,ct_3dd54d8970e115,의정부,의정부포레스트:오감이 깨어나는 숲 속 여행,TC01,0.7745966692414834,77.45966692414834,0.8,61.96773353931867,0.0,5.163977794943223,25.81988897471611,30.983866769659336,0.0,False
DEMO_ACTIVE,SYNTHETIC_DEMONSTRATION,19,19,ct_59c60fcaf04aa6,인천,교동도투어,TC01,0.8215838362577492,82.15838362577492,0.75,61.61878771933119,0.0,6.846531968814578,34.232659844072884,20.539595906443733,0.0,False
DEMO_ACTIVE,SYNTHETIC_DEMONSTRATION,19,20,ct_84ffabae716404,홍성,죽도코스,TC01,0.8215838362577492,82.15838362577492,0.75,61.61878771933119,0.0,6.846531968814578,34.232659844072884,20.539595906443733,0.0,False
DEMO_ACTIVE,SYNTHETIC_DEMONSTRATION,19,21,ct_bd2de54ec11e6b,양산,양산시 가을 시티투어 (자연관광코스),TC01,0.8215838362577492,82.15838362577492,0.75,61.61878771933119,0.0,6.846531968814578,34.232659844072884,20.539595906443733,0.0,False
DEMO_ACTIVE,SYNTHETIC_DEMONSTRATION,22,22,ct_2827a8d7943bdf,가평,가평순환버스A코스,TC04,0.7378647873726217,73.78647873726217,0.8333333333333333,61.4887322810518,0.0,8.784104611578831,43.92052305789415,0.0,8.784104611578831,False
DEMO_ACTIVE,SYNTHETIC_DEMONSTRATION,23,23,ct_a1bc285f9c2881,여수,제1코스,TC07,0.6062177826491071,60.62177826491071,1.0,60.62177826491071,11.547005383792515,0.0,14.433756729740644,17.32050807568877,17.320508075688775,False
DEMO_ACTIVE,SYNTHETIC_DEMONSTRATION,24,24,ct_5728bf247a42c1,제천,시티투어,TC04,0.8,80.0,0.75,60.0,3.75,7.5,37.5,11.25,0.0,False
DEMO_ACTIVE,SYNTHETIC_DEMONSTRATION,25,25,ct_343d3a1d62c8a5,완주,완주힐링로드 시티투어(코레일연계 익산역),TC07,0.5916079783099616,59.16079783099616,1.0,59.16079783099616,12.677313820927749,4.225771273642583,42.25771273642583,0.0,0.0,False
DEMO_ACTIVE,SYNTHETIC_DEMONSTRATION,26,26,ct_61845aa89a1c1a,홍천,홍천시티투어,TC05,0.7027642214999339,70.2764221499934,0.8181818181818181,57.49889084999459,7.8407578431810805,6.533964869317567,39.203789215905395,3.920378921590541,0.0,False
DEMO_ACTIVE,SYNTHETIC_DEMONSTRATION,27,27,ct_20eb1ae44f44d4,밀양,영남알프스권 투어 1,TC04,0.6851601597031488,68.51601597031488,0.8333333333333333,57.0966799752624,8.784104611578831,4.392052305789416,43.92052305789415,0.0,0.0,False
DEMO_ACTIVE,SYNTHETIC_DEMONSTRATION,28,28,ct_2c5b83ca1acb5c,춘천,토요일,TC04,0.760638829255665,76.06388292556649,0.75,57.04791219417487,3.1693284552319376,6.338656910463875,47.53992682847906,0.0,0.0,False
DEMO_ACTIVE,SYNTHETIC_DEMONSTRATION,28,29,ct_72a42eb150b5d4,춘천,일요일,TC04,0.760638829255665,76.06388292556649,0.75,57.04791219417487,3.1693284552319376,6.338656910463875,47.53992682847906,0.0,0.0,False
DEMO_ACTIVE,SYNTHETIC_DEMONSTRATION,28,30,ct_c53b5abd9a30ab,대전,남부코스,TC04,0.760638829255665,76.06388292556649,0.75,57.04791219417487,3.1693284552319376,6.338656910463875,47.53992682847906,0.0,0.0,False
DEMO_ACTIVE,SYNTHETIC_DEMONSTRATION,31,31,ct_a726fc60353090,청주,청주시티투어_정기투어_초정힐링 투어(토),TC05,0.7905694150420948,79.05694150420948,0.7142857142857142,56.46924393157819,7.529232524210426,0.0,37.64616262105213,11.293848786315637,0.0,False
DEMO_ACTIVE,SYNTHETIC_DEMONSTRATION,32,32,ct_86dc46ed127655,청주,청주시티투어_정기투어_청남대 투어(수토일),TC05,0.896421457000795,89.6421457000795,0.625,56.02634106254968,3.73508940416998,3.73508940416998,37.35089404169979,11.20526821250994,0.0,False
DEMO_ACTIVE,SYNTHETIC_DEMONSTRATION,33,33,ct_37faafbf7ac90b,김해,자연에반해,TC04,0.5446144859178875,54.46144859178875,1.0,54.46144859178875,7.027283689263066,12.297746456210362,35.136418446315325,0.0,0.0,False
DEMO_ACTIVE,SYNTHETIC_DEMONSTRATION,34,34,ct_55438211f07ef0,임실,명소탐방 임실 시티투어,TC02,0.9000000000000001,90.00000000000001,0.6000000000000001,54.000000000000014,3.0000000000000004,0.0,30.000000000000004,9.000000000000002,12.000000000000002,False
DEMO_ACTIVE,SYNTHETIC_DEMONSTRATION,35,35,ct_6b62f6c5e28b9c,사천,바다투어,TC02,0.7183811165192391,71.83811165192391,0.75,53.878583738942936,0.0,3.1693284552319376,31.693284552319373,0.0,19.015970731391622,False
DEMO_ACTIVE,SYNTHETIC_DEMONSTRATION,36,36,ct_aa87321b8b5003,창원,창원시티투어,TC05,0.6460480235868599,64.60480235868599,0.8181818181818182,52.85847465710672,2.857214846330093,10.000251962155325,14.286074231650463,17.143289077980555,8.571644538990277,False
DEMO_ACTIVE,SYNTHETIC_DEMONSTRATION,37,37,ct_95906ed6ab2982,이천,농촌체험코스(남부),TC04,0.7905694150420948,79.05694150420948,0.6666666666666666,52.704627669472984,0.0,0.0,52.704627669472984,0.0,0.0,False
DEMO_ACTIVE,SYNTHETIC_DEMONSTRATION,37,38,ct_f48a1e387a5d08,이천,농촌체험코스(중부),TC04,0.7905694150420948,79.05694150420948,0.6666666666666666,52.704627669472984,0.0,0.0,52.704627669472984,0.0,0.0,False
DEMO_ACTIVE,SYNTHETIC_DEMONSTRATION,39,39,ct_0f4dbe3b938a90,여수,2층주간코스,TC05,0.8366600265340753,83.66600265340753,0.625,52.29125165837971,3.73508940416998,3.73508940416998,37.35089404169979,0.0,7.47017880833996,False
DEMO_ACTIVE,SYNTHETIC_DEMONSTRATION,40,40,ct_0af000fbdb8ad6,동해,관광문화코스,TC05,0.7454993164109749,74.54993164109749,0.7,52.18495214876824,0.0,6.139406135149205,15.34851533787301,18.418218405447615,12.27881227029841,False
DEMO_ACTIVE,SYNTHETIC_DEMONSTRATION,41,41,ct_02181b9e7a671f,순천,(테마투어)성곽투어,TC07,0.50709255283711,50.709255283710995,1.0,50.709255283710995,12.677313820927749,0.0,21.128856368212915,0.0,16.903085094570333,False
DEMO_ACTIVE,SYNTHETIC_DEMONSTRATION,42,42,ct_3aa92169f5cb7c,군산,(익산역 출발) 고군산시간여행코스,TC07,0.5976143046671967,59.761430466719666,0.8333333333333333,49.80119205559972,9.960238411119944,4.980119205559972,24.90059602779986,0.0,9.960238411119944,False
DEMO_ACTIVE,SYNTHETIC_DEMONSTRATION,43,43,ct_2749460936eb31,공주,반일코스,TC07,0.49497474683058323,49.49747468305832,1.0,49.49747468305832,14.142135623730951,0.0,35.35533905932737,0.0,0.0,False
DEMO_ACTIVE,SYNTHETIC_DEMONSTRATION,44,44,ct_de90b5933f0b40,청도,시티투어,TC01,0.8215838362577491,82.15838362577492,0.6000000000000001,49.29503017546496,0.0,5.477225575051662,27.386127875258307,16.431676725154983,0.0,False
DEMO_ACTIVE,SYNTHETIC_DEMONSTRATION,45,45,ct_824d1bcb38ec4b,사천,이순신승전길투어,TC02,0.5797509043642028,57.97509043642029,0.8333333333333333,48.31257536368357,0.0,8.784104611578831,21.960261528947076,0.0,17.568209223157663,False
DEMO_ACTIVE,SYNTHETIC_DEMONSTRATION,46,46,ct_0ed3eb88438a1d,인천,청라투어,TC04,0.6390096504226939,63.900965042269384,0.75,47.92572378170204,6.846531968814578,6.846531968814578,34.232659844072884,0.0,0.0,False
DEMO_ACTIVE,SYNTHETIC_DEMONSTRATION,46,47,ct_4309f65e431d83,아산,인생네컷 코스,TC04,0.6390096504226939,63.900965042269384,0.75,47.92572378170204,6.846531968814578,6.846531968814578,34.232659844072884,0.0,0.0,False
DEMO_ACTIVE,SYNTHETIC_DEMONSTRATION,48,48,ct_77585e7300bc39,청주,청주시티투어_정기투어_트레킹 투어(토),TC04,0.5700877125495689,57.00877125495689,0.8333333333333333,47.50730937913074,0.0,10.963225241337867,36.54408413779287,0.0,0.0,False
DEMO_ACTIVE,SYNTHETIC_DEMONSTRATION,49,49,ct_1def3d2a58e430,부산,오렌지라인,TC05,0.5079721589671173,50.797215896711734,0.9090909090909092,46.17928717882885,8.149285972734502,10.865714630312672,13.582143287890837,8.149285972734502,5.432857315156336,False
DEMO_ACTIVE,SYNTHETIC_DEMONSTRATION,50,50,ct_b53b246e98a9cd,인천,석모도투어,TC06,0.4564354645876384,45.643546458763836,1.0,45.643546458763836,9.128709291752768,9.128709291752768,0.0,27.386127875258303,0.0,False
DEMO_ACTIVE,SYNTHETIC_DEMONSTRATION,51,51,ct_b2af495e1760b5,안산,대부도 뱃길코스(체험형 1코스),TC02,0.44999999999999996,44.99999999999999,1.0,44.99999999999999,0.0,0.0,0.0,15.0,30.0,False
DEMO_ACTIVE,SYNTHETIC_DEMONSTRATION,52,52,ct_516add9e1cef4a,정선,와와정선 2층 투어버스,TC01,0.8944271909999157,89.44271909999158,0.5,44.72135954999579,0.0,0.0,27.950849718747367,16.77050983124842,0.0,False
DEMO_ACTIVE,SYNTHETIC_DEMONSTRATION,52,53,ct_0946c67481033f,세종,행복투어B,TC04,0.6708203932499368,67.08203932499369,0.6666666666666666,44.72135954999579,0.0,7.453559924999299,37.267799624996485,0.0,0.0,False
DEMO_ACTIVE,SYNTHETIC_DEMONSTRATION,52,54,ct_1a59c2f3801f38,대전,역사문화(효월드),TC07,0.6708203932499368,67.08203932499369,0.6666666666666666,44.72135954999579,7.453559924999299,0.0,37.267799624996485,0.0,0.0,False
DEMO_ACTIVE,SYNTHETIC_DEMONSTRATION,52,55,ct_7d1c2151bda037,순천,(테마투어)세계유산투어,TC07,0.6708203932499368,67.08203932499369,0.6666666666666666,44.72135954999579,7.453559924999299,0.0,37.267799624996485,0.0,0.0,False
DEMO_ACTIVE,SYNTHETIC_DEMONSTRATION,52,56,ct_c3ec7bb154c2c1,대전,언택트세이프(B),TC04,0.6708203932499368,67.08203932499369,0.6666666666666666,44.72135954999579,0.0,7.453559924999299,37.267799624996485,0.0,0.0,False
DEMO_ACTIVE,SYNTHETIC_DEMONSTRATION,52,57,ct_c825dbc2a63555,파주,2026 파주시티투어 1박2일코스(토요일~일요일),TC07,0.6708203932499368,67.08203932499369,0.6666666666666666,44.72135954999579,7.453559924999299,0.0,37.267799624996485,0.0,0.0,False
DEMO_ACTIVE,SYNTHETIC_DEMONSTRATION,58,58,ct_2c0d1fe873d818,천안,화요일,TC07,0.5916079783099616,59.16079783099616,0.75,44.37059837324712,9.507985365695811,3.1693284552319376,31.693284552319373,0.0,0.0,False
DEMO_ACTIVE,SYNTHETIC_DEMONSTRATION,59,59,ct_330d0bc9cd3d05,서산,B코스,TC02,0.5533985905294664,55.339859052946636,0.8,44.27188724235731,6.324555320336759,6.324555320336759,0.0,18.973665961010276,12.649110640673518,False
DEMO_ACTIVE,SYNTHETIC_DEMONSTRATION,59,60,ct_94cebe436c068a,서산,C코스,TC02,0.5533985905294664,55.339859052946636,0.8,44.27188724235731,6.324555320336759,6.324555320336759,0.0,18.973665961010276,12.649110640673518,False
DEMO_ACTIVE,SYNTHETIC_DEMONSTRATION,61,61,ct_5e83dbf18d6227,울산,장생포 대왕암 코스,TC02,0.7302967433402214,73.02967433402215,0.6000000000000001,43.8178046004133,5.477225575051662,0.0,27.386127875258307,0.0,10.954451150103324,False
DEMO_ACTIVE,SYNTHETIC_DEMONSTRATION,62,62,ct_78497ddd68fd45,사천,우주항공산업투어,TC02,0.7201579347479219,72.01579347479219,0.6000000000000001,43.20947608487532,2.8180093098831738,1.8786728732554487,23.483410915693106,0.0,15.02938298604359,False
DEMO_ACTIVE,SYNTHETIC_DEMONSTRATION,63,63,ct_18935ddc8bc32f,사천,오감체험투어,TC04,0.8391463916782737,83.91463916782736,0.5,41.95731958391368,3.2274861218395143,0.0,32.27486121839514,0.0,6.454972243679029,False
DEMO_ACTIVE,SYNTHETIC_DEMONSTRATION,64,64,ct_abd1e371e69550,정선,아리랑열차 연계형 시티투어2,TC01,0.5477225575051663,54.77225575051663,0.75,41.07919181288747,0.0,6.846531968814578,0.0,20.539595906443733,13.693063937629155,False
DEMO_ACTIVE,SYNTHETIC_DEMONSTRATION,64,65,ct_f6d09076696e6d,양구,힐링산책코스,TC01,0.5477225575051663,54.77225575051663,0.75,41.07919181288747,0.0,6.846531968814578,0.0,20.539595906443733,13.693063937629155,False
DEMO_ACTIVE,SYNTHETIC_DEMONSTRATION,66,66,ct_596ccaeb2861f9,태안,남부코스,TC05,0.47809144373375734,47.80914437337573,0.8333333333333333,39.840953644479775,4.980119205559972,9.960238411119944,0.0,14.940357616679917,9.960238411119944,False
DEMO_ACTIVE,SYNTHETIC_DEMONSTRATION,67,67,ct_8171ca90d9fa99,제주,야간코스(7월말~8월말 운영),TC03,0.47673129462279606,47.673129462279604,0.8333333333333333,39.727607885233,3.972760788523301,0.0,0.0,11.9182823655699,23.836564731139802,False
DEMO_ACTIVE,SYNTHETIC_DEMONSTRATION,68,68,ct_79a18eaed83932,양산,양산시 가을 시티투어 (역사문화코스),TC07,0.3872983346207417,38.72983346207417,1.0,38.72983346207417,12.909944487358057,6.454972243679029,0.0,19.364916731037084,0.0,False
DEMO_ACTIVE,SYNTHETIC_DEMONSTRATION,68,69,ct_809907e22355c9,연천,연천명소코스,TC06,0.3872983346207417,38.72983346207417,1.0,38.72983346207417,6.454972243679029,12.909944487358057,0.0,19.364916731037084,0.0,False
DEMO_ACTIVE,SYNTHETIC_DEMONSTRATION,70,70,ct_6beed8d2daa9dc,세종,야경투어,TC03,0.6390096504226936,63.90096504226936,0.6000000000000001,38.34057902536162,5.477225575051662,5.477225575051662,27.386127875258307,0.0,0.0,False
DEMO_ACTIVE,SYNTHETIC_DEMONSTRATION,70,71,ct_a8b35f46bb8621,세종,행복투어A,TC04,0.6390096504226936,63.90096504226936,0.6000000000000001,38.34057902536162,5.477225575051662,5.477225575051662,27.386127875258307,0.0,0.0,False
DEMO_ACTIVE,SYNTHETIC_DEMONSTRATION,70,72,ct_f355a62ad61675,세종,정원투어,TC04,0.6390096504226936,63.90096504226936,0.6000000000000001,38.34057902536162,5.477225575051662,5.477225575051662,27.386127875258307,0.0,0.0,False
DEMO_ACTIVE,SYNTHETIC_DEMONSTRATION,73,73,ct_b6060e0e38a765,안산,대부도 뱃길코스(일반형 2코스),TC02,0.44721359549995804,44.7213595499958,0.8571428571428571,38.332593899996404,0.0,3.1943828249997,0.0,9.5831484749991,25.5550625999976,False
DEMO_ACTIVE,SYNTHETIC_DEMONSTRATION,74,74,ct_c83f7c6960b76b,부산,레드라인,TC05,0.521749194749951,52.17491947499509,0.7272727272727273,37.94539598181461,2.7103854272724726,8.131156281817418,0.0,16.262312563634836,10.84154170908989,False
DEMO_ACTIVE,SYNTHETIC_DEMONSTRATION,75,75,ct_83afdb6c6bad30,시흥,순환형 2층버스,TC02,0.3689323936863109,36.89323936863109,1.0,36.89323936863109,5.270462766947299,10.540925533894598,0.0,0.0,21.081851067789195,False
DEMO_ACTIVE,SYNTHETIC_DEMONSTRATION,76,76,ct_17e0dd4d30822e,밀양,삼랑진권 투어,TC07,0.5163977794943222,51.63977794943222,0.6666666666666666,34.42651863295481,8.606629658238704,4.303314829119352,21.516574145596756,0.0,0.0,False
DEMO_ACTIVE,SYNTHETIC_DEMONSTRATION,76,77,ct_4ba7f5cc1ffeda,부산,서부산생태투어,TC07,0.5163977794943222,51.63977794943222,0.6666666666666666,34.42651863295481,8.606629658238704,4.303314829119352,21.516574145596756,0.0,0.0,False
DEMO_ACTIVE,SYNTHETIC_DEMONSTRATION,76,78,ct_a11be8ffeee88a,태백,통리장 코스,TC04,0.5163977794943222,51.63977794943222,0.6666666666666666,34.42651863295481,4.303314829119352,8.606629658238704,21.516574145596756,0.0,0.0,False
DEMO_ACTIVE,SYNTHETIC_DEMONSTRATION,76,79,ct_dfc58b1c3324c1,춘천,금요일,TC04,0.5163977794943222,51.63977794943222,0.6666666666666666,34.42651863295481,4.303314829119352,8.606629658238704,21.516574145596756,0.0,0.0,False
DEMO_ACTIVE,SYNTHETIC_DEMONSTRATION,80,80,ct_b8b6f8a37ebdf8,사천,별빛투어,TC03,0.5995012171811742,59.95012171811742,0.5714285714285714,34.257212410352814,1.771924779845835,1.1812831865638902,14.766039832048623,0.0,16.53796461189446,False
DEMO_ACTIVE,SYNTHETIC_DEMONSTRATION,81,81,ct_ec90f983bc7ed6,안동,하회마을테마,TC05,0.5423261445466403,54.23261445466403,0.625,33.89538403416502,8.473846008541257,3.389538403416503,16.94769201708251,5.084307605124753,0.0,False
DEMO_ACTIVE,SYNTHETIC_DEMONSTRATION,82,82,ct_68d8eff6357673,양구,해안DMZ트래킹 코스,TC04,0.6708203932499368,67.08203932499369,0.5,33.54101966249684,0.0,5.5901699437494745,27.950849718747367,0.0,0.0,False
DEMO_ACTIVE,SYNTHETIC_DEMONSTRATION,82,83,ct_b75e8d4cf1e318,대구,테마(야경 11~3월),TC03,0.6708203932499368,67.08203932499369,0.5,33.54101966249684,0.0,5.5901699437494745,27.950849718747367,0.0,0.0,False
DEMO_ACTIVE,SYNTHETIC_DEMONSTRATION,82,84,ct_ed3a5516a8c6ca,연천,안보자연코스,TC04,0.6708203932499368,67.08203932499369,0.5,33.54101966249684,0.0,5.5901699437494745,27.950849718747367,0.0,0.0,False
DEMO_ACTIVE,SYNTHETIC_DEMONSTRATION,82,85,ct_74128602fb5dca,태안,북부코스,TC02,0.33541019662496846,33.54101966249684,1.0,33.54101966249684,0.0,11.180339887498949,0.0,0.0,22.360679774997898,False
DEMO_ACTIVE,SYNTHETIC_DEMONSTRATION,86,86,ct_1845f5c9950df4,목포,별빛물결시티투어,TC03,0.5477225575051661,54.77225575051661,0.6000000000000001,32.863353450309965,0.0,5.477225575051662,0.0,16.431676725154983,10.954451150103324,False
DEMO_ACTIVE,SYNTHETIC_DEMONSTRATION,87,87,ct_c68da356b898d6,여주,꽃섬투어,TC02,0.6363961030678927,63.63961030678927,0.5,31.819805153394636,0.0,0.0,17.677669529663685,0.0,14.142135623730951,False
DEMO_ACTIVE,SYNTHETIC_DEMONSTRATION,88,88,ct_ac7ca37140e6b6,포항,퐝랜드마크B코스,TC05,0.5533985905294664,55.339859052946636,0.5714285714285714,31.62277660168379,4.517539514526256,4.517539514526256,0.0,13.552618543578767,9.035079029052511,False
DEMO_ACTIVE,SYNTHETIC_DEMONSTRATION,88,89,ct_e346ea988fedc3,포항,씨(SEA)하게 보는 포항코스,TC05,0.5533985905294664,55.339859052946636,0.5714285714285714,31.62277660168379,4.517539514526256,4.517539514526256,0.0,13.552618543578767,9.035079029052511,False
DEMO_ACTIVE,SYNTHETIC_DEMONSTRATION,90,90,ct_ba6ef7945423e1,공주,가을코스2,TC07,0.31052950170405946,31.052950170405946,1.0,31.052950170405946,15.526475085202973,1.7251638983558855,8.625819491779426,5.175491695067656,0.0,False
DEMO_ACTIVE,SYNTHETIC_DEMONSTRATION,91,91,ct_b96c711c2cd94d,예산,예산군 버스투어,TC07,0.3872983346207417,38.72983346207417,0.8,30.983866769659336,10.327955589886447,5.163977794943223,0.0,15.491933384829668,0.0,False
DEMO_ACTIVE,SYNTHETIC_DEMONSTRATION,92,92,ct_c188dbb343674a,서천,푸른빛코스,TC05,0.3689323936863109,36.89323936863109,0.8333333333333333,30.74436614052591,8.784104611578831,8.784104611578831,0.0,13.176156917368244,0.0,False
DEMO_ACTIVE,SYNTHETIC_DEMONSTRATION,93,93,ct_1c691124e74222,대구,도동코스,TC07,0.3,30.0,1.0,30.0,15.0,0.0,0.0,15.0,0.0,False
DEMO_ACTIVE,SYNTHETIC_DEMONSTRATION,94,94,ct_1d32ffebd246d5,홍성,"전통시장코스(홍성) 1,6일 운영",TC07,0.44721359549995787,44.72135954999579,0.6666666666666666,29.81423969999719,7.453559924999299,0.0,0.0,22.360679774997894,0.0,False
DEMO_ACTIVE,SYNTHETIC_DEMONSTRATION,94,95,ct_3e1bfccd397508,세종,봄꽃파닭A투어,TC01,0.44721359549995787,44.72135954999579,0.6666666666666666,29.81423969999719,0.0,7.453559924999299,0.0,22.360679774997894,0.0,False
DEMO_ACTIVE,SYNTHETIC_DEMONSTRATION,94,96,ct_a8b6f564bf7384,세종,봄꽃파닭B투어,TC01,0.44721359549995787,44.72135954999579,0.6666666666666666,29.81423969999719,0.0,7.453559924999299,0.0,22.360679774997894,0.0,False
DEMO_ACTIVE,SYNTHETIC_DEMONSTRATION,94,97,ct_a98893fa363590,양산,봄꽃체험코스,TC01,0.44721359549995787,44.72135954999579,0.6666666666666666,29.81423969999719,0.0,7.453559924999299,0.0,22.360679774997894,0.0,False
DEMO_ACTIVE,SYNTHETIC_DEMONSTRATION,94,98,ct_ca13864967c1fb,세종,세종관광명소B투어,TC01,0.44721359549995787,44.72135954999579,0.6666666666666666,29.81423969999719,0.0,7.453559924999299,0.0,22.360679774997894,0.0,False
DEMO_ACTIVE,SYNTHETIC_DEMONSTRATION,99,99,ct_3ed5105d35b251,서산,A코스,TC07,0.49497474683058323,49.49747468305832,0.6000000000000001,29.698484809834998,8.485281374238571,0.0,21.213203435596427,0.0,0.0,False
DEMO_ACTIVE,SYNTHETIC_DEMONSTRATION,100,100,ct_506425657ddce1,완주,완주힐링로드 시티투어(서울권역),TC07,0.5916079783099616,59.16079783099616,0.5,29.58039891549808,6.338656910463874,2.1128856368212916,21.128856368212915,0.0,0.0,False
DEMO_ACTIVE,SYNTHETIC_DEMONSTRATION,101,101,ct_ba3c89379bf8c1,서천,금빛코스,TC05,0.5163977794943222,51.63977794943222,0.5714285714285714,29.508444542532697,3.6885555678165876,7.377111135633175,18.442777839082936,0.0,0.0,False
DEMO_ACTIVE,SYNTHETIC_DEMONSTRATION,102,102,ct_a7d1b6cc26e056,안산,대부도 뱃길코스(일반형 1코스),TC02,0.3410955201203233,34.10955201203233,0.8571428571428572,29.236758867456285,0.0,2.657887169768753,0.0,0.0,26.57887169768753,False
DEMO_ACTIVE,SYNTHETIC_DEMONSTRATION,103,103,ct_6df930eb64d3ad,세종,세종관광명소A투어,TC06,0.34513424498131673,34.51342449813167,0.8333333333333333,28.761187081776388,0.0,12.782749814122841,15.978437267653549,0.0,0.0,False
DEMO_ACTIVE,SYNTHETIC_DEMONSTRATION,104,104,ct_8de53de429d379,포항,퐝순환코스,TC01,0.565685424949238,56.568542494923804,0.5,28.284271247461902,0.0,0.0,0.0,21.213203435596427,7.0710678118654755,False
DEMO_ACTIVE,SYNTHETIC_DEMONSTRATION,105,105,ct_ff41044d0b7080,부산,동부산테마노선,TC02,0.35,35.0,0.8,28.0,4.0,0.0,0.0,0.0,24.0,False
DEMO_ACTIVE,SYNTHETIC_DEMONSTRATION,106,106,ct_edd6e5375f387f,부산,그린라인,TC05,0.435285750066007,43.528575006600704,0.6363636363636365,27.700002276927727,2.3083335230773105,9.233334092309242,11.54166761538655,0.0,4.616667046154621,False
DEMO_ACTIVE,SYNTHETIC_DEMONSTRATION,107,107,ct_4e89a607500203,태안,광역코스,TC02,0.3651483716701108,36.51483716701108,0.75,27.38612787525831,6.846531968814578,6.846531968814578,0.0,0.0,13.693063937629155,False
DEMO_ACTIVE,SYNTHETIC_DEMONSTRATION,107,108,ct_618497cad743bc,양구,방산나들이코스,TC02,0.3651483716701108,36.51483716701108,0.75,27.38612787525831,6.846531968814578,6.846531968814578,0.0,0.0,13.693063937629155,False
DEMO_ACTIVE,SYNTHETIC_DEMONSTRATION,109,109,ct_ab2a31c9b0dd1c,안동,주간도심테마,TC06,0.32274861218395146,32.274861218395145,0.8,25.819888974716118,5.163977794943223,10.327955589886447,0.0,0.0,10.327955589886447,False
DEMO_ACTIVE,SYNTHETIC_DEMONSTRATION,110,110,ct_7cdced2e0d065a,여주,시티투어,TC05,0.41039134083406165,41.03913408340617,0.625,25.649458802128855,8.015455875665268,3.206182350266107,0.0,14.42782057619748,0.0,False
DEMO_ACTIVE,SYNTHETIC_DEMONSTRATION,111,111,ct_98323d74dbd87a,제주,순환형코스,TC05,0.365655170486763,36.5655170486763,0.6999999999999998,25.595861934073405,4.715027198381943,9.430054396763886,0.0,6.0621778264910695,5.388602512436506,False
DEMO_ACTIVE,SYNTHETIC_DEMONSTRATION,112,112,ct_987d7b91b042a8,완도,해양치유시티투어,TC05,0.44999999999999996,44.99999999999999,0.5454545454545455,24.545454545454543,5.454545454545455,5.454545454545455,0.0,8.181818181818183,5.454545454545455,False
DEMO_ACTIVE,SYNTHETIC_DEMONSTRATION,113,113,ct_1dab0b645e521d,완주,완주힐링로드시티투어 2코스,TC07,0.3337119062359573,33.37119062359573,0.7142857142857142,23.836564731139806,10.215670599059917,3.4052235330199725,0.0,10.215670599059916,0.0,False
DEMO_ACTIVE,SYNTHETIC_DEMONSTRATION,114,114,ct_49fb403c953735,광양,광양역사코스,TC05,0.40451991747794525,40.45199174779452,0.5714285714285714,23.115423855882582,7.705141285294195,1.9262853213235487,0.0,5.778855963970646,7.705141285294195,False
DEMO_ACTIVE,SYNTHETIC_DEMONSTRATION,115,115,ct_fcbc8def0ff021,공주,여름코스,TC07,0.28867513459481287,28.867513459481287,0.7999999999999999,23.09401076758503,11.547005383792515,4.618802153517006,0.0,6.928203230275508,0.0,False
DEMO_ACTIVE,SYNTHETIC_DEMONSTRATION,116,116,ct_820bca31911e89,완주,완주힐링로드시티투어 1코스,TC07,0.4,40.0,0.5714285714285714,22.857142857142854,8.571428571428571,0.0,14.285714285714285,0.0,0.0,False
DEMO_ACTIVE,SYNTHETIC_DEMONSTRATION,117,117,ct_c93b13bf48e761,영주,물돌이 코스,TC05,0.4564354645876384,45.643546458763836,0.5,22.821773229381918,4.564354645876384,4.564354645876384,0.0,13.693063937629152,0.0,False
DEMO_ACTIVE,SYNTHETIC_DEMONSTRATION,118,118,ct_03101958100a14,부여,부여테마여행,TC05,0.29892546837558753,29.892546837558754,0.75,22.419410128169066,9.439751632913293,7.079813724684968,5.899844770570805,0.0,0.0,False
DEMO_ACTIVE,SYNTHETIC_DEMONSTRATION,119,119,ct_6e6a0f2ecaee7f,양주,기본코스,TC07,0.298142396999972,29.814239699997202,0.75,22.3606797749979,11.18033988749895,2.7950849718747377,0.0,8.385254915624213,0.0,False
DEMO_ACTIVE,SYNTHETIC_DEMONSTRATION,120,120,ct_c722d90ff66eb2,홍성,"전통시장코스(광천) 4,9일 운영",TC01,0.44721359549995787,44.72135954999579,0.5,22.360679774997894,0.0,5.5901699437494745,0.0,16.77050983124842,0.0,False
DEMO_ACTIVE,SYNTHETIC_DEMONSTRATION,121,121,ct_0e4d7f0c7de8e2,대구,송해코스,TC07,0.2192645048267573,21.92645048267573,1.0,21.92645048267573,13.155870289605437,8.770580193070293,0.0,0.0,0.0,False
DEMO_ACTIVE,SYNTHETIC_DEMONSTRATION,122,122,ct_ff41dfabaec78b,여수,야경코스,TC03,0.3651483716701107,36.51483716701107,0.6000000000000001,21.90890230020665,5.477225575051662,5.477225575051662,0.0,0.0,10.954451150103324,False
DEMO_ACTIVE,SYNTHETIC_DEMONSTRATION,123,123,ct_23c35eeaf17398,곡성,읍권 순환버스,TC05,0.4341215710622296,43.412157106222956,0.5,21.706078553111478,4.651302547095317,0.0,0.0,4.651302547095317,12.403473458920846,False
DEMO_ACTIVE,SYNTHETIC_DEMONSTRATION,124,124,ct_5c692156a089c1,파주,2026 파주시티투어 당일코스(수요일),TC06,0.21213203435596426,21.213203435596427,1.0,21.213203435596427,7.0710678118654755,14.142135623730951,0.0,0.0,0.0,False
DEMO_ACTIVE,SYNTHETIC_DEMONSTRATION,124,125,ct_62dfed5cce4635,파주,2026 파주시티투어 당일코스(목요일),TC06,0.21213203435596426,21.213203435596427,1.0,21.213203435596427,7.0710678118654755,14.142135623730951,0.0,0.0,0.0,False
DEMO_ACTIVE,SYNTHETIC_DEMONSTRATION,124,126,ct_6b11aef24a24ef,순천,(테마투어)생태투어,TC06,0.21213203435596426,21.213203435596427,1.0,21.213203435596427,7.0710678118654755,14.142135623730951,0.0,0.0,0.0,False
DEMO_ACTIVE,SYNTHETIC_DEMONSTRATION,124,127,ct_a33d720535a1e1,순천,(테마투어)산사투어,TC07,0.21213203435596426,21.213203435596427,1.0,21.213203435596427,14.142135623730951,7.0710678118654755,0.0,0.0,0.0,False
DEMO_ACTIVE,SYNTHETIC_DEMONSTRATION,124,128,ct_d038c55e01951b,대전,대덕특구탐방,TC06,0.21213203435596426,21.213203435596427,1.0,21.213203435596427,7.0710678118654755,14.142135623730951,0.0,0.0,0.0,False
DEMO_ACTIVE,SYNTHETIC_DEMONSTRATION,129,129,ct_b97fea5cc3f414,광양,광양힐링코스,TC07,0.42257712736425834,42.25771273642584,0.5,21.12885636821292,6.338656910463874,2.1128856368212916,0.0,12.677313820927749,0.0,False
DEMO_ACTIVE,SYNTHETIC_DEMONSTRATION,130,130,ct_008becedc70ab4,인천,무의도투어,TC02,0.31622776601683794,31.622776601683793,0.6666666666666666,21.081851067789195,0.0,0.0,0.0,0.0,21.081851067789195,False
DEMO_ACTIVE,SYNTHETIC_DEMONSTRATION,130,131,ct_30fd00f9cfda89,인천,선재영흥투어,TC02,0.31622776601683794,31.622776601683793,0.6666666666666666,21.081851067789195,0.0,0.0,0.0,0.0,21.081851067789195,False
DEMO_ACTIVE,SYNTHETIC_DEMONSTRATION,132,132,ct_0b7a755a267601,여수,2층야간코스,TC03,0.25980762113533157,25.980762113533157,0.7999999999999999,20.784609690826525,4.618802153517006,11.547005383792515,0.0,0.0,4.618802153517006,False
DEMO_ACTIVE,SYNTHETIC_DEMONSTRATION,133,133,ct_36cdd5661df6fd,봉화,송이축제 문화유적탐방버스,TC06,0.4,40.0,0.5,20.0,0.0,7.5,12.5,0.0,0.0,False
DEMO_ACTIVE,SYNTHETIC_DEMONSTRATION,133,134,ct_69c07f148cbc8b,봉화,은어축제 문화유적탐방버스,TC06,0.4,40.0,0.5,20.0,0.0,7.5,12.5,0.0,0.0,False
DEMO_ACTIVE,SYNTHETIC_DEMONSTRATION,133,135,ct_a7f13a177e5633,여수,제2코스,TC05,0.4,40.0,0.5,20.0,0.0,7.5,12.5,0.0,0.0,False
DEMO_ACTIVE,SYNTHETIC_DEMONSTRATION,136,136,ct_83465bf3a690f2,여수,야간테마코스(시간을달리는버스커),TC03,0.3354101966249685,33.54101966249685,0.5555555555555556,18.63389981249825,0.0,6.211299937499416,0.0,0.0,12.422599874998832,False
DEMO_ACTIVE,SYNTHETIC_DEMONSTRATION,137,137,ct_fc9f85899d40a4,안산,안산 시내권코스(토요일),TC07,0.2192645048267573,21.92645048267573,0.8333333333333333,18.27204206889644,10.963225241337867,7.308816827558576,0.0,0.0,0.0,False
DEMO_ACTIVE,SYNTHETIC_DEMONSTRATION,138,138,ct_a3932d2baa3d16,안산,안산 시내권코스(목요일),TC06,0.22360679774997896,22.360679774997898,0.8,17.88854381999832,8.94427190999916,8.94427190999916,0.0,0.0,0.0,False
DEMO_ACTIVE,SYNTHETIC_DEMONSTRATION,139,139,ct_1fe72a79d47a7f,서울,EG투어버스 E코스,TC07,0.35355339059327373,35.35533905932737,0.5,17.677669529663685,7.0710678118654755,0.0,0.0,10.606601717798213,0.0,False
DEMO_ACTIVE,SYNTHETIC_DEMONSTRATION,139,140,ct_572b4d8191127a,영주,선비 코스,TC07,0.35355339059327373,35.35533905932737,0.5,17.677669529663685,7.0710678118654755,0.0,0.0,10.606601717798213,0.0,False
DEMO_ACTIVE,SYNTHETIC_DEMONSTRATION,141,141,ct_fe508b5dbba88f,세종,역사산책투어,TC06,0.223606797749979,22.360679774997898,0.75,16.770509831248425,8.385254915624213,8.385254915624213,0.0,0.0,0.0,False
DEMO_ACTIVE,SYNTHETIC_DEMONSTRATION,142,142,ct_14b70a907c3324,안산,대부도 해변코스(일반형 1코스),TC02,0.33541019662496846,33.54101966249684,0.5,16.77050983124842,0.0,5.5901699437494745,0.0,0.0,11.180339887498949,False
DEMO_ACTIVE,SYNTHETIC_DEMONSTRATION,142,143,ct_ec6acb453717fd,안산,대부도 해변코스(일반형 2코스),TC02,0.33541019662496846,33.54101966249684,0.5,16.77050983124842,0.0,5.5901699437494745,0.0,0.0,11.180339887498949,False
DEMO_ACTIVE,SYNTHETIC_DEMONSTRATION,144,144,ct_6bfb1cb10f19bb,천안,목요일,TC07,0.21213203435596426,21.213203435596427,0.75,15.90990257669732,10.606601717798213,5.303300858899107,0.0,0.0,0.0,False
DEMO_ACTIVE,SYNTHETIC_DEMONSTRATION,144,145,ct_fa87b733ddf357,아산,아산도심핫플코스,TC07,0.21213203435596426,21.213203435596427,0.75,15.90990257669732,10.606601717798213,5.303300858899107,0.0,0.0,0.0,False
DEMO_ACTIVE,SYNTHETIC_DEMONSTRATION,146,146,ct_5082aae98cb9d3,부산,야경투어,TC03,0.31622776601683794,31.622776601683793,0.5,15.811388300841896,0.0,0.0,0.0,0.0,15.811388300841896,False
DEMO_ACTIVE,SYNTHETIC_DEMONSTRATION,146,147,ct_4212deac479d6b,세종,역사문화투어,TC07,0.15811388300841897,15.811388300841896,1.0,15.811388300841896,15.811388300841896,0.0,0.0,0.0,0.0,False
DEMO_ACTIVE,SYNTHETIC_DEMONSTRATION,146,148,ct_73908901775f5c,익산,세계유산코스,TC07,0.15811388300841897,15.811388300841896,1.0,15.811388300841896,15.811388300841896,0.0,0.0,0.0,0.0,False
DEMO_ACTIVE,SYNTHETIC_DEMONSTRATION,146,149,ct_f0549cce13f623,대전,힐링(만인산),TC06,0.15811388300841897,15.811388300841896,1.0,15.811388300841896,0.0,15.811388300841896,0.0,0.0,0.0,False
DEMO_ACTIVE,SYNTHETIC_DEMONSTRATION,146,150,ct_f55bded1011de2,대전,언택트세이프?,TC06,0.15811388300841897,15.811388300841896,1.0,15.811388300841896,0.0,15.811388300841896,0.0,0.0,0.0,False
DEMO_ACTIVE,SYNTHETIC_DEMONSTRATION,151,151,ct_037c18bb42946f,세종,천안연계투어,TC06,0.22360679774997896,22.360679774997898,0.6666666666666666,14.907119849998598,7.453559924999299,7.453559924999299,0.0,0.0,0.0,False
DEMO_ACTIVE,SYNTHETIC_DEMONSTRATION,151,152,ct_1b0e0fd1157aaa,아산,休캉스 코스,TC06,0.22360679774997896,22.360679774997898,0.6666666666666666,14.907119849998598,7.453559924999299,7.453559924999299,0.0,0.0,0.0,False
DEMO_ACTIVE,SYNTHETIC_DEMONSTRATION,151,153,ct_f534f220e539af,파주,2026 파주시티투어 당일코스(일요일),TC06,0.22360679774997896,22.360679774997898,0.6666666666666666,14.907119849998598,7.453559924999299,7.453559924999299,0.0,0.0,0.0,False
DEMO_ACTIVE,SYNTHETIC_DEMONSTRATION,151,154,ct_f558345dd00dbf,아산,역사기행 코스,TC06,0.22360679774997896,22.360679774997898,0.6666666666666666,14.907119849998598,7.453559924999299,7.453559924999299,0.0,0.0,0.0,False
DEMO_ACTIVE,SYNTHETIC_DEMONSTRATION,155,155,ct_a70933018dfe45,여수,이순신문화유적코스,TC07,0.15811388300841897,15.811388300841896,0.8571428571428571,13.552618543578767,13.552618543578767,0.0,0.0,0.0,0.0,False
DEMO_ACTIVE,SYNTHETIC_DEMONSTRATION,156,156,ct_caab077d4954a7,김해,역사에반해,TC07,0.15811388300841897,15.811388300841896,0.8333333333333334,13.176156917368248,13.176156917368248,0.0,0.0,0.0,0.0,False
DEMO_ACTIVE,SYNTHETIC_DEMONSTRATION,157,157,ct_d1e99a0d119f73,밀양,시내권 투어 1,TC05,0.223606797749979,22.360679774997898,0.5714285714285714,12.777531299998799,6.388765649999399,6.388765649999399,0.0,0.0,0.0,False
DEMO_ACTIVE,SYNTHETIC_DEMONSTRATION,158,158,ct_bd00bd65a80b11,연천,역사자연코스,TC06,0.21213203435596426,21.213203435596427,0.6000000000000001,12.727922061357857,4.242640687119286,8.485281374238571,0.0,0.0,0.0,False
DEMO_ACTIVE,SYNTHETIC_DEMONSTRATION,159,159,ct_6be92119035c7f,영광,"영광쉼,투어",TC05,0.21926450482675733,21.926450482675733,0.5555555555555556,12.181361379264297,4.872544551705719,7.308816827558578,0.0,0.0,0.0,False
DEMO_ACTIVE,SYNTHETIC_DEMONSTRATION,160,160,ct_82e2c317c54d7e,양주,역사투어,TC07,0.15811388300841897,15.811388300841896,0.75,11.858541225631422,11.858541225631422,0.0,0.0,0.0,0.0,False
DEMO_ACTIVE,SYNTHETIC_DEMONSTRATION,160,161,ct_e4521f5325216f,양주,박물관투어,TC07,0.15811388300841897,15.811388300841896,0.75,11.858541225631422,11.858541225631422,0.0,0.0,0.0,0.0,False
DEMO_ACTIVE,SYNTHETIC_DEMONSTRATION,162,162,ct_da6b197f9d64eb,대구,테마-방방곡곡(사시사철),TC06,0.2,20.0,0.5714285714285714,11.428571428571427,2.8571428571428568,8.571428571428571,0.0,0.0,0.0,False
DEMO_ACTIVE,SYNTHETIC_DEMONSTRATION,163,163,ct_452018aaa6c847,춘천,화요일,TC06,0.22360679774997896,22.360679774997898,0.5,11.180339887498949,5.5901699437494745,5.5901699437494745,0.0,0.0,0.0,False
DEMO_ACTIVE,SYNTHETIC_DEMONSTRATION,163,164,ct_566165b1b827e0,천안,토요일,TC06,0.22360679774997896,22.360679774997898,0.5,11.180339887498949,5.5901699437494745,5.5901699437494745,0.0,0.0,0.0,False
DEMO_ACTIVE,SYNTHETIC_DEMONSTRATION,163,165,ct_7799bf62ca5138,대전,"광역투어(둘째주, 토)",TC06,0.22360679774997896,22.360679774997898,0.5,11.180339887498949,5.5901699437494745,5.5901699437494745,0.0,0.0,0.0,False
DEMO_ACTIVE,SYNTHETIC_DEMONSTRATION,163,166,ct_ff36074cae8347,양주,자연친화코스1,TC06,0.22360679774997896,22.360679774997898,0.5,11.180339887498949,5.5901699437494745,5.5901699437494745,0.0,0.0,0.0,False
DEMO_ACTIVE,SYNTHETIC_DEMONSTRATION,167,167,ct_40252d247000a5,안동,야간도심테마,TC03,0.21213203435596426,21.213203435596427,0.5,10.606601717798213,3.5355339059327378,7.0710678118654755,0.0,0.0,0.0,False
DEMO_ACTIVE,SYNTHETIC_DEMONSTRATION,168,168,ct_5997fa12423936,대전,언택트세이프(A),TC06,0.15811388300841897,15.811388300841896,0.6666666666666666,10.540925533894598,0.0,10.540925533894598,0.0,0.0,0.0,False
DEMO_ACTIVE,SYNTHETIC_DEMONSTRATION,168,169,ct_9f8a8ca65b1ebb,파주,2026 파주시티투어 당일코스(토요일),TC07,0.15811388300841897,15.811388300841896,0.6666666666666666,10.540925533894598,10.540925533894598,0.0,0.0,0.0,0.0,False
DEMO_ACTIVE,SYNTHETIC_DEMONSTRATION,168,170,ct_ba06e511559567,홍성,역사·문화 코스,TC07,0.15811388300841897,15.811388300841896,0.6666666666666666,10.540925533894598,10.540925533894598,0.0,0.0,0.0,0.0,False
DEMO_ACTIVE,SYNTHETIC_DEMONSTRATION,171,171,ct_658464b2619d71,양주,천일홍축제,TC07,0.2,20.0,0.5,10.0,7.5,2.5,0.0,0.0,0.0,False
DEMO_ACTIVE,SYNTHETIC_DEMONSTRATION,171,172,ct_c4d1ab4265b00c,양주,왕실축제,TC07,0.2,20.0,0.5,10.0,7.5,2.5,0.0,0.0,0.0,False
DEMO_ACTIVE,SYNTHETIC_DEMONSTRATION,173,173,ct_104171b078b959,공주,가을코스,TC07,0.15811388300841897,15.811388300841896,0.6,9.486832980505138,9.486832980505138,0.0,0.0,0.0,0.0,False
DEMO_ACTIVE,SYNTHETIC_DEMONSTRATION,173,174,ct_82edd01ea220e6,화순,화순적벽 버스투어(적벽 셔틀버스),TC06,0.15811388300841897,15.811388300841896,0.6,9.486832980505138,0.0,9.486832980505138,0.0,0.0,0.0,False
DEMO_ACTIVE,SYNTHETIC_DEMONSTRATION,175,175,ct_661e12e8488117,대전,힐링(장태산),TC06,0.15811388300841897,15.811388300841896,0.5,7.905694150420948,0.0,7.905694150420948,0.0,0.0,0.0,False
DEMO_ACTIVE,SYNTHETIC_DEMONSTRATION,175,176,ct_c543fc703f1159,익산,순환형1,TC07,0.15811388300841897,15.811388300841896,0.5,7.905694150420948,7.905694150420948,0.0,0.0,0.0,0.0,False
DEMO_ACTIVE,SYNTHETIC_DEMONSTRATION,175,177,ct_c59f7d050e72e0,대전,생태교육,TC07,0.15811388300841897,15.811388300841896,0.5,7.905694150420948,7.905694150420948,0.0,0.0,0.0,0.0,False
DEMO_ACTIVE,SYNTHETIC_DEMONSTRATION,175,178,ct_cec518ee1213c1,양주,서울우유견학코스,TC07,0.15811388300841897,15.811388300841896,0.5,7.905694150420948,7.905694150420948,0.0,0.0,0.0,0.0,False
DEMO_ACTIVE,SYNTHETIC_DEMONSTRATION,175,179,ct_f8bd00d4bc40b3,순천,(기획투어)나이트가든투어,TC03,0.15811388300841897,15.811388300841896,0.5,7.905694150420948,0.0,7.905694150420948,0.0,0.0,0.0,False
DEMO_BALANCED,SYNTHETIC_DEMONSTRATION,1,1,ct_956d44d9a821ed,양산,2025 6월 시티투어,TC04,0.8944271909999159,89.44271909999159,1.0,89.44271909999159,22.360679774997898,22.360679774997898,22.360679774997898,22.360679774997898,0.0,False
DEMO_BALANCED,SYNTHETIC_DEMONSTRATION,2,2,ct_9d994e07488f57,삼척,종일코스,TC01,0.8451542547285165,84.51542547285165,1.0,84.51542547285165,0.0,16.90308509457033,16.90308509457033,33.80617018914066,16.90308509457033,False
DEMO_BALANCED,SYNTHETIC_DEMONSTRATION,3,3,ct_a1bc285f9c2881,여수,제1코스,TC07,0.816496580927726,81.6496580927726,1.0,81.6496580927726,32.659863237109036,0.0,8.164965809277259,16.329931618554518,24.49489742783178,False
DEMO_BALANCED,SYNTHETIC_DEMONSTRATION,4,4,ct_2f8d9c4d57db08,서천,힐링코스,TC05,0.9486832980505138,94.86832980505137,0.857142857142857,81.31571126147259,13.552618543578765,13.552618543578765,13.552618543578765,27.10523708715753,13.552618543578765,False
DEMO_BALANCED,SYNTHETIC_DEMONSTRATION,5,5,ct_52fe5a29aee3e7,합천,합천광역시티투어 누비고,TC04,0.7745966692414833,77.45966692414832,1.0,77.45966692414832,25.81988897471611,25.81988897471611,25.81988897471611,0.0,0.0,False
DEMO_BALANCED,SYNTHETIC_DEMONSTRATION,5,6,ct_b53b246e98a9cd,인천,석모도투어,TC06,0.7745966692414833,77.45966692414832,1.0,77.45966692414832,25.81988897471611,25.81988897471611,0.0,25.81988897471611,0.0,False
DEMO_BALANCED,SYNTHETIC_DEMONSTRATION,7,7,ct_1def3d2a58e430,부산,오렌지라인,TC05,0.8451542547285165,84.51542547285165,0.9090909090909092,76.83220497531968,23.049661492595906,30.73288199012788,7.68322049753197,7.68322049753197,7.68322049753197,False
DEMO_BALANCED,SYNTHETIC_DEMONSTRATION,8,8,ct_d756b69f16e800,청주,청주시티투어_정기투어_힐링로드 투어(토),TC04,0.7669649888473706,76.69649888473707,1.0,76.69649888473707,15.339299776947414,7.669649888473707,38.34824944236853,15.339299776947414,0.0,False
DEMO_BALANCED,SYNTHETIC_DEMONSTRATION,9,9,ct_6ec0ad7a54e92d,서천,문화코스,TC05,0.8432740427115677,84.32740427115677,0.8888888888888888,74.95769268547268,9.369711585684087,18.739423171368173,28.109134757052257,18.739423171368173,0.0,False
DEMO_BALANCED,SYNTHETIC_DEMONSTRATION,10,10,ct_aa2937d4d2a2d0,목포,목포랑시티투어,TC05,0.9114654303753,91.14654303753001,0.8181818181818182,74.57444430343365,20.715123417620454,12.429074050572272,24.858148101144543,8.286049367048182,8.286049367048182,False
DEMO_BALANCED,SYNTHETIC_DEMONSTRATION,11,11,ct_37faafbf7ac90b,김해,자연에반해,TC04,0.7453559924999298,74.53559924999298,1.0,74.53559924999298,19.87615979999813,34.78327964999672,19.87615979999813,0.0,0.0,False
DEMO_BALANCED,SYNTHETIC_DEMONSTRATION,11,12,ct_83afdb6c6bad30,시흥,순환형 2층버스,TC02,0.7453559924999298,74.53559924999298,1.0,74.53559924999298,14.907119849998596,29.81423969999719,0.0,0.0,29.81423969999719,False
DEMO_BALANCED,SYNTHETIC_DEMONSTRATION,13,13,ct_4e0d701d9aadd5,대구,테마(야경 4~10월),TC03,0.7302967433402215,73.02967433402216,1.0,73.02967433402216,0.0,36.51483716701108,18.25741858350554,18.25741858350554,0.0,False
DEMO_BALANCED,SYNTHETIC_DEMONSTRATION,13,14,ct_79a18eaed83932,양산,양산시 가을 시티투어 (역사문화코스),TC07,0.7302967433402215,73.02967433402216,1.0,73.02967433402216,36.51483716701108,18.25741858350554,0.0,18.25741858350554,0.0,False
DEMO_BALANCED,SYNTHETIC_DEMONSTRATION,13,15,ct_809907e22355c9,연천,연천명소코스,TC06,0.7302967433402215,73.02967433402216,1.0,73.02967433402216,18.25741858350554,36.51483716701108,0.0,18.25741858350554,0.0,False
DEMO_BALANCED,SYNTHETIC_DEMONSTRATION,16,16,ct_aa87321b8b5003,창원,창원시티투어,TC05,0.8889566369846307,88.89566369846307,0.8181818181818182,72.73281575328797,8.081423972587551,28.28498390405643,8.081423972587551,16.162847945175102,12.122135958881326,False
DEMO_BALANCED,SYNTHETIC_DEMONSTRATION,17,17,ct_15ca3909485d66,서천,광역코스,TC05,0.8485281374238569,84.85281374238569,0.8571428571428571,72.73098320775917,12.121830534626525,12.121830534626525,24.24366106925305,24.24366106925305,0.0,False
DEMO_BALANCED,SYNTHETIC_DEMONSTRATION,18,18,ct_02181b9e7a671f,순천,(테마투어)성곽투어,TC07,0.7171371656006362,71.71371656006362,1.0,71.71371656006362,35.85685828003181,0.0,11.952286093343936,0.0,23.904572186687872,False
DEMO_BALANCED,SYNTHETIC_DEMONSTRATION,18,19,ct_343d3a1d62c8a5,완주,완주힐링로드 시티투어(코레일연계 익산역),TC07,0.7171371656006362,71.71371656006362,1.0,71.71371656006362,35.85685828003181,11.952286093343936,23.904572186687872,0.0,0.0,False
DEMO_BALANCED,SYNTHETIC_DEMONSTRATION,20,20,ct_330d0bc9cd3d05,서산,B코스,TC02,0.8944271909999159,89.44271909999159,0.8,71.55417527999327,17.88854381999832,17.88854381999832,0.0,17.88854381999832,17.88854381999832,False
DEMO_BALANCED,SYNTHETIC_DEMONSTRATION,20,21,ct_94cebe436c068a,서산,C코스,TC02,0.8944271909999159,89.44271909999159,0.8,71.55417527999327,17.88854381999832,17.88854381999832,0.0,17.88854381999832,17.88854381999832,False
DEMO_BALANCED,SYNTHETIC_DEMONSTRATION,22,22,ct_3aa92169f5cb7c,군산,(익산역 출발) 고군산시간여행코스,TC07,0.8451542547285164,84.51542547285163,0.8333333333333333,70.42952122737636,28.171808490950546,14.085904245475273,14.085904245475273,0.0,14.085904245475273,False
DEMO_BALANCED,SYNTHETIC_DEMONSTRATION,22,23,ct_596ccaeb2861f9,태안,남부코스,TC05,0.8451542547285164,84.51542547285163,0.8333333333333333,70.42952122737636,14.085904245475273,28.171808490950546,0.0,14.085904245475273,14.085904245475273,False
DEMO_BALANCED,SYNTHETIC_DEMONSTRATION,24,24,ct_61845aa89a1c1a,홍천,홍천시티투어,TC05,0.8131571126147262,81.31571126147263,0.8181818181818181,66.53103648665942,22.177012162219803,18.4808434685165,22.177012162219803,3.696168693703301,0.0,False
DEMO_BALANCED,SYNTHETIC_DEMONSTRATION,25,25,ct_507ac7569b1306,서천,보랏빛코스,TC01,0.7745966692414833,77.45966692414832,0.8571428571428571,66.39400022069856,0.0,22.13133340689952,22.13133340689952,22.13133340689952,0.0,False
DEMO_BALANCED,SYNTHETIC_DEMONSTRATION,26,26,ct_5728bf247a42c1,제천,시티투어,TC04,0.8485281374238569,84.85281374238569,0.75,63.639610306789265,10.606601717798213,21.213203435596427,21.213203435596427,10.606601717798213,0.0,False
DEMO_BALANCED,SYNTHETIC_DEMONSTRATION,27,27,ct_74128602fb5dca,태안,북부코스,TC02,0.6324555320336758,63.24555320336758,1.0,63.24555320336758,0.0,31.62277660168379,0.0,0.0,31.62277660168379,False
DEMO_BALANCED,SYNTHETIC_DEMONSTRATION,27,28,ct_8b988867d0e267,홍성,남당항 코스,TC04,0.6324555320336758,63.24555320336758,1.0,63.24555320336758,0.0,31.62277660168379,31.62277660168379,0.0,0.0,False
DEMO_BALANCED,SYNTHETIC_DEMONSTRATION,29,29,ct_20eb1ae44f44d4,밀양,영남알프스권 투어 1,TC04,0.7453559924999298,74.53559924999298,0.8333333333333333,62.112999374994146,24.845199749997658,12.422599874998829,24.845199749997658,0.0,0.0,False
DEMO_BALANCED,SYNTHETIC_DEMONSTRATION,29,30,ct_2827a8d7943bdf,가평,가평순환버스A코스,TC04,0.7453559924999298,74.53559924999298,0.8333333333333333,62.112999374994146,0.0,24.845199749997658,24.845199749997658,0.0,12.422599874998829,False
DEMO_BALANCED,SYNTHETIC_DEMONSTRATION,29,31,ct_824d1bcb38ec4b,사천,이순신승전길투어,TC02,0.7453559924999298,74.53559924999298,0.8333333333333333,62.112999374994146,0.0,24.845199749997658,12.422599874998829,0.0,24.845199749997658,False
DEMO_BALANCED,SYNTHETIC_DEMONSTRATION,29,32,ct_a0af2538872792,서천,전라권코스,TC01,0.7453559924999298,74.53559924999298,0.8333333333333333,62.112999374994146,0.0,12.422599874998829,24.845199749997658,24.845199749997658,0.0,False
DEMO_BALANCED,SYNTHETIC_DEMONSTRATION,29,33,ct_c188dbb343674a,서천,푸른빛코스,TC05,0.7453559924999298,74.53559924999298,0.8333333333333333,62.112999374994146,24.845199749997658,24.845199749997658,0.0,12.422599874998829,0.0,False
DEMO_BALANCED,SYNTHETIC_DEMONSTRATION,34,34,ct_0e4d7f0c7de8e2,대구,송해코스,TC07,0.6201736729460422,62.01736729460422,1.0,62.01736729460422,37.210420376762535,24.806946917841692,0.0,0.0,0.0,False
DEMO_BALANCED,SYNTHETIC_DEMONSTRATION,35,35,ct_0ab41b7160d0e2,김해,문화에반해,TC04,0.6135719910778963,61.357199107789626,1.0,61.357199107789626,23.00894966542111,0.0,38.34824944236851,0.0,0.0,False
DEMO_BALANCED,SYNTHETIC_DEMONSTRATION,36,36,ct_c83f7c6960b76b,부산,레드라인,TC05,0.8432740427115677,84.32740427115677,0.7272727272727273,61.32902128811401,7.666127661014253,22.998382983042756,0.0,15.332255322028505,15.332255322028505,False
DEMO_BALANCED,SYNTHETIC_DEMONSTRATION,37,37,ct_0af000fbdb8ad6,동해,관광문화코스,TC05,0.8682431421244592,86.82431421244591,0.7,60.77701994871214,0.0,17.364862842489185,8.682431421244592,17.364862842489185,17.364862842489185,False
DEMO_BALANCED,SYNTHETIC_DEMONSTRATION,38,38,ct_2749460936eb31,공주,반일코스,TC07,0.6,60.0,1.0,60.0,40.0,0.0,20.0,0.0,0.0,False
DEMO_BALANCED,SYNTHETIC_DEMONSTRATION,38,39,ct_5c692156a089c1,파주,2026 파주시티투어 당일코스(수요일),TC06,0.6,60.0,1.0,60.0,20.0,40.0,0.0,0.0,0.0,False
DEMO_BALANCED,SYNTHETIC_DEMONSTRATION,38,40,ct_62dfed5cce4635,파주,2026 파주시티투어 당일코스(목요일),TC06,0.6,60.0,1.0,60.0,20.0,40.0,0.0,0.0,0.0,False
DEMO_BALANCED,SYNTHETIC_DEMONSTRATION,38,41,ct_6b11aef24a24ef,순천,(테마투어)생태투어,TC06,0.6,60.0,1.0,60.0,20.0,40.0,0.0,0.0,0.0,False
DEMO_BALANCED,SYNTHETIC_DEMONSTRATION,38,42,ct_8163a6f43e6f4a,아산,예술맛집 코스,TC04,0.6,60.0,1.0,60.0,0.0,20.0,40.0,0.0,0.0,False
DEMO_BALANCED,SYNTHETIC_DEMONSTRATION,38,43,ct_a33d720535a1e1,순천,(테마투어)산사투어,TC07,0.6,60.0,1.0,60.0,40.0,20.0,0.0,0.0,0.0,False
DEMO_BALANCED,SYNTHETIC_DEMONSTRATION,38,44,ct_d038c55e01951b,대전,대덕특구탐방,TC06,0.6,60.0,1.0,60.0,20.0,40.0,0.0,0.0,0.0,False
DEMO_BALANCED,SYNTHETIC_DEMONSTRATION,38,45,ct_d3c228b00ede2b,파주,2026 파주시티투어 당일코스(화요일),TC04,0.6,60.0,1.0,60.0,0.0,20.0,40.0,0.0,0.0,False
DEMO_BALANCED,SYNTHETIC_DEMONSTRATION,46,46,ct_ba6ef7945423e1,공주,가을코스2,TC07,0.5855400437691199,58.554004376912,1.0,58.554004376912,43.915503282684,4.879500364742666,4.879500364742666,4.879500364742666,0.0,False
DEMO_BALANCED,SYNTHETIC_DEMONSTRATION,47,47,ct_3dd54d8970e115,의정부,의정부포레스트:오감이 깨어나는 숲 속 여행,TC01,0.7302967433402214,73.02967433402215,0.8,58.42373946721772,0.0,14.60593486680443,14.60593486680443,29.21186973360886,0.0,False
DEMO_BALANCED,SYNTHETIC_DEMONSTRATION,47,48,ct_ab2a31c9b0dd1c,안동,주간도심테마,TC06,0.7302967433402214,73.02967433402215,0.8,58.42373946721772,14.60593486680443,29.21186973360886,0.0,0.0,14.60593486680443,False
DEMO_BALANCED,SYNTHETIC_DEMONSTRATION,47,49,ct_b96c711c2cd94d,예산,예산군 버스투어,TC07,0.7302967433402214,73.02967433402215,0.8,58.42373946721772,29.21186973360886,14.60593486680443,0.0,14.60593486680443,0.0,False
DEMO_BALANCED,SYNTHETIC_DEMONSTRATION,50,50,ct_0ed3eb88438a1d,인천,청라투어,TC04,0.7745966692414834,77.45966692414834,0.75,58.09475019311125,19.364916731037084,19.364916731037084,19.364916731037084,0.0,0.0,False
DEMO_BALANCED,SYNTHETIC_DEMONSTRATION,50,51,ct_4309f65e431d83,아산,인생네컷 코스,TC04,0.7745966692414834,77.45966692414834,0.75,58.09475019311125,19.364916731037084,19.364916731037084,19.364916731037084,0.0,0.0,False
DEMO_BALANCED,SYNTHETIC_DEMONSTRATION,50,52,ct_4e89a607500203,태안,광역코스,TC02,0.7745966692414834,77.45966692414834,0.75,58.09475019311125,19.364916731037084,19.364916731037084,0.0,0.0,19.364916731037084,False
DEMO_BALANCED,SYNTHETIC_DEMONSTRATION,50,53,ct_59c60fcaf04aa6,인천,교동도투어,TC01,0.7745966692414834,77.45966692414834,0.75,58.09475019311125,0.0,19.364916731037084,19.364916731037084,19.364916731037084,0.0,False
DEMO_BALANCED,SYNTHETIC_DEMONSTRATION,50,54,ct_618497cad743bc,양구,방산나들이코스,TC02,0.7745966692414834,77.45966692414834,0.75,58.09475019311125,19.364916731037084,19.364916731037084,0.0,0.0,19.364916731037084,False
DEMO_BALANCED,SYNTHETIC_DEMONSTRATION,50,55,ct_84ffabae716404,홍성,죽도코스,TC01,0.7745966692414834,77.45966692414834,0.75,58.09475019311125,0.0,19.364916731037084,19.364916731037084,19.364916731037084,0.0,False
DEMO_BALANCED,SYNTHETIC_DEMONSTRATION,50,56,ct_abd1e371e69550,정선,아리랑열차 연계형 시티투어2,TC01,0.7745966692414834,77.45966692414834,0.75,58.09475019311125,0.0,19.364916731037084,0.0,19.364916731037084,19.364916731037084,False
DEMO_BALANCED,SYNTHETIC_DEMONSTRATION,50,57,ct_bd2de54ec11e6b,양산,양산시 가을 시티투어 (자연관광코스),TC01,0.7745966692414834,77.45966692414834,0.75,58.09475019311125,0.0,19.364916731037084,19.364916731037084,19.364916731037084,0.0,False
DEMO_BALANCED,SYNTHETIC_DEMONSTRATION,50,58,ct_f6d09076696e6d,양구,힐링산책코스,TC01,0.7745966692414834,77.45966692414834,0.75,58.09475019311125,0.0,19.364916731037084,0.0,19.364916731037084,19.364916731037084,False
DEMO_BALANCED,SYNTHETIC_DEMONSTRATION,59,59,ct_1c691124e74222,대구,도동코스,TC07,0.565685424949238,56.568542494923804,1.0,56.568542494923804,42.42640687119285,0.0,0.0,14.142135623730951,0.0,False
DEMO_BALANCED,SYNTHETIC_DEMONSTRATION,59,60,ct_b2af495e1760b5,안산,대부도 뱃길코스(체험형 1코스),TC02,0.565685424949238,56.568542494923804,1.0,56.568542494923804,0.0,0.0,0.0,14.142135623730951,42.42640687119285,False
DEMO_BALANCED,SYNTHETIC_DEMONSTRATION,61,61,ct_8171ca90d9fa99,제주,야간코스(7월말~8월말 운영),TC03,0.6741998624632419,67.41998624632419,0.8333333333333333,56.18332187193682,11.236664374387367,0.0,0.0,11.236664374387367,33.70999312316209,False
DEMO_BALANCED,SYNTHETIC_DEMONSTRATION,62,62,ct_b6060e0e38a765,안산,대부도 뱃길코스(일반형 2코스),TC02,0.632455532033676,63.2455532033676,0.8571428571428571,54.21047417431508,0.0,9.035079029052513,0.0,9.035079029052513,36.14031611621005,False
DEMO_BALANCED,SYNTHETIC_DEMONSTRATION,63,63,ct_2c0d1fe873d818,천안,화요일,TC07,0.7171371656006362,71.71371656006362,0.75,53.78528742004771,26.892643710023854,8.964214570007952,17.928429140015904,0.0,0.0,False
DEMO_BALANCED,SYNTHETIC_DEMONSTRATION,63,64,ct_2c5b83ca1acb5c,춘천,토요일,TC04,0.7171371656006362,71.71371656006362,0.75,53.78528742004771,8.964214570007952,17.928429140015904,26.892643710023854,0.0,0.0,False
DEMO_BALANCED,SYNTHETIC_DEMONSTRATION,63,65,ct_6b62f6c5e28b9c,사천,바다투어,TC02,0.7171371656006362,71.71371656006362,0.75,53.78528742004771,0.0,8.964214570007952,17.928429140015904,0.0,26.892643710023854,False
DEMO_BALANCED,SYNTHETIC_DEMONSTRATION,63,66,ct_72a42eb150b5d4,춘천,일요일,TC04,0.7171371656006362,71.71371656006362,0.75,53.78528742004771,8.964214570007952,17.928429140015904,26.892643710023854,0.0,0.0,False
DEMO_BALANCED,SYNTHETIC_DEMONSTRATION,63,67,ct_c53b5abd9a30ab,대전,남부코스,TC04,0.7171371656006362,71.71371656006362,0.75,53.78528742004771,8.964214570007952,17.928429140015904,26.892643710023854,0.0,0.0,False
DEMO_BALANCED,SYNTHETIC_DEMONSTRATION,68,68,ct_98323d74dbd87a,제주,순환형코스,TC05,0.7620634755325443,76.20634755325443,0.6999999999999998,53.34444328727809,13.336110821819522,26.672221643639045,0.0,5.715476066494081,7.620634755325442,False
DEMO_BALANCED,SYNTHETIC_DEMONSTRATION,69,69,ct_a726fc60353090,청주,청주시티투어_정기투어_초정힐링 투어(토),TC05,0.7453559924999298,74.53559924999298,0.7142857142857142,53.23971374999498,21.29588549999799,0.0,21.29588549999799,10.647942749998995,0.0,False
DEMO_BALANCED,SYNTHETIC_DEMONSTRATION,70,70,ct_0f4dbe3b938a90,여수,2층주간코스,TC05,0.8451542547285165,84.51542547285165,0.625,52.82214092053228,10.564428184106456,10.564428184106456,21.12885636821291,0.0,10.564428184106456,False
DEMO_BALANCED,SYNTHETIC_DEMONSTRATION,70,71,ct_86dc46ed127655,청주,청주시티투어_정기투어_청남대 투어(수토일),TC05,0.8451542547285165,84.51542547285165,0.625,52.82214092053228,10.564428184106456,10.564428184106456,21.12885636821291,10.564428184106456,0.0,False
DEMO_BALANCED,SYNTHETIC_DEMONSTRATION,72,72,ct_0b7a755a267601,여수,2층야간코스,TC03,0.6531972647421808,65.31972647421807,0.7999999999999999,52.25578117937445,13.063945294843613,32.659863237109036,0.0,0.0,6.5319726474218065,False
DEMO_BALANCED,SYNTHETIC_DEMONSTRATION,72,73,ct_fcbc8def0ff021,공주,여름코스,TC07,0.6531972647421808,65.31972647421807,0.7999999999999999,52.25578117937445,32.659863237109036,13.063945294843613,0.0,6.5319726474218065,0.0,False
DEMO_BALANCED,SYNTHETIC_DEMONSTRATION,74,74,ct_77585e7300bc39,청주,청주시티투어_정기투어_트레킹 투어(토),TC04,0.6201736729460423,62.01736729460423,0.8333333333333333,51.68113941217018,0.0,31.00868364730211,20.672455764868072,0.0,0.0,False
DEMO_BALANCED,SYNTHETIC_DEMONSTRATION,74,75,ct_fc9f85899d40a4,안산,안산 시내권코스(토요일),TC07,0.6201736729460423,62.01736729460423,0.8333333333333333,51.68113941217018,31.00868364730211,20.672455764868072,0.0,0.0,0.0,False
DEMO_BALANCED,SYNTHETIC_DEMONSTRATION,76,76,ct_ac7ca37140e6b6,포항,퐝랜드마크B코스,TC05,0.8944271909999159,89.44271909999159,0.5714285714285714,51.110125199995196,12.777531299998799,12.777531299998799,0.0,12.777531299998799,12.777531299998799,False
DEMO_BALANCED,SYNTHETIC_DEMONSTRATION,76,77,ct_e346ea988fedc3,포항,씨(SEA)하게 보는 포항코스,TC05,0.8944271909999159,89.44271909999159,0.5714285714285714,51.110125199995196,12.777531299998799,12.777531299998799,0.0,12.777531299998799,12.777531299998799,False
DEMO_BALANCED,SYNTHETIC_DEMONSTRATION,78,78,ct_55438211f07ef0,임실,명소탐방 임실 시티투어,TC02,0.848528137423857,84.8528137423857,0.6000000000000001,50.91168824543143,8.485281374238571,0.0,16.970562748477143,8.485281374238571,16.970562748477143,False
DEMO_BALANCED,SYNTHETIC_DEMONSTRATION,79,79,ct_88364cbd4a5650,곡성,압록권역 순환버스,TC02,0.6324555320336758,63.24555320336758,0.8,50.596442562694065,0.0,0.0,25.298221281347033,0.0,25.298221281347033,False
DEMO_BALANCED,SYNTHETIC_DEMONSTRATION,79,80,ct_a3932d2baa3d16,안산,안산 시내권코스(목요일),TC06,0.6324555320336758,63.24555320336758,0.8,50.596442562694065,25.298221281347033,25.298221281347033,0.0,0.0,0.0,False
DEMO_BALANCED,SYNTHETIC_DEMONSTRATION,81,81,ct_03101958100a14,부여,부여테마여행,TC05,0.6674912392349773,66.74912392349773,0.75,50.0618429426233,26.699649569399092,20.024737177049314,3.3374561961748865,0.0,0.0,False
DEMO_BALANCED,SYNTHETIC_DEMONSTRATION,82,82,ct_17e0dd4d30822e,밀양,삼랑진권 투어,TC07,0.7302967433402214,73.02967433402215,0.6666666666666666,48.686449556014765,24.343224778007382,12.171612389003691,12.171612389003691,0.0,0.0,False
DEMO_BALANCED,SYNTHETIC_DEMONSTRATION,82,83,ct_4ba7f5cc1ffeda,부산,서부산생태투어,TC07,0.7302967433402214,73.02967433402215,0.6666666666666666,48.686449556014765,24.343224778007382,12.171612389003691,12.171612389003691,0.0,0.0,False
DEMO_BALANCED,SYNTHETIC_DEMONSTRATION,82,84,ct_a11be8ffeee88a,태백,통리장 코스,TC04,0.7302967433402214,73.02967433402215,0.6666666666666666,48.686449556014765,12.171612389003691,24.343224778007382,12.171612389003691,0.0,0.0,False
DEMO_BALANCED,SYNTHETIC_DEMONSTRATION,82,85,ct_dfc58b1c3324c1,춘천,금요일,TC04,0.7302967433402214,73.02967433402215,0.6666666666666666,48.686449556014765,12.171612389003691,24.343224778007382,12.171612389003691,0.0,0.0,False
DEMO_BALANCED,SYNTHETIC_DEMONSTRATION,86,86,ct_1dab0b645e521d,완주,완주힐링로드시티투어 2코스,TC07,0.6741998624632421,67.41998624632421,0.7142857142857142,48.15713303308872,28.894279819853228,9.631426606617744,0.0,9.631426606617744,0.0,False
DEMO_BALANCED,SYNTHETIC_DEMONSTRATION,87,87,ct_ec90f983bc7ed6,안동,하회마을테마,TC05,0.7669649888473703,76.69649888473703,0.625,47.93531180296064,23.96765590148032,9.587062360592128,9.587062360592128,4.793531180296064,0.0,False
DEMO_BALANCED,SYNTHETIC_DEMONSTRATION,88,88,ct_78497ddd68fd45,사천,우주항공산업투어,TC02,0.7970533969860858,79.70533969860858,0.6000000000000001,47.82320381916516,7.97053396986086,5.313689313240572,13.284223283101431,0.0,21.25475725296229,False
DEMO_BALANCED,SYNTHETIC_DEMONSTRATION,89,89,ct_6e6a0f2ecaee7f,양주,기본코스,TC07,0.6324555320336759,63.245553203367585,0.75,47.43416490252569,31.622776601683796,7.905694150420949,0.0,7.905694150420949,0.0,False
DEMO_BALANCED,SYNTHETIC_DEMONSTRATION,89,90,ct_fe508b5dbba88f,세종,역사산책투어,TC06,0.6324555320336759,63.245553203367585,0.75,47.43416490252569,23.717082451262844,23.717082451262844,0.0,0.0,0.0,False
DEMO_BALANCED,SYNTHETIC_DEMONSTRATION,91,91,ct_1845f5c9950df4,목포,별빛물결시티투어,TC03,0.7745966692414833,77.45966692414832,0.6000000000000001,46.475800154489,0.0,15.491933384829668,0.0,15.491933384829668,15.491933384829668,False
DEMO_BALANCED,SYNTHETIC_DEMONSTRATION,91,92,ct_5e83dbf18d6227,울산,장생포 대왕암 코스,TC02,0.7745966692414833,77.45966692414832,0.6000000000000001,46.475800154489,15.491933384829668,0.0,15.491933384829668,0.0,15.491933384829668,False
DEMO_BALANCED,SYNTHETIC_DEMONSTRATION,91,93,ct_6beed8d2daa9dc,세종,야경투어,TC03,0.7745966692414833,77.45966692414832,0.6000000000000001,46.475800154489,15.491933384829668,15.491933384829668,15.491933384829668,0.0,0.0,False
DEMO_BALANCED,SYNTHETIC_DEMONSTRATION,91,94,ct_a8b35f46bb8621,세종,행복투어A,TC04,0.7745966692414833,77.45966692414832,0.6000000000000001,46.475800154489,15.491933384829668,15.491933384829668,15.491933384829668,0.0,0.0,False
DEMO_BALANCED,SYNTHETIC_DEMONSTRATION,91,95,ct_de90b5933f0b40,청도,시티투어,TC01,0.7745966692414833,77.45966692414832,0.6000000000000001,46.475800154489,0.0,15.491933384829668,15.491933384829668,15.491933384829668,0.0,False
DEMO_BALANCED,SYNTHETIC_DEMONSTRATION,91,96,ct_f355a62ad61675,세종,정원투어,TC04,0.7745966692414833,77.45966692414832,0.6000000000000001,46.475800154489,15.491933384829668,15.491933384829668,15.491933384829668,0.0,0.0,False
DEMO_BALANCED,SYNTHETIC_DEMONSTRATION,91,97,ct_ff41dfabaec78b,여수,야경코스,TC03,0.7745966692414833,77.45966692414832,0.6000000000000001,46.475800154489,15.491933384829668,15.491933384829668,0.0,0.0,15.491933384829668,False
DEMO_BALANCED,SYNTHETIC_DEMONSTRATION,98,98,ct_987d7b91b042a8,완도,해양치유시티투어,TC05,0.8485281374238569,84.85281374238569,0.5454545454545455,46.2833529503922,15.427784316797403,15.427784316797403,0.0,7.713892158398702,7.713892158398702,False
DEMO_BALANCED,SYNTHETIC_DEMONSTRATION,99,99,ct_edd6e5375f387f,부산,그린라인,TC05,0.7181848464596079,71.8184846459608,0.6363636363636365,45.7026720474296,6.528953149632801,26.115812598531203,6.528953149632801,0.0,6.528953149632801,False
DEMO_BALANCED,SYNTHETIC_DEMONSTRATION,100,100,ct_7cdced2e0d065a,여주,시티투어,TC05,0.7254762501100117,72.54762501100117,0.625,45.34226563187573,22.671132815937867,9.068453126375145,0.0,13.60267968956272,0.0,False
DEMO_BALANCED,SYNTHETIC_DEMONSTRATION,101,101,ct_ff41044d0b7080,부산,동부산테마노선,TC02,0.565685424949238,56.568542494923804,0.8,45.254833995939045,11.313708498984761,0.0,0.0,0.0,33.941125496954285,False
DEMO_BALANCED,SYNTHETIC_DEMONSTRATION,102,102,ct_6df930eb64d3ad,세종,세종관광명소A투어,TC06,0.5423261445466404,54.23261445466404,0.8333333333333333,45.19384537888669,0.0,36.15507630310936,9.03876907577734,0.0,0.0,False
DEMO_BALANCED,SYNTHETIC_DEMONSTRATION,103,103,ct_a7d1b6cc26e056,안산,대부도 뱃길코스(일반형 1코스),TC02,0.5262348115842175,52.62348115842175,0.8571428571428572,45.105840992932926,0.0,7.517640165488822,0.0,0.0,37.58820082744411,False
DEMO_BALANCED,SYNTHETIC_DEMONSTRATION,104,104,ct_6bfb1cb10f19bb,천안,목요일,TC07,0.6,60.0,0.75,45.0,30.0,15.0,0.0,0.0,0.0,False
DEMO_BALANCED,SYNTHETIC_DEMONSTRATION,104,105,ct_e4444e050c482f,천안,일요일,TC04,0.6,60.0,0.75,45.0,0.0,0.0,30.0,15.0,0.0,False
DEMO_BALANCED,SYNTHETIC_DEMONSTRATION,104,106,ct_fa87b733ddf357,아산,아산도심핫플코스,TC07,0.6,60.0,0.75,45.0,30.0,15.0,0.0,0.0,0.0,False
DEMO_BALANCED,SYNTHETIC_DEMONSTRATION,107,107,ct_4212deac479d6b,세종,역사문화투어,TC07,0.4472135954999579,44.721359549995796,1.0,44.721359549995796,44.721359549995796,0.0,0.0,0.0,0.0,False
DEMO_BALANCED,SYNTHETIC_DEMONSTRATION,107,108,ct_73908901775f5c,익산,세계유산코스,TC07,0.4472135954999579,44.721359549995796,1.0,44.721359549995796,44.721359549995796,0.0,0.0,0.0,0.0,False
DEMO_BALANCED,SYNTHETIC_DEMONSTRATION,107,109,ct_f0549cce13f623,대전,힐링(만인산),TC06,0.4472135954999579,44.721359549995796,1.0,44.721359549995796,0.0,44.721359549995796,0.0,0.0,0.0,False
DEMO_BALANCED,SYNTHETIC_DEMONSTRATION,107,110,ct_f55bded1011de2,대전,언택트세이프?,TC06,0.4472135954999579,44.721359549995796,1.0,44.721359549995796,0.0,44.721359549995796,0.0,0.0,0.0,False
DEMO_BALANCED,SYNTHETIC_DEMONSTRATION,111,111,ct_49fb403c953735,광양,광양역사코스,TC05,0.7627700713964739,76.2770071396474,0.5714285714285714,43.58686122265565,21.793430611327825,5.448357652831956,0.0,5.448357652831956,10.896715305663912,False
DEMO_BALANCED,SYNTHETIC_DEMONSTRATION,112,112,ct_037c18bb42946f,세종,천안연계투어,TC06,0.6324555320336758,63.24555320336758,0.6666666666666666,42.16370213557838,21.08185106778919,21.08185106778919,0.0,0.0,0.0,False
DEMO_BALANCED,SYNTHETIC_DEMONSTRATION,112,113,ct_0946c67481033f,세종,행복투어B,TC04,0.6324555320336758,63.24555320336758,0.6666666666666666,42.16370213557838,0.0,21.08185106778919,21.08185106778919,0.0,0.0,False
DEMO_BALANCED,SYNTHETIC_DEMONSTRATION,112,114,ct_1a59c2f3801f38,대전,역사문화(효월드),TC07,0.6324555320336758,63.24555320336758,0.6666666666666666,42.16370213557838,21.08185106778919,0.0,21.08185106778919,0.0,0.0,False
DEMO_BALANCED,SYNTHETIC_DEMONSTRATION,112,115,ct_1b0e0fd1157aaa,아산,休캉스 코스,TC06,0.6324555320336758,63.24555320336758,0.6666666666666666,42.16370213557838,21.08185106778919,21.08185106778919,0.0,0.0,0.0,False
DEMO_BALANCED,SYNTHETIC_DEMONSTRATION,112,116,ct_1d32ffebd246d5,홍성,"전통시장코스(홍성) 1,6일 운영",TC07,0.6324555320336758,63.24555320336758,0.6666666666666666,42.16370213557838,21.08185106778919,0.0,0.0,21.08185106778919,0.0,False
DEMO_BALANCED,SYNTHETIC_DEMONSTRATION,112,117,ct_3e1bfccd397508,세종,봄꽃파닭A투어,TC01,0.6324555320336758,63.24555320336758,0.6666666666666666,42.16370213557838,0.0,21.08185106778919,0.0,21.08185106778919,0.0,False
DEMO_BALANCED,SYNTHETIC_DEMONSTRATION,112,118,ct_7d1c2151bda037,순천,(테마투어)세계유산투어,TC07,0.6324555320336758,63.24555320336758,0.6666666666666666,42.16370213557838,21.08185106778919,0.0,21.08185106778919,0.0,0.0,False
DEMO_BALANCED,SYNTHETIC_DEMONSTRATION,112,119,ct_a8b6f564bf7384,세종,봄꽃파닭B투어,TC01,0.6324555320336758,63.24555320336758,0.6666666666666666,42.16370213557838,0.0,21.08185106778919,0.0,21.08185106778919,0.0,False
DEMO_BALANCED,SYNTHETIC_DEMONSTRATION,112,120,ct_a98893fa363590,양산,봄꽃체험코스,TC01,0.6324555320336758,63.24555320336758,0.6666666666666666,42.16370213557838,0.0,21.08185106778919,0.0,21.08185106778919,0.0,False
DEMO_BALANCED,SYNTHETIC_DEMONSTRATION,112,121,ct_c3ec7bb154c2c1,대전,언택트세이프(B),TC04,0.6324555320336758,63.24555320336758,0.6666666666666666,42.16370213557838,0.0,21.08185106778919,21.08185106778919,0.0,0.0,False
DEMO_BALANCED,SYNTHETIC_DEMONSTRATION,112,122,ct_c825dbc2a63555,파주,2026 파주시티투어 1박2일코스(토요일~일요일),TC07,0.6324555320336758,63.24555320336758,0.6666666666666666,42.16370213557838,21.08185106778919,0.0,21.08185106778919,0.0,0.0,False
DEMO_BALANCED,SYNTHETIC_DEMONSTRATION,112,123,ct_ca13864967c1fb,세종,세종관광명소B투어,TC01,0.6324555320336758,63.24555320336758,0.6666666666666666,42.16370213557838,0.0,21.08185106778919,0.0,21.08185106778919,0.0,False
DEMO_BALANCED,SYNTHETIC_DEMONSTRATION,112,124,ct_f534f220e539af,파주,2026 파주시티투어 당일코스(일요일),TC06,0.6324555320336758,63.24555320336758,0.6666666666666666,42.16370213557838,21.08185106778919,21.08185106778919,0.0,0.0,0.0,False
DEMO_BALANCED,SYNTHETIC_DEMONSTRATION,112,125,ct_f558345dd00dbf,아산,역사기행 코스,TC06,0.6324555320336758,63.24555320336758,0.6666666666666666,42.16370213557838,21.08185106778919,21.08185106778919,0.0,0.0,0.0,False
DEMO_BALANCED,SYNTHETIC_DEMONSTRATION,126,126,ct_ba3c89379bf8c1,서천,금빛코스,TC05,0.7302967433402214,73.02967433402215,0.5714285714285714,41.73124247658408,10.43281061914602,20.86562123829204,10.43281061914602,0.0,0.0,False
DEMO_BALANCED,SYNTHETIC_DEMONSTRATION,127,127,ct_b8b6f8a37ebdf8,사천,별빛투어,TC03,0.7016464154456235,70.16464154456234,0.5714285714285714,40.09408088260705,5.0117601103258815,3.3411734068839207,8.352933517209802,0.0,23.388213848187444,False
DEMO_BALANCED,SYNTHETIC_DEMONSTRATION,128,128,ct_c93b13bf48e761,영주,물돌이 코스,TC05,0.7745966692414833,77.45966692414832,0.5,38.72983346207416,12.909944487358056,12.909944487358056,0.0,12.909944487358056,0.0,False
DEMO_BALANCED,SYNTHETIC_DEMONSTRATION,129,129,ct_a70933018dfe45,여수,이순신문화유적코스,TC07,0.4472135954999579,44.721359549995796,0.8571428571428571,38.3325938999964,38.3325938999964,0.0,0.0,0.0,0.0,False
DEMO_BALANCED,SYNTHETIC_DEMONSTRATION,130,130,ct_caab077d4954a7,김해,역사에반해,TC07,0.4472135954999579,44.721359549995796,0.8333333333333334,37.2677996249965,37.2677996249965,0.0,0.0,0.0,0.0,False
DEMO_BALANCED,SYNTHETIC_DEMONSTRATION,131,131,ct_18935ddc8bc32f,사천,오감체험투어,TC04,0.7302967433402215,73.02967433402216,0.5,36.51483716701108,9.12870929175277,0.0,18.25741858350554,0.0,9.12870929175277,False
DEMO_BALANCED,SYNTHETIC_DEMONSTRATION,132,132,ct_d1e99a0d119f73,밀양,시내권 투어 1,TC05,0.6324555320336759,63.245553203367585,0.5714285714285714,36.140316116210045,18.070158058105022,18.070158058105022,0.0,0.0,0.0,False
DEMO_BALANCED,SYNTHETIC_DEMONSTRATION,133,133,ct_3ed5105d35b251,서산,A코스,TC07,0.6,60.0,0.6000000000000001,36.00000000000001,24.000000000000004,0.0,12.000000000000002,0.0,0.0,False
DEMO_BALANCED,SYNTHETIC_DEMONSTRATION,133,134,ct_bd00bd65a80b11,연천,역사자연코스,TC06,0.6,60.0,0.6000000000000001,36.00000000000001,12.000000000000002,24.000000000000004,0.0,0.0,0.0,False
DEMO_BALANCED,SYNTHETIC_DEMONSTRATION,135,135,ct_506425657ddce1,완주,완주힐링로드 시티투어(서울권역),TC07,0.7171371656006362,71.71371656006362,0.5,35.85685828003181,17.928429140015904,5.976143046671968,11.952286093343936,0.0,0.0,False
DEMO_BALANCED,SYNTHETIC_DEMONSTRATION,135,136,ct_b97fea5cc3f414,광양,광양힐링코스,TC07,0.7171371656006362,71.71371656006362,0.5,35.85685828003181,17.928429140015904,5.976143046671968,0.0,11.952286093343936,0.0,False
DEMO_BALANCED,SYNTHETIC_DEMONSTRATION,137,137,ct_83465bf3a690f2,여수,야간테마코스(시간을달리는버스커),TC03,0.6324555320336759,63.245553203367585,0.5555555555555556,35.136418446315325,0.0,17.568209223157663,0.0,0.0,17.568209223157663,False
DEMO_BALANCED,SYNTHETIC_DEMONSTRATION,138,138,ct_23c35eeaf17398,곡성,읍권 순환버스,TC05,0.7016464154456235,70.16464154456234,0.5,35.08232077228117,13.15587028960544,0.0,0.0,4.3852900965351465,17.541160386140586,False
DEMO_BALANCED,SYNTHETIC_DEMONSTRATION,139,139,ct_6be92119035c7f,영광,"영광쉼,투어",TC05,0.6201736729460423,62.01736729460423,0.5555555555555556,34.454092941446795,13.781637176578718,20.672455764868076,0.0,0.0,0.0,False
DEMO_BALANCED,SYNTHETIC_DEMONSTRATION,140,140,ct_82e2c317c54d7e,양주,역사투어,TC07,0.4472135954999579,44.721359549995796,0.75,33.54101966249685,33.54101966249685,0.0,0.0,0.0,0.0,False
DEMO_BALANCED,SYNTHETIC_DEMONSTRATION,140,141,ct_e4521f5325216f,양주,박물관투어,TC07,0.4472135954999579,44.721359549995796,0.75,33.54101966249685,33.54101966249685,0.0,0.0,0.0,0.0,False
DEMO_BALANCED,SYNTHETIC_DEMONSTRATION,142,142,ct_820bca31911e89,완주,완주힐링로드시티투어 1코스,TC07,0.565685424949238,56.568542494923804,0.5714285714285714,32.324881425670746,24.243661069253058,0.0,8.081220356417687,0.0,0.0,False
DEMO_BALANCED,SYNTHETIC_DEMONSTRATION,142,143,ct_da6b197f9d64eb,대구,테마-방방곡곡(사시사철),TC06,0.565685424949238,56.568542494923804,0.5714285714285714,32.324881425670746,8.081220356417687,24.243661069253058,0.0,0.0,0.0,False
DEMO_BALANCED,SYNTHETIC_DEMONSTRATION,144,144,ct_14b70a907c3324,안산,대부도 해변코스(일반형 1코스),TC02,0.6324555320336758,63.24555320336758,0.5,31.62277660168379,0.0,15.811388300841895,0.0,0.0,15.811388300841895,False
DEMO_BALANCED,SYNTHETIC_DEMONSTRATION,144,145,ct_452018aaa6c847,춘천,화요일,TC06,0.6324555320336758,63.24555320336758,0.5,31.62277660168379,15.811388300841895,15.811388300841895,0.0,0.0,0.0,False
DEMO_BALANCED,SYNTHETIC_DEMONSTRATION,144,146,ct_516add9e1cef4a,정선,와와정선 2층 투어버스,TC01,0.6324555320336758,63.24555320336758,0.5,31.62277660168379,0.0,0.0,15.811388300841895,15.811388300841895,0.0,False
DEMO_BALANCED,SYNTHETIC_DEMONSTRATION,144,147,ct_566165b1b827e0,천안,토요일,TC06,0.6324555320336758,63.24555320336758,0.5,31.62277660168379,15.811388300841895,15.811388300841895,0.0,0.0,0.0,False
DEMO_BALANCED,SYNTHETIC_DEMONSTRATION,144,148,ct_68d8eff6357673,양구,해안DMZ트래킹 코스,TC04,0.6324555320336758,63.24555320336758,0.5,31.62277660168379,0.0,15.811388300841895,15.811388300841895,0.0,0.0,False
DEMO_BALANCED,SYNTHETIC_DEMONSTRATION,144,149,ct_7799bf62ca5138,대전,"광역투어(둘째주, 토)",TC06,0.6324555320336758,63.24555320336758,0.5,31.62277660168379,15.811388300841895,15.811388300841895,0.0,0.0,0.0,False
DEMO_BALANCED,SYNTHETIC_DEMONSTRATION,144,150,ct_b75e8d4cf1e318,대구,테마(야경 11~3월),TC03,0.6324555320336758,63.24555320336758,0.5,31.62277660168379,0.0,15.811388300841895,15.811388300841895,0.0,0.0,False
DEMO_BALANCED,SYNTHETIC_DEMONSTRATION,144,151,ct_c722d90ff66eb2,홍성,"전통시장코스(광천) 4,9일 운영",TC01,0.6324555320336758,63.24555320336758,0.5,31.62277660168379,0.0,15.811388300841895,0.0,15.811388300841895,0.0,False
DEMO_BALANCED,SYNTHETIC_DEMONSTRATION,144,152,ct_ec6acb453717fd,안산,대부도 해변코스(일반형 2코스),TC02,0.6324555320336758,63.24555320336758,0.5,31.62277660168379,0.0,15.811388300841895,0.0,0.0,15.811388300841895,False
DEMO_BALANCED,SYNTHETIC_DEMONSTRATION,144,153,ct_ed3a5516a8c6ca,연천,안보자연코스,TC04,0.6324555320336758,63.24555320336758,0.5,31.62277660168379,0.0,15.811388300841895,15.811388300841895,0.0,0.0,False
DEMO_BALANCED,SYNTHETIC_DEMONSTRATION,144,154,ct_ff36074cae8347,양주,자연친화코스1,TC06,0.6324555320336758,63.24555320336758,0.5,31.62277660168379,15.811388300841895,15.811388300841895,0.0,0.0,0.0,False
DEMO_BALANCED,SYNTHETIC_DEMONSTRATION,155,155,ct_1fe72a79d47a7f,서울,EG투어버스 E코스,TC07,0.6,60.0,0.5,30.0,20.0,0.0,0.0,10.0,0.0,False
DEMO_BALANCED,SYNTHETIC_DEMONSTRATION,155,156,ct_40252d247000a5,안동,야간도심테마,TC03,0.6,60.0,0.5,30.0,10.0,20.0,0.0,0.0,0.0,False
DEMO_BALANCED,SYNTHETIC_DEMONSTRATION,155,157,ct_572b4d8191127a,영주,선비 코스,TC07,0.6,60.0,0.5,30.0,20.0,0.0,0.0,10.0,0.0,False
DEMO_BALANCED,SYNTHETIC_DEMONSTRATION,155,158,ct_8de53de429d379,포항,퐝순환코스,TC01,0.6,60.0,0.5,30.0,0.0,0.0,0.0,20.0,10.0,False
DEMO_BALANCED,SYNTHETIC_DEMONSTRATION,155,159,ct_c68da356b898d6,여주,꽃섬투어,TC02,0.6,60.0,0.5,30.0,0.0,0.0,10.0,0.0,20.0,False
DEMO_BALANCED,SYNTHETIC_DEMONSTRATION,160,160,ct_008becedc70ab4,인천,무의도투어,TC02,0.4472135954999579,44.721359549995796,0.6666666666666666,29.814239699997195,0.0,0.0,0.0,0.0,29.814239699997195,False
DEMO_BALANCED,SYNTHETIC_DEMONSTRATION,160,161,ct_30fd00f9cfda89,인천,선재영흥투어,TC02,0.4472135954999579,44.721359549995796,0.6666666666666666,29.814239699997195,0.0,0.0,0.0,0.0,29.814239699997195,False
DEMO_BALANCED,SYNTHETIC_DEMONSTRATION,160,162,ct_5997fa12423936,대전,언택트세이프(A),TC06,0.4472135954999579,44.721359549995796,0.6666666666666666,29.814239699997195,0.0,29.814239699997195,0.0,0.0,0.0,False
DEMO_BALANCED,SYNTHETIC_DEMONSTRATION,160,163,ct_95906ed6ab2982,이천,농촌체험코스(남부),TC04,0.4472135954999579,44.721359549995796,0.6666666666666666,29.814239699997195,0.0,0.0,29.814239699997195,0.0,0.0,False
DEMO_BALANCED,SYNTHETIC_DEMONSTRATION,160,164,ct_9f8a8ca65b1ebb,파주,2026 파주시티투어 당일코스(토요일),TC07,0.4472135954999579,44.721359549995796,0.6666666666666666,29.814239699997195,29.814239699997195,0.0,0.0,0.0,0.0,False
DEMO_BALANCED,SYNTHETIC_DEMONSTRATION,160,165,ct_ba06e511559567,홍성,역사·문화 코스,TC07,0.4472135954999579,44.721359549995796,0.6666666666666666,29.814239699997195,29.814239699997195,0.0,0.0,0.0,0.0,False
DEMO_BALANCED,SYNTHETIC_DEMONSTRATION,160,166,ct_f48a1e387a5d08,이천,농촌체험코스(중부),TC04,0.4472135954999579,44.721359549995796,0.6666666666666666,29.814239699997195,0.0,0.0,29.814239699997195,0.0,0.0,False
DEMO_BALANCED,SYNTHETIC_DEMONSTRATION,167,167,ct_36cdd5661df6fd,봉화,송이축제 문화유적탐방버스,TC06,0.565685424949238,56.568542494923804,0.5,28.284271247461902,0.0,21.213203435596427,7.0710678118654755,0.0,0.0,False
DEMO_BALANCED,SYNTHETIC_DEMONSTRATION,167,168,ct_658464b2619d71,양주,천일홍축제,TC07,0.565685424949238,56.568542494923804,0.5,28.284271247461902,21.213203435596427,7.0710678118654755,0.0,0.0,0.0,False
DEMO_BALANCED,SYNTHETIC_DEMONSTRATION,167,169,ct_69c07f148cbc8b,봉화,은어축제 문화유적탐방버스,TC06,0.565685424949238,56.568542494923804,0.5,28.284271247461902,0.0,21.213203435596427,7.0710678118654755,0.0,0.0,False
DEMO_BALANCED,SYNTHETIC_DEMONSTRATION,167,170,ct_a7f13a177e5633,여수,제2코스,TC05,0.565685424949238,56.568542494923804,0.5,28.284271247461902,0.0,21.213203435596427,7.0710678118654755,0.0,0.0,False
DEMO_BALANCED,SYNTHETIC_DEMONSTRATION,167,171,ct_c4d1ab4265b00c,양주,왕실축제,TC07,0.565685424949238,56.568542494923804,0.5,28.284271247461902,21.213203435596427,7.0710678118654755,0.0,0.0,0.0,False
DEMO_BALANCED,SYNTHETIC_DEMONSTRATION,172,172,ct_104171b078b959,공주,가을코스,TC07,0.4472135954999579,44.721359549995796,0.6,26.832815729997478,26.832815729997478,0.0,0.0,0.0,0.0,False
DEMO_BALANCED,SYNTHETIC_DEMONSTRATION,172,173,ct_82edd01ea220e6,화순,화순적벽 버스투어(적벽 셔틀버스),TC06,0.4472135954999579,44.721359549995796,0.6,26.832815729997478,0.0,26.832815729997478,0.0,0.0,0.0,False
DEMO_BALANCED,SYNTHETIC_DEMONSTRATION,174,174,ct_5082aae98cb9d3,부산,야경투어,TC03,0.4472135954999579,44.721359549995796,0.5,22.360679774997898,0.0,0.0,0.0,0.0,22.360679774997898,False
DEMO_BALANCED,SYNTHETIC_DEMONSTRATION,174,175,ct_661e12e8488117,대전,힐링(장태산),TC06,0.4472135954999579,44.721359549995796,0.5,22.360679774997898,0.0,22.360679774997898,0.0,0.0,0.0,False
DEMO_BALANCED,SYNTHETIC_DEMONSTRATION,174,176,ct_c543fc703f1159,익산,순환형1,TC07,0.4472135954999579,44.721359549995796,0.5,22.360679774997898,22.360679774997898,0.0,0.0,0.0,0.0,False
DEMO_BALANCED,SYNTHETIC_DEMONSTRATION,174,177,ct_c59f7d050e72e0,대전,생태교육,TC07,0.4472135954999579,44.721359549995796,0.5,22.360679774997898,22.360679774997898,0.0,0.0,0.0,0.0,False
DEMO_BALANCED,SYNTHETIC_DEMONSTRATION,174,178,ct_cec518ee1213c1,양주,서울우유견학코스,TC07,0.4472135954999579,44.721359549995796,0.5,22.360679774997898,22.360679774997898,0.0,0.0,0.0,0.0,False
DEMO_BALANCED,SYNTHETIC_DEMONSTRATION,174,179,ct_f8bd00d4bc40b3,순천,(기획투어)나이트가든투어,TC03,0.4472135954999579,44.721359549995796,0.5,22.360679774997898,0.0,22.360679774997898,0.0,0.0,0.0,False
