place_id,region_name,place_name,name_en,category,lat,lon,base_minutes,hours_raw,coordinate_source,badge_unesco,badge_top100,badge_accessible,has_video,citytour_added,eligible_cluster,exclusion_reason,verified_drama,verified_film,verified_variety,verified_music,source_commit
kd1,서울,낙산공원 성곽길,Naksan Park City Wall,herit,37.58,127.0075,70,상시 개방 · 무료 · 02-743-7985,종로구 낙산길 41 주소 기반 좌표,0,0,0,1,0,1,,,,,,96db458ed63b3e34a1c3d63a8ad444ea67ab6b77
kd2,서울,북촌한옥마을,Bukchon Hanok Village,herit,37.5826,126.985,90,상시 개방 · 주민 거주 구역 17:00 이후 관람 제한,종로구 계동길 일대 주소 기반 좌표,0,0,0,1,0,1,,,,,,96db458ed63b3e34a1c3d63a8ad444ea67ab6b77
kd3,서울,명동거리,Myeongdong Street,food,37.5636,126.985,110,상점 10:30–22:00 · 노점 17:00 이후,중구 명동8길 일대 주소 기반 좌표,0,0,0,1,0,1,,,,,,96db458ed63b3e34a1c3d63a8ad444ea67ab6b77
kd4,서울,남산서울타워,N Seoul Tower,activity,37.5512,126.9882,120,"10:30–23:00 · 전망대 어른 21,000원 · 02-3455-9277",용산구 남산공원길 105 주소 기반 좌표,0,0,0,1,0,1,,,,,,96db458ed63b3e34a1c3d63a8ad444ea67ab6b77
kd5,서울,롯데월드타워 서울스카이,Lotte World Tower Seoul Sky,activity,37.5125,127.1025,120,"10:00–22:00 · 전망대 어른 29,000원 · 1661-2000",송파구 올림픽로 300 주소 기반 좌표,0,0,0,1,0,1,,,,,,96db458ed63b3e34a1c3d63a8ad444ea67ab6b77
kd6,서울,서울올림픽주경기장,Seoul Olympic Stadium,activity,37.5159,127.0728,80,외부 상시 · 내부는 행사일에 따름,송파구 올림픽로 25 주소 기반 좌표,0,0,0,1,0,1,,,,,,96db458ed63b3e34a1c3d63a8ad444ea67ab6b77
kd7,서울,청담대교 · 자양역,Cheongdam Bridge & Jayang Stn,heal,37.5343,127.0678,40,상시,광진구 자양동 7호선 자양역 주소 기반 좌표,0,0,0,1,0,1,,,,,,96db458ed63b3e34a1c3d63a8ad444ea67ab6b77
kd8,서울,K-POP SQUARE (삼성역 전광판),K-POP SQUARE Media,activity,37.5115,127.0595,40,상시 · 영상 10:00–23:00,강남구 영동대로 513 코엑스 주소 기반 좌표,0,0,0,1,0,1,,,,,,96db458ed63b3e34a1c3d63a8ad444ea67ab6b77
kd9,서울,서울한방진흥센터,Seoul Oriental Medicine Center,heal,37.5825,127.0374,70,10:00–18:00 · 월요일 휴관 · 02-969-9241,동대문구 약령중앙로 26 주소 기반 좌표,0,0,0,1,0,1,,,,,,96db458ed63b3e34a1c3d63a8ad444ea67ab6b77
kd10,서울,경복궁,Gyeongbokgung Palace,herit,37.5796,126.977,100,"09:00–18:00 · 화요일 휴궁 · 어른 3,000원 · 02-3700-3900",종로구 사직로 161 주소 기반 좌표,0,0,0,1,0,1,,,,,,96db458ed63b3e34a1c3d63a8ad444ea67ab6b77
kd11,서울,뚝섬한강공원,Ttukseom Hangang Park,heal,37.5295,127.07,80,상시 개방 · 무료,광진구 강변북로 139 주소 기반 좌표,0,0,0,1,0,1,,,,,,96db458ed63b3e34a1c3d63a8ad444ea67ab6b77
kdx1,서울,창덕궁,Changdeokgung Palace,herit,37.5794,126.991,110,"09:00–18:00 · 월요일 휴궁 · 어른 3,000원 · 후원 별도",종로구 율곡로 99 주소 기반 좌표,1,0,0,0,0,1,,,,,,96db458ed63b3e34a1c3d63a8ad444ea67ab6b77
kdx2,서울,광화문광장,Gwanghwamun Square,herit,37.5725,126.9769,50,상시 개방 · 무료,종로구 세종대로 172 주소 기반 좌표,0,1,0,0,0,1,,,,,,96db458ed63b3e34a1c3d63a8ad444ea67ab6b77
kdx3,서울,삼청동길,Samcheong-dong,food,37.5828,126.9817,90,상점 11:00–21:00,종로구 삼청로 일대 주소 기반 좌표,0,0,0,0,0,1,,,,,,96db458ed63b3e34a1c3d63a8ad444ea67ab6b77
kdx4,서울,익선동 한옥거리,Ikseon-dong,food,37.5735,126.9903,80,상점 11:00–23:00,종로구 수표로28길 주소 기반 좌표,0,0,0,0,0,1,,,,,,96db458ed63b3e34a1c3d63a8ad444ea67ab6b77
kdx5,서울,인사동,Insa-dong,food,37.574,126.9856,70,상점 10:00–21:00,종로구 인사동길 주소 기반 좌표,0,0,0,0,0,1,,,,,,96db458ed63b3e34a1c3d63a8ad444ea67ab6b77
kdx6,서울,국립중앙박물관,National Museum of Korea,herit,37.524,126.9803,150,10:00–18:00 · 상설전시 무료 · 02-2077-9000,용산구 서빙고로 137 주소 기반 좌표,0,1,0,0,0,1,,,,,,96db458ed63b3e34a1c3d63a8ad444ea67ab6b77
kdx7,서울,흥인지문 · 한양도성,Heunginjimun & City Wall,herit,37.5712,127.0094,50,상시 개방 · 무료,종로구 종로 288 주소 기반 좌표,0,0,0,0,0,1,,,,,,96db458ed63b3e34a1c3d63a8ad444ea67ab6b77
kdx8,서울,성수동 카페거리,Seongsu Cafe Street,food,37.5445,127.0557,100,상점 11:00–22:00,성동구 연무장길 주소 기반 좌표,0,0,0,0,0,1,,,,,,96db458ed63b3e34a1c3d63a8ad444ea67ab6b77
kdx9,서울,코엑스 별마당도서관,Starfield Library COEX,activity,37.5126,127.0589,50,10:30–22:00 · 무료,강남구 영동대로 513 주소 기반 좌표,0,0,0,0,0,1,,,,,,96db458ed63b3e34a1c3d63a8ad444ea67ab6b77
kdx10,서울,서울약령시 한의약박물관,Seoul Yangnyeongsi Herb Museum,heal,37.583,127.0382,50,10:00–18:00 · 월요일 휴관 · 무료,동대문구 약령중앙로 26 주소 기반 좌표,0,0,0,0,0,1,,,,,,96db458ed63b3e34a1c3d63a8ad444ea67ab6b77
kdx11,서울,잠실 롯데월드 어드벤처,Lotte World Adventure,activity,37.5111,127.098,300,"10:00–21:00 · 종일권 어른 62,000원",송파구 올림픽로 240 주소 기반 좌표,0,0,0,0,0,1,,,,,,96db458ed63b3e34a1c3d63a8ad444ea67ab6b77
kdx12,서울,반포한강공원 달빛무지개분수,Banpo Moonlight Rainbow Fountain,heal,37.5106,126.9955,60,분수 4–10월 야간 20:00·20:30·21:00,서초구 신반포로11길 40 주소 기반 좌표,0,0,0,0,0,1,,,,,,96db458ed63b3e34a1c3d63a8ad444ea67ab6b77
kdx13,서울,덕수궁 돌담길,Deoksugung Doldam-gil,herit,37.5658,126.9751,60,"궁 09:00–21:00 · 어른 1,000원 · 돌담길 상시",중구 세종대로 99 주소 기반 좌표,0,0,0,0,0,1,,,,,,96db458ed63b3e34a1c3d63a8ad444ea67ab6b77
kdx14,서울,종묘,Jongmyo Shrine,herit,37.5747,126.9944,80,"09:00–18:00 · 화요일 휴무 · 시간제 관람 · 어른 1,000원",종로구 종로 157 주소 기반 좌표,1,0,0,0,0,1,,,,,,96db458ed63b3e34a1c3d63a8ad444ea67ab6b77
kdx15,서울,운현궁,Unhyeongung,herit,37.5747,126.9857,50,09:00–18:00 · 월요일 휴무 · 무료,종로구 삼일대로 464 주소 기반 좌표,0,0,0,0,0,1,,,,,,96db458ed63b3e34a1c3d63a8ad444ea67ab6b77
kdx16,서울,동대문디자인플라자,Dongdaemun Design Plaza,activity,37.5665,127.0092,80,10:00–20:00 · 외부 상시,중구 을지로 281 주소 기반 좌표,0,0,0,0,0,1,,,,,,96db458ed63b3e34a1c3d63a8ad444ea67ab6b77
kdx17,서울,광장시장,Gwangjang Market,food,37.5701,126.9997,70,09:00–23:00 · 점포별 상이,종로구 창경궁로 88 주소 기반 좌표,0,0,0,0,0,1,,,,,,96db458ed63b3e34a1c3d63a8ad444ea67ab6b77
kdx18,서울,청계천,Cheonggyecheon,heal,37.5696,126.9784,60,상시 개방 · 무료,종로구 청계천로 주소 기반 좌표,0,1,0,0,0,1,,,,,,96db458ed63b3e34a1c3d63a8ad444ea67ab6b77
kdx19,서울,서울로7017,Seoullo 7017,heal,37.5561,126.9723,50,상시 개방 · 무료,중구 청파로 432 주소 기반 좌표,0,0,0,0,0,1,,,,,,96db458ed63b3e34a1c3d63a8ad444ea67ab6b77
kdx20,서울,남대문시장,Namdaemun Market,food,37.5591,126.9773,70,08:30–18:00 · 일부 야간,중구 남대문시장4길 21 주소 기반 좌표,0,0,0,0,0,1,,,,,,96db458ed63b3e34a1c3d63a8ad444ea67ab6b77
kdx21,서울,경리단길,Gyeongnidan-gil,food,37.5405,126.9895,80,상점 12:00–24:00,용산구 회나무로 주소 기반 좌표,0,0,0,0,0,1,,,,,,96db458ed63b3e34a1c3d63a8ad444ea67ab6b77
kdx22,서울,홍대거리,Hongdae Street,food,37.5556,126.9236,90,상시 · 버스킹 저녁,마포구 어울마당로 주소 기반 좌표,0,1,0,0,0,1,,,,,,96db458ed63b3e34a1c3d63a8ad444ea67ab6b77
kdx23,서울,연남동 경의선숲길,Yeonnam Gyeongui Line Park,heal,37.5606,126.9256,70,상시 개방 · 무료,마포구 연남동 주소 기반 좌표,0,0,0,0,0,1,,,,,,96db458ed63b3e34a1c3d63a8ad444ea67ab6b77
kdx24,서울,여의도 한강공원,Yeouido Hangang Park,heal,37.5285,126.9337,80,상시 개방 · 무료,영등포구 여의동로 330 주소 기반 좌표,0,1,0,0,0,1,,,,,,96db458ed63b3e34a1c3d63a8ad444ea67ab6b77
kdx25,서울,노들섬,Nodeul Island,activity,37.5176,126.9583,60,10:00–22:00 · 무료,용산구 양녕로 445 주소 기반 좌표,0,0,0,0,0,1,,,,,,96db458ed63b3e34a1c3d63a8ad444ea67ab6b77
kdx26,서울,서울숲,Seoul Forest,heal,37.5444,127.0374,90,상시 개방 · 무료,성동구 뚝섬로 273 주소 기반 좌표,0,1,0,0,0,1,,,,,,96db458ed63b3e34a1c3d63a8ad444ea67ab6b77
kdx27,서울,건대입구 거리,Konkuk Univ. Stn. Street,food,37.5405,127.07,90,상시 · 상점별 상이,광진구 능동로 지하철 건대입구역 일대 주소 기반 좌표,0,0,0,0,0,1,,,,,,96db458ed63b3e34a1c3d63a8ad444ea67ab6b77
kdx28,서울,서울어린이대공원,Seoul Children's Grand Park,heal,37.5495,127.0815,90,05:00–22:00 · 무료,광진구 능동로 216 주소 기반 좌표,0,0,0,0,0,1,,,,,,96db458ed63b3e34a1c3d63a8ad444ea67ab6b77
kdx29,서울,석촌호수,Seokchon Lake,heal,37.5088,127.1024,60,상시 개방 · 무료,송파구 삼학사로 136 주소 기반 좌표,0,1,0,0,0,1,,,,,,96db458ed63b3e34a1c3d63a8ad444ea67ab6b77
kdx30,서울,올림픽공원,Olympic Park,heal,37.5202,127.1215,90,상시 개방 · 무료,송파구 올림픽로 424 주소 기반 좌표,0,0,0,0,0,1,,,,,,96db458ed63b3e34a1c3d63a8ad444ea67ab6b77
kdx31,서울,가로수길,Garosu-gil,food,37.5209,127.0227,70,상점 11:00–22:00,강남구 신사동 주소 기반 좌표,0,0,0,0,0,1,,,,,,96db458ed63b3e34a1c3d63a8ad444ea67ab6b77
kdx32,서울,봉은사,Bongeunsa Temple,herit,37.5148,127.0577,60,05:00–22:00 · 무료 · 02-3218-4800,강남구 봉은사로 531 주소 기반 좌표,0,0,0,0,0,1,,,,,,96db458ed63b3e34a1c3d63a8ad444ea67ab6b77
kdx33,서울,선릉·정릉,Seonjeongneung,herit,37.5089,127.0492,60,"06:00–21:00 · 어른 1,000원",강남구 선릉로100길 1 주소 기반 좌표,1,0,0,0,0,1,,,,,,96db458ed63b3e34a1c3d63a8ad444ea67ab6b77
kdx34,서울,국립민속박물관,National Folk Museum,herit,37.5814,126.9793,80,09:00–18:00 · 무료 · 02-3704-3114,종로구 삼청로 37 주소 기반 좌표,0,0,0,0,0,1,,,,,,96db458ed63b3e34a1c3d63a8ad444ea67ab6b77
kdx35,서울,북악스카이웨이 팔각정,Bugaksan Skyway Pavilion,heal,37.6013,126.9814,50,상시 개방 · 무료,종로구 북악산로 267 주소 기반 좌표,0,0,0,0,0,1,,,,,,96db458ed63b3e34a1c3d63a8ad444ea67ab6b77
kdx36,서울,통인시장,Tongin Market,food,37.5808,126.9704,50,07:00–18:00 · 일부 월요일 휴무,종로구 자하문로15길 18 주소 기반 좌표,0,0,0,0,0,1,,,,,,96db458ed63b3e34a1c3d63a8ad444ea67ab6b77
kdx37,서울,서촌,Seochon,food,37.5789,126.9711,70,상점 11:00–21:00,종로구 필운대로 주소 기반 좌표,0,1,0,0,0,1,,,,,,96db458ed63b3e34a1c3d63a8ad444ea67ab6b77
kdx38,서울,국립현대미술관 서울,MMCA Seoul,activity,37.5785,126.98,90,10:00–18:00 · 수·토 21:00 · 02-3701-9500,종로구 삼청로 30 주소 기반 좌표,0,0,0,0,0,1,,,,,,96db458ed63b3e34a1c3d63a8ad444ea67ab6b77
kdx39,서울,노량진 수산시장,Noryangjin Fish Market,food,37.5138,126.9542,70,24시간 · 경매 새벽,동작구 노들로 674 주소 기반 좌표,0,0,0,0,0,1,,,,,,96db458ed63b3e34a1c3d63a8ad444ea67ab6b77
kdx40,서울,하늘공원,Haneul Park,heal,37.5701,126.8827,80,상시 개방 · 무료,마포구 하늘공원로 95 주소 기반 좌표,0,0,0,0,0,1,,,,,,96db458ed63b3e34a1c3d63a8ad444ea67ab6b77
kdx41,서울,선유도공원,Seonyudo Park,heal,37.5443,126.8998,70,06:00–24:00 · 무료,영등포구 선유로 343 주소 기반 좌표,0,0,0,0,0,1,,,,,,96db458ed63b3e34a1c3d63a8ad444ea67ab6b77
kdx42,서울,서울식물원,Seoul Botanic Park,heal,37.5695,126.8348,110,09:30–18:00 · 온실 유료 · 월 휴관,강서구 마곡동로 161 주소 기반 좌표,0,0,0,0,0,1,,,,,,96db458ed63b3e34a1c3d63a8ad444ea67ab6b77
kdx43,서울,예술의전당,Seoul Arts Center,activity,37.4797,127.0114,120,공연·전시 일정별 상이,서초구 남부순환로 2406 주소 기반 좌표,0,0,0,0,0,1,,,,,,96db458ed63b3e34a1c3d63a8ad444ea67ab6b77
kdx44,서울,몽촌토성,Mongchontoseong Fortress,herit,37.5175,127.1145,80,상시 개방 · 무료,송파구 올림픽로 424 올림픽공원 내 좌표,0,0,0,0,0,1,,,,,,96db458ed63b3e34a1c3d63a8ad444ea67ab6b77
kdx45,서울,올림픽홀,Olympic Hall,activity,37.5211,127.116,60,공연 일정별 상이,송파구 올림픽로 424 올림픽공원 내 좌표,0,0,0,0,0,1,,,,,,96db458ed63b3e34a1c3d63a8ad444ea67ab6b77
kdx46,서울,창경궁,Changgyeonggung Palace,herit,37.5785,126.995,80,09:00–21:00 · 월 휴궁 · 유료,종로구 창경궁로 185 주소 기반 좌표,0,0,0,0,0,1,,,,,,96db458ed63b3e34a1c3d63a8ad444ea67ab6b77
kdx47,서울,인사동 문화의거리,Insa-dong Culture Street,food,37.573,126.9855,90,상시 · 상점별 상이,종로구 인사동길 주소 기반 좌표,0,0,0,0,0,1,,,,,,96db458ed63b3e34a1c3d63a8ad444ea67ab6b77
kdx48,서울,서대문형무소역사관,Seodaemun Prison History Hall,herit,37.5745,126.956,90,09:30–18:00 · 월 휴관 · 유료,서대문구 통일로 251 주소 기반 좌표,0,0,0,0,0,1,,,,,,96db458ed63b3e34a1c3d63a8ad444ea67ab6b77
kdx49,서울,독립문,Dongnimmun Gate,herit,37.5725,126.9592,30,상시 개방 · 무료,서대문구 통일로 251 독립공원 내 좌표,0,0,0,0,0,1,,,,,,96db458ed63b3e34a1c3d63a8ad444ea67ab6b77
kdx50,서울,경희궁,Gyeonghuigung Palace,herit,37.5719,126.969,50,09:00–18:00 · 월 휴궁 · 무료,종로구 새문안로 45 주소 기반 좌표,0,0,0,0,0,1,,,,,,96db458ed63b3e34a1c3d63a8ad444ea67ab6b77
kdx51,서울,리움미술관,Leeum Museum of Art,activity,37.5384,126.999,110,10:00–18:00 · 월 휴관 · 상설 무료,용산구 이태원로55길 60-16 주소 기반 좌표,0,0,0,0,0,1,,,,,,96db458ed63b3e34a1c3d63a8ad444ea67ab6b77
kdx52,서울,이태원 거리,Itaewon Street,food,37.5345,126.9946,90,상시 · 상점별 상이,용산구 이태원로 주소 기반 좌표,0,0,0,0,0,1,,,,,,96db458ed63b3e34a1c3d63a8ad444ea67ab6b77
kdx53,서울,혜화동 대학로,"Daehangno, Hyehwa-dong",activity,37.5822,127.002,100,공연 일정별 상이,종로구 대학로 주소 기반 좌표,0,0,0,0,0,1,,,,,,96db458ed63b3e34a1c3d63a8ad444ea67ab6b77
kdx54,서울,서울시립미술관,Seoul Museum of Art,activity,37.564,126.9738,80,10:00–20:00 · 월 휴관 · 무료,중구 덕수궁길 61 주소 기반 좌표,0,0,0,0,0,1,,,,,,96db458ed63b3e34a1c3d63a8ad444ea67ab6b77
kdx55,서울,세종문화회관,Sejong Center,activity,37.5725,126.9758,70,공연 일정별 상이,종로구 세종대로 175 주소 기반 좌표,0,0,0,0,0,1,,,,,,96db458ed63b3e34a1c3d63a8ad444ea67ab6b77
kdx56,서울,국립고궁박물관,National Palace Museum,herit,37.5765,126.974,80,10:00–18:00 · 무료,종로구 효자로 12 주소 기반 좌표,0,0,0,0,0,1,,,,,,96db458ed63b3e34a1c3d63a8ad444ea67ab6b77
kdx57,서울,남산골 한옥마을,Namsangol Hanok Village,herit,37.5592,126.994,70,09:00–21:00 · 화 휴관 · 무료,중구 퇴계로34길 28 주소 기반 좌표,0,0,0,0,0,1,,,,,,96db458ed63b3e34a1c3d63a8ad444ea67ab6b77
kdx58,서울,국립극장,National Theater of Korea,activity,37.5522,127.0053,80,공연 일정별 상이,중구 장충단로 59 주소 기반 좌표,0,0,0,0,0,1,,,,,,96db458ed63b3e34a1c3d63a8ad444ea67ab6b77
kdx59,서울,국회의사당,National Assembly Building,herit,37.532,126.9143,60,평일 관람 · 사전 신청 · 무료,영등포구 의사당대로 1 주소 기반 좌표,0,0,0,0,0,1,,,,,,96db458ed63b3e34a1c3d63a8ad444ea67ab6b77
kdx60,서울,여의도공원,Yeouido Park,heal,37.5262,126.9243,60,상시 개방 · 무료,영등포구 여의공원로 68 주소 기반 좌표,0,0,0,0,0,1,,,,,,96db458ed63b3e34a1c3d63a8ad444ea67ab6b77
kdx61,서울,63빌딩,63 Building,activity,37.5197,126.9403,80,10:00–22:00 · 전망대 유료,영등포구 63로 50 주소 기반 좌표,0,0,0,0,0,1,,,,,,96db458ed63b3e34a1c3d63a8ad444ea67ab6b77
kdx62,서울,신촌 대학가,Sinchon University Area,food,37.5559,126.9368,90,상시 · 상점별 상이,서대문구 신촌로 주소 기반 좌표,0,0,0,0,0,1,,,,,,96db458ed63b3e34a1c3d63a8ad444ea67ab6b77
kdx63,서울,합정동 상권,Hapjeong-dong Area,food,37.5495,126.9139,80,상시 · 상점별 상이,마포구 양화로 합정역 일대 주소 기반 좌표,0,0,0,0,0,1,,,,,,96db458ed63b3e34a1c3d63a8ad444ea67ab6b77
kdx64,서울,망원시장,Mangwon Market,food,37.556,126.903,60,09:00–21:00 · 점포별 상이,마포구 포은로8길 14 주소 기반 좌표,0,0,0,0,0,1,,,,,,96db458ed63b3e34a1c3d63a8ad444ea67ab6b77
kdx65,서울,조계사,Jogyesa Temple,herit,37.5744,126.9814,40,상시 개방 · 무료,종로구 우정국로 55 주소 기반 좌표,0,0,0,0,0,1,,,,,,96db458ed63b3e34a1c3d63a8ad444ea67ab6b77
kdx66,서울,명동대성당,Myeongdong Cathedral,herit,37.5633,126.9873,40,09:00–21:00 · 미사 중 관람 제한,중구 명동길 74 주소 기반 좌표,0,0,0,0,0,1,,,,,,96db458ed63b3e34a1c3d63a8ad444ea67ab6b77
kdx67,서울,서울광장,Seoul Plaza,activity,37.5658,126.9784,30,상시 개방 · 무료,중구 세종대로 110 주소 기반 좌표,0,0,0,0,0,1,,,,,,96db458ed63b3e34a1c3d63a8ad444ea67ab6b77
kdx68,서울,서울역사박물관,Seoul Museum of History,herit,37.5704,126.9694,80,09:00–18:00 · 월 휴관 · 무료,종로구 새문안로 55 주소 기반 좌표,0,0,0,0,0,1,,,,,,96db458ed63b3e34a1c3d63a8ad444ea67ab6b77
kdx69,서울,압구정 로데오거리,Apgujeong Rodeo Street,food,37.5271,127.0392,80,상시 · 상점별 상이,강남구 압구정로 로데오역 일대 주소 기반 좌표,0,0,0,0,0,1,,,,,,96db458ed63b3e34a1c3d63a8ad444ea67ab6b77
kdx70,서울,K-스타로드,K-Star Road,activity,37.5254,127.0357,50,상시 개방 · 무료,강남구 압구정로 apgujeong~청담 구간 주소 기반 좌표,0,0,0,0,0,1,,,,,,96db458ed63b3e34a1c3d63a8ad444ea67ab6b77
kdx71,서울,강남역 일대,Gangnam Station Area,food,37.4979,127.0276,90,상시 · 상점별 상이,강남구 강남대로 강남역 일대 주소 기반 좌표,0,0,0,0,0,1,,,,,,96db458ed63b3e34a1c3d63a8ad444ea67ab6b77
kdx72,서울,가락시장,Garak Market,food,37.493,127.118,70,경매 새벽 · 점포별 상이,송파구 양재대로 932 주소 기반 좌표,0,0,0,0,0,1,,,,,,96db458ed63b3e34a1c3d63a8ad444ea67ab6b77
kdx73,서울,암사동 유적,Amsa-dong Prehistoric Site,herit,37.552,127.1289,70,09:30–18:00 · 월 휴관 · 유료,강동구 올림픽로 875 주소 기반 좌표,0,0,0,0,0,1,,,,,,96db458ed63b3e34a1c3d63a8ad444ea67ab6b77
kdx74,서울,국립서울현충원,Seoul National Cemetery,herit,37.4998,126.974,80,06:00–18:00 · 무료,동작구 현충로 210 주소 기반 좌표,0,0,0,0,0,1,,,,,,96db458ed63b3e34a1c3d63a8ad444ea67ab6b77
kdx75,서울,월드컵공원,World Cup Park,heal,37.5663,126.8976,110,상시 개방 · 무료,마포구 월드컵로 243-60 주소 기반 좌표,0,0,0,0,0,1,,,,,,96db458ed63b3e34a1c3d63a8ad444ea67ab6b77
kdx76,서울,경동시장,Gyeongdong Market,food,37.58,127.0396,70,09:00–19:00 · 점포별 상이 · 일 휴무 많음,동대문구 고산자로36길 3 주소 기반 좌표,0,0,0,0,0,1,,,,,,96db458ed63b3e34a1c3d63a8ad444ea67ab6b77
bc1,부산,감천문화마을,Gamcheon Culture Village,herit,35.0975,129.0107,110,09:00–18:00 · 무료 · 051-204-1444,사하구 감내2로 203 주소 기반 좌표,0,0,0,1,0,1,,,,,,96db458ed63b3e34a1c3d63a8ad444ea67ab6b77
bc2,부산,자갈치시장,Jagalchi Market,food,35.0966,129.0306,90,05:00–22:00 · 둘째·넷째 화요일 휴무,중구 자갈치해안로 52 주소 기반 좌표,0,0,0,1,0,1,,,,,,96db458ed63b3e34a1c3d63a8ad444ea67ab6b77
bc3,부산,해운대해수욕장,Haeundae Beach,heal,35.1587,129.1604,90,상시 개방 · 7–8월 개장 · 051-749-7621,해운대구 우동 해운대해변로 주소 기반 좌표,0,0,0,1,0,1,,,,,,96db458ed63b3e34a1c3d63a8ad444ea67ab6b77
bc4,부산,광안리해변 · 광안대교,Gwangalli Beach & Diamond Bridge,heal,35.1531,129.1187,80,상시 개방 · 다리 조명 일몰–24:00,수영구 광안해변로 주소 기반 좌표,0,0,0,1,0,1,,,,,,96db458ed63b3e34a1c3d63a8ad444ea67ab6b77
bc5,부산,부산 국제시장,Gukje Market,food,35.1013,129.0288,80,09:00–20:00 · 첫째·셋째 일요일 휴무,중구 신창동4가 국제시장 주소 기반 좌표,0,0,0,1,0,1,,,,,,96db458ed63b3e34a1c3d63a8ad444ea67ab6b77
bc6,부산,흰여울문화마을,Huinnyeoul Culture Village,heal,35.0783,129.043,70,상시 개방 · 무료 · 주민 거주 구역,영도구 영선동4가 흰여울길 주소 기반 좌표,0,0,0,1,0,1,,,,,,96db458ed63b3e34a1c3d63a8ad444ea67ab6b77
bc7,부산,영도대교,Yeongdo Bridge,herit,35.0977,129.0356,50,도개 매일 14:00 (약 15분),중구 중앙동7가 주소 기반 좌표,0,0,0,1,0,1,,,,,,96db458ed63b3e34a1c3d63a8ad444ea67ab6b77
bc8,부산,부산영화체험박물관,Busan Museum of Movies,activity,35.1017,129.0338,90,"10:00–18:00 · 월요일 휴관 · 어른 10,000원 · 051-715-4200",중구 대청로126번길 12 주소 기반 좌표,0,0,0,1,0,1,,,,,,96db458ed63b3e34a1c3d63a8ad444ea67ab6b77
bc9,부산,영화의전당,Busan Cinema Center,activity,35.1712,129.1289,80,상영 시간별 · 야외극장 계절 운영 · 051-780-6000,해운대구 수영강변대로 120 주소 기반 좌표,0,0,0,1,0,1,,,,,,96db458ed63b3e34a1c3d63a8ad444ea67ab6b77
bc10,부산,부산 BIFF 광장,BIFF Square,food,35.0988,129.027,60,상시 · 상점 11:00–22:00,중구 비프광장로 주소 기반 좌표,0,0,0,1,0,1,,,,,,96db458ed63b3e34a1c3d63a8ad444ea67ab6b77
bc11,부산,청사포 · 미포 철길,Cheongsapo & Mipo Rail Path,heal,35.1608,129.1897,90,해변열차 09:30–18:30 · 구간별 요금 상이,해운대구 청사포로 주소 기반 좌표,0,0,0,1,0,1,,,,,,96db458ed63b3e34a1c3d63a8ad444ea67ab6b77
bc12,부산,태종대,Taejongdae,heal,35.0533,129.087,110,04:00–24:00 · 무료 · 다누비열차 유료,영도구 전망로 24 주소 기반 좌표,0,0,0,1,0,1,,,,,,96db458ed63b3e34a1c3d63a8ad444ea67ab6b77
bcx1,부산,송도해수욕장 · 케이블카,Songdo Beach & Cable Car,heal,35.0759,129.017,90,"케이블카 09:00–21:00 · 왕복 15,000원",서구 송도해변로 주소 기반 좌표,0,0,0,0,0,1,,,,,,96db458ed63b3e34a1c3d63a8ad444ea67ab6b77
bcx2,부산,송도용궁구름다리,Songdo Yonggung Suspension Bridge,heal,35.0619,129.02221,50,"09:00–18:00 · 어른 1,000원",서구 암남동 620-53 구글 지오코딩,0,0,0,0,0,1,,,,,,96db458ed63b3e34a1c3d63a8ad444ea67ab6b77
bcx3,부산,신선대 전망대,Sinseondae Lookout,heal,35.10044,129.09995,50,상시 개방 · 무료,남구 용호동 산252-1 구글 지오코딩,0,0,0,0,0,1,,,,,,96db458ed63b3e34a1c3d63a8ad444ea67ab6b77
bcx4,부산,오륙도 스카이워크,Oryukdo Skywalk,heal,35.0977,129.1237,60,09:00–18:00 · 기상 시 통제 · 무료,남구 오륙도로 137 주소 기반 좌표,0,0,0,0,0,1,,,,,,96db458ed63b3e34a1c3d63a8ad444ea67ab6b77
bcx5,부산,이기대 전망대,Igidae Lookout,heal,35.11807,129.12785,120,상시 개방 · 무료,남구 용호동 산129-1 구글 지오코딩,0,0,0,0,0,1,,,,,,96db458ed63b3e34a1c3d63a8ad444ea67ab6b77
bcx6,부산,흥국사·황령산 전망대,Hwangnyeongsan Lookout,heal,35.1571,129.08208,60,상시 개방 · 무료,남구 대연동 산50-1 (황령산) 구글 지오코딩,0,0,0,0,0,1,,,,,,96db458ed63b3e34a1c3d63a8ad444ea67ab6b77
bcx7,부산,부산시민공원,Busan Citizens Park,heal,35.1689,129.0596,90,상시 개방 · 무료,부산진구 시민공원로 73 주소 기반 좌표,0,0,0,0,0,1,,,,,,96db458ed63b3e34a1c3d63a8ad444ea67ab6b77
bcx8,부산,부산현대미술관,Museum of Contemporary Art Busan,activity,35.109,128.943,90,10:00–18:00 · 월요일 휴관 · 무료,사하구 낙동남로 1191 주소 기반 좌표,0,0,0,0,0,1,,,,,,96db458ed63b3e34a1c3d63a8ad444ea67ab6b77
bcx9,부산,을숙도 철새도래지,Eulsukdo Migratory Bird Sanctuary,heal,35.108,128.9455,80,09:00–18:00 · 월요일 휴관 · 무료,사하구 낙동남로 1240 주소 기반 좌표,0,0,0,0,0,1,,,,,,96db458ed63b3e34a1c3d63a8ad444ea67ab6b77
bcx10,부산,다대포 꿈의낙조분수,Dadaepo Sunset Fountain,heal,35.0489,128.9666,60,분수 4–10월 야간 · 무료,사하구 몰운대1길 14 주소 기반 좌표,0,0,0,0,0,1,,,,,,96db458ed63b3e34a1c3d63a8ad444ea67ab6b77
bcx11,부산,아미산 전망대,Amisan Observatory,heal,35.05262,128.96071,50,09:00–18:00 · 월요일 휴관 · 무료,사하구 다대낙조2길 77 구글 지오코딩,0,0,0,0,0,1,,,,,,96db458ed63b3e34a1c3d63a8ad444ea67ab6b77
bcx12,부산,부산 용두산공원 · 부산타워,Yongdusan Park & Busan Tower,heal,35.1008,129.0324,70,"공원 상시 · 타워 10:00–22:00 · 어른 12,000원",중구 용두산길 37-55 주소 기반 좌표,0,0,0,0,0,1,,,,,,96db458ed63b3e34a1c3d63a8ad444ea67ab6b77
bcx13,부산,보수동 책방골목,Bosu-dong Book Street,food,35.1022,129.0248,50,10:00–19:00 · 일부 일요일 휴무,중구 책방골목길 주소 기반 좌표,0,0,0,0,0,1,,,,,,96db458ed63b3e34a1c3d63a8ad444ea67ab6b77
bcx14,부산,깡통시장 야시장,Kkangtong Night Market,food,35.1006,129.0281,60,야시장 19:30–23:30,중구 부평1길 주소 기반 좌표,0,0,0,0,0,1,,,,,,96db458ed63b3e34a1c3d63a8ad444ea67ab6b77
bcx15,부산,초량 이바구길,Choryang Ibagu-gil,herit,35.1152,129.0384,80,상시 개방 · 무료 · 모노레일 운행,동구 영초길 주소 기반 좌표,0,0,0,0,0,1,,,,,,96db458ed63b3e34a1c3d63a8ad444ea67ab6b77
bcx16,부산,유엔기념공원,UN Memorial Cemetery,herit,35.12781,129.09571,70,09:00–17:00 · 무료,남구 유엔평화로 93 구글 지오코딩,0,0,0,0,0,1,,,,,,96db458ed63b3e34a1c3d63a8ad444ea67ab6b77
bcx17,부산,부산박물관,Busan Museum,herit,35.1276,129.0968,90,09:00–18:00 · 월요일 휴관 · 무료,남구 유엔평화로 63 주소 기반 좌표,0,0,0,0,0,1,,,,,,96db458ed63b3e34a1c3d63a8ad444ea67ab6b77
bcx18,부산,범어사,Beomeosa Temple,herit,35.2856,129.0689,100,08:30–17:30 · 무료 · 051-508-3122,금정구 범어사로 250 주소 기반 좌표,0,0,0,0,0,1,,,,,,96db458ed63b3e34a1c3d63a8ad444ea67ab6b77
bcx19,부산,금정산성,Geumjeongsanseong Fortress,herit,35.2755,129.0575,150,상시 개방 · 무료,금정구 북문로 122 (금정산성 북문) 구글 지오코딩,0,0,0,0,0,1,,,,,,96db458ed63b3e34a1c3d63a8ad444ea67ab6b77
bcx20,부산,온천천 카페거리,Oncheoncheon Cafe Street,food,35.19159,129.10196,60,상점 11:00–22:00,동래구 온천천로 451 구글 지오코딩,0,0,0,0,0,1,,,,,,96db458ed63b3e34a1c3d63a8ad444ea67ab6b77
bcx21,부산,동래읍성 · 복천박물관,Dongnae Fortress & Bokcheon Museum,herit,35.2069,129.0891,80,09:00–18:00 · 월요일 휴관 · 무료,동래구 복천로 63 주소 기반 좌표,0,0,0,0,0,1,,,,,,96db458ed63b3e34a1c3d63a8ad444ea67ab6b77
bcx22,부산,해동용궁사,Haedong Yonggungsa,herit,35.1885,129.2233,80,05:00–일몰 · 무료 · 051-722-7744,기장군 기장읍 용궁길 86 주소 기반 좌표,0,1,0,0,0,1,,,,,,96db458ed63b3e34a1c3d63a8ad444ea67ab6b77
bcx23,부산,오시리아 관광단지,Osiria Tourism Complex,activity,35.18941,129.2124,180,시설별 상이,오시리아관광단지 입구 구글 지오코딩,0,1,0,0,0,1,,,,,,96db458ed63b3e34a1c3d63a8ad444ea67ab6b77
bcx24,부산,죽성리 드림성당,Jukseong Dream Chapel,heal,35.24507,129.23914,40,상시 개방 · 무료,기장읍 죽성리 구글 지오코딩,0,0,0,0,0,1,,,,,,96db458ed63b3e34a1c3d63a8ad444ea67ab6b77
bcx25,부산,기장 죽성 해안,Jukseong Coast,heal,35.2445,129.2402,50,상시 개방 · 무료,기장읍 죽성리 해안 구글 지오코딩,0,0,0,0,0,1,,,,,,96db458ed63b3e34a1c3d63a8ad444ea67ab6b77
bcx26,부산,일광해수욕장,Ilgwang Beach,heal,35.2622,129.2318,60,상시 개방 · 여름 개장,기장군 일광읍 일광로 주소 기반 좌표,0,0,0,0,0,1,,,,,,96db458ed63b3e34a1c3d63a8ad444ea67ab6b77
bcx27,부산,송정해수욕장,Songjeong Beach,heal,35.1785,129.1994,70,상시 개방 · 서핑 강습 연중,해운대구 송정해변로 주소 기반 좌표,0,1,0,0,0,1,,,,,,96db458ed63b3e34a1c3d63a8ad444ea67ab6b77
bcx28,부산,달맞이길 문탠로드,Dalmaji-gil Moontan Road,heal,35.15638,129.18026,70,상시 개방 · 무료,해운대구 중동 달맞이길 구글 지오코딩,0,0,0,0,0,1,,,,,,96db458ed63b3e34a1c3d63a8ad444ea67ab6b77
bcx29,부산,부산 센텀시티,Centum City,activity,35.169,129.13,150,백화점 10:30–20:00,해운대구 센텀남대로 주소 기반 좌표,0,0,0,0,0,1,,,,,,96db458ed63b3e34a1c3d63a8ad444ea67ab6b77
bcx30,부산,부산 아난티 · 힐튼 해안,Ananti Coast,heal,35.19766,129.22809,80,상점 10:00–21:00,기장군 기장해안로 268-32 구글 지오코딩,0,0,0,0,0,1,,,,,,96db458ed63b3e34a1c3d63a8ad444ea67ab6b77
bcx31,부산,부산 F1963,F1963,activity,35.1767,129.11531,80,09:00–21:00 · 무료,수영구 구락로123번길 20 구글 지오코딩,0,0,0,0,0,1,,,,,,96db458ed63b3e34a1c3d63a8ad444ea67ab6b77
bcx32,부산,민락수변공원,Millak Waterside Park,food,35.1546,129.13,60,상시 개방 · 음주 취식 규정 확인,수영구 광안해변로 361 주소 기반 좌표,0,0,0,0,0,1,,,,,,96db458ed63b3e34a1c3d63a8ad444ea67ab6b77
bcx33,부산,부산 전포 카페거리,Jeonpo Cafe Street,food,35.1554,129.06733,70,상점 11:00–22:00,부산진구 동천로 92 구글 지오코딩,0,0,0,0,0,1,,,,,,96db458ed63b3e34a1c3d63a8ad444ea67ab6b77
bcx34,부산,서면 먹자골목,Seomyeon Food Alley,food,35.1579,129.0594,70,상점 11:00–24:00,부산진구 서면로 주소 기반 좌표,0,0,0,0,0,1,,,,,,96db458ed63b3e34a1c3d63a8ad444ea67ab6b77
bcx35,부산,부산 광복로,Gwangbok-ro,food,35.0995,129.0312,60,상점 11:00–22:00,중구 광복로 주소 기반 좌표,0,0,0,0,0,1,,,,,,96db458ed63b3e34a1c3d63a8ad444ea67ab6b77
bcx36,부산,부산항 북항 친수공원,North Port Waterfront Park,heal,35.11493,129.0454,60,상시 개방 · 무료,동구 초량동 1185-1 구글 지오코딩,0,0,0,0,0,1,,,,,,96db458ed63b3e34a1c3d63a8ad444ea67ab6b77
bcx37,부산,국립해양박물관,National Maritime Museum,activity,35.07833,129.07986,100,09:00–18:00 · 월요일 휴관 · 무료,영도구 해양로301번길 45 구글 지오코딩,0,0,0,0,0,1,,,,,,96db458ed63b3e34a1c3d63a8ad444ea67ab6b77
bcx38,부산,흰여울 절영해안산책로,Jeollyeong Coastal Walk,heal,35.07323,129.0514,60,상시 개방 · 무료,영도구 영선동4가 650-4 구글 지오코딩,0,0,0,0,0,1,,,,,,96db458ed63b3e34a1c3d63a8ad444ea67ab6b77
bcx40,부산,구포시장,Gupo Market,food,35.20872,129.00378,60,08:00–20:00 · 3·8일 오일장,북구 구포시장2길 7 구글 지오코딩,0,0,0,0,0,1,,,,,,96db458ed63b3e34a1c3d63a8ad444ea67ab6b77
bcx41,부산,벡스코,BEXCO,activity,35.169,129.1345,80,행사 일정별 상이,해운대구 APEC로 55 주소 기반 좌표,0,0,0,0,0,1,,,,,,96db458ed63b3e34a1c3d63a8ad444ea67ab6b77
bcx42,부산,동백섬 · 누리마루,Dongbaekseom & Nurimaru,heal,35.1535,129.153,70,상시 개방 · 누리마루 09:00–18:00,해운대구 우동 동백섬 주소 기반 좌표,0,0,0,0,0,1,,,,,,96db458ed63b3e34a1c3d63a8ad444ea67ab6b77
bcx43,부산,마린시티,Marine City,food,35.156,129.145,70,상시 · 상점별 상이,해운대구 마린시티2로 일대 주소 기반 좌표,0,0,0,0,0,1,,,,,,96db458ed63b3e34a1c3d63a8ad444ea67ab6b77
bcx44,부산,부전시장,Bujeon Market,food,35.1608,129.0605,70,05:00–20:00 · 점포별 상이,부산진구 중앙대로 785 주소 기반 좌표,0,0,0,0,0,1,,,,,,96db458ed63b3e34a1c3d63a8ad444ea67ab6b77
bcx45,부산,허심청,Hurshimchung Spa,heal,35.2223,129.0806,120,05:30–21:00 · 유료,동래구 금강공원로20번길 23 주소 기반 좌표,0,0,0,0,0,1,,,,,,96db458ed63b3e34a1c3d63a8ad444ea67ab6b77
bcx46,부산,부산 롯데월드 어드벤처,Lotte World Adventure Busan,activity,35.19624,129.21494,240,10:00–20:00 · 유료,기장군 동부산관광로 42 구글 지오코딩,0,0,0,0,0,1,,,,,,96db458ed63b3e34a1c3d63a8ad444ea67ab6b77
bcx47,부산,부네치아 (장림포구),Bunezia (Jangnim Port),heal,35.07967,128.9527,60,상시 개방 · 무료,사하구 장림로93번길 72 구글 지오코딩,0,0,0,0,0,1,,,,,,96db458ed63b3e34a1c3d63a8ad444ea67ab6b77
bcx48,부산,사직야구장,Sajik Baseball Stadium,activity,35.194,129.0615,180,경기 일정별 · 유료,동래구 사직로 45 주소 기반 좌표,0,0,0,0,0,1,,,,,,96db458ed63b3e34a1c3d63a8ad444ea67ab6b77
bcx49,부산,부산어린이대공원,Busan Children's Grand Park,heal,35.18463,129.04348,90,05:00–22:00 · 무료,부산진구 새싹로 295 구글 지오코딩,0,0,0,0,0,1,,,,,,96db458ed63b3e34a1c3d63a8ad444ea67ab6b77
bcx50,부산,부산아시아드 주경기장,Busan Asiad Main Stadium,activity,35.1902,129.0585,60,경기 일정별 상이,연제구 월드컵대로 344 주소 기반 좌표,0,0,0,0,0,1,,,,,,96db458ed63b3e34a1c3d63a8ad444ea67ab6b77
bcx51,부산,영도 남항시장,Yeongdo Namhang Market,food,35.0887,129.04154,50,08:00–20:00 · 점포별 상이,영도구 영선동1가 남항시장 구글 지오코딩,0,0,0,0,0,1,,,,,,96db458ed63b3e34a1c3d63a8ad444ea67ab6b77
bcx52,부산,삼진어묵 영도 본점,Samjin Eomuk Flagship,food,35.0929,129.04275,50,09:00–20:00,영도구 태종로99번길 36 구글 지오코딩,0,0,0,0,0,1,,,,,,96db458ed63b3e34a1c3d63a8ad444ea67ab6b77
bcx53,부산,초량 168계단,Choryang 168 Stairs,herit,35.11722,129.03546,40,상시 개방 · 모노레일 05:00–24:00,동구 영초길 191 구글 지오코딩,0,0,0,0,0,1,,,,,,96db458ed63b3e34a1c3d63a8ad444ea67ab6b77
bcx54,부산,부산 차이나타운,Busan Chinatown,food,35.11531,129.03764,60,상시 · 상점별 상이,동구 초량중로 38 구글 지오코딩,0,0,0,0,0,1,,,,,,96db458ed63b3e34a1c3d63a8ad444ea67ab6b77
bcx55,부산,태종대온천,Taejongdae Hot Spring,heal,35.06459,129.07887,110,05:00–20:00 · 유료,영도구 태종로 808 구글 지오코딩,0,0,0,0,0,1,,,,,,96db458ed63b3e34a1c3d63a8ad444ea67ab6b77
bcx56,부산,스타필드 시티 명지,Starfield City Myeongji,food,35.09316,128.91816,90,10:00–22:00,강서구 명지국제6로 168 구글 지오코딩,0,0,0,0,0,1,,,,,,96db458ed63b3e34a1c3d63a8ad444ea67ab6b77
bcx57,부산,삼익비치타운 벚꽃길,Samik Beach Town Cherry Road,heal,35.14151,129.11572,50,상시 개방 · 벚꽃 4월 초,수영구 광안해변로 100 구글 지오코딩,0,0,0,0,0,1,,,,,,96db458ed63b3e34a1c3d63a8ad444ea67ab6b77
bcx58,부산,부산대 대학로,Pusan National Univ. Street,food,35.23148,129.08728,80,상시 · 상점별 상이,금정구 부산대학로 구글 지오코딩,0,0,0,0,0,1,,,,,,96db458ed63b3e34a1c3d63a8ad444ea67ab6b77
bcx59,부산,해운대 전통시장,Haeundae Traditional Market,food,35.16145,129.16225,60,09:00–22:00 · 점포별 상이,해운대구 구남로41번길 22-1 구글 지오코딩,0,0,0,0,0,1,,,,,,96db458ed63b3e34a1c3d63a8ad444ea67ab6b77
bcx60,부산,블루라인파크 미포정거장,Blueline Park Mipo Station,activity,35.15828,129.17277,90,09:00–20:00 · 유료 · 예약 권장,해운대구 달맞이길62번길 13 구글 지오코딩,0,0,0,0,0,1,,,,,,96db458ed63b3e34a1c3d63a8ad444ea67ab6b77
bcx61,부산,신세계백화점 센텀시티점,Shinsegae Centum City,food,35.16892,129.12963,120,10:30–20:00 · 스파랜드 별도 유료,해운대구 센텀남대로 35 구글 지오코딩,0,0,0,0,0,1,,,,,,96db458ed63b3e34a1c3d63a8ad444ea67ab6b77
jd1,제주,성산일출봉,Seongsan Ilchulbong,herit,33.4581,126.9425,110,"07:00–20:00 · 어른 5,000원 · 첫째 월요일 휴무",서귀포시 성산읍 일출로 284-12 주소 기반 좌표,1,0,0,1,0,1,,,,,,96db458ed63b3e34a1c3d63a8ad444ea67ab6b77
jd2,제주,김녕해수욕장,Gimnyeong Beach,heal,33.5591,126.757,80,상시 개방 · 여름 감시요원 배치,제주시 구좌읍 김녕리 주소 기반 좌표,0,0,0,1,0,1,,,,,,96db458ed63b3e34a1c3d63a8ad444ea67ab6b77
jd3,제주,제주목 관아,Jeju Mokgwana,herit,33.5136,126.5218,70,"09:00–18:00 · 어른 1,500원 · 064-710-6714",제주시 관덕로 25 주소 기반 좌표,0,0,0,1,0,1,,,,,,96db458ed63b3e34a1c3d63a8ad444ea67ab6b77
jd4,제주,오라동 메밀꽃밭,Ora-dong Buckwheat Fields,heal,33.4602,126.4938,60,개화기 5–6월·9–10월 · 사유지 통제 구간 있음,제주시 오라2동 주소 기반 좌표,0,0,0,1,0,1,,,,,,96db458ed63b3e34a1c3d63a8ad444ea67ab6b77
jd5,제주,협재해수욕장,Hyeopjae Beach,heal,33.394,126.2396,90,상시 개방 · 7–8월 개장 · 064-796-2404,제주시 한림읍 한림로 329-10 주소 기반 좌표,0,0,0,1,0,1,,,,,,96db458ed63b3e34a1c3d63a8ad444ea67ab6b77
jd6,제주,금능포구 돌담길,Geumneung Harbour Stone Walls,heal,33.3897,126.2296,60,상시 개방 · 무료,제주시 한림읍 금능리 주소 기반 좌표,0,0,0,1,0,1,,,,,,96db458ed63b3e34a1c3d63a8ad444ea67ab6b77
jd7,제주,제주 동문재래시장,Dongmun Market,food,33.5117,126.5272,80,08:00–21:00 · 야시장 18:00–24:00,제주시 관덕로14길 20 주소 기반 좌표,0,0,0,1,0,1,,,,,,96db458ed63b3e34a1c3d63a8ad444ea67ab6b77
jd8,제주,광치기해변,Gwangchigi Beach,heal,33.4497,126.9276,50,상시 개방 · 물때 확인 필요,서귀포시 성산읍 고성리 주소 기반 좌표,0,0,0,1,0,1,,,,,,96db458ed63b3e34a1c3d63a8ad444ea67ab6b77
jd9,제주,종달리 해안도로,Jongdal-ri Coastal Road,heal,33.4936,126.913,50,상시 · 렌터카 권장,제주시 구좌읍 종달리 주소 기반 좌표,0,0,0,1,0,1,,,,,,96db458ed63b3e34a1c3d63a8ad444ea67ab6b77
jd10,제주,우도,Udo Island,activity,33.5067,126.9527,240,"성산항 도선 07:00–18:00 · 왕복 10,500원",제주시 우도면 주소 기반 좌표,0,0,0,1,0,1,,,,,,96db458ed63b3e34a1c3d63a8ad444ea67ab6b77
jd11,제주,함덕해수욕장,Hamdeok Beach,heal,33.5434,126.6696,80,상시 개방 · 7–8월 개장,제주시 조천읍 조함해안로 519 주소 기반 좌표,0,0,0,1,0,1,,,,,,96db458ed63b3e34a1c3d63a8ad444ea67ab6b77
jdx1,제주,섭지코지,Seopjikoji,heal,33.4239,126.9309,70,상시 개방 · 무료,서귀포시 성산읍 섭지코지로 주소 기반 좌표,0,0,0,0,0,1,,,,,,96db458ed63b3e34a1c3d63a8ad444ea67ab6b77
jdx2,제주,만장굴,Manjanggul Cave,herit,33.5285,126.7714,60,"09:00–18:00 · 첫째 수요일 휴무 · 어른 4,000원",제주시 구좌읍 만장굴길 182 주소 기반 좌표,1,0,0,0,0,1,,,,,,96db458ed63b3e34a1c3d63a8ad444ea67ab6b77
jdx3,제주,성읍민속마을,Seongeup Folk Village,herit,33.3872,126.7986,80,상시 개방 · 무료,서귀포시 표선면 성읍정의현로 주소 기반 좌표,0,0,0,0,0,1,,,,,,96db458ed63b3e34a1c3d63a8ad444ea67ab6b77
jdx4,제주,제주민속촌,Jeju Folk Village,herit,33.3222,126.8355,120,"08:30–18:00 · 어른 15,000원",서귀포시 표선면 민속해안로 631-34 주소 기반 좌표,0,0,0,0,0,1,,,,,,96db458ed63b3e34a1c3d63a8ad444ea67ab6b77
jdx5,제주,사려니숲길,Saryeoni Forest Path,heal,33.4176,126.6414,110,09:00–17:00 입산 · 무료,제주시 조천읍 교래리 주소 기반 좌표,0,0,1,0,0,1,,,,,,96db458ed63b3e34a1c3d63a8ad444ea67ab6b77
jdx6,제주,새별오름,Saebyeol Oreum,heal,33.3646,126.357,70,상시 개방 · 무료,제주시 애월읍 봉성리 주소 기반 좌표,0,0,0,0,0,1,,,,,,96db458ed63b3e34a1c3d63a8ad444ea67ab6b77
jdx7,제주,한라산 어리목,Hallasan Eorimok,heal,33.386,126.496,300,탐방로 06:00–14:00 입산 · 무료,제주시 해안동 어리목길 주소 기반 좌표,1,0,0,0,0,1,,,,,,96db458ed63b3e34a1c3d63a8ad444ea67ab6b77
jdx8,제주,천지연폭포,Cheonjiyeon Falls,heal,33.247,126.5547,50,"09:00–22:00 · 어른 2,000원",서귀포시 천지동 남성중로 주소 기반 좌표,0,0,1,0,0,1,,,,,,96db458ed63b3e34a1c3d63a8ad444ea67ab6b77
jdx9,제주,정방폭포,Jeongbang Falls,heal,33.2447,126.5716,50,"09:00–17:40 · 어른 2,000원",서귀포시 칠십리로 214번길 37 주소 기반 좌표,0,0,0,0,0,1,,,,,,96db458ed63b3e34a1c3d63a8ad444ea67ab6b77
jdx10,제주,중문색달해변,Jungmun Saekdal Beach,heal,33.2447,126.4113,70,상시 개방 · 7–8월 개장,서귀포시 색달동 중문관광로72번길 주소 기반 좌표,0,0,0,0,0,1,,,,,,96db458ed63b3e34a1c3d63a8ad444ea67ab6b77
jdx11,제주,카멜리아힐,Camellia Hill,heal,33.2892,126.3679,100,"08:30–18:00 · 어른 10,000원",서귀포시 안덕면 병악로 166 주소 기반 좌표,0,0,0,0,0,1,,,,,,96db458ed63b3e34a1c3d63a8ad444ea67ab6b77
jdx12,제주,오설록 티뮤지엄,O’sulloc Tea Museum,food,33.3057,126.2895,70,09:00–18:00 · 무료,서귀포시 안덕면 신화역사로 15 주소 기반 좌표,0,0,0,0,0,1,,,,,,96db458ed63b3e34a1c3d63a8ad444ea67ab6b77
jdx13,제주,용두암,Yongduam Rock,heal,33.5155,126.5121,40,상시 개방 · 무료,제주시 용두암길 15 주소 기반 좌표,0,0,0,0,0,1,,,,,,96db458ed63b3e34a1c3d63a8ad444ea67ab6b77
jdx14,제주,이호테우해변,Iho Tewoo Beach,heal,33.4939,126.4531,50,상시 개방 · 무료,제주시 이호일동 주소 기반 좌표,0,0,0,0,0,1,,,,,,96db458ed63b3e34a1c3d63a8ad444ea67ab6b77
jdx15,제주,애월 한담해안산책로,Aewol Handam Coastal Path,heal,33.4636,126.3096,60,상시 개방 · 무료,제주시 애월읍 애월리 주소 기반 좌표,0,0,0,0,0,1,,,,,,96db458ed63b3e34a1c3d63a8ad444ea67ab6b77
jdx16,제주,한림공원,Hallim Park,heal,33.39,126.241,120,"09:00–18:00 · 어른 15,000원",제주시 한림읍 한림로 300 주소 기반 좌표,0,0,0,0,0,1,,,,,,96db458ed63b3e34a1c3d63a8ad444ea67ab6b77
jdx17,제주,산굼부리,Sangumburi Crater,heal,33.4331,126.6889,70,"09:00–18:40 · 어른 6,000원",제주시 조천읍 비자림로 768 주소 기반 좌표,0,0,0,0,0,1,,,,,,96db458ed63b3e34a1c3d63a8ad444ea67ab6b77
jdx18,제주,비자림,Bijarim Forest,heal,33.4894,126.8107,80,"09:00–17:00 · 어른 3,000원",제주시 구좌읍 비자숲길 55 주소 기반 좌표,0,1,0,0,0,1,,,,,,96db458ed63b3e34a1c3d63a8ad444ea67ab6b77
jdx19,제주,아부오름,Abu Oreum,heal,33.4453,126.8158,50,상시 개방 · 무료,제주시 구좌읍 송당리 주소 기반 좌표,0,0,0,0,0,1,,,,,,96db458ed63b3e34a1c3d63a8ad444ea67ab6b77
jdx20,제주,월정리해변,Woljeong-ri Beach,food,33.5563,126.7956,60,상시 개방 · 카페 10:00–20:00,제주시 구좌읍 월정리 주소 기반 좌표,0,0,0,0,0,1,,,,,,96db458ed63b3e34a1c3d63a8ad444ea67ab6b77
jdx21,제주,세화민속오일장,Sehwa Five-day Market,food,33.5243,126.8586,60,5·10일 08:00–17:00,제주시 구좌읍 세화리 주소 기반 좌표,0,0,0,0,0,1,,,,,,96db458ed63b3e34a1c3d63a8ad444ea67ab6b77
jdx22,제주,해녀박물관,Haenyeo Museum,herit,33.5261,126.8445,70,"09:00–18:00 · 월요일 휴관 · 어른 1,100원",제주시 구좌읍 해녀박물관길 26 주소 기반 좌표,0,0,0,0,0,1,,,,,,96db458ed63b3e34a1c3d63a8ad444ea67ab6b77
jdx23,제주,송악산 둘레길,Songaksan Trail,heal,33.2007,126.289,80,탐방로 09:00–17:00 · 무료,서귀포시 대정읍 상모리 주소 기반 좌표,0,0,0,0,0,1,,,,,,96db458ed63b3e34a1c3d63a8ad444ea67ab6b77
jdx24,제주,가파도,Gapado Island,activity,33.166,126.27,240,"운진항 도선 · 왕복 14,000원 · 기상 결항 잦음",서귀포시 대정읍 가파리 주소 기반 좌표,0,0,0,0,0,1,,,,,,96db458ed63b3e34a1c3d63a8ad444ea67ab6b77
jdx25,제주,마라도,Marado Island,activity,33.1167,126.2683,240,"운진항 도선 · 왕복 20,000원",서귀포시 대정읍 마라리 주소 기반 좌표,0,0,0,0,0,1,,,,,,96db458ed63b3e34a1c3d63a8ad444ea67ab6b77
jdx26,제주,쇠소깍,Soesokkak,heal,33.253,126.6173,50,09:00–18:00 · 테우 유료,서귀포시 하효동 105 주소 기반 좌표,0,0,0,0,0,1,,,,,,96db458ed63b3e34a1c3d63a8ad444ea67ab6b77
jdx27,제주,외돌개,Oedolgae Rock,heal,33.2384,126.5432,50,상시 개방 · 무료,서귀포시 남성중로 252번길 주소 기반 좌표,0,0,0,0,0,1,,,,,,96db458ed63b3e34a1c3d63a8ad444ea67ab6b77
jdx28,제주,천제연폭포,Cheonjeyeon Falls,heal,33.2523,126.4187,60,"09:00–17:20 · 어른 2,500원",서귀포시 색달동 천제연로 주소 기반 좌표,0,0,0,0,0,1,,,,,,96db458ed63b3e34a1c3d63a8ad444ea67ab6b77
jdx29,제주,제주 올레시장,Seogwipo Olle Market,food,33.2482,126.562,70,07:00–21:00,서귀포시 중정로 62 주소 기반 좌표,0,0,0,0,0,1,,,,,,96db458ed63b3e34a1c3d63a8ad444ea67ab6b77
jdx30,제주,산방산,Sanbangsan,herit,33.2371,126.313,70,"09:00–18:00 · 어른 1,000원",서귀포시 안덕면 사계남로216번길 주소 기반 좌표,0,0,0,0,0,1,,,,,,96db458ed63b3e34a1c3d63a8ad444ea67ab6b77
jdx31,제주,용머리해안,Yongmeori Coast,heal,33.233,126.314,60,"09:00–17:00 · 물때·기상에 따라 통제 · 어른 2,000원",서귀포시 안덕면 사계리 주소 기반 좌표,0,0,0,0,0,1,,,,,,96db458ed63b3e34a1c3d63a8ad444ea67ab6b77
jdx32,제주,곽지과물해변,Gwakji Beach,heal,33.4506,126.305,60,상시 개방 · 용천수 노천탕 있음,제주시 애월읍 곽지리 주소 기반 좌표,0,0,0,0,0,1,,,,,,96db458ed63b3e34a1c3d63a8ad444ea67ab6b77
jdx33,제주,제주 4·3 평화공원,Jeju 4·3 Peace Park,herit,33.4438,126.5503,110,09:00–18:00 · 월요일 휴관 · 무료,제주시 명림로 430 주소 기반 좌표,0,0,0,0,0,1,,,,,,96db458ed63b3e34a1c3d63a8ad444ea67ab6b77
jdx34,제주,국립제주박물관,Jeju National Museum,herit,33.5209,126.5497,80,10:00–18:00 · 월요일 휴관 · 무료,제주시 일주동로 17 주소 기반 좌표,0,0,0,0,0,1,,,,,,96db458ed63b3e34a1c3d63a8ad444ea67ab6b77
jdx35,제주,삼성혈,Samseonghyeol,herit,33.5029,126.529,40,"09:00–18:00 · 어른 4,000원",제주시 삼성로 22 주소 기반 좌표,0,0,0,0,0,1,,,,,,96db458ed63b3e34a1c3d63a8ad444ea67ab6b77
jdx36,제주,관덕정,Gwandeokjeong,herit,33.5136,126.5212,30,상시 개방 · 무료,제주시 관덕로 19 주소 기반 좌표,0,0,0,0,0,1,,,,,,96db458ed63b3e34a1c3d63a8ad444ea67ab6b77
jdx37,제주,제주민속자연사박물관,Jeju Folklore & Natural History Museum,herit,33.506,126.532,80,"09:00–18:00 · 월요일 휴관 · 어른 2,000원",제주시 삼성로 40 주소 기반 좌표,0,0,0,0,0,1,,,,,,96db458ed63b3e34a1c3d63a8ad444ea67ab6b77
jdx38,제주,한라수목원,Hallasan Arboretum,heal,33.456,126.494,70,상시 개방 · 무료 · 야간 산책로,제주시 수목원길 72 주소 기반 좌표,0,0,0,0,0,1,,,,,,96db458ed63b3e34a1c3d63a8ad444ea67ab6b77
jdx39,제주,사라봉,Sarabong,heal,33.5197,126.547,50,상시 개방 · 무료,제주시 사라봉동길 74 주소 기반 좌표,0,0,0,0,0,1,,,,,,96db458ed63b3e34a1c3d63a8ad444ea67ab6b77
jdx40,제주,도두봉,Dodubong,heal,33.506,126.465,40,상시 개방 · 무료,제주시 도두일동 주소 기반 좌표,0,0,0,0,0,1,,,,,,96db458ed63b3e34a1c3d63a8ad444ea67ab6b77
jdx41,제주,한라생태숲,Hallasan Eco Forest,heal,33.437,126.592,80,09:00–18:00 · 무료,제주시 516로 2596 주소 기반 좌표,0,0,0,0,0,1,,,,,,96db458ed63b3e34a1c3d63a8ad444ea67ab6b77
jdx42,제주,절물자연휴양림,Jeolmul Recreation Forest,heal,33.447,126.636,90,"07:00–18:00 · 어른 1,000원",제주시 명림로 584 주소 기반 좌표,0,1,0,0,0,1,,,,,,96db458ed63b3e34a1c3d63a8ad444ea67ab6b77
jdx43,제주,교래 자연휴양림,Gyorae Recreation Forest,heal,33.427,126.669,80,"09:00–17:00 · 어른 1,000원",제주시 조천읍 남조로 2023 주소 기반 좌표,0,0,0,0,0,1,,,,,,96db458ed63b3e34a1c3d63a8ad444ea67ab6b77
jdx44,제주,동백동산 습지,Dongbaekdongsan Wetland,heal,33.503,126.713,80,상시 개방 · 무료,제주시 조천읍 선흘리 주소 기반 좌표,0,0,0,0,0,1,,,,,,96db458ed63b3e34a1c3d63a8ad444ea67ab6b77
jdx45,제주,거문오름,Geomunoreum,heal,33.456,126.723,150,"탐방 예약제 · 화요일 휴무 · 어른 2,000원",제주시 조천읍 선흘리 주소 기반 좌표,1,0,0,0,0,1,,,,,,96db458ed63b3e34a1c3d63a8ad444ea67ab6b77
jdx46,제주,용눈이오름,Yongnuni Oreum,heal,33.457,126.839,60,개방 시기 확인 필요 · 무료,제주시 구좌읍 종달리 주소 기반 좌표,0,0,0,0,0,1,,,,,,96db458ed63b3e34a1c3d63a8ad444ea67ab6b77
jdx47,제주,다랑쉬오름,Darangshi Oreum,heal,33.464,126.832,90,상시 개방 · 무료,제주시 구좌읍 세화리 주소 기반 좌표,0,0,0,0,0,1,,,,,,96db458ed63b3e34a1c3d63a8ad444ea67ab6b77
jdx48,제주,하도해변,Hado Beach,heal,33.517,126.883,50,상시 개방 · 무료,제주시 구좌읍 하도리 주소 기반 좌표,0,0,0,0,0,1,,,,,,96db458ed63b3e34a1c3d63a8ad444ea67ab6b77
jdx49,제주,평대해변,Pyeongdae Beach,heal,33.552,126.833,50,상시 개방 · 무료,제주시 구좌읍 평대리 주소 기반 좌표,0,0,0,0,0,1,,,,,,96db458ed63b3e34a1c3d63a8ad444ea67ab6b77
jdx50,제주,김녕성세기해변,Gimnyeong Seongsegi Beach,heal,33.558,126.753,50,상시 개방 · 무료,제주시 구좌읍 김녕리 주소 기반 좌표,0,0,0,0,0,1,,,,,,96db458ed63b3e34a1c3d63a8ad444ea67ab6b77
jdx51,제주,세화해변,Sehwa Beach,heal,33.524,126.86,50,상시 개방 · 무료,제주시 구좌읍 세화리 주소 기반 좌표,0,0,0,0,0,1,,,,,,96db458ed63b3e34a1c3d63a8ad444ea67ab6b77
jdx52,제주,신양섭지해수욕장,Sinyang Seopji Beach,heal,33.43,126.926,50,상시 개방 · 여름 개장,서귀포시 성산읍 신양리 주소 기반 좌표,0,0,0,0,0,1,,,,,,96db458ed63b3e34a1c3d63a8ad444ea67ab6b77
jdx53,제주,성산포항,Seongsanpo Harbour,activity,33.474,126.935,40,우도행 도선 07:00–18:00,서귀포시 성산읍 성산리 주소 기반 좌표,0,0,0,0,0,1,,,,,,96db458ed63b3e34a1c3d63a8ad444ea67ab6b77
jdx54,제주,혼인지,Honinji,herit,33.438,126.904,40,상시 개방 · 무료,서귀포시 성산읍 혼인지로 39-22 주소 기반 좌표,0,0,0,0,0,1,,,,,,96db458ed63b3e34a1c3d63a8ad444ea67ab6b77
jdx55,제주,표선해수욕장,Pyoseon Beach,heal,33.325,126.833,60,상시 개방 · 여름 개장,서귀포시 표선면 표선리 주소 기반 좌표,0,0,0,0,0,1,,,,,,96db458ed63b3e34a1c3d63a8ad444ea67ab6b77
jdx56,제주,남원 큰엉해안경승지,Keunnyeong Coastal Walk,heal,33.275,126.715,60,상시 개방 · 무료,서귀포시 남원읍 태위로 주소 기반 좌표,0,0,0,0,0,1,,,,,,96db458ed63b3e34a1c3d63a8ad444ea67ab6b77
jdx57,제주,서귀포 이중섭거리,Lee Jung-seop Street,herit,33.247,126.562,60,"미술관 09:00–18:00 · 월요일 휴관 · 어른 1,500원",서귀포시 이중섭로 주소 기반 좌표,0,0,0,0,0,1,,,,,,96db458ed63b3e34a1c3d63a8ad444ea67ab6b77
jdx58,제주,새연교,Saeyeongyo Bridge,heal,33.239,126.561,40,상시 개방 · 무료,서귀포시 서홍동 주소 기반 좌표,0,0,0,0,0,1,,,,,,96db458ed63b3e34a1c3d63a8ad444ea67ab6b77
jdx59,제주,대포주상절리대,Daepo Columnar Joints,herit,33.238,126.427,50,"09:00–18:00 · 어른 2,000원",서귀포시 이어도로 36-30 주소 기반 좌표,0,0,0,0,0,1,,,,,,96db458ed63b3e34a1c3d63a8ad444ea67ab6b77
jdx60,제주,여미지식물원,Yeomiji Botanic Garden,heal,33.25,126.413,90,"09:00–18:00 · 어른 12,000원",서귀포시 중문관광로 93 주소 기반 좌표,0,0,0,0,0,1,,,,,,96db458ed63b3e34a1c3d63a8ad444ea67ab6b77
jdx61,제주,제주항공우주박물관,Jeju Aerospace Museum,activity,33.304,126.309,110,"09:00–18:00 · 월요일 휴관 · 어른 10,000원",서귀포시 안덕면 녹차분재로 218 주소 기반 좌표,0,0,0,0,0,1,,,,,,96db458ed63b3e34a1c3d63a8ad444ea67ab6b77
jdx62,제주,본태박물관,Bonte Museum,activity,33.302,126.368,80,"10:00–18:00 · 어른 20,000원",서귀포시 안덕면 산록남로 762번길 69 주소 기반 좌표,0,0,0,0,0,1,,,,,,96db458ed63b3e34a1c3d63a8ad444ea67ab6b77
jdx63,제주,제주 신화월드,Jeju Shinhwa World,activity,33.305,126.32,180,테마파크 10:00–18:00 · 요금 상이,서귀포시 안덕면 신화역사로 304번길 38 주소 기반 좌표,0,0,0,0,0,1,,,,,,96db458ed63b3e34a1c3d63a8ad444ea67ab6b77
jdx64,제주,금오름,Geumoreum,heal,33.355,126.306,60,상시 개방 · 무료,제주시 한림읍 금악리 주소 기반 좌표,0,0,0,0,0,1,,,,,,96db458ed63b3e34a1c3d63a8ad444ea67ab6b77
jdx65,제주,저지오름,Jeoji Oreum,heal,33.323,126.267,70,상시 개방 · 무료,제주시 한경면 저지리 주소 기반 좌표,0,0,0,0,0,1,,,,,,96db458ed63b3e34a1c3d63a8ad444ea67ab6b77
jdx66,제주,수월봉,Suwolbong,herit,33.293,126.166,60,상시 개방 · 무료,제주시 한경면 노을해안로 주소 기반 좌표,0,0,0,0,0,1,,,,,,96db458ed63b3e34a1c3d63a8ad444ea67ab6b77
jdx67,제주,차귀도,Chagwido,activity,33.312,126.149,150,유람선 · 기상 결항 잦음,제주시 한경면 고산리 주소 기반 좌표,0,0,0,0,0,1,,,,,,96db458ed63b3e34a1c3d63a8ad444ea67ab6b77
jdx68,제주,신창풍차해안도로,Sinchang Windmill Coast,heal,33.34,126.172,50,상시 개방 · 무료,제주시 한경면 신창리 주소 기반 좌표,0,0,0,0,0,1,,,,,,96db458ed63b3e34a1c3d63a8ad444ea67ab6b77
jdx69,제주,협재 비양도,Biyangdo Island,activity,33.404,126.227,180,한림항 도선 09:00·12:00·14:00·16:00,제주시 한림읍 비양도 주소 기반 좌표,0,0,0,0,0,1,,,,,,96db458ed63b3e34a1c3d63a8ad444ea67ab6b77
jdx70,제주,제주현대미술관,Jeju Museum of Contemporary Art,activity,33.321,126.268,70,"09:00–18:00 · 월요일 휴관 · 어른 2,000원",제주시 한경면 저지14길 35 주소 기반 좌표,0,0,0,0,0,1,,,,,,96db458ed63b3e34a1c3d63a8ad444ea67ab6b77
jdx71,제주,항파두리 항몽유적지,Hangpaduri Fortress,herit,33.438,126.406,50,상시 개방 · 무료,제주시 애월읍 항파두리로 50 주소 기반 좌표,0,0,0,0,0,1,,,,,,96db458ed63b3e34a1c3d63a8ad444ea67ab6b77
jdx72,제주,새별오름 나홀로나무,Saebyeol Lone Tree,heal,33.361,126.351,30,상시 개방 · 무료,제주시 애월읍 봉성리 주소 기반 좌표,0,0,0,0,0,1,,,,,,96db458ed63b3e34a1c3d63a8ad444ea67ab6b77
jdx73,제주,서귀포 자연휴양림,Seogwipo Recreation Forest,heal,33.313,126.467,90,"09:00–18:00 · 어른 1,000원",서귀포시 1100로 882 주소 기반 좌표,0,0,0,0,0,1,,,,,,96db458ed63b3e34a1c3d63a8ad444ea67ab6b77
jdx74,제주,1100고지 습지,1100 Highland Wetland,heal,33.358,126.465,40,상시 개방 · 무료,서귀포시 색달동 산 1-2 주소 기반 좌표,0,0,0,0,0,1,,,,,,96db458ed63b3e34a1c3d63a8ad444ea67ab6b77
jdx75,제주,성판악 탐방로,Seongpanak Trail,heal,33.385,126.619,480,입산 통제 시간 엄격 · 예약제 · 무료,제주시 조천읍 516로 1865 주소 기반 좌표,1,0,0,0,0,1,,,,,,96db458ed63b3e34a1c3d63a8ad444ea67ab6b77
yw1,영월,청령포,Cheongnyeongpo,herit,37.175028,128.444056,90,"09:00–18:00 (입장 마감 17:00) · 어른 3,000원 · 1577-0545",남면 광천리 · 위키백과 등재 좌표,0,0,0,1,0,1,,,,,,96db458ed63b3e34a1c3d63a8ad444ea67ab6b77
yw3,영월,관풍헌,Gwanpungheon,herit,37.1834,128.4652,30,상시 개방 · 무료,영월읍 중앙로 61 주소 기반 좌표 — 재검증 권장,0,0,0,1,0,1,,,,,,96db458ed63b3e34a1c3d63a8ad444ea67ab6b77
yw2,영월,영월 장릉,Jangneung Royal Tomb,herit,37.1974,128.4529,70,"09:00–18:00 · 어른 2,000원 · 033-372-3088",영월읍 단종로 190 · 위키백과 등재 좌표,1,0,0,1,0,1,,,,,,96db458ed63b3e34a1c3d63a8ad444ea67ab6b77
yw4,영월,선돌,Seondol Standing Rock,heal,37.2139,128.4339,40,상시 개방 · 무료,영월읍 방절리 산122 주소 기반 좌표 — 재검증 권장,0,0,0,1,0,1,,,,,,96db458ed63b3e34a1c3d63a8ad444ea67ab6b77
yw5,영월,어라연,Eorayeon,heal,37.2483,128.5236,180,상시 개방 · 래프팅 5–10월 · 거운분교 탐방안내소,영월읍 거운리 동강 어라연 일대 좌표 — 재검증 권장,0,0,0,1,0,1,,,,,,96db458ed63b3e34a1c3d63a8ad444ea67ab6b77
ywx10,영월,한반도지형 (선암마을),Hanbando Topography,heal,37.262,128.3299,80,상시 개방 · 무료 · 033-370-2622,한반도면 옹정리 선암마을 주소 기반 좌표 — 재검증 권장,0,0,0,0,0,1,,,,,,96db458ed63b3e34a1c3d63a8ad444ea67ab6b77
ywx11,영월,별마로천문대,Byeolmaro Observatory,activity,37.1743,128.4805,90,"하계 19:00–24:00 · 어른 7,000원 · 033-372-8445",영월읍 봉래산길 136 주소 기반 좌표 — 재검증 권장,0,0,0,0,0,1,,,,,,96db458ed63b3e34a1c3d63a8ad444ea67ab6b77
ywx12,영월,요선암 돌개구멍,Yoseonam Potholes,heal,37.2853,128.3571,50,상시 개방 · 무료,무릉도원면 무릉리 주소 기반 좌표 — 재검증 권장,0,0,0,0,0,1,,,,,,96db458ed63b3e34a1c3d63a8ad444ea67ab6b77
ywx13,영월,영월 서부시장,Yeongwol Seobu Market,food,37.1841,128.4638,60,08:00–19:00 · 끝자리 4·9일 장,영월읍 중앙로 21 주소 기반 좌표 — 재검증 권장,0,0,0,0,0,1,,,,,,96db458ed63b3e34a1c3d63a8ad444ea67ab6b77
ywx1,영월,고씨굴,Gossigul Cave,heal,37.1465,128.5357,70,"09:00–17:00 · 어른 5,000원 · 033-372-7269",김삿갓면 진별리 주소 기반 좌표 — 재검증 권장,0,0,0,0,0,1,,,,,,96db458ed63b3e34a1c3d63a8ad444ea67ab6b77
ywx2,영월,김삿갓 유적지,Kim Sat-gat Historic Site,herit,37.0852,128.5711,60,09:00–18:00 · 무료 · 033-375-7900,김삿갓면 김삿갓로 216-22 주소 기반 좌표 — 재검증 권장,0,0,0,0,0,1,,,,,,96db458ed63b3e34a1c3d63a8ad444ea67ab6b77
ywx3,영월,라디오스타 박물관,Radio Star Museum,activity,37.1846,128.4634,60,"09:30–18:00 · 어른 5,000원 · 033-375-8322",영월읍 서부로 10 주소 기반 좌표 — 재검증 권장,0,0,0,0,0,1,,,,,,96db458ed63b3e34a1c3d63a8ad444ea67ab6b77
ywx4,영월,동강사진박물관,Donggang Museum of Photography,activity,37.1836,128.4682,60,"09:00–18:00 · 어른 3,000원 · 033-375-4554",영월읍 영월로 1909-10 주소 기반 좌표 — 재검증 권장,0,0,0,0,0,1,,,,,,96db458ed63b3e34a1c3d63a8ad444ea67ab6b77
ywx5,영월,젊은달와이파크,Younger than Yesterday Art Park,activity,37.2951,128.3609,90,"10:00–18:00 · 어른 15,000원 · 033-372-9411",주천면 송학주천로 1467-9 주소 기반 좌표 — 재검증 권장,0,0,0,0,0,1,,,,,,96db458ed63b3e34a1c3d63a8ad444ea67ab6b77
ywx6,영월,법흥사,Beopheungsa Temple,herit,37.2571,128.3055,70,상시 개방 · 무료 · 033-374-9177,무릉도원면 법흥리 주소 기반 좌표 — 재검증 권장,0,0,0,0,0,1,,,,,,96db458ed63b3e34a1c3d63a8ad444ea67ab6b77
ywx7,영월,영월곤충박물관,Yeongwol Insect Museum,activity,37.174,128.4741,50,"09:00–18:00 · 어른 3,000원 · 033-374-5888",영월읍 청령포로 61 주소 기반 좌표 — 재검증 권장,0,0,0,0,0,1,,,,,,96db458ed63b3e34a1c3d63a8ad444ea67ab6b77
ywx8,영월,단종역사관,Danjong History Museum,herit,37.1876,128.461,40,09:00–18:00 · 장릉 입장권 공용,영월읍 단종로 178 주소 기반 좌표 — 재검증 권장,0,0,0,0,0,1,,,,,,96db458ed63b3e34a1c3d63a8ad444ea67ab6b77
ywx9,영월,동강생태정보센터,Donggang Eco Information Center,heal,37.2,128.501,50,09:00–18:00 · 무료 · 033-375-6828,영월읍 거운리 주소 기반 좌표 — 재검증 권장,0,0,0,0,0,1,,,,,,96db458ed63b3e34a1c3d63a8ad444ea67ab6b77
gj1,경주,효우당,Hyowoodang,stay,35.8923,129.1786,180,15:00 IN / 11:00 OUT,현곡면 소현효자길 21-3 지오코딩 확인,0,0,0,1,0,0,lodging,,,,,96db458ed63b3e34a1c3d63a8ad444ea67ab6b77
gj2,경주,쪽샘 44호 신라공주묘,Jjoksaem Tomb No. 44,herit,35.8397,129.2163,40,09:00–18:00,쪽샘길 60 지오코딩 확인,0,0,0,1,0,1,,,,,,96db458ed63b3e34a1c3d63a8ad444ea67ab6b77
gj3,경주,동궁과 월지,Donggung & Wolji,herit,35.8348,129.2266,70,09:00–22:00,공식 관광정보 좌표,0,0,0,1,0,1,,,,,,96db458ed63b3e34a1c3d63a8ad444ea67ab6b77
gj4,경주,황리단길,Hwangnidan-gil,food,35.8377,129.2097,120,11:00–22:00,황리단길 대표 구간 중심점,0,0,0,1,0,1,,,,,,96db458ed63b3e34a1c3d63a8ad444ea67ab6b77
gj5,경주,경주월드,Gyeongju World,activity,35.8368,129.282,240,10:00–21:00,경주월드 주소 기준 지오코딩,0,0,0,1,0,1,,,,,,96db458ed63b3e34a1c3d63a8ad444ea67ab6b77
gj6,경주,경주 라원(미디어아트),Gyeongju Rawon Media Art,activity,35.847,129.2619,60,10:00–20:00,보문동 3-3 지오코딩 확인,0,0,0,1,0,1,,,,,,96db458ed63b3e34a1c3d63a8ad444ea67ab6b77
gj7,경주,추억의 달동네 (귀신의집),Memory Hill Village (Haunted House),activity,35.8036,129.3123,70,10:00–19:00,보불로 216-8 지오코딩 확인,0,0,0,1,0,1,,,,,,96db458ed63b3e34a1c3d63a8ad444ea67ab6b77
gjx1,경주,불국사,Bulguksa,herit,35.79,129.332,90,09:00–18:00 · 문의 054-746-9913,경주시 관광지 현황(공공데이터) 진현동 산15 · 대웅전 기준 지오코딩,1,1,0,0,0,1,,,,,,96db458ed63b3e34a1c3d63a8ad444ea67ab6b77
gjx2,경주,대릉원,Daereungwon,herit,35.8382,129.2128,70,"09:00–22:00 (매표 21:30) · 어른 3,000원 · 054-750-8650",경주시 관광지 현황(공공데이터) 황남동 31-1 · 지오코딩 확인,1,1,0,0,0,1,,,,,,96db458ed63b3e34a1c3d63a8ad444ea67ab6b77
gjx3,경주,첨성대,Cheomseongdae,herit,35.8347,129.2191,40,상시 개방 (야간 조명),경주시 관광지 현황(공공데이터) 인왕동 839-1 · 지오코딩 확인,1,1,0,0,0,1,,,,,,96db458ed63b3e34a1c3d63a8ad444ea67ab6b77
gjx4,경주,국립경주박물관,Gyeongju National Museum,herit,35.8292,129.2279,90,10:00–18:00 · 상설전시 무료 · 054-740-7500,경주시 관광지 현황(공공데이터) 일정로 186 · 지오코딩 확인,0,0,0,0,0,1,,,,,,96db458ed63b3e34a1c3d63a8ad444ea67ab6b77
gjx5,경주,석굴암,Seokguram Grotto,herit,35.7951,129.3489,60,"09:00–18:00 · 어른 6,000원 · 054-746-9933",경주시 관광지 현황(공공데이터) 불국로 873-243 · 지오코딩 확인,1,1,0,0,0,1,,,,,,96db458ed63b3e34a1c3d63a8ad444ea67ab6b77
gjx6,경주,월정교,Woljeonggyo Bridge,herit,35.8291,129.2173,40,상시 개방 · 누각 09:00–22:00 · 무료,경주시 관광지 현황(공공데이터) 교동 274 · 지오코딩 확인,0,0,0,0,0,1,,,,,,96db458ed63b3e34a1c3d63a8ad444ea67ab6b77
gjx7,경주,교촌마을,Gyochon Traditional Village,herit,35.8295,129.2148,50,상시 개방 · 무료 · 054-760-7880,경주시 관광지 현황(공공데이터) 교촌길 39-2 · 지오코딩 확인,0,0,0,0,0,1,,,,,,96db458ed63b3e34a1c3d63a8ad444ea67ab6b77
gjx8,경주,경주 양남 주상절리,Yangnam Columnar Joints,sea,35.6908,129.4746,50,전망대 09:00–18:00 · 무료 · 054-775-6366,경주시 관광지 현황(공공데이터) 양남면 동해안로 498-13 · 지오코딩 확인,0,0,0,0,0,1,,,,,,96db458ed63b3e34a1c3d63a8ad444ea67ab6b77
gjx9,경주,문무대왕릉,Tomb of King Munmu,sea,35.7395,129.4835,40,상시 개방 · 무료 · 054-779-6324,경주시 관광지 현황(공공데이터) 문무대왕면 봉길리 26 · 지오코딩 확인,0,0,0,0,0,1,,,,,,96db458ed63b3e34a1c3d63a8ad444ea67ab6b77
gjx10,경주,양동마을,Yangdong Folk Village,herit,35.9995,129.2547,90,"09:00–18:00 · 어른 4,000원 · 054-762-2630",경주시 관광지 현황(공공데이터) 강동면 양동마을길 138-18 · 지오코딩 확인,1,0,0,0,0,1,,,,,,96db458ed63b3e34a1c3d63a8ad444ea67ab6b77
gjx11,경주,경주 엑스포대공원,Gyeongju Expo Park,activity,35.833,129.2893,120,10:00–18:00 · 054-748-3011,경주시 관광지 현황(공공데이터) 경감로 614 · 지오코딩 확인,0,0,0,0,0,1,,,,,,96db458ed63b3e34a1c3d63a8ad444ea67ab6b77
gjx12,경주,금관총,Geumgwanchong,herit,35.84112,129.2098,50,09:00–18:00 · 무료 · 054-777-6100,경주시 관광지 현황(공공데이터) 노서동 104 · 지오코딩 확인,1,0,0,0,0,1,,,,,,96db458ed63b3e34a1c3d63a8ad444ea67ab6b77
gjx13,경주,오릉,Oreung,herit,35.8234,129.2088,50,"09:00–18:00 · 어른 2,000원 · 054-750-8614",경주시 관광지 현황(공공데이터) 탑동 67-1 · 지오코딩 확인,0,0,0,0,0,1,,,,,,96db458ed63b3e34a1c3d63a8ad444ea67ab6b77
gjx14,경주,감포항,Gampo Port,food,35.8041,129.5047,60,상시 · 공설시장 08:00–19:00,경주시 관광지 현황(공공데이터) 감포읍 감포로2길 93 · 지오코딩 확인,0,0,0,0,0,1,,,,,,96db458ed63b3e34a1c3d63a8ad444ea67ab6b77
gjx15,경주,경주 최부자댁,Choi Family House,herit,35.8309,129.2162,50,09:00–18:00 · 무료,경주시 관광지 현황(공공데이터) 교촌안길 27-44 · 지오코딩 확인,0,0,0,0,0,1,,,,,,96db458ed63b3e34a1c3d63a8ad444ea67ab6b77
gjx16,경주,계림,Gyerim Forest,heal,35.8326,129.219,40,상시 개방 · 무료 · 054-779-8743,경주시 관광지 현황(공공데이터) 교동 1 · 지오코딩 확인,1,0,0,0,0,1,,,,,,96db458ed63b3e34a1c3d63a8ad444ea67ab6b77
gjx17,경주,포석정,Poseokjeong,herit,35.807,129.2131,40,상시 개방 · 무료 · 054-745-8484,경주시 관광지 현황(공공데이터) 배동 454-1 · 지오코딩 확인,1,0,0,0,0,1,,,,,,96db458ed63b3e34a1c3d63a8ad444ea67ab6b77
gjx18,경주,보문관광단지,Bomun Resort Complex,heal,35.8428,129.2858,60,상시 개방 · 무료,경주시 관광지 현황(공공데이터) 신평동 375 · 지오코딩 확인,0,0,1,0,0,1,,,,,,96db458ed63b3e34a1c3d63a8ad444ea67ab6b77
gjx19,경주,힐튼 경주,Hilton Gyeongju,stay,35.84,129.286,0,체크인 15:00 · 054-745-7788,경주시 관광지 현황(공공데이터) 보문로 484-7 · 지오코딩 확인,0,0,0,0,0,0,lodging,,,,,96db458ed63b3e34a1c3d63a8ad444ea67ab6b77
gjx20,경주,신라밀레니엄파크,Silla Millennium Park,activity,35.8389,129.2887,150,"10:00–18:00 · 어른 26,000원 · 054-777-7000",경주시 관광지 현황(공공데이터) 보문로 484-7 · 지오코딩 확인,0,0,0,0,0,1,,,,,,96db458ed63b3e34a1c3d63a8ad444ea67ab6b77
gjx21,경주,월성,Wolseong Palace Site,herit,35.8309,129.2262,60,상시 개방 · 무료,경주시 관광지 현황(공공데이터) 인왕동 387-1 · 지오코딩 확인,1,0,0,0,0,1,,,,,,96db458ed63b3e34a1c3d63a8ad444ea67ab6b77
gjx22,경주,천마총,Cheonmachong,herit,35.8386,129.2105,50,"09:00–22:00 · 어른 3,000원 · 054-743-1925",경주시 관광지 현황(공공데이터) 황남동 262 · 지오코딩 확인,1,0,0,0,0,1,,,,,,96db458ed63b3e34a1c3d63a8ad444ea67ab6b77
gjx23,경주,봉황대,Bonghwangdae Mound,herit,35.8413,129.2106,30,상시 개방 · 무료,경주시 관광지 현황(공공데이터) 노동동 261 · 지오코딩 확인,1,0,0,0,0,1,,,,,,96db458ed63b3e34a1c3d63a8ad444ea67ab6b77
gjx24,경주,황룡사지,Hwangnyongsa Temple Site,herit,35.8388,129.2335,40,상시 개방 · 무료,경주시 관광지 현황(공공데이터) 구황동 320-2 · 지오코딩 확인,1,0,0,0,0,1,,,,,,96db458ed63b3e34a1c3d63a8ad444ea67ab6b77
gjx25,경주,성동시장,Seongdong Market,food,35.847,129.2164,60,08:00–19:00 · 054-772-4226,경주시 관광지 현황(공공데이터) 동문로24번길 12 · 지오코딩 확인,0,0,0,0,0,1,,,,,,96db458ed63b3e34a1c3d63a8ad444ea67ab6b77
gjx26,경주,중앙시장 야시장,Jungang Market Night Market,food,35.844,129.2063,70,금·토 18:00–23:00 · 054-743-3696,경주시 관광지 현황(공공데이터) 금성로 295 · 지오코딩 확인,0,0,0,0,0,1,,,,,,96db458ed63b3e34a1c3d63a8ad444ea67ab6b77
gjx27,경주,서출지,Seochulji Pond,heal,35.7965,129.2419,40,상시 개방 · 무료,경주시 관광지 현황(공공데이터) 남산1길 17 · 지오코딩 확인,1,0,0,0,0,1,,,,,,96db458ed63b3e34a1c3d63a8ad444ea67ab6b77
gjx28,경주,칠불암,Chilbulam Hermitage,herit,35.7785,129.234,120,일출–일몰 · 무료,경주시 관광지 현황(공공데이터) 칠불암길 201 · 지오코딩 확인,1,0,0,0,0,1,,,,,,96db458ed63b3e34a1c3d63a8ad444ea67ab6b77
gjx29,경주,감은사지,Gameunsa Temple Site,herit,35.7481,129.4773,40,상시 개방 · 무료,경주시 관광지 현황(공공데이터) 문무대왕면 용당리 55-9 · 지오코딩 확인,0,0,0,0,0,1,,,,,,96db458ed63b3e34a1c3d63a8ad444ea67ab6b77
gjx32,경주,경주 동궁원,Gyeongju Donggungwon,activity,35.85,129.2629,90,"09:00–18:00 · 어른 5,000원 · 054-779-8725",경주시 관광지 현황(공공데이터) 보문로 74-14 · 지오코딩 확인,0,0,0,0,0,1,,,,,,96db458ed63b3e34a1c3d63a8ad444ea67ab6b77
gjx33,경주,테디베어박물관,Teddy Bear Museum,activity,35.8523,129.2753,70,"09:00–18:00 · 어른 10,000원 · 054-742-7400",경주시 관광지 현황(공공데이터) 보문로 280-34 · 지오코딩 확인,0,0,0,0,0,1,,,,,,96db458ed63b3e34a1c3d63a8ad444ea67ab6b77
gjx34,경주,민속공예촌,Folk Craft Village,herit,35.8045,129.3112,70,09:00–18:00 · 무료 · 054-746-7270,경주시 관광지 현황(공공데이터) 보불로 230 · 지오코딩 확인,0,0,0,0,0,1,,,,,,96db458ed63b3e34a1c3d63a8ad444ea67ab6b77
gjx35,경주,옥산서원,Oksan Seowon,herit,36.0117,129.1633,60,09:00–18:00 · 무료 · 054-762-6567,경주시 관광지 현황(공공데이터) 안강읍 옥산서원길 216-27 · 지오코딩 확인,1,0,0,0,0,1,,,,,,96db458ed63b3e34a1c3d63a8ad444ea67ab6b77
gz1,거제,덕포해수욕장,Deokpo Beach,sea,34.9131,128.7126,70,상시 개방,거제시 관광정보 좌표,0,0,0,1,0,1,,,,,,96db458ed63b3e34a1c3d63a8ad444ea67ab6b77
gz2,거제,매미성,Maemi Fortress,sea,34.9682513,128.7051193,50,상시 개방,한국관광공사 좌표,0,0,0,1,0,1,,,,,,96db458ed63b3e34a1c3d63a8ad444ea67ab6b77
gz3,거제,해금강,Haegeumgang,sea,34.7333355,128.6839246,90,유람선 09:00–16:00,한국관광공사 좌표,0,0,0,1,0,1,,,,,,96db458ed63b3e34a1c3d63a8ad444ea67ab6b77
gz4,거제,바람의 언덕,Windy Hill,sea,34.7447,128.6631,60,상시 개방,한국관광공사 좌표,0,0,0,1,0,1,,,,,,96db458ed63b3e34a1c3d63a8ad444ea67ab6b77
gz5,거제,오션뷰 카페 씨야드,Seayard Ocean-view Cafe,sea,34.8552,128.5772,60,10:00–21:00,거제남서로 3613-70 지오코딩 확인,0,0,0,1,0,1,,,,,,96db458ed63b3e34a1c3d63a8ad444ea67ab6b77
gz6,거제,거제식물원,Geoje Botanic Garden,heal,34.8568,128.5782,80,09:00–18:00,관광정보 좌표,0,0,0,1,0,1,,,,,,96db458ed63b3e34a1c3d63a8ad444ea67ab6b77
gz7,거제,거제 파노라마 케이블카,Geoje Panorama Cable Car,heal,34.7868,128.6327,70,09:30–17:30,하부역사(거제중앙로 288) 지오코딩 확인,0,0,0,1,0,1,,,,,,96db458ed63b3e34a1c3d63a8ad444ea67ab6b77
gz8,거제,동부저수지,Dongbu Reservoir,heal,34.8125,128.6239,40,상시 개방,관광정보 좌표,0,0,0,1,0,1,,,,,,96db458ed63b3e34a1c3d63a8ad444ea67ab6b77
gz9,거제,고현동 상권,Gohyeon-dong District,food,34.8863,128.6239,90,11:00–23:00,고현시장 대표점 기준 분석점 (반경 500m),0,0,0,0,0,1,,,,,,96db458ed63b3e34a1c3d63a8ad444ea67ab6b77
gz10,거제,거제 고현시장,Gohyeon Market,food,34.8863,128.6239,50,08:00–20:00,거제중앙로 1883 지오코딩 확인,0,0,0,1,0,1,,,,,,96db458ed63b3e34a1c3d63a8ad444ea67ab6b77
gz11,거제,원조거제굴구이,Wonjo Geoje Grilled Oyster,food,34.84311,128.56209,80,11:00–21:00,거제면 내간리 977-5 지오코딩 확인 (구글 지도 공유 링크 기준),0,0,0,1,0,1,,,,,,96db458ed63b3e34a1c3d63a8ad444ea67ab6b77
gz12,거제,거제 전통 양곱창 전골,Geoje Gopchang Hot Pot,food,34.8927675,128.6264102,70,16:00–24:00,주소 기반 좌표,0,0,0,1,0,1,,,,,,96db458ed63b3e34a1c3d63a8ad444ea67ab6b77
gz13,거제,금농갈비,Geumnong Galbi,food,34.8895,128.6922,75,11:30–21:30,옥포로9길 6 지오코딩 확인,0,0,0,1,0,1,,,,,,96db458ed63b3e34a1c3d63a8ad444ea67ab6b77
gz14,거제,농소몽돌해수욕장,Nongso Mongdol Beach,sea,35.005,128.7011,60,상시 개방,거제북로 2593 지오코딩 확인,0,0,0,1,0,1,,,,,,96db458ed63b3e34a1c3d63a8ad444ea67ab6b77
gzx1,거제,외도 보타니아,Oedo Botania,heal,34.7697,128.7106,150,유람선 시간에 따름,한국관광 데이터랩 인기 관광지 · 일운면 외도길 17 지오코딩 확인,0,0,0,0,0,1,,,,,,96db458ed63b3e34a1c3d63a8ad444ea67ab6b77
gzx2,거제,학동 흑진주 몽돌해변,Hakdong Pebble Beach,sea,34.7725,128.6398,60,상시 개방,한국관광 데이터랩 인기 관광지 · 동부면 학동6길 30 지오코딩 확인,0,0,0,0,0,1,,,,,,96db458ed63b3e34a1c3d63a8ad444ea67ab6b77
gzx3,거제,신선대,Sinseondae,sea,34.7379,128.6648,40,상시 개방,한국관광 데이터랩 인기 관광지 · 남부면 갈곶리 산21-20 지오코딩 확인,0,0,0,0,0,1,,,,,,96db458ed63b3e34a1c3d63a8ad444ea67ab6b77
gzx4,거제,구조라성,Gujora Fortress,herit,34.7999,128.6911,50,상시 개방 · 무료,거제시 관광 안내 · 일운면 구조라리 산65-3 지오코딩 확인,0,0,0,0,0,1,,,,,,96db458ed63b3e34a1c3d63a8ad444ea67ab6b77
gzx5,거제,구조라해수욕장,Gujora Beach,sea,34.8088,128.6906,70,상시 개방 · 무료 · 055-639-4178,거제시 관광 안내 · 일운면 구조라리 500-1 지오코딩 확인,0,0,0,0,0,1,,,,,,96db458ed63b3e34a1c3d63a8ad444ea67ab6b77
gzx6,거제,지심도,Jisimdo Island,heal,34.8215,128.7501,240,"장승포항 도선 08:30–17:00 · 왕복 19,000원",거제시 관광 안내 · 일운면 지심도길 31-2 지오코딩 확인,0,0,0,0,0,1,,,,,,96db458ed63b3e34a1c3d63a8ad444ea67ab6b77
gzx7,거제,거제 포로수용소 유적공원,Geoje POW Camp Park,herit,34.8756,128.6247,110,"09:00–18:00 · 어른 7,000원 · 055-639-8125",거제시 관광 안내 · 계룡로 61 지오코딩 확인,0,0,1,0,0,1,,,,,,96db458ed63b3e34a1c3d63a8ad444ea67ab6b77
gzx8,거제,여차·홍포 전망대,Yeocha–Hongpo Lookout,sea,34.7038,128.6101,40,상시 개방 · 무료,거제시 관광 안내 · 남부면 다포리 산38-145 지오코딩 확인,0,0,0,0,0,1,,,,,,96db458ed63b3e34a1c3d63a8ad444ea67ab6b77
ctu1,부산,대변항,Daebyeonhang,sea,35.22053,129.23087,40,,부산 기장군 기장읍 대변리 274-17 · 전국시티투어 경유지 · 카카오 좌표,0,0,0,0,1,1,,,,,,96db458ed63b3e34a1c3d63a8ad444ea67ab6b77
ctu2,부산,국회부산도서관,Gukhoebusandoseogwan,herit,35.10346,128.90441,60,,부산 강서구 명지국제1로 161 · 전국시티투어 경유지 · 카카오 좌표,0,0,0,0,1,1,,,,,,96db458ed63b3e34a1c3d63a8ad444ea67ab6b77
ctu3,제주,오래물광장,Oraemulgwangjang,heal,33.50493,126.46676,60,,제주특별자치도 제주시 도두일동 2605-5 · 전국시티투어 경유지 · 카카오 좌표,0,0,0,0,1,1,,,,,,96db458ed63b3e34a1c3d63a8ad444ea67ab6b77
ctu4,제주,산지천,Sanjicheon,heal,33.51336,126.5274,60,,제주특별자치도 제주시 일도일동 1498 · 전국시티투어 경유지 · 카카오 좌표,0,0,0,0,1,1,,,,,,96db458ed63b3e34a1c3d63a8ad444ea67ab6b77
ctu5,대구,화원동산,Hwawondongsan,heal,35.81168,128.48133,60,,대구 달성군 화원읍 사문진로1길 40-14 · 전국시티투어 경유지 · 카카오 좌표,0,0,0,0,1,1,,,,,,96db458ed63b3e34a1c3d63a8ad444ea67ab6b77
ctu6,해남,산이정원,Sanijeongwon,heal,34.70906,126.38648,60,,전남광주통합특별시 해남군 산이면 구성리 664 · 전국시티투어 경유지 · 카카오 좌표,0,0,0,0,1,1,,,,,,96db458ed63b3e34a1c3d63a8ad444ea67ab6b77
ctu7,광양,광양향교,Gwangyanghyanggyo,herit,34.98247,127.58819,60,,전남광주통합특별시 광양시 광양읍 향교길 67 · 전국시티투어 경유지 · 카카오 좌표,0,0,0,0,1,1,,,,,,96db458ed63b3e34a1c3d63a8ad444ea67ab6b77
ctu8,광양,배알도 섬정원,Baealdo Seomjeongwon,heal,34.96356,127.75975,60,,전남광주통합특별시 광양시 태인동 산 1 · 전국시티투어 경유지 · 카카오 좌표,0,0,0,0,1,1,,,,,,96db458ed63b3e34a1c3d63a8ad444ea67ab6b77
ctu9,광양,전남도립미술관,Jeonnamdoripmisulgwan,activity,34.96775,127.58887,90,,전남광주통합특별시 광양시 광양읍 순광로 660 · 전국시티투어 경유지 · 카카오 좌표,0,0,0,0,1,1,,,,,,96db458ed63b3e34a1c3d63a8ad444ea67ab6b77
ctu10,광양,광양예술창고,Gwangyangyesulchanggo,activity,34.96822,127.58831,90,,전남광주통합특별시 광양시 광양읍 순광로 664 · 전국시티투어 경유지 · 카카오 좌표,0,0,0,0,1,1,,,,,,96db458ed63b3e34a1c3d63a8ad444ea67ab6b77
ctu11,광양,해오름육교,Haeoreumyukgyo,heal,34.9359,127.70984,60,,전남광주통합특별시 광양시 마동 1125 · 전국시티투어 경유지 · 카카오 좌표,0,0,0,0,1,1,,,,,,96db458ed63b3e34a1c3d63a8ad444ea67ab6b77
ctu12,여수,국동어항단지,Gukdongeohangdanji,heal,34.72982,127.72511,60,,전남광주통합특별시 여수시 봉산동 100 · 전국시티투어 경유지 · 카카오 좌표,0,0,0,0,1,1,,,,,,96db458ed63b3e34a1c3d63a8ad444ea67ab6b77
ctu13,여수,돌산대교,Dolsandaegyo,sea,34.73074,127.7347,40,,전남광주통합특별시 여수시 남산동 56-5 · 전국시티투어 경유지 · 카카오 좌표,0,0,0,0,1,1,,,,,,96db458ed63b3e34a1c3d63a8ad444ea67ab6b77
ctu14,여수,거북선대교,Geobukseondaegyo,sea,34.73385,127.74854,40,,전남광주통합특별시 여수시 돌산읍 우두리 758-11 · 전국시티투어 경유지 · 카카오 좌표,0,0,0,0,1,1,,,,,,96db458ed63b3e34a1c3d63a8ad444ea67ab6b77
ctu15,여수,만성리형제묘,Manseongrihyeongjemyo,herit,34.76902,127.75,60,,전남광주통합특별시 여수시 만흥동 산 269-2 · 전국시티투어 경유지 · 카카오 좌표,0,0,0,0,1,1,,,,,,96db458ed63b3e34a1c3d63a8ad444ea67ab6b77
ctu16,여수,여순사건희생자위령비,Yeosunsageonhuisaengjawiryeongbi,herit,34.76786,127.75065,60,,전남광주통합특별시 여수시 만흥동 149-6 · 전국시티투어 경유지 · 카카오 좌표,0,0,0,0,1,1,,,,,,96db458ed63b3e34a1c3d63a8ad444ea67ab6b77
ctu17,여수,둔병대교,Dunbyeongdaegyo,sea,34.63042,127.55574,40,,전남광주통합특별시 여수시 화정면 조발리 산 70 · 전국시티투어 경유지 · 카카오 좌표,0,0,0,0,1,1,,,,,,96db458ed63b3e34a1c3d63a8ad444ea67ab6b77
ctu18,여수,팔영대교,Palyeongdaegyo,sea,34.63142,127.50363,40,,전남광주통합특별시 여수시 화정면 적금리 813 · 전국시티투어 경유지 · 카카오 좌표,0,0,0,0,1,1,,,,,,96db458ed63b3e34a1c3d63a8ad444ea67ab6b77
ctu19,여수,서틀러다육식물원,Seoteulreodayuksikmulwon,activity,34.75305,127.61243,90,,전남광주통합특별시 여수시 소라면 현천리 1071-3 · 전국시티투어 경유지 · 카카오 좌표,0,0,0,0,1,1,,,,,,96db458ed63b3e34a1c3d63a8ad444ea67ab6b77
ctu20,화성,민들레연극마을,Mindeulreyeongeukmaeul,activity,37.03965,126.7979,90,,경기 화성시 만세구 우정읍 이화뱅곳길 22 · 전국시티투어 경유지 · 카카오 좌표,0,0,0,0,1,1,,,,,,96db458ed63b3e34a1c3d63a8ad444ea67ab6b77
ctu21,화성,융릉 건릉 역사문화관,Yungreung Geonreung Yeoksamunhwagwan,herit,37.20825,126.98899,60,,경기 화성시 병점구 효행로481번길 21 · 전국시티투어 경유지 · 카카오 좌표,0,0,0,0,1,1,,,,,,96db458ed63b3e34a1c3d63a8ad444ea67ab6b77
ctu24,밀양,천주교명례성지,Cheonjugyomyeongryeseongji,heal,35.35069,128.76556,60,,경남 밀양시 하남읍 명례안길 44-3 · 전국시티투어 경유지 · 카카오 좌표,0,0,0,0,1,1,,,,,,96db458ed63b3e34a1c3d63a8ad444ea67ab6b77
ctu25,밀양,밀양강둔치 야외공연장,Milyanggangdunchi Yaoegongyeonjang,activity,35.48975,128.75426,90,,경남 밀양시 삼문동 253-2 · 전국시티투어 경유지 · 카카오 좌표,0,0,0,0,1,1,,,,,,96db458ed63b3e34a1c3d63a8ad444ea67ab6b77
ctu26,사천,사천항공우주과학관,Sacheonhanggongujugwahakgwan,activity,35.07084,128.06356,90,,경남 사천시 사남면 공단1로 108 · 전국시티투어 경유지 · 카카오 좌표,0,0,0,0,1,1,,,,,,96db458ed63b3e34a1c3d63a8ad444ea67ab6b77
ctu27,사천,대방진굴항,Daebangjingulhang,sea,34.92891,128.05676,40,,경남 사천시 대방동 251 · 전국시티투어 경유지 · 카카오 좌표,0,0,0,0,1,1,,,,,,96db458ed63b3e34a1c3d63a8ad444ea67ab6b77
ctu28,사천,노을전망교,Noeuljeonmanggyo,sea,34.93343,128.04949,40,,경남 사천시 대방동 758-2 · 전국시티투어 경유지 · 카카오 좌표,0,0,0,0,1,1,,,,,,96db458ed63b3e34a1c3d63a8ad444ea67ab6b77
ctu29,영주,영주호 용마루공원2 평은역사,Yeongjuho Yongmarugongwon2 Pyeongeunyeoksa,activity,36.7199,128.6694,90,,경북 영주시 평은면 수변로 114-126 · 전국시티투어 경유지 · 카카오 좌표,0,0,0,0,1,1,,,,,,96db458ed63b3e34a1c3d63a8ad444ea67ab6b77
ctu30,익산,원불교 중앙총부,Wonbulgyo Jungangchongbu,heal,35.97102,126.95212,60,,전북특별자치도 익산시 익산대로 501 · 전국시티투어 경유지 · 카카오 좌표,0,0,0,0,1,1,,,,,,96db458ed63b3e34a1c3d63a8ad444ea67ab6b77
ctu31,서산,간월도,Ganwoldo,sea,36.60913,126.41859,40,,충남 서산시 부석면 간월도리 61-1 · 전국시티투어 경유지 · 카카오 좌표,0,0,0,0,1,1,,,,,,96db458ed63b3e34a1c3d63a8ad444ea67ab6b77
ctu32,서산,삼길포항,Samgilpohang,sea,37.00354,126.45279,40,,충남 서산시 대산읍 화곡리 1891 · 전국시티투어 경유지 · 카카오 좌표,0,0,0,0,1,1,,,,,,96db458ed63b3e34a1c3d63a8ad444ea67ab6b77
ctu33,연천,연천국악사랑방 서울경서도,Yeoncheongukaksarangbang Seoulgyeongseodo,heal,38.02769,127.06849,60,,경기 연천군 전곡읍 은전로78번길 14 · 전국시티투어 경유지 · 카카오 좌표,0,0,0,0,1,1,,,,,,96db458ed63b3e34a1c3d63a8ad444ea67ab6b77
ctu35,평택,팽성읍객사,Paengseongeupgaeksa,herit,36.96485,127.06342,60,,경기 평택시 팽성읍 동서촌로 101-3 · 전국시티투어 경유지 · 카카오 좌표,0,0,0,0,1,1,,,,,,96db458ed63b3e34a1c3d63a8ad444ea67ab6b77
ctu37,의정부,자일 산림욕장,Jail Sanrimyokjang,heal,37.76905,127.10949,60,,경기 의정부시 자일동 산 87 · 전국시티투어 경유지 · 카카오 좌표,0,0,0,0,1,1,,,,,,96db458ed63b3e34a1c3d63a8ad444ea67ab6b77
ctu38,의정부,백영수미술관,Baekyeongsumisulgwan,activity,37.7137,127.0444,90,,경기 의정부시 안말로58번안길 55-1 · 전국시티투어 경유지 · 카카오 좌표,0,0,0,0,1,1,,,,,,96db458ed63b3e34a1c3d63a8ad444ea67ab6b77
ctu41,봉화,오전약수관광지,Ojeonyaksugwangwangji,heal,37.013,128.74873,60,,경북 봉화군 물야면 오전약수탕길 18-24 · 전국시티투어 경유지 · 카카오 좌표,0,0,0,0,1,1,,,,,,96db458ed63b3e34a1c3d63a8ad444ea67ab6b77
ctu42,정선,아리랑센터,Arirangsenteo,heal,37.37638,128.67154,60,,강원특별자치도 정선군 정선읍 애산로 51 · 전국시티투어 경유지 · 카카오 좌표,0,0,0,0,1,1,,,,,,96db458ed63b3e34a1c3d63a8ad444ea67ab6b77
ctu43,가평,공유양조벤처센터 술지움,Gongyuyangjobencheosenteo Suljium,heal,37.75492,127.40763,60,,경기 가평군 상면 청군로 248 · 전국시티투어 경유지 · 카카오 좌표,0,0,0,0,1,1,,,,,,96db458ed63b3e34a1c3d63a8ad444ea67ab6b77
ctu44,가평,가평크루즈,Gapyeongkeurujeu,heal,37.69002,127.51899,60,,경기 가평군 설악면 미사리로 267-19 · 전국시티투어 경유지 · 카카오 좌표,0,0,0,0,1,1,,,,,,96db458ed63b3e34a1c3d63a8ad444ea67ab6b77
ctu46,시흥,배곧천,Baegotcheon,heal,37.36555,126.72884,60,,경기 시흥시 배곧동 256-3 · 전국시티투어 경유지 · 카카오 좌표,0,0,0,0,1,1,,,,,,96db458ed63b3e34a1c3d63a8ad444ea67ab6b77
ctu47,시흥,배다리선착장,Baedariseonchakjang,sea,37.34851,126.69334,40,,경기 시흥시 정왕동 · 전국시티투어 경유지 · 카카오 좌표,0,0,0,0,1,1,,,,,,96db458ed63b3e34a1c3d63a8ad444ea67ab6b77
ctu48,인천,석모도수목원,Seokmodosumokwon,heal,37.69119,126.32649,60,,인천 강화군 삼산면 삼산북로449번길 161 · 전국시티투어 경유지 · 카카오 좌표,0,0,0,0,1,1,,,,,,96db458ed63b3e34a1c3d63a8ad444ea67ab6b77
ctu49,안산,방아머리선착장,Bangameoriseonchakjang,sea,37.29636,126.57442,40,,경기 안산시 단원구 대부황금로 1567-3 · 전국시티투어 경유지 · 카카오 좌표,0,0,0,0,1,1,,,,,,96db458ed63b3e34a1c3d63a8ad444ea67ab6b77
ctu50,안산,그랑꼬또와이너리,Geurangkkottowaineori,heal,37.25734,126.58216,60,,경기 안산시 단원구 뻐꾹산길 107 · 전국시티투어 경유지 · 카카오 좌표,0,0,0,0,1,1,,,,,,96db458ed63b3e34a1c3d63a8ad444ea67ab6b77
ctu51,세종,정부세종컨벤션센터 홍보동 출입구,Jeongbusejongkeonbensyeonsenteo Hongbodong Chulipgu,heal,36.50063,127.27213,60,,세종특별자치시 어진동 34-44 · 전국시티투어 경유지 · 카카오 좌표,0,0,0,0,1,1,,,,,,96db458ed63b3e34a1c3d63a8ad444ea67ab6b77
ctu52,화순,이서커뮤니티센터,Iseokeomyunitisenteo,heal,35.11074,127.0794,60,,전남광주통합특별시 화순군 이서면 백아로 3114 · 전국시티투어 경유지 · 카카오 좌표,0,0,0,0,1,1,,,,,,96db458ed63b3e34a1c3d63a8ad444ea67ab6b77
ctu53,춘천,소양아트서클,Soyangateuseokeul,heal,37.89398,127.72687,60,,강원특별자치도 춘천시 소양로1가 47-1 · 전국시티투어 경유지 · 카카오 좌표,0,0,0,0,1,1,,,,,,96db458ed63b3e34a1c3d63a8ad444ea67ab6b77
ctu54,춘천,KT플라자 춘천점,KTpeulraja Chuncheonjeom,heal,37.88229,127.72407,60,,강원특별자치도 춘천시 금강로 11 · 전국시티투어 경유지 · 카카오 좌표,0,0,0,0,1,1,,,,,,96db458ed63b3e34a1c3d63a8ad444ea67ab6b77
ctu55,김해,대성동고분박물관,Daeseongdonggobunbakmulgwan,herit,35.23647,128.87309,60,,경남 김해시 가야의길 126 · 전국시티투어 경유지 · 카카오 좌표,0,0,0,0,1,1,,,,,,96db458ed63b3e34a1c3d63a8ad444ea67ab6b77
ctu56,영광,숲쟁이꽃동산,Supjaengikkotdongsan,heal,35.36393,126.43367,60,,전남광주통합특별시 영광군 법성면 진내리 · 전국시티투어 경유지 · 카카오 좌표,0,0,0,0,1,1,,,,,,96db458ed63b3e34a1c3d63a8ad444ea67ab6b77
ctu57,영광,영광물무산행복숲 질퍽질퍽맨발황톳길,Yeonggwangmulmusanhaengboksup Jilpeokjilpeokmaenbalhwangtotgil,heal,35.27682,126.53579,60,,전남광주통합특별시 영광군 묘량면 덕흥리 615 · 전국시티투어 경유지 · 카카오 좌표,0,0,0,0,1,1,,,,,,96db458ed63b3e34a1c3d63a8ad444ea67ab6b77
ctu58,완주,플리커책방 두베점,Peulrikeochaekbang Dubejeom,heal,35.90406,127.24279,60,,전북특별자치도 완주군 소양면 송광수만로 500 · 전국시티투어 경유지 · 카카오 좌표,0,0,0,0,1,1,,,,,,96db458ed63b3e34a1c3d63a8ad444ea67ab6b77
ctu59,곡성,곡성기차마을전통시장 저온저장고,Gokseonggichamaeuljeontongsijang Jeoonjeojanggo,heal,35.27953,127.29893,60,,전남광주통합특별시 곡성군 곡성읍 곡성로 856 · 전국시티투어 경유지 · 카카오 좌표,0,0,0,0,1,1,,,,,,96db458ed63b3e34a1c3d63a8ad444ea67ab6b77
ctu60,대전,낙조,Nakjo,heal,36.31988,127.42482,60,,대전 중구 수도산로 3 · 전국시티투어 경유지 · 카카오 좌표,0,0,0,0,1,1,,,,,,96db458ed63b3e34a1c3d63a8ad444ea67ab6b77
ctu61,홍천,홍천무궁화수목원,Hongcheonmugunghwasumokwon,heal,37.72248,127.83396,60,,강원특별자치도 홍천군 북방면 능평리 산 57 · 전국시티투어 경유지 · 카카오 좌표,0,0,0,0,1,1,,,,,,96db458ed63b3e34a1c3d63a8ad444ea67ab6b77
ctu62,대전,계룡산국립공원 수통골,Gyeryongsangukripgongwon Sutonggol,heal,36.34532,127.28856,60,,대전 유성구 수통골로 47-3 · 전국시티투어 경유지 · 카카오 좌표,0,0,0,0,1,1,,,,,,96db458ed63b3e34a1c3d63a8ad444ea67ab6b77
ctu63,경산,갓바위탐방지원센터,Gatbawitambangjiwonsenteo,heal,35.98552,128.7488,60,,경북 경산시 와촌면 갓바위로 595 · 전국시티투어 경유지 · 카카오 좌표,0,0,0,0,1,1,,,,,,96db458ed63b3e34a1c3d63a8ad444ea67ab6b77
ctu64,경산,경산의삽살개육종연구소,Gyeongsanuisapsalgaeyukjongyeonguso,heal,35.95246,128.80298,60,,경북 경산시 와촌면 삽살개공원길 37 · 전국시티투어 경유지 · 카카오 좌표,0,0,0,0,1,1,,,,,,96db458ed63b3e34a1c3d63a8ad444ea67ab6b77
ctu65,울산,태화강국가정원 십리대숲,Taehwaganggukgajeongwon Sipridaesup,heal,35.54564,129.29655,60,,울산 중구 태화동 636 · 전국시티투어 경유지 · 카카오 좌표,0,0,0,0,1,1,,,,,,96db458ed63b3e34a1c3d63a8ad444ea67ab6b77
ctu66,서울,DMZ관광,DMZgwangwang,heal,37.54623,126.95217,60,,서울 마포구 마포대로 127 · 전국시티투어 경유지 · 카카오 좌표,0,0,0,0,1,1,,,,,,96db458ed63b3e34a1c3d63a8ad444ea67ab6b77
ctu67,서울,스노우피크 롯데아울렛서울역점,Seunoupikeu Rotdeaulretseoulyeokjeom,activity,37.55466,126.97046,90,,서울 중구 한강대로 405 · 전국시티투어 경유지 · 카카오 좌표,0,0,0,0,1,1,,,,,,96db458ed63b3e34a1c3d63a8ad444ea67ab6b77
ctu68,서울,황금텃밭농장,Hwanggeumteotbatnongjang,activity,37.5807,126.79135,90,,서울 강서구 개화동 497-2 · 전국시티투어 경유지 · 카카오 좌표,0,0,0,0,1,1,,,,,,96db458ed63b3e34a1c3d63a8ad444ea67ab6b77
ctu69,서울,별빛남문시장 6번 게이트,Byeolbitnammunsijang 6beon Geiteu,heal,37.47497,126.90088,60,,서울 금천구 독산동 997-15 · 전국시티투어 경유지 · 카카오 좌표,0,0,0,0,1,1,,,,,,96db458ed63b3e34a1c3d63a8ad444ea67ab6b77
ctt1,부산,낙동강하구에코센터,Nakdongganghaguekosenteo,herit,35.10439,128.94583,60,,부산 사하구 낙동남로 1240 · 전국시티투어 경유지 · 카카오 좌표,0,0,0,0,1,1,,,,,,96db458ed63b3e34a1c3d63a8ad444ea67ab6b77
ctt2,부산,송도구름산책로 송도365,Songdogureumsanchaekro Songdo365,heal,35.07534,129.02229,60,,부산 서구 암남동 129-4 · 전국시티투어 경유지 · 카카오 좌표,0,0,0,0,1,1,,,,,,96db458ed63b3e34a1c3d63a8ad444ea67ab6b77
ctt3,부산,암남공원,Amnamgongwon,heal,35.05859,129.01568,60,,부산 서구 암남동 산 193-4 · 전국시티투어 경유지 · 카카오 좌표,0,0,0,0,1,1,,,,,,96db458ed63b3e34a1c3d63a8ad444ea67ab6b77
ctt4,부산,동아대학교 석당박물관,Dongadaehakgyo Seokdangbakmulgwan,herit,35.10485,129.01946,60,,부산 서구 구덕로 225 · 전국시티투어 경유지 · 카카오 좌표,0,0,0,0,1,1,,,,,,96db458ed63b3e34a1c3d63a8ad444ea67ab6b77
ctt5,부산,천마산하늘전망대,Cheonmasanhaneuljeonmangdae,activity,35.09357,129.01733,90,,부산 서구 해돋이로183번길 17-4 · 전국시티투어 경유지 · 카카오 좌표,0,0,0,0,1,1,,,,,,96db458ed63b3e34a1c3d63a8ad444ea67ab6b77
ctt6,부산,평화공원,Pyeonghwagongwon,heal,35.1258,129.10031,60,,부산 남구 대연동 706-5 · 전국시티투어 경유지 · 카카오 좌표,0,0,0,0,1,1,,,,,,96db458ed63b3e34a1c3d63a8ad444ea67ab6b77
ctt7,부산,BIFF광장,BIFFgwangjang,food,35.09887,129.02905,50,,부산 중구 남포동3가 15-1 · 전국시티투어 경유지 · 카카오 좌표,0,0,0,0,1,1,,,,,,96db458ed63b3e34a1c3d63a8ad444ea67ab6b77
ctt8,부산,UN기념공원 안내소,UNginyeomgongwon Annaeso,heal,35.1268,129.09596,60,,부산 남구 유엔평화로 93 · 전국시티투어 경유지 · 카카오 좌표,0,0,0,0,1,1,,,,,,96db458ed63b3e34a1c3d63a8ad444ea67ab6b77
ctt9,대구,군위한밤마을 돌담길,Gunwihanbammaeul Doldamgil,food,36.05926,128.655,50,,대구 군위군 부계면 한티로 2137-3 · 전국시티투어 경유지 · 카카오 좌표,0,0,0,0,1,1,,,,,,96db458ed63b3e34a1c3d63a8ad444ea67ab6b77
ctt10,대구,삼국유사테마파크,Samgukyusatemapakeu,activity,36.16423,128.69612,90,,대구 군위군 의흥면 일연테마로 100 · 전국시티투어 경유지 · 카카오 좌표,0,0,0,0,1,1,,,,,,96db458ed63b3e34a1c3d63a8ad444ea67ab6b77
ctt11,대구,사라온이야기마을,Saraoniyagimaeul,activity,36.23623,128.56742,90,,대구 군위군 군위읍 동서길 49 · 전국시티투어 경유지 · 카카오 좌표,0,0,0,0,1,1,,,,,,96db458ed63b3e34a1c3d63a8ad444ea67ab6b77
ctt12,대구,영화 리틀포레스트 촬영지,Yeonghwa Riteulporeseuteu Chwalyeongji,heal,36.17973,128.66452,60,,대구 군위군 우보면 미성5길 58-1 · 전국시티투어 경유지 · 카카오 좌표,0,0,0,0,1,1,,,,,,96db458ed63b3e34a1c3d63a8ad444ea67ab6b77
ctt13,대구,도동서원,Dodongseowon,herit,35.70102,128.37193,60,,대구 달성군 구지면 도동서원로 1 · 전국시티투어 경유지 · 카카오 좌표,0,0,0,0,1,1,,,,,,96db458ed63b3e34a1c3d63a8ad444ea67ab6b77
ctt14,대구,송해공원,Songhaegongwon,heal,35.76858,128.4874,60,,대구 달성군 옥포읍 기세리 969-44 · 전국시티투어 경유지 · 카카오 좌표,0,0,0,0,1,1,,,,,,96db458ed63b3e34a1c3d63a8ad444ea67ab6b77
ctt15,대구,비슬산자연휴양림,Biseulsanjayeonhyuyangrim,heal,35.68963,128.51362,60,,대구 달성군 유가읍 일연선사길 99 · 전국시티투어 경유지 · 카카오 좌표,0,0,0,0,1,1,,,,,,96db458ed63b3e34a1c3d63a8ad444ea67ab6b77
ctt16,대구,대구수목원,Daegusumokwon,heal,35.79972,128.52202,60,,대구 달서구 화암로 342 · 전국시티투어 경유지 · 카카오 좌표,0,0,0,0,1,1,,,,,,96db458ed63b3e34a1c3d63a8ad444ea67ab6b77
ctt17,대구,마비정벽화마을,Mabijeongbyeokhwamaeul,herit,35.77877,128.54161,60,,대구 달성군 화원읍 마비정길 262-5 · 전국시티투어 경유지 · 카카오 좌표,0,0,0,0,1,1,,,,,,96db458ed63b3e34a1c3d63a8ad444ea67ab6b77
ctt18,대구,화원자연휴양림,Hwawonjayeonhyuyangrim,heal,35.77223,128.53561,60,,대구 달성군 화원읍 화원휴양림길 126 · 전국시티투어 경유지 · 카카오 좌표,0,0,0,0,1,1,,,,,,96db458ed63b3e34a1c3d63a8ad444ea67ab6b77
ctt19,대구,대명유수지,Daemyeongyusuji,heal,35.82237,128.49105,60,,대구 달서구 대천동 816 · 전국시티투어 경유지 · 카카오 좌표,0,0,0,0,1,1,,,,,,96db458ed63b3e34a1c3d63a8ad444ea67ab6b77
ctt20,대구,삼존석굴모전석탑,Samjonseokgulmojeonseoktap,herit,36.04872,128.64091,60,,대구 군위군 부계면 남산4길 24 · 전국시티투어 경유지 · 카카오 좌표,0,0,0,0,1,1,,,,,,96db458ed63b3e34a1c3d63a8ad444ea67ab6b77
ctt21,대구,김수환추기경사랑과나눔공원,Gimsuhwanchugigyeongsaranggwananumgongwon,heal,36.23237,128.59964,60,,대구 군위군 군위읍 군위금성로 270 · 전국시티투어 경유지 · 카카오 좌표,0,0,0,0,1,1,,,,,,96db458ed63b3e34a1c3d63a8ad444ea67ab6b77
ctt22,대구,엄마아빠어렸을적에,Eommaappaeoryeoteuljeoke,activity,36.1278,128.69667,90,,대구 군위군 산성면 산성가음로 722 · 전국시티투어 경유지 · 카카오 좌표,0,0,0,0,1,1,,,,,,96db458ed63b3e34a1c3d63a8ad444ea67ab6b77
ctt23,대구,화원유원지,Hwawonyuwonji,heal,35.81306,128.48236,60,,대구 달성군 화원읍 사문진로1길 40-14 · 전국시티투어 경유지 · 카카오 좌표,0,0,0,0,1,1,,,,,,96db458ed63b3e34a1c3d63a8ad444ea67ab6b77
ctt24,대구,달성습지,Dalseongseupji,heal,35.82333,128.4834,60,,대구 달성군 화원읍 구라리 1769 · 전국시티투어 경유지 · 카카오 좌표,0,0,0,0,1,1,,,,,,96db458ed63b3e34a1c3d63a8ad444ea67ab6b77
ctt25,대구,디아크문화관,Diakeumunhwagwan,heal,35.83885,128.46807,60,,대구 달성군 다사읍 강정본길 57 · 전국시티투어 경유지 · 카카오 좌표,0,0,0,0,1,1,,,,,,96db458ed63b3e34a1c3d63a8ad444ea67ab6b77
ctt26,대구,봉무공원,Bongmugongwon,heal,35.9194,128.65018,60,,대구 동구 팔공로50길 66 · 전국시티투어 경유지 · 카카오 좌표,0,0,0,0,1,1,,,,,,96db458ed63b3e34a1c3d63a8ad444ea67ab6b77
ctt27,대구,갓바위 자생식물원,Gatbawi Jasaengsikmulwon,heal,35.97083,128.72554,60,,대구 동구 갓바위로 223-7 · 전국시티투어 경유지 · 카카오 좌표,0,0,0,0,1,1,,,,,,96db458ed63b3e34a1c3d63a8ad444ea67ab6b77
ctt28,대구,대구방짜유기박물관,Daegubangjjayugibakmulgwan,herit,35.96561,128.70127,60,,대구 동구 도장길 29 · 전국시티투어 경유지 · 카카오 좌표,0,0,0,0,1,1,,,,,,96db458ed63b3e34a1c3d63a8ad444ea67ab6b77
ctt29,대구,대구중구골목투어 근대문화골목(2코스),Daegujunggugolmoktueo Geundaemunhwagolmok(2koseu),heal,35.86787,128.5903,60,,대구 중구 장관동 55-1 · 전국시티투어 경유지 · 카카오 좌표,0,0,0,0,1,1,,,,,,96db458ed63b3e34a1c3d63a8ad444ea67ab6b77
ctt30,대구,두류공원,Duryugongwon,heal,35.84863,128.55903,60,,대구 달서구 두류동 산 310-9 · 전국시티투어 경유지 · 카카오 좌표,0,0,0,0,1,1,,,,,,96db458ed63b3e34a1c3d63a8ad444ea67ab6b77
ctt31,대구,앞산해넘이전망대,Apsanhaeneomijeonmangdae,activity,35.83181,128.5657,90,,대구 남구 대명동 산 218-15 · 전국시티투어 경유지 · 카카오 좌표,0,0,0,0,1,1,,,,,,96db458ed63b3e34a1c3d63a8ad444ea67ab6b77
ctt32,대구,대구앞산공원,Daeguapsangongwon,heal,35.82722,128.58766,60,,대구 남구 대명동 산 227-5 · 전국시티투어 경유지 · 카카오 좌표,0,0,0,0,1,1,,,,,,96db458ed63b3e34a1c3d63a8ad444ea67ab6b77
ctt33,대구,고산골공룡공원,Gosangolgongryonggongwon,activity,35.83004,128.60345,90,,대구 남구 용두2길 43 · 전국시티투어 경유지 · 카카오 좌표,0,0,0,0,1,1,,,,,,96db458ed63b3e34a1c3d63a8ad444ea67ab6b77
ctt34,대구,메타세콰이어길,Metasekwaieogil,heal,35.84998,128.48,60,,대구 달서구 호산로 126 · 전국시티투어 경유지 · 카카오 좌표,0,0,0,0,1,1,,,,,,96db458ed63b3e34a1c3d63a8ad444ea67ab6b77
ctt35,대구,동촌유원지,Dongchonyuwonji,heal,35.88262,128.65047,60,,대구 동구 효동로6길 73 · 전국시티투어 경유지 · 카카오 좌표,0,0,0,0,1,1,,,,,,96db458ed63b3e34a1c3d63a8ad444ea67ab6b77
ctt36,광양,광양김시식지,Gwangyanggimsisikji,herit,34.94686,127.75171,60,,전남광주통합특별시 광양시 김시식지1길 57-6 · 전국시티투어 경유지 · 카카오 좌표,0,0,0,0,1,1,,,,,,96db458ed63b3e34a1c3d63a8ad444ea67ab6b77
ctt37,광양,섬진강망덕포구먹거리타운,Seomjingangmangdeokpogumeokgeoritaun,food,34.97072,127.75931,50,,전남광주통합특별시 광양시 진월면 망덕리 845-82 · 전국시티투어 경유지 · 카카오 좌표,0,0,0,0,1,1,,,,,,96db458ed63b3e34a1c3d63a8ad444ea67ab6b77
ctt38,광양,조선수군지 선소기념관,Joseonsugunji Seonsoginyeomgwan,herit,34.97867,127.7584,60,,전남광주통합특별시 광양시 진월면 선소중앙길 31 · 전국시티투어 경유지 · 카카오 좌표,0,0,0,0,1,1,,,,,,96db458ed63b3e34a1c3d63a8ad444ea67ab6b77
ctt39,광양,백운산자연휴양림,Baekunsanjayeonhyuyangrim,heal,35.05372,127.59743,60,,전남광주통합특별시 광양시 옥룡면 백계로 337 · 전국시티투어 경유지 · 카카오 좌표,0,0,0,0,1,1,,,,,,96db458ed63b3e34a1c3d63a8ad444ea67ab6b77
ctt40,광양,백운산산림박물관,Baekunsansanrimbakmulgwan,herit,35.05314,127.5974,60,,전남광주통합특별시 광양시 옥룡면 백계로 337-1 · 전국시티투어 경유지 · 카카오 좌표,0,0,0,0,1,1,,,,,,96db458ed63b3e34a1c3d63a8ad444ea67ab6b77
ctt41,광양,광양불고기특화거리,Gwangyangbulgogiteukhwageori,food,34.96946,127.57905,50,,전남광주통합특별시 광양시 광양읍 칠성리 · 전국시티투어 경유지 · 카카오 좌표,0,0,0,0,1,1,,,,,,96db458ed63b3e34a1c3d63a8ad444ea67ab6b77
ctt42,광양,광양시관광안내소,Gwangyangsigwangwangannaeso,heal,34.93646,127.69846,60,,전남광주통합특별시 광양시 중마중앙로 70 · 전국시티투어 경유지 · 카카오 좌표,0,0,0,0,1,1,,,,,,96db458ed63b3e34a1c3d63a8ad444ea67ab6b77
ctt43,광양,이순신대교 먹거리타운,Isunsindaegyo Meokgeoritaun,food,34.93427,127.69997,50,,전남광주통합특별시 광양시 중동 1800 · 전국시티투어 경유지 · 카카오 좌표,0,0,0,0,1,1,,,,,,96db458ed63b3e34a1c3d63a8ad444ea67ab6b77
ctt44,여수,소호동동다리,Sohodongdongdari,heal,34.74088,127.65075,60,,전남광주통합특별시 여수시 소호동 498-1 · 전국시티투어 경유지 · 카카오 좌표,0,0,0,0,1,1,,,,,,96db458ed63b3e34a1c3d63a8ad444ea67ab6b77
ctt45,여수,여수선소유적,Yeosuseonsoyujeok,herit,34.75501,127.66322,60,,전남광주통합특별시 여수시 시전동 708 · 전국시티투어 경유지 · 카카오 좌표,0,0,0,0,1,1,,,,,,96db458ed63b3e34a1c3d63a8ad444ea67ab6b77
ctt46,여수,하멜전시관,Hameljeonsigwan,activity,34.7367,127.74854,90,,전남광주통합특별시 여수시 하멜로 96 · 전국시티투어 경유지 · 카카오 좌표,0,0,0,0,1,1,,,,,,96db458ed63b3e34a1c3d63a8ad444ea67ab6b77
ctt47,여수,여수국가산업단지전망대,Yeosugukgasaneopdanjijeonmangdae,activity,34.80127,127.64843,90,,전남광주통합특별시 여수시 화치동 산 183-1 · 전국시티투어 경유지 · 카카오 좌표,0,0,0,0,1,1,,,,,,96db458ed63b3e34a1c3d63a8ad444ea67ab6b77
ctt48,여수,여수충민사,Yeosuchungminsa,herit,34.75858,127.73482,60,,전남광주통합특별시 여수시 충민사길 52-23 · 전국시티투어 경유지 · 카카오 좌표,0,0,0,0,1,1,,,,,,96db458ed63b3e34a1c3d63a8ad444ea67ab6b77
ctt49,여수,고소대,Gosodae,herit,34.74011,127.73872,60,,전남광주통합특별시 여수시 고소3길 13 · 전국시티투어 경유지 · 카카오 좌표,0,0,0,0,1,1,,,,,,96db458ed63b3e34a1c3d63a8ad444ea67ab6b77
ctt50,여수,이충무공 어머니 사시던 곳,Ichungmugong Eomeoni Sasideon Got,herit,34.74188,127.68483,60,,전남광주통합특별시 여수시 신월로 195 · 전국시티투어 경유지 · 카카오 좌표,0,0,0,0,1,1,,,,,,96db458ed63b3e34a1c3d63a8ad444ea67ab6b77
ctt51,여수,여순사건 기념관,Yeosunsageon Ginyeomgwan,herit,34.74542,127.76606,60,,전남광주통합특별시 여수시 오동도로 242 · 전국시티투어 경유지 · 카카오 좌표,0,0,0,0,1,1,,,,,,96db458ed63b3e34a1c3d63a8ad444ea67ab6b77
ctt52,여수,낭도,Nangdo,sea,34.60745,127.547,40,,전남광주통합특별시 여수시 화정면 낭도리 산 197 · 전국시티투어 경유지 · 카카오 좌표,0,0,0,0,1,1,,,,,,96db458ed63b3e34a1c3d63a8ad444ea67ab6b77
ctt53,여수,적금도,Jeokgeumdo,sea,34.62887,127.51411,40,,전남광주통합특별시 여수시 화정면 적금리 378 · 전국시티투어 경유지 · 카카오 좌표,0,0,0,0,1,1,,,,,,96db458ed63b3e34a1c3d63a8ad444ea67ab6b77
ctt54,여수,적금도전망공원,Jeokgeumdojeonmanggongwon,heal,34.62335,127.51526,60,,전남광주통합특별시 여수시 화정면 적금리 158 · 전국시티투어 경유지 · 카카오 좌표,0,0,0,0,1,1,,,,,,96db458ed63b3e34a1c3d63a8ad444ea67ab6b77
ctt55,여수,가사리생태공원,Gasarisaengtaegongwon,heal,34.74739,127.59619,60,,전남광주통합특별시 여수시 소라면 현천리 1038-2 · 전국시티투어 경유지 · 카카오 좌표,0,0,0,0,1,1,,,,,,96db458ed63b3e34a1c3d63a8ad444ea67ab6b77
ctt56,여수,전남광주통합특별시해양수산과학관,Jeonnamgwangjutonghapteukbyeolsihaeyangsusangwahakgwan,heal,34.68375,127.77598,60,,전남광주통합특별시 여수시 돌산읍 돌산로 2876 · 전국시티투어 경유지 · 카카오 좌표,0,0,0,0,1,1,,,,,,96db458ed63b3e34a1c3d63a8ad444ea67ab6b77
ctt57,목포,유달유원지,Yudalyuwonji,heal,34.78745,126.36745,60,,전남광주통합특별시 목포시 죽교동 465-142 · 전국시티투어 경유지 · 카카오 좌표,0,0,0,0,1,1,,,,,,96db458ed63b3e34a1c3d63a8ad444ea67ab6b77
ctt58,목포,목포스카이워크,Mokposeukaiwokeu,heal,34.78773,126.36728,60,,전남광주통합특별시 목포시 해양대학로 59 · 전국시티투어 경유지 · 카카오 좌표,0,0,0,0,1,1,,,,,,96db458ed63b3e34a1c3d63a8ad444ea67ab6b77
ctt59,목포,가톨릭목포성지 역사박물관,Gatolrikmokposeongji Yeoksabakmulgwan,herit,34.79956,126.386,60,,전남광주통합특별시 목포시 노송길 35 · 전국시티투어 경유지 · 카카오 좌표,0,0,0,0,1,1,,,,,,96db458ed63b3e34a1c3d63a8ad444ea67ab6b77
ctt60,목포,김대중노벨평화상기념관,Gimdaejungnobelpyeonghwasangginyeomgwan,herit,34.78291,126.39219,60,,전남광주통합특별시 목포시 삼학로92번길 68 · 전국시티투어 경유지 · 카카오 좌표,0,0,0,0,1,1,,,,,,96db458ed63b3e34a1c3d63a8ad444ea67ab6b77
ctt61,목포,목포자연사박물관,Mokpojayeonsabakmulgwan,herit,34.79373,126.42107,60,,전남광주통합특별시 목포시 남농로 135 · 전국시티투어 경유지 · 카카오 좌표,0,0,0,0,1,1,,,,,,96db458ed63b3e34a1c3d63a8ad444ea67ab6b77
ctt62,화성,화성요트,Hwaseongyoteu,activity,37.1856,126.65105,90,,경기 화성시 만세구 서신면 전곡항로 5 · 전국시티투어 경유지 · 카카오 좌표,0,0,0,0,1,1,,,,,,96db458ed63b3e34a1c3d63a8ad444ea67ab6b77
ctt63,화성,화성시공예문화관,Hwaseongsigongyemunhwagwan,heal,37.04313,126.75413,60,,경기 화성시 만세구 우정읍 고온리안길 24-9 · 전국시티투어 경유지 · 카카오 좌표,0,0,0,0,1,1,,,,,,96db458ed63b3e34a1c3d63a8ad444ea67ab6b77
ctt64,화성,예랑도예원,Yerangdoyewon,heal,37.21649,126.93479,60,,경기 화성시 효행구 봉담읍 삼봉길 100-11 · 전국시티투어 경유지 · 카카오 좌표,0,0,0,0,1,1,,,,,,96db458ed63b3e34a1c3d63a8ad444ea67ab6b77
ctt65,화성,소다미술관,Sodamisulgwan,activity,37.2016,127.00615,90,,경기 화성시 병점구 효행로707번길 30 · 전국시티투어 경유지 · 카카오 좌표,0,0,0,0,1,1,,,,,,96db458ed63b3e34a1c3d63a8ad444ea67ab6b77
ctt66,화성,진주목장,Jinjumokjang,heal,37.24127,126.87933,60,,경기 화성시 효행구 비봉면 일묵동길 24 · 전국시티투어 경유지 · 카카오 좌표,0,0,0,0,1,1,,,,,,96db458ed63b3e34a1c3d63a8ad444ea67ab6b77
ctt67,화성,라바팜스토리,Rabapamseutori,activity,37.16821,126.81752,90,,경기 화성시 만세구 남양읍 남양로368번길 127 · 전국시티투어 경유지 · 카카오 좌표,0,0,0,0,1,1,,,,,,96db458ed63b3e34a1c3d63a8ad444ea67ab6b77
ctt68,화성,백미리어촌체험휴양마을,Baekmirieochoncheheomhyuyangmaeul,activity,37.14346,126.68014,90,,경기 화성시 만세구 서신면 백미길 210-35 · 전국시티투어 경유지 · 카카오 좌표,0,0,0,0,1,1,,,,,,96db458ed63b3e34a1c3d63a8ad444ea67ab6b77
ctt69,화성,제부마리나 클럽하우스,Jebumarina Keulreophauseu,heal,37.17549,126.62798,60,,경기 화성시 만세구 서신면 해안길 467 · 전국시티투어 경유지 · 카카오 좌표,0,0,0,0,1,1,,,,,,96db458ed63b3e34a1c3d63a8ad444ea67ab6b77
ctt70,화성,궁평관광지,Gungpyeonggwangwangji,heal,37.12844,126.68324,60,,경기 화성시 만세구 서신면 궁평리 513-9 · 전국시티투어 경유지 · 카카오 좌표,0,0,0,0,1,1,,,,,,96db458ed63b3e34a1c3d63a8ad444ea67ab6b77
ctt71,화성,전곡항 층상 응회암,Jeongokhang Cheungsang Eunghoeam,heal,37.1829,126.6513,60,,경기 화성시 만세구 서신면 장외리 · 전국시티투어 경유지 · 카카오 좌표,0,0,0,0,1,1,,,,,,96db458ed63b3e34a1c3d63a8ad444ea67ab6b77
ctt72,화성,화성황금해안길 3구간 궁평관광길,Hwaseonghwanggeumhaeangil 3gugan Gungpyeonggwangwanggil,heal,37.14066,126.6795,60,,경기 화성시 만세구 서신면 백미리 352-5 · 전국시티투어 경유지 · 카카오 좌표,0,0,0,0,1,1,,,,,,96db458ed63b3e34a1c3d63a8ad444ea67ab6b77
ctt73,화성,화성융릉과건릉,Hwaseongyungreunggwageonreung,herit,37.21172,126.99097,60,,경기 화성시 병점구 효행로481번길 21 · 전국시티투어 경유지 · 카카오 좌표,0,0,0,0,1,1,,,,,,96db458ed63b3e34a1c3d63a8ad444ea67ab6b77
ctt74,화성,제부도,Jebudo,sea,37.17221,126.62402,40,,경기 화성시 만세구 서신면 제부리 · 전국시티투어 경유지 · 카카오 좌표,0,0,0,0,1,1,,,,,,96db458ed63b3e34a1c3d63a8ad444ea67ab6b77
ctt75,화성,공룡알화석산지 방문자센터,Gongryongalhwaseoksanji Bangmunjasenteo,heal,37.26235,126.74706,60,,경기 화성시 만세구 송산면 공룡로 659 · 전국시티투어 경유지 · 카카오 좌표,0,0,0,0,1,1,,,,,,96db458ed63b3e34a1c3d63a8ad444ea67ab6b77
ctt76,화성,제부도해상케이블카 서해랑 전곡정류장,Jebudohaesangkeibeulka Seohaerang Jeongokjeongryujang,activity,37.18391,126.65009,90,,경기 화성시 만세구 서신면 전곡항로 1-10 · 전국시티투어 경유지 · 카카오 좌표,0,0,0,0,1,1,,,,,,96db458ed63b3e34a1c3d63a8ad444ea67ab6b77
ctt77,화성,화성시우리꽃식물원,Hwaseongsiurikkotsikmulwon,heal,37.11543,126.88287,60,,경기 화성시 만세구 팔탄면 3.1만세로 777-17 · 전국시티투어 경유지 · 카카오 좌표,0,0,0,0,1,1,,,,,,96db458ed63b3e34a1c3d63a8ad444ea67ab6b77
ctt78,화성,서해랑길 87코스,Seohaeranggil 87koseu,heal,37.05855,126.75314,60,,경기 화성시 만세구 우정읍 매향리 976 · 전국시티투어 경유지 · 카카오 좌표,0,0,0,0,1,1,,,,,,96db458ed63b3e34a1c3d63a8ad444ea67ab6b77
ctt79,화성,남양성모성지,Namyangseongmoseongji,herit,37.20504,126.81676,60,,경기 화성시 만세구 남양읍 남양성지로 112 · 전국시티투어 경유지 · 카카오 좌표,0,0,0,0,1,1,,,,,,96db458ed63b3e34a1c3d63a8ad444ea67ab6b77
ctt80,화성,용주사,Yongjusa,herit,37.21217,127.00508,60,,경기 화성시 병점구 용주로 136 · 전국시티투어 경유지 · 카카오 좌표,0,0,0,0,1,1,,,,,,96db458ed63b3e34a1c3d63a8ad444ea67ab6b77
ctt81,화성,화성시독립운동기념관,Hwaseongsidokripundongginyeomgwan,herit,37.125,126.89032,60,,경기 화성시 만세구 향남읍 제암고주로 34 · 전국시티투어 경유지 · 카카오 좌표,0,0,0,0,1,1,,,,,,96db458ed63b3e34a1c3d63a8ad444ea67ab6b77
ctt82,화성,정조효공원,Jeongjohyogongwon,heal,37.20623,126.99651,60,,경기 화성시 병점구 안녕동 228 · 전국시티투어 경유지 · 카카오 좌표,0,0,0,0,1,1,,,,,,96db458ed63b3e34a1c3d63a8ad444ea67ab6b77
ctt83,합천,핫들생태공원,Hatdeulsaengtaegongwon,heal,35.57494,128.16933,60,,경남 합천군 율곡면 임북리 810-1 · 전국시티투어 경유지 · 카카오 좌표,0,0,0,0,1,1,,,,,,96db458ed63b3e34a1c3d63a8ad444ea67ab6b77
ctt84,밀양,만어사,Maneosa,herit,35.45489,128.84607,60,,경남 밀양시 삼랑진읍 만어로 776 · 전국시티투어 경유지 · 카카오 좌표,0,0,0,0,1,1,,,,,,96db458ed63b3e34a1c3d63a8ad444ea67ab6b77
ctt85,밀양,수산제역사공원,Susanjeyeoksagongwon,heal,35.38195,128.71698,60,,경남 밀양시 하남읍 양동리 671 · 전국시티투어 경유지 · 카카오 좌표,0,0,0,0,1,1,,,,,,96db458ed63b3e34a1c3d63a8ad444ea67ab6b77
ctt86,밀양,밀양아리랑 우주천문대,Milyangarirang Ujucheonmundae,heal,35.50258,128.76108,60,,경남 밀양시 밀양대공원로 86 · 전국시티투어 경유지 · 카카오 좌표,0,0,0,0,1,1,,,,,,96db458ed63b3e34a1c3d63a8ad444ea67ab6b77
ctt87,밀양,밀양향교,Milyanghyanggyo,herit,35.50654,128.75475,60,,경남 밀양시 밀양향교3길 19 · 전국시티투어 경유지 · 카카오 좌표,0,0,0,0,1,1,,,,,,96db458ed63b3e34a1c3d63a8ad444ea67ab6b77
ctt88,밀양,밀양아리랑아트센터,Milyangarirangateusenteo,activity,35.50436,128.75838,90,,경남 밀양시 밀양대공원로 112 · 전국시티투어 경유지 · 카카오 좌표,0,0,0,0,1,1,,,,,,96db458ed63b3e34a1c3d63a8ad444ea67ab6b77
ctt89,사천,사천시 우주항공청 홍보관,Sacheonsi Ujuhanggongcheong Hongbogwan,activity,35.00372,128.06421,90,,경남 사천시 용현면 시청로 77 · 전국시티투어 경유지 · 카카오 좌표,0,0,0,0,1,1,,,,,,96db458ed63b3e34a1c3d63a8ad444ea67ab6b77
ctt90,사천,무지갯빛해안도로,Mujigaetbithaeandoro,heal,35.00946,128.04704,60,,경남 사천시 용현면 금문리 212-3 · 전국시티투어 경유지 · 카카오 좌표,0,0,0,0,1,1,,,,,,96db458ed63b3e34a1c3d63a8ad444ea67ab6b77
ctt91,사천,다솔사 봉일암,Dasolsa Bongilam,herit,35.0846,127.91956,60,,경남 사천시 곤명면 다솔사길 424 · 전국시티투어 경유지 · 카카오 좌표,0,0,0,0,1,1,,,,,,96db458ed63b3e34a1c3d63a8ad444ea67ab6b77
ctt92,사천,사천조명군총,Sacheonjomyeonggunchong,herit,35.04147,128.04777,60,,경남 사천시 용현면 선진리 402 · 전국시티투어 경유지 · 카카오 좌표,0,0,0,0,1,1,,,,,,96db458ed63b3e34a1c3d63a8ad444ea67ab6b77
ctt93,사천,모충공원,Mochunggongwon,heal,34.9685,128.0479,60,,경남 사천시 송포동 산 161-5 · 전국시티투어 경유지 · 카카오 좌표,0,0,0,0,1,1,,,,,,96db458ed63b3e34a1c3d63a8ad444ea67ab6b77
ctt94,사천,사천케이블카자연휴양림,Sacheonkeibeulkajayeonhyuyangrim,heal,34.95017,128.05761,60,,경남 사천시 실안길 242-45 · 전국시티투어 경유지 · 카카오 좌표,0,0,0,0,1,1,,,,,,96db458ed63b3e34a1c3d63a8ad444ea67ab6b77
ctt95,영주,영주금성대군신단,Yeongjugeumseongdaegunsindan,herit,36.92729,128.57854,60,,경북 영주시 순흥면 소백로2767번길 5 · 전국시티투어 경유지 · 카카오 좌표,0,0,0,0,1,1,,,,,,96db458ed63b3e34a1c3d63a8ad444ea67ab6b77
ctt96,영주,관사골 부용대,Gwansagol Buyongdae,heal,36.83011,128.6177,60,,경북 영주시 영주동 150-11 · 전국시티투어 경유지 · 카카오 좌표,0,0,0,0,1,1,,,,,,96db458ed63b3e34a1c3d63a8ad444ea67ab6b77
ctt97,영주,영주댐전망대,Yeongjudaemjeonmangdae,activity,36.73205,128.67451,90,,경북 영주시 평은면 수변로 50-61 · 전국시티투어 경유지 · 카카오 좌표,0,0,0,0,1,1,,,,,,96db458ed63b3e34a1c3d63a8ad444ea67ab6b77
ctt98,영주,용마루2공원,Yongmaru2gongwon,heal,36.72939,128.67321,60,,경북 영주시 평은면 금광리 1401 · 전국시티투어 경유지 · 카카오 좌표,0,0,0,0,1,1,,,,,,96db458ed63b3e34a1c3d63a8ad444ea67ab6b77
ctt99,익산,무왕릉,Muwangreung,herit,35.98,127.03325,60,,전북특별자치도 익산시 석왕동 산 55 · 전국시티투어 경유지 · 카카오 좌표,0,0,0,0,1,1,,,,,,96db458ed63b3e34a1c3d63a8ad444ea67ab6b77
ctt100,익산,나바위성지 성당,Nabawiseongji Seongdang,herit,36.13826,126.99944,60,,전북특별자치도 익산시 망성면 나바위1길 146 · 전국시티투어 경유지 · 카카오 좌표,0,0,0,0,1,1,,,,,,96db458ed63b3e34a1c3d63a8ad444ea67ab6b77
ctt101,익산,익산문화예술의거리,Iksanmunhwayesuluigeori,food,35.93912,126.94806,50,,전북특별자치도 익산시 중앙동1가 · 전국시티투어 경유지 · 카카오 좌표,0,0,0,0,1,1,,,,,,96db458ed63b3e34a1c3d63a8ad444ea67ab6b77
ctt102,홍성,광천토굴새우젓 홍보전시관,Gwangcheontogulsaeujeot Hongbojeonsigwan,activity,36.4873,126.61644,90,,충남 홍성군 광천읍 광천로 119 · 전국시티투어 경유지 · 카카오 좌표,0,0,0,0,1,1,,,,,,96db458ed63b3e34a1c3d63a8ad444ea67ab6b77
ctt103,홍성,광천 새우젓토굴 테마공원,Gwangcheon Saeujeottogul Temagongwon,heal,36.48763,126.61759,60,,충남 홍성군 광천읍 옹암리 475 · 전국시티투어 경유지 · 카카오 좌표,0,0,0,0,1,1,,,,,,96db458ed63b3e34a1c3d63a8ad444ea67ab6b77
ctt104,홍성,그림같은수목원,Geurimgateunsumokwon,heal,36.5195,126.6279,60,,충남 홍성군 광천읍 충서로400번길 102-36 · 전국시티투어 경유지 · 카카오 좌표,0,0,0,0,1,1,,,,,,96db458ed63b3e34a1c3d63a8ad444ea67ab6b77
ctt105,홍성,남당노을전망대,Namdangnoeuljeonmangdae,activity,36.54434,126.46558,90,,충남 홍성군 서부면 남당리 767-18 · 전국시티투어 경유지 · 카카오 좌표,0,0,0,0,1,1,,,,,,96db458ed63b3e34a1c3d63a8ad444ea67ab6b77
ctt106,홍성,어사리 노을공원,Eosari Noeulgongwon,heal,36.5557,126.4685,60,,충남 홍성군 서부면 어사리 490-1 · 전국시티투어 경유지 · 카카오 좌표,0,0,0,0,1,1,,,,,,96db458ed63b3e34a1c3d63a8ad444ea67ab6b77
ctt107,홍성,이응노의집,Ieungnouijip,herit,36.62248,126.63176,60,,충남 홍성군 홍북읍 이응노로 61-7 · 전국시티투어 경유지 · 카카오 좌표,0,0,0,0,1,1,,,,,,96db458ed63b3e34a1c3d63a8ad444ea67ab6b77
ctt108,서산,서산버드랜드,Seosanbeodeuraendeu,heal,36.6311,126.3784,60,,충남 서산시 부석면 천수만로 655-73 · 전국시티투어 경유지 · 카카오 좌표,0,0,0,0,1,1,,,,,,96db458ed63b3e34a1c3d63a8ad444ea67ab6b77
ctt109,서산,천수만,Cheonsuman,heal,36.59108,126.41393,60,,충남 서산시 부석면 간월도리 · 전국시티투어 경유지 · 카카오 좌표,0,0,0,0,1,1,,,,,,96db458ed63b3e34a1c3d63a8ad444ea67ab6b77
ctt110,서산,서산시광역자원회수시설 전망대,Seosansigwangyeokjawonhoesusiseol Jeonmangdae,activity,36.72282,126.45596,90,,충남 서산시 양대11로 34 · 전국시티투어 경유지 · 카카오 좌표,0,0,0,0,1,1,,,,,,96db458ed63b3e34a1c3d63a8ad444ea67ab6b77
ctt111,서산,서산동부전통시장 쌈지공원,Seosandongbujeontongsijang Ssamjigongwon,heal,36.78274,126.45536,60,,충남 서산시 동문동 900 · 전국시티투어 경유지 · 카카오 좌표,0,0,0,0,1,1,,,,,,96db458ed63b3e34a1c3d63a8ad444ea67ab6b77
ctt112,서산,황금산,Hwanggeumsan,heal,36.99016,126.33062,60,,충남 서산시 대산읍 독곶리 산 230-2 · 전국시티투어 경유지 · 카카오 좌표,0,0,0,0,1,1,,,,,,96db458ed63b3e34a1c3d63a8ad444ea67ab6b77
ctt113,서산,안견기념관,Angyeonginyeomgwan,herit,36.86403,126.43854,60,,충남 서산시 지곡면 안견관길 15-17 · 전국시티투어 경유지 · 카카오 좌표,0,0,0,0,1,1,,,,,,96db458ed63b3e34a1c3d63a8ad444ea67ab6b77
ctt114,서산,해미 국제성지,Haemi Gukjeseongji,herit,36.71287,126.53775,60,,충남 서산시 해미면 성지1로 13 · 전국시티투어 경유지 · 카카오 좌표,0,0,0,0,1,1,,,,,,96db458ed63b3e34a1c3d63a8ad444ea67ab6b77
ctt115,천안,충청남도안전체험관,Chungcheongnamdoanjeoncheheomgwan,activity,36.82172,127.1916,90,,충남 천안시 동남구 태조산길 267-17 · 전국시티투어 경유지 · 카카오 좌표,0,0,0,0,1,1,,,,,,96db458ed63b3e34a1c3d63a8ad444ea67ab6b77
ctt116,천안,태조산공원,Taejosangongwon,heal,36.8237,127.1913,60,,충남 천안시 동남구 태조산길 261 · 전국시티투어 경유지 · 카카오 좌표,0,0,0,0,1,1,,,,,,96db458ed63b3e34a1c3d63a8ad444ea67ab6b77
ctt117,천안,유관순열사사적지,Yugwansunyeolsasajeokji,herit,36.75966,127.30782,60,,충남 천안시 동남구 병천면 유관순길 38 · 전국시티투어 경유지 · 카카오 좌표,0,0,0,0,1,1,,,,,,96db458ed63b3e34a1c3d63a8ad444ea67ab6b77
ctt118,충주,중원문화길 1코스(생태탐방길),Jungwonmunhwagil 1koseu(saengtaetambanggil),heal,37.01578,127.91822,60,,충북 충주시 목행동 · 전국시티투어 경유지 · 카카오 좌표,0,0,0,0,1,1,,,,,,96db458ed63b3e34a1c3d63a8ad444ea67ab6b77
ctt119,충주,비내길 2코스,Binaegil 2koseu,heal,37.09961,127.81594,60,,충북 충주시 앙성면 조천리 산 40 · 전국시티투어 경유지 · 카카오 좌표,0,0,0,0,1,1,,,,,,96db458ed63b3e34a1c3d63a8ad444ea67ab6b77
ctt120,태백,철암탄광역사촌,Cheolamtangwangyeoksachon,heal,37.11415,129.03715,60,,강원특별자치도 태백시 동태백로 402 · 전국시티투어 경유지 · 카카오 좌표,0,0,0,0,1,1,,,,,,96db458ed63b3e34a1c3d63a8ad444ea67ab6b77
ctt121,원주,빙하미술관,Binghamisulgwan,activity,37.39361,127.78905,90,,강원특별자치도 원주시 지정면 구재로 66 · 전국시티투어 경유지 · 카카오 좌표,0,0,0,0,1,1,,,,,,96db458ed63b3e34a1c3d63a8ad444ea67ab6b77
ctt122,연천,숭의전,Sunguijeon,herit,38.02372,126.97307,60,,경기 연천군 미산면 숭의전로 382-27 · 전국시티투어 경유지 · 카카오 좌표,0,0,0,0,1,1,,,,,,96db458ed63b3e34a1c3d63a8ad444ea67ab6b77
ctt123,연천,은대리문화벽돌공장,Eundaerimunhwabyeokdolgongjang,heal,38.05119,127.07134,60,,경기 연천군 전곡읍 평화로940번길 72-27 · 전국시티투어 경유지 · 카카오 좌표,0,0,0,0,1,1,,,,,,96db458ed63b3e34a1c3d63a8ad444ea67ab6b77
ctt124,연천,재인폭포,Jaeinpokpo,heal,38.07693,127.14337,60,,경기 연천군 연천읍 부곡리 산 235 · 전국시티투어 경유지 · 카카오 좌표,0,0,0,0,1,1,,,,,,96db458ed63b3e34a1c3d63a8ad444ea67ab6b77
ctt125,연천,태풍전망대,Taepungjeonmangdae,activity,38.12595,126.97302,90,,경기 연천군 중면 횡산리 산 108-1 · 전국시티투어 경유지 · 카카오 좌표,0,0,0,0,1,1,,,,,,96db458ed63b3e34a1c3d63a8ad444ea67ab6b77
ctt126,연천,한탄강 베개용암 출렁다리,Hantangang Begaeyongam Chulreongdari,heal,38.03965,127.11367,60,,경기 연천군 전곡읍 신답리 산 98 · 전국시티투어 경유지 · 카카오 좌표,0,0,0,0,1,1,,,,,,96db458ed63b3e34a1c3d63a8ad444ea67ab6b77
ctt127,연천,임진강자연센터,Imjingangjayeonsenteo,heal,38.01903,127.01421,60,,경기 연천군 미산면 마동로196번길 226-23 · 전국시티투어 경유지 · 카카오 좌표,0,0,0,0,1,1,,,,,,96db458ed63b3e34a1c3d63a8ad444ea67ab6b77
ctt128,연천,연천 경순왕릉,Yeoncheon Gyeongsunwangreung,herit,37.99069,126.84361,60,,경기 연천군 장남면 장남로 288 · 전국시티투어 경유지 · 카카오 좌표,0,0,0,0,1,1,,,,,,96db458ed63b3e34a1c3d63a8ad444ea67ab6b77
ctt129,연천,고랑포구역사공원,Gorangpoguyeoksagongwon,heal,37.98762,126.84684,60,,경기 연천군 장남면 고랑포리 209-2 · 전국시티투어 경유지 · 카카오 좌표,0,0,0,0,1,1,,,,,,96db458ed63b3e34a1c3d63a8ad444ea67ab6b77
ctt130,연천,연천호로고루,Yeoncheonhorogoru,herit,37.98619,126.85856,60,,경기 연천군 장남면 원당리 1257-1 · 전국시티투어 경유지 · 카카오 좌표,0,0,0,0,1,1,,,,,,96db458ed63b3e34a1c3d63a8ad444ea67ab6b77
ctt131,이천,도예촌쌀밥거리,Doyechonssalbapgeori,food,37.3111,127.40103,50,,경기 이천시 신둔면 수광리 · 전국시티투어 경유지 · 카카오 좌표,0,0,0,0,1,1,,,,,,96db458ed63b3e34a1c3d63a8ad444ea67ab6b77
ctt132,이천,이천산수유마을,Icheonsansuyumaeul,heal,37.34078,127.4623,60,,경기 이천시 백사면 원적로775번길 17 · 전국시티투어 경유지 · 카카오 좌표,0,0,0,0,1,1,,,,,,96db458ed63b3e34a1c3d63a8ad444ea67ab6b77
ctt133,이천,서경들마을,Seogyeongdeulmaeul,activity,37.1619,127.4811,90,,경기 이천시 모가면 진상미로1178번길 13 · 전국시티투어 경유지 · 카카오 좌표,0,0,0,0,1,1,,,,,,96db458ed63b3e34a1c3d63a8ad444ea67ab6b77
ctt134,이천,자채방아마을,Jachaebangamaeul,activity,37.19115,127.50704,90,,경기 이천시 대월면 대월로358번길 168-24 · 전국시티투어 경유지 · 카카오 좌표,0,0,0,0,1,1,,,,,,96db458ed63b3e34a1c3d63a8ad444ea67ab6b77
ctt135,평택,진위향교,Jinwihyanggyo,herit,37.09933,127.09481,60,,경기 평택시 진위면 진위로 49 · 전국시티투어 경유지 · 카카오 좌표,0,0,0,0,1,1,,,,,,96db458ed63b3e34a1c3d63a8ad444ea67ab6b77
ctt136,평택,원릉군기념관,Wonreunggunginyeomgwan,herit,37.05484,127.10675,60,,경기 평택시 원릉군길 96-5 · 전국시티투어 경유지 · 카카오 좌표,0,0,0,0,1,1,,,,,,96db458ed63b3e34a1c3d63a8ad444ea67ab6b77
ctt137,평택,정도전사당,Jeongdojeonsadang,herit,37.08001,127.12252,60,,경기 평택시 진위면 은산길 80-15 · 전국시티투어 경유지 · 카카오 좌표,0,0,0,0,1,1,,,,,,96db458ed63b3e34a1c3d63a8ad444ea67ab6b77
ctt138,평택,만기사,Mangisa,herit,37.10806,127.10065,60,,경기 평택시 진위면 진위로 181-82 · 전국시티투어 경유지 · 카카오 좌표,0,0,0,0,1,1,,,,,,96db458ed63b3e34a1c3d63a8ad444ea67ab6b77
ctt139,평택,평택향교,Pyeongtaekhyanggyo,herit,36.96548,127.05604,60,,경기 평택시 팽성읍 부용로17번길 40 · 전국시티투어 경유지 · 카카오 좌표,0,0,0,0,1,1,,,,,,96db458ed63b3e34a1c3d63a8ad444ea67ab6b77
ctt140,평택,농성,Nongseong,herit,36.96519,127.04476,60,,경기 평택시 팽성읍 안정리 78-30 · 전국시티투어 경유지 · 카카오 좌표,0,0,0,0,1,1,,,,,,96db458ed63b3e34a1c3d63a8ad444ea67ab6b77
ctt141,평택,수도사,Sudosa,herit,37.00262,126.82171,60,,경기 평택시 포승읍 호암길 58 · 전국시티투어 경유지 · 카카오 좌표,0,0,0,0,1,1,,,,,,96db458ed63b3e34a1c3d63a8ad444ea67ab6b77
ctt142,평택,심복사,Simboksa,herit,36.95048,126.9654,60,,경기 평택시 현덕면 심복사길 22 · 전국시티투어 경유지 · 카카오 좌표,0,0,0,0,1,1,,,,,,96db458ed63b3e34a1c3d63a8ad444ea67ab6b77
ctt143,평택,이대원장군묘및신도비,Idaewonjanggunmyomitsindobi,herit,36.96919,126.87466,60,,경기 평택시 포승읍 희곡리 산 83-6 · 전국시티투어 경유지 · 카카오 좌표,0,0,0,0,1,1,,,,,,96db458ed63b3e34a1c3d63a8ad444ea67ab6b77
ctt144,평택,오썸플랙스,Osseompeulraekseu,activity,37.02946,127.01459,90,,경기 평택시 고덕면 도시지원1길 91 · 전국시티투어 경유지 · 카카오 좌표,0,0,0,0,1,1,,,,,,96db458ed63b3e34a1c3d63a8ad444ea67ab6b77
ctt145,평택,신당근린공원 평택항홍보관,Sindanggeunringongwon Pyeongtaekhanghongbogwan,activity,36.97009,126.84742,90,,경기 평택시 포승읍 평택항로 98 · 전국시티투어 경유지 · 카카오 좌표,0,0,0,0,1,1,,,,,,96db458ed63b3e34a1c3d63a8ad444ea67ab6b77
ctt146,평택,평택문화원 웃다리문화촌,Pyeongtaekmunhwawon Utdarimunhwachon,heal,37.06879,127.00822,60,,경기 평택시 서탄면 용소금각로 438-14 · 전국시티투어 경유지 · 카카오 좌표,0,0,0,0,1,1,,,,,,96db458ed63b3e34a1c3d63a8ad444ea67ab6b77
ctt147,평택,팽성생활사박물관,Paengseongsaenghwalsabakmulgwan,herit,36.96061,127.04728,60,,경기 평택시 팽성읍 안정로39번길 21 · 전국시티투어 경유지 · 카카오 좌표,0,0,0,0,1,1,,,,,,96db458ed63b3e34a1c3d63a8ad444ea67ab6b77
ctt148,평택,원평나루,Wonpyeongnaru,heal,36.98487,127.08037,60,,경기 평택시 평택동 · 전국시티투어 경유지 · 카카오 좌표,0,0,0,0,1,1,,,,,,96db458ed63b3e34a1c3d63a8ad444ea67ab6b77
ctt149,평택,내리문화공원,Naerimunhwagongwon,heal,36.97493,127.03098,60,,경기 평택시 팽성읍 내리 260 · 전국시티투어 경유지 · 카카오 좌표,0,0,0,0,1,1,,,,,,96db458ed63b3e34a1c3d63a8ad444ea67ab6b77
ctt150,평택,안정리예술인광장,Anjeongriyesulingwangjang,heal,36.95956,127.04399,60,,경기 평택시 팽성읍 안정쇼핑로 11 · 전국시티투어 경유지 · 카카오 좌표,0,0,0,0,1,1,,,,,,96db458ed63b3e34a1c3d63a8ad444ea67ab6b77
ctt151,평택,평택시농업생태원,Pyeongtaeksinongeopsaengtaewon,activity,37.01313,126.98365,90,,경기 평택시 오성면 청오로 33-34 · 전국시티투어 경유지 · 카카오 좌표,0,0,0,0,1,1,,,,,,96db458ed63b3e34a1c3d63a8ad444ea67ab6b77
ctt152,평택,평택호관광단지,Pyeongtaekhogwangwangdanji,heal,36.92144,126.92223,60,,경기 평택시 현덕면 평택호길 159 · 전국시티투어 경유지 · 카카오 좌표,0,0,0,0,1,1,,,,,,96db458ed63b3e34a1c3d63a8ad444ea67ab6b77
ctt153,청주,청주체육관,Cheongjucheyukgwan,activity,36.63657,127.47345,90,,충북 청주시 서원구 사직대로 229 · 전국시티투어 경유지 · 카카오 좌표,0,0,0,0,1,1,,,,,,96db458ed63b3e34a1c3d63a8ad444ea67ab6b77
ctt154,청주,옥화9경 제1경 청석굴,Okhwa9gyeong Je1gyeong Cheongseokgul,heal,36.61374,127.68571,60,,충북 청주시 상당구 미원면 운암리 산 22 · 전국시티투어 경유지 · 카카오 좌표,0,0,0,0,1,1,,,,,,96db458ed63b3e34a1c3d63a8ad444ea67ab6b77
ctt155,청주,성안길,Seongangil,food,36.63585,127.48901,50,,충북 청주시 상당구 북문로1가 210-1 · 전국시티투어 경유지 · 카카오 좌표,0,0,0,0,1,1,,,,,,96db458ed63b3e34a1c3d63a8ad444ea67ab6b77
ctt156,여주,대신섬,Daesinseom,sea,37.39505,127.54257,40,,경기 여주시 대신면 천서리 545-5 · 전국시티투어 경유지 · 카카오 좌표,0,0,0,0,1,1,,,,,,96db458ed63b3e34a1c3d63a8ad444ea67ab6b77
ctt157,여주,이포보전망대,Ipobojeonmangdae,activity,37.40538,127.54374,90,,경기 여주시 대신면 여양로 2001 · 전국시티투어 경유지 · 카카오 좌표,0,0,0,0,1,1,,,,,,96db458ed63b3e34a1c3d63a8ad444ea67ab6b77
ctt158,여주,파사성,Pasaseong,herit,37.41122,127.54931,60,,경기 여주시 대신면 천서리 산 9 · 전국시티투어 경유지 · 카카오 좌표,0,0,0,0,1,1,,,,,,96db458ed63b3e34a1c3d63a8ad444ea67ab6b77
ctt159,여주,대로사,Daerosa,herit,37.29929,127.63313,60,,경기 여주시 청심로 113 · 전국시티투어 경유지 · 카카오 좌표,0,0,0,0,1,1,,,,,,96db458ed63b3e34a1c3d63a8ad444ea67ab6b77
ctt160,여주,금은모래캠핑장 어린이물놀이장,Geumeunmoraekaempingjang Eorinimulnolijang,activity,37.29392,127.66733,90,,경기 여주시 강변유원지길 105 · 전국시티투어 경유지 · 카카오 좌표,0,0,0,0,1,1,,,,,,96db458ed63b3e34a1c3d63a8ad444ea67ab6b77
ctt161,양산,창기마을체험휴양관,Changgimaeulcheheomhyuyanggwan,activity,35.33486,129.12025,90,,경남 양산시 동면 창기1길 15-5 · 전국시티투어 경유지 · 카카오 좌표,0,0,0,0,1,1,,,,,,96db458ed63b3e34a1c3d63a8ad444ea67ab6b77
ctt162,양산,한국궁중꽃박물관,Hangukgungjungkkotbakmulgwan,herit,35.36667,129.1758,60,,경남 양산시 매곡외산로 232 · 전국시티투어 경유지 · 카카오 좌표,0,0,0,0,1,1,,,,,,96db458ed63b3e34a1c3d63a8ad444ea67ab6b77
ctt163,양산,법기수원지,Beopgisuwonji,heal,35.34797,129.1063,60,,경남 양산시 동면 법기로 198-13 · 전국시티투어 경유지 · 카카오 좌표,0,0,0,0,1,1,,,,,,96db458ed63b3e34a1c3d63a8ad444ea67ab6b77
ctt164,봉화,가평리계서당,Gapyeongrigyeseodang,herit,36.94975,128.73346,60,,경북 봉화군 물야면 계서당길 34-1 · 전국시티투어 경유지 · 카카오 좌표,0,0,0,0,1,1,,,,,,96db458ed63b3e34a1c3d63a8ad444ea67ab6b77
ctt165,봉화,봉화닭실마을,Bonghwadaksilmaeul,activity,36.90483,128.74282,90,,경북 봉화군 봉화읍 충재길 42 · 전국시티투어 경유지 · 카카오 좌표,0,0,0,0,1,1,,,,,,96db458ed63b3e34a1c3d63a8ad444ea67ab6b77
ctt166,봉화,봉화목재문화체험장,Bonghwamokjaemunhwacheheomjang,activity,36.9042,128.79951,90,,경북 봉화군 봉성면 구절로 151 · 전국시티투어 경유지 · 카카오 좌표,0,0,0,0,1,1,,,,,,96db458ed63b3e34a1c3d63a8ad444ea67ab6b77
ctt167,봉화,오전약수탕,Ojeonyaksutang,heal,37.0134,128.75016,60,,경북 봉화군 물야면 문수로 1601 · 전국시티투어 경유지 · 카카오 좌표,0,0,0,0,1,1,,,,,,96db458ed63b3e34a1c3d63a8ad444ea67ab6b77
ctt168,청도,새마을운동발상지 기념관,Saemaeulundongbalsangji Ginyeomgwan,herit,35.60021,128.76616,60,,경북 청도군 청도읍 새마을1길 34 · 전국시티투어 경유지 · 카카오 좌표,0,0,0,0,1,1,,,,,,96db458ed63b3e34a1c3d63a8ad444ea67ab6b77
ctt169,청도,청도소싸움미디어체험관,Cheongdosossaummidieocheheomgwan,activity,35.68521,128.72419,90,,경북 청도군 화양읍 남성현로 346 · 전국시티투어 경유지 · 카카오 좌표,0,0,0,0,1,1,,,,,,96db458ed63b3e34a1c3d63a8ad444ea67ab6b77
ctt170,청도,와인터널,Wainteoneol,heal,35.71439,128.72028,60,,경북 청도군 화양읍 송금리 907-1 · 전국시티투어 경유지 · 카카오 좌표,0,0,0,0,1,1,,,,,,96db458ed63b3e34a1c3d63a8ad444ea67ab6b77
ctt171,안동,하회세계탈박물관 하회장터,Hahoesegyetalbakmulgwan Hahoejangteo,heal,36.54951,128.52762,60,,경북 안동시 풍천면 전서로 214-6 · 전국시티투어 경유지 · 카카오 좌표,0,0,0,0,1,1,,,,,,96db458ed63b3e34a1c3d63a8ad444ea67ab6b77
ctt172,안동,탈놀이전수관,Talnolijeonsugwan,activity,36.54092,128.52433,90,,경북 안동시 풍천면 하회종가길 3-15 · 전국시티투어 경유지 · 카카오 좌표,0,0,0,0,1,1,,,,,,96db458ed63b3e34a1c3d63a8ad444ea67ab6b77
ctt173,안동,영호루,Yeonghoru,herit,36.55269,128.72195,60,,경북 안동시 강남로 187-5 · 전국시티투어 경유지 · 카카오 좌표,0,0,0,0,1,1,,,,,,96db458ed63b3e34a1c3d63a8ad444ea67ab6b77
ctt174,안동,웅부공원,Ungbugongwon,heal,36.5662,128.73321,60,,경북 안동시 서동문로 193 · 전국시티투어 경유지 · 카카오 좌표,0,0,0,0,1,1,,,,,,96db458ed63b3e34a1c3d63a8ad444ea67ab6b77
ctt175,예산,덕산 메타세쿼이아길,Deoksan Metasekwoiagil,food,36.68705,126.65962,50,,충남 예산군 덕산면 시량리 27-31 · 전국시티투어 경유지 · 카카오 좌표,0,0,0,0,1,1,,,,,,96db458ed63b3e34a1c3d63a8ad444ea67ab6b77
ctt176,예산,덕산온천족욕장,Deoksanoncheonjokyokjang,heal,36.69076,126.65937,60,,충남 예산군 덕산면 온천단지2로 11 · 전국시티투어 경유지 · 카카오 좌표,0,0,0,0,1,1,,,,,,96db458ed63b3e34a1c3d63a8ad444ea67ab6b77
ctt177,부여,사비수체육공원 축구장6,Sabisucheyukgongwon Chukgujang6,activity,36.27705,126.89677,90,,충남 부여군 부여읍 구교리 281 · 전국시티투어 경유지 · 카카오 좌표,0,0,0,0,1,1,,,,,,96db458ed63b3e34a1c3d63a8ad444ea67ab6b77
ctt178,부여,충남종합관광안내소,Chungnamjonghapgwangwangannaeso,heal,36.28405,126.91453,60,,충남 부여군 부여읍 성왕로 247-9 · 전국시티투어 경유지 · 카카오 좌표,0,0,0,0,1,1,,,,,,96db458ed63b3e34a1c3d63a8ad444ea67ab6b77
ctt179,부여,신동엽문학관,Sindongyeopmunhakgwan,activity,36.27767,126.90936,90,,충남 부여군 부여읍 신동엽길 12 · 전국시티투어 경유지 · 카카오 좌표,0,0,0,0,1,1,,,,,,96db458ed63b3e34a1c3d63a8ad444ea67ab6b77
ctt180,부여,백강문화관,Baekgangmunhwagwan,heal,36.28084,126.91018,60,,충남 부여군 부여읍 사비로 91 · 전국시티투어 경유지 · 카카오 좌표,0,0,0,0,1,1,,,,,,96db458ed63b3e34a1c3d63a8ad444ea67ab6b77
ctt181,정선,정선아리랑 창작센터,Jeongseonarirang Changjaksenteo,activity,37.3629,128.60159,90,,강원특별자치도 정선군 정선읍 정선로 411 · 전국시티투어 경유지 · 카카오 좌표,0,0,0,0,1,1,,,,,,96db458ed63b3e34a1c3d63a8ad444ea67ab6b77
ctt182,정선,정선아라리촌,Jeongseonararichon,heal,37.3746,128.67191,60,,강원특별자치도 정선군 정선읍 애산로 37 · 전국시티투어 경유지 · 카카오 좌표,0,0,0,0,1,1,,,,,,96db458ed63b3e34a1c3d63a8ad444ea67ab6b77
ctt183,정선,정선가리왕산케이블카 숙암역,Jeongseongariwangsankeibeulka Sukamyeok,activity,37.47413,128.60982,90,,강원특별자치도 정선군 북평면 중봉길 41-35 · 전국시티투어 경유지 · 카카오 좌표,0,0,0,0,1,1,,,,,,96db458ed63b3e34a1c3d63a8ad444ea67ab6b77
ctt184,가평,가평레일파크,Gapyeongreilpakeu,activity,37.82897,127.51584,90,,경기 가평군 가평읍 장터길 14 · 전국시티투어 경유지 · 카카오 좌표,0,0,0,0,1,1,,,,,,96db458ed63b3e34a1c3d63a8ad444ea67ab6b77
ctt185,가평,가평빠지아토믹워터파크,Gapyeongppajiatomikwoteopakeu,activity,37.7998,127.52328,90,,경기 가평군 가평읍 북한강변로 970-9 · 전국시티투어 경유지 · 카카오 좌표,0,0,0,0,1,1,,,,,,96db458ed63b3e34a1c3d63a8ad444ea67ab6b77
ctt186,가평,신비동물원,Sinbidongmulwon,activity,37.68814,127.51315,90,,경기 가평군 설악면 미사리로 189 · 전국시티투어 경유지 · 카카오 좌표,0,0,0,0,1,1,,,,,,96db458ed63b3e34a1c3d63a8ad444ea67ab6b77
ctt187,파주,DMZ 평화의 길 5코스,DMZ Pyeonghwaui Gil 5koseu,heal,37.72113,126.68775,60,,경기 파주시 문발동 211-5 · 전국시티투어 경유지 · 카카오 좌표,0,0,0,0,1,1,,,,,,96db458ed63b3e34a1c3d63a8ad444ea67ab6b77
ctt188,파주,파주혜음원지,Pajuhyeeumwonji,herit,37.73538,126.89189,60,,경기 파주시 광탄면 용미리 234-1 · 전국시티투어 경유지 · 카카오 좌표,0,0,0,0,1,1,,,,,,96db458ed63b3e34a1c3d63a8ad444ea67ab6b77
ctt189,파주,국립민속박물관 파주,Gukripminsokbakmulgwan Paju,herit,37.78664,126.6939,60,,경기 파주시 탄현면 헤이리로 30 · 전국시티투어 경유지 · 카카오 좌표,0,0,0,0,1,1,,,,,,96db458ed63b3e34a1c3d63a8ad444ea67ab6b77
ctt190,파주,파주장단콩웰빙마루,Pajujangdankongwelbingmaru,activity,37.77723,126.68448,90,,경기 파주시 탄현면 필승로 396 · 전국시티투어 경유지 · 카카오 좌표,0,0,0,0,1,1,,,,,,96db458ed63b3e34a1c3d63a8ad444ea67ab6b77
ctt191,파주,파주임진각평화곤돌라,Pajuimjingakpyeonghwagondolra,activity,37.89146,126.74029,90,,경기 파주시 문산읍 임진각로 148-73 · 전국시티투어 경유지 · 카카오 좌표,0,0,0,0,1,1,,,,,,96db458ed63b3e34a1c3d63a8ad444ea67ab6b77
ctt192,파주,임진각관광지,Imjingakgwangwangji,activity,37.89002,126.74054,90,,경기 파주시 문산읍 마정리 1325-2 · 전국시티투어 경유지 · 카카오 좌표,0,0,0,0,1,1,,,,,,96db458ed63b3e34a1c3d63a8ad444ea67ab6b77
ctt193,파주,황희선생유적지,Hwanghuiseonsaengyujeokji,herit,37.86745,126.75317,60,,경기 파주시 문산읍 반구정로85번길 3 · 전국시티투어 경유지 · 카카오 좌표,0,0,0,0,1,1,,,,,,96db458ed63b3e34a1c3d63a8ad444ea67ab6b77
ctt194,파주,황포돛배,Hwangpodotbae,heal,37.965,126.88968,60,,경기 파주시 적성면 율곡로 1857 · 전국시티투어 경유지 · 카카오 좌표,0,0,0,0,1,1,,,,,,96db458ed63b3e34a1c3d63a8ad444ea67ab6b77
ctt195,파주,국립극장 무대예술지원센터,Gukripgeukjang Mudaeyesuljiwonsenteo,heal,37.78333,126.69451,60,,경기 파주시 탄현면 헤이리로 16 · 전국시티투어 경유지 · 카카오 좌표,0,0,0,0,1,1,,,,,,96db458ed63b3e34a1c3d63a8ad444ea67ab6b77
ctt196,시흥,관곡지,Gwangokji,heal,37.40237,126.80443,60,,경기 시흥시 하중동 208 · 전국시티투어 경유지 · 카카오 좌표,0,0,0,0,1,1,,,,,,96db458ed63b3e34a1c3d63a8ad444ea67ab6b77
ctt197,시흥,물왕호수,Mulwanghosu,heal,37.38118,126.83673,60,,경기 시흥시 산현동 188 · 전국시티투어 경유지 · 카카오 좌표,0,0,0,0,1,1,,,,,,96db458ed63b3e34a1c3d63a8ad444ea67ab6b77
ctt198,시흥,거북섬,Geobukseom,sea,37.32081,126.67881,40,,경기 시흥시 거북섬로 120 · 전국시티투어 경유지 · 카카오 좌표,0,0,0,0,1,1,,,,,,96db458ed63b3e34a1c3d63a8ad444ea67ab6b77
ctt199,시흥,패밀리테마파크,Paemilritemapakeu,activity,37.35422,126.7013,90,,경기 시흥시 해송십리로 61 · 전국시티투어 경유지 · 카카오 좌표,0,0,0,0,1,1,,,,,,96db458ed63b3e34a1c3d63a8ad444ea67ab6b77
ctt200,시흥,거북섬홍보관,Geobukseomhongbogwan,heal,37.32363,126.68204,60,,경기 시흥시 거북섬4길 2 · 전국시티투어 경유지 · 카카오 좌표,0,0,0,0,1,1,,,,,,96db458ed63b3e34a1c3d63a8ad444ea67ab6b77
ctt201,시흥,해양생태과학관,Haeyangsaengtaegwahakgwan,heal,37.32958,126.67727,60,,경기 시흥시 거북섬서로 35 · 전국시티투어 경유지 · 카카오 좌표,0,0,0,0,1,1,,,,,,96db458ed63b3e34a1c3d63a8ad444ea67ab6b77
ctt202,시흥,시흥오이도박물관,Siheungoidobakmulgwan,herit,37.33554,126.69091,60,,경기 시흥시 정왕동 2202-6 · 전국시티투어 경유지 · 카카오 좌표,0,0,0,0,1,1,,,,,,96db458ed63b3e34a1c3d63a8ad444ea67ab6b77
ctt203,대구,비슬산 유가사,Biseulsan Yugasa,herit,35.71472,128.50736,60,,대구 달성군 유가읍 유가사길 161 · 전국시티투어 경유지 · 카카오 좌표,0,0,0,0,1,1,,,,,,96db458ed63b3e34a1c3d63a8ad444ea67ab6b77
ctt204,대구,달성화석박물관,Dalseonghwaseokbakmulgwan,herit,35.6844,128.46455,60,,대구 달성군 유가읍 테크노대로6길 66 · 전국시티투어 경유지 · 카카오 좌표,0,0,0,0,1,1,,,,,,96db458ed63b3e34a1c3d63a8ad444ea67ab6b77
ctt205,대구,달성현풍 석빙고,Dalseonghyeonpung Seokbinggo,herit,35.69757,128.45162,60,,대구 달성군 현풍읍 현풍동로 92 · 전국시티투어 경유지 · 카카오 좌표,0,0,0,0,1,1,,,,,,96db458ed63b3e34a1c3d63a8ad444ea67ab6b77
ctt206,대구,현풍향교,Hyeonpunghyanggyo,herit,35.70149,128.4518,60,,대구 달성군 현풍읍 현풍동로20길 27-8 · 전국시티투어 경유지 · 카카오 좌표,0,0,0,0,1,1,,,,,,96db458ed63b3e34a1c3d63a8ad444ea67ab6b77
ctt207,군산,동국사,Dongguksa,herit,35.98277,126.70743,60,,전북특별자치도 군산시 동국사길 16 · 전국시티투어 경유지 · 카카오 좌표,0,0,0,0,1,1,,,,,,96db458ed63b3e34a1c3d63a8ad444ea67ab6b77
ctt208,군산,신흥동일본식가옥,Sinheungdongilbonsikgaok,heal,35.98617,126.70606,60,,전북특별자치도 군산시 구영1길 17 · 전국시티투어 경유지 · 카카오 좌표,0,0,0,0,1,1,,,,,,96db458ed63b3e34a1c3d63a8ad444ea67ab6b77
ctt209,동해,관동팔경녹색경관길 동해2코스(묵호역~옥계시장),Gwandongpalgyeongnoksaekgyeonggwangil Donghae2koseu(mukhoyeok~okgyesijang),heal,37.58106,129.08114,60,,강원특별자치도 동해시 망상동 · 전국시티투어 경유지 · 카카오 좌표,0,0,0,0,1,1,,,,,,96db458ed63b3e34a1c3d63a8ad444ea67ab6b77
ctt210,안산,안산갈대습지,Ansangaldaeseupji,heal,37.27372,126.83974,60,,경기 안산시 상록구 갈대습지로 76 · 전국시티투어 경유지 · 카카오 좌표,0,0,0,0,1,1,,,,,,96db458ed63b3e34a1c3d63a8ad444ea67ab6b77
ctt211,안산,안산산업역사박물관,Ansansaneopyeoksabakmulgwan,herit,37.32293,126.81719,60,,경기 안산시 단원구 화랑로 265 · 전국시티투어 경유지 · 카카오 좌표,0,0,0,0,1,1,,,,,,96db458ed63b3e34a1c3d63a8ad444ea67ab6b77
ctt212,안산,안산식물원,Ansansikmulwon,heal,37.31375,126.86107,60,,경기 안산시 상록구 성호로 113 · 전국시티투어 경유지 · 카카오 좌표,0,0,0,0,1,1,,,,,,96db458ed63b3e34a1c3d63a8ad444ea67ab6b77
ctt213,안산,안산다문화거리,Ansandamunhwageori,food,37.32963,126.79054,50,,경기 안산시 단원구 다문화길 16 · 전국시티투어 경유지 · 카카오 좌표,0,0,0,0,1,1,,,,,,96db458ed63b3e34a1c3d63a8ad444ea67ab6b77
ctt214,안산,시화조력문화관,Sihwajoryeokmunhwagwan,activity,37.31279,126.60962,90,,경기 안산시 단원구 대부황금로 1927 · 전국시티투어 경유지 · 카카오 좌표,0,0,0,0,1,1,,,,,,96db458ed63b3e34a1c3d63a8ad444ea67ab6b77
ctt215,안산,종이미술관,Jongimisulgwan,activity,37.22451,126.57599,90,,경기 안산시 단원구 대남로 233 · 전국시티투어 경유지 · 카카오 좌표,0,0,0,0,1,1,,,,,,96db458ed63b3e34a1c3d63a8ad444ea67ab6b77
ctt216,안산,유리섬,Yuriseom,activity,37.21971,126.60237,90,,경기 안산시 단원구 부흥로 254 · 전국시티투어 경유지 · 카카오 좌표,0,0,0,0,1,1,,,,,,96db458ed63b3e34a1c3d63a8ad444ea67ab6b77
ctt217,안산,바다향기수목원,Badahyanggisumokwon,heal,37.22502,126.64653,60,,경기 안산시 단원구 대부황금로 399 · 전국시티투어 경유지 · 카카오 좌표,0,0,0,0,1,1,,,,,,96db458ed63b3e34a1c3d63a8ad444ea67ab6b77
ctt218,안산,안산대부광산 퇴적암층,Ansandaebugwangsan Toejeokamcheung,heal,37.1987,126.64847,60,,경기 안산시 단원구 선감동 산 147-1 · 전국시티투어 경유지 · 카카오 좌표,0,0,0,0,1,1,,,,,,96db458ed63b3e34a1c3d63a8ad444ea67ab6b77
ctt219,안산,방아머리해변,Bangameorihaebyeon,sea,37.28915,126.57677,40,,경기 안산시 단원구 대부북동 · 전국시티투어 경유지 · 카카오 좌표,0,0,0,0,1,1,,,,,,96db458ed63b3e34a1c3d63a8ad444ea67ab6b77
ctt220,안산,반달섬,Bandalseom,sea,37.30079,126.73685,40,,경기 안산시 단원구 시화벤처로 704 · 전국시티투어 경유지 · 카카오 좌표,0,0,0,0,1,1,,,,,,96db458ed63b3e34a1c3d63a8ad444ea67ab6b77
ctt221,세종,도시상징광장,Dosisangjinggwangjang,heal,36.48606,127.26395,60,,세종특별자치시 나성동 697-4 · 전국시티투어 경유지 · 카카오 좌표,0,0,0,0,1,1,,,,,,96db458ed63b3e34a1c3d63a8ad444ea67ab6b77
ctt222,세종,방축천 음악분수,Bangchukcheon Eumakbunsu,heal,36.49945,127.25712,60,,세종특별자치시 어진동 761 · 전국시티투어 경유지 · 카카오 좌표,0,0,0,0,1,1,,,,,,96db458ed63b3e34a1c3d63a8ad444ea67ab6b77
ctt223,세종,초려역사공원,Choryeoyeoksagongwon,heal,36.50201,127.25453,60,,세종특별자치시 도움1로 40 · 전국시티투어 경유지 · 카카오 좌표,0,0,0,0,1,1,,,,,,96db458ed63b3e34a1c3d63a8ad444ea67ab6b77
ctt224,세종,아침뜰근린공원 역사공원,Achimtteulgeunringongwon Yeoksagongwon,heal,36.47848,127.25445,60,,세종특별자치시 한솔동 1247 · 전국시티투어 경유지 · 카카오 좌표,0,0,0,0,1,1,,,,,,96db458ed63b3e34a1c3d63a8ad444ea67ab6b77
ctt225,세종,세종전통문화체험관,Sejongjeontongmunhwacheheomgwan,heal,36.50684,127.29185,60,,세종특별자치시 모롱지로 94 · 전국시티투어 경유지 · 카카오 좌표,0,0,0,0,1,1,,,,,,96db458ed63b3e34a1c3d63a8ad444ea67ab6b77
ctt226,세종,미래엔교과서박물관,Miraeengyogwaseobakmulgwan,herit,36.54846,127.33748,60,,세종특별자치시 연동면 청연로 492-14 · 전국시티투어 경유지 · 카카오 좌표,0,0,0,0,1,1,,,,,,96db458ed63b3e34a1c3d63a8ad444ea67ab6b77
ctt227,세종,세종홍판서댁,Sejonghongpanseodaek,herit,36.53406,127.3652,60,,세종특별자치시 부강면 용포동촌길 43-19 · 전국시티투어 경유지 · 카카오 좌표,0,0,0,0,1,1,,,,,,96db458ed63b3e34a1c3d63a8ad444ea67ab6b77
ctt228,세종,숭모각,Sungmogak,herit,36.5045,127.29185,60,,세종특별자치시 세종동 88-4 · 전국시티투어 경유지 · 카카오 좌표,0,0,0,0,1,1,,,,,,96db458ed63b3e34a1c3d63a8ad444ea67ab6b77
ctt229,세종,조천변벚꽃길,Jocheonbyeonbeotkkotgil,food,36.60489,127.30343,50,,세종특별자치시 조치원읍 평리 120 · 전국시티투어 경유지 · 카카오 좌표,0,0,0,0,1,1,,,,,,96db458ed63b3e34a1c3d63a8ad444ea67ab6b77
ctt230,화순,세량제,Seryangje,heal,35.07864,126.91998,60,,전남광주통합특별시 화순군 화순읍 세량리 98 · 전국시티투어 경유지 · 카카오 좌표,0,0,0,0,1,1,,,,,,96db458ed63b3e34a1c3d63a8ad444ea67ab6b77
ctt231,태안,유류피해극복기념관,Yuryupihaegeukbokginyeomgwan,herit,36.79267,126.14834,60,,충남 태안군 소원면 천리포1길 120 · 전국시티투어 경유지 · 카카오 좌표,0,0,0,0,1,1,,,,,,96db458ed63b3e34a1c3d63a8ad444ea67ab6b77
ctt232,태안,팜카밀레허브농원,Pamkamilreheobeunongwon,heal,36.68669,126.28288,60,,충남 태안군 남면 우운길 56-19 · 전국시티투어 경유지 · 카카오 좌표,0,0,0,0,1,1,,,,,,96db458ed63b3e34a1c3d63a8ad444ea67ab6b77
ctt233,태안,안면도수목원,Anmyeondosumokwon,heal,36.49689,126.35498,60,,충남 태안군 안면읍 안면대로 3195-6 · 전국시티투어 경유지 · 카카오 좌표,0,0,0,0,1,1,,,,,,96db458ed63b3e34a1c3d63a8ad444ea67ab6b77
ctt234,태안,태안해양유물전시관,Taeanhaeyangyumuljeonsigwan,activity,36.6772,126.15141,90,,충남 태안군 근흥면 신진대교길 94-33 · 전국시티투어 경유지 · 카카오 좌표,0,0,0,0,1,1,,,,,,96db458ed63b3e34a1c3d63a8ad444ea67ab6b77
ctt235,춘천,공지천,Gongjicheon,heal,37.87502,127.70787,60,,강원특별자치도 춘천시 근화동 · 전국시티투어 경유지 · 카카오 좌표,0,0,0,0,1,1,,,,,,96db458ed63b3e34a1c3d63a8ad444ea67ab6b77
ctt236,춘천,춘천삼악산호수케이블카,Chuncheonsamaksanhosukeibeulka,activity,37.86433,127.69129,90,,강원특별자치도 춘천시 스포츠타운길 245 · 전국시티투어 경유지 · 카카오 좌표,0,0,0,0,1,1,,,,,,96db458ed63b3e34a1c3d63a8ad444ea67ab6b77
ctt237,춘천,강원특별자치도립화목원,Gangwonteukbyeoljachidoriphwamokwon,heal,37.92303,127.72569,60,,강원특별자치도 춘천시 화목원길 24 · 전국시티투어 경유지 · 카카오 좌표,0,0,0,0,1,1,,,,,,96db458ed63b3e34a1c3d63a8ad444ea67ab6b77
ctt238,춘천,K-water 소양강댐물문화관,K-water Soyanggangdaemmulmunhwagwan,activity,37.94879,127.81507,90,,강원특별자치도 춘천시 신북읍 신샘밭로 1128 · 전국시티투어 경유지 · 카카오 좌표,0,0,0,0,1,1,,,,,,96db458ed63b3e34a1c3d63a8ad444ea67ab6b77
ctt239,춘천,책과인쇄박물관,Chaekgwainswaebakmulgwan,herit,37.8194,127.72484,60,,강원특별자치도 춘천시 신동면 풍류1길 156 · 전국시티투어 경유지 · 카카오 좌표,0,0,0,0,1,1,,,,,,96db458ed63b3e34a1c3d63a8ad444ea67ab6b77
ctt240,춘천,춘천사이로248,Chuncheonsairo248,heal,37.87449,127.70709,60,,강원특별자치도 춘천시 수변공원길 18 · 전국시티투어 경유지 · 카카오 좌표,0,0,0,0,1,1,,,,,,96db458ed63b3e34a1c3d63a8ad444ea67ab6b77
ctt241,춘천,구봉산전망대카페거리,Gubongsanjeonmangdaekapegeori,food,37.89264,127.77704,50,,강원특별자치도 춘천시 동면 장학리 · 전국시티투어 경유지 · 카카오 좌표,0,0,0,0,1,1,,,,,,96db458ed63b3e34a1c3d63a8ad444ea67ab6b77
ctt242,창원,창원스포츠파크 만남의광장,Changwonseupocheupakeu Mannamuigwangjang,heal,35.23363,128.66698,60,,경남 창원시 성산구 원이대로 450 · 전국시티투어 경유지 · 카카오 좌표,0,0,0,0,1,1,,,,,,96db458ed63b3e34a1c3d63a8ad444ea67ab6b77
ctt243,창원,창원가로수길,Changwongarosugil,food,35.23768,128.68188,50,,경남 창원시 성산구 용호동 · 전국시티투어 경유지 · 카카오 좌표,0,0,0,0,1,1,,,,,,96db458ed63b3e34a1c3d63a8ad444ea67ab6b77
ctt244,창원,창원의집,Changwonuijip,herit,35.24446,128.68158,60,,경남 창원시 의창구 사림로16번길 59 · 전국시티투어 경유지 · 카카오 좌표,0,0,0,0,1,1,,,,,,96db458ed63b3e34a1c3d63a8ad444ea67ab6b77
ctt245,창원,상상길,Sangsanggil,food,35.20658,128.57628,50,,경남 창원시 마산합포구 중성동 169-4 · 전국시티투어 경유지 · 카카오 좌표,0,0,0,0,1,1,,,,,,96db458ed63b3e34a1c3d63a8ad444ea67ab6b77
ctt246,창원,장복산,Jangboksan,heal,35.17984,128.65993,60,,경남 창원시 진해구 태백동 산 52-1 · 전국시티투어 경유지 · 카카오 좌표,0,0,0,0,1,1,,,,,,96db458ed63b3e34a1c3d63a8ad444ea67ab6b77
ctt247,경기광주,영은미술관,Yeongeunmisulgwan,activity,37.41305,127.26901,90,,경기 광주시 청석로 300 · 전국시티투어 경유지 · 카카오 좌표,0,0,0,0,1,1,,,,,,96db458ed63b3e34a1c3d63a8ad444ea67ab6b77
ctt248,경기광주,신익희 생가,Sinikhui Saengga,herit,37.43244,127.30699,60,,경기 광주시 초월읍 서하길 6-25 · 전국시티투어 경유지 · 카카오 좌표,0,0,0,0,1,1,,,,,,96db458ed63b3e34a1c3d63a8ad444ea67ab6b77
ctt249,김해,김해탄소중립체험관,Gimhaetansojungripcheheomgwan,activity,35.20729,128.79629,90,,경남 김해시 부곡로 33 · 전국시티투어 경유지 · 카카오 좌표,0,0,0,0,1,1,,,,,,96db458ed63b3e34a1c3d63a8ad444ea67ab6b77
ctt250,김해,김해목재문화박물관,Gimhaemokjaemunhwabakmulgwan,herit,35.18006,128.80813,60,,경남 김해시 관동로27번길 5-49 · 전국시티투어 경유지 · 카카오 좌표,0,0,0,0,1,1,,,,,,96db458ed63b3e34a1c3d63a8ad444ea67ab6b77
ctt251,김해,율하유적전시관,Yulhayujeokjeonsigwan,activity,35.17571,128.81128,90,,경남 김해시 율하1로 63 · 전국시티투어 경유지 · 카카오 좌표,0,0,0,0,1,1,,,,,,96db458ed63b3e34a1c3d63a8ad444ea67ab6b77
ctt252,김해,수로왕비릉,Surowangbireung,herit,35.24326,128.87762,60,,경남 김해시 가락로190번길 1 · 전국시티투어 경유지 · 카카오 좌표,0,0,0,0,1,1,,,,,,96db458ed63b3e34a1c3d63a8ad444ea67ab6b77
ctt253,김해,김해구지봉,Gimhaegujibong,herit,35.24304,128.87609,60,,경남 김해시 구산동 산 81-2 · 전국시티투어 경유지 · 카카오 좌표,0,0,0,0,1,1,,,,,,96db458ed63b3e34a1c3d63a8ad444ea67ab6b77
ctt254,김해,진영역사공원,Jinyeongyeoksagongwon,heal,35.30385,128.73028,60,,경남 김해시 진영읍 진영리 275-94 · 전국시티투어 경유지 · 카카오 좌표,0,0,0,0,1,1,,,,,,96db458ed63b3e34a1c3d63a8ad444ea67ab6b77
ctt255,김해,화포천습지 과학관,Hwapocheonseupji Gwahakgwan,heal,35.3081,128.77792,60,,경남 김해시 진영읍 진영로265번길 330 · 전국시티투어 경유지 · 카카오 좌표,0,0,0,0,1,1,,,,,,96db458ed63b3e34a1c3d63a8ad444ea67ab6b77
ctt256,김해,김해시 수도박물관,Gimhaesi Sudobakmulgwan,herit,35.28475,128.82259,60,,경남 김해시 한림면 김해대로 1347 · 전국시티투어 경유지 · 카카오 좌표,0,0,0,0,1,1,,,,,,96db458ed63b3e34a1c3d63a8ad444ea67ab6b77
ctt257,서천,장항6080음식골목 맛나로,Janghang6080eumsikgolmok Matnaro,food,36.01059,126.69615,50,,충남 서천군 장항읍 창선1리 165 · 전국시티투어 경유지 · 카카오 좌표,0,0,0,0,1,1,,,,,,96db458ed63b3e34a1c3d63a8ad444ea67ab6b77
ctt258,서천,장항 송림 자연휴양림,Janghang Songrim Jayeonhyuyangrim,heal,36.01844,126.66556,60,,충남 서천군 장항읍 장항산단로34번길 122-16 · 전국시티투어 경유지 · 카카오 좌표,0,0,0,0,1,1,,,,,,96db458ed63b3e34a1c3d63a8ad444ea67ab6b77
ctt259,서천,조류생태전시관,Joryusaengtaejeonsigwan,activity,36.02281,126.74268,90,,충남 서천군 마서면 장산로 916 · 전국시티투어 경유지 · 카카오 좌표,0,0,0,0,1,1,,,,,,96db458ed63b3e34a1c3d63a8ad444ea67ab6b77
ctt260,서천,금강하구둑관광지,Geumganghagudukgwangwangji,heal,36.01977,126.7364,60,,충남 서천군 마서면 장산로855번길 56-2 · 전국시티투어 경유지 · 카카오 좌표,0,0,0,0,1,1,,,,,,96db458ed63b3e34a1c3d63a8ad444ea67ab6b77
ctt261,서천,문헌서원,Munheonseowon,herit,36.0917,126.78556,60,,충남 서천군 기산면 서원로172번길 66 · 전국시티투어 경유지 · 카카오 좌표,0,0,0,0,1,1,,,,,,96db458ed63b3e34a1c3d63a8ad444ea67ab6b77
ctt262,서천,봉선저수지,Bongseonjeosuji,heal,36.13872,126.77771,60,,충남 서천군 시초면 후암리 33-1 · 전국시티투어 경유지 · 카카오 좌표,0,0,0,0,1,1,,,,,,96db458ed63b3e34a1c3d63a8ad444ea67ab6b77
ctt263,서천,이상재선생 생가,Isangjaeseonsaeng Saengga,herit,36.09984,126.80619,60,,충남 서천군 한산면 종단길 71 · 전국시티투어 경유지 · 카카오 좌표,0,0,0,0,1,1,,,,,,96db458ed63b3e34a1c3d63a8ad444ea67ab6b77
ctt264,서천,한산모시관,Hansanmosigwan,activity,36.08034,126.79913,90,,충남 서천군 한산면 충절로 1089 · 전국시티투어 경유지 · 카카오 좌표,0,0,0,0,1,1,,,,,,96db458ed63b3e34a1c3d63a8ad444ea67ab6b77
ctt265,서천,이하복고택전시관,Ihabokgotaekjeonsigwan,activity,36.08087,126.75965,90,,충남 서천군 기산면 신막로57번길 지하 32-11 · 전국시티투어 경유지 · 카카오 좌표,0,0,0,0,1,1,,,,,,96db458ed63b3e34a1c3d63a8ad444ea67ab6b77
ctt266,서천,성경전래지기념관,Seonggyeongjeonraejiginyeomgwan,herit,36.13145,126.50046,60,,충남 서천군 서면 서인로 89-16 · 전국시티투어 경유지 · 카카오 좌표,0,0,0,0,1,1,,,,,,96db458ed63b3e34a1c3d63a8ad444ea67ab6b77
ctt267,서천,서천치유의숲 치유센터,Seocheonchiyuuisup Chiyusenteo,heal,36.11491,126.65995,60,,충남 서천군 종천면 충서로302번길 88-81 · 전국시티투어 경유지 · 카카오 좌표,0,0,0,0,1,1,,,,,,96db458ed63b3e34a1c3d63a8ad444ea67ab6b77
ctt268,서천,국립해양생물자원관,Gukriphaeyangsaengmuljawongwan,activity,36.01798,126.67009,90,,충남 서천군 장항읍 장산로101번길 75 · 전국시티투어 경유지 · 카카오 좌표,0,0,0,0,1,1,,,,,,96db458ed63b3e34a1c3d63a8ad444ea67ab6b77
ctt269,영광,백수해안도로,Baeksuhaeandoro,heal,35.36356,126.39595,60,,전남광주통합특별시 영광군 백수읍 대신리 산 234-11 · 전국시티투어 경유지 · 카카오 좌표,0,0,0,0,1,1,,,,,,96db458ed63b3e34a1c3d63a8ad444ea67ab6b77
ctt270,영광,원불교 영산성지,Wonbulgyo Yeongsanseongji,herit,35.32741,126.44326,60,,전남광주통합특별시 영광군 백수읍 성지로 1345 · 전국시티투어 경유지 · 카카오 좌표,0,0,0,0,1,1,,,,,,96db458ed63b3e34a1c3d63a8ad444ea67ab6b77
ctt271,영광,매간당,Maegandang,herit,35.24108,126.474,60,,전남광주통합특별시 영광군 군남면 동간길2길 83-1 · 전국시티투어 경유지 · 카카오 좌표,0,0,0,0,1,1,,,,,,96db458ed63b3e34a1c3d63a8ad444ea67ab6b77
ctt272,영광,불갑사,Bulgapsa,herit,35.20068,126.54972,60,,전남광주통합특별시 영광군 불갑면 불갑사로 450 · 전국시티투어 경유지 · 카카오 좌표,0,0,0,0,1,1,,,,,,96db458ed63b3e34a1c3d63a8ad444ea67ab6b77
ctt273,평창,평창돌문화체험관,Pyeongchangdolmunhwacheheomgwan,activity,37.3766,128.4095,90,,강원특별자치도 평창군 평창읍 바위공원길 111 · 전국시티투어 경유지 · 카카오 좌표,0,0,0,0,1,1,,,,,,96db458ed63b3e34a1c3d63a8ad444ea67ab6b77
ctt274,삼척,삼척해양레일바이크 용화정거장,Samcheokhaeyangreilbaikeu Yonghwajeonggeojang,heal,37.28966,129.30434,60,,강원특별자치도 삼척시 근덕면 용화해변길 23 · 전국시티투어 경유지 · 카카오 좌표,0,0,0,0,1,1,,,,,,96db458ed63b3e34a1c3d63a8ad444ea67ab6b77
ctt275,삼척,삼척해상케이블카 용화역,Samcheokhaesangkeibeulka Yonghwayeok,activity,37.28912,129.30826,90,,강원특별자치도 삼척시 근덕면 삼척로 2154-31 · 전국시티투어 경유지 · 카카오 좌표,0,0,0,0,1,1,,,,,,96db458ed63b3e34a1c3d63a8ad444ea67ab6b77
ctt276,삼척,삼척활기치유의숲,Samcheokhwalgichiyuuisup,heal,37.38523,129.05401,60,,강원특별자치도 삼척시 미로면 준경길 651-230 · 전국시티투어 경유지 · 카카오 좌표,0,0,0,0,1,1,,,,,,96db458ed63b3e34a1c3d63a8ad444ea67ab6b77
ctt277,완주,오성제저수지,Oseongjejeosuji,heal,35.90453,127.23888,60,,전북특별자치도 완주군 소양면 대흥리 412 · 전국시티투어 경유지 · 카카오 좌표,0,0,0,0,1,1,,,,,,96db458ed63b3e34a1c3d63a8ad444ea67ab6b77
ctt278,완주,아원고택,Awongotaek,herit,35.90352,127.24462,60,,전북특별자치도 완주군 소양면 송광수만로 516-7 · 전국시티투어 경유지 · 카카오 좌표,0,0,0,0,1,1,,,,,,96db458ed63b3e34a1c3d63a8ad444ea67ab6b77
ctt279,완주,위봉산성,Wibongsanseong,herit,35.90527,127.25221,60,,전북특별자치도 완주군 소양면 대흥리 1-32 · 전국시티투어 경유지 · 카카오 좌표,0,0,0,0,1,1,,,,,,96db458ed63b3e34a1c3d63a8ad444ea67ab6b77
ctt280,완주,위봉폭포,Wibongpokpo,heal,35.90964,127.26201,60,,전북특별자치도 완주군 소양면 대흥리 산 1-32 · 전국시티투어 경유지 · 카카오 좌표,0,0,0,0,1,1,,,,,,96db458ed63b3e34a1c3d63a8ad444ea67ab6b77
ctt281,완주,공기마을 편백나무숲,Gonggimaeul Pyeonbaeknamusup,heal,35.73357,127.19335,60,,전북특별자치도 완주군 상관면 죽림리 산 214-1 · 전국시티투어 경유지 · 카카오 좌표,0,0,0,0,1,1,,,,,,96db458ed63b3e34a1c3d63a8ad444ea67ab6b77
ctt282,완주,대한민국 술테마박물관,Daehanminguk Sultemabakmulgwan,herit,35.72617,127.13623,60,,전북특별자치도 완주군 구이면 덕천전원길 232-58 · 전국시티투어 경유지 · 카카오 좌표,0,0,0,0,1,1,,,,,,96db458ed63b3e34a1c3d63a8ad444ea67ab6b77
ctt283,평창,2018평창동계올림픽대회 및 동계패럴림픽대회기념관,2018pyeongchangdonggyeolrimpikdaehoe Mit Donggyepaereolrimpikdaehoeginyeomgwan,herit,37.66684,128.70672,60,,강원특별자치도 평창군 대관령면 올림픽로 220 · 전국시티투어 경유지 · 카카오 좌표,0,0,0,0,1,1,,,,,,96db458ed63b3e34a1c3d63a8ad444ea67ab6b77
ctt284,완도,장보고기념관,Jangbogoginyeomgwan,herit,34.35512,126.73018,60,,전남광주통합특별시 완도군 완도읍 청해진로 1455 · 전국시티투어 경유지 · 카카오 좌표,0,0,0,0,1,1,,,,,,96db458ed63b3e34a1c3d63a8ad444ea67ab6b77
ctt285,진도,진도개테마파크,Jindogaetemapakeu,activity,34.4828,126.27992,90,,전남광주통합특별시 진도군 진도읍 성죽골길 37 · 전국시티투어 경유지 · 카카오 좌표,0,0,0,0,1,1,,,,,,96db458ed63b3e34a1c3d63a8ad444ea67ab6b77
ctt286,진도,운림산방,Unrimsanbang,herit,34.46637,126.30853,60,,전남광주통합특별시 진도군 의신면 운림산방로 315 · 전국시티투어 경유지 · 카카오 좌표,0,0,0,0,1,1,,,,,,96db458ed63b3e34a1c3d63a8ad444ea67ab6b77
ctt287,진도,진도타워,Jindotawo,activity,34.56602,126.30242,90,,전남광주통합특별시 진도군 군내면 만금길 112-41 · 전국시티투어 경유지 · 카카오 좌표,0,0,0,0,1,1,,,,,,96db458ed63b3e34a1c3d63a8ad444ea67ab6b77
ctt288,진도,명량해상케이블카 진도스테이션,Myeongryanghaesangkeibeulka Jindoseuteisyeon,activity,34.56653,126.30255,90,,전남광주통합특별시 진도군 군내면 만금길 112-31 · 전국시티투어 경유지 · 카카오 좌표,0,0,0,0,1,1,,,,,,96db458ed63b3e34a1c3d63a8ad444ea67ab6b77
ctt289,진도,진도 용장성,Jindo Yongjangseong,herit,34.51419,126.33748,60,,전남광주통합특별시 진도군 군내면 용장리 101 · 전국시티투어 경유지 · 카카오 좌표,0,0,0,0,1,1,,,,,,96db458ed63b3e34a1c3d63a8ad444ea67ab6b77
ctt290,양주,양주초록지기마을,Yangjuchorokjigimaeul,activity,37.92277,126.99745,90,,경기 양주시 남면 양연로173번길 26 · 전국시티투어 경유지 · 카카오 좌표,0,0,0,0,1,1,,,,,,96db458ed63b3e34a1c3d63a8ad444ea67ab6b77
ctt291,양주,조명박물관,Jomyeongbakmulgwan,herit,37.83614,126.96755,60,,경기 양주시 광적면 광적로 235-48 · 전국시티투어 경유지 · 카카오 좌표,0,0,0,0,1,1,,,,,,96db458ed63b3e34a1c3d63a8ad444ea67ab6b77
ctt292,양주,온릉,Onreung,herit,37.72017,126.95098,60,,경기 양주시 장흥면 호국로 255-41 · 전국시티투어 경유지 · 카카오 좌표,0,0,0,0,1,1,,,,,,96db458ed63b3e34a1c3d63a8ad444ea67ab6b77
ctt293,양구,DMZ펀치볼둘레길,DMZpeonchiboldulregil,heal,38.29013,128.14542,60,,강원특별자치도 양구군 해안면 해안서화로 35 · 전국시티투어 경유지 · 카카오 좌표,0,0,0,0,1,1,,,,,,96db458ed63b3e34a1c3d63a8ad444ea67ab6b77
ctt294,양구,을지전망대,Euljijeonmangdae,activity,38.32913,128.12674,90,,강원특별자치도 양구군 해안면 이현리 · 전국시티투어 경유지 · 카카오 좌표,0,0,0,0,1,1,,,,,,96db458ed63b3e34a1c3d63a8ad444ea67ab6b77
ctt295,양구,한반도섬,Hanbandoseom,sea,38.13061,127.98276,40,,강원특별자치도 양구군 양구읍 한반도섬길 76 · 전국시티투어 경유지 · 카카오 좌표,0,0,0,0,1,1,,,,,,96db458ed63b3e34a1c3d63a8ad444ea67ab6b77
ctt296,양구,양구수목원,Yanggusumokwon,heal,38.18996,128.07403,60,,강원특별자치도 양구군 동면 숨골로310번길 131 · 전국시티투어 경유지 · 카카오 좌표,0,0,0,0,1,1,,,,,,96db458ed63b3e34a1c3d63a8ad444ea67ab6b77
ctt297,양구,두타연,Dutayeon,heal,38.23276,127.98194,60,,강원특별자치도 양구군 방산면 고방산리 391 · 전국시티투어 경유지 · 카카오 좌표,0,0,0,0,1,1,,,,,,96db458ed63b3e34a1c3d63a8ad444ea67ab6b77
ctt298,양구,양구백자박물관,Yanggubaekjabakmulgwan,herit,38.20746,127.95168,60,,강원특별자치도 양구군 방산면 평화로 5182 · 전국시티투어 경유지 · 카카오 좌표,0,0,0,0,1,1,,,,,,96db458ed63b3e34a1c3d63a8ad444ea67ab6b77
ctt299,곡성,곡성섬진강기차마을,Gokseongseomjinganggichamaeul,heal,35.27956,127.30787,60,,전남광주통합특별시 곡성군 오곡면 오지리 770-5 · 전국시티투어 경유지 · 카카오 좌표,0,0,0,0,1,1,,,,,,96db458ed63b3e34a1c3d63a8ad444ea67ab6b77
ctt300,곡성,섬진강레일바이크,Seomjingangreilbaikeu,activity,35.23018,127.3682,90,,전남광주통합특별시 곡성군 오곡면 섬진강로 1465 · 전국시티투어 경유지 · 카카오 좌표,0,0,0,0,1,1,,,,,,96db458ed63b3e34a1c3d63a8ad444ea67ab6b77
ctt301,곡성,6070청춘공작소,6070cheongchungongjakso,heal,35.28253,127.3018,60,,전남광주통합특별시 곡성군 곡성읍 낙동원로 8-1 · 전국시티투어 경유지 · 카카오 좌표,0,0,0,0,1,1,,,,,,96db458ed63b3e34a1c3d63a8ad444ea67ab6b77
ctt302,곡성,스트리트갤러리 107,Seuteuriteugaelreori 107,activity,35.28097,127.29449,90,,전남광주통합특별시 곡성군 곡성읍 중앙로 107-1 · 전국시티투어 경유지 · 카카오 좌표,0,0,0,0,1,1,,,,,,96db458ed63b3e34a1c3d63a8ad444ea67ab6b77
ctt303,곡성,곡성성당,Gokseongseongdang,herit,35.28237,127.29296,60,,전남광주통합특별시 곡성군 곡성읍 읍내11길 20 · 전국시티투어 경유지 · 카카오 좌표,0,0,0,0,1,1,,,,,,96db458ed63b3e34a1c3d63a8ad444ea67ab6b77
ctt304,곡성,기차당뚝방마켓,Gichadangttukbangmaket,heal,35.2814,127.30127,60,,전남광주통합특별시 곡성군 곡성읍 곡성로 898 · 전국시티투어 경유지 · 카카오 좌표,0,0,0,0,1,1,,,,,,96db458ed63b3e34a1c3d63a8ad444ea67ab6b77
ctt305,대전,대동하늘공원,Daedonghaneulgongwon,heal,36.33198,127.4521,60,,대전 동구 용운동 산 40-1 · 전국시티투어 경유지 · 카카오 좌표,0,0,0,0,1,1,,,,,,96db458ed63b3e34a1c3d63a8ad444ea67ab6b77
ctt306,대전,만인산자연휴양림,Maninsanjayeonhyuyangrim,heal,36.20218,127.45511,60,,대전 동구 산내로 106 · 전국시티투어 경유지 · 카카오 좌표,0,0,0,0,1,1,,,,,,96db458ed63b3e34a1c3d63a8ad444ea67ab6b77
ctt307,대전,우암사적공원,Uamsajeokgongwon,heal,36.34786,127.45824,60,,대전 동구 충정로 53 · 전국시티투어 경유지 · 카카오 좌표,0,0,0,0,1,1,,,,,,96db458ed63b3e34a1c3d63a8ad444ea67ab6b77
ctt308,대전,뿌리공원 한국족보박물관,Ppurigongwon Hangukjokbobakmulgwan,herit,36.28402,127.38689,60,,대전 중구 뿌리공원로 79 · 전국시티투어 경유지 · 카카오 좌표,0,0,0,0,1,1,,,,,,96db458ed63b3e34a1c3d63a8ad444ea67ab6b77
ctt309,대전,한국지질자원연구원 지질박물관,Hangukjijiljawonyeonguwon Jijilbakmulgwan,herit,36.37755,127.36228,60,,대전 유성구 과학로 124 · 전국시티투어 경유지 · 카카오 좌표,0,0,0,0,1,1,,,,,,96db458ed63b3e34a1c3d63a8ad444ea67ab6b77
ctt310,대전,대전시민천문대,Daejeonsimincheonmundae,heal,36.3816,127.35367,60,,대전 유성구 과학로 213-48 · 전국시티투어 경유지 · 카카오 좌표,0,0,0,0,1,1,,,,,,96db458ed63b3e34a1c3d63a8ad444ea67ab6b77
ctt311,대전,대청호자연생태관,Daecheonghojayeonsaengtaegwan,herit,36.37335,127.47078,60,,대전 동구 천개동로 41 · 전국시티투어 경유지 · 카카오 좌표,0,0,0,0,1,1,,,,,,96db458ed63b3e34a1c3d63a8ad444ea67ab6b77
ctt312,대전,구대전형무소망루,Gudaejeonhyeongmusomangru,herit,36.33668,127.4107,60,,대전 중구 중촌동 16-11 · 전국시티투어 경유지 · 카카오 좌표,0,0,0,0,1,1,,,,,,96db458ed63b3e34a1c3d63a8ad444ea67ab6b77
ctt313,대전,목동성당,Mokdongseongdang,herit,36.33169,127.40802,60,,대전 중구 동서대로1365번길 19 · 전국시티투어 경유지 · 카카오 좌표,0,0,0,0,1,1,,,,,,96db458ed63b3e34a1c3d63a8ad444ea67ab6b77
ctt314,대전,국립대전현충원 현충문,Gukripdaejeonhyeonchungwon Hyeonchungmun,herit,36.36906,127.29571,60,,대전 유성구 현충원로 251 · 전국시티투어 경유지 · 카카오 좌표,0,0,0,0,1,1,,,,,,96db458ed63b3e34a1c3d63a8ad444ea67ab6b77
ctt315,아산,피나클랜드 수목원,Pinakeulraendeu Sumokwon,heal,36.87371,126.92728,60,,충남 아산시 영인면 월선길 20-42 · 전국시티투어 경유지 · 카카오 좌표,0,0,0,0,1,1,,,,,,96db458ed63b3e34a1c3d63a8ad444ea67ab6b77
ctt316,아산,영인산자연휴양림,Yeonginsanjayeonhyuyangrim,heal,36.84105,126.95014,60,,충남 아산시 영인면 아산온천로 16-26 · 전국시티투어 경유지 · 카카오 좌표,0,0,0,0,1,1,,,,,,96db458ed63b3e34a1c3d63a8ad444ea67ab6b77
ctt317,아산,신정호지방정원,Sinjeonghojibangjeongwon,heal,36.77109,126.97977,60,,충남 아산시 방축동 459 · 전국시티투어 경유지 · 카카오 좌표,0,0,0,0,1,1,,,,,,96db458ed63b3e34a1c3d63a8ad444ea67ab6b77
ctt318,아산,아산맹씨행단,Asanmaengssihaengdan,herit,36.74648,127.04175,60,,충남 아산시 배방읍 행단길 25 · 전국시티투어 경유지 · 카카오 좌표,0,0,0,0,1,1,,,,,,96db458ed63b3e34a1c3d63a8ad444ea67ab6b77
ctt319,아산,온양민속박물관,Onyangminsokbakmulgwan,herit,36.79204,127.0063,60,,충남 아산시 충무로 123 · 전국시티투어 경유지 · 카카오 좌표,0,0,0,0,1,1,,,,,,96db458ed63b3e34a1c3d63a8ad444ea67ab6b77
ctt320,대전,유성온천공원 족욕체험장,Yuseongoncheongongwon Jokyokcheheomjang,activity,36.35478,127.34785,90,,대전 유성구 봉명동 574-6 · 전국시티투어 경유지 · 카카오 좌표,0,0,0,0,1,1,,,,,,96db458ed63b3e34a1c3d63a8ad444ea67ab6b77
ctt321,대전,한밭교육박물관,Hanbatgyoyukbakmulgwan,herit,36.33744,127.42885,60,,대전 동구 우암로 96 · 전국시티투어 경유지 · 카카오 좌표,0,0,0,0,1,1,,,,,,96db458ed63b3e34a1c3d63a8ad444ea67ab6b77
ctt322,대전,대청호반길 3-2코스(청남대조망길),Daecheonghobangil 3-2koseu(cheongnamdaejomanggil),heal,36.43006,127.48147,60,,대전 동구 직동 · 전국시티투어 경유지 · 카카오 좌표,0,0,0,0,1,1,,,,,,96db458ed63b3e34a1c3d63a8ad444ea67ab6b77
ctt323,대전,테미오래,Temiorae,heal,36.3206,127.42309,60,,대전 중구 보문로205번길 13 · 전국시티투어 경유지 · 카카오 좌표,0,0,0,0,1,1,,,,,,96db458ed63b3e34a1c3d63a8ad444ea67ab6b77
ctt324,대전,대전아쿠아리움,Daejeonakuarium,activity,36.31011,127.42107,90,,대전 중구 보문산공원로 469 · 전국시티투어 경유지 · 카카오 좌표,0,0,0,0,1,1,,,,,,96db458ed63b3e34a1c3d63a8ad444ea67ab6b77
ctt325,대전,주교좌대흥동성당,Jugyojwadaeheungdongseongdang,herit,36.32657,127.42647,60,,대전 중구 대종로 471 · 전국시티투어 경유지 · 카카오 좌표,0,0,0,0,1,1,,,,,,96db458ed63b3e34a1c3d63a8ad444ea67ab6b77
ctt326,태안,태안해양치유센터,Taeanhaeyangchiyusenteo,heal,36.64785,126.29995,60,,충남 태안군 남면 달산포로 85-59 · 전국시티투어 경유지 · 카카오 좌표,0,0,0,0,1,1,,,,,,96db458ed63b3e34a1c3d63a8ad444ea67ab6b77
ctt327,서천,이동백소리솔바람길,Idongbaeksorisolbaramgil,heal,36.1122,126.6767,60,,충남 서천군 종천면 지석리 산 40-1 · 전국시티투어 경유지 · 카카오 좌표,0,0,0,0,1,1,,,,,,96db458ed63b3e34a1c3d63a8ad444ea67ab6b77
ctt328,서천,마량리동백나무숲,Maryangridongbaeknamusup,heal,36.1368,126.49394,60,,충남 서천군 서면 마량리 313-4 · 전국시티투어 경유지 · 카카오 좌표,0,0,0,0,1,1,,,,,,96db458ed63b3e34a1c3d63a8ad444ea67ab6b77
ctt329,서천,서천군문화예술창작공간,Seocheongunmunhwayesulchangjakgonggan,heal,36.00829,126.69589,60,,충남 서천군 장항읍 장산로 323 · 전국시티투어 경유지 · 카카오 좌표,0,0,0,0,1,1,,,,,,96db458ed63b3e34a1c3d63a8ad444ea67ab6b77
ctt330,홍천,척야산문화수목원,Cheokyasanmunhwasumokwon,heal,37.78197,128.15838,60,,강원특별자치도 홍천군 내촌면 동창로 282 · 전국시티투어 경유지 · 카카오 좌표,0,0,0,0,1,1,,,,,,96db458ed63b3e34a1c3d63a8ad444ea67ab6b77
ctt331,홍천,수타사농촌테마공원,Sutasanongchontemagongwon,heal,37.69485,127.9522,60,,강원특별자치도 홍천군 영귀미면 덕치리 614 · 전국시티투어 경유지 · 카카오 좌표,0,0,0,0,1,1,,,,,,96db458ed63b3e34a1c3d63a8ad444ea67ab6b77
ctt332,홍천,수타사,Sutasa,herit,37.6985,127.9591,60,,강원특별자치도 홍천군 영귀미면 수타사로 473 · 전국시티투어 경유지 · 카카오 좌표,0,0,0,0,1,1,,,,,,96db458ed63b3e34a1c3d63a8ad444ea67ab6b77
ctt333,화천,산천어커피박물관,Sancheoneokeopibakmulgwan,herit,38.10598,127.70377,60,,강원특별자치도 화천군 화천읍 상승로2길 21 · 전국시티투어 경유지 · 카카오 좌표,0,0,0,0,1,1,,,,,,96db458ed63b3e34a1c3d63a8ad444ea67ab6b77
ctt334,화천,화천박물관,Hwacheonbakmulgwan,herit,38.09788,127.70416,60,,강원특별자치도 화천군 하남면 춘화로 3337 · 전국시티투어 경유지 · 카카오 좌표,0,0,0,0,1,1,,,,,,96db458ed63b3e34a1c3d63a8ad444ea67ab6b77
ctt335,화천,K-water 평화의댐 물문화관,K-water Pyeonghwauidaem Mulmunhwagwan,activity,38.214,127.84636,90,,강원특별자치도 화천군 화천읍 동촌리 2922-2 · 전국시티투어 경유지 · 카카오 좌표,0,0,0,0,1,1,,,,,,96db458ed63b3e34a1c3d63a8ad444ea67ab6b77
ctt336,순천,상사호,Sangsaho,heal,34.94401,127.41259,60,,전남광주통합특별시 순천시 상사면 용계리 620 · 전국시티투어 경유지 · 카카오 좌표,0,0,0,0,1,1,,,,,,96db458ed63b3e34a1c3d63a8ad444ea67ab6b77
ctt337,순천,순천전통야생차체험관,Suncheonjeontongyasaengchacheheomgwan,activity,34.99471,127.33442,90,,전남광주통합특별시 순천시 승주읍 선암사길 450-1 · 전국시티투어 경유지 · 카카오 좌표,0,0,0,0,1,1,,,,,,96db458ed63b3e34a1c3d63a8ad444ea67ab6b77
ctt338,순천,순천왜성,Suncheonwaeseong,herit,34.90726,127.58116,60,,전남광주통합특별시 순천시 해룡면 신성리 산 1 · 전국시티투어 경유지 · 카카오 좌표,0,0,0,0,1,1,,,,,,96db458ed63b3e34a1c3d63a8ad444ea67ab6b77
ctt339,순천,순천만국가정원 스페이스브릿지,Suncheonmangukgajeongwon Seupeiseubeuritji,heal,34.92772,127.50338,60,,전남광주통합특별시 순천시 풍덕동 610 · 전국시티투어 경유지 · 카카오 좌표,0,0,0,0,1,1,,,,,,96db458ed63b3e34a1c3d63a8ad444ea67ab6b77
ctt340,나주,국립나주박물관,Gukripnajubakmulgwan,herit,34.91482,126.65905,60,,전남광주통합특별시 나주시 반남면 고분로 747 · 전국시티투어 경유지 · 카카오 좌표,0,0,0,0,1,1,,,,,,96db458ed63b3e34a1c3d63a8ad444ea67ab6b77
ctt341,나주,전남광주통합특별시산림연구원 토피어리,Jeonnamgwangjutonghapteukbyeolsisanrimyeonguwon Topieori,heal,35.00646,126.82509,60,,전남광주통합특별시 나주시 산포면 다도로 7 · 전국시티투어 경유지 · 카카오 좌표,0,0,0,0,1,1,,,,,,96db458ed63b3e34a1c3d63a8ad444ea67ab6b77
ctt342,아산,옹기발효음식 전시체험관,Onggibalhyoeumsik Jeonsicheheomgwan,activity,36.75485,126.88051,90,,충남 아산시 도고면 도고산로 810 · 전국시티투어 경유지 · 카카오 좌표,0,0,0,0,1,1,,,,,,96db458ed63b3e34a1c3d63a8ad444ea67ab6b77
ctt343,아산,도고아트홀,Dogoateuhol,activity,36.7587,126.86787,90,,충남 아산시 도고면 아산만로 171 · 전국시티투어 경유지 · 카카오 좌표,0,0,0,0,1,1,,,,,,96db458ed63b3e34a1c3d63a8ad444ea67ab6b77
ctt344,아산,세계꽃식물원,Segyekkotsikmulwon,heal,36.74971,126.86058,60,,충남 아산시 도고면 아산만로 37-37 · 전국시티투어 경유지 · 카카오 좌표,0,0,0,0,1,1,,,,,,96db458ed63b3e34a1c3d63a8ad444ea67ab6b77
ctt345,대전,유림공원,Yurimgongwon,heal,36.35997,127.35744,60,,대전 유성구 어은로 27 · 전국시티투어 경유지 · 카카오 좌표,0,0,0,0,1,1,,,,,,96db458ed63b3e34a1c3d63a8ad444ea67ab6b77
ctt346,대전,진잠향교,Jinjamhyanggyo,herit,36.3038,127.31529,60,,대전 유성구 교촌로 67 · 전국시티투어 경유지 · 카카오 좌표,0,0,0,0,1,1,,,,,,96db458ed63b3e34a1c3d63a8ad444ea67ab6b77
ctt347,안성,안성맞춤박물관,Anseongmatchumbakmulgwan,herit,37.01125,127.22835,60,,경기 안성시 대덕면 서동대로 4726-15 · 전국시티투어 경유지 · 카카오 좌표,0,0,0,0,1,1,,,,,,96db458ed63b3e34a1c3d63a8ad444ea67ab6b77
ctt348,안성,농협안성팜랜드,Nonghyeopanseongpamraendeu,activity,36.99132,127.19352,90,,경기 안성시 공도읍 대신두길 28 · 전국시티투어 경유지 · 카카오 좌표,0,0,0,0,1,1,,,,,,96db458ed63b3e34a1c3d63a8ad444ea67ab6b77
ctt349,안성,안성맞춤랜드,Anseongmatchumraendeu,activity,37.03305,127.31017,90,,경기 안성시 보개면 남사당로 198 · 전국시티투어 경유지 · 카카오 좌표,0,0,0,0,1,1,,,,,,96db458ed63b3e34a1c3d63a8ad444ea67ab6b77
ctt350,안성,청룡사,Cheongryongsa,herit,36.91371,127.28875,60,,경기 안성시 서운면 청룡길 140 · 전국시티투어 경유지 · 카카오 좌표,0,0,0,0,1,1,,,,,,96db458ed63b3e34a1c3d63a8ad444ea67ab6b77
ctt351,대전,식장산문화공원,Sikjangsanmunhwagongwon,heal,36.30379,127.48355,60,,대전 동구 세천동 산 43-3 · 전국시티투어 경유지 · 카카오 좌표,0,0,0,0,1,1,,,,,,96db458ed63b3e34a1c3d63a8ad444ea67ab6b77
ctt352,경산,임당동고분군,Imdangdonggobungun,herit,35.83983,128.74967,60,,경북 경산시 임당동 676-1 · 전국시티투어 경유지 · 카카오 좌표,0,0,0,0,1,1,,,,,,96db458ed63b3e34a1c3d63a8ad444ea67ab6b77
ctt353,경산,경산시립박물관,Gyeongsansiripbakmulgwan,herit,35.81406,128.76321,60,,경북 경산시 박물관로 46 · 전국시티투어 경유지 · 카카오 좌표,0,0,0,0,1,1,,,,,,96db458ed63b3e34a1c3d63a8ad444ea67ab6b77
ctt354,경산,삼성현역사문화공원,Samseonghyeonyeoksamunhwagongwon,heal,35.80159,128.79675,60,,경북 경산시 남산면 삼성현공원로 59 · 전국시티투어 경유지 · 카카오 좌표,0,0,0,0,1,1,,,,,,96db458ed63b3e34a1c3d63a8ad444ea67ab6b77
ctt355,경산,경산동의한방촌,Gyeongsandonguihanbangchon,activity,35.79937,128.80015,90,,경북 경산시 남산면 삼성현공원로 38 · 전국시티투어 경유지 · 카카오 좌표,0,0,0,0,1,1,,,,,,96db458ed63b3e34a1c3d63a8ad444ea67ab6b77
ctt356,경산,반곡지,Bangokji,heal,35.78042,128.8066,60,,경북 경산시 남산면 반곡리 246 · 전국시티투어 경유지 · 카카오 좌표,0,0,0,0,1,1,,,,,,96db458ed63b3e34a1c3d63a8ad444ea67ab6b77
ctt357,울산,장생포고래박물관,Jangsaengpogoraebakmulgwan,herit,35.50277,129.38077,60,,울산 남구 장생포고래로 244 · 전국시티투어 경유지 · 카카오 좌표,0,0,0,0,1,1,,,,,,96db458ed63b3e34a1c3d63a8ad444ea67ab6b77
ctt358,울산,태화강국가정원 태화강전망대,Taehwaganggukgajeongwon Taehwagangjeonmangdae,activity,35.54506,129.29385,90,,울산 남구 남산로 223 · 전국시티투어 경유지 · 카카오 좌표,0,0,0,0,1,1,,,,,,96db458ed63b3e34a1c3d63a8ad444ea67ab6b77
ctt359,울산,울산문화예술회관,Ulsanmunhwayesulhoegwan,activity,35.54296,129.32734,90,,울산 남구 번영로 200 · 전국시티투어 경유지 · 카카오 좌표,0,0,0,0,1,1,,,,,,96db458ed63b3e34a1c3d63a8ad444ea67ab6b77
ctt360,공주,계룡도예,Gyeryongdoye,heal,36.37905,127.26083,60,,충남 공주시 반포면 온천사기소길 27-1 · 전국시티투어 경유지 · 카카오 좌표,0,0,0,0,1,1,,,,,,96db458ed63b3e34a1c3d63a8ad444ea67ab6b77
ctt361,공주,공주산림휴양마을 산림문화휴양관,Gongjusanrimhyuyangmaeul Sanrimmunhwahyuyanggwan,heal,36.42438,127.11943,60,,충남 공주시 수원지공원길 222 · 전국시티투어 경유지 · 카카오 좌표,0,0,0,0,1,1,,,,,,96db458ed63b3e34a1c3d63a8ad444ea67ab6b77
ctt362,공주,유구전통시장 광장,Yugujeontongsijang Gwangjang,heal,36.55306,126.95215,60,,충남 공주시 유구읍 석남리 279-3 · 전국시티투어 경유지 · 카카오 좌표,0,0,0,0,1,1,,,,,,96db458ed63b3e34a1c3d63a8ad444ea67ab6b77
ctt363,공주,충청남도역사박물관,Chungcheongnamdoyeoksabakmulgwan,herit,36.4537,127.12667,60,,충남 공주시 국고개길 24 · 전국시티투어 경유지 · 카카오 좌표,0,0,0,0,1,1,,,,,,96db458ed63b3e34a1c3d63a8ad444ea67ab6b77
ctt364,공주,공주 반죽동 당간지주,Gongju Banjukdong Dangganjiju,herit,36.45171,127.12242,60,,충남 공주시 반죽동 300-2 · 전국시티투어 경유지 · 카카오 좌표,0,0,0,0,1,1,,,,,,96db458ed63b3e34a1c3d63a8ad444ea67ab6b77
ctt365,공주,백제오감체험관,Baekjeogamcheheomgwan,activity,36.46247,127.11119,90,,충남 공주시 고마나루길 30 · 전국시티투어 경유지 · 카카오 좌표,0,0,0,0,1,1,,,,,,96db458ed63b3e34a1c3d63a8ad444ea67ab6b77
ctt366,서울,익스트림스포츠디엠지,Ikseuteurimseupocheudiemji,activity,37.57248,127.00393,90,,서울 종로구 종로35길 28 · 전국시티투어 경유지 · 카카오 좌표,0,0,0,0,1,1,,,,,,96db458ed63b3e34a1c3d63a8ad444ea67ab6b77
ctt367,서울,JSA어패럴,JSAeopaereol,sea,37.53834,126.8262,40,,서울 양천구 남부순환로 316 · 전국시티투어 경유지 · 카카오 좌표,0,0,0,0,1,1,,,,,,96db458ed63b3e34a1c3d63a8ad444ea67ab6b77
ro116,양평,스타벅스 더양평DT점,스타벅스 더양평DT점,food,37.49703,127.4817,50,,경기 양평군 양평읍 양근로 76 · 한국관광공사 연관 관광지 · 카카오 좌표,0,0,0,0,0,1,,,,,,96db458ed63b3e34a1c3d63a8ad444ea67ab6b77
ro117,경주,분황사,분황사,herit,35.84057,129.23364,60,,경북 경주시 분황로 94-11 · 한국관광공사 연관 관광지 · 카카오 좌표,0,0,0,0,0,1,,,,,,96db458ed63b3e34a1c3d63a8ad444ea67ab6b77
ro366,양평,사나사계곡,사나사계곡,sea,37.53852,127.50632,40,,경기 양평군 옥천면 사나사길 329 · 한국관광공사 연관 관광지 · 카카오 좌표,0,0,0,0,0,1,,,,,,96db458ed63b3e34a1c3d63a8ad444ea67ab6b77
ro419,아산,궁평저수지 맨발황톳길,궁평저수지 맨발황톳길,activity,36.71412,126.99339,90,,충남 아산시 송악면 궁평리 252 · 한국관광공사 연관 관광지 · 카카오 좌표,0,0,0,0,0,1,,,,,,96db458ed63b3e34a1c3d63a8ad444ea67ab6b77
ro500,김해,장유사,장유사,herit,35.19586,128.75539,60,,경남 김해시 대청계곡길 170-563 · 한국관광공사 연관 관광지 · 카카오 좌표,0,0,0,0,0,1,,,,,,96db458ed63b3e34a1c3d63a8ad444ea67ab6b77
ro570,창원,3.15해양누리공원,3.15해양누리공원,heal,35.18655,128.56403,60,,경남 창원시 마산합포구 월남동1가 47-4 · 한국관광공사 연관 관광지 · 카카오 좌표,0,0,0,0,0,1,,,,,,96db458ed63b3e34a1c3d63a8ad444ea67ab6b77
ro813,천안,천안 성성호수공원,천안 성성호수공원,heal,36.84761,127.12844,60,,충남 천안시 서북구 성성2길 95 · 한국관광공사 연관 관광지 · 카카오 좌표,0,0,0,0,0,1,,,,,,96db458ed63b3e34a1c3d63a8ad444ea67ab6b77
ro881,봉화,국립청옥산자연휴양림,국립청옥산자연휴양림,heal,37.03872,128.99584,60,,경북 봉화군 석포면 청옥로 1552-163 · 한국관광공사 연관 관광지 · 카카오 좌표,0,0,0,0,0,1,,,,,,96db458ed63b3e34a1c3d63a8ad444ea67ab6b77
ro885,하동,하동 코리아짚와이어,하동 코리아짚와이어,activity,34.98246,127.89652,90,,경남 하동군 금남면 경충로 493-5 · 한국관광공사 연관 관광지 · 카카오 좌표,0,0,0,0,0,1,,,,,,96db458ed63b3e34a1c3d63a8ad444ea67ab6b77
ro970,서울,유한양행 윌로우하우스,유한양행 윌로우하우스,herit,37.51298,126.93268,60,,서울 동작구 노량진로 74 · 한국관광공사 연관 관광지 · 카카오 좌표,0,0,0,0,0,1,,,,,,96db458ed63b3e34a1c3d63a8ad444ea67ab6b77
rs383,서울,힐튼가든인 서울강남,힐튼가든인 서울강남,stay,37.48593,127.03277,30,,서울 서초구 강남대로 253 · 한국관광공사 연관 관광지 · 카카오 좌표,0,0,0,0,0,0,lodging,,,,,96db458ed63b3e34a1c3d63a8ad444ea67ab6b77
ro1,강릉,주문진수산시장,주문진수산시장,food,37.89111,128.82774,50,,강원특별자치도 강릉시 주문진읍 시장길 38 · 한국관광공사 연관 관광지 · 카카오 좌표,0,0,0,0,0,1,,,,,,96db458ed63b3e34a1c3d63a8ad444ea67ab6b77
ro2,통영,통영중앙전통시장,통영중앙전통시장,food,34.84522,128.42448,50,,경남 통영시 중앙동 38-5 · 한국관광공사 연관 관광지 · 카카오 좌표,0,0,0,0,0,1,,,,,,96db458ed63b3e34a1c3d63a8ad444ea67ab6b77
ro3,속초,청초수물회 속초본점,청초수물회 속초본점,food,38.19215,128.59054,50,,강원특별자치도 속초시 엑스포로 12-36 · 한국관광공사 연관 관광지 · 카카오 좌표,0,0,0,0,0,1,,,,,,96db458ed63b3e34a1c3d63a8ad444ea67ab6b77
ro4,부산,광안리해수욕장,광안리해수욕장,sea,35.15319,129.11898,40,,부산 수영구 광안해변로 219 · 한국관광공사 연관 관광지 · 카카오 좌표,0,0,0,0,0,1,,,,,,96db458ed63b3e34a1c3d63a8ad444ea67ab6b77
ro5,강릉,안목해변,안목해변,sea,37.77226,128.94828,40,,강원특별자치도 강릉시 창해로14번길 51-26 · 한국관광공사 연관 관광지 · 카카오 좌표,0,0,0,0,0,1,,,,,,96db458ed63b3e34a1c3d63a8ad444ea67ab6b77
ro6,고성(강원),송지호해수욕장,송지호해수욕장,sea,38.33068,128.52792,40,,강원특별자치도 고성군 죽왕면 오호리 8 · 한국관광공사 연관 관광지 · 카카오 좌표,0,0,0,0,0,1,,,,,,96db458ed63b3e34a1c3d63a8ad444ea67ab6b77
ro7,양양,낙산해수욕장,낙산해수욕장,sea,38.11587,128.63576,40,,강원특별자치도 양양군 강현면 전진리 · 한국관광공사 연관 관광지 · 카카오 좌표,0,0,0,0,0,1,,,,,,96db458ed63b3e34a1c3d63a8ad444ea67ab6b77
ro8,고성,바다정원펜션,바다정원펜션,food,35.01331,128.4974,50,,경남 고성군 동해면 용정1길 451-28 · 한국관광공사 연관 관광지 · 카카오 좌표,0,0,0,0,0,1,,,,,,96db458ed63b3e34a1c3d63a8ad444ea67ab6b77
ro9,속초,동명항,동명항,sea,38.21112,128.60079,40,,강원특별자치도 속초시 동명동 1-249 · 한국관광공사 연관 관광지 · 카카오 좌표,0,0,0,0,0,1,,,,,,96db458ed63b3e34a1c3d63a8ad444ea67ab6b77
ro10,삼척,맹방해수욕장,맹방해수욕장,sea,37.39018,129.23234,40,,강원특별자치도 삼척시 근덕면 하맹방리 12-1 · 한국관광공사 연관 관광지 · 카카오 좌표,0,0,0,0,0,1,,,,,,96db458ed63b3e34a1c3d63a8ad444ea67ab6b77
ro11,삼척,삼척해변,삼척해변,sea,37.46792,129.16984,40,,강원특별자치도 삼척시 갈천동 14-22 · 한국관광공사 연관 관광지 · 카카오 좌표,0,0,0,0,0,1,,,,,,96db458ed63b3e34a1c3d63a8ad444ea67ab6b77
ro12,인천,강화풍물시장,강화풍물시장,food,37.74147,126.49272,50,,인천 강화군 강화읍 중앙로 17-9 · 한국관광공사 연관 관광지 · 카카오 좌표,0,0,0,0,0,1,,,,,,96db458ed63b3e34a1c3d63a8ad444ea67ab6b77
ro13,인천,동막해변,동막해변,sea,37.5929,126.45758,40,,인천 강화군 화도면 동막리 7-3 · 한국관광공사 연관 관광지 · 카카오 좌표,0,0,0,0,0,1,,,,,,96db458ed63b3e34a1c3d63a8ad444ea67ab6b77
ro14,삼척,삼척중앙시장,삼척중앙시장,food,37.44209,129.16519,50,,강원특별자치도 삼척시 진주로 12-21 · 한국관광공사 연관 관광지 · 카카오 좌표,0,0,0,0,0,1,,,,,,96db458ed63b3e34a1c3d63a8ad444ea67ab6b77
ro15,제주,서귀포매일올레시장,서귀포매일올레시장,food,33.25015,126.56323,50,,제주특별자치도 서귀포시 중앙로62번길 18 · 한국관광공사 연관 관광지 · 카카오 좌표,0,0,0,0,0,1,,,,,,96db458ed63b3e34a1c3d63a8ad444ea67ab6b77
ro16,인천,조양방직,조양방직,food,37.74695,126.48032,50,,인천 강화군 강화읍 향나무길5번길 12 · 한국관광공사 연관 관광지 · 카카오 좌표,0,0,0,0,0,1,,,,,,96db458ed63b3e34a1c3d63a8ad444ea67ab6b77
ro17,서울,코엑스,코엑스,herit,37.51182,127.05916,60,,서울 강남구 영동대로 513 · 한국관광공사 연관 관광지 · 카카오 좌표,0,0,0,0,0,1,,,,,,96db458ed63b3e34a1c3d63a8ad444ea67ab6b77
ro18,태안,안면도수산시장,안면도수산시장,food,36.51657,126.34595,50,,충남 태안군 안면읍 장터로 104 · 한국관광공사 연관 관광지 · 카카오 좌표,0,0,0,0,0,1,,,,,,96db458ed63b3e34a1c3d63a8ad444ea67ab6b77
ro19,서울,반포한강공원,반포한강공원,heal,37.51082,126.99716,60,,서울 서초구 반포동 115-5 · 한국관광공사 연관 관광지 · 카카오 좌표,0,0,0,0,0,1,,,,,,96db458ed63b3e34a1c3d63a8ad444ea67ab6b77
ro20,서울,북악스카이웨이,북악스카이웨이,activity,37.60085,126.97708,90,,서울 종로구 평창동 산 6-94 · 한국관광공사 연관 관광지 · 카카오 좌표,0,0,0,0,0,1,,,,,,96db458ed63b3e34a1c3d63a8ad444ea67ab6b77
ro21,속초,만석닭강정 시장1호점,만석닭강정 시장1호점,food,38.20451,128.59004,50,,강원특별자치도 속초시 중앙로147번길 16 · 한국관광공사 연관 관광지 · 카카오 좌표,0,0,0,0,0,1,,,,,,96db458ed63b3e34a1c3d63a8ad444ea67ab6b77
ro22,인천,교동대룡시장,교동대룡시장,food,37.78215,126.27958,50,,인천 강화군 교동면 대룡리 460-2 · 한국관광공사 연관 관광지 · 카카오 좌표,0,0,0,0,0,1,,,,,,96db458ed63b3e34a1c3d63a8ad444ea67ab6b77
ro23,태안,백사장항,백사장항,sea,36.5864,126.31806,40,,충남 태안군 안면읍 창기리 2200 · 한국관광공사 연관 관광지 · 카카오 좌표,0,0,0,0,0,1,,,,,,96db458ed63b3e34a1c3d63a8ad444ea67ab6b77
ro24,강릉,강릉카페거리,강릉카페거리,food,37.77265,128.94724,50,,강원특별자치도 강릉시 창해로14번길 20 · 한국관광공사 연관 관광지 · 카카오 좌표,0,0,0,0,0,1,,,,,,96db458ed63b3e34a1c3d63a8ad444ea67ab6b77
ro25,영덕,고래불해수욕장,고래불해수욕장,sea,36.59867,129.41072,40,,경북 영덕군 병곡면 병곡리 58-26 · 한국관광공사 연관 관광지 · 카카오 좌표,0,0,0,0,0,1,,,,,,96db458ed63b3e34a1c3d63a8ad444ea67ab6b77
ro26,태안,몽산포해수욕장,몽산포해수욕장,sea,36.66939,126.28662,40,,충남 태안군 남면 신장리 353-59 · 한국관광공사 연관 관광지 · 카카오 좌표,0,0,0,0,0,1,,,,,,96db458ed63b3e34a1c3d63a8ad444ea67ab6b77
ro27,태안,안면암,안면암,herit,36.55935,126.37506,60,,충남 태안군 안면읍 여수해길 198-160 · 한국관광공사 연관 관광지 · 카카오 좌표,0,0,0,0,0,1,,,,,,96db458ed63b3e34a1c3d63a8ad444ea67ab6b77
ro28,서울,가락동 농수산물도매시장,가락동 농수산물도매시장,food,37.49391,127.11095,50,,서울 송파구 양재대로 932 · 한국관광공사 연관 관광지 · 카카오 좌표,0,0,0,0,0,1,,,,,,96db458ed63b3e34a1c3d63a8ad444ea67ab6b77
ro29,양양,하조대해수욕장,하조대해수욕장,sea,38.02642,128.72028,40,,강원특별자치도 양양군 현북면 하광정리 80-2 · 한국관광공사 연관 관광지 · 카카오 좌표,0,0,0,0,0,1,,,,,,96db458ed63b3e34a1c3d63a8ad444ea67ab6b77
ro30,울진,후포항,후포항,sea,36.67821,129.45795,40,,경북 울진군 후포면 울진대게로 236-14 · 한국관광공사 연관 관광지 · 카카오 좌표,0,0,0,0,0,1,,,,,,96db458ed63b3e34a1c3d63a8ad444ea67ab6b77
ro31,평창,월정사,월정사,herit,37.73175,128.59212,60,,강원특별자치도 평창군 진부면 오대산로 374-8 · 한국관광공사 연관 관광지 · 카카오 좌표,0,0,0,0,0,1,,,,,,96db458ed63b3e34a1c3d63a8ad444ea67ab6b77
ro32,강릉,정동진 해변,정동진 해변,sea,37.68917,129.03626,40,,강원특별자치도 강릉시 강동면 정동진리 64-3 · 한국관광공사 연관 관광지 · 카카오 좌표,0,0,0,0,0,1,,,,,,96db458ed63b3e34a1c3d63a8ad444ea67ab6b77
ro33,강릉,주문진해변,주문진해변,sea,37.91112,128.81878,40,,강원특별자치도 강릉시 주문진읍 향호리 8-35 · 한국관광공사 연관 관광지 · 카카오 좌표,0,0,0,0,0,1,,,,,,96db458ed63b3e34a1c3d63a8ad444ea67ab6b77
ro34,고성(강원),화진포해변,화진포해변,sea,38.47854,128.43937,40,,강원특별자치도 고성군 현내면 초도리 · 한국관광공사 연관 관광지 · 카카오 좌표,0,0,0,0,0,1,,,,,,96db458ed63b3e34a1c3d63a8ad444ea67ab6b77
ro35,인천,전등사,전등사,herit,37.63215,126.48478,60,,인천 강화군 길상면 전등사로 37-41 · 한국관광공사 연관 관광지 · 카카오 좌표,0,0,0,0,0,1,,,,,,96db458ed63b3e34a1c3d63a8ad444ea67ab6b77
ro36,춘천,통나무집닭갈비 본점,통나무집닭갈비 본점,food,37.93313,127.79329,50,,강원특별자치도 춘천시 신북읍 신샘밭로 763 · 한국관광공사 연관 관광지 · 카카오 좌표,0,0,0,0,0,1,,,,,,96db458ed63b3e34a1c3d63a8ad444ea67ab6b77
ro37,천안,뚜쥬루 빵돌가마점,뚜쥬루 빵돌가마점,food,36.77312,127.13965,50,,충남 천안시 동남구 풍세로 706 · 한국관광공사 연관 관광지 · 카카오 좌표,0,0,0,0,0,1,,,,,,96db458ed63b3e34a1c3d63a8ad444ea67ab6b77
ro38,서울,보문사,보문사,herit,37.58461,127.01647,60,,서울 성북구 보문사길 20 · 한국관광공사 연관 관광지 · 카카오 좌표,0,0,0,0,0,1,,,,,,96db458ed63b3e34a1c3d63a8ad444ea67ab6b77
ro39,보령,원산도해수욕장,원산도해수욕장,sea,36.36342,126.42789,40,,충남 보령시 오천면 원산도리 1860-6 · 한국관광공사 연관 관광지 · 카카오 좌표,0,0,0,0,0,1,,,,,,96db458ed63b3e34a1c3d63a8ad444ea67ab6b77
ro40,삼척,용화해변,용화해변,sea,37.28968,129.30537,40,,강원특별자치도 삼척시 근덕면 용화리 14-5 · 한국관광공사 연관 관광지 · 카카오 좌표,0,0,0,0,0,1,,,,,,96db458ed63b3e34a1c3d63a8ad444ea67ab6b77
ro41,삼척,삼척항,삼척항,sea,37.43558,129.19069,40,,강원특별자치도 삼척시 정상동 · 한국관광공사 연관 관광지 · 카카오 좌표,0,0,0,0,0,1,,,,,,96db458ed63b3e34a1c3d63a8ad444ea67ab6b77
ro42,인천,강화제적봉 평화전망대,강화제적봉 평화전망대,activity,37.82652,126.433,90,,인천 강화군 양사면 전망대로 797 · 한국관광공사 연관 관광지 · 카카오 좌표,0,0,0,0,0,1,,,,,,96db458ed63b3e34a1c3d63a8ad444ea67ab6b77
ro43,태안,삼봉해수욕장캠핑장,삼봉해수욕장캠핑장,sea,36.56929,126.31688,40,,충남 태안군 안면읍 창기리 · 한국관광공사 연관 관광지 · 카카오 좌표,0,0,0,0,0,1,,,,,,96db458ed63b3e34a1c3d63a8ad444ea67ab6b77
ro44,영덕,영덕해맞이공원,영덕해맞이공원,heal,36.42628,129.43484,60,,경북 영덕군 영덕읍 창포리 3 · 한국관광공사 연관 관광지 · 카카오 좌표,0,0,0,0,0,1,,,,,,96db458ed63b3e34a1c3d63a8ad444ea67ab6b77
ro45,당진,한진포구,한진포구,sea,36.97081,126.78246,40,,충남 당진시 송악읍 한진포구길 49 · 한국관광공사 연관 관광지 · 카카오 좌표,0,0,0,0,0,1,,,,,,96db458ed63b3e34a1c3d63a8ad444ea67ab6b77
ro46,강릉,사근진해변,사근진해변,sea,37.81361,128.89756,40,,강원특별자치도 강릉시 해안로604번길 14 · 한국관광공사 연관 관광지 · 카카오 좌표,0,0,0,0,0,1,,,,,,96db458ed63b3e34a1c3d63a8ad444ea67ab6b77
ro47,강릉,강문해변,강문해변,sea,37.79482,128.91918,40,,강원특별자치도 강릉시 강문동 182-1 · 한국관광공사 연관 관광지 · 카카오 좌표,0,0,0,0,0,1,,,,,,96db458ed63b3e34a1c3d63a8ad444ea67ab6b77
ro48,영덕,대진해수욕장,대진해수욕장,sea,36.56498,129.42687,40,,경북 영덕군 영해면 영덕대게로 2840 · 한국관광공사 연관 관광지 · 카카오 좌표,0,0,0,0,0,1,,,,,,96db458ed63b3e34a1c3d63a8ad444ea67ab6b77
ro49,서울,YTN서울타워,YTN서울타워,activity,37.55127,126.98821,90,,서울 용산구 용산동2가 산 1-3 · 한국관광공사 연관 관광지 · 카카오 좌표,0,0,0,0,0,1,,,,,,96db458ed63b3e34a1c3d63a8ad444ea67ab6b77
ro50,서울,동대문종합시장,동대문종합시장,food,37.57042,127.00762,50,,서울 종로구 종로 266 · 한국관광공사 연관 관광지 · 카카오 좌표,0,0,0,0,0,1,,,,,,96db458ed63b3e34a1c3d63a8ad444ea67ab6b77
ro51,여수,여수예술랜드,여수예술랜드,activity,34.69509,127.77706,90,,전남광주통합특별시 여수시 돌산읍 무술목길 142-1 · 한국관광공사 연관 관광지 · 카카오 좌표,0,0,0,0,0,1,,,,,,96db458ed63b3e34a1c3d63a8ad444ea67ab6b77
ro52,태안,안면도영목항전망대,안면도영목항전망대,activity,36.40197,126.42203,90,,충남 태안군 고남면 안면대로 4506 · 한국관광공사 연관 관광지 · 카카오 좌표,0,0,0,0,0,1,,,,,,96db458ed63b3e34a1c3d63a8ad444ea67ab6b77
ro53,서천,홍원항,홍원항,sea,36.1563,126.50174,40,,충남 서천군 서면 도둔리 · 한국관광공사 연관 관광지 · 카카오 좌표,0,0,0,0,0,1,,,,,,96db458ed63b3e34a1c3d63a8ad444ea67ab6b77
ro54,인천,금문도,금문도,food,37.65605,126.49281,50,,인천 강화군 길상면 강화동로 187 · 한국관광공사 연관 관광지 · 카카오 좌표,0,0,0,0,0,1,,,,,,96db458ed63b3e34a1c3d63a8ad444ea67ab6b77
ro55,통영,서호시장,서호시장,food,34.84128,128.41941,50,,경남 통영시 새터길 42-7 · 한국관광공사 연관 관광지 · 카카오 좌표,0,0,0,0,0,1,,,,,,96db458ed63b3e34a1c3d63a8ad444ea67ab6b77
ro56,거제,저구항,저구항,sea,34.73075,128.60607,40,,경남 거제시 남부면 저구리 216-6 · 한국관광공사 연관 관광지 · 카카오 좌표,0,0,0,0,0,1,,,,,,96db458ed63b3e34a1c3d63a8ad444ea67ab6b77
ro57,정선,강원랜드카지노리조트복지관,강원랜드카지노리조트복지관,activity,37.20196,128.84928,90,,강원특별자치도 정선군 고한읍 고한3길 6-9 · 한국관광공사 연관 관광지 · 카카오 좌표,0,0,0,0,0,1,,,,,,96db458ed63b3e34a1c3d63a8ad444ea67ab6b77
ro58,고성(강원),거진항,거진항,sea,38.44589,128.4592,40,,강원특별자치도 고성군 거진읍 거진항1길 62-3 · 한국관광공사 연관 관광지 · 카카오 좌표,0,0,0,0,0,1,,,,,,96db458ed63b3e34a1c3d63a8ad444ea67ab6b77
ro59,제주,판포포구,판포포구,sea,33.36502,126.20002,40,,제주특별자치도 제주시 한경면 판포리 · 한국관광공사 연관 관광지 · 카카오 좌표,0,0,0,0,0,1,,,,,,96db458ed63b3e34a1c3d63a8ad444ea67ab6b77
ro60,강릉,동화가든,동화가든,food,37.79114,128.91466,50,,강원특별자치도 강릉시 초당순두부길77번길 15 · 한국관광공사 연관 관광지 · 카카오 좌표,0,0,0,0,0,1,,,,,,96db458ed63b3e34a1c3d63a8ad444ea67ab6b77
ro61,속초,외옹치해수욕장,외옹치해수욕장,sea,38.18315,128.60893,40,,강원특별자치도 속초시 해오름로 83 · 한국관광공사 연관 관광지 · 카카오 좌표,0,0,0,0,0,1,,,,,,96db458ed63b3e34a1c3d63a8ad444ea67ab6b77
ro62,속초,장사항,장사항,sea,38.22709,128.5888,40,,강원특별자치도 속초시 장사항해안길 58 · 한국관광공사 연관 관광지 · 카카오 좌표,0,0,0,0,0,1,,,,,,96db458ed63b3e34a1c3d63a8ad444ea67ab6b77
ro63,해남,땅끝전망대,땅끝전망대,activity,34.29474,126.52501,90,,전남광주통합특별시 해남군 송지면 땅끝마을길 100 · 한국관광공사 연관 관광지 · 카카오 좌표,0,0,0,0,0,1,,,,,,96db458ed63b3e34a1c3d63a8ad444ea67ab6b77
ro64,완도,신지명사십리해수욕장,신지명사십리해수욕장,sea,34.32689,126.81266,40,,전남광주통합특별시 완도군 신지면 명사십리길 85-105 · 한국관광공사 연관 관광지 · 카카오 좌표,0,0,0,0,0,1,,,,,,96db458ed63b3e34a1c3d63a8ad444ea67ab6b77
ro65,영덕,축산항,축산항,sea,36.50861,129.44819,40,,경북 영덕군 축산면 · 한국관광공사 연관 관광지 · 카카오 좌표,0,0,0,0,0,1,,,,,,96db458ed63b3e34a1c3d63a8ad444ea67ab6b77
ro66,제주,제주동화마을,제주동화마을,heal,33.43543,126.73204,60,,제주특별자치도 제주시 구좌읍 비자림로 1191 · 한국관광공사 연관 관광지 · 카카오 좌표,0,0,0,0,0,1,,,,,,96db458ed63b3e34a1c3d63a8ad444ea67ab6b77
ro67,서천,춘장대해수욕장,춘장대해수욕장,sea,36.16335,126.52271,40,,충남 서천군 서면 도둔리 산 46-1 · 한국관광공사 연관 관광지 · 카카오 좌표,0,0,0,0,0,1,,,,,,96db458ed63b3e34a1c3d63a8ad444ea67ab6b77
ro68,여수,여수낭만포차거리,여수낭만포차거리,food,34.73649,127.74915,50,,전남광주통합특별시 여수시 하멜로 102 · 한국관광공사 연관 관광지 · 카카오 좌표,0,0,0,0,0,1,,,,,,96db458ed63b3e34a1c3d63a8ad444ea67ab6b77
ro69,목포,목포동부시장,목포동부시장,food,34.80439,126.39303,50,,전남광주통합특별시 목포시 영산로257번길 15 · 한국관광공사 연관 관광지 · 카카오 좌표,0,0,0,0,0,1,,,,,,96db458ed63b3e34a1c3d63a8ad444ea67ab6b77
ro70,양양,하조대전망대,하조대전망대,activity,38.02241,128.7291,90,,강원특별자치도 양양군 현북면 하광정리 58-1 · 한국관광공사 연관 관광지 · 카카오 좌표,0,0,0,0,0,1,,,,,,96db458ed63b3e34a1c3d63a8ad444ea67ab6b77
ro71,목포,목포북항,목포북항,sea,34.80489,126.36478,40,,전남광주통합특별시 목포시 죽교동 620-320 · 한국관광공사 연관 관광지 · 카카오 좌표,0,0,0,0,0,1,,,,,,96db458ed63b3e34a1c3d63a8ad444ea67ab6b77
ro72,부산,기장시장,기장시장,food,35.24354,129.21528,50,,부산 기장군 기장읍 읍내로104번길 16 · 한국관광공사 연관 관광지 · 카카오 좌표,0,0,0,0,0,1,,,,,,96db458ed63b3e34a1c3d63a8ad444ea67ab6b77
ro73,삼척,부일막국수,부일막국수,food,37.4671,129.1638,50,,강원특별자치도 삼척시 새천년도로 596 · 한국관광공사 연관 관광지 · 카카오 좌표,0,0,0,0,0,1,,,,,,96db458ed63b3e34a1c3d63a8ad444ea67ab6b77
ro74,목포,커피창고로,커피창고로,food,34.79568,126.43064,50,,전남광주통합특별시 목포시 평화로 51 · 한국관광공사 연관 관광지 · 카카오 좌표,0,0,0,0,0,1,,,,,,96db458ed63b3e34a1c3d63a8ad444ea67ab6b77
ro75,태안,딴뚝통나무집식당,딴뚝통나무집식당,food,36.50944,126.35098,50,,충남 태안군 안면읍 조운막터길 23-22 · 한국관광공사 연관 관광지 · 카카오 좌표,0,0,0,0,0,1,,,,,,96db458ed63b3e34a1c3d63a8ad444ea67ab6b77
ro76,태안,덕수식당,덕수식당,food,36.75165,126.3031,50,,충남 태안군 태안읍 중앙로 133-8 · 한국관광공사 연관 관광지 · 카카오 좌표,0,0,0,0,0,1,,,,,,96db458ed63b3e34a1c3d63a8ad444ea67ab6b77
ro77,서울,토속촌삼계탕,토속촌삼계탕,food,37.57772,126.97149,50,,서울 종로구 자하문로5길 5 · 한국관광공사 연관 관광지 · 카카오 좌표,0,0,0,0,0,1,,,,,,96db458ed63b3e34a1c3d63a8ad444ea67ab6b77
ro78,통영,수륙해수욕장,수륙해수욕장,sea,34.81988,128.43981,40,,경남 통영시 산양읍 영운리 · 한국관광공사 연관 관광지 · 카카오 좌표,0,0,0,0,0,1,,,,,,96db458ed63b3e34a1c3d63a8ad444ea67ab6b77
ro79,사천,삼천포항,삼천포항,sea,34.92644,128.06999,40,,경남 사천시 어시장길 34-10 · 한국관광공사 연관 관광지 · 카카오 좌표,0,0,0,0,0,1,,,,,,96db458ed63b3e34a1c3d63a8ad444ea67ab6b77
ro80,울진,덕구온천스파월드,덕구온천스파월드,heal,37.07881,129.28357,60,,경북 울진군 북면 덕구온천로 924 · 한국관광공사 연관 관광지 · 카카오 좌표,0,0,0,0,0,1,,,,,,96db458ed63b3e34a1c3d63a8ad444ea67ab6b77
ro81,여수,여수수산시장,여수수산시장,food,34.7381,127.73181,50,,전남광주통합특별시 여수시 여객선터미널길 24 · 한국관광공사 연관 관광지 · 카카오 좌표,0,0,0,0,0,1,,,,,,96db458ed63b3e34a1c3d63a8ad444ea67ab6b77
ro82,사천,남일대해수욕장,남일대해수욕장,sea,34.92659,128.0964,40,,경남 사천시 모례2길 11-19 · 한국관광공사 연관 관광지 · 카카오 좌표,0,0,0,0,0,1,,,,,,96db458ed63b3e34a1c3d63a8ad444ea67ab6b77
ro83,삼척,삼고정문,삼고정문,food,37.46195,129.15661,50,,강원특별자치도 삼척시 새천년도로 673-1 · 한국관광공사 연관 관광지 · 카카오 좌표,0,0,0,0,0,1,,,,,,96db458ed63b3e34a1c3d63a8ad444ea67ab6b77
ro84,영월,영월소금빵,영월소금빵,food,37.18225,128.47973,50,,강원특별자치도 영월군 영월읍 영월로 2097-2 · 한국관광공사 연관 관광지 · 카카오 좌표,0,0,0,0,0,1,,,,,,96db458ed63b3e34a1c3d63a8ad444ea67ab6b77
ro85,여수,꽃돌게장1번가,꽃돌게장1번가,food,34.73302,127.72611,50,,전남광주통합특별시 여수시 봉산2로 36 · 한국관광공사 연관 관광지 · 카카오 좌표,0,0,0,0,0,1,,,,,,96db458ed63b3e34a1c3d63a8ad444ea67ab6b77
ro86,당진,로드1950카페,로드1950카페,food,36.91743,126.81261,50,,충남 당진시 신평면 매산로 170 · 한국관광공사 연관 관광지 · 카카오 좌표,0,0,0,0,0,1,,,,,,96db458ed63b3e34a1c3d63a8ad444ea67ab6b77
ro87,제주,스타벅스 더제주송당파크R점,스타벅스 더제주송당파크R점,food,33.43552,126.73144,50,,제주특별자치도 제주시 구좌읍 비자림로 1189 · 한국관광공사 연관 관광지 · 카카오 좌표,0,0,0,0,0,1,,,,,,96db458ed63b3e34a1c3d63a8ad444ea67ab6b77
ro88,거제,정글돔풀빌라앤글램핑,정글돔풀빌라앤글램핑,activity,34.8573,128.57106,90,,경남 거제시 거제면 외간1길 1-56 · 한국관광공사 연관 관광지 · 카카오 좌표,0,0,0,0,0,1,,,,,,96db458ed63b3e34a1c3d63a8ad444ea67ab6b77
ro89,동해,어달해변,어달해변,sea,37.56877,129.11753,40,,강원특별자치도 동해시 어달동 52-4 · 한국관광공사 연관 관광지 · 카카오 좌표,0,0,0,0,0,1,,,,,,96db458ed63b3e34a1c3d63a8ad444ea67ab6b77
ro90,목포,유달산조각공원,유달산조각공원,heal,34.79458,126.37408,60,,전남광주통합특별시 목포시 유달로 221 · 한국관광공사 연관 관광지 · 카카오 좌표,0,0,0,0,0,1,,,,,,96db458ed63b3e34a1c3d63a8ad444ea67ab6b77
ro91,춘천,춘천교육대학교 행정본관,춘천교육대학교 행정본관,herit,37.85912,127.74827,60,,강원특별자치도 춘천시 공지로 126 · 한국관광공사 연관 관광지 · 카카오 좌표,0,0,0,0,0,1,,,,,,96db458ed63b3e34a1c3d63a8ad444ea67ab6b77
ro92,논산,반야사,반야사,herit,36.11107,127.17347,60,,충남 논산시 가야곡면 삼전길 104 · 한국관광공사 연관 관광지 · 카카오 좌표,0,0,0,0,0,1,,,,,,96db458ed63b3e34a1c3d63a8ad444ea67ab6b77
ro93,보령,상화원,상화원,heal,36.27728,126.53855,60,,충남 보령시 남포면 남포방조제로 408-52 · 한국관광공사 연관 관광지 · 카카오 좌표,0,0,0,0,0,1,,,,,,96db458ed63b3e34a1c3d63a8ad444ea67ab6b77
ro94,부안,곰소항,곰소항,sea,35.58599,126.60569,40,,전북특별자치도 부안군 진서면 진서리 · 한국관광공사 연관 관광지 · 카카오 좌표,0,0,0,0,0,1,,,,,,96db458ed63b3e34a1c3d63a8ad444ea67ab6b77
ro95,통영,동피랑전복마을,동피랑전복마을,food,34.84325,128.4274,50,,경남 통영시 해송정2길 29 · 한국관광공사 연관 관광지 · 카카오 좌표,0,0,0,0,0,1,,,,,,96db458ed63b3e34a1c3d63a8ad444ea67ab6b77
ro96,함안,함안연꽃테마파크,함안연꽃테마파크,heal,35.28053,128.39494,60,,경남 함안군 가야읍 왕궁1길 38-20 · 한국관광공사 연관 관광지 · 카카오 좌표,0,0,0,0,0,1,,,,,,96db458ed63b3e34a1c3d63a8ad444ea67ab6b77
ro97,속초,등대해수욕장,등대해수욕장,sea,38.21459,128.59835,40,,강원특별자치도 속초시 영랑동 1-9 · 한국관광공사 연관 관광지 · 카카오 좌표,0,0,0,0,0,1,,,,,,96db458ed63b3e34a1c3d63a8ad444ea67ab6b77
ro98,고성(강원),건봉사,건봉사,herit,38.40316,128.37947,60,,강원특별자치도 고성군 거진읍 건봉사로 723 · 한국관광공사 연관 관광지 · 카카오 좌표,0,0,0,0,0,1,,,,,,96db458ed63b3e34a1c3d63a8ad444ea67ab6b77
ro99,양양,양양전통시장,양양전통시장,food,38.07503,128.62319,50,,강원특별자치도 양양군 양양읍 남문5길 9 · 한국관광공사 연관 관광지 · 카카오 좌표,0,0,0,0,0,1,,,,,,96db458ed63b3e34a1c3d63a8ad444ea67ab6b77
ro100,서천,서천특화시장임시상설시장,서천특화시장임시상설시장,food,36.07518,126.6857,50,,충남 서천군 서천읍 남산로 316 · 한국관광공사 연관 관광지 · 카카오 좌표,0,0,0,0,0,1,,,,,,96db458ed63b3e34a1c3d63a8ad444ea67ab6b77
ro101,춘천,산토리니,산토리니,food,37.89145,127.77651,50,,강원특별자치도 춘천시 동면 순환대로 1154-97 · 한국관광공사 연관 관광지 · 카카오 좌표,0,0,0,0,0,1,,,,,,96db458ed63b3e34a1c3d63a8ad444ea67ab6b77
ro102,부산,모모스 영도 로스터리&커피바,모모스 영도 로스터리&커피바,food,35.09623,129.04257,50,,부산 영도구 봉래나루로 160 · 한국관광공사 연관 관광지 · 카카오 좌표,0,0,0,0,0,1,,,,,,96db458ed63b3e34a1c3d63a8ad444ea67ab6b77
ro103,거제,거제씨월드,거제씨월드,activity,34.83588,128.70146,90,,경남 거제시 일운면 지세포해안로 15 · 한국관광공사 연관 관광지 · 카카오 좌표,0,0,0,0,0,1,,,,,,96db458ed63b3e34a1c3d63a8ad444ea67ab6b77
ro104,거제,조선해양문화관,조선해양문화관,herit,34.83487,128.7016,60,,경남 거제시 일운면 지세포해안로 25 · 한국관광공사 연관 관광지 · 카카오 좌표,0,0,0,0,0,1,,,,,,96db458ed63b3e34a1c3d63a8ad444ea67ab6b77
ro105,거제,지세포항,지세포항,sea,34.8317,128.70349,40,,경남 거제시 일운면 지세포해안로 43 · 한국관광공사 연관 관광지 · 카카오 좌표,0,0,0,0,0,1,,,,,,96db458ed63b3e34a1c3d63a8ad444ea67ab6b77
ro106,영월,영월 고씨굴,영월 고씨굴,heal,37.12941,128.53289,60,,강원특별자치도 영월군 김삿갓면 진별리 산 262-1 · 한국관광공사 연관 관광지 · 카카오 좌표,0,0,0,0,0,1,,,,,,96db458ed63b3e34a1c3d63a8ad444ea67ab6b77
ro107,군산,군산수산물종합센터,군산수산물종합센터,food,35.99399,126.70474,50,,전북특별자치도 군산시 내항2길 216 · 한국관광공사 연관 관광지 · 카카오 좌표,0,0,0,0,0,1,,,,,,96db458ed63b3e34a1c3d63a8ad444ea67ab6b77
ro108,영덕,옥계계곡,옥계계곡,sea,36.33294,129.2705,40,,경북 영덕군 달산면 옥계리 · 한국관광공사 연관 관광지 · 카카오 좌표,0,0,0,0,0,1,,,,,,96db458ed63b3e34a1c3d63a8ad444ea67ab6b77
ro109,영덕,동광어시장,동광어시장,food,36.35928,129.39077,50,,경북 영덕군 강구면 영덕대게로 108-1 · 한국관광공사 연관 관광지 · 카카오 좌표,0,0,0,0,0,1,,,,,,96db458ed63b3e34a1c3d63a8ad444ea67ab6b77
ro110,공주,대한불교조계종 동학사,대한불교조계종 동학사,herit,36.35329,127.22012,60,,충남 공주시 반포면 동학사1로 462 · 한국관광공사 연관 관광지 · 카카오 좌표,0,0,0,0,0,1,,,,,,96db458ed63b3e34a1c3d63a8ad444ea67ab6b77
ro111,제주,성이시돌목장,성이시돌목장,heal,33.34777,126.32732,60,,제주특별자치도 제주시 한림읍 금악동길 35 · 한국관광공사 연관 관광지 · 카카오 좌표,0,0,0,0,0,1,,,,,,96db458ed63b3e34a1c3d63a8ad444ea67ab6b77
ro112,제주,금능해수욕장,금능해수욕장,sea,33.39045,126.23589,40,,제주특별자치도 제주시 한림읍 금능길 119-10 · 한국관광공사 연관 관광지 · 카카오 좌표,0,0,0,0,0,1,,,,,,96db458ed63b3e34a1c3d63a8ad444ea67ab6b77
ro113,사천,하주옥 진주냉면,하주옥 진주냉면,food,35.06757,128.0761,50,,경남 사천시 사남면 하동길 8-11 · 한국관광공사 연관 관광지 · 카카오 좌표,0,0,0,0,0,1,,,,,,96db458ed63b3e34a1c3d63a8ad444ea67ab6b77
ro114,보령,바이더오,바이더오,food,36.38132,126.39697,50,,충남 보령시 오천면 원산도5길 89-23 · 한국관광공사 연관 관광지 · 카카오 좌표,0,0,0,0,0,1,,,,,,96db458ed63b3e34a1c3d63a8ad444ea67ab6b77
ro115,양평,옥천냉면황해식당 본점,옥천냉면황해식당 본점,food,37.51974,127.45781,50,,경기 양평군 옥천면 고읍로 140 · 한국관광공사 연관 관광지 · 카카오 좌표,0,0,0,0,0,1,,,,,,96db458ed63b3e34a1c3d63a8ad444ea67ab6b77
ro118,경주,경주중앙시장,경주중앙시장,food,35.84396,129.20674,50,,경북 경주시 금성로 295 · 한국관광공사 연관 관광지 · 카카오 좌표,0,0,0,0,0,1,,,,,,96db458ed63b3e34a1c3d63a8ad444ea67ab6b77
ro119,양양,물치항,물치항,sea,38.15569,128.60999,40,,강원특별자치도 양양군 강현면 동해대로 3580 · 한국관광공사 연관 관광지 · 카카오 좌표,0,0,0,0,0,1,,,,,,96db458ed63b3e34a1c3d63a8ad444ea67ab6b77
ro120,동해,묵호등대전망대,묵호등대전망대,activity,37.5545,129.11861,90,,강원특별자치도 동해시 해맞이길 289 · 한국관광공사 연관 관광지 · 카카오 좌표,0,0,0,0,0,1,,,,,,96db458ed63b3e34a1c3d63a8ad444ea67ab6b77
ro121,인천,하나개해수욕장,하나개해수욕장,sea,37.38483,126.40985,40,,인천 영종구 무의동 산 189 · 한국관광공사 연관 관광지 · 카카오 좌표,0,0,0,0,0,1,,,,,,96db458ed63b3e34a1c3d63a8ad444ea67ab6b77
ro122,공주,유구색동수국정원,유구색동수국정원,heal,36.55548,126.95439,60,,충남 공주시 유구읍 유구리 648-17 · 한국관광공사 연관 관광지 · 카카오 좌표,0,0,0,0,0,1,,,,,,96db458ed63b3e34a1c3d63a8ad444ea67ab6b77
ro123,보령,보령석탄박물관,보령석탄박물관,herit,36.32611,126.6527,60,,충남 보령시 성주면 성주산로 508 · 한국관광공사 연관 관광지 · 카카오 좌표,0,0,0,0,0,1,,,,,,96db458ed63b3e34a1c3d63a8ad444ea67ab6b77
ro124,부안,격포해수욕장,격포해수욕장,sea,35.62879,126.47022,40,,전북특별자치도 부안군 변산면 격포리 산 47-1 · 한국관광공사 연관 관광지 · 카카오 좌표,0,0,0,0,0,1,,,,,,96db458ed63b3e34a1c3d63a8ad444ea67ab6b77
ro125,울진,국립해양과학관,국립해양과학관,herit,37.07268,129.41018,60,,경북 울진군 죽변면 해양과학길 8 · 한국관광공사 연관 관광지 · 카카오 좌표,0,0,0,0,0,1,,,,,,96db458ed63b3e34a1c3d63a8ad444ea67ab6b77
ro126,부산,청사포방파제,청사포방파제,sea,35.15932,129.19039,40,,부산 해운대구 중동 · 한국관광공사 연관 관광지 · 카카오 좌표,0,0,0,0,0,1,,,,,,96db458ed63b3e34a1c3d63a8ad444ea67ab6b77
ro127,부산,황령산전망쉼터,황령산전망쉼터,activity,35.15788,129.08272,90,,부산 남구 황령산로 391-39 · 한국관광공사 연관 관광지 · 카카오 좌표,0,0,0,0,0,1,,,,,,96db458ed63b3e34a1c3d63a8ad444ea67ab6b77
ro128,부산,반여농산물도매시장,반여농산물도매시장,food,35.21457,129.1227,50,,부산 해운대구 수영강변대로 626 · 한국관광공사 연관 관광지 · 카카오 좌표,0,0,0,0,0,1,,,,,,96db458ed63b3e34a1c3d63a8ad444ea67ab6b77
ro129,경주,황남빵,황남빵,food,35.84084,129.21364,50,,경북 경주시 태종로 783 · 한국관광공사 연관 관광지 · 카카오 좌표,0,0,0,0,0,1,,,,,,96db458ed63b3e34a1c3d63a8ad444ea67ab6b77
ro130,거제,하면옥 본점,하면옥 본점,food,34.90433,128.6231,50,,경남 거제시 연초면 연하해안로 320 · 한국관광공사 연관 관광지 · 카카오 좌표,0,0,0,0,0,1,,,,,,96db458ed63b3e34a1c3d63a8ad444ea67ab6b77
ro131,창원,동부회센타,동부회센타,food,35.15227,128.69394,50,,경남 창원시 진해구 천자로 5 · 한국관광공사 연관 관광지 · 카카오 좌표,0,0,0,0,0,1,,,,,,96db458ed63b3e34a1c3d63a8ad444ea67ab6b77
ro132,당진,우렁이박사,우렁이박사,food,36.87993,126.80282,50,,충남 당진시 신평면 샛터로 7-1 · 한국관광공사 연관 관광지 · 카카오 좌표,0,0,0,0,0,1,,,,,,96db458ed63b3e34a1c3d63a8ad444ea67ab6b77
ro133,태백,몽토랑,몽토랑,food,37.18194,128.96415,50,,강원특별자치도 태백시 효자1길 27-2 · 한국관광공사 연관 관광지 · 카카오 좌표,0,0,0,0,0,1,,,,,,96db458ed63b3e34a1c3d63a8ad444ea67ab6b77
ro134,제주,숙성도 중문점,숙성도 중문점,food,33.2628,126.39541,50,,제주특별자치도 서귀포시 일주서로 1101 · 한국관광공사 연관 관광지 · 카카오 좌표,0,0,0,0,0,1,,,,,,96db458ed63b3e34a1c3d63a8ad444ea67ab6b77
ro135,거제,흥남해수욕장,흥남해수욕장,sea,34.95978,128.715,40,,경남 거제시 장목면 흥남길 46 · 한국관광공사 연관 관광지 · 카카오 좌표,0,0,0,0,0,1,,,,,,96db458ed63b3e34a1c3d63a8ad444ea67ab6b77
ro136,양양,수산항,수산항,sea,38.07863,128.67523,40,,강원특별자치도 양양군 손양면 · 한국관광공사 연관 관광지 · 카카오 좌표,0,0,0,0,0,1,,,,,,96db458ed63b3e34a1c3d63a8ad444ea67ab6b77
ro137,통영,스카이라인 루지 통영,스카이라인 루지 통영,activity,34.82437,128.42414,90,,경남 통영시 발개로 178 · 한국관광공사 연관 관광지 · 카카오 좌표,0,0,0,0,0,1,,,,,,96db458ed63b3e34a1c3d63a8ad444ea67ab6b77
ro138,여수,무슬목해수욕장,무슬목해수욕장,sea,34.68326,127.77642,40,,전남광주통합특별시 여수시 돌산읍 돌산로 2876 · 한국관광공사 연관 관광지 · 카카오 좌표,0,0,0,0,0,1,,,,,,96db458ed63b3e34a1c3d63a8ad444ea67ab6b77
ro139,보성,율포해수욕장,율포해수욕장,sea,34.67003,127.08902,40,,전남광주통합특별시 보성군 회천면 우암길 24 · 한국관광공사 연관 관광지 · 카카오 좌표,0,0,0,0,0,1,,,,,,96db458ed63b3e34a1c3d63a8ad444ea67ab6b77
ro140,고성(강원),송지호관망타워,송지호관망타워,activity,38.33625,128.51761,90,,강원특별자치도 고성군 죽왕면 동해대로 6021 · 한국관광공사 연관 관광지 · 카카오 좌표,0,0,0,0,0,1,,,,,,96db458ed63b3e34a1c3d63a8ad444ea67ab6b77
ro141,당진,합덕제 수변공원,합덕제 수변공원,sea,36.79275,126.78139,40,,충남 당진시 합덕읍 성동리 1-45 · 한국관광공사 연관 관광지 · 카카오 좌표,0,0,0,0,0,1,,,,,,96db458ed63b3e34a1c3d63a8ad444ea67ab6b77
ro142,울진,망양정해수욕장,망양정해수욕장,sea,36.96902,129.41273,40,,경북 울진군 근남면 산포리 · 한국관광공사 연관 관광지 · 카카오 좌표,0,0,0,0,0,1,,,,,,96db458ed63b3e34a1c3d63a8ad444ea67ab6b77
ro143,보령,성주산자연휴양림,성주산자연휴양림,heal,36.33378,126.66542,60,,충남 보령시 성주면 화장골길 57-228 · 한국관광공사 연관 관광지 · 카카오 좌표,0,0,0,0,0,1,,,,,,96db458ed63b3e34a1c3d63a8ad444ea67ab6b77
ro144,보령,대천해수욕장 스카이바이크,대천해수욕장 스카이바이크,activity,36.32059,126.50662,90,,충남 보령시 해수욕장10길 75 · 한국관광공사 연관 관광지 · 카카오 좌표,0,0,0,0,0,1,,,,,,96db458ed63b3e34a1c3d63a8ad444ea67ab6b77
ro145,울진,울진항,울진항,sea,36.9901,129.41671,40,,경북 울진군 울진읍 연지리 80-10 · 한국관광공사 연관 관광지 · 카카오 좌표,0,0,0,0,0,1,,,,,,96db458ed63b3e34a1c3d63a8ad444ea67ab6b77
ro146,파주,임진각 평화누리공원,임진각 평화누리공원,heal,37.89228,126.74392,60,,경기 파주시 문산읍 임진각로 148-40 · 한국관광공사 연관 관광지 · 카카오 좌표,0,0,0,0,0,1,,,,,,96db458ed63b3e34a1c3d63a8ad444ea67ab6b77
ro147,울진,구산해수욕장,구산해수욕장,sea,36.75398,129.46818,40,,경북 울진군 기성면 구산리 · 한국관광공사 연관 관광지 · 카카오 좌표,0,0,0,0,0,1,,,,,,96db458ed63b3e34a1c3d63a8ad444ea67ab6b77
ro148,서울,잠원한강공원,잠원한강공원,heal,37.52733,127.01905,60,,서울 강남구 압구정동 386 · 한국관광공사 연관 관광지 · 카카오 좌표,0,0,0,0,0,1,,,,,,96db458ed63b3e34a1c3d63a8ad444ea67ab6b77
ro149,제주,아르떼뮤지엄 제주,아르떼뮤지엄 제주,herit,33.3967,126.34501,60,,제주특별자치도 제주시 애월읍 어림비로 478 · 한국관광공사 연관 관광지 · 카카오 좌표,0,0,0,0,0,1,,,,,,96db458ed63b3e34a1c3d63a8ad444ea67ab6b77
ro150,거제,온더선셋,온더선셋,food,34.91617,128.51975,50,,경남 거제시 사등면 성포로 65 · 한국관광공사 연관 관광지 · 카카오 좌표,0,0,0,0,0,1,,,,,,96db458ed63b3e34a1c3d63a8ad444ea67ab6b77
ro151,영월,박가네,박가네,food,37.17924,128.47743,50,,강원특별자치도 영월군 영월읍 중앙로 149 · 한국관광공사 연관 관광지 · 카카오 좌표,0,0,0,0,0,1,,,,,,96db458ed63b3e34a1c3d63a8ad444ea67ab6b77
ro152,해남,해남소망식당 본점,해남소망식당 본점,food,34.5761,126.59441,50,,전남광주통합특별시 해남군 해남읍 구교2길 2 · 한국관광공사 연관 관광지 · 카카오 좌표,0,0,0,0,0,1,,,,,,96db458ed63b3e34a1c3d63a8ad444ea67ab6b77
ro153,보령,원산도명가식당,원산도명가식당,food,36.3759,126.43158,50,,충남 보령시 오천면 원산도3길 211-20 · 한국관광공사 연관 관광지 · 카카오 좌표,0,0,0,0,0,1,,,,,,96db458ed63b3e34a1c3d63a8ad444ea67ab6b77
ro154,인천,인천종합어시장,인천종합어시장,food,37.45417,126.60647,50,,인천 제물포구 연안부두로33번길 37 · 한국관광공사 연관 관광지 · 카카오 좌표,0,0,0,0,0,1,,,,,,96db458ed63b3e34a1c3d63a8ad444ea67ab6b77
ro155,부안,국립새만금간척박물관,국립새만금간척박물관,herit,35.69657,126.55654,60,,전북특별자치도 부안군 변산면 새만금로 29-7 · 한국관광공사 연관 관광지 · 카카오 좌표,0,0,0,0,0,1,,,,,,96db458ed63b3e34a1c3d63a8ad444ea67ab6b77
ro156,원주,구룡사,구룡사,herit,37.4004,128.04977,60,,강원특별자치도 원주시 소초면 구룡사로 500 · 한국관광공사 연관 관광지 · 카카오 좌표,0,0,0,0,0,1,,,,,,96db458ed63b3e34a1c3d63a8ad444ea67ab6b77
ro157,보령,보령중앙시장,보령중앙시장,food,36.35069,126.59262,50,,충남 보령시 대천동 335-24 · 한국관광공사 연관 관광지 · 카카오 좌표,0,0,0,0,0,1,,,,,,96db458ed63b3e34a1c3d63a8ad444ea67ab6b77
ro158,해남,송호해수욕장,송호해수욕장,sea,34.31566,126.51809,40,,전남광주통합특별시 해남군 송지면 땅끝해안로 1827 · 한국관광공사 연관 관광지 · 카카오 좌표,0,0,0,0,0,1,,,,,,96db458ed63b3e34a1c3d63a8ad444ea67ab6b77
ro159,고성(강원),하늬라벤더팜,하늬라벤더팜,heal,38.34855,128.41524,60,,강원특별자치도 고성군 간성읍 꽃대마을길 175 · 한국관광공사 연관 관광지 · 카카오 좌표,0,0,0,0,0,1,,,,,,96db458ed63b3e34a1c3d63a8ad444ea67ab6b77
ro160,서울,전쟁기념관,전쟁기념관,herit,37.53707,126.97709,60,,서울 용산구 이태원로 29 · 한국관광공사 연관 관광지 · 카카오 좌표,0,0,0,0,0,1,,,,,,96db458ed63b3e34a1c3d63a8ad444ea67ab6b77
ro161,경주,맷돌순두부,맷돌순두부,food,35.85178,129.26285,50,,경북 경주시 북군길 7 · 한국관광공사 연관 관광지 · 카카오 좌표,0,0,0,0,0,1,,,,,,96db458ed63b3e34a1c3d63a8ad444ea67ab6b77
ro162,진주,송기원 진주냉면 본점,송기원 진주냉면 본점,food,35.18194,128.10303,50,,경남 진주시 모덕로47번길 1-2 · 한국관광공사 연관 관광지 · 카카오 좌표,0,0,0,0,0,1,,,,,,96db458ed63b3e34a1c3d63a8ad444ea67ab6b77
ro163,목포,코롬방제과점,코롬방제과점,food,34.78985,126.38442,50,,전남광주통합특별시 목포시 영산로75번길 7 · 한국관광공사 연관 관광지 · 카카오 좌표,0,0,0,0,0,1,,,,,,96db458ed63b3e34a1c3d63a8ad444ea67ab6b77
ro164,공주,곰골식당,곰골식당,food,36.45177,127.12055,50,,충남 공주시 봉황산1길 1-2 · 한국관광공사 연관 관광지 · 카카오 좌표,0,0,0,0,0,1,,,,,,96db458ed63b3e34a1c3d63a8ad444ea67ab6b77
ro165,이천,경춘당Bakery&Brunch카페,경춘당Bakery&Brunch카페,food,37.22901,127.52116,50,,경기 이천시 부발읍 경충대로 1675 · 한국관광공사 연관 관광지 · 카카오 좌표,0,0,0,0,0,1,,,,,,96db458ed63b3e34a1c3d63a8ad444ea67ab6b77
ro166,경주,경주 감은사지동서삼층석탑,경주 감은사지동서삼층석탑,herit,35.748,129.47721,60,,경북 경주시 문무대왕면 용당리 55-3 · 한국관광공사 연관 관광지 · 카카오 좌표,0,0,0,0,0,1,,,,,,96db458ed63b3e34a1c3d63a8ad444ea67ab6b77
ro167,창원,용원어시장,용원어시장,food,35.09297,128.81967,50,,경남 창원시 진해구 용원동 1057 · 한국관광공사 연관 관광지 · 카카오 좌표,0,0,0,0,0,1,,,,,,96db458ed63b3e34a1c3d63a8ad444ea67ab6b77
ro168,제천,제천중앙시장,제천중앙시장,food,37.1367,128.21133,50,,충북 제천시 풍양로 108 · 한국관광공사 연관 관광지 · 카카오 좌표,0,0,0,0,0,1,,,,,,96db458ed63b3e34a1c3d63a8ad444ea67ab6b77
ro169,동해,도째비골 해랑전망대,도째비골 해랑전망대,activity,37.5538,129.12024,90,,강원특별자치도 동해시 묵호진동 13-1 · 한국관광공사 연관 관광지 · 카카오 좌표,0,0,0,0,0,1,,,,,,96db458ed63b3e34a1c3d63a8ad444ea67ab6b77
ro170,함안,능가사,능가사,herit,35.37892,128.47278,60,,경남 함안군 칠서면 계내1길 107 · 한국관광공사 연관 관광지 · 카카오 좌표,0,0,0,0,0,1,,,,,,96db458ed63b3e34a1c3d63a8ad444ea67ab6b77
ro171,목포,연희네슈퍼,연희네슈퍼,activity,34.78172,126.37728,90,,전남광주통합특별시 목포시 해안로127번길 14-2 · 한국관광공사 연관 관광지 · 카카오 좌표,0,0,0,0,0,1,,,,,,96db458ed63b3e34a1c3d63a8ad444ea67ab6b77
ro172,울산,자수정동굴나라,자수정동굴나라,heal,35.54548,129.09397,60,,울산 울주군 상북면 자수정로 212 · 한국관광공사 연관 관광지 · 카카오 좌표,0,0,0,0,0,1,,,,,,96db458ed63b3e34a1c3d63a8ad444ea67ab6b77
ro173,서천,장항스카이워크,장항스카이워크,activity,36.01844,126.66518,90,,충남 서천군 장항읍 송림리 산 58-48 · 한국관광공사 연관 관광지 · 카카오 좌표,0,0,0,0,0,1,,,,,,96db458ed63b3e34a1c3d63a8ad444ea67ab6b77
ro174,서산,서산한우목장 웰빙산책로,서산한우목장 웰빙산책로,heal,36.76071,126.56599,60,,충남 서산시 운산면 용현리 산 8-60 · 한국관광공사 연관 관광지 · 카카오 좌표,0,0,0,0,0,1,,,,,,96db458ed63b3e34a1c3d63a8ad444ea67ab6b77
ro175,제천,제천경찰수련원,제천경찰수련원,activity,37.01478,128.22991,90,,충북 제천시 청풍면 학현소야로 473 · 한국관광공사 연관 관광지 · 카카오 좌표,0,0,0,0,0,1,,,,,,96db458ed63b3e34a1c3d63a8ad444ea67ab6b77
ro176,창원,창원NC파크,창원NC파크,activity,35.2228,128.58201,90,,경남 창원시 마산회원구 삼호로 63 · 한국관광공사 연관 관광지 · 카카오 좌표,0,0,0,0,0,1,,,,,,96db458ed63b3e34a1c3d63a8ad444ea67ab6b77
ro177,부산,동백섬,동백섬,sea,35.15394,129.15229,40,,부산 해운대구 우동 708-3 · 한국관광공사 연관 관광지 · 카카오 좌표,0,0,0,0,0,1,,,,,,96db458ed63b3e34a1c3d63a8ad444ea67ab6b77
ro178,제주,제주아트서커스,제주아트서커스,activity,33.31439,126.34481,90,,제주특별자치도 서귀포시 안덕면 동광로 214 · 한국관광공사 연관 관광지 · 카카오 좌표,0,0,0,0,0,1,,,,,,96db458ed63b3e34a1c3d63a8ad444ea67ab6b77
ro179,남해,남해전복물회,남해전복물회,food,34.81754,127.92523,50,,경남 남해군 이동면 남해대로 2436 · 한국관광공사 연관 관광지 · 카카오 좌표,0,0,0,0,0,1,,,,,,96db458ed63b3e34a1c3d63a8ad444ea67ab6b77
ro180,공주,부자떡집,부자떡집,food,36.45854,127.12381,50,,충남 공주시 용당길 11 · 한국관광공사 연관 관광지 · 카카오 좌표,0,0,0,0,0,1,,,,,,96db458ed63b3e34a1c3d63a8ad444ea67ab6b77
ro181,남해,힙한식 (2026년 9월 이전예정),힙한식 (2026년 9월 이전예정),food,34.81305,128.03712,50,,경남 남해군 삼동면 동부대로 1353-3 · 한국관광공사 연관 관광지 · 카카오 좌표,0,0,0,0,0,1,,,,,,96db458ed63b3e34a1c3d63a8ad444ea67ab6b77
ro182,남양주,팔당초계국수 본점,팔당초계국수 본점,food,37.54111,127.25472,50,,경기 남양주시 와부읍 다산로 43 · 한국관광공사 연관 관광지 · 카카오 좌표,0,0,0,0,0,1,,,,,,96db458ed63b3e34a1c3d63a8ad444ea67ab6b77
ro183,울산,언양기와집불고기,언양기와집불고기,food,35.56533,129.12216,50,,울산 울주군 언양읍 헌양길 86 · 한국관광공사 연관 관광지 · 카카오 좌표,0,0,0,0,0,1,,,,,,96db458ed63b3e34a1c3d63a8ad444ea67ab6b77
ro184,해남,해남고구마빵 피낭시에,해남고구마빵 피낭시에,food,34.57088,126.59883,50,,전남광주통합특별시 해남군 해남읍 읍내길 8 · 한국관광공사 연관 관광지 · 카카오 좌표,0,0,0,0,0,1,,,,,,96db458ed63b3e34a1c3d63a8ad444ea67ab6b77
ro185,부안,슬지제빵소,슬지제빵소,food,35.59473,126.61829,50,,전북특별자치도 부안군 진서면 청자로 1076 · 한국관광공사 연관 관광지 · 카카오 좌표,0,0,0,0,0,1,,,,,,96db458ed63b3e34a1c3d63a8ad444ea67ab6b77
ro186,양양,낙산 바람꽃해녀마을,낙산 바람꽃해녀마을,food,38.1129,128.63165,50,,강원특별자치도 양양군 양양읍 동해대로 3029-3 · 한국관광공사 연관 관광지 · 카카오 좌표,0,0,0,0,0,1,,,,,,96db458ed63b3e34a1c3d63a8ad444ea67ab6b77
ro187,원주,까치둥지,까치둥지,food,37.33691,127.95617,50,,강원특별자치도 원주시 치악로 1731 · 한국관광공사 연관 관광지 · 카카오 좌표,0,0,0,0,0,1,,,,,,96db458ed63b3e34a1c3d63a8ad444ea67ab6b77
ro188,영월,장릉,장릉,herit,37.19738,128.45279,60,,강원특별자치도 영월군 영월읍 단종로 190 · 한국관광공사 연관 관광지 · 카카오 좌표,0,0,0,0,0,1,,,,,,96db458ed63b3e34a1c3d63a8ad444ea67ab6b77
ro189,태백,태백석탄박물관,태백석탄박물관,herit,37.11748,128.95047,60,,강원특별자치도 태백시 천제단길 195 · 한국관광공사 연관 관광지 · 카카오 좌표,0,0,0,0,0,1,,,,,,96db458ed63b3e34a1c3d63a8ad444ea67ab6b77
ro190,태백,용연동굴,용연동굴,heal,37.20893,128.94184,60,,강원특별자치도 태백시 태백로 283-29 · 한국관광공사 연관 관광지 · 카카오 좌표,0,0,0,0,0,1,,,,,,96db458ed63b3e34a1c3d63a8ad444ea67ab6b77
ro191,태백,황지공원 황지연못,황지공원 황지연못,sea,37.17284,128.99106,40,,강원특별자치도 태백시 황지연못길 12 · 한국관광공사 연관 관광지 · 카카오 좌표,0,0,0,0,0,1,,,,,,96db458ed63b3e34a1c3d63a8ad444ea67ab6b77
ro192,여수,국동항,국동항,sea,34.72531,127.72183,40,,전남광주통합특별시 여수시 국동 · 한국관광공사 연관 관광지 · 카카오 좌표,0,0,0,0,0,1,,,,,,96db458ed63b3e34a1c3d63a8ad444ea67ab6b77
ro193,목포,고하도전망대,고하도전망대,activity,34.77794,126.35922,90,,전남광주통합특별시 목포시 고하도안길 234 · 한국관광공사 연관 관광지 · 카카오 좌표,0,0,0,0,0,1,,,,,,96db458ed63b3e34a1c3d63a8ad444ea67ab6b77
ro194,남해,남해전통시장,남해전통시장,food,34.84113,127.89435,50,,경남 남해군 남해읍 북변리 282-11 · 한국관광공사 연관 관광지 · 카카오 좌표,0,0,0,0,0,1,,,,,,96db458ed63b3e34a1c3d63a8ad444ea67ab6b77
ro195,함안,함안말이산고분군,함안말이산고분군,herit,35.27047,128.40652,60,,경남 함안군 가야읍 말산리 325-1 · 한국관광공사 연관 관광지 · 카카오 좌표,0,0,0,0,0,1,,,,,,96db458ed63b3e34a1c3d63a8ad444ea67ab6b77
ro196,부여,사랑나무돈까스,사랑나무돈까스,activity,36.1907,126.89182,90,,충남 부여군 임천면 성흥로 87 · 한국관광공사 연관 관광지 · 카카오 좌표,0,0,0,0,0,1,,,,,,96db458ed63b3e34a1c3d63a8ad444ea67ab6b77
ro197,남해,물미해안전망대,물미해안전망대,activity,34.76983,128.05332,90,,경남 남해군 삼동면 동부대로 720 · 한국관광공사 연관 관광지 · 카카오 좌표,0,0,0,0,0,1,,,,,,96db458ed63b3e34a1c3d63a8ad444ea67ab6b77
ro198,공주,무령왕릉,무령왕릉,herit,36.46229,127.1138,60,,충남 공주시 금성동 140-8 · 한국관광공사 연관 관광지 · 카카오 좌표,0,0,0,0,0,1,,,,,,96db458ed63b3e34a1c3d63a8ad444ea67ab6b77
ro199,당진,면천읍성,면천읍성,herit,36.81696,126.66612,60,,충남 당진시 면천면 성상리 930-1 · 한국관광공사 연관 관광지 · 카카오 좌표,0,0,0,0,0,1,,,,,,96db458ed63b3e34a1c3d63a8ad444ea67ab6b77
ro200,예산,예당저수지,예당저수지,sea,36.5974,126.80802,40,,충남 예산군 광시면 장전리 33 · 한국관광공사 연관 관광지 · 카카오 좌표,0,0,0,0,0,1,,,,,,96db458ed63b3e34a1c3d63a8ad444ea67ab6b77
ro201,논산,논산선샤인랜드,논산선샤인랜드,activity,36.10249,127.10661,90,,충남 논산시 연무읍 봉황로 102 · 한국관광공사 연관 관광지 · 카카오 좌표,0,0,0,0,0,1,,,,,,96db458ed63b3e34a1c3d63a8ad444ea67ab6b77
ro202,군산,몽돌해변,몽돌해변,sea,35.82866,126.40196,40,,전북특별자치도 군산시 옥도면 선유도리 · 한국관광공사 연관 관광지 · 카카오 좌표,0,0,0,0,0,1,,,,,,96db458ed63b3e34a1c3d63a8ad444ea67ab6b77
ro203,논산,명재고택,명재고택,herit,36.28222,127.13115,60,,충남 논산시 노성면 노성산성길 50 · 한국관광공사 연관 관광지 · 카카오 좌표,0,0,0,0,0,1,,,,,,96db458ed63b3e34a1c3d63a8ad444ea67ab6b77
ro204,파주,보광사 대웅보전,보광사 대웅보전,herit,37.75295,126.92001,60,,경기 파주시 광탄면 보광로474번길 87 · 한국관광공사 연관 관광지 · 카카오 좌표,0,0,0,0,0,1,,,,,,96db458ed63b3e34a1c3d63a8ad444ea67ab6b77
ro205,남양주,빛터널공원,빛터널공원,heal,37.58183,127.2171,60,,경기 남양주시 와부읍 도곡리 산 45-2 · 한국관광공사 연관 관광지 · 카카오 좌표,0,0,0,0,0,1,,,,,,96db458ed63b3e34a1c3d63a8ad444ea67ab6b77
ro206,평창,광천선굴 어드벤처 테마파크,광천선굴 어드벤처 테마파크,heal,37.51876,128.45168,60,,강원특별자치도 평창군 대화면 고대동길 119 · 한국관광공사 연관 관광지 · 카카오 좌표,0,0,0,0,0,1,,,,,,96db458ed63b3e34a1c3d63a8ad444ea67ab6b77
ro207,고창,고창 세계유산 고인돌박물관,고창 세계유산 고인돌박물관,herit,35.44166,126.65244,60,,전북특별자치도 고창군 고창읍 고인돌공원길 74 · 한국관광공사 연관 관광지 · 카카오 좌표,0,0,0,0,0,1,,,,,,96db458ed63b3e34a1c3d63a8ad444ea67ab6b77
ro208,서울,양화한강공원,양화한강공원,heal,37.53781,126.90294,60,,서울 영등포구 노들로 221 · 한국관광공사 연관 관광지 · 카카오 좌표,0,0,0,0,0,1,,,,,,96db458ed63b3e34a1c3d63a8ad444ea67ab6b77
ro209,제주,원앙폭포,원앙폭포,sea,33.30018,126.58133,40,,제주특별자치도 서귀포시 돈내코로 137 · 한국관광공사 연관 관광지 · 카카오 좌표,0,0,0,0,0,1,,,,,,96db458ed63b3e34a1c3d63a8ad444ea67ab6b77
ro210,제주,법환포구,법환포구,sea,33.23726,126.51561,40,,제주특별자치도 서귀포시 법환동 286-3 · 한국관광공사 연관 관광지 · 카카오 좌표,0,0,0,0,0,1,,,,,,96db458ed63b3e34a1c3d63a8ad444ea67ab6b77
ro211,영덕,나비산기사식당,나비산기사식당,food,36.35143,129.37738,50,,경북 영덕군 강구면 강산로 10 · 한국관광공사 연관 관광지 · 카카오 좌표,0,0,0,0,0,1,,,,,,96db458ed63b3e34a1c3d63a8ad444ea67ab6b77
ro212,동해,황정숙막국수,황정숙막국수,food,37.5072,129.12256,50,,강원특별자치도 동해시 중앙로 42 · 한국관광공사 연관 관광지 · 카카오 좌표,0,0,0,0,0,1,,,,,,96db458ed63b3e34a1c3d63a8ad444ea67ab6b77
ro213,양양,영광정메밀국수,영광정메밀국수,food,38.12251,128.57612,50,,강원특별자치도 양양군 강현면 진미로 446 · 한국관광공사 연관 관광지 · 카카오 좌표,0,0,0,0,0,1,,,,,,96db458ed63b3e34a1c3d63a8ad444ea67ab6b77
ro214,인천,메이드림,메이드림,food,37.46397,126.3696,50,,인천 영종구 용유서로479번길 42 · 한국관광공사 연관 관광지 · 카카오 좌표,0,0,0,0,0,1,,,,,,96db458ed63b3e34a1c3d63a8ad444ea67ab6b77
ro215,담양,베비에르밀팩토리,베비에르밀팩토리,food,35.31715,126.99188,50,,전남광주통합특별시 담양군 담양읍 죽향대로 1300 · 한국관광공사 연관 관광지 · 카카오 좌표,0,0,0,0,0,1,,,,,,96db458ed63b3e34a1c3d63a8ad444ea67ab6b77
ro216,논산,반월소바,반월소바,food,36.20294,127.08249,50,,충남 논산시 해월로 132 · 한국관광공사 연관 관광지 · 카카오 좌표,0,0,0,0,0,1,,,,,,96db458ed63b3e34a1c3d63a8ad444ea67ab6b77
ro217,동해,감추해변,감추해변,sea,37.51524,129.12598,40,,강원특별자치도 동해시 송정동 · 한국관광공사 연관 관광지 · 카카오 좌표,0,0,0,0,0,1,,,,,,96db458ed63b3e34a1c3d63a8ad444ea67ab6b77
ro218,진주,진주남강유등전시관,진주남강유등전시관,herit,35.18214,128.07735,60,,경남 진주시 망경로 207 · 한국관광공사 연관 관광지 · 카카오 좌표,0,0,0,0,0,1,,,,,,96db458ed63b3e34a1c3d63a8ad444ea67ab6b77
ro219,인천,인천항 연안부두,인천항 연안부두,sea,37.45426,126.59854,40,,인천 제물포구 연안부두로 70 · 한국관광공사 연관 관광지 · 카카오 좌표,0,0,0,0,0,1,,,,,,96db458ed63b3e34a1c3d63a8ad444ea67ab6b77
ro220,장흥,정남진장흥토요시장,정남진장흥토요시장,food,34.67729,126.90315,50,,전남광주통합특별시 장흥군 장흥읍 토요시장1길 53 · 한국관광공사 연관 관광지 · 카카오 좌표,0,0,0,0,0,1,,,,,,96db458ed63b3e34a1c3d63a8ad444ea67ab6b77
ro221,사천,아라마루 아쿠아리움,아라마루 아쿠아리움,activity,34.93381,128.05327,90,,경남 사천시 사천대로 18 · 한국관광공사 연관 관광지 · 카카오 좌표,0,0,0,0,0,1,,,,,,96db458ed63b3e34a1c3d63a8ad444ea67ab6b77
ro222,부여,정림사지5층석탑,정림사지5층석탑,herit,36.2793,126.91332,60,,충남 부여군 부여읍 정림로 83 · 한국관광공사 연관 관광지 · 카카오 좌표,0,0,0,0,0,1,,,,,,96db458ed63b3e34a1c3d63a8ad444ea67ab6b77
ro223,가평,국립유명산자연휴양림,국립유명산자연휴양림,heal,37.59319,127.4912,60,,경기 가평군 설악면 유명산길 79-53 · 한국관광공사 연관 관광지 · 카카오 좌표,0,0,0,0,0,1,,,,,,96db458ed63b3e34a1c3d63a8ad444ea67ab6b77
ro224,부안,고사포해수욕장,고사포해수욕장,sea,35.65959,126.50432,40,,전북특별자치도 부안군 변산면 노루목길 28 · 한국관광공사 연관 관광지 · 카카오 좌표,0,0,0,0,0,1,,,,,,96db458ed63b3e34a1c3d63a8ad444ea67ab6b77
ro225,양평,황순원문학촌 소나기마을,황순원문학촌 소나기마을,herit,37.59492,127.37788,60,,경기 양평군 서종면 소나기마을길 24 · 한국관광공사 연관 관광지 · 카카오 좌표,0,0,0,0,0,1,,,,,,96db458ed63b3e34a1c3d63a8ad444ea67ab6b77
ro226,부산,해운대달맞이길,해운대달맞이길,activity,35.1647,129.18675,90,,부산 해운대구 중동 산 42-20 · 한국관광공사 연관 관광지 · 카카오 좌표,0,0,0,0,0,1,,,,,,96db458ed63b3e34a1c3d63a8ad444ea67ab6b77
ro227,원주,미로예술 원주중앙시장,미로예술 원주중앙시장,food,37.34975,127.94947,50,,강원특별자치도 원주시 중앙시장길 6 · 한국관광공사 연관 관광지 · 카카오 좌표,0,0,0,0,0,1,,,,,,96db458ed63b3e34a1c3d63a8ad444ea67ab6b77
ro228,동해,거동탕수육,거동탕수육,food,37.55247,129.1167,50,,강원특별자치도 동해시 일출로 83 · 한국관광공사 연관 관광지 · 카카오 좌표,0,0,0,0,0,1,,,,,,96db458ed63b3e34a1c3d63a8ad444ea67ab6b77
ro229,평창,평창한우마을 대관령,평창한우마을 대관령,food,37.6799,128.70213,50,,강원특별자치도 평창군 대관령면 경강로 5195-25 · 한국관광공사 연관 관광지 · 카카오 좌표,0,0,0,0,0,1,,,,,,96db458ed63b3e34a1c3d63a8ad444ea67ab6b77
ro230,대구,리안,리안,food,35.8553,128.65038,50,,대구 수성구 교학로4길 48 · 한국관광공사 연관 관광지 · 카카오 좌표,0,0,0,0,0,1,,,,,,96db458ed63b3e34a1c3d63a8ad444ea67ab6b77
ro231,평창,부일식당,부일식당,food,37.63929,128.56104,50,,강원특별자치도 평창군 진부면 진부중앙로 100-5 · 한국관광공사 연관 관광지 · 카카오 좌표,0,0,0,0,0,1,,,,,,96db458ed63b3e34a1c3d63a8ad444ea67ab6b77
ro232,인천,황해 해물칼국수 본점,황해 해물칼국수 본점,food,37.42723,126.42031,50,,인천 영종구 마시란로 50 · 한국관광공사 연관 관광지 · 카카오 좌표,0,0,0,0,0,1,,,,,,96db458ed63b3e34a1c3d63a8ad444ea67ab6b77
ro233,예산,소복갈비,소복갈비,food,36.67957,126.85023,50,,충남 예산군 예산읍 천변로195번길 9 · 한국관광공사 연관 관광지 · 카카오 좌표,0,0,0,0,0,1,,,,,,96db458ed63b3e34a1c3d63a8ad444ea67ab6b77
ro234,진주,진주냉면산홍 본점,진주냉면산홍 본점,food,35.21399,128.14338,50,,경남 진주시 금산면 금산로 62 · 한국관광공사 연관 관광지 · 카카오 좌표,0,0,0,0,0,1,,,,,,96db458ed63b3e34a1c3d63a8ad444ea67ab6b77
ro235,고창,북경반점,북경반점,food,35.43707,126.69465,50,,전북특별자치도 고창군 고창읍 보릿골로 127-6 · 한국관광공사 연관 관광지 · 카카오 좌표,0,0,0,0,0,1,,,,,,96db458ed63b3e34a1c3d63a8ad444ea67ab6b77
ro236,군산,한일옥,한일옥,food,35.98745,126.70823,50,,전북특별자치도 군산시 구영3길 63 · 한국관광공사 연관 관광지 · 카카오 좌표,0,0,0,0,0,1,,,,,,96db458ed63b3e34a1c3d63a8ad444ea67ab6b77
ro237,부안,변산명인바지락죽,변산명인바지락죽,food,35.66449,126.51337,50,,전북특별자치도 부안군 변산면 변산해변로 794 · 한국관광공사 연관 관광지 · 카카오 좌표,0,0,0,0,0,1,,,,,,96db458ed63b3e34a1c3d63a8ad444ea67ab6b77
ro238,고양,일산칼국수 본점,일산칼국수 본점,food,37.67049,126.78614,50,,경기 고양시 일산동구 경의로 467 · 한국관광공사 연관 관광지 · 카카오 좌표,0,0,0,0,0,1,,,,,,96db458ed63b3e34a1c3d63a8ad444ea67ab6b77
ro239,영덕,보움,보움,food,36.41882,129.43165,50,,경북 영덕군 영덕읍 영덕대게로 928 · 한국관광공사 연관 관광지 · 카카오 좌표,0,0,0,0,0,1,,,,,,96db458ed63b3e34a1c3d63a8ad444ea67ab6b77
ro240,부산,풍원장시골밥상집,풍원장시골밥상집,food,35.19741,129.22321,50,,부산 기장군 기장읍 기장해안로 250 · 한국관광공사 연관 관광지 · 카카오 좌표,0,0,0,0,0,1,,,,,,96db458ed63b3e34a1c3d63a8ad444ea67ab6b77
ro241,부산,피아크 카페엔베이커리,피아크 카페엔베이커리,food,35.08637,129.07676,50,,부산 영도구 해양로195번길 180 · 한국관광공사 연관 관광지 · 카카오 좌표,0,0,0,0,0,1,,,,,,96db458ed63b3e34a1c3d63a8ad444ea67ab6b77
ro242,경주,송대말등대,송대말등대,activity,35.80723,129.51136,90,,경북 경주시 감포읍 감포로 226-19 · 한국관광공사 연관 관광지 · 카카오 좌표,0,0,0,0,0,1,,,,,,96db458ed63b3e34a1c3d63a8ad444ea67ab6b77
ro243,정선,강원네이처로드 5코스 만항재드라이브길,강원네이처로드 5코스 만항재드라이브길,activity,37.17987,128.89469,90,,강원특별자치도 정선군 고한읍 고한리 산 214-4 · 한국관광공사 연관 관광지 · 카카오 좌표,0,0,0,0,0,1,,,,,,96db458ed63b3e34a1c3d63a8ad444ea67ab6b77
ro244,경주,나정고운모래해변,나정고운모래해변,sea,35.78229,129.4915,40,,경북 경주시 감포읍 동해안로 1915 · 한국관광공사 연관 관광지 · 카카오 좌표,0,0,0,0,0,1,,,,,,96db458ed63b3e34a1c3d63a8ad444ea67ab6b77
ro245,전주,전주덕진공원,전주덕진공원,heal,35.84749,127.12102,60,,전북특별자치도 전주시 덕진구 권삼득로 390 · 한국관광공사 연관 관광지 · 카카오 좌표,0,0,0,0,0,1,,,,,,96db458ed63b3e34a1c3d63a8ad444ea67ab6b77
ro246,통영,통영달아공원 달아전망대,통영달아공원 달아전망대,activity,34.76862,128.40005,90,,경남 통영시 산양읍 미남리 산 246 · 한국관광공사 연관 관광지 · 카카오 좌표,0,0,0,0,0,1,,,,,,96db458ed63b3e34a1c3d63a8ad444ea67ab6b77
ro247,철원,노동당사,노동당사,herit,38.2552,127.20199,60,,강원특별자치도 철원군 철원읍 금강산로 265 · 한국관광공사 연관 관광지 · 카카오 좌표,0,0,0,0,0,1,,,,,,96db458ed63b3e34a1c3d63a8ad444ea67ab6b77
ro248,철원,고석정국민관광지,고석정국민관광지,activity,38.18654,127.28745,90,,강원특별자치도 철원군 동송읍 태봉로 1825 · 한국관광공사 연관 관광지 · 카카오 좌표,0,0,0,0,0,1,,,,,,96db458ed63b3e34a1c3d63a8ad444ea67ab6b77
ro249,산청,수선사,수선사,herit,35.39907,127.86992,60,,경남 산청군 산청읍 웅석봉로154번길 102-23 · 한국관광공사 연관 관광지 · 카카오 좌표,0,0,0,0,0,1,,,,,,96db458ed63b3e34a1c3d63a8ad444ea67ab6b77
ro250,인천,국립인천해양박물관,국립인천해양박물관,herit,37.4703,126.59634,60,,인천 제물포구 월미로 294 · 한국관광공사 연관 관광지 · 카카오 좌표,0,0,0,0,0,1,,,,,,96db458ed63b3e34a1c3d63a8ad444ea67ab6b77
ro251,목포,국립해양유산연구소,국립해양유산연구소,herit,34.79179,126.42176,60,,전남광주통합특별시 목포시 남농로 136 · 한국관광공사 연관 관광지 · 카카오 좌표,0,0,0,0,0,1,,,,,,96db458ed63b3e34a1c3d63a8ad444ea67ab6b77
ro252,부안,소노벨변산 오션플레이,소노벨변산 오션플레이,activity,35.63228,126.46989,90,,전북특별자치도 부안군 변산면 격포리 257 · 한국관광공사 연관 관광지 · 카카오 좌표,0,0,0,0,0,1,,,,,,96db458ed63b3e34a1c3d63a8ad444ea67ab6b77
ro253,부여,정림사지박물관,정림사지박물관,herit,36.27912,126.91521,60,,충남 부여군 부여읍 정림로 83 · 한국관광공사 연관 관광지 · 카카오 좌표,0,0,0,0,0,1,,,,,,96db458ed63b3e34a1c3d63a8ad444ea67ab6b77
ro254,고성,고성박물관,고성박물관,herit,34.97936,128.32082,60,,경남 고성군 고성읍 송학로113번길 50 · 한국관광공사 연관 관광지 · 카카오 좌표,0,0,0,0,0,1,,,,,,96db458ed63b3e34a1c3d63a8ad444ea67ab6b77
ro255,군산,옥돌해변,옥돌해변,sea,35.80756,126.41003,40,,전북특별자치도 군산시 옥도면 선유도리 산 65 · 한국관광공사 연관 관광지 · 카카오 좌표,0,0,0,0,0,1,,,,,,96db458ed63b3e34a1c3d63a8ad444ea67ab6b77
ro256,부안,격포항 수산시장,격포항 수산시장,food,35.62214,126.47025,50,,전북특별자치도 부안군 변산면 격포중앙길 28-4 · 한국관광공사 연관 관광지 · 카카오 좌표,0,0,0,0,0,1,,,,,,96db458ed63b3e34a1c3d63a8ad444ea67ab6b77
ro257,서산,대산항,대산항,sea,37.015,126.42085,40,,충남 서산시 대산읍 대죽리 1110-1 · 한국관광공사 연관 관광지 · 카카오 좌표,0,0,0,0,0,1,,,,,,96db458ed63b3e34a1c3d63a8ad444ea67ab6b77
ro258,밀양,얼음골,얼음골,sea,35.57091,128.9857,40,,경남 밀양시 산내면 남명리 산 95-1 · 한국관광공사 연관 관광지 · 카카오 좌표,0,0,0,0,0,1,,,,,,96db458ed63b3e34a1c3d63a8ad444ea67ab6b77
ro259,고창,동호해수욕장,동호해수욕장,sea,35.51827,126.48357,40,,전북특별자치도 고창군 해리면 동호리 · 한국관광공사 연관 관광지 · 카카오 좌표,0,0,0,0,0,1,,,,,,96db458ed63b3e34a1c3d63a8ad444ea67ab6b77
ro260,부산,태종대 전망대,태종대 전망대,activity,35.05038,129.08833,90,,부산 영도구 전망로 209 · 한국관광공사 연관 관광지 · 카카오 좌표,0,0,0,0,0,1,,,,,,96db458ed63b3e34a1c3d63a8ad444ea67ab6b77
ro261,제주,한라산둘레길 사려니숲길,한라산둘레길 사려니숲길,activity,33.40381,126.64758,90,,제주특별자치도 제주시 조천읍 교래리 산 137-1 · 한국관광공사 연관 관광지 · 카카오 좌표,0,0,0,0,0,1,,,,,,96db458ed63b3e34a1c3d63a8ad444ea67ab6b77
ro262,안동,안동 간고등어 일직식당 직영점 예미정,안동 간고등어 일직식당 직영점 예미정,food,36.56295,128.73194,50,,경북 안동시 경동로 676 · 한국관광공사 연관 관광지 · 카카오 좌표,0,0,0,0,0,1,,,,,,96db458ed63b3e34a1c3d63a8ad444ea67ab6b77
ro263,화순,미네랄하우스,미네랄하우스,food,35.0467,126.96323,50,,전남광주통합특별시 화순군 화순읍 학포로 2655 · 한국관광공사 연관 관광지 · 카카오 좌표,0,0,0,0,0,1,,,,,,96db458ed63b3e34a1c3d63a8ad444ea67ab6b77
ro264,남원,명문제과,명문제과,food,35.40902,127.38248,50,,전북특별자치도 남원시 용성로 56 · 한국관광공사 연관 관광지 · 카카오 좌표,0,0,0,0,0,1,,,,,,96db458ed63b3e34a1c3d63a8ad444ea67ab6b77
ro265,부여,장원막국수,장원막국수,food,36.28914,126.90877,50,,충남 부여군 부여읍 나루터로62번길 20 · 한국관광공사 연관 관광지 · 카카오 좌표,0,0,0,0,0,1,,,,,,96db458ed63b3e34a1c3d63a8ad444ea67ab6b77
ro266,익산,한일식당,한일식당,food,36.00139,126.94474,50,,전북특별자치도 익산시 황등면 황등로 106 · 한국관광공사 연관 관광지 · 카카오 좌표,0,0,0,0,0,1,,,,,,96db458ed63b3e34a1c3d63a8ad444ea67ab6b77
ro267,논산,강경해물칼국수,강경해물칼국수,food,36.15746,127.01543,50,,충남 논산시 강경읍 계백로147번길 7 · 한국관광공사 연관 관광지 · 카카오 좌표,0,0,0,0,0,1,,,,,,96db458ed63b3e34a1c3d63a8ad444ea67ab6b77
ro268,파주,갈릴리농원 본관,갈릴리농원 본관,food,37.83578,126.74568,50,,경기 파주시 탄현면 방촌로 1196 · 한국관광공사 연관 관광지 · 카카오 좌표,0,0,0,0,0,1,,,,,,96db458ed63b3e34a1c3d63a8ad444ea67ab6b77
ro269,대구,코오롱야외음악당,코오롱야외음악당,activity,35.8511,128.55613,90,,대구 달서구 야외음악당로 180 · 한국관광공사 연관 관광지 · 카카오 좌표,0,0,0,0,0,1,,,,,,96db458ed63b3e34a1c3d63a8ad444ea67ab6b77
ro270,대구,대구간송미술관,대구간송미술관,herit,35.82825,128.67606,60,,대구 수성구 미술관로 70 · 한국관광공사 연관 관광지 · 카카오 좌표,0,0,0,0,0,1,,,,,,96db458ed63b3e34a1c3d63a8ad444ea67ab6b77
ro271,영월,김삿갓계곡,김삿갓계곡,sea,37.09365,128.60612,40,,강원특별자치도 영월군 김삿갓면 와석리 · 한국관광공사 연관 관광지 · 카카오 좌표,0,0,0,0,0,1,,,,,,96db458ed63b3e34a1c3d63a8ad444ea67ab6b77
ro272,철원,소이산모노레일 철원역,소이산모노레일 철원역,activity,38.25417,127.19932,90,,강원특별자치도 철원군 철원읍 사요리 368 · 한국관광공사 연관 관광지 · 카카오 좌표,0,0,0,0,0,1,,,,,,96db458ed63b3e34a1c3d63a8ad444ea67ab6b77
ro273,전주,국립전주박물관,국립전주박물관,herit,35.80129,127.08966,60,,전북특별자치도 전주시 완산구 쑥고개로 249 · 한국관광공사 연관 관광지 · 카카오 좌표,0,0,0,0,0,1,,,,,,96db458ed63b3e34a1c3d63a8ad444ea67ab6b77
ro274,순천,낙안읍성민속마을 김소아가옥,낙안읍성민속마을 김소아가옥,herit,34.90867,127.33842,60,,전남광주통합특별시 순천시 낙안면 충민길 104 · 한국관광공사 연관 관광지 · 카카오 좌표,0,0,0,0,0,1,,,,,,96db458ed63b3e34a1c3d63a8ad444ea67ab6b77
ro275,고성,그레이스정원,그레이스정원,activity,34.97471,128.16902,90,,경남 고성군 상리면 삼상로 1312-71 · 한국관광공사 연관 관광지 · 카카오 좌표,0,0,0,0,0,1,,,,,,96db458ed63b3e34a1c3d63a8ad444ea67ab6b77
ro276,남해,항도몽돌해수욕장,항도몽돌해수욕장,sea,34.74076,128.04864,40,,경남 남해군 미조면 송정리 · 한국관광공사 연관 관광지 · 카카오 좌표,0,0,0,0,0,1,,,,,,96db458ed63b3e34a1c3d63a8ad444ea67ab6b77
ro277,안동,안동시립박물관,안동시립박물관,herit,36.57952,128.76653,60,,경북 안동시 민속촌길 13 · 한국관광공사 연관 관광지 · 카카오 좌표,0,0,0,0,0,1,,,,,,96db458ed63b3e34a1c3d63a8ad444ea67ab6b77
ro278,해남,우수영국민관광지,우수영국민관광지,activity,34.57236,126.30975,90,,전남광주통합특별시 해남군 문내면 관광레저로 12 · 한국관광공사 연관 관광지 · 카카오 좌표,0,0,0,0,0,1,,,,,,96db458ed63b3e34a1c3d63a8ad444ea67ab6b77
ro279,남해,초전몽돌해변,초전몽돌해변,sea,34.72966,128.03457,40,,경남 남해군 미조면 송정리 524-1 · 한국관광공사 연관 관광지 · 카카오 좌표,0,0,0,0,0,1,,,,,,96db458ed63b3e34a1c3d63a8ad444ea67ab6b77
ro280,합천,합천박물관,합천박물관,herit,35.58008,128.28207,60,,경남 합천군 쌍책면 황강옥전로 1558 · 한국관광공사 연관 관광지 · 카카오 좌표,0,0,0,0,0,1,,,,,,96db458ed63b3e34a1c3d63a8ad444ea67ab6b77
ro281,남원,서도역영상촬영장,서도역영상촬영장,activity,35.49047,127.32967,90,,전북특별자치도 남원시 사매면 서도길 32 · 한국관광공사 연관 관광지 · 카카오 좌표,0,0,0,0,0,1,,,,,,96db458ed63b3e34a1c3d63a8ad444ea67ab6b77
ro282,공주,나태주풀꽃문학관,나태주풀꽃문학관,herit,36.45363,127.11995,60,,충남 공주시 봉황로 85-12 · 한국관광공사 연관 관광지 · 카카오 좌표,0,0,0,0,0,1,,,,,,96db458ed63b3e34a1c3d63a8ad444ea67ab6b77
ro283,서천,마량포구,마량포구,sea,36.13536,126.50264,40,,충남 서천군 서면 마량리 344 · 한국관광공사 연관 관광지 · 카카오 좌표,0,0,0,0,0,1,,,,,,96db458ed63b3e34a1c3d63a8ad444ea67ab6b77
ro284,해남,도솔암,도솔암,herit,34.35312,126.56508,60,,전남광주통합특별시 해남군 송지면 마봉송종길 355-300 · 한국관광공사 연관 관광지 · 카카오 좌표,0,0,0,0,0,1,,,,,,96db458ed63b3e34a1c3d63a8ad444ea67ab6b77
ro285,고창,구시포해수욕장,구시포해수욕장,sea,35.44572,126.43538,40,,전북특별자치도 고창군 상하면 진암구시포로 545 · 한국관광공사 연관 관광지 · 카카오 좌표,0,0,0,0,0,1,,,,,,96db458ed63b3e34a1c3d63a8ad444ea67ab6b77
ro286,논산,충곡서원,충곡서원,herit,36.19874,127.17709,60,,충남 논산시 부적면 충곡로269번길 60-7 · 한국관광공사 연관 관광지 · 카카오 좌표,0,0,0,0,0,1,,,,,,96db458ed63b3e34a1c3d63a8ad444ea67ab6b77
ro287,아산,온양온천시장,온양온천시장,food,36.78329,127.00423,50,,충남 아산시 시장길 29 · 한국관광공사 연관 관광지 · 카카오 좌표,0,0,0,0,0,1,,,,,,96db458ed63b3e34a1c3d63a8ad444ea67ab6b77
ro288,해남,땅끝국민관광지,땅끝국민관광지,activity,34.29579,126.52599,90,,전남광주통합특별시 해남군 송지면 송호리 · 한국관광공사 연관 관광지 · 카카오 좌표,0,0,0,0,0,1,,,,,,96db458ed63b3e34a1c3d63a8ad444ea67ab6b77
ro289,서천,국립희리산해송자연휴양림,국립희리산해송자연휴양림,heal,36.11263,126.66415,60,,충남 서천군 종천면 희리산길 206 · 한국관광공사 연관 관광지 · 카카오 좌표,0,0,0,0,0,1,,,,,,96db458ed63b3e34a1c3d63a8ad444ea67ab6b77
ro290,홍성,홍성스카이타워,홍성스카이타워,activity,36.57675,126.4644,90,,충남 홍성군 서부면 남당항로 689 · 한국관광공사 연관 관광지 · 카카오 좌표,0,0,0,0,0,1,,,,,,96db458ed63b3e34a1c3d63a8ad444ea67ab6b77
ro291,서울,여의도 한강공원 수영장,여의도 한강공원 수영장,activity,37.53355,126.91974,90,,서울 영등포구 여의도동 82-3 · 한국관광공사 연관 관광지 · 카카오 좌표,0,0,0,0,0,1,,,,,,96db458ed63b3e34a1c3d63a8ad444ea67ab6b77
ro292,부산,부전마켓타운,부전마켓타운,food,35.16334,129.0607,50,,부산 부산진구 중앙대로783번길 23 · 한국관광공사 연관 관광지 · 카카오 좌표,0,0,0,0,0,1,,,,,,96db458ed63b3e34a1c3d63a8ad444ea67ab6b77
ro293,부산,엄궁농산물도매시장,엄궁농산물도매시장,food,35.12812,128.96542,50,,부산 사상구 농산물시장로 17 · 한국관광공사 연관 관광지 · 카카오 좌표,0,0,0,0,0,1,,,,,,96db458ed63b3e34a1c3d63a8ad444ea67ab6b77
ro294,서울,수협 강서수산시장,수협 강서수산시장,food,37.55301,126.81872,50,,서울 강서구 강서도매시장로 130 · 한국관광공사 연관 관광지 · 카카오 좌표,0,0,0,0,0,1,,,,,,96db458ed63b3e34a1c3d63a8ad444ea67ab6b77
ro295,단양,카페산,카페산,food,36.9947,128.39437,50,,충북 단양군 가곡면 두산길 196-86 · 한국관광공사 연관 관광지 · 카카오 좌표,0,0,0,0,0,1,,,,,,96db458ed63b3e34a1c3d63a8ad444ea67ab6b77
ro296,정선,회동집,회동집,food,37.38093,128.66465,50,,강원특별자치도 정선군 정선읍 5일장길 37-10 · 한국관광공사 연관 관광지 · 카카오 좌표,0,0,0,0,0,1,,,,,,96db458ed63b3e34a1c3d63a8ad444ea67ab6b77
ro297,태백,원조태성실비식당,원조태성실비식당,food,37.15893,128.98658,50,,강원특별자치도 태백시 감천로 4 · 한국관광공사 연관 관광지 · 카카오 좌표,0,0,0,0,0,1,,,,,,96db458ed63b3e34a1c3d63a8ad444ea67ab6b77
ro298,청주,베이커리카페 공간,베이커리카페 공간,food,36.60106,127.51615,50,,충북 청주시 상당구 목련로 106-22 · 한국관광공사 연관 관광지 · 카카오 좌표,0,0,0,0,0,1,,,,,,96db458ed63b3e34a1c3d63a8ad444ea67ab6b77
ro299,인천,롱비치커피앤브래드,롱비치커피앤브래드,food,37.40724,126.61014,50,,인천 연수구 랜드마크로 194 · 한국관광공사 연관 관광지 · 카카오 좌표,0,0,0,0,0,1,,,,,,96db458ed63b3e34a1c3d63a8ad444ea67ab6b77
ro300,담양,뚝방국수,뚝방국수,food,35.31802,126.97931,50,,전남광주통합특별시 담양군 담양읍 천변5길 20 · 한국관광공사 연관 관광지 · 카카오 좌표,0,0,0,0,0,1,,,,,,96db458ed63b3e34a1c3d63a8ad444ea67ab6b77
ro301,인제,고향집식당,고향집식당,food,37.94568,128.32901,50,,강원특별자치도 인제군 기린면 조침령로 115 · 한국관광공사 연관 관광지 · 카카오 좌표,0,0,0,0,0,1,,,,,,96db458ed63b3e34a1c3d63a8ad444ea67ab6b77
ro302,아산,목화반점,목화반점,food,36.76135,127.0193,50,,충남 아산시 온주길26번길 7-3 · 한국관광공사 연관 관광지 · 카카오 좌표,0,0,0,0,0,1,,,,,,96db458ed63b3e34a1c3d63a8ad444ea67ab6b77
ro303,군산,빈해원,빈해원,food,35.98883,126.71398,50,,전북특별자치도 군산시 동령길 57 · 한국관광공사 연관 관광지 · 카카오 좌표,0,0,0,0,0,1,,,,,,96db458ed63b3e34a1c3d63a8ad444ea67ab6b77
ro304,남양주,기와집순두부 조안본점,기와집순두부 조안본점,food,37.53732,127.30242,50,,경기 남양주시 조안면 북한강로 133 · 한국관광공사 연관 관광지 · 카카오 좌표,0,0,0,0,0,1,,,,,,96db458ed63b3e34a1c3d63a8ad444ea67ab6b77
ro305,부산,해운대가야밀면,해운대가야밀면,food,35.16884,129.16633,50,,부산 해운대구 좌동순환로 27 · 한국관광공사 연관 관광지 · 카카오 좌표,0,0,0,0,0,1,,,,,,96db458ed63b3e34a1c3d63a8ad444ea67ab6b77
ro306,부산,냉수탕가든,냉수탕가든,food,35.14435,129.02857,50,,부산 부산진구 가야공원로 107 · 한국관광공사 연관 관광지 · 카카오 좌표,0,0,0,0,0,1,,,,,,96db458ed63b3e34a1c3d63a8ad444ea67ab6b77
ro307,하동,더로드101 하동,더로드101 하동,food,35.2159,127.63759,50,,경남 하동군 화개면 화개로 357 · 한국관광공사 연관 관광지 · 카카오 좌표,0,0,0,0,0,1,,,,,,96db458ed63b3e34a1c3d63a8ad444ea67ab6b77
ro308,제천,송계계곡,송계계곡,sea,36.86531,128.08803,40,,충북 제천시 한수면 송계리 · 한국관광공사 연관 관광지 · 카카오 좌표,0,0,0,0,0,1,,,,,,96db458ed63b3e34a1c3d63a8ad444ea67ab6b77
ro309,제천,청풍호관광 모노레일,청풍호관광 모노레일,activity,37.00314,128.13402,90,,충북 제천시 청풍면 청풍명월로 879-17 · 한국관광공사 연관 관광지 · 카카오 좌표,0,0,0,0,0,1,,,,,,96db458ed63b3e34a1c3d63a8ad444ea67ab6b77
ro310,제천,청풍문화유산단지,청풍문화유산단지,activity,37.00475,128.1708,90,,충북 제천시 청풍면 청풍호로 2048 · 한국관광공사 연관 관광지 · 카카오 좌표,0,0,0,0,0,1,,,,,,96db458ed63b3e34a1c3d63a8ad444ea67ab6b77
ro311,청주,육거리종합시장,육거리종합시장,food,36.62815,127.49009,50,,충북 청주시 상당구 상당로1번길 17 · 한국관광공사 연관 관광지 · 카카오 좌표,0,0,0,0,0,1,,,,,,96db458ed63b3e34a1c3d63a8ad444ea67ab6b77
ro312,통영,당포항,당포항,sea,34.79574,128.38343,40,,경남 통영시 산양읍 당포리 372-11 · 한국관광공사 연관 관광지 · 카카오 좌표,0,0,0,0,0,1,,,,,,96db458ed63b3e34a1c3d63a8ad444ea67ab6b77
ro313,대구,이월드,이월드,activity,35.85406,128.56471,90,,대구 달서구 두류공원로 200 · 한국관광공사 연관 관광지 · 카카오 좌표,0,0,0,0,0,1,,,,,,96db458ed63b3e34a1c3d63a8ad444ea67ab6b77
ro314,인천,소래포구종합어시장,소래포구종합어시장,food,37.39903,126.73719,50,,인천 남동구 소래역로 12 · 한국관광공사 연관 관광지 · 카카오 좌표,0,0,0,0,0,1,,,,,,96db458ed63b3e34a1c3d63a8ad444ea67ab6b77
ro315,사천,삼천포대교공원,삼천포대교공원,heal,34.93213,128.05183,60,,경남 사천시 대방동 681-2 · 한국관광공사 연관 관광지 · 카카오 좌표,0,0,0,0,0,1,,,,,,96db458ed63b3e34a1c3d63a8ad444ea67ab6b77
ro316,부여,낙화암,낙화암,herit,36.29237,126.91226,60,,충남 부여군 부여읍 쌍북리 678-2 · 한국관광공사 연관 관광지 · 카카오 좌표,0,0,0,0,0,1,,,,,,96db458ed63b3e34a1c3d63a8ad444ea67ab6b77
ro317,인천,상상플랫폼,상상플랫폼,activity,37.47507,126.6151,90,,인천 제물포구 월미로 33 · 한국관광공사 연관 관광지 · 카카오 좌표,0,0,0,0,0,1,,,,,,96db458ed63b3e34a1c3d63a8ad444ea67ab6b77
ro318,부여,부여왕릉원,부여왕릉원,herit,36.27701,126.94267,60,,충남 부여군 부여읍 왕릉로 61 · 한국관광공사 연관 관광지 · 카카오 좌표,0,0,0,0,0,1,,,,,,96db458ed63b3e34a1c3d63a8ad444ea67ab6b77
ro319,천안,천안타운홀 전망대,천안타운홀 전망대,activity,36.80778,127.15058,90,,충남 천안시 동남구 옛시청길 29 · 한국관광공사 연관 관광지 · 카카오 좌표,0,0,0,0,0,1,,,,,,96db458ed63b3e34a1c3d63a8ad444ea67ab6b77
ro320,남원,피오리움,피오리움,herit,35.40175,127.38402,60,,전북특별자치도 남원시 소리길 50 · 한국관광공사 연관 관광지 · 카카오 좌표,0,0,0,0,0,1,,,,,,96db458ed63b3e34a1c3d63a8ad444ea67ab6b77
ro321,천안,천안중앙시장,천안중앙시장,food,36.80293,127.1498,50,,충남 천안시 동남구 영성로 53 · 한국관광공사 연관 관광지 · 카카오 좌표,0,0,0,0,0,1,,,,,,96db458ed63b3e34a1c3d63a8ad444ea67ab6b77
ro322,군산,고군산군도,고군산군도,sea,35.8136,126.42515,40,,전북특별자치도 군산시 옥도면 선유도리 482 · 한국관광공사 연관 관광지 · 카카오 좌표,0,0,0,0,0,1,,,,,,96db458ed63b3e34a1c3d63a8ad444ea67ab6b77
ro323,군산,장자도,장자도,sea,35.81021,126.39745,40,,전북특별자치도 군산시 옥도면 장자도리 · 한국관광공사 연관 관광지 · 카카오 좌표,0,0,0,0,0,1,,,,,,96db458ed63b3e34a1c3d63a8ad444ea67ab6b77
ro324,이천,관고전통시장,관고전통시장,food,37.28076,127.44057,50,,경기 이천시 중리천로21번길 6 · 한국관광공사 연관 관광지 · 카카오 좌표,0,0,0,0,0,1,,,,,,96db458ed63b3e34a1c3d63a8ad444ea67ab6b77
ro325,예산,예당호 모노레일,예당호 모노레일,activity,36.6374,126.79968,90,,충남 예산군 응봉면 예당관광로 158 · 한국관광공사 연관 관광지 · 카카오 좌표,0,0,0,0,0,1,,,,,,96db458ed63b3e34a1c3d63a8ad444ea67ab6b77
ro326,남양주,정약용유적지 생가,정약용유적지 생가,herit,37.5167,127.30012,60,,경기 남양주시 조안면 다산로747번길 11 · 한국관광공사 연관 관광지 · 카카오 좌표,0,0,0,0,0,1,,,,,,96db458ed63b3e34a1c3d63a8ad444ea67ab6b77
ro327,창원,반송시장,반송시장,food,35.23545,128.67105,50,,경남 창원시 성산구 반림동 17-18 · 한국관광공사 연관 관광지 · 카카오 좌표,0,0,0,0,0,1,,,,,,96db458ed63b3e34a1c3d63a8ad444ea67ab6b77
ro328,고창,상하농원,상하농원,heal,35.44684,126.45036,60,,전북특별자치도 고창군 상하면 상하농원길 23 · 한국관광공사 연관 관광지 · 카카오 좌표,0,0,0,0,0,1,,,,,,96db458ed63b3e34a1c3d63a8ad444ea67ab6b77
ro329,서울,마포농수산물시장,마포농수산물시장,food,37.5648,126.8985,50,,서울 마포구 월드컵로 235 · 한국관광공사 연관 관광지 · 카카오 좌표,0,0,0,0,0,1,,,,,,96db458ed63b3e34a1c3d63a8ad444ea67ab6b77
ro330,서울,삼청각 유하정,삼청각 유하정,activity,37.59757,126.98298,90,,서울 성북구 성북동 330-230 · 한국관광공사 연관 관광지 · 카카오 좌표,0,0,0,0,0,1,,,,,,96db458ed63b3e34a1c3d63a8ad444ea67ab6b77
ro331,제천,산아래석갈비 본점,산아래석갈비 본점,food,37.14578,128.04075,50,,충북 제천시 백운면 금봉로 182 · 한국관광공사 연관 관광지 · 카카오 좌표,0,0,0,0,0,1,,,,,,96db458ed63b3e34a1c3d63a8ad444ea67ab6b77
ro332,전주,호남각,호남각,food,35.86502,127.11367,50,,전북특별자치도 전주시 덕진구 시천로 65 · 한국관광공사 연관 관광지 · 카카오 좌표,0,0,0,0,0,1,,,,,,96db458ed63b3e34a1c3d63a8ad444ea67ab6b77
ro333,전주,현대옥 전주본점,현대옥 전주본점,food,35.81973,127.11715,50,,전북특별자치도 전주시 완산구 화산천변2길 7-4 · 한국관광공사 연관 관광지 · 카카오 좌표,0,0,0,0,0,1,,,,,,96db458ed63b3e34a1c3d63a8ad444ea67ab6b77
ro334,창원,투썸플레이스 창원귀산해변점,투썸플레이스 창원귀산해변점,food,35.16997,128.59747,50,,경남 창원시 성산구 삼귀로 167 · 한국관광공사 연관 관광지 · 카카오 좌표,0,0,0,0,0,1,,,,,,96db458ed63b3e34a1c3d63a8ad444ea67ab6b77
ro335,울진,산수옥,산수옥,food,36.96783,129.39204,50,,경북 울진군 근남면 불영계곡로 3631 · 한국관광공사 연관 관광지 · 카카오 좌표,0,0,0,0,0,1,,,,,,96db458ed63b3e34a1c3d63a8ad444ea67ab6b77
ro336,부여,사비향,사비향,food,36.273,126.91304,50,,충남 부여군 부여읍 궁남로 38 · 한국관광공사 연관 관광지 · 카카오 좌표,0,0,0,0,0,1,,,,,,96db458ed63b3e34a1c3d63a8ad444ea67ab6b77
ro337,천안,랜드마크 195,랜드마크 195,food,36.81306,127.17991,50,,충남 천안시 동남구 유량로 195 · 한국관광공사 연관 관광지 · 카카오 좌표,0,0,0,0,0,1,,,,,,96db458ed63b3e34a1c3d63a8ad444ea67ab6b77
ro338,울산,언양진미불고기,언양진미불고기,food,35.55826,129.12016,50,,울산 울주군 삼남읍 중평로 33 · 한국관광공사 연관 관광지 · 카카오 좌표,0,0,0,0,0,1,,,,,,96db458ed63b3e34a1c3d63a8ad444ea67ab6b77
ro339,이천,강민주의들밥 이천본점,강민주의들밥 이천본점,food,37.22151,127.36794,50,,경기 이천시 마장면 지산로22번길 17 · 한국관광공사 연관 관광지 · 카카오 좌표,0,0,0,0,0,1,,,,,,96db458ed63b3e34a1c3d63a8ad444ea67ab6b77
ro340,양주,장흥폭포수식당,장흥폭포수식당,food,37.74558,126.9499,50,,경기 양주시 장흥면 권율로309번길 169 · 한국관광공사 연관 관광지 · 카카오 좌표,0,0,0,0,0,1,,,,,,96db458ed63b3e34a1c3d63a8ad444ea67ab6b77
ro341,여주,천서리막국수 본점,천서리막국수 본점,food,37.40263,127.54662,50,,경기 여주시 대신면 여양로 1974 · 한국관광공사 연관 관광지 · 카카오 좌표,0,0,0,0,0,1,,,,,,96db458ed63b3e34a1c3d63a8ad444ea67ab6b77
ro342,포천,갈비1987,갈비1987,food,38.03213,127.36625,50,,경기 포천시 이동면 화동로 2065-1 · 한국관광공사 연관 관광지 · 카카오 좌표,0,0,0,0,0,1,,,,,,96db458ed63b3e34a1c3d63a8ad444ea67ab6b77
ro343,익산,어스언더파크 익산,어스언더파크 익산,food,36.00513,126.9463,50,,전북특별자치도 익산시 황등면 황등7길 34 · 한국관광공사 연관 관광지 · 카카오 좌표,0,0,0,0,0,1,,,,,,96db458ed63b3e34a1c3d63a8ad444ea67ab6b77
ro344,서울,성북동면옥집,성북동면옥집,food,37.59589,126.98863,50,,서울 성북구 대사관로 40 · 한국관광공사 연관 관광지 · 카카오 좌표,0,0,0,0,0,1,,,,,,96db458ed63b3e34a1c3d63a8ad444ea67ab6b77
ro345,부산,탄티,탄티,food,35.31442,129.19287,50,,부산 기장군 정관읍 달음산길 37 · 한국관광공사 연관 관광지 · 카카오 좌표,0,0,0,0,0,1,,,,,,96db458ed63b3e34a1c3d63a8ad444ea67ab6b77
ro346,정선,정선레일바이크,정선레일바이크,activity,37.51708,128.72877,90,,강원특별자치도 정선군 여량면 노추산로 745 · 한국관광공사 연관 관광지 · 카카오 좌표,0,0,0,0,0,1,,,,,,96db458ed63b3e34a1c3d63a8ad444ea67ab6b77
ro347,수원,지동시장,지동시장,food,37.27779,127.01939,50,,경기 수원시 팔달구 팔달문로 19 · 한국관광공사 연관 관광지 · 카카오 좌표,0,0,0,0,0,1,,,,,,96db458ed63b3e34a1c3d63a8ad444ea67ab6b77
ro348,창원,창원컨벤션센터,창원컨벤션센터,herit,35.23841,128.6569,60,,경남 창원시 성산구 원이대로 362 · 한국관광공사 연관 관광지 · 카카오 좌표,0,0,0,0,0,1,,,,,,96db458ed63b3e34a1c3d63a8ad444ea67ab6b77
ro349,수원,정자시장,정자시장,food,37.29094,126.9997,50,,경기 수원시 장안구 장안로89번길 47 · 한국관광공사 연관 관광지 · 카카오 좌표,0,0,0,0,0,1,,,,,,96db458ed63b3e34a1c3d63a8ad444ea67ab6b77
ro350,대구,대구미술관,대구미술관,herit,35.82705,128.67411,60,,대구 수성구 미술관로 40 · 한국관광공사 연관 관광지 · 카카오 좌표,0,0,0,0,0,1,,,,,,96db458ed63b3e34a1c3d63a8ad444ea67ab6b77
ro351,진주,진주실크박물관,진주실크박물관,herit,35.15985,128.16489,60,,경남 진주시 문산읍 월아산로 994 · 한국관광공사 연관 관광지 · 카카오 좌표,0,0,0,0,0,1,,,,,,96db458ed63b3e34a1c3d63a8ad444ea67ab6b77
ro352,철원,한탄강 횃불전망대,한탄강 횃불전망대,activity,38.20114,127.28012,90,,강원특별자치도 철원군 갈말읍 상사리 70-13 · 한국관광공사 연관 관광지 · 카카오 좌표,0,0,0,0,0,1,,,,,,96db458ed63b3e34a1c3d63a8ad444ea67ab6b77
ro353,하동,동정호,동정호,sea,35.14596,127.68716,40,,경남 하동군 악양면 평사리 305-2 · 한국관광공사 연관 관광지 · 카카오 좌표,0,0,0,0,0,1,,,,,,96db458ed63b3e34a1c3d63a8ad444ea67ab6b77
ro354,진주,철도문화공원,철도문화공원,heal,35.17794,128.0887,60,,경남 진주시 강남동 245-242 · 한국관광공사 연관 관광지 · 카카오 좌표,0,0,0,0,0,1,,,,,,96db458ed63b3e34a1c3d63a8ad444ea67ab6b77
ro355,사천,항공우주박물관,항공우주박물관,herit,35.07142,128.06287,60,,경남 사천시 사남면 공단1로 78 · 한국관광공사 연관 관광지 · 카카오 좌표,0,0,0,0,0,1,,,,,,96db458ed63b3e34a1c3d63a8ad444ea67ab6b77
ro356,울릉,천부해중전망대,천부해중전망대,activity,37.54229,130.87424,90,,경북 울릉군 북면 울릉순환로 3137 · 한국관광공사 연관 관광지 · 카카오 좌표,0,0,0,0,0,1,,,,,,96db458ed63b3e34a1c3d63a8ad444ea67ab6b77
ro357,춘천,춘천막국수체험박물관,춘천막국수체험박물관,herit,37.94879,127.74979,60,,강원특별자치도 춘천시 신북읍 신북로 264 · 한국관광공사 연관 관광지 · 카카오 좌표,0,0,0,0,0,1,,,,,,96db458ed63b3e34a1c3d63a8ad444ea67ab6b77
ro358,화순,만연사,만연사,herit,35.08312,126.98471,60,,전남광주통합특별시 화순군 화순읍 진각로 367 · 한국관광공사 연관 관광지 · 카카오 좌표,0,0,0,0,0,1,,,,,,96db458ed63b3e34a1c3d63a8ad444ea67ab6b77
ro359,거창,거창산림레포츠파크,거창산림레포츠파크,activity,35.85914,127.82975,90,,경남 거창군 고제면 빼재로 2099-35 · 한국관광공사 연관 관광지 · 카카오 좌표,0,0,0,0,0,1,,,,,,96db458ed63b3e34a1c3d63a8ad444ea67ab6b77
ro360,공주,공주 무령왕릉과 왕릉원,공주 무령왕릉과 왕릉원,herit,36.46304,127.11439,60,,충남 공주시 금성동 산 5-19 · 한국관광공사 연관 관광지 · 카카오 좌표,0,0,0,0,0,1,,,,,,96db458ed63b3e34a1c3d63a8ad444ea67ab6b77
ro361,창원,마금산원탕보양온천,마금산원탕보양온천,heal,35.35465,128.60942,60,,경남 창원시 의창구 북면 천주로 1167 · 한국관광공사 연관 관광지 · 카카오 좌표,0,0,0,0,0,1,,,,,,96db458ed63b3e34a1c3d63a8ad444ea67ab6b77
ro362,남원,남원시립김병종미술관,남원시립김병종미술관,herit,35.39871,127.38956,60,,전북특별자치도 남원시 함파우길 65-14 · 한국관광공사 연관 관광지 · 카카오 좌표,0,0,0,0,0,1,,,,,,96db458ed63b3e34a1c3d63a8ad444ea67ab6b77
ro363,천안,천안박물관,천안박물관,herit,36.78676,127.16334,60,,충남 천안시 동남구 천안삼거리길 27 · 한국관광공사 연관 관광지 · 카카오 좌표,0,0,0,0,0,1,,,,,,96db458ed63b3e34a1c3d63a8ad444ea67ab6b77
ro364,울산,언양알프스시장,언양알프스시장,food,35.5637,129.12529,50,,울산 울주군 언양읍 장터1길 12-1 · 한국관광공사 연관 관광지 · 카카오 좌표,0,0,0,0,0,1,,,,,,96db458ed63b3e34a1c3d63a8ad444ea67ab6b77
ro365,공주,석장리박물관,석장리박물관,herit,36.44753,127.18967,60,,충남 공주시 금벽로 990 · 한국관광공사 연관 관광지 · 카카오 좌표,0,0,0,0,0,1,,,,,,96db458ed63b3e34a1c3d63a8ad444ea67ab6b77
ro367,서울,독립문영천시장,독립문영천시장,food,37.57048,126.96114,50,,서울 서대문구 독립문로3길 22 · 한국관광공사 연관 관광지 · 카카오 좌표,0,0,0,0,0,1,,,,,,96db458ed63b3e34a1c3d63a8ad444ea67ab6b77
ro368,홍성,남당항 해양분수공원,남당항 해양분수공원,heal,36.53759,126.47375,60,,충남 홍성군 서부면 남당리 864 · 한국관광공사 연관 관광지 · 카카오 좌표,0,0,0,0,0,1,,,,,,96db458ed63b3e34a1c3d63a8ad444ea67ab6b77
ro369,서울,화계사,화계사,herit,37.63274,127.00734,60,,서울 강북구 화계사길 117 · 한국관광공사 연관 관광지 · 카카오 좌표,0,0,0,0,0,1,,,,,,96db458ed63b3e34a1c3d63a8ad444ea67ab6b77
ro370,부산,삼락생태공원 연꽃단지,삼락생태공원 연꽃단지,heal,35.16265,128.97133,60,,부산 사상구 삼락동 750 · 한국관광공사 연관 관광지 · 카카오 좌표,0,0,0,0,0,1,,,,,,96db458ed63b3e34a1c3d63a8ad444ea67ab6b77
ro371,서울,잠실한강공원,잠실한강공원,heal,37.5178,127.08236,60,,서울 송파구 잠실동 1-1 · 한국관광공사 연관 관광지 · 카카오 좌표,0,0,0,0,0,1,,,,,,96db458ed63b3e34a1c3d63a8ad444ea67ab6b77
ro372,서울,암사종합시장,암사종합시장,food,37.55086,127.12882,50,,서울 강동구 상암로11길 25 · 한국관광공사 연관 관광지 · 카카오 좌표,0,0,0,0,0,1,,,,,,96db458ed63b3e34a1c3d63a8ad444ea67ab6b77
ro373,서울,대한민국역사박물관,대한민국역사박물관,herit,37.57399,126.97786,60,,서울 종로구 세종대로 198 · 한국관광공사 연관 관광지 · 카카오 좌표,0,0,0,0,0,1,,,,,,96db458ed63b3e34a1c3d63a8ad444ea67ab6b77
ro374,제천,청풍황금떡갈비,청풍황금떡갈비,food,37.02069,128.17254,50,,충북 제천시 청풍면 청풍호로 1682 · 한국관광공사 연관 관광지 · 카카오 좌표,0,0,0,0,0,1,,,,,,96db458ed63b3e34a1c3d63a8ad444ea67ab6b77
ro375,충주,게으른악어,게으른악어,food,36.92398,128.04808,50,,충북 충주시 살미면 월악로 927 · 한국관광공사 연관 관광지 · 카카오 좌표,0,0,0,0,0,1,,,,,,96db458ed63b3e34a1c3d63a8ad444ea67ab6b77
ro376,창원,임진각식당,임진각식당,food,35.26129,128.61786,50,,경남 창원시 의창구 팔용로 515 · 한국관광공사 연관 관광지 · 카카오 좌표,0,0,0,0,0,1,,,,,,96db458ed63b3e34a1c3d63a8ad444ea67ab6b77
ro377,울릉,울릉도태양식당 따개비칼국수 본점,울릉도태양식당 따개비칼국수 본점,food,37.46641,130.83761,50,,경북 울릉군 서면 울릉순환로 1278 · 한국관광공사 연관 관광지 · 카카오 좌표,0,0,0,0,0,1,,,,,,96db458ed63b3e34a1c3d63a8ad444ea67ab6b77
ro378,창원,퍼시먼커피,퍼시먼커피,food,35.3192,128.66115,50,,경남 창원시 의창구 동읍 동읍로 617 · 한국관광공사 연관 관광지 · 카카오 좌표,0,0,0,0,0,1,,,,,,96db458ed63b3e34a1c3d63a8ad444ea67ab6b77
ro379,밀양,밀양돌짬뽕,밀양돌짬뽕,food,35.49989,128.74651,50,,경남 밀양시 백민로 82-1 · 한국관광공사 연관 관광지 · 카카오 좌표,0,0,0,0,0,1,,,,,,96db458ed63b3e34a1c3d63a8ad444ea67ab6b77
ro380,서천,한우마을,한우마을,food,36.15508,126.69092,50,,충남 서천군 판교면 종판로901번길 12 · 한국관광공사 연관 관광지 · 카카오 좌표,0,0,0,0,0,1,,,,,,96db458ed63b3e34a1c3d63a8ad444ea67ab6b77
ro381,아산,죽순산장,죽순산장,food,36.86337,127.02397,50,,충남 아산시 음봉면 음봉면로 227 · 한국관광공사 연관 관광지 · 카카오 좌표,0,0,0,0,0,1,,,,,,96db458ed63b3e34a1c3d63a8ad444ea67ab6b77
ro382,가평,델씨엘로,델씨엘로,food,37.75286,127.4337,50,,경기 가평군 청평면 경춘로 1031 · 한국관광공사 연관 관광지 · 카카오 좌표,0,0,0,0,0,1,,,,,,96db458ed63b3e34a1c3d63a8ad444ea67ab6b77
ro383,파주,심학산도토리국수 본점,심학산도토리국수 본점,food,37.70953,126.70388,50,,경기 파주시 교하로681번길 12 · 한국관광공사 연관 관광지 · 카카오 좌표,0,0,0,0,0,1,,,,,,96db458ed63b3e34a1c3d63a8ad444ea67ab6b77
ro384,완도,유일정식당,유일정식당,food,34.31663,126.75193,50,,전남광주통합특별시 완도군 완도읍 개포로 11-28 · 한국관광공사 연관 관광지 · 카카오 좌표,0,0,0,0,0,1,,,,,,96db458ed63b3e34a1c3d63a8ad444ea67ab6b77
ro385,울진,울산회식당,울산회식당,food,36.85587,129.42471,50,,경북 울진군 기성면 망양로 225-9 · 한국관광공사 연관 관광지 · 카카오 좌표,0,0,0,0,0,1,,,,,,96db458ed63b3e34a1c3d63a8ad444ea67ab6b77
ro386,완도,개성순두부,개성순두부,food,34.3164,126.75037,50,,전남광주통합특별시 완도군 완도읍 개포로 19 · 한국관광공사 연관 관광지 · 카카오 좌표,0,0,0,0,0,1,,,,,,96db458ed63b3e34a1c3d63a8ad444ea67ab6b77
ro387,사천,삼천포돌게장,삼천포돌게장,food,34.94087,128.07627,50,,경남 사천시 삼천포대교로 481 · 한국관광공사 연관 관광지 · 카카오 좌표,0,0,0,0,0,1,,,,,,96db458ed63b3e34a1c3d63a8ad444ea67ab6b77
ro388,서천,장항갯벌식당,장항갯벌식당,food,36.01163,126.69552,50,,충남 서천군 장항읍 장항로161번길 7 · 한국관광공사 연관 관광지 · 카카오 좌표,0,0,0,0,0,1,,,,,,96db458ed63b3e34a1c3d63a8ad444ea67ab6b77
ro389,인제,옛날원대막국수,옛날원대막국수,food,38.00228,128.23161,50,,강원특별자치도 인제군 인제읍 자작나무숲길 1113 · 한국관광공사 연관 관광지 · 카카오 좌표,0,0,0,0,0,1,,,,,,96db458ed63b3e34a1c3d63a8ad444ea67ab6b77
ro390,대전,대전엑스포아쿠아리움,대전엑스포아쿠아리움,activity,36.37529,127.38138,90,,대전 유성구 엑스포로 1 · 한국관광공사 연관 관광지 · 카카오 좌표,0,0,0,0,0,1,,,,,,96db458ed63b3e34a1c3d63a8ad444ea67ab6b77
ro391,대전,한국조폐공사 화폐박물관,한국조폐공사 화폐박물관,herit,36.37751,127.3705,60,,대전 유성구 과학로 80-67 · 한국관광공사 연관 관광지 · 카카오 좌표,0,0,0,0,0,1,,,,,,96db458ed63b3e34a1c3d63a8ad444ea67ab6b77
ro392,충주,악어봉,악어봉,sea,36.91756,128.04415,40,,충북 충주시 살미면 신당리 산 30-1 · 한국관광공사 연관 관광지 · 카카오 좌표,0,0,0,0,0,1,,,,,,96db458ed63b3e34a1c3d63a8ad444ea67ab6b77
ro393,평창,청옥산 육백마지기농장,청옥산 육백마지기농장,heal,37.4009,128.51274,60,,강원특별자치도 평창군 미탄면 청옥산길 583-68 · 한국관광공사 연관 관광지 · 카카오 좌표,0,0,0,0,0,1,,,,,,96db458ed63b3e34a1c3d63a8ad444ea67ab6b77
ro394,평창,장전계곡,장전계곡,sea,37.49966,128.56434,40,,강원특별자치도 평창군 진부면 장전리 산 1 · 한국관광공사 연관 관광지 · 카카오 좌표,0,0,0,0,0,1,,,,,,96db458ed63b3e34a1c3d63a8ad444ea67ab6b77
ro395,제천,박달재자연휴양림,박달재자연휴양림,heal,37.15011,128.04941,60,,충북 제천시 백운면 금봉로 223 · 한국관광공사 연관 관광지 · 카카오 좌표,0,0,0,0,0,1,,,,,,96db458ed63b3e34a1c3d63a8ad444ea67ab6b77
ro396,태백,태백고원자연휴양림,태백고원자연휴양림,heal,37.12358,129.06038,60,,강원특별자치도 태백시 머리골길 153 · 한국관광공사 연관 관광지 · 카카오 좌표,0,0,0,0,0,1,,,,,,96db458ed63b3e34a1c3d63a8ad444ea67ab6b77
ro397,태백,365세이프타운,365세이프타운,activity,37.10049,129.02461,90,,강원특별자치도 태백시 평화길 15 · 한국관광공사 연관 관광지 · 카카오 좌표,0,0,0,0,0,1,,,,,,96db458ed63b3e34a1c3d63a8ad444ea67ab6b77
ro398,정선,화암약수,화암약수,sea,37.32704,128.7837,40,,강원특별자치도 정선군 화암면 약수길 1328 · 한국관광공사 연관 관광지 · 카카오 좌표,0,0,0,0,0,1,,,,,,96db458ed63b3e34a1c3d63a8ad444ea67ab6b77
ro399,평창,청옥산 전망대,청옥산 전망대,activity,37.4085,128.51045,90,,강원특별자치도 평창군 미탄면 회동리 1-5 · 한국관광공사 연관 관광지 · 카카오 좌표,0,0,0,0,0,1,,,,,,96db458ed63b3e34a1c3d63a8ad444ea67ab6b77
ro400,수원,수원화성 장안문,수원화성 장안문,herit,37.28886,127.01424,60,,경기 수원시 팔달구 정조로 910 · 한국관광공사 연관 관광지 · 카카오 좌표,0,0,0,0,0,1,,,,,,96db458ed63b3e34a1c3d63a8ad444ea67ab6b77
ro401,대구,국립대구과학관,국립대구과학관,herit,35.68666,128.46576,60,,대구 달성군 유가읍 테크노대로6길 20 · 한국관광공사 연관 관광지 · 카카오 좌표,0,0,0,0,0,1,,,,,,96db458ed63b3e34a1c3d63a8ad444ea67ab6b77
ro402,포천,담터계곡,담터계곡,sea,38.15524,127.19008,40,,경기 포천시 관인면 삼율리 · 한국관광공사 연관 관광지 · 카카오 좌표,0,0,0,0,0,1,,,,,,96db458ed63b3e34a1c3d63a8ad444ea67ab6b77
ro403,고성,고성시장,고성시장,food,34.97701,128.32292,50,,경남 고성군 고성읍 중앙로25번길 57 · 한국관광공사 연관 관광지 · 카카오 좌표,0,0,0,0,0,1,,,,,,96db458ed63b3e34a1c3d63a8ad444ea67ab6b77
ro404,태백,구와우마을,구와우마을,herit,37.20692,128.9897,60,,강원특별자치도 태백시 구와우길 38-20 · 한국관광공사 연관 관광지 · 카카오 좌표,0,0,0,0,0,1,,,,,,96db458ed63b3e34a1c3d63a8ad444ea67ab6b77
ro405,인천,남촌농산물도매시장,남촌농산물도매시장,food,37.42233,126.71941,50,,인천 남동구 비류대로 763 · 한국관광공사 연관 관광지 · 카카오 좌표,0,0,0,0,0,1,,,,,,96db458ed63b3e34a1c3d63a8ad444ea67ab6b77
ro406,순천,순천조례호수공원,순천조례호수공원,heal,34.96768,127.52379,60,,전남광주통합특별시 순천시 조례동 1867 · 한국관광공사 연관 관광지 · 카카오 좌표,0,0,0,0,0,1,,,,,,96db458ed63b3e34a1c3d63a8ad444ea67ab6b77
ro407,함안,함안고려동유적지,함안고려동유적지,herit,35.27681,128.45997,60,,경남 함안군 산인면 모곡2길 53 · 한국관광공사 연관 관광지 · 카카오 좌표,0,0,0,0,0,1,,,,,,96db458ed63b3e34a1c3d63a8ad444ea67ab6b77
ro408,사천,백천사,백천사,herit,34.99647,128.09248,60,,경남 사천시 백천길 326-2 · 한국관광공사 연관 관광지 · 카카오 좌표,0,0,0,0,0,1,,,,,,96db458ed63b3e34a1c3d63a8ad444ea67ab6b77
ro409,진주,진양호,진양호,sea,35.18808,127.98444,40,,경남 진주시 대평면 당촌리 458 · 한국관광공사 연관 관광지 · 카카오 좌표,0,0,0,0,0,1,,,,,,96db458ed63b3e34a1c3d63a8ad444ea67ab6b77
ro410,산청,남사예담촌,남사예담촌,herit,35.27422,127.93634,60,,경남 산청군 단성면 지리산대로2897번길 10 · 한국관광공사 연관 관광지 · 카카오 좌표,0,0,0,0,0,1,,,,,,96db458ed63b3e34a1c3d63a8ad444ea67ab6b77
ro411,춘천,레고랜드코리아리조트,레고랜드코리아리조트,activity,37.88419,127.6992,90,,강원특별자치도 춘천시 하중도길 128 · 한국관광공사 연관 관광지 · 카카오 좌표,0,0,0,0,0,1,,,,,,96db458ed63b3e34a1c3d63a8ad444ea67ab6b77
ro412,울릉,저동항,저동항,sea,37.49622,130.90997,40,,경북 울릉군 울릉읍 저동리 48-8 · 한국관광공사 연관 관광지 · 카카오 좌표,0,0,0,0,0,1,,,,,,96db458ed63b3e34a1c3d63a8ad444ea67ab6b77
ro413,화순,개미산 전망대,개미산 전망대,activity,35.04498,126.9654,90,,전남광주통합특별시 화순군 화순읍 연양1길 31 · 한국관광공사 연관 관광지 · 카카오 좌표,0,0,0,0,0,1,,,,,,96db458ed63b3e34a1c3d63a8ad444ea67ab6b77
ro414,창원,신촌온천,신촌온천,heal,35.35242,128.61105,60,,경남 창원시 의창구 북면 천주로1150번길 15-14 · 한국관광공사 연관 관광지 · 카카오 좌표,0,0,0,0,0,1,,,,,,96db458ed63b3e34a1c3d63a8ad444ea67ab6b77
ro415,남해,사촌해수욕장,사촌해수욕장,sea,34.74355,127.85593,40,,경남 남해군 남면 남면로1229번길 44 · 한국관광공사 연관 관광지 · 카카오 좌표,0,0,0,0,0,1,,,,,,96db458ed63b3e34a1c3d63a8ad444ea67ab6b77
ro416,부여,부여중앙시장,부여중앙시장,food,36.28174,126.91182,50,,충남 부여군 부여읍 사비로108번길 12 · 한국관광공사 연관 관광지 · 카카오 좌표,0,0,0,0,0,1,,,,,,96db458ed63b3e34a1c3d63a8ad444ea67ab6b77
ro417,남원,뱀사골계곡,뱀사골계곡,sea,35.35984,127.58632,40,,전북특별자치도 남원시 산내면 부운리 · 한국관광공사 연관 관광지 · 카카오 좌표,0,0,0,0,0,1,,,,,,96db458ed63b3e34a1c3d63a8ad444ea67ab6b77
ro418,아산,강당골,강당골,sea,36.71029,127.01588,40,,충남 아산시 송악면 강당리 510 · 한국관광공사 연관 관광지 · 카카오 좌표,0,0,0,0,0,1,,,,,,96db458ed63b3e34a1c3d63a8ad444ea67ab6b77
ro420,아산,파라다이스스파도고,파라다이스스파도고,heal,36.76612,126.88596,60,,충남 아산시 선장면 도고온천로 176-1 · 한국관광공사 연관 관광지 · 카카오 좌표,0,0,0,0,0,1,,,,,,96db458ed63b3e34a1c3d63a8ad444ea67ab6b77
ro421,울산,영남알프스 복합웰컴센터,영남알프스 복합웰컴센터,activity,35.55637,129.06766,90,,울산 울주군 상북면 알프스온천5길 103-8 · 한국관광공사 연관 관광지 · 카카오 좌표,0,0,0,0,0,1,,,,,,96db458ed63b3e34a1c3d63a8ad444ea67ab6b77
ro422,논산,탑정호수변생태공원,탑정호수변생태공원,heal,36.19186,127.17131,60,,충남 논산시 부적면 충곡리 287-8 · 한국관광공사 연관 관광지 · 카카오 좌표,0,0,0,0,0,1,,,,,,96db458ed63b3e34a1c3d63a8ad444ea67ab6b77
ro423,정읍,서현사지,서현사지,herit,35.62375,126.91881,60,,전북특별자치도 정읍시 태인면 서재길 13 · 한국관광공사 연관 관광지 · 카카오 좌표,0,0,0,0,0,1,,,,,,96db458ed63b3e34a1c3d63a8ad444ea67ab6b77
ro424,울산,남창옹기종기시장,남창옹기종기시장,food,35.41669,129.28278,50,,울산 울주군 온양읍 남창장터길 24 · 한국관광공사 연관 관광지 · 카카오 좌표,0,0,0,0,0,1,,,,,,96db458ed63b3e34a1c3d63a8ad444ea67ab6b77
ro425,창원,대산파크골프장,대산파크골프장,activity,35.352,128.72138,90,,경남 창원시 의창구 대산면 북부리 196-2 · 한국관광공사 연관 관광지 · 카카오 좌표,0,0,0,0,0,1,,,,,,96db458ed63b3e34a1c3d63a8ad444ea67ab6b77
ro426,당진,도비도항,도비도항,sea,37.01797,126.46148,40,,충남 당진시 석문면 난지도리 · 한국관광공사 연관 관광지 · 카카오 좌표,0,0,0,0,0,1,,,,,,96db458ed63b3e34a1c3d63a8ad444ea67ab6b77
ro427,창원,가음정 전통시장,가음정 전통시장,food,35.20783,128.69813,50,,경남 창원시 성산구 대정로35번길 4-1 · 한국관광공사 연관 관광지 · 카카오 좌표,0,0,0,0,0,1,,,,,,96db458ed63b3e34a1c3d63a8ad444ea67ab6b77
ro428,밀양,여여정사,여여정사,herit,35.4402,128.89304,60,,경남 밀양시 삼랑진읍 행곡1길 180-158 · 한국관광공사 연관 관광지 · 카카오 좌표,0,0,0,0,0,1,,,,,,96db458ed63b3e34a1c3d63a8ad444ea67ab6b77
ro429,가평,가평베고니아새정원,가평베고니아새정원,activity,37.6846,127.52563,90,,경기 가평군 설악면 미사리로270번길 30 · 한국관광공사 연관 관광지 · 카카오 좌표,0,0,0,0,0,1,,,,,,96db458ed63b3e34a1c3d63a8ad444ea67ab6b77
ro430,서산,서산중앙호수공원,서산중앙호수공원,heal,36.77681,126.4506,60,,충남 서산시 읍내동 40 · 한국관광공사 연관 관광지 · 카카오 좌표,0,0,0,0,0,1,,,,,,96db458ed63b3e34a1c3d63a8ad444ea67ab6b77
ro431,고창,석정휴스파,석정휴스파,heal,35.43218,126.7414,60,,전북특별자치도 고창군 고창읍 석정2로 173 · 한국관광공사 연관 관광지 · 카카오 좌표,0,0,0,0,0,1,,,,,,96db458ed63b3e34a1c3d63a8ad444ea67ab6b77
ro432,여주,한강6경바위늪경 강천섬,한강6경바위늪경 강천섬,sea,37.23271,127.70032,40,,경기 여주시 강천면 강천리 645 · 한국관광공사 연관 관광지 · 카카오 좌표,0,0,0,0,0,1,,,,,,96db458ed63b3e34a1c3d63a8ad444ea67ab6b77
ro433,밀양,선샤인밀양테마파크,선샤인밀양테마파크,activity,35.50048,128.83336,90,,경남 밀양시 단장면 관광단지로 78 · 한국관광공사 연관 관광지 · 카카오 좌표,0,0,0,0,0,1,,,,,,96db458ed63b3e34a1c3d63a8ad444ea67ab6b77
ro434,파주,율곡수목원,율곡수목원,activity,37.8983,126.82293,90,,경기 파주시 파평면 장승배기로 392 · 한국관광공사 연관 관광지 · 카카오 좌표,0,0,0,0,0,1,,,,,,96db458ed63b3e34a1c3d63a8ad444ea67ab6b77
ro435,포천,예술정원1999 자연예술테마파크,예술정원1999 자연예술테마파크,activity,37.92447,127.23361,90,,경기 포천시 신북면 아트밸리로 184-1 · 한국관광공사 연관 관광지 · 카카오 좌표,0,0,0,0,0,1,,,,,,96db458ed63b3e34a1c3d63a8ad444ea67ab6b77
ro436,단양,다누리아쿠아리움,다누리아쿠아리움,activity,36.98515,128.37063,90,,충북 단양군 단양읍 수변로 111 · 한국관광공사 연관 관광지 · 카카오 좌표,0,0,0,0,0,1,,,,,,96db458ed63b3e34a1c3d63a8ad444ea67ab6b77
ro437,서울,한성백제박물관,한성백제박물관,herit,37.51541,127.1209,60,,서울 송파구 위례성대로 71 · 한국관광공사 연관 관광지 · 카카오 좌표,0,0,0,0,0,1,,,,,,96db458ed63b3e34a1c3d63a8ad444ea67ab6b77
ro438,서울,4.19학생혁명기념탑,4.19학생혁명기념탑,herit,37.64854,127.00685,60,,서울 강북구 4.19로8길 17 · 한국관광공사 연관 관광지 · 카카오 좌표,0,0,0,0,0,1,,,,,,96db458ed63b3e34a1c3d63a8ad444ea67ab6b77
ro439,서울,광나루한강공원,광나루한강공원,heal,37.54413,127.11832,60,,서울 강동구 천호동 481-9 · 한국관광공사 연관 관광지 · 카카오 좌표,0,0,0,0,0,1,,,,,,96db458ed63b3e34a1c3d63a8ad444ea67ab6b77
ro440,서울,이촌한강공원,이촌한강공원,heal,37.51724,126.97053,60,,서울 용산구 이촌로72길 62 · 한국관광공사 연관 관광지 · 카카오 좌표,0,0,0,0,0,1,,,,,,96db458ed63b3e34a1c3d63a8ad444ea67ab6b77
ro441,서울,청와대 사랑채,청와대 사랑채,herit,37.58268,126.97323,60,,서울 종로구 효자로13길 45 · 한국관광공사 연관 관광지 · 카카오 좌표,0,0,0,0,0,1,,,,,,96db458ed63b3e34a1c3d63a8ad444ea67ab6b77
ro442,부산,더베이101,더베이101,activity,35.15656,129.15202,90,,부산 해운대구 동백로 52 · 한국관광공사 연관 관광지 · 카카오 좌표,0,0,0,0,0,1,,,,,,96db458ed63b3e34a1c3d63a8ad444ea67ab6b77
ro443,부산,삼광사,삼광사,herit,35.17571,129.04337,60,,부산 부산진구 초읍천로43번길 77 · 한국관광공사 연관 관광지 · 카카오 좌표,0,0,0,0,0,1,,,,,,96db458ed63b3e34a1c3d63a8ad444ea67ab6b77
ro444,부산,아홉산숲,아홉산숲,activity,35.28704,129.17152,90,,부산 기장군 철마면 미동길 37-1 · 한국관광공사 연관 관광지 · 카카오 좌표,0,0,0,0,0,1,,,,,,96db458ed63b3e34a1c3d63a8ad444ea67ab6b77
ro445,파주,심학산 약천사,심학산 약천사,herit,37.7056,126.70112,60,,경기 파주시 교하로681번길 118 · 한국관광공사 연관 관광지 · 카카오 좌표,0,0,0,0,0,1,,,,,,96db458ed63b3e34a1c3d63a8ad444ea67ab6b77
ro446,양주,국립아세안자연휴양림,국립아세안자연휴양림,heal,37.77377,126.94218,60,,경기 양주시 백석읍 기산로 472 · 한국관광공사 연관 관광지 · 카카오 좌표,0,0,0,0,0,1,,,,,,96db458ed63b3e34a1c3d63a8ad444ea67ab6b77
ro447,파주,한국근현대사박물관,한국근현대사박물관,herit,37.79087,126.69518,60,,경기 파주시 탄현면 헤이리마을길 59-85 · 한국관광공사 연관 관광지 · 카카오 좌표,0,0,0,0,0,1,,,,,,96db458ed63b3e34a1c3d63a8ad444ea67ab6b77
ro448,서산,용현계곡,용현계곡,sea,36.74355,126.60559,40,,충남 서산시 운산면 용현리 · 한국관광공사 연관 관광지 · 카카오 좌표,0,0,0,0,0,1,,,,,,96db458ed63b3e34a1c3d63a8ad444ea67ab6b77
ro449,원주,원주자유시장번영회 영선반,원주자유시장번영회 영선반,food,37.35059,127.94889,50,,강원특별자치도 원주시 중앙시장길 11 · 한국관광공사 연관 관광지 · 카카오 좌표,0,0,0,0,0,1,,,,,,96db458ed63b3e34a1c3d63a8ad444ea67ab6b77
ro450,양주,헤세의정원,헤세의정원,activity,37.71589,126.98031,90,,경기 양주시 장흥면 호국로550번길 111 · 한국관광공사 연관 관광지 · 카카오 좌표,0,0,0,0,0,1,,,,,,96db458ed63b3e34a1c3d63a8ad444ea67ab6b77
ro451,전주,전주왱이콩나물국밥전문점,전주왱이콩나물국밥전문점,food,35.81829,127.14918,50,,전북특별자치도 전주시 완산구 동문길 88 · 한국관광공사 연관 관광지 · 카카오 좌표,0,0,0,0,0,1,,,,,,96db458ed63b3e34a1c3d63a8ad444ea67ab6b77
ro452,대전,원조태평소국밥 본관,원조태평소국밥 본관,food,36.35748,127.35022,50,,대전 유성구 온천동로65번길 50 · 한국관광공사 연관 관광지 · 카카오 좌표,0,0,0,0,0,1,,,,,,96db458ed63b3e34a1c3d63a8ad444ea67ab6b77
ro453,용인,라임그라스,라임그라스,food,37.26365,127.26319,50,,경기 용인시 처인구 양지읍 한터로 529-9 · 한국관광공사 연관 관광지 · 카카오 좌표,0,0,0,0,0,1,,,,,,96db458ed63b3e34a1c3d63a8ad444ea67ab6b77
ro454,전주,고궁 전주본점,고궁 전주본점,food,35.85006,127.11944,50,,전북특별자치도 전주시 덕진구 송천중앙로 33 · 한국관광공사 연관 관광지 · 카카오 좌표,0,0,0,0,0,1,,,,,,96db458ed63b3e34a1c3d63a8ad444ea67ab6b77
ro455,철원,리버포레스트카페&해오름가든,리버포레스트카페&해오름가든,food,38.18315,127.2861,50,,강원특별자치도 철원군 동송읍 창동로 2364 · 한국관광공사 연관 관광지 · 카카오 좌표,0,0,0,0,0,1,,,,,,96db458ed63b3e34a1c3d63a8ad444ea67ab6b77
ro456,인천,송도토스트국수,송도토스트국수,food,37.42157,126.65234,50,,인천 연수구 청량로 163 · 한국관광공사 연관 관광지 · 카카오 좌표,0,0,0,0,0,1,,,,,,96db458ed63b3e34a1c3d63a8ad444ea67ab6b77
ro457,청송,원조신촌식당,원조신촌식당,food,36.50666,129.12075,50,,경북 청송군 진보면 신촌약수길 18 · 한국관광공사 연관 관광지 · 카카오 좌표,0,0,0,0,0,1,,,,,,96db458ed63b3e34a1c3d63a8ad444ea67ab6b77
ro458,영주,녹스고지,녹스고지,food,36.83105,128.61757,50,,경북 영주시 두서길87번길 38 · 한국관광공사 연관 관광지 · 카카오 좌표,0,0,0,0,0,1,,,,,,96db458ed63b3e34a1c3d63a8ad444ea67ab6b77
ro459,거창,도감어가,도감어가,food,35.74293,127.81736,50,,경남 거창군 위천면 금원산길 166 · 한국관광공사 연관 관광지 · 카카오 좌표,0,0,0,0,0,1,,,,,,96db458ed63b3e34a1c3d63a8ad444ea67ab6b77
ro460,울릉,카페울라,카페울라,food,37.5299,130.8582,50,,경북 울릉군 북면 추산길 187 · 한국관광공사 연관 관광지 · 카카오 좌표,0,0,0,0,0,1,,,,,,96db458ed63b3e34a1c3d63a8ad444ea67ab6b77
ro461,봉화,봉화한약우프라자,봉화한약우프라자,food,36.90161,128.77204,50,,경북 봉화군 봉성면 농업인길 47 · 한국관광공사 연관 관광지 · 카카오 좌표,0,0,0,0,0,1,,,,,,96db458ed63b3e34a1c3d63a8ad444ea67ab6b77
ro462,여주,감성식탁,감성식탁,food,37.29181,127.65194,50,,경기 여주시 주내로 58 · 한국관광공사 연관 관광지 · 카카오 좌표,0,0,0,0,0,1,,,,,,96db458ed63b3e34a1c3d63a8ad444ea67ab6b77
ro463,가평,설악막국수 춘천닭갈비 별관,설악막국수 춘천닭갈비 별관,food,37.67765,127.48604,50,,경기 가평군 설악면 신천중앙로 161 · 한국관광공사 연관 관광지 · 카카오 좌표,0,0,0,0,0,1,,,,,,96db458ed63b3e34a1c3d63a8ad444ea67ab6b77
ro464,보성,청광도예원,청광도예원,food,34.72436,127.08851,50,,전남광주통합특별시 보성군 보성읍 사동길 52-11 · 한국관광공사 연관 관광지 · 카카오 좌표,0,0,0,0,0,1,,,,,,96db458ed63b3e34a1c3d63a8ad444ea67ab6b77
ro465,서울,원조호수삼계탕 본점,원조호수삼계탕 본점,food,37.50267,126.90435,50,,서울 영등포구 도림로 276 · 한국관광공사 연관 관광지 · 카카오 좌표,0,0,0,0,0,1,,,,,,96db458ed63b3e34a1c3d63a8ad444ea67ab6b77
ro468,서울,돈까스잔치 동빙고점,돈까스잔치 동빙고점,food,37.52124,126.99639,50,,서울 용산구 서빙고로 297 · 한국관광공사 연관 관광지 · 카카오 좌표,0,0,0,0,0,1,,,,,,96db458ed63b3e34a1c3d63a8ad444ea67ab6b77
ro469,서울,쌍다리돼지불백 본점,쌍다리돼지불백 본점,food,37.5935,126.99569,50,,서울 성북구 성북로23길 4 · 한국관광공사 연관 관광지 · 카카오 좌표,0,0,0,0,0,1,,,,,,96db458ed63b3e34a1c3d63a8ad444ea67ab6b77
ro470,서울,임병주 산동칼국수,임병주 산동칼국수,food,37.48457,127.03003,50,,서울 서초구 강남대로37길 65 · 한국관광공사 연관 관광지 · 카카오 좌표,0,0,0,0,0,1,,,,,,96db458ed63b3e34a1c3d63a8ad444ea67ab6b77
ro471,부산,영진돼지국밥 본점,영진돼지국밥 본점,food,35.09664,128.95786,50,,부산 사하구 하신번영로157번길 39 · 한국관광공사 연관 관광지 · 카카오 좌표,0,0,0,0,0,1,,,,,,96db458ed63b3e34a1c3d63a8ad444ea67ab6b77
ro472,수원,수원화성 팔달문,수원화성 팔달문,herit,37.27756,127.01673,60,,경기 수원시 팔달구 정조로 780 · 한국관광공사 연관 관광지 · 카카오 좌표,0,0,0,0,0,1,,,,,,96db458ed63b3e34a1c3d63a8ad444ea67ab6b77
ro473,청송,달기약수터,달기약수터,sea,36.43855,129.08364,40,,경북 청송군 청송읍 약수길 16 · 한국관광공사 연관 관광지 · 카카오 좌표,0,0,0,0,0,1,,,,,,96db458ed63b3e34a1c3d63a8ad444ea67ab6b77
ro474,정선,강원랜드,강원랜드,activity,37.21173,128.82167,90,,강원특별자치도 정선군 사북읍 하이원길 265 · 한국관광공사 연관 관광지 · 카카오 좌표,0,0,0,0,0,1,,,,,,96db458ed63b3e34a1c3d63a8ad444ea67ab6b77
ro475,정선,로미지안가든,로미지안가든,activity,37.43643,128.64112,90,,강원특별자치도 정선군 북평면 어래길 20 · 한국관광공사 연관 관광지 · 카카오 좌표,0,0,0,0,0,1,,,,,,96db458ed63b3e34a1c3d63a8ad444ea67ab6b77
ro476,청주,국립청주박물관,국립청주박물관,herit,36.64976,127.51197,60,,충북 청주시 상당구 명암로 143 · 한국관광공사 연관 관광지 · 카카오 좌표,0,0,0,0,0,1,,,,,,96db458ed63b3e34a1c3d63a8ad444ea67ab6b77
ro477,용인,호암미술관,호암미술관,herit,37.29452,127.19163,60,,경기 용인시 처인구 포곡읍 에버랜드로562번길 38 · 한국관광공사 연관 관광지 · 카카오 좌표,0,0,0,0,0,1,,,,,,96db458ed63b3e34a1c3d63a8ad444ea67ab6b77
ro478,철원,철원역사문화공원,철원역사문화공원,heal,38.25499,127.20005,60,,강원특별자치도 철원군 철원읍 사요리 366-1 · 한국관광공사 연관 관광지 · 카카오 좌표,0,0,0,0,0,1,,,,,,96db458ed63b3e34a1c3d63a8ad444ea67ab6b77
ro479,청주,옥화자연휴양림,옥화자연휴양림,heal,36.60135,127.6955,60,,충북 청주시 상당구 미원면 운암옥화길 140 · 한국관광공사 연관 관광지 · 카카오 좌표,0,0,0,0,0,1,,,,,,96db458ed63b3e34a1c3d63a8ad444ea67ab6b77
ro480,보성,벌교시장,벌교시장,food,34.8445,127.34563,50,,전남광주통합특별시 보성군 벌교읍 벌교천1길 15 · 한국관광공사 연관 관광지 · 카카오 좌표,0,0,0,0,0,1,,,,,,96db458ed63b3e34a1c3d63a8ad444ea67ab6b77
ro481,인천,솔찬공원,솔찬공원,heal,37.37236,126.62821,60,,인천 연수구 컨벤시아대로391번길 20 · 한국관광공사 연관 관광지 · 카카오 좌표,0,0,0,0,0,1,,,,,,96db458ed63b3e34a1c3d63a8ad444ea67ab6b77
ro482,인천,롱비치파크,롱비치파크,heal,37.40689,126.60992,60,,인천 연수구 송도동 308-2 · 한국관광공사 연관 관광지 · 카카오 좌표,0,0,0,0,0,1,,,,,,96db458ed63b3e34a1c3d63a8ad444ea67ab6b77
ro483,진주,초전공원,초전공원,heal,35.20516,128.12619,60,,경남 진주시 초전동 1583-40 · 한국관광공사 연관 관광지 · 카카오 좌표,0,0,0,0,0,1,,,,,,96db458ed63b3e34a1c3d63a8ad444ea67ab6b77
ro484,진주,지수승산부자마을,지수승산부자마을,herit,35.23642,128.2707,60,,경남 진주시 지수면 지수로 506 · 한국관광공사 연관 관광지 · 카카오 좌표,0,0,0,0,0,1,,,,,,96db458ed63b3e34a1c3d63a8ad444ea67ab6b77
ro485,안동,안동소주전통음식박물관,안동소주전통음식박물관,herit,36.5498,128.70878,60,,경북 안동시 강남로 71-1 · 한국관광공사 연관 관광지 · 카카오 좌표,0,0,0,0,0,1,,,,,,96db458ed63b3e34a1c3d63a8ad444ea67ab6b77
ro486,산청,대원사,대원사,herit,35.35565,127.80709,60,,경남 산청군 삼장면 대원사길 455 · 한국관광공사 연관 관광지 · 카카오 좌표,0,0,0,0,0,1,,,,,,96db458ed63b3e34a1c3d63a8ad444ea67ab6b77
ro487,울릉,학포항,학포항,sea,37.50416,130.80469,40,,경북 울릉군 서면 태하리 593 · 한국관광공사 연관 관광지 · 카카오 좌표,0,0,0,0,0,1,,,,,,96db458ed63b3e34a1c3d63a8ad444ea67ab6b77
ro488,춘천,의암호스카이워크,의암호스카이워크,activity,37.84672,127.68038,90,,강원특별자치도 춘천시 칠전동 468-1 · 한국관광공사 연관 관광지 · 카카오 좌표,0,0,0,0,0,1,,,,,,96db458ed63b3e34a1c3d63a8ad444ea67ab6b77
ro489,춘천,춘천중도물레길,춘천중도물레길,activity,37.87083,127.68995,90,,강원특별자치도 춘천시 스포츠타운길223번길 95 · 한국관광공사 연관 관광지 · 카카오 좌표,0,0,0,0,0,1,,,,,,96db458ed63b3e34a1c3d63a8ad444ea67ab6b77
ro490,울릉,사동항(울릉도),사동항(울릉도),sea,37.46123,130.87891,40,,경북 울릉군 울릉읍 울릉순환로 755 · 한국관광공사 연관 관광지 · 카카오 좌표,0,0,0,0,0,1,,,,,,96db458ed63b3e34a1c3d63a8ad444ea67ab6b77
ro491,함양,함양대봉산휴양밸리 대봉스카이랜드,함양대봉산휴양밸리 대봉스카이랜드,activity,35.56802,127.71527,90,,경남 함양군 병곡면 병곡지곡로 331 · 한국관광공사 연관 관광지 · 카카오 좌표,0,0,0,0,0,1,,,,,,96db458ed63b3e34a1c3d63a8ad444ea67ab6b77
ro492,울릉,내수전몽돌해변,내수전몽돌해변,sea,37.50705,130.91363,40,,경북 울릉군 울릉읍 저동리 10-5 · 한국관광공사 연관 관광지 · 카카오 좌표,0,0,0,0,0,1,,,,,,96db458ed63b3e34a1c3d63a8ad444ea67ab6b77
ro493,울릉,천부항,천부항,sea,37.54098,130.87195,40,,경북 울릉군 북면 천부리 · 한국관광공사 연관 관광지 · 카카오 좌표,0,0,0,0,0,1,,,,,,96db458ed63b3e34a1c3d63a8ad444ea67ab6b77
ro494,남원,인월시장,인월시장,food,35.46139,127.60219,50,,전북특별자치도 남원시 인월면 인월로 65-3 · 한국관광공사 연관 관광지 · 카카오 좌표,0,0,0,0,0,1,,,,,,96db458ed63b3e34a1c3d63a8ad444ea67ab6b77
ro495,아산,모나밸리,모나밸리,activity,36.75078,126.99229,90,,충남 아산시 순천향로 624 · 한국관광공사 연관 관광지 · 카카오 좌표,0,0,0,0,0,1,,,,,,96db458ed63b3e34a1c3d63a8ad444ea67ab6b77
ro496,천안,천안홍대용과학관,천안홍대용과학관,herit,36.73962,127.2956,60,,충남 천안시 동남구 수신면 장산서길 113 · 한국관광공사 연관 관광지 · 카카오 좌표,0,0,0,0,0,1,,,,,,96db458ed63b3e34a1c3d63a8ad444ea67ab6b77
ro497,천안,아름다운정원 화수목,아름다운정원 화수목,heal,36.78337,127.1938,60,,충남 천안시 동남구 목천읍 교천지산길 175 · 한국관광공사 연관 관광지 · 카카오 좌표,0,0,0,0,0,1,,,,,,96db458ed63b3e34a1c3d63a8ad444ea67ab6b77
ro498,울산,작천정계곡,작천정계곡,sea,35.55125,129.10134,40,,울산 울주군 삼남읍 교동리 · 한국관광공사 연관 관광지 · 카카오 좌표,0,0,0,0,0,1,,,,,,96db458ed63b3e34a1c3d63a8ad444ea67ab6b77
ro499,용인,경기도어린이박물관,경기도어린이박물관,herit,37.26736,127.10967,60,,경기 용인시 기흥구 상갈로 6 · 한국관광공사 연관 관광지 · 카카오 좌표,0,0,0,0,0,1,,,,,,96db458ed63b3e34a1c3d63a8ad444ea67ab6b77
ro501,용인,삼성화재 모빌리티뮤지엄,삼성화재 모빌리티뮤지엄,herit,37.30036,127.21693,60,,경기 용인시 처인구 포곡읍 에버랜드로376번길 171 · 한국관광공사 연관 관광지 · 카카오 좌표,0,0,0,0,0,1,,,,,,96db458ed63b3e34a1c3d63a8ad444ea67ab6b77
ro502,양산,홍룡사,홍룡사,herit,35.39719,129.08631,60,,경남 양산시 상북면 홍룡로 372 · 한국관광공사 연관 관광지 · 카카오 좌표,0,0,0,0,0,1,,,,,,96db458ed63b3e34a1c3d63a8ad444ea67ab6b77
ro503,양평,양평군립미술관,양평군립미술관,herit,37.49717,127.48408,60,,경기 양평군 양평읍 문화복지길 2 · 한국관광공사 연관 관광지 · 카카오 좌표,0,0,0,0,0,1,,,,,,96db458ed63b3e34a1c3d63a8ad444ea67ab6b77
ro504,여주,여주곤충박물관,여주곤충박물관,herit,37.25956,127.66335,60,,경기 여주시 명성로 114-146 · 한국관광공사 연관 관광지 · 카카오 좌표,0,0,0,0,0,1,,,,,,96db458ed63b3e34a1c3d63a8ad444ea67ab6b77
ro505,고양,아쿠아플라넷 일산,아쿠아플라넷 일산,activity,37.66379,126.75549,90,,경기 고양시 일산서구 한류월드로 282 · 한국관광공사 연관 관광지 · 카카오 좌표,0,0,0,0,0,1,,,,,,96db458ed63b3e34a1c3d63a8ad444ea67ab6b77
ro506,여주,국가유산청 궁능유적본부 세종대왕유적관리소,국가유산청 궁능유적본부 세종대왕유적관리소,herit,37.30493,127.61133,60,,경기 여주시 세종대왕면 영릉로 269-10 · 한국관광공사 연관 관광지 · 카카오 좌표,0,0,0,0,0,1,,,,,,96db458ed63b3e34a1c3d63a8ad444ea67ab6b77
ro507,함양,용추계곡,용추계곡,sea,35.68848,127.76384,40,,경남 함양군 안의면 상원리 산 16-3 · 한국관광공사 연관 관광지 · 카카오 좌표,0,0,0,0,0,1,,,,,,96db458ed63b3e34a1c3d63a8ad444ea67ab6b77
ro508,익산,국립익산박물관,국립익산박물관,herit,36.01079,127.02749,60,,전북특별자치도 익산시 금마면 미륵사지로 362 · 한국관광공사 연관 관광지 · 카카오 좌표,0,0,0,0,0,1,,,,,,96db458ed63b3e34a1c3d63a8ad444ea67ab6b77
ro509,고창,넓은들 학원농장,넓은들 학원농장,heal,35.37539,126.54323,60,,전북특별자치도 고창군 공음면 학원농장길 150 · 한국관광공사 연관 관광지 · 카카오 좌표,0,0,0,0,0,1,,,,,,96db458ed63b3e34a1c3d63a8ad444ea67ab6b77
ro510,단양,구인사,구인사,herit,37.03346,128.48117,60,,충북 단양군 영춘면 구인사길 73 · 한국관광공사 연관 관광지 · 카카오 좌표,0,0,0,0,0,1,,,,,,96db458ed63b3e34a1c3d63a8ad444ea67ab6b77
ro511,인제,국립방태산자연휴양림,국립방태산자연휴양림,heal,37.92146,128.40082,60,,강원특별자치도 인제군 기린면 방동리 산 282-1 · 한국관광공사 연관 관광지 · 카카오 좌표,0,0,0,0,0,1,,,,,,96db458ed63b3e34a1c3d63a8ad444ea67ab6b77
ro512,서울,영등포전통시장,영등포전통시장,food,37.51985,126.90808,50,,서울 영등포구 영등포동2가 30-1 · 한국관광공사 연관 관광지 · 카카오 좌표,0,0,0,0,0,1,,,,,,96db458ed63b3e34a1c3d63a8ad444ea67ab6b77
ro513,서울,망원한강공원,망원한강공원,heal,37.55172,126.90003,60,,서울 마포구 마포나루길 467 · 한국관광공사 연관 관광지 · 카카오 좌표,0,0,0,0,0,1,,,,,,96db458ed63b3e34a1c3d63a8ad444ea67ab6b77
ro514,서울,난지한강공원,난지한강공원,heal,37.56704,126.87561,60,,서울 마포구 상암동 495-72 · 한국관광공사 연관 관광지 · 카카오 좌표,0,0,0,0,0,1,,,,,,96db458ed63b3e34a1c3d63a8ad444ea67ab6b77
ro515,서울,금남시장,금남시장,food,37.54845,127.02271,50,,서울 성동구 독서당로 303-7 · 한국관광공사 연관 관광지 · 카카오 좌표,0,0,0,0,0,1,,,,,,96db458ed63b3e34a1c3d63a8ad444ea67ab6b77
ro516,파주,뮤지엄헤이,뮤지엄헤이,herit,37.78285,126.69028,60,,경기 파주시 탄현면 평화로 885-43 · 한국관광공사 연관 관광지 · 카카오 좌표,0,0,0,0,0,1,,,,,,96db458ed63b3e34a1c3d63a8ad444ea67ab6b77
ro517,부산,동부산우체국,동부산우체국,food,35.13822,129.06226,50,,부산 동구 조방로 15 · 한국관광공사 연관 관광지 · 카카오 좌표,0,0,0,0,0,1,,,,,,96db458ed63b3e34a1c3d63a8ad444ea67ab6b77
ro518,부산,피아크,피아크,activity,35.08641,129.07675,90,,부산 영도구 해양로195번길 180 · 한국관광공사 연관 관광지 · 카카오 좌표,0,0,0,0,0,1,,,,,,96db458ed63b3e34a1c3d63a8ad444ea67ab6b77
ro519,양주,일영유원지,일영유원지,activity,37.69582,126.93428,90,,경기 양주시 장흥면 일영로502번길 222-68 · 한국관광공사 연관 관광지 · 카카오 좌표,0,0,0,0,0,1,,,,,,96db458ed63b3e34a1c3d63a8ad444ea67ab6b77
ro520,원주,원주 강원감영,원주 강원감영,herit,37.34797,127.95042,60,,강원특별자치도 원주시 원일로 77 · 한국관광공사 연관 관광지 · 카카오 좌표,0,0,0,0,0,1,,,,,,96db458ed63b3e34a1c3d63a8ad444ea67ab6b77
ro521,서산,국립용현자연휴양림,국립용현자연휴양림,heal,36.75044,126.60959,60,,충남 서산시 운산면 마애삼존불길 339 · 한국관광공사 연관 관광지 · 카카오 좌표,0,0,0,0,0,1,,,,,,96db458ed63b3e34a1c3d63a8ad444ea67ab6b77
ro522,하동,스타웨이하동,스타웨이하동,activity,35.14923,127.68046,90,,경남 하동군 악양면 섬진강대로 3358-110 · 한국관광공사 연관 관광지 · 카카오 좌표,0,0,0,0,0,1,,,,,,96db458ed63b3e34a1c3d63a8ad444ea67ab6b77
ro523,용인,포레스트아웃팅스 용인점,포레스트아웃팅스 용인점,food,37.22316,127.09764,50,,경기 용인시 기흥구 농서로 4 · 한국관광공사 연관 관광지 · 카카오 좌표,0,0,0,0,0,1,,,,,,96db458ed63b3e34a1c3d63a8ad444ea67ab6b77
ro525,김해,팥고방,팥고방,food,35.18549,128.78917,50,,경남 김해시 대청계곡길 44-13 · 한국관광공사 연관 관광지 · 카카오 좌표,0,0,0,0,0,1,,,,,,96db458ed63b3e34a1c3d63a8ad444ea67ab6b77
ro526,철원,솔향기,솔향기,food,38.19286,127.22682,50,,강원특별자치도 철원군 동송읍 금학로 31-10 · 한국관광공사 연관 관광지 · 카카오 좌표,0,0,0,0,0,1,,,,,,96db458ed63b3e34a1c3d63a8ad444ea67ab6b77
ro527,대구,신천궁전떡볶이,신천궁전떡볶이,food,35.86454,128.61939,50,,대구 수성구 국채보상로162길 72 · 한국관광공사 연관 관광지 · 카카오 좌표,0,0,0,0,0,1,,,,,,96db458ed63b3e34a1c3d63a8ad444ea67ab6b77
ro528,영주,한결청국장,한결청국장,food,36.87336,128.52444,50,,경북 영주시 풍기읍 인삼로 1-1 · 한국관광공사 연관 관광지 · 카카오 좌표,0,0,0,0,0,1,,,,,,96db458ed63b3e34a1c3d63a8ad444ea67ab6b77
ro529,창녕,대중분식당,대중분식당,food,35.54112,128.49153,50,,경남 창녕군 창녕읍 창녕대로 27 · 한국관광공사 연관 관광지 · 카카오 좌표,0,0,0,0,0,1,,,,,,96db458ed63b3e34a1c3d63a8ad444ea67ab6b77
ro530,창원,스타벅스 창원마창대교점,스타벅스 창원마창대교점,food,35.17057,128.59725,50,,경남 창원시 성산구 삼귀로 159 · 한국관광공사 연관 관광지 · 카카오 좌표,0,0,0,0,0,1,,,,,,96db458ed63b3e34a1c3d63a8ad444ea67ab6b77
ro531,김해,대청마루카페사계,대청마루카페사계,food,35.18289,128.76092,50,,경남 김해시 대청계곡길 313-21 · 한국관광공사 연관 관광지 · 카카오 좌표,0,0,0,0,0,1,,,,,,96db458ed63b3e34a1c3d63a8ad444ea67ab6b77
ro533,정읍,양자강,양자강,food,35.56661,126.8573,50,,전북특별자치도 정읍시 우암로 57 · 한국관광공사 연관 관광지 · 카카오 좌표,0,0,0,0,0,1,,,,,,96db458ed63b3e34a1c3d63a8ad444ea67ab6b77
ro534,함안,아라가야 함안점,아라가야 함안점,food,35.27486,128.40787,50,,경남 함안군 가야읍 중앙남길 19 · 한국관광공사 연관 관광지 · 카카오 좌표,0,0,0,0,0,1,,,,,,96db458ed63b3e34a1c3d63a8ad444ea67ab6b77
ro535,서울,스타벅스 구의DT점,스타벅스 구의DT점,food,37.5453,127.0872,50,,서울 광진구 광나루로 519 · 한국관광공사 연관 관광지 · 카카오 좌표,0,0,0,0,0,1,,,,,,96db458ed63b3e34a1c3d63a8ad444ea67ab6b77
ro537,예산,백설농부,백설농부,food,36.76161,126.68198,50,,충남 예산군 봉산면 봉산로 516 · 한국관광공사 연관 관광지 · 카카오 좌표,0,0,0,0,0,1,,,,,,96db458ed63b3e34a1c3d63a8ad444ea67ab6b77
ro538,서울,감나무집기사식당,감나무집기사식당,food,37.56171,126.92216,50,,서울 마포구 연남로 23 · 한국관광공사 연관 관광지 · 카카오 좌표,0,0,0,0,0,1,,,,,,96db458ed63b3e34a1c3d63a8ad444ea67ab6b77
ro539,단양,보리곳간,보리곳간,food,37.02613,128.3848,50,,충북 단양군 가곡면 사평3길 6-1 · 한국관광공사 연관 관광지 · 카카오 좌표,0,0,0,0,0,1,,,,,,96db458ed63b3e34a1c3d63a8ad444ea67ab6b77
ro541,부산,춘하추동밀면 서면본점,춘하추동밀면 서면본점,food,35.16147,129.05552,50,,부산 부산진구 서면문화로 48-1 · 한국관광공사 연관 관광지 · 카카오 좌표,0,0,0,0,0,1,,,,,,96db458ed63b3e34a1c3d63a8ad444ea67ab6b77
ro542,대전,엑스포과학공원,엑스포과학공원,heal,36.37716,127.38708,60,,대전 유성구 대덕대로 480 · 한국관광공사 연관 관광지 · 카카오 좌표,0,0,0,0,0,1,,,,,,96db458ed63b3e34a1c3d63a8ad444ea67ab6b77
ro543,수원,권선종합시장,권선종합시장,food,37.25606,127.02486,50,,경기 수원시 권선구 세권로 185 · 한국관광공사 연관 관광지 · 카카오 좌표,0,0,0,0,0,1,,,,,,96db458ed63b3e34a1c3d63a8ad444ea67ab6b77
ro544,용인,용인농촌테마파크,용인농촌테마파크,activity,37.17234,127.29815,90,,경기 용인시 처인구 원삼면 농촌파크로 80-1 · 한국관광공사 연관 관광지 · 카카오 좌표,0,0,0,0,0,1,,,,,,96db458ed63b3e34a1c3d63a8ad444ea67ab6b77
ro545,창원,명서전통시장,명서전통시장,food,35.24942,128.64598,50,,경남 창원시 의창구 원이대로189번길 37-3 · 한국관광공사 연관 관광지 · 카카오 좌표,0,0,0,0,0,1,,,,,,96db458ed63b3e34a1c3d63a8ad444ea67ab6b77
ro546,충주,충주탄금공원(구 세계무술공원),충주탄금공원(구 세계무술공원),heal,36.98968,127.90643,60,,충북 충주시 남한강로 38 · 한국관광공사 연관 관광지 · 카카오 좌표,0,0,0,0,0,1,,,,,,96db458ed63b3e34a1c3d63a8ad444ea67ab6b77
ro547,단양,시루섬,시루섬,sea,36.96645,128.33927,40,,충북 단양군 단양읍 증도리 2-1 · 한국관광공사 연관 관광지 · 카카오 좌표,0,0,0,0,0,1,,,,,,96db458ed63b3e34a1c3d63a8ad444ea67ab6b77
ro548,양산,내원사계곡,내원사계곡,herit,35.43527,129.1,60,,경남 양산시 하북면 용연리 · 한국관광공사 연관 관광지 · 카카오 좌표,0,0,0,0,0,1,,,,,,96db458ed63b3e34a1c3d63a8ad444ea67ab6b77
ro549,청주,대청댐전망대,대청댐전망대,activity,36.47898,127.48506,90,,충북 청주시 상당구 문의면 대청호반로 206 · 한국관광공사 연관 관광지 · 카카오 좌표,0,0,0,0,0,1,,,,,,96db458ed63b3e34a1c3d63a8ad444ea67ab6b77
ro550,청주,명암저수지,명암저수지,sea,36.64172,127.51123,40,,충북 청주시 상당구 용담동 324-1 · 한국관광공사 연관 관광지 · 카카오 좌표,0,0,0,0,0,1,,,,,,96db458ed63b3e34a1c3d63a8ad444ea67ab6b77
ro551,전주,한국도로공사 전주수목원,한국도로공사 전주수목원,activity,35.87048,127.05414,90,,전북특별자치도 전주시 덕진구 번영로 462-45 · 한국관광공사 연관 관광지 · 카카오 좌표,0,0,0,0,0,1,,,,,,96db458ed63b3e34a1c3d63a8ad444ea67ab6b77
ro552,전주,전주월드컵경기장,전주월드컵경기장,activity,35.86815,127.0645,90,,전북특별자치도 전주시 덕진구 기린대로 1055 · 한국관광공사 연관 관광지 · 카카오 좌표,0,0,0,0,0,1,,,,,,96db458ed63b3e34a1c3d63a8ad444ea67ab6b77
ro553,인천,송도컨벤시아,송도컨벤시아,herit,37.38871,126.64684,60,,인천 연수구 센트럴로 123 · 한국관광공사 연관 관광지 · 카카오 좌표,0,0,0,0,0,1,,,,,,96db458ed63b3e34a1c3d63a8ad444ea67ab6b77
ro554,인천,구월동로데오거리,구월동로데오거리,activity,37.44508,126.70206,90,,인천 남동구 구월동 1409-25 · 한국관광공사 연관 관광지 · 카카오 좌표,0,0,0,0,0,1,,,,,,96db458ed63b3e34a1c3d63a8ad444ea67ab6b77
ro555,순천,아랫장,아랫장,food,34.94567,127.49465,50,,전남광주통합특별시 순천시 장평로 60 · 한국관광공사 연관 관광지 · 카카오 좌표,0,0,0,0,0,1,,,,,,96db458ed63b3e34a1c3d63a8ad444ea67ab6b77
ro556,인천,모래내시장,모래내시장,food,37.45369,126.721,50,,인천 남동구 구월동 1323-5 · 한국관광공사 연관 관광지 · 카카오 좌표,0,0,0,0,0,1,,,,,,96db458ed63b3e34a1c3d63a8ad444ea67ab6b77
ro558,안동,안동호 선성수상길,안동호 선성수상길,activity,36.69797,128.81497,90,,경북 안동시 도산면 서부리 172 · 한국관광공사 연관 관광지 · 카카오 좌표,0,0,0,0,0,1,,,,,,96db458ed63b3e34a1c3d63a8ad444ea67ab6b77
ro559,인제,백담계곡,백담계곡,sea,38.17929,128.37054,40,,강원특별자치도 인제군 북면 용대리 산 12-21 · 한국관광공사 연관 관광지 · 카카오 좌표,0,0,0,0,0,1,,,,,,96db458ed63b3e34a1c3d63a8ad444ea67ab6b77
ro560,안동,체화정,체화정,herit,36.579,128.57823,60,,경북 안동시 풍산읍 풍산태사로 1123-10 · 한국관광공사 연관 관광지 · 카카오 좌표,0,0,0,0,0,1,,,,,,96db458ed63b3e34a1c3d63a8ad444ea67ab6b77
ro561,춘천,국립춘천박물관,국립춘천박물관,herit,37.86406,127.75378,60,,강원특별자치도 춘천시 우석로 70 · 한국관광공사 연관 관광지 · 카카오 좌표,0,0,0,0,0,1,,,,,,96db458ed63b3e34a1c3d63a8ad444ea67ab6b77
ro562,화순,남산공원,남산공원,heal,35.05886,126.98467,60,,전남광주통합특별시 화순군 화순읍 삼천리 · 한국관광공사 연관 관광지 · 카카오 좌표,0,0,0,0,0,1,,,,,,96db458ed63b3e34a1c3d63a8ad444ea67ab6b77
ro563,창녕,창녕박물관,창녕박물관,herit,35.54581,128.50503,60,,경남 창녕군 창녕읍 창밀로 34 · 한국관광공사 연관 관광지 · 카카오 좌표,0,0,0,0,0,1,,,,,,96db458ed63b3e34a1c3d63a8ad444ea67ab6b77
ro564,거창,백두산천지온천,백두산천지온천,heal,35.69848,128.02304,60,,경남 거창군 가조면 온천길 161 · 한국관광공사 연관 관광지 · 카카오 좌표,0,0,0,0,0,1,,,,,,96db458ed63b3e34a1c3d63a8ad444ea67ab6b77
ro565,화순,동구리호수공원,동구리호수공원,heal,35.07843,126.98586,60,,전남광주통합특별시 화순군 화순읍 동구리 · 한국관광공사 연관 관광지 · 카카오 좌표,0,0,0,0,0,1,,,,,,96db458ed63b3e34a1c3d63a8ad444ea67ab6b77
ro566,밀양,용두산달팽이전망대,용두산달팽이전망대,activity,35.47893,128.77347,90,,경남 밀양시 가곡동 산 58 · 한국관광공사 연관 관광지 · 카카오 좌표,0,0,0,0,0,1,,,,,,96db458ed63b3e34a1c3d63a8ad444ea67ab6b77
ro567,천안,천안상록리조트 아쿠아피아,천안상록리조트 아쿠아피아,activity,36.74056,127.28888,90,,충남 천안시 동남구 수신면 수신로 576 · 한국관광공사 연관 관광지 · 카카오 좌표,0,0,0,0,0,1,,,,,,96db458ed63b3e34a1c3d63a8ad444ea67ab6b77
ro568,창원,삼밀사,삼밀사,herit,35.17519,128.66077,60,,경남 창원시 진해구 장복산길 56-42 · 한국관광공사 연관 관광지 · 카카오 좌표,0,0,0,0,0,1,,,,,,96db458ed63b3e34a1c3d63a8ad444ea67ab6b77
ro569,담양,담양온천,담양온천,heal,35.3659,127.02543,60,,전남광주통합특별시 담양군 금성면 금성산성길 202 · 한국관광공사 연관 관광지 · 카카오 좌표,0,0,0,0,0,1,,,,,,96db458ed63b3e34a1c3d63a8ad444ea67ab6b77
ro571,포천,국립운악산자연휴양림,국립운악산자연휴양림,heal,37.8816,127.30644,60,,경기 포천시 화현면 화현리 산 190 · 한국관광공사 연관 관광지 · 카카오 좌표,0,0,0,0,0,1,,,,,,96db458ed63b3e34a1c3d63a8ad444ea67ab6b77
ro572,경기광주,중대물빛공원,중대물빛공원,heal,37.40045,127.22037,60,,경기 광주시 중대동 92 · 한국관광공사 연관 관광지 · 카카오 좌표,0,0,0,0,0,1,,,,,,96db458ed63b3e34a1c3d63a8ad444ea67ab6b77
ro573,완도,완도청해진유적,완도청해진유적,herit,34.36013,126.7369,60,,전남광주통합특별시 완도군 완도읍 장좌리 734 · 한국관광공사 연관 관광지 · 카카오 좌표,0,0,0,0,0,1,,,,,,96db458ed63b3e34a1c3d63a8ad444ea67ab6b77
ro574,양평,더마구,더마구,activity,37.59577,127.35773,90,,경기 양평군 서종면 사랑제길 11-107 · 한국관광공사 연관 관광지 · 카카오 좌표,0,0,0,0,0,1,,,,,,96db458ed63b3e34a1c3d63a8ad444ea67ab6b77
ro575,여주,한강문화관,한강문화관,activity,37.27779,127.68003,90,,경기 여주시 신단1길 83 · 한국관광공사 연관 관광지 · 카카오 좌표,0,0,0,0,0,1,,,,,,96db458ed63b3e34a1c3d63a8ad444ea67ab6b77
ro576,이천,테르메덴,테르메덴,heal,37.19507,127.44597,60,,경기 이천시 모가면 사실로 984 · 한국관광공사 연관 관광지 · 카카오 좌표,0,0,0,0,0,1,,,,,,96db458ed63b3e34a1c3d63a8ad444ea67ab6b77
ro577,이천,이천설봉온천랜드,이천설봉온천랜드,heal,37.27685,127.45148,60,,경기 이천시 애련정로 67-16 · 한국관광공사 연관 관광지 · 카카오 좌표,0,0,0,0,0,1,,,,,,96db458ed63b3e34a1c3d63a8ad444ea67ab6b77
ro578,예산,예당호 전망대,예당호 전망대,activity,36.63885,126.79758,90,,충남 예산군 응봉면 예당관광로 159-22 · 한국관광공사 연관 관광지 · 카카오 좌표,0,0,0,0,0,1,,,,,,96db458ed63b3e34a1c3d63a8ad444ea67ab6b77
ro579,함안,악양둑방,악양둑방,activity,35.33055,128.38807,90,,경남 함안군 법수면 악양길 49-10 · 한국관광공사 연관 관광지 · 카카오 좌표,0,0,0,0,0,1,,,,,,96db458ed63b3e34a1c3d63a8ad444ea67ab6b77
ro580,인제,방동약수,방동약수,sea,37.94379,128.39629,40,,강원특별자치도 인제군 기린면 방동약수로 89-59 · 한국관광공사 연관 관광지 · 카카오 좌표,0,0,0,0,0,1,,,,,,96db458ed63b3e34a1c3d63a8ad444ea67ab6b77
ro581,단양,단양강잔도,단양강잔도,activity,36.97797,128.33965,90,,충북 단양군 적성면 애곡리 · 한국관광공사 연관 관광지 · 카카오 좌표,0,0,0,0,0,1,,,,,,96db458ed63b3e34a1c3d63a8ad444ea67ab6b77
ro582,서울,코엑스마곡 컨벤션센터,코엑스마곡 컨벤션센터,herit,37.56628,126.82625,60,,서울 강서구 마곡중앙로 143 · 한국관광공사 연관 관광지 · 카카오 좌표,0,0,0,0,0,1,,,,,,96db458ed63b3e34a1c3d63a8ad444ea67ab6b77
ro583,서울,퐁피두센터 한화,퐁피두센터 한화,herit,37.51966,126.9399,60,,서울 영등포구 63로 50 · 한국관광공사 연관 관광지 · 카카오 좌표,0,0,0,0,0,1,,,,,,96db458ed63b3e34a1c3d63a8ad444ea67ab6b77
ro584,예산,윤봉길의사기념관,윤봉길의사기념관,herit,36.68656,126.6514,60,,충남 예산군 덕산면 덕산온천로 183-5 · 한국관광공사 연관 관광지 · 카카오 좌표,0,0,0,0,0,1,,,,,,96db458ed63b3e34a1c3d63a8ad444ea67ab6b77
ro585,서울,서울상상나라,서울상상나라,herit,37.55087,127.07759,60,,서울 광진구 능동로 216 · 한국관광공사 연관 관광지 · 카카오 좌표,0,0,0,0,0,1,,,,,,96db458ed63b3e34a1c3d63a8ad444ea67ab6b77
ro586,서울,더숲아카데미하우스,더숲아카데미하우스,activity,37.64051,127.00143,90,,서울 강북구 4.19로 135 · 한국관광공사 연관 관광지 · 카카오 좌표,0,0,0,0,0,1,,,,,,96db458ed63b3e34a1c3d63a8ad444ea67ab6b77
ro587,서울,김창열화가의집,김창열화가의집,herit,37.61617,126.97865,60,,서울 종로구 평창7길 74 · 한국관광공사 연관 관광지 · 카카오 좌표,0,0,0,0,0,1,,,,,,96db458ed63b3e34a1c3d63a8ad444ea67ab6b77
ro588,서울,블루스퀘어,블루스퀘어,activity,37.54086,127.00255,90,,서울 용산구 이태원로 294 · 한국관광공사 연관 관광지 · 카카오 좌표,0,0,0,0,0,1,,,,,,96db458ed63b3e34a1c3d63a8ad444ea67ab6b77
ro589,서울,마장축산물시장,마장축산물시장,food,37.57068,127.04127,50,,서울 성동구 마장로35길 68 · 한국관광공사 연관 관광지 · 카카오 좌표,0,0,0,0,0,1,,,,,,96db458ed63b3e34a1c3d63a8ad444ea67ab6b77
ro590,서울,도산근린공원,도산근린공원,heal,37.52456,127.03529,60,,서울 강남구 신사동 649-9 · 한국관광공사 연관 관광지 · 카카오 좌표,0,0,0,0,0,1,,,,,,96db458ed63b3e34a1c3d63a8ad444ea67ab6b77
ro591,부산,서원시장,서원시장,food,35.20039,129.09902,50,,부산 동래구 충렬대로359번길 55 · 한국관광공사 연관 관광지 · 카카오 좌표,0,0,0,0,0,1,,,,,,96db458ed63b3e34a1c3d63a8ad444ea67ab6b77
ro592,부산,민락회타운시장,민락회타운시장,food,35.1556,129.12374,50,,부산 수영구 민락수변로 1 · 한국관광공사 연관 관광지 · 카카오 좌표,0,0,0,0,0,1,,,,,,96db458ed63b3e34a1c3d63a8ad444ea67ab6b77
ro593,원주,오크밸리CC,오크밸리CC,activity,37.43809,127.81376,90,,강원특별자치도 원주시 지정면 월송석화로 950 · 한국관광공사 연관 관광지 · 카카오 좌표,0,0,0,0,0,1,,,,,,96db458ed63b3e34a1c3d63a8ad444ea67ab6b77
ro594,원주,오크밸리리조트 빌리지센터,오크밸리리조트 빌리지센터,activity,37.4341,127.81911,90,,강원특별자치도 원주시 지정면 오크밸리1길 70 · 한국관광공사 연관 관광지 · 카카오 좌표,0,0,0,0,0,1,,,,,,96db458ed63b3e34a1c3d63a8ad444ea67ab6b77
ro595,합천,금관식당,금관식당,food,35.75919,128.13908,50,,경남 합천군 가야면 가야산로 1065 · 한국관광공사 연관 관광지 · 카카오 좌표,0,0,0,0,0,1,,,,,,96db458ed63b3e34a1c3d63a8ad444ea67ab6b77
ro596,고성,군령포 하모자연산횟집,군령포 하모자연산횟집,food,34.91722,128.29729,50,,경남 고성군 삼산면 두포5길 426 · 한국관광공사 연관 관광지 · 카카오 좌표,0,0,0,0,0,1,,,,,,96db458ed63b3e34a1c3d63a8ad444ea67ab6b77
ro597,문경,뉴욕제과,뉴욕제과,food,36.65398,128.25755,50,,경북 문경시 산북면 금천로 557 · 한국관광공사 연관 관광지 · 카카오 좌표,0,0,0,0,0,1,,,,,,96db458ed63b3e34a1c3d63a8ad444ea67ab6b77
ro598,함안,대구식당,대구식당,food,35.24131,128.42626,50,,경남 함안군 함안면 진함로 1553 · 한국관광공사 연관 관광지 · 카카오 좌표,0,0,0,0,0,1,,,,,,96db458ed63b3e34a1c3d63a8ad444ea67ab6b77
ro599,밀양,달리아커피 단장면,달리아커피 단장면,food,35.51528,128.86814,50,,경남 밀양시 단장면 표충로 290 · 한국관광공사 연관 관광지 · 카카오 좌표,0,0,0,0,0,1,,,,,,96db458ed63b3e34a1c3d63a8ad444ea67ab6b77
ro600,용인,어로프슬라이스피스,어로프슬라이스피스,food,37.26276,127.19101,50,,경기 용인시 처인구 백령로 47 · 한국관광공사 연관 관광지 · 카카오 좌표,0,0,0,0,0,1,,,,,,96db458ed63b3e34a1c3d63a8ad444ea67ab6b77
ro601,창원,시티베이,시티베이,food,35.21133,128.59868,50,,경남 창원시 마산회원구 무역로 111 · 한국관광공사 연관 관광지 · 카카오 좌표,0,0,0,0,0,1,,,,,,96db458ed63b3e34a1c3d63a8ad444ea67ab6b77
ro602,서산,진국집,진국집,food,36.78261,126.45197,50,,충남 서산시 관아문길 19-10 · 한국관광공사 연관 관광지 · 카카오 좌표,0,0,0,0,0,1,,,,,,96db458ed63b3e34a1c3d63a8ad444ea67ab6b77
ro603,서산,냉면만허유,냉면만허유,food,36.71361,126.39193,50,,충남 서산시 부석면 취평2길 15-10 · 한국관광공사 연관 관광지 · 카카오 좌표,0,0,0,0,0,1,,,,,,96db458ed63b3e34a1c3d63a8ad444ea67ab6b77
ro604,양산,순지카페,순지카페,food,35.4954,129.09155,50,,경남 양산시 하북면 양산대로 2648 · 한국관광공사 연관 관광지 · 카카오 좌표,0,0,0,0,0,1,,,,,,96db458ed63b3e34a1c3d63a8ad444ea67ab6b77
ro605,고양,배다골베이커리 포레,배다골베이커리 포레,food,37.66568,126.84844,50,,경기 고양시 덕양구 충장로 614-11 · 한국관광공사 연관 관광지 · 카카오 좌표,0,0,0,0,0,1,,,,,,96db458ed63b3e34a1c3d63a8ad444ea67ab6b77
ro606,고양,고자리냉면 본점,고자리냉면 본점,food,37.66455,126.84317,50,,경기 고양시 덕양구 호국로 915-45 · 한국관광공사 연관 관광지 · 카카오 좌표,0,0,0,0,0,1,,,,,,96db458ed63b3e34a1c3d63a8ad444ea67ab6b77
ro607,서울,어나더사이드,어나더사이드,food,37.55403,126.83715,50,,서울 강서구 강서로 318 · 한국관광공사 연관 관광지 · 카카오 좌표,0,0,0,0,0,1,,,,,,96db458ed63b3e34a1c3d63a8ad444ea67ab6b77
ro608,서울,함경도찹쌀순대,함경도찹쌀순대,food,37.49483,127.12134,50,,서울 송파구 송파대로28길 32 · 한국관광공사 연관 관광지 · 카카오 좌표,0,0,0,0,0,1,,,,,,96db458ed63b3e34a1c3d63a8ad444ea67ab6b77
ro609,서울,스타벅스 연희DT점,스타벅스 연희DT점,food,37.57017,126.93385,50,,서울 서대문구 연희로 144 · 한국관광공사 연관 관광지 · 카카오 좌표,0,0,0,0,0,1,,,,,,96db458ed63b3e34a1c3d63a8ad444ea67ab6b77
ro610,부산,해운대기와집대구탕,해운대기와집대구탕,food,35.16113,129.16998,50,,부산 해운대구 달맞이길50번길 4 · 한국관광공사 연관 관광지 · 카카오 좌표,0,0,0,0,0,1,,,,,,96db458ed63b3e34a1c3d63a8ad444ea67ab6b77
ro611,거창,허브팜민들레울,허브팜민들레울,food,35.77417,127.80565,50,,경남 거창군 북상면 덕유월성로 2188 · 한국관광공사 연관 관광지 · 카카오 좌표,0,0,0,0,0,1,,,,,,96db458ed63b3e34a1c3d63a8ad444ea67ab6b77
ro612,대전,대전컨벤션센터,대전컨벤션센터,herit,36.37523,127.39167,60,,대전 유성구 엑스포로 107 · 한국관광공사 연관 관광지 · 카카오 좌표,0,0,0,0,0,1,,,,,,96db458ed63b3e34a1c3d63a8ad444ea67ab6b77
ro613,대전,중리전통시장,중리전통시장,food,36.36559,127.42639,50,,대전 대덕구 중리북로31번길 26 · 한국관광공사 연관 관광지 · 카카오 좌표,0,0,0,0,0,1,,,,,,96db458ed63b3e34a1c3d63a8ad444ea67ab6b77
ro614,수원,수원컨벤션센터,수원컨벤션센터,herit,37.28582,127.05951,60,,경기 수원시 영통구 광교중앙로 140 · 한국관광공사 연관 관광지 · 카카오 좌표,0,0,0,0,0,1,,,,,,96db458ed63b3e34a1c3d63a8ad444ea67ab6b77
ro615,양산,양산타워,양산타워,activity,35.32641,129.02441,90,,경남 양산시 동면 강변로 264 · 한국관광공사 연관 관광지 · 카카오 좌표,0,0,0,0,0,1,,,,,,96db458ed63b3e34a1c3d63a8ad444ea67ab6b77
ro616,수원,구매탄시장,구매탄시장,food,37.27259,127.04171,50,,경기 수원시 영통구 매탄동 172-128 · 한국관광공사 연관 관광지 · 카카오 좌표,0,0,0,0,0,1,,,,,,96db458ed63b3e34a1c3d63a8ad444ea67ab6b77
ro617,수원,북수원온천,북수원온천,heal,37.29945,126.97163,60,,경기 수원시 장안구 서부로 2139 · 한국관광공사 연관 관광지 · 카카오 좌표,0,0,0,0,0,1,,,,,,96db458ed63b3e34a1c3d63a8ad444ea67ab6b77
ro618,수원,화서시장,화서시장,food,37.27857,127.00207,50,,경기 수원시 팔달구 동말로 72 · 한국관광공사 연관 관광지 · 카카오 좌표,0,0,0,0,0,1,,,,,,96db458ed63b3e34a1c3d63a8ad444ea67ab6b77
ro619,수원,방화수류정,방화수류정,herit,37.28757,127.01813,60,,경기 수원시 팔달구 화성성곽길 233 · 한국관광공사 연관 관광지 · 카카오 좌표,0,0,0,0,0,1,,,,,,96db458ed63b3e34a1c3d63a8ad444ea67ab6b77
ro620,대구,수성유원지,수성유원지,activity,35.82894,128.61678,90,,대구 수성구 무학로 78 · 한국관광공사 연관 관광지 · 카카오 좌표,0,0,0,0,0,1,,,,,,96db458ed63b3e34a1c3d63a8ad444ea67ab6b77
ro622,완주,전북특별자치도립미술관,전북특별자치도립미술관,herit,35.72764,127.10709,60,,전북특별자치도 완주군 구이면 모악산길 111-6 · 한국관광공사 연관 관광지 · 카카오 좌표,0,0,0,0,0,1,,,,,,96db458ed63b3e34a1c3d63a8ad444ea67ab6b77
ro623,대구,수성시장,수성시장,food,35.85559,128.61682,50,,대구 수성구 들안로 285-50 · 한국관광공사 연관 관광지 · 카카오 좌표,0,0,0,0,0,1,,,,,,96db458ed63b3e34a1c3d63a8ad444ea67ab6b77
ro624,인천,토지금고시장,토지금고시장,food,37.45101,126.63846,50,,인천 미추홀구 낙섬중로32번길 21 · 한국관광공사 연관 관광지 · 카카오 좌표,0,0,0,0,0,1,,,,,,96db458ed63b3e34a1c3d63a8ad444ea67ab6b77
ro625,인천,신기시장,신기시장,food,37.44683,126.67752,50,,인천 미추홀구 주안동 1340-60 · 한국관광공사 연관 관광지 · 카카오 좌표,0,0,0,0,0,1,,,,,,96db458ed63b3e34a1c3d63a8ad444ea67ab6b77
ro626,봉화,청량사 유리보전,청량사 유리보전,herit,36.7894,128.91856,60,,경북 봉화군 명호면 청량산길 199-152 · 한국관광공사 연관 관광지 · 카카오 좌표,0,0,0,0,0,1,,,,,,96db458ed63b3e34a1c3d63a8ad444ea67ab6b77
ro627,인천,인스파이어 아레나,인스파이어 아레나,activity,37.46668,126.39059,90,,인천 영종구 공항문화로 127 · 한국관광공사 연관 관광지 · 카카오 좌표,0,0,0,0,0,1,,,,,,96db458ed63b3e34a1c3d63a8ad444ea67ab6b77
ro628,담양,딜라이트 담양,딜라이트 담양,herit,35.33691,126.95521,60,,전남광주통합특별시 담양군 월산면 화방송정길 21-14 · 한국관광공사 연관 관광지 · 카카오 좌표,0,0,0,0,0,1,,,,,,96db458ed63b3e34a1c3d63a8ad444ea67ab6b77
ro629,인천,인천도시역사관,인천도시역사관,herit,37.39281,126.63595,60,,인천 연수구 인천타워대로 238 · 한국관광공사 연관 관광지 · 카카오 좌표,0,0,0,0,0,1,,,,,,96db458ed63b3e34a1c3d63a8ad444ea67ab6b77
ro630,영주,선비세상,선비세상,activity,36.93174,128.58647,90,,경북 영주시 순흥면 선비세상로 1 · 한국관광공사 연관 관광지 · 카카오 좌표,0,0,0,0,0,1,,,,,,96db458ed63b3e34a1c3d63a8ad444ea67ab6b77
ro631,문경,문경에코월드,문경에코월드,activity,36.65419,128.05983,90,,경북 문경시 가은읍 왕능길 114 · 한국관광공사 연관 관광지 · 카카오 좌표,0,0,0,0,0,1,,,,,,96db458ed63b3e34a1c3d63a8ad444ea67ab6b77
ro632,함양,농월정,농월정,activity,35.62389,127.77843,90,,경남 함양군 안의면 농월정길 9-13 · 한국관광공사 연관 관광지 · 카카오 좌표,0,0,0,0,0,1,,,,,,96db458ed63b3e34a1c3d63a8ad444ea67ab6b77
ro633,전주,전주난장,전주난장,herit,35.81853,127.15256,60,,전북특별자치도 전주시 완산구 동문길 33-20 · 한국관광공사 연관 관광지 · 카카오 좌표,0,0,0,0,0,1,,,,,,96db458ed63b3e34a1c3d63a8ad444ea67ab6b77
ro634,울산,울산암각화박물관,울산암각화박물관,herit,35.60806,129.17055,60,,울산 울주군 두동면 반구대안길 254 · 한국관광공사 연관 관광지 · 카카오 좌표,0,0,0,0,0,1,,,,,,96db458ed63b3e34a1c3d63a8ad444ea67ab6b77
ro635,무주,백련사,백련사,herit,35.86032,127.76651,60,,전북특별자치도 무주군 설천면 백련사길 580 · 한국관광공사 연관 관광지 · 카카오 좌표,0,0,0,0,0,1,,,,,,96db458ed63b3e34a1c3d63a8ad444ea67ab6b77
ro636,남원,춘향골 공설시장,춘향골 공설시장,food,35.405,127.3757,50,,전북특별자치도 남원시 의총로 51 · 한국관광공사 연관 관광지 · 카카오 좌표,0,0,0,0,0,1,,,,,,96db458ed63b3e34a1c3d63a8ad444ea67ab6b77
ro637,창원,안민고개 만남전망대,안민고개 만남전망대,activity,35.16843,128.7006,90,,경남 창원시 진해구 석동 산 12-1 · 한국관광공사 연관 관광지 · 카카오 좌표,0,0,0,0,0,1,,,,,,96db458ed63b3e34a1c3d63a8ad444ea67ab6b77
ro638,용인,법륜사,법륜사,herit,37.16959,127.29865,60,,경기 용인시 처인구 원삼면 농촌파크로 126 · 한국관광공사 연관 관광지 · 카카오 좌표,0,0,0,0,0,1,,,,,,96db458ed63b3e34a1c3d63a8ad444ea67ab6b77
ro639,창원,안민고개 벚꽃길,안민고개 벚꽃길,activity,35.18784,128.68709,90,,경남 창원시 성산구 안민동 산 1-12 · 한국관광공사 연관 관광지 · 카카오 좌표,0,0,0,0,0,1,,,,,,96db458ed63b3e34a1c3d63a8ad444ea67ab6b77
ro640,창원,불모산노을전망대,불모산노을전망대,activity,35.16615,128.74101,90,,경남 창원시 진해구 소사동 산 24 · 한국관광공사 연관 관광지 · 카카오 좌표,0,0,0,0,0,1,,,,,,96db458ed63b3e34a1c3d63a8ad444ea67ab6b77
ro641,창원,창원축구센터,창원축구센터,activity,35.22337,128.7057,90,,경남 창원시 성산구 비음로 97 · 한국관광공사 연관 관광지 · 카카오 좌표,0,0,0,0,0,1,,,,,,96db458ed63b3e34a1c3d63a8ad444ea67ab6b77
ro642,함안,입곡군립공원,입곡군립공원,heal,35.26578,128.45035,60,,경남 함안군 산인면 입곡리 · 한국관광공사 연관 관광지 · 카카오 좌표,0,0,0,0,0,1,,,,,,96db458ed63b3e34a1c3d63a8ad444ea67ab6b77
ro643,밀양,금시당유원지,금시당유원지,activity,35.49179,128.78092,90,,경남 밀양시 활성동 · 한국관광공사 연관 관광지 · 카카오 좌표,0,0,0,0,0,1,,,,,,96db458ed63b3e34a1c3d63a8ad444ea67ab6b77
ro644,김해,김해시립김영원미술관,김해시립김영원미술관,herit,35.2577,128.87431,60,,경남 김해시 가야로 243 · 한국관광공사 연관 관광지 · 카카오 좌표,0,0,0,0,0,1,,,,,,96db458ed63b3e34a1c3d63a8ad444ea67ab6b77
ro645,정읍,정읍시립박물관,정읍시립박물관,herit,35.52779,126.89439,60,,전북특별자치도 정읍시 내장산로 370-12 · 한국관광공사 연관 관광지 · 카카오 좌표,0,0,0,0,0,1,,,,,,96db458ed63b3e34a1c3d63a8ad444ea67ab6b77
ro646,양산,임경대,임경대,herit,35.32247,128.97582,60,,경남 양산시 원동면 화제리 산 72-4 · 한국관광공사 연관 관광지 · 카카오 좌표,0,0,0,0,0,1,,,,,,96db458ed63b3e34a1c3d63a8ad444ea67ab6b77
ro647,단양,보발재전망대,보발재전망대,activity,37.03467,128.47209,90,,충북 단양군 영춘면 백자리 산 26-7 · 한국관광공사 연관 관광지 · 카카오 좌표,0,0,0,0,0,1,,,,,,96db458ed63b3e34a1c3d63a8ad444ea67ab6b77
ro648,양평,양수리전통시장,양수리전통시장,food,37.54457,127.31995,50,,경기 양평군 양서면 양수리 1060 · 한국관광공사 연관 관광지 · 카카오 좌표,0,0,0,0,0,1,,,,,,96db458ed63b3e34a1c3d63a8ad444ea67ab6b77
ro649,완도,완도항 제3부두,완도항 제3부두,sea,34.31649,126.76242,40,,전남광주통합특별시 완도군 완도읍 군내리 1255-8 · 한국관광공사 연관 관광지 · 카카오 좌표,0,0,0,0,0,1,,,,,,96db458ed63b3e34a1c3d63a8ad444ea67ab6b77
ro650,가평,가평군어린이음악놀이터,가평군어린이음악놀이터,activity,37.82641,127.51327,90,,경기 가평군 가평읍 중앙로 10 · 한국관광공사 연관 관광지 · 카카오 좌표,0,0,0,0,0,1,,,,,,96db458ed63b3e34a1c3d63a8ad444ea67ab6b77
ro651,남양주,다산생태공원,다산생태공원,heal,37.51376,127.29765,60,,경기 남양주시 조안면 다산로 767 · 한국관광공사 연관 관광지 · 카카오 좌표,0,0,0,0,0,1,,,,,,96db458ed63b3e34a1c3d63a8ad444ea67ab6b77
ro652,함양,지리산함양시장,지리산함양시장,food,35.51832,127.72901,50,,경남 함양군 함양읍 용평중앙길 20 · 한국관광공사 연관 관광지 · 카카오 좌표,0,0,0,0,0,1,,,,,,96db458ed63b3e34a1c3d63a8ad444ea67ab6b77
ro653,여주,여주박물관,여주박물관,herit,37.29967,127.65339,60,,경기 여주시 신륵사길 6-12 · 한국관광공사 연관 관광지 · 카카오 좌표,0,0,0,0,0,1,,,,,,96db458ed63b3e34a1c3d63a8ad444ea67ab6b77
ro654,거창,거창전통시장,거창전통시장,food,35.6871,127.914,50,,경남 거창군 거창읍 중앙로 140 · 한국관광공사 연관 관광지 · 카카오 좌표,0,0,0,0,0,1,,,,,,96db458ed63b3e34a1c3d63a8ad444ea67ab6b77
ro655,상주,장각폭포,장각폭포,sea,36.54158,127.9167,40,,경북 상주시 화북면 상오리 · 한국관광공사 연관 관광지 · 카카오 좌표,0,0,0,0,0,1,,,,,,96db458ed63b3e34a1c3d63a8ad444ea67ab6b77
ro656,장성,남창계곡,남창계곡,sea,35.46015,126.83998,40,,전남광주통합특별시 장성군 북하면 신성리 742 · 한국관광공사 연관 관광지 · 카카오 좌표,0,0,0,0,0,1,,,,,,96db458ed63b3e34a1c3d63a8ad444ea67ab6b77
ro657,익산,미륵사지석탑,미륵사지석탑,herit,36.01247,127.03062,60,,전북특별자치도 익산시 금마면 기양리 97 · 한국관광공사 연관 관광지 · 카카오 좌표,0,0,0,0,0,1,,,,,,96db458ed63b3e34a1c3d63a8ad444ea67ab6b77
ro658,포천,천보산자연휴양림,천보산자연휴양림,heal,37.85573,127.11929,60,,경기 포천시 원동교길 309 · 한국관광공사 연관 관광지 · 카카오 좌표,0,0,0,0,0,1,,,,,,96db458ed63b3e34a1c3d63a8ad444ea67ab6b77
ro659,고양,행주산성,행주산성,herit,37.5961,126.82871,60,,경기 고양시 덕양구 행주로15번길 89 · 한국관광공사 연관 관광지 · 카카오 좌표,0,0,0,0,0,1,,,,,,96db458ed63b3e34a1c3d63a8ad444ea67ab6b77
ro660,인제,십이선녀탕계곡,십이선녀탕계곡,sea,38.16874,128.31593,40,,강원특별자치도 인제군 북면 용대리 · 한국관광공사 연관 관광지 · 카카오 좌표,0,0,0,0,0,1,,,,,,96db458ed63b3e34a1c3d63a8ad444ea67ab6b77
ro661,서울,진관사,진관사,herit,37.63804,126.94689,60,,서울 은평구 진관길 73 · 한국관광공사 연관 관광지 · 카카오 좌표,0,0,0,0,0,1,,,,,,96db458ed63b3e34a1c3d63a8ad444ea67ab6b77
ro662,서울,신창시장,신창시장,food,37.63943,127.03746,50,,서울 도봉구 덕릉로57길 17 · 한국관광공사 연관 관광지 · 카카오 좌표,0,0,0,0,0,1,,,,,,96db458ed63b3e34a1c3d63a8ad444ea67ab6b77
ro663,서울,우림시장,우림시장,food,37.59701,127.09825,50,,서울 중랑구 망우로62길 48 · 한국관광공사 연관 관광지 · 카카오 좌표,0,0,0,0,0,1,,,,,,96db458ed63b3e34a1c3d63a8ad444ea67ab6b77
ro665,서울,초안산 수국동산,초안산 수국동산,heal,37.62958,127.04718,60,,서울 노원구 월계로45가길 57 · 한국관광공사 연관 관광지 · 카카오 좌표,0,0,0,0,0,1,,,,,,96db458ed63b3e34a1c3d63a8ad444ea67ab6b77
ro666,서울,서울스카이,서울스카이,activity,37.51251,127.10244,90,,서울 송파구 올림픽로 300 · 한국관광공사 연관 관광지 · 카카오 좌표,0,0,0,0,0,1,,,,,,96db458ed63b3e34a1c3d63a8ad444ea67ab6b77
ro667,부산,홍법사,홍법사,herit,35.30383,129.11041,60,,부산 금정구 두구로33번길 202 · 한국관광공사 연관 관광지 · 카카오 좌표,0,0,0,0,0,1,,,,,,96db458ed63b3e34a1c3d63a8ad444ea67ab6b77
ro668,당진,한진포구 전망대,한진포구 전망대,activity,36.97254,126.78426,90,,충남 당진시 송악읍 한진리 · 한국관광공사 연관 관광지 · 카카오 좌표,0,0,0,0,0,1,,,,,,96db458ed63b3e34a1c3d63a8ad444ea67ab6b77
ro669,고양,원당시장,원당시장,food,37.65647,126.83713,50,,경기 고양시 덕양구 성사동 709 · 한국관광공사 연관 관광지 · 카카오 좌표,0,0,0,0,0,1,,,,,,96db458ed63b3e34a1c3d63a8ad444ea67ab6b77
ro670,서산,보원사지 오층석탑,보원사지 오층석탑,herit,36.76153,126.60141,60,,충남 서산시 운산면 용현리 119-1 · 한국관광공사 연관 관광지 · 카카오 좌표,0,0,0,0,0,1,,,,,,96db458ed63b3e34a1c3d63a8ad444ea67ab6b77
ro671,서울,은평한옥마을,은평한옥마을,herit,37.64131,126.9393,60,,서울 은평구 연서로50길 7-10 · 한국관광공사 연관 관광지 · 카카오 좌표,0,0,0,0,0,1,,,,,,96db458ed63b3e34a1c3d63a8ad444ea67ab6b77
ro672,용인,호수앉기,호수앉기,food,37.24155,127.10045,50,,경기 용인시 기흥구 한일로15번길 33 · 한국관광공사 연관 관광지 · 카카오 좌표,0,0,0,0,0,1,,,,,,96db458ed63b3e34a1c3d63a8ad444ea67ab6b77
ro673,수원,진미통닭,진미통닭,food,37.27966,127.01811,50,,경기 수원시 팔달구 정조로800번길 21 · 한국관광공사 연관 관광지 · 카카오 좌표,0,0,0,0,0,1,,,,,,96db458ed63b3e34a1c3d63a8ad444ea67ab6b77
ro674,충주,원조중앙탑막국수 충주단월점,원조중앙탑막국수 충주단월점,food,36.9425,127.91914,50,,충북 충주시 중원대로 3018 · 한국관광공사 연관 관광지 · 카카오 좌표,0,0,0,0,0,1,,,,,,96db458ed63b3e34a1c3d63a8ad444ea67ab6b77
ro675,보은,일상화글램핑,일상화글램핑,food,36.58504,127.69747,50,,충북 보은군 산외면 성암가고로 235-6 · 한국관광공사 연관 관광지 · 카카오 좌표,0,0,0,0,0,1,,,,,,96db458ed63b3e34a1c3d63a8ad444ea67ab6b77
ro676,대구,아페산,아페산,food,35.82356,128.5533,50,,대구 달서구 앞산순환로 221 · 한국관광공사 연관 관광지 · 카카오 좌표,0,0,0,0,0,1,,,,,,96db458ed63b3e34a1c3d63a8ad444ea67ab6b77
ro677,봉화,비진숲커피,비진숲커피,food,36.86432,128.75609,50,,경북 봉화군 상운면 예봉로 1573-33 · 한국관광공사 연관 관광지 · 카카오 좌표,0,0,0,0,0,1,,,,,,96db458ed63b3e34a1c3d63a8ad444ea67ab6b77
ro678,합천,적사부,적사부,food,35.56711,128.16033,50,,경남 합천군 합천읍 동서로 74 · 한국관광공사 연관 관광지 · 카카오 좌표,0,0,0,0,0,1,,,,,,96db458ed63b3e34a1c3d63a8ad444ea67ab6b77
ro679,창원,바다아라,바다아라,food,35.10821,128.78899,50,,경남 창원시 진해구 청안로 76 · 한국관광공사 연관 관광지 · 카카오 좌표,0,0,0,0,0,1,,,,,,96db458ed63b3e34a1c3d63a8ad444ea67ab6b77
ro680,정읍,대일정,대일정,food,35.65174,126.94297,50,,전북특별자치도 정읍시 태인면 수학정석길 3 · 한국관광공사 연관 관광지 · 카카오 좌표,0,0,0,0,0,1,,,,,,96db458ed63b3e34a1c3d63a8ad444ea67ab6b77
ro681,함양,카페오도재,카페오도재,food,35.44133,127.69267,50,,경남 함양군 마천면 지리산가는길 534 · 한국관광공사 연관 관광지 · 카카오 좌표,0,0,0,0,0,1,,,,,,96db458ed63b3e34a1c3d63a8ad444ea67ab6b77
ro682,장성,알콩달콩,알콩달콩,food,35.40514,126.8797,50,,전남광주통합특별시 장성군 북하면 약수2길 27 · 한국관광공사 연관 관광지 · 카카오 좌표,0,0,0,0,0,1,,,,,,96db458ed63b3e34a1c3d63a8ad444ea67ab6b77
ro683,서울,서일순대국 별관,서일순대국 별관,food,37.49785,126.92113,50,,서울 동작구 여의대방로24길 16 · 한국관광공사 연관 관광지 · 카카오 좌표,0,0,0,0,0,1,,,,,,96db458ed63b3e34a1c3d63a8ad444ea67ab6b77
ro685,부산,남천리녹차팥빙수,남천리녹차팥빙수,food,35.14075,129.10881,50,,부산 수영구 수영로394번길 29 · 한국관광공사 연관 관광지 · 카카오 좌표,0,0,0,0,0,1,,,,,,96db458ed63b3e34a1c3d63a8ad444ea67ab6b77
ro686,부산,국제밀면 본점,국제밀면 본점,food,35.19697,129.07782,50,,부산 연제구 중앙대로1235번길 23-6 · 한국관광공사 연관 관광지 · 카카오 좌표,0,0,0,0,0,1,,,,,,96db458ed63b3e34a1c3d63a8ad444ea67ab6b77
ro687,부산,리초야 밀락더마켓점,리초야 밀락더마켓점,food,35.15422,129.12703,50,,부산 수영구 민락수변로17번길 56 · 한국관광공사 연관 관광지 · 카카오 좌표,0,0,0,0,0,1,,,,,,96db458ed63b3e34a1c3d63a8ad444ea67ab6b77
ro688,부산,이재모피자 명지대방점,이재모피자 명지대방점,food,35.09278,128.91067,50,,부산 강서구 명지국제6로 107 · 한국관광공사 연관 관광지 · 카카오 좌표,0,0,0,0,0,1,,,,,,96db458ed63b3e34a1c3d63a8ad444ea67ab6b77
ro689,서울,서울물빛나루 1호 홍제천 카페폭포,서울물빛나루 1호 홍제천 카페폭포,food,37.5813,126.93705,50,,서울 서대문구 연희로 262-24 · 한국관광공사 연관 관광지 · 카카오 좌표,0,0,0,0,0,1,,,,,,96db458ed63b3e34a1c3d63a8ad444ea67ab6b77
ro690,대전,대전컨벤션센터 제2전시장,대전컨벤션센터 제2전시장,herit,36.37514,127.38932,60,,대전 유성구 엑스포로 87 · 한국관광공사 연관 관광지 · 카카오 좌표,0,0,0,0,0,1,,,,,,96db458ed63b3e34a1c3d63a8ad444ea67ab6b77
ro691,충주,수주팔봉,수주팔봉,sea,36.89826,127.92429,40,,충북 충주시 살미면 토계리 · 한국관광공사 연관 관광지 · 카카오 좌표,0,0,0,0,0,1,,,,,,96db458ed63b3e34a1c3d63a8ad444ea67ab6b77
ro693,용인,기흥호수공원,기흥호수공원,heal,37.25409,127.0957,60,,경기 용인시 기흥구 하갈동 127 · 한국관광공사 연관 관광지 · 카카오 좌표,0,0,0,0,0,1,,,,,,96db458ed63b3e34a1c3d63a8ad444ea67ab6b77
ro694,충주,계명산자연휴양림,계명산자연휴양림,heal,36.97932,127.99509,60,,충북 충주시 충주호수로 1170 · 한국관광공사 연관 관광지 · 카카오 좌표,0,0,0,0,0,1,,,,,,96db458ed63b3e34a1c3d63a8ad444ea67ab6b77
ro695,수원,수원박물관,수원박물관,herit,37.29774,127.03541,60,,경기 수원시 영통구 창룡대로 265 · 한국관광공사 연관 관광지 · 카카오 좌표,0,0,0,0,0,1,,,,,,96db458ed63b3e34a1c3d63a8ad444ea67ab6b77
ro696,충주,충주자유시장,충주자유시장,food,36.97393,127.93067,50,,충북 충주시 충인6길 16 · 한국관광공사 연관 관광지 · 카카오 좌표,0,0,0,0,0,1,,,,,,96db458ed63b3e34a1c3d63a8ad444ea67ab6b77
ro697,대전,대전시립박물관,대전시립박물관,herit,36.33686,127.33532,60,,대전 유성구 도안대로 398 · 한국관광공사 연관 관광지 · 카카오 좌표,0,0,0,0,0,1,,,,,,96db458ed63b3e34a1c3d63a8ad444ea67ab6b77
ro698,보은,말티재 전망대,말티재 전망대,activity,36.49907,127.78932,90,,충북 보은군 장안면 장재리 산 4-14 · 한국관광공사 연관 관광지 · 카카오 좌표,0,0,0,0,0,1,,,,,,96db458ed63b3e34a1c3d63a8ad444ea67ab6b77
ro699,청주,수암골전망대,수암골전망대,activity,36.64594,127.49555,90,,충북 청주시 상당구 수동 81-245 · 한국관광공사 연관 관광지 · 카카오 좌표,0,0,0,0,0,1,,,,,,96db458ed63b3e34a1c3d63a8ad444ea67ab6b77
ro700,전주,금성당,금성당,activity,35.81627,127.14433,90,,전북특별자치도 전주시 완산구 전라감영4길 13-7 · 한국관광공사 연관 관광지 · 카카오 좌표,0,0,0,0,0,1,,,,,,96db458ed63b3e34a1c3d63a8ad444ea67ab6b77
ro701,익산,백제왕궁박물관,백제왕궁박물관,herit,35.97117,127.05574,60,,전북특별자치도 익산시 왕궁면 궁성로 666 · 한국관광공사 연관 관광지 · 카카오 좌표,0,0,0,0,0,1,,,,,,96db458ed63b3e34a1c3d63a8ad444ea67ab6b77
ro702,평창,흥정계곡,흥정계곡,sea,37.63513,128.3435,40,,강원특별자치도 평창군 봉평면 흥정리 · 한국관광공사 연관 관광지 · 카카오 좌표,0,0,0,0,0,1,,,,,,96db458ed63b3e34a1c3d63a8ad444ea67ab6b77
ro703,인천,인천SSG랜더스필드,인천SSG랜더스필드,activity,37.437,126.69328,90,,인천 미추홀구 매소홀로 618 · 한국관광공사 연관 관광지 · 카카오 좌표,0,0,0,0,0,1,,,,,,96db458ed63b3e34a1c3d63a8ad444ea67ab6b77
ro704,보성,주월산패러글라이딩장,주월산패러글라이딩장,activity,34.8121,127.2117,90,,전남광주통합특별시 보성군 겸백면 수남리 산 2-2 · 한국관광공사 연관 관광지 · 카카오 좌표,0,0,0,0,0,1,,,,,,96db458ed63b3e34a1c3d63a8ad444ea67ab6b77
ro705,인천,신도,신도,sea,37.52664,126.45472,40,,인천 옹진군 북도면 신도리 · 한국관광공사 연관 관광지 · 카카오 좌표,0,0,0,0,0,1,,,,,,96db458ed63b3e34a1c3d63a8ad444ea67ab6b77
ro706,인천,인천광역시립박물관,인천광역시립박물관,herit,37.42076,126.65315,60,,인천 연수구 청량로160번길 26 · 한국관광공사 연관 관광지 · 카카오 좌표,0,0,0,0,0,1,,,,,,96db458ed63b3e34a1c3d63a8ad444ea67ab6b77
ro707,장흥,정남진 장흥 물축제,정남진 장흥 물축제,activity,34.67906,126.90501,90,,전남광주통합특별시 장흥군 장흥읍 건산리 805 · 한국관광공사 연관 관광지 · 카카오 좌표,0,0,0,0,0,1,,,,,,96db458ed63b3e34a1c3d63a8ad444ea67ab6b77
ro708,인천,화도진공원,화도진공원,heal,37.48236,126.62897,60,,인천 제물포구 화도진로 114 · 한국관광공사 연관 관광지 · 카카오 좌표,0,0,0,0,0,1,,,,,,96db458ed63b3e34a1c3d63a8ad444ea67ab6b77
ro709,인천,영종씨사이드 레일바이크,영종씨사이드 레일바이크,activity,37.48846,126.57687,90,,인천 영종구 구읍로 75 · 한국관광공사 연관 관광지 · 카카오 좌표,0,0,0,0,0,1,,,,,,96db458ed63b3e34a1c3d63a8ad444ea67ab6b77
ro710,산청,정취암,정취암,herit,35.38965,127.9749,60,,경남 산청군 신등면 둔철산로 675-87 · 한국관광공사 연관 관광지 · 카카오 좌표,0,0,0,0,0,1,,,,,,96db458ed63b3e34a1c3d63a8ad444ea67ab6b77
ro711,인천,시도,시도,sea,37.53532,126.42687,40,,인천 옹진군 북도면 시도리 · 한국관광공사 연관 관광지 · 카카오 좌표,0,0,0,0,0,1,,,,,,96db458ed63b3e34a1c3d63a8ad444ea67ab6b77
ro712,영주,여우생태관찰원,여우생태관찰원,herit,36.91398,128.55676,60,,경북 영주시 순흥면 소백로2481번길 33 · 한국관광공사 연관 관광지 · 카카오 좌표,0,0,0,0,0,1,,,,,,96db458ed63b3e34a1c3d63a8ad444ea67ab6b77
ro713,인천,수기해수욕장,수기해수욕장,sea,37.54461,126.43187,40,,인천 옹진군 북도면 시도리 · 한국관광공사 연관 관광지 · 카카오 좌표,0,0,0,0,0,1,,,,,,96db458ed63b3e34a1c3d63a8ad444ea67ab6b77
ro714,청송,대전사,대전사,herit,36.39708,129.14599,60,,경북 청송군 주왕산면 공원길 226 · 한국관광공사 연관 관광지 · 카카오 좌표,0,0,0,0,0,1,,,,,,96db458ed63b3e34a1c3d63a8ad444ea67ab6b77
ro715,창녕,창녕교동과송현동고분군,창녕교동과송현동고분군,herit,35.54633,128.50368,60,,경남 창녕군 창녕읍 교리 124 · 한국관광공사 연관 관광지 · 카카오 좌표,0,0,0,0,0,1,,,,,,96db458ed63b3e34a1c3d63a8ad444ea67ab6b77
ro716,진안,마이산 탑사,마이산 탑사,herit,35.75864,127.41158,60,,전북특별자치도 진안군 마령면 마이산남로 367 · 한국관광공사 연관 관광지 · 카카오 좌표,0,0,0,0,0,1,,,,,,96db458ed63b3e34a1c3d63a8ad444ea67ab6b77
ro717,홍성,홍성전통시장,홍성전통시장,food,36.60226,126.66806,50,,충남 홍성군 홍성읍 홍성천길 242 · 한국관광공사 연관 관광지 · 카카오 좌표,0,0,0,0,0,1,,,,,,96db458ed63b3e34a1c3d63a8ad444ea67ab6b77
ro718,창원,가포수변공원,가포수변공원,heal,35.15584,128.58369,60,,경남 창원시 마산합포구 가포로 441-57 · 한국관광공사 연관 관광지 · 카카오 좌표,0,0,0,0,0,1,,,,,,96db458ed63b3e34a1c3d63a8ad444ea67ab6b77
ro719,창원,창원국제사격장,창원국제사격장,activity,35.25158,128.68609,90,,경남 창원시 의창구 사림로99번길 63 · 한국관광공사 연관 관광지 · 카카오 좌표,0,0,0,0,0,1,,,,,,96db458ed63b3e34a1c3d63a8ad444ea67ab6b77
ro720,김해,수안마을회관,수안마을회관,herit,35.22911,128.93693,60,,경남 김해시 대동면 대동로 132 · 한국관광공사 연관 관광지 · 카카오 좌표,0,0,0,0,0,1,,,,,,96db458ed63b3e34a1c3d63a8ad444ea67ab6b77
ro721,장성,홍길동테마파크,홍길동테마파크,activity,35.32005,126.72679,90,,전남광주통합특별시 장성군 황룡면 아곡리 373 · 한국관광공사 연관 관광지 · 카카오 좌표,0,0,0,0,0,1,,,,,,96db458ed63b3e34a1c3d63a8ad444ea67ab6b77
ro722,창원,진해루해변공원,진해루해변공원,heal,35.14722,128.68529,60,,경남 창원시 진해구 경화동 · 한국관광공사 연관 관광지 · 카카오 좌표,0,0,0,0,0,1,,,,,,96db458ed63b3e34a1c3d63a8ad444ea67ab6b77
ro723,정읍,내장사,내장사,herit,35.48958,126.90195,60,,전북특별자치도 정읍시 내장산로 1253 · 한국관광공사 연관 관광지 · 카카오 좌표,0,0,0,0,0,1,,,,,,96db458ed63b3e34a1c3d63a8ad444ea67ab6b77
ro724,포천,제일유황온천,제일유황온천,heal,37.96765,127.3287,60,,경기 포천시 일동면 화동로 1210 · 한국관광공사 연관 관광지 · 카카오 좌표,0,0,0,0,0,1,,,,,,96db458ed63b3e34a1c3d63a8ad444ea67ab6b77
ro725,양산,극락암,극락암,herit,35.49906,129.05104,60,,경남 양산시 하북면 통도사로 108 · 한국관광공사 연관 관광지 · 카카오 좌표,0,0,0,0,0,1,,,,,,96db458ed63b3e34a1c3d63a8ad444ea67ab6b77
ro726,포천,도마치계곡,도마치계곡,sea,38.04695,127.38865,40,,경기 포천시 이동면 도평리 산 140-1 · 한국관광공사 연관 관광지 · 카카오 좌표,0,0,0,0,0,1,,,,,,96db458ed63b3e34a1c3d63a8ad444ea67ab6b77
ro727,경기광주,팔당전망대,팔당전망대,activity,37.49958,127.30311,90,,경기 광주시 남종면 산수로 1692 · 한국관광공사 연관 관광지 · 카카오 좌표,0,0,0,0,0,1,,,,,,96db458ed63b3e34a1c3d63a8ad444ea67ab6b77
ro728,여주,여주시립 폰박물관,여주시립 폰박물관,herit,37.29368,127.6663,60,,경기 여주시 강변유원지길 105 · 한국관광공사 연관 관광지 · 카카오 좌표,0,0,0,0,0,1,,,,,,96db458ed63b3e34a1c3d63a8ad444ea67ab6b77
ro729,가평,명지계곡,명지계곡,sea,37.93594,127.48624,40,,경기 가평군 북면 도대리 623 · 한국관광공사 연관 관광지 · 카카오 좌표,0,0,0,0,0,1,,,,,,96db458ed63b3e34a1c3d63a8ad444ea67ab6b77
ro731,함양,지안재,지안재,sea,35.47352,127.70252,40,,경남 함양군 함양읍 구룡리 산 119-3 · 한국관광공사 연관 관광지 · 카카오 좌표,0,0,0,0,0,1,,,,,,96db458ed63b3e34a1c3d63a8ad444ea67ab6b77
ro732,담양,담양관방제림,담양관방제림,herit,35.32387,126.986,60,,전남광주통합특별시 담양군 담양읍 객사리 1 · 한국관광공사 연관 관광지 · 카카오 좌표,0,0,0,0,0,1,,,,,,96db458ed63b3e34a1c3d63a8ad444ea67ab6b77
ro733,담양,플레이펫,플레이펫,activity,35.31642,126.99051,90,,전남광주통합특별시 담양군 담양읍 죽향대로 1290 · 한국관광공사 연관 관광지 · 카카오 좌표,0,0,0,0,0,1,,,,,,96db458ed63b3e34a1c3d63a8ad444ea67ab6b77
ro734,창녕,창녕영산만년교,창녕영산만년교,herit,35.45365,128.52981,60,,경남 창녕군 영산면 동리 433 · 한국관광공사 연관 관광지 · 카카오 좌표,0,0,0,0,0,1,,,,,,96db458ed63b3e34a1c3d63a8ad444ea67ab6b77
ro735,상주,파머스룸 치유농장,파머스룸 치유농장,heal,36.44974,128.17985,60,,경북 상주시 초산3길 22-4 · 한국관광공사 연관 관광지 · 카카오 좌표,0,0,0,0,0,1,,,,,,96db458ed63b3e34a1c3d63a8ad444ea67ab6b77
ro736,화순,화순고인돌전통시장,화순고인돌전통시장,food,35.0596,126.98357,50,,전남광주통합특별시 화순군 화순읍 시장길 42 · 한국관광공사 연관 관광지 · 카카오 좌표,0,0,0,0,0,1,,,,,,96db458ed63b3e34a1c3d63a8ad444ea67ab6b77
ro737,장성,국립장성치유의숲,국립장성치유의숲,heal,35.36879,126.73146,60,,전남광주통합특별시 장성군 서삼면 추암로 716 · 한국관광공사 연관 관광지 · 카카오 좌표,0,0,0,0,0,1,,,,,,96db458ed63b3e34a1c3d63a8ad444ea67ab6b77
ro738,화순,숲속유원지,숲속유원지,sea,34.96396,127.06447,40,,전남광주통합특별시 화순군 한천면 동산1길 68 · 한국관광공사 연관 관광지 · 카카오 좌표,0,0,0,0,0,1,,,,,,96db458ed63b3e34a1c3d63a8ad444ea67ab6b77
ro739,이천,이천시립박물관,이천시립박물관,herit,37.27496,127.4276,60,,경기 이천시 경충대로2697번길 172 · 한국관광공사 연관 관광지 · 카카오 좌표,0,0,0,0,0,1,,,,,,96db458ed63b3e34a1c3d63a8ad444ea67ab6b77
ro740,고성,고성탈박물관,고성탈박물관,herit,34.97106,128.33378,60,,경남 고성군 고성읍 율대2길 23 · 한국관광공사 연관 관광지 · 카카오 좌표,0,0,0,0,0,1,,,,,,96db458ed63b3e34a1c3d63a8ad444ea67ab6b77
ro741,서울,용양봉저정공원,용양봉저정공원,heal,37.51195,126.95832,60,,서울 동작구 본동 산 3-9 · 한국관광공사 연관 관광지 · 카카오 좌표,0,0,0,0,0,1,,,,,,96db458ed63b3e34a1c3d63a8ad444ea67ab6b77
ro742,완도,화흥포항 대합실,화흥포항 대합실,sea,34.30536,126.67938,40,,전남광주통합특별시 완도군 완도읍 화흥포길 242 · 한국관광공사 연관 관광지 · 카카오 좌표,0,0,0,0,0,1,,,,,,96db458ed63b3e34a1c3d63a8ad444ea67ab6b77
ro743,서울,대림시장,대림시장,food,37.58681,126.91774,50,,서울 은평구 응암로4길 22 · 한국관광공사 연관 관광지 · 카카오 좌표,0,0,0,0,0,1,,,,,,96db458ed63b3e34a1c3d63a8ad444ea67ab6b77
ro744,홍성,용봉산자연휴양림,용봉산자연휴양림,heal,36.64472,126.65681,60,,충남 홍성군 홍북읍 용봉산2길 87 · 한국관광공사 연관 관광지 · 카카오 좌표,0,0,0,0,0,1,,,,,,96db458ed63b3e34a1c3d63a8ad444ea67ab6b77
ro745,서울,보라매공원,보라매공원,heal,37.49328,126.92052,60,,서울 동작구 신대방동 722 · 한국관광공사 연관 관광지 · 카카오 좌표,0,0,0,0,0,1,,,,,,96db458ed63b3e34a1c3d63a8ad444ea67ab6b77
ro747,서울,용산용문시장,용산용문시장,food,37.53662,126.9598,50,,서울 용산구 효창원로40길 13 · 한국관광공사 연관 관광지 · 카카오 좌표,0,0,0,0,0,1,,,,,,96db458ed63b3e34a1c3d63a8ad444ea67ab6b77
ro748,부산,태종사,태종사,herit,35.05599,129.08812,60,,부산 영도구 전망로 119 · 한국관광공사 연관 관광지 · 카카오 좌표,0,0,0,0,0,1,,,,,,96db458ed63b3e34a1c3d63a8ad444ea67ab6b77
ro749,서울,명일전통시장 청춘마켓,명일전통시장 청춘마켓,food,37.54966,127.14498,50,,서울 강동구 명일동 324-20 · 한국관광공사 연관 관광지 · 카카오 좌표,0,0,0,0,0,1,,,,,,96db458ed63b3e34a1c3d63a8ad444ea67ab6b77
ro750,부산,개금골목시장,개금골목시장,food,35.15122,129.02477,50,,부산 부산진구 냉정로 227-1 · 한국관광공사 연관 관광지 · 카카오 좌표,0,0,0,0,0,1,,,,,,96db458ed63b3e34a1c3d63a8ad444ea67ab6b77
ro751,서울,강서별빛우주과학관,강서별빛우주과학관,herit,37.58101,126.81469,60,,서울 강서구 금낭화로 178 · 한국관광공사 연관 관광지 · 카카오 좌표,0,0,0,0,0,1,,,,,,96db458ed63b3e34a1c3d63a8ad444ea67ab6b77
ro752,부산,당감새시장,당감새시장,food,35.16435,129.04192,50,,부산 부산진구 동평로 112 · 한국관광공사 연관 관광지 · 카카오 좌표,0,0,0,0,0,1,,,,,,96db458ed63b3e34a1c3d63a8ad444ea67ab6b77
ro753,서울,서울물재생체험관,서울물재생체험관,herit,37.57766,126.82099,60,,서울 강서구 마곡동 1142 · 한국관광공사 연관 관광지 · 카카오 좌표,0,0,0,0,0,1,,,,,,96db458ed63b3e34a1c3d63a8ad444ea67ab6b77
ro754,부산,장림포구,장림포구,sea,35.08074,128.95692,40,,부산 사하구 장림로93번길 72 · 한국관광공사 연관 관광지 · 카카오 좌표,0,0,0,0,0,1,,,,,,96db458ed63b3e34a1c3d63a8ad444ea67ab6b77
ro755,부산,칠암방파제,칠암방파제,sea,35.29858,129.26213,40,,부산 기장군 일광읍 칠암리 · 한국관광공사 연관 관광지 · 카카오 좌표,0,0,0,0,0,1,,,,,,96db458ed63b3e34a1c3d63a8ad444ea67ab6b77
ro756,부산,신평소공원,신평소공원,heal,35.29379,129.26056,60,,부산 기장군 일광읍 신평리 11-1 · 한국관광공사 연관 관광지 · 카카오 좌표,0,0,0,0,0,1,,,,,,96db458ed63b3e34a1c3d63a8ad444ea67ab6b77
ro757,부산,충렬사,충렬사,herit,35.20121,129.0958,60,,부산 동래구 충렬대로 345 · 한국관광공사 연관 관광지 · 카카오 좌표,0,0,0,0,0,1,,,,,,96db458ed63b3e34a1c3d63a8ad444ea67ab6b77
ro759,횡성,국립청태산자연휴양림,국립청태산자연휴양림,heal,37.52169,128.29133,60,,강원특별자치도 횡성군 둔내면 청태산로 610 · 한국관광공사 연관 관광지 · 카카오 좌표,0,0,0,0,0,1,,,,,,96db458ed63b3e34a1c3d63a8ad444ea67ab6b77
ro760,부산,민락어민활어직판장,민락어민활어직판장,food,35.1542,129.12785,50,,부산 수영구 광안해변로312번길 60 · 한국관광공사 연관 관광지 · 카카오 좌표,0,0,0,0,0,1,,,,,,96db458ed63b3e34a1c3d63a8ad444ea67ab6b77
ro761,부산,감지해변,감지해변,sea,35.06059,129.077,40,,부산 영도구 동삼동 · 한국관광공사 연관 관광지 · 카카오 좌표,0,0,0,0,0,1,,,,,,96db458ed63b3e34a1c3d63a8ad444ea67ab6b77
ro762,부산,F1963,F1963,activity,35.17693,129.11494,90,,부산 수영구 구락로123번길 20 · 한국관광공사 연관 관광지 · 카카오 좌표,0,0,0,0,0,1,,,,,,96db458ed63b3e34a1c3d63a8ad444ea67ab6b77
ro763,부산,중리바닷가,중리바닷가,sea,35.06859,129.06483,40,,부산 영도구 동삼동 · 한국관광공사 연관 관광지 · 카카오 좌표,0,0,0,0,0,1,,,,,,96db458ed63b3e34a1c3d63a8ad444ea67ab6b77
ro764,양주,장흥자생수목원,장흥자생수목원,heal,37.74351,126.94819,60,,경기 양주시 장흥면 석현리 산 161-3 · 한국관광공사 연관 관광지 · 카카오 좌표,0,0,0,0,0,1,,,,,,96db458ed63b3e34a1c3d63a8ad444ea67ab6b77
ro765,하동,하동군지리산생태과학관,하동군지리산생태과학관,herit,35.15066,127.67564,60,,경남 하동군 악양면 섬진강대로 3358-30 · 한국관광공사 연관 관광지 · 카카오 좌표,0,0,0,0,0,1,,,,,,96db458ed63b3e34a1c3d63a8ad444ea67ab6b77
ro766,수원,강남면옥 수원점,강남면옥 수원점,food,37.3108,126.99028,50,,경기 수원시 장안구 이목로74번길 17 · 한국관광공사 연관 관광지 · 카카오 좌표,0,0,0,0,0,1,,,,,,96db458ed63b3e34a1c3d63a8ad444ea67ab6b77
ro767,수원,신라갈비,신라갈비,food,37.27379,127.04925,50,,경기 수원시 영통구 동수원로 538 · 한국관광공사 연관 관광지 · 카카오 좌표,0,0,0,0,0,1,,,,,,96db458ed63b3e34a1c3d63a8ad444ea67ab6b77
ro768,인천,오목골즉석메밀우동,오목골즉석메밀우동,food,37.46836,126.65086,50,,인천 미추홀구 석정로 142 · 한국관광공사 연관 관광지 · 카카오 좌표,0,0,0,0,0,1,,,,,,96db458ed63b3e34a1c3d63a8ad444ea67ab6b77
ro769,장성,고려조삼계탕 본점,고려조삼계탕 본점,food,35.25246,126.81249,50,,전남광주통합특별시 장성군 진원면 못재로 172-3 · 한국관광공사 연관 관광지 · 카카오 좌표,0,0,0,0,0,1,,,,,,96db458ed63b3e34a1c3d63a8ad444ea67ab6b77
ro770,고성,카페도어스,카페도어스,food,34.94478,128.33401,50,,경남 고성군 고성읍 신월로 166 · 한국관광공사 연관 관광지 · 카카오 좌표,0,0,0,0,0,1,,,,,,96db458ed63b3e34a1c3d63a8ad444ea67ab6b77
ro771,천안,뚜쥬루 성정점,뚜쥬루 성정점,food,36.81833,127.13961,50,,충남 천안시 서북구 백석로 270 · 한국관광공사 연관 관광지 · 카카오 좌표,0,0,0,0,0,1,,,,,,96db458ed63b3e34a1c3d63a8ad444ea67ab6b77
ro772,용인,고기리막국수,고기리막국수,food,37.36,127.0401,50,,경기 용인시 수지구 이종무로 157 · 한국관광공사 연관 관광지 · 카카오 좌표,0,0,0,0,0,1,,,,,,96db458ed63b3e34a1c3d63a8ad444ea67ab6b77
ro773,용인,수지외식타운,수지외식타운,food,37.32777,127.0963,50,,경기 용인시 수지구 풍덕천동 701 · 한국관광공사 연관 관광지 · 카카오 좌표,0,0,0,0,0,1,,,,,,96db458ed63b3e34a1c3d63a8ad444ea67ab6b77
ro774,창녕,도천진짜순대 본점,도천진짜순대 본점,food,35.43599,128.51915,50,,경남 창녕군 도천면 일리새긴길 8 · 한국관광공사 연관 관광지 · 카카오 좌표,0,0,0,0,0,1,,,,,,96db458ed63b3e34a1c3d63a8ad444ea67ab6b77
ro775,함양,나무달쉼터,나무달쉼터,food,35.53235,127.70917,50,,경남 함양군 함양읍 대실길 225 · 한국관광공사 연관 관광지 · 카카오 좌표,0,0,0,0,0,1,,,,,,96db458ed63b3e34a1c3d63a8ad444ea67ab6b77
ro776,상주,상주주막,상주주막,food,36.44631,128.26417,50,,경북 상주시 중동면 갱다불길 147 · 한국관광공사 연관 관광지 · 카카오 좌표,0,0,0,0,0,1,,,,,,96db458ed63b3e34a1c3d63a8ad444ea67ab6b77
ro777,문경,대흥정육점,대흥정육점,food,36.73403,128.10788,50,,경북 문경시 문경읍 새재로 458-9 · 한국관광공사 연관 관광지 · 카카오 좌표,0,0,0,0,0,1,,,,,,96db458ed63b3e34a1c3d63a8ad444ea67ab6b77
ro778,무주,무심원,무심원,food,36.01149,127.76209,50,,전북특별자치도 무주군 설천면 무설로 1338-1 · 한국관광공사 연관 관광지 · 카카오 좌표,0,0,0,0,0,1,,,,,,96db458ed63b3e34a1c3d63a8ad444ea67ab6b77
ro779,무주,메가MGC커피 무주군청점,메가MGC커피 무주군청점,food,36.00801,127.66127,50,,전북특별자치도 무주군 무주읍 단천로 93 · 한국관광공사 연관 관광지 · 카카오 좌표,0,0,0,0,0,1,,,,,,96db458ed63b3e34a1c3d63a8ad444ea67ab6b77
ro781,구미,한채쭈꾸미,한채쭈꾸미,food,36.1053,128.32843,50,,경북 구미시 공원로 328 · 한국관광공사 연관 관광지 · 카카오 좌표,0,0,0,0,0,1,,,,,,96db458ed63b3e34a1c3d63a8ad444ea67ab6b77
ro782,홍성,비츠,비츠,food,36.53264,126.48374,50,,충남 홍성군 서부면 남당항로72번길 1 · 한국관광공사 연관 관광지 · 카카오 좌표,0,0,0,0,0,1,,,,,,96db458ed63b3e34a1c3d63a8ad444ea67ab6b77
ro783,서울,가나돈까스의집,가나돈까스의집,food,37.50987,127.0378,50,,서울 강남구 언주로 608 · 한국관광공사 연관 관광지 · 카카오 좌표,0,0,0,0,0,1,,,,,,96db458ed63b3e34a1c3d63a8ad444ea67ab6b77
ro784,부산,오르디,오르디,food,35.13974,128.97913,50,,부산 사상구 대동로107번길 17 · 한국관광공사 연관 관광지 · 카카오 좌표,0,0,0,0,0,1,,,,,,96db458ed63b3e34a1c3d63a8ad444ea67ab6b77
ro785,부산,동래밀면 본점,동래밀면 본점,food,35.19832,129.0842,50,,부산 동래구 명륜로 47 · 한국관광공사 연관 관광지 · 카카오 좌표,0,0,0,0,0,1,,,,,,96db458ed63b3e34a1c3d63a8ad444ea67ab6b77
ro786,부산,이흥용과자점 두실점,이흥용과자점 두실점,food,35.25635,129.09473,50,,부산 금정구 금단로 80 · 한국관광공사 연관 관광지 · 카카오 좌표,0,0,0,0,0,1,,,,,,96db458ed63b3e34a1c3d63a8ad444ea67ab6b77
ro787,수원,경기아트센터,경기아트센터,activity,37.2618,127.03736,90,,경기 수원시 팔달구 효원로307번길 20 · 한국관광공사 연관 관광지 · 카카오 좌표,0,0,0,0,0,1,,,,,,96db458ed63b3e34a1c3d63a8ad444ea67ab6b77
ro788,수원,해우재문화센터,해우재문화센터,herit,37.31868,126.9779,60,,경기 수원시 장안구 장안로 463 · 한국관광공사 연관 관광지 · 카카오 좌표,0,0,0,0,0,1,,,,,,96db458ed63b3e34a1c3d63a8ad444ea67ab6b77
ro789,수원,나혜석거리,나혜석거리,activity,37.26386,127.03465,90,,경기 수원시 팔달구 인계동 1140 · 한국관광공사 연관 관광지 · 카카오 좌표,0,0,0,0,0,1,,,,,,96db458ed63b3e34a1c3d63a8ad444ea67ab6b77
ro790,청주,국립상당산성자연휴양림,국립상당산성자연휴양림,heal,36.68279,127.54542,60,,충북 청주시 청원구 내수읍 덕암2길 162 · 한국관광공사 연관 관광지 · 카카오 좌표,0,0,0,0,0,1,,,,,,96db458ed63b3e34a1c3d63a8ad444ea67ab6b77
ro791,청주,정북동토성,정북동토성,herit,36.68914,127.45611,60,,충북 청주시 청원구 정북동 351-1 · 한국관광공사 연관 관광지 · 카카오 좌표,0,0,0,0,0,1,,,,,,96db458ed63b3e34a1c3d63a8ad444ea67ab6b77
ro792,충주,월악산 만수계곡자연관찰로분기점,월악산 만수계곡자연관찰로분기점,sea,36.83416,128.097,40,,충북 충주시 수안보면 미륵리 산 31-10 · 한국관광공사 연관 관광지 · 카카오 좌표,0,0,0,0,0,1,,,,,,96db458ed63b3e34a1c3d63a8ad444ea67ab6b77
ro793,전주,전주자연생태관,전주자연생태관,herit,35.81159,127.16259,60,,전북특별자치도 전주시 완산구 바람쐬는길 21 · 한국관광공사 연관 관광지 · 카카오 좌표,0,0,0,0,0,1,,,,,,96db458ed63b3e34a1c3d63a8ad444ea67ab6b77
ro794,전주,팔복예술공장,팔복예술공장,herit,35.86038,127.10122,60,,전북특별자치도 전주시 덕진구 구렛들1길 46 · 한국관광공사 연관 관광지 · 카카오 좌표,0,0,0,0,0,1,,,,,,96db458ed63b3e34a1c3d63a8ad444ea67ab6b77
ro795,전주,한국전통문화전당,한국전통문화전당,herit,35.82132,127.149,60,,전북특별자치도 전주시 완산구 현무1길 20 · 한국관광공사 연관 관광지 · 카카오 좌표,0,0,0,0,0,1,,,,,,96db458ed63b3e34a1c3d63a8ad444ea67ab6b77
ro796,전주,완산벙커 더 스페이스,완산벙커 더 스페이스,activity,35.80638,127.14242,90,,전북특별자치도 전주시 완산구 완산5길 70 · 한국관광공사 연관 관광지 · 카카오 좌표,0,0,0,0,0,1,,,,,,96db458ed63b3e34a1c3d63a8ad444ea67ab6b77
ro797,청주,수암골타운,수암골타운,herit,36.64789,127.49446,60,,충북 청주시 청원구 수동로 32 · 한국관광공사 연관 관광지 · 카카오 좌표,0,0,0,0,0,1,,,,,,96db458ed63b3e34a1c3d63a8ad444ea67ab6b77
ro798,순천,호남호국기념관,호남호국기념관,herit,34.93598,127.52129,60,,전남광주통합특별시 순천시 원연향길 17 · 한국관광공사 연관 관광지 · 카카오 좌표,0,0,0,0,0,1,,,,,,96db458ed63b3e34a1c3d63a8ad444ea67ab6b77
ro799,봉화,축서사,축서사,herit,36.98123,128.79993,60,,경북 봉화군 물야면 월계길 739 · 한국관광공사 연관 관광지 · 카카오 좌표,0,0,0,0,0,1,,,,,,96db458ed63b3e34a1c3d63a8ad444ea67ab6b77
ro800,인천,국립세계문자박물관,국립세계문자박물관,herit,37.39471,126.63789,60,,인천 연수구 센트럴로 217 · 한국관광공사 연관 관광지 · 카카오 좌표,0,0,0,0,0,1,,,,,,96db458ed63b3e34a1c3d63a8ad444ea67ab6b77
ro801,인천,수봉공원,수봉공원,heal,37.45949,126.66255,60,,인천 미추홀구 숭의동 8-193 · 한국관광공사 연관 관광지 · 카카오 좌표,0,0,0,0,0,1,,,,,,96db458ed63b3e34a1c3d63a8ad444ea67ab6b77
ro802,인천,한국이민사박물관,한국이민사박물관,herit,37.47017,126.60018,60,,인천 제물포구 월미로 329 · 한국관광공사 연관 관광지 · 카카오 좌표,0,0,0,0,0,1,,,,,,96db458ed63b3e34a1c3d63a8ad444ea67ab6b77
ro803,영주,부석사 무량수전,부석사 무량수전,herit,36.99896,128.6875,60,,경북 영주시 부석면 부석사로 345 · 한국관광공사 연관 관광지 · 카카오 좌표,0,0,0,0,0,1,,,,,,96db458ed63b3e34a1c3d63a8ad444ea67ab6b77
ro804,영주,국립산림치유원,국립산림치유원,heal,36.8578,128.47257,60,,경북 영주시 봉현면 테라피로 209 · 한국관광공사 연관 관광지 · 카카오 좌표,0,0,0,0,0,1,,,,,,96db458ed63b3e34a1c3d63a8ad444ea67ab6b77
ro805,인천,배미꾸미조각공원,배미꾸미조각공원,heal,37.52889,126.40685,60,,인천 옹진군 북도면 모도로140번길 41 · 한국관광공사 연관 관광지 · 카카오 좌표,0,0,0,0,0,1,,,,,,96db458ed63b3e34a1c3d63a8ad444ea67ab6b77
ro806,하동,하동공설시장,하동공설시장,food,35.06976,127.74816,50,,경남 하동군 하동읍 읍내리 261-2 · 한국관광공사 연관 관광지 · 카카오 좌표,0,0,0,0,0,1,,,,,,96db458ed63b3e34a1c3d63a8ad444ea67ab6b77
ro807,합천,합천왕후시장,합천왕후시장,food,35.56832,128.16041,50,,경남 합천군 합천읍 옥산로 44 · 한국관광공사 연관 관광지 · 카카오 좌표,0,0,0,0,0,1,,,,,,96db458ed63b3e34a1c3d63a8ad444ea67ab6b77
ro808,창녕,무심사,무심사,herit,35.60892,128.36943,60,,경남 창녕군 이방면 손실길 62-215 · 한국관광공사 연관 관광지 · 카카오 좌표,0,0,0,0,0,1,,,,,,96db458ed63b3e34a1c3d63a8ad444ea67ab6b77
ro809,합천,오도산자연휴양림,오도산자연휴양림,heal,35.66905,128.05393,60,,경남 합천군 봉산면 오도산휴양로 398 · 한국관광공사 연관 관광지 · 카카오 좌표,0,0,0,0,0,1,,,,,,96db458ed63b3e34a1c3d63a8ad444ea67ab6b77
ro810,합천,황강군민체육공원 축구장,황강군민체육공원 축구장,activity,35.56186,128.16895,90,,경남 합천군 합천읍 합천리 1364-75 · 한국관광공사 연관 관광지 · 카카오 좌표,0,0,0,0,0,1,,,,,,96db458ed63b3e34a1c3d63a8ad444ea67ab6b77
ro811,담양,한재골,한재골,sea,35.29935,126.87702,40,,전남광주통합특별시 담양군 대전면 평장리 · 한국관광공사 연관 관광지 · 카카오 좌표,0,0,0,0,0,1,,,,,,96db458ed63b3e34a1c3d63a8ad444ea67ab6b77
ro812,홍성,광천전통시장,광천전통시장,food,36.50095,126.62571,50,,충남 홍성군 광천읍 광천리 237-60 · 한국관광공사 연관 관광지 · 카카오 좌표,0,0,0,0,0,1,,,,,,96db458ed63b3e34a1c3d63a8ad444ea67ab6b77
ro815,담양,담양호,담양호,sea,35.39875,127.006,40,,전남광주통합특별시 담양군 용면 월계리 411-6 · 한국관광공사 연관 관광지 · 카카오 좌표,0,0,0,0,0,1,,,,,,96db458ed63b3e34a1c3d63a8ad444ea67ab6b77
ro816,창원,굿데이뮤지엄,굿데이뮤지엄,herit,35.21862,128.59777,60,,경남 창원시 마산회원구 봉암공단2길 22 · 한국관광공사 연관 관광지 · 카카오 좌표,0,0,0,0,0,1,,,,,,96db458ed63b3e34a1c3d63a8ad444ea67ab6b77
ro817,창원,소계시장,소계시장,food,35.25682,128.59901,50,,경남 창원시 의창구 소계로 83-6 · 한국관광공사 연관 관광지 · 카카오 좌표,0,0,0,0,0,1,,,,,,96db458ed63b3e34a1c3d63a8ad444ea67ab6b77
ro818,이천,비승대체력단련장,비승대체력단련장,activity,37.20208,127.46167,90,,경기 이천시 진상미로 1700-29 · 한국관광공사 연관 관광지 · 카카오 좌표,0,0,0,0,0,1,,,,,,96db458ed63b3e34a1c3d63a8ad444ea67ab6b77
ro819,정읍,정읍피향정,정읍피향정,herit,35.65135,126.94297,60,,전북특별자치도 정읍시 태인면 태산로 2951 · 한국관광공사 연관 관광지 · 카카오 좌표,0,0,0,0,0,1,,,,,,96db458ed63b3e34a1c3d63a8ad444ea67ab6b77
ro820,정읍,정읍국가유산미디어아트관 1894달하루,정읍국가유산미디어아트관 1894달하루,herit,35.52805,126.89522,60,,전북특별자치도 정읍시 내장산로 370-10 · 한국관광공사 연관 관광지 · 카카오 좌표,0,0,0,0,0,1,,,,,,96db458ed63b3e34a1c3d63a8ad444ea67ab6b77
ro821,남양주,몽골문화촌,몽골문화촌,activity,37.75792,127.27535,90,,경기 남양주시 수동면 비룡로 1635 · 한국관광공사 연관 관광지 · 카카오 좌표,0,0,0,0,0,1,,,,,,96db458ed63b3e34a1c3d63a8ad444ea67ab6b77
ro822,남양주,천보사,천보사,herit,37.65678,127.09563,60,,경기 남양주시 불암산로 145 · 한국관광공사 연관 관광지 · 카카오 좌표,0,0,0,0,0,1,,,,,,96db458ed63b3e34a1c3d63a8ad444ea67ab6b77
ro823,양주,대한불교조계종회암사,대한불교조계종회암사,herit,37.85069,127.10798,60,,경기 양주시 회암사길 281 · 한국관광공사 연관 관광지 · 카카오 좌표,0,0,0,0,0,1,,,,,,96db458ed63b3e34a1c3d63a8ad444ea67ab6b77
ro824,강릉,무위사,무위사,herit,37.65681,128.79233,60,,강원특별자치도 강릉시 왕산면 왕산로 2242-7 · 한국관광공사 연관 관광지 · 카카오 좌표,0,0,0,0,0,1,,,,,,96db458ed63b3e34a1c3d63a8ad444ea67ab6b77
ro825,익산,달빛소리수목원,달빛소리수목원,activity,35.93979,127.03302,90,,전북특별자치도 익산시 춘포면 천서길 149 · 한국관광공사 연관 관광지 · 카카오 좌표,0,0,0,0,0,1,,,,,,96db458ed63b3e34a1c3d63a8ad444ea67ab6b77
ro826,장성,황룡강생태공원,황룡강생태공원,heal,35.30501,126.77704,60,,전남광주통합특별시 장성군 장성읍 기산리 508-2 · 한국관광공사 연관 관광지 · 카카오 좌표,0,0,0,0,0,1,,,,,,96db458ed63b3e34a1c3d63a8ad444ea67ab6b77
ro827,경기광주,경기도자박물관,경기도자박물관,herit,37.35106,127.32663,60,,경기 광주시 곤지암읍 경충대로 727 · 한국관광공사 연관 관광지 · 카카오 좌표,0,0,0,0,0,1,,,,,,96db458ed63b3e34a1c3d63a8ad444ea67ab6b77
ro828,고양,현대 모터스튜디오 고양,현대 모터스튜디오 고양,herit,37.66627,126.74749,60,,경기 고양시 일산서구 킨텍스로 217-6 · 한국관광공사 연관 관광지 · 카카오 좌표,0,0,0,0,0,1,,,,,,96db458ed63b3e34a1c3d63a8ad444ea67ab6b77
ro829,완도,완도자연휴양림,완도자연휴양림,heal,34.35265,126.70241,60,,전남광주통합특별시 완도군 완도읍 대야일구1길 115 · 한국관광공사 연관 관광지 · 카카오 좌표,0,0,0,0,0,1,,,,,,96db458ed63b3e34a1c3d63a8ad444ea67ab6b77
ro830,고성,맥전포항,맥전포항,sea,34.89939,128.1642,40,,경남 고성군 하일면 춘암리 790-7 · 한국관광공사 연관 관광지 · 카카오 좌표,0,0,0,0,0,1,,,,,,96db458ed63b3e34a1c3d63a8ad444ea67ab6b77
ro831,무주,무주반디랜드 무주곤충박물관,무주반디랜드 무주곤충박물관,herit,36.01314,127.75877,60,,전북특별자치도 무주군 설천면 무설로 1324 · 한국관광공사 연관 관광지 · 카카오 좌표,0,0,0,0,0,1,,,,,,96db458ed63b3e34a1c3d63a8ad444ea67ab6b77
ro832,인제,하추자연휴양림,하추자연휴양림,heal,38.03472,128.32017,60,,강원특별자치도 인제군 인제읍 하추로 686 · 한국관광공사 연관 관광지 · 카카오 좌표,0,0,0,0,0,1,,,,,,96db458ed63b3e34a1c3d63a8ad444ea67ab6b77
ro833,서울,노룬산골목시장,노룬산골목시장,food,37.53687,127.06472,50,,서울 광진구 자양동 816-79 · 한국관광공사 연관 관광지 · 카카오 좌표,0,0,0,0,0,1,,,,,,96db458ed63b3e34a1c3d63a8ad444ea67ab6b77
ro834,서울,구로리어린이공원,구로리어린이공원,heal,37.49083,126.8916,60,,서울 구로구 구로중앙로 13 · 한국관광공사 연관 관광지 · 카카오 좌표,0,0,0,0,0,1,,,,,,96db458ed63b3e34a1c3d63a8ad444ea67ab6b77
ro837,서울,솔밭근린공원,솔밭근린공원,heal,37.6528,127.01177,60,,서울 강북구 삼양로 561 · 한국관광공사 연관 관광지 · 카카오 좌표,0,0,0,0,0,1,,,,,,96db458ed63b3e34a1c3d63a8ad444ea67ab6b77
ro839,서울,청량리 청과물 도매시장,청량리 청과물 도매시장,food,37.57986,127.04214,50,,서울 동대문구 제기동 854-2 · 한국관광공사 연관 관광지 · 카카오 좌표,0,0,0,0,0,1,,,,,,96db458ed63b3e34a1c3d63a8ad444ea67ab6b77
ro840,구미,구미코,구미코,herit,36.14154,128.44248,60,,경북 구미시 산동읍 첨단기업1로 49 · 한국관광공사 연관 관광지 · 카카오 좌표,0,0,0,0,0,1,,,,,,96db458ed63b3e34a1c3d63a8ad444ea67ab6b77
ro841,서울,망원유수지체육공원,망원유수지체육공원,heal,37.55778,126.89724,60,,서울 마포구 방울내로11길 198 · 한국관광공사 연관 관광지 · 카카오 좌표,0,0,0,0,0,1,,,,,,96db458ed63b3e34a1c3d63a8ad444ea67ab6b77
ro843,부산,국립부산국악원,국립부산국악원,activity,35.17126,129.05425,90,,부산 부산진구 국악로 2 · 한국관광공사 연관 관광지 · 카카오 좌표,0,0,0,0,0,1,,,,,,96db458ed63b3e34a1c3d63a8ad444ea67ab6b77
ro844,부산,장림골목시장,장림골목시장,food,35.08023,128.9677,50,,부산 사하구 장림동 640-1 · 한국관광공사 연관 관광지 · 카카오 좌표,0,0,0,0,0,1,,,,,,96db458ed63b3e34a1c3d63a8ad444ea67ab6b77
ro846,부산,부산해양자연사박물관,부산해양자연사박물관,herit,35.22181,129.07584,60,,부산 동래구 우장춘로 175 · 한국관광공사 연관 관광지 · 카카오 좌표,0,0,0,0,0,1,,,,,,96db458ed63b3e34a1c3d63a8ad444ea67ab6b77
ro847,서울,봉원사,봉원사,herit,37.57201,126.94782,60,,서울 서대문구 봉원사길 120 · 한국관광공사 연관 관광지 · 카카오 좌표,0,0,0,0,0,1,,,,,,96db458ed63b3e34a1c3d63a8ad444ea67ab6b77
ro848,부산,스포원파크,스포원파크,heal,35.29119,129.10522,60,,부산 금정구 체육공원로399번길 324 · 한국관광공사 연관 관광지 · 카카오 좌표,0,0,0,0,0,1,,,,,,96db458ed63b3e34a1c3d63a8ad444ea67ab6b77
ro850,예산,충의사,충의사,herit,36.68841,126.6528,60,,충남 예산군 덕산면 덕산온천로 183-5 · 한국관광공사 연관 관광지 · 카카오 좌표,0,0,0,0,0,1,,,,,,96db458ed63b3e34a1c3d63a8ad444ea67ab6b77
ro851,수원,백세삼계탕 본점,백세삼계탕 본점,food,37.31804,126.98893,50,,경기 수원시 장안구 경수대로 1200 · 한국관광공사 연관 관광지 · 카카오 좌표,0,0,0,0,0,1,,,,,,96db458ed63b3e34a1c3d63a8ad444ea67ab6b77
ro852,청주,쫄쫄호떡 중앙공원본점,쫄쫄호떡 중앙공원본점,food,36.633,127.48845,50,,충북 청주시 상당구 상당로55번길 40-1 · 한국관광공사 연관 관광지 · 카카오 좌표,0,0,0,0,0,1,,,,,,96db458ed63b3e34a1c3d63a8ad444ea67ab6b77
ro853,대구,홍구원 가창점,홍구원 가창점,food,35.78933,128.63647,50,,대구 달성군 가창면 가창로176길 9 · 한국관광공사 연관 관광지 · 카카오 좌표,0,0,0,0,0,1,,,,,,96db458ed63b3e34a1c3d63a8ad444ea67ab6b77
ro854,대구,오퐁드부아,오퐁드부아,food,35.75253,128.61804,50,,대구 달성군 가창면 주리2길 104 · 한국관광공사 연관 관광지 · 카카오 좌표,0,0,0,0,0,1,,,,,,96db458ed63b3e34a1c3d63a8ad444ea67ab6b77
ro855,인천,늘솜당,늘솜당,food,37.41153,126.72248,50,,인천 남동구 논고개로 213-2 · 한국관광공사 연관 관광지 · 카카오 좌표,0,0,0,0,0,1,,,,,,96db458ed63b3e34a1c3d63a8ad444ea67ab6b77
ro856,인천,스타벅스 인천용현DT점,스타벅스 인천용현DT점,food,37.45234,126.63258,50,,인천 미추홀구 아암대로 107 · 한국관광공사 연관 관광지 · 카카오 좌표,0,0,0,0,0,1,,,,,,96db458ed63b3e34a1c3d63a8ad444ea67ab6b77
ro858,고양,유해자의 일산소바 본점,유해자의 일산소바 본점,food,37.68309,126.74601,50,,경기 고양시 일산서구 대화로 362 · 한국관광공사 연관 관광지 · 카카오 좌표,0,0,0,0,0,1,,,,,,96db458ed63b3e34a1c3d63a8ad444ea67ab6b77
ro859,청송,바우,바우,food,36.38291,129.12692,50,,경북 청송군 주왕산면 교하로 381 · 한국관광공사 연관 관광지 · 카카오 좌표,0,0,0,0,0,1,,,,,,96db458ed63b3e34a1c3d63a8ad444ea67ab6b77
ro860,구미,곤지곤지 남통점,곤지곤지 남통점,food,36.12182,128.32625,50,,경북 구미시 금오산로 217-20 · 한국관광공사 연관 관광지 · 카카오 좌표,0,0,0,0,0,1,,,,,,96db458ed63b3e34a1c3d63a8ad444ea67ab6b77
ro861,서울,함경면옥,함경면옥,food,37.57849,127.03316,50,,서울 동대문구 왕산로 87 · 한국관광공사 연관 관광지 · 카카오 좌표,0,0,0,0,0,1,,,,,,96db458ed63b3e34a1c3d63a8ad444ea67ab6b77
ro862,서울,신토불이떡볶이 본점,신토불이떡볶이 본점,food,37.55257,127.09048,50,,서울 광진구 자양로43길 42 · 한국관광공사 연관 관광지 · 카카오 좌표,0,0,0,0,0,1,,,,,,96db458ed63b3e34a1c3d63a8ad444ea67ab6b77
ro863,서울,어머니대성집,어머니대성집,food,37.57742,127.02858,50,,서울 동대문구 왕산로11길 4 · 한국관광공사 연관 관광지 · 카카오 좌표,0,0,0,0,0,1,,,,,,96db458ed63b3e34a1c3d63a8ad444ea67ab6b77
ro864,대전,동춘당역사공원,동춘당역사공원,heal,36.36563,127.44188,60,,대전 대덕구 동춘당로 90 · 한국관광공사 연관 관광지 · 카카오 좌표,0,0,0,0,0,1,,,,,,96db458ed63b3e34a1c3d63a8ad444ea67ab6b77
ro865,수원,영흥수목원,영흥수목원,activity,37.26325,127.07101,90,,경기 수원시 영통구 영통로 435 · 한국관광공사 연관 관광지 · 카카오 좌표,0,0,0,0,0,1,,,,,,96db458ed63b3e34a1c3d63a8ad444ea67ab6b77
ro867,수원,수원시립만석전시관,수원시립만석전시관,herit,37.29703,126.99945,60,,경기 수원시 장안구 송정로 19 · 한국관광공사 연관 관광지 · 카카오 좌표,0,0,0,0,0,1,,,,,,96db458ed63b3e34a1c3d63a8ad444ea67ab6b77
ro868,보은,속리산CC,속리산CC,activity,36.44718,127.78215,90,,충북 보은군 탄부면 평각상장로 230 · 한국관광공사 연관 관광지 · 카카오 좌표,0,0,0,0,0,1,,,,,,96db458ed63b3e34a1c3d63a8ad444ea67ab6b77
ro869,청주,초정행궁,초정행궁,herit,36.72123,127.60217,60,,충북 청주시 청원구 내수읍 초정약수로 851 · 한국관광공사 연관 관광지 · 카카오 좌표,0,0,0,0,0,1,,,,,,96db458ed63b3e34a1c3d63a8ad444ea67ab6b77
ro870,청주,청주북부시장,청주북부시장,food,36.64842,127.48585,50,,충북 청주시 청원구 향군로31번길 19 · 한국관광공사 연관 관광지 · 카카오 좌표,0,0,0,0,0,1,,,,,,96db458ed63b3e34a1c3d63a8ad444ea67ab6b77
ro871,대구,플레이월드 대구점,플레이월드 대구점,activity,35.84143,128.61316,90,,대구 수성구 청수로9길 27 · 한국관광공사 연관 관광지 · 카카오 좌표,0,0,0,0,0,1,,,,,,96db458ed63b3e34a1c3d63a8ad444ea67ab6b77
ro872,대구,수성아트피아,수성아트피아,activity,35.82934,128.6283,90,,대구 수성구 무학로 180 · 한국관광공사 연관 관광지 · 카카오 좌표,0,0,0,0,0,1,,,,,,96db458ed63b3e34a1c3d63a8ad444ea67ab6b77
ro873,전주,한국소리문화의전당,한국소리문화의전당,activity,35.85615,127.13817,90,,전북특별자치도 전주시 덕진구 소리로 31 · 한국관광공사 연관 관광지 · 카카오 좌표,0,0,0,0,0,1,,,,,,96db458ed63b3e34a1c3d63a8ad444ea67ab6b77
ro874,인천,남동소래아트홀,남동소래아트홀,activity,37.3875,126.72475,90,,인천 남동구 아암대로1437번길 32 · 한국관광공사 연관 관광지 · 카카오 좌표,0,0,0,0,0,1,,,,,,96db458ed63b3e34a1c3d63a8ad444ea67ab6b77
ro875,진안,마이산,마이산,sea,35.76055,127.4115,40,,전북특별자치도 진안군 마령면 동촌리 산 18 · 한국관광공사 연관 관광지 · 카카오 좌표,0,0,0,0,0,1,,,,,,96db458ed63b3e34a1c3d63a8ad444ea67ab6b77
ro877,진안,운일암반일암계곡,운일암반일암계곡,sea,35.97928,127.3968,40,,전북특별자치도 진안군 주천면 대불리 · 한국관광공사 연관 관광지 · 카카오 좌표,0,0,0,0,0,1,,,,,,96db458ed63b3e34a1c3d63a8ad444ea67ab6b77
ro878,인천,남동물빛놀이터,남동물빛놀이터,activity,37.40294,126.70628,90,,인천 남동구 논현동 644-1 · 한국관광공사 연관 관광지 · 카카오 좌표,0,0,0,0,0,1,,,,,,96db458ed63b3e34a1c3d63a8ad444ea67ab6b77
ro879,순천,중앙시장,중앙시장,food,34.95345,127.48411,50,,전남광주통합특별시 순천시 남내동 125-1 · 한국관광공사 연관 관광지 · 카카오 좌표,0,0,0,0,0,1,,,,,,96db458ed63b3e34a1c3d63a8ad444ea67ab6b77
ro880,청송,신촌약수터,신촌약수터,sea,36.50573,129.12039,40,,경북 청송군 진보면 신촌리 41-6 · 한국관광공사 연관 관광지 · 카카오 좌표,0,0,0,0,0,1,,,,,,96db458ed63b3e34a1c3d63a8ad444ea67ab6b77
ro882,청송,백석탄 포트홀,백석탄 포트홀,sea,36.357,128.97635,40,,경북 청송군 안덕면 고와리 648 · 한국관광공사 연관 관광지 · 카카오 좌표,0,0,0,0,0,1,,,,,,96db458ed63b3e34a1c3d63a8ad444ea67ab6b77
ro884,하동,정금정,정금정,herit,35.2151,127.64346,60,,경남 하동군 화개면 정금리 산 167 · 한국관광공사 연관 관광지 · 카카오 좌표,0,0,0,0,0,1,,,,,,96db458ed63b3e34a1c3d63a8ad444ea67ab6b77
ro886,거창,오도산전망대,오도산전망대,activity,35.67398,128.07501,90,,경남 거창군 가조면 도리 산 61-2 · 한국관광공사 연관 관광지 · 카카오 좌표,0,0,0,0,0,1,,,,,,96db458ed63b3e34a1c3d63a8ad444ea67ab6b77
ro887,합천,황계폭포,황계폭포,sea,35.51141,128.06972,40,,경남 합천군 용주면 황계리 산 156 · 한국관광공사 연관 관광지 · 카카오 좌표,0,0,0,0,0,1,,,,,,96db458ed63b3e34a1c3d63a8ad444ea67ab6b77
ro888,합천,가야산소리길,가야산소리길,activity,35.78174,128.1159,90,,경남 합천군 가야면 구원리 642 · 한국관광공사 연관 관광지 · 카카오 좌표,0,0,0,0,0,1,,,,,,96db458ed63b3e34a1c3d63a8ad444ea67ab6b77
ro889,임실,옥정호 붕어섬생태공원,옥정호 붕어섬생태공원,heal,35.63418,127.14554,60,,전북특별자치도 임실군 운암면 용운리 · 한국관광공사 연관 관광지 · 카카오 좌표,0,0,0,0,0,1,,,,,,96db458ed63b3e34a1c3d63a8ad444ea67ab6b77
ro890,창원,진해보타닉뮤지엄,진해보타닉뮤지엄,activity,35.13006,128.71755,90,,경남 창원시 진해구 진해대로1137번길 89 · 한국관광공사 연관 관광지 · 카카오 좌표,0,0,0,0,0,1,,,,,,96db458ed63b3e34a1c3d63a8ad444ea67ab6b77
ro891,천안,천안축구센터 본관동,천안축구센터 본관동,activity,36.82146,127.14526,90,,충남 천안시 서북구 축구센터로 150 · 한국관광공사 연관 관광지 · 카카오 좌표,0,0,0,0,0,1,,,,,,96db458ed63b3e34a1c3d63a8ad444ea67ab6b77
ro892,창원,성흥사,성흥사,herit,35.14777,128.77934,60,,경남 창원시 진해구 대장로 273 · 한국관광공사 연관 관광지 · 카카오 좌표,0,0,0,0,0,1,,,,,,96db458ed63b3e34a1c3d63a8ad444ea67ab6b77
ro893,익산,북부시장,북부시장,food,35.95187,126.95789,50,,전북특별자치도 익산시 인북로 259 · 한국관광공사 연관 관광지 · 카카오 좌표,0,0,0,0,0,1,,,,,,96db458ed63b3e34a1c3d63a8ad444ea67ab6b77
ro894,용인,용담저수지,용담저수지,sea,37.18727,127.3074,40,,경기 용인시 처인구 원삼면 사암리 55 · 한국관광공사 연관 관광지 · 카카오 좌표,0,0,0,0,0,1,,,,,,96db458ed63b3e34a1c3d63a8ad444ea67ab6b77
ro896,정읍,백제가요 정읍사문화공원,백제가요 정읍사문화공원,heal,35.55126,126.86201,60,,전북특별자치도 정읍시 정읍사로 541 · 한국관광공사 연관 관광지 · 카카오 좌표,0,0,0,0,0,1,,,,,,96db458ed63b3e34a1c3d63a8ad444ea67ab6b77
ro897,보은,국립속리산말티재자연휴양림,국립속리산말티재자연휴양림,heal,36.4903,127.78194,60,,충북 보은군 장안면 속리산로 256 · 한국관광공사 연관 관광지 · 카카오 좌표,0,0,0,0,0,1,,,,,,96db458ed63b3e34a1c3d63a8ad444ea67ab6b77
ro898,경기광주,경안천습지생태공원,경안천습지생태공원,heal,37.45749,127.3031,60,,경기 광주시 퇴촌면 정지리 571-2 · 한국관광공사 연관 관광지 · 카카오 좌표,0,0,0,0,0,1,,,,,,96db458ed63b3e34a1c3d63a8ad444ea67ab6b77
ro899,경기광주,율봄식물원,율봄식물원,activity,37.46999,127.27043,90,,경기 광주시 퇴촌면 태허정로 267-54 · 한국관광공사 연관 관광지 · 카카오 좌표,0,0,0,0,0,1,,,,,,96db458ed63b3e34a1c3d63a8ad444ea67ab6b77
ro900,거창,거창항노화힐링랜드,거창항노화힐링랜드,heal,35.73669,128.04089,60,,경남 거창군 가조면 의상봉길 834 · 한국관광공사 연관 관광지 · 카카오 좌표,0,0,0,0,0,1,,,,,,96db458ed63b3e34a1c3d63a8ad444ea67ab6b77
ro901,문경,문경야구장,문경야구장,activity,36.55422,128.28843,90,,경북 문경시 영순면 이목리 51-1 · 한국관광공사 연관 관광지 · 카카오 좌표,0,0,0,0,0,1,,,,,,96db458ed63b3e34a1c3d63a8ad444ea67ab6b77
ro902,산청,덕천서원,덕천서원,herit,35.27465,127.83319,60,,경남 산청군 시천면 남명로 137 · 한국관광공사 연관 관광지 · 카카오 좌표,0,0,0,0,0,1,,,,,,96db458ed63b3e34a1c3d63a8ad444ea67ab6b77
ro903,상주,경천섬공원,경천섬공원,heal,36.43992,128.25971,60,,경북 상주시 중동면 오상리 · 한국관광공사 연관 관광지 · 카카오 좌표,0,0,0,0,0,1,,,,,,96db458ed63b3e34a1c3d63a8ad444ea67ab6b77
ro904,고령,우륵박물관,우륵박물관,herit,35.74235,128.26378,60,,경북 고령군 대가야읍 가야금길 98 · 한국관광공사 연관 관광지 · 카카오 좌표,0,0,0,0,0,1,,,,,,96db458ed63b3e34a1c3d63a8ad444ea67ab6b77
ro905,창녕,창녕우포곤충나라,창녕우포곤충나라,herit,35.56553,128.41797,60,,경남 창녕군 대합면 우포2로 333 · 한국관광공사 연관 관광지 · 카카오 좌표,0,0,0,0,0,1,,,,,,96db458ed63b3e34a1c3d63a8ad444ea67ab6b77
ro906,창녕,화왕산자연휴양림,화왕산자연휴양림,heal,35.54569,128.5689,60,,경남 창녕군 고암면 청간길 128-126 · 한국관광공사 연관 관광지 · 카카오 좌표,0,0,0,0,0,1,,,,,,96db458ed63b3e34a1c3d63a8ad444ea67ab6b77
ro907,예산,스플라스 스파&워터파크,스플라스 스파&워터파크,activity,36.69395,126.65653,90,,충남 예산군 덕산면 온천단지3로 45-7 · 한국관광공사 연관 관광지 · 카카오 좌표,0,0,0,0,0,1,,,,,,96db458ed63b3e34a1c3d63a8ad444ea67ab6b77
ro908,양주,가나아트파크,가나아트파크,herit,37.72557,126.94966,60,,경기 양주시 장흥면 권율로 117 · 한국관광공사 연관 관광지 · 카카오 좌표,0,0,0,0,0,1,,,,,,96db458ed63b3e34a1c3d63a8ad444ea67ab6b77
ro909,청송,청송자연휴양림,청송자연휴양림,heal,36.3179,129.05376,60,,경북 청송군 부남면 청송로 3478-96 · 한국관광공사 연관 관광지 · 카카오 좌표,0,0,0,0,0,1,,,,,,96db458ed63b3e34a1c3d63a8ad444ea67ab6b77
ro910,서울,영화사,영화사,herit,37.55417,127.09796,60,,서울 광진구 영화사로 107 · 한국관광공사 연관 관광지 · 카카오 좌표,0,0,0,0,0,1,,,,,,96db458ed63b3e34a1c3d63a8ad444ea67ab6b77
ro912,서울,대한불교조계종 연화사,대한불교조계종 연화사,herit,37.59435,127.05047,60,,서울 동대문구 경희대로3길 56 · 한국관광공사 연관 관광지 · 카카오 좌표,0,0,0,0,0,1,,,,,,96db458ed63b3e34a1c3d63a8ad444ea67ab6b77
ro913,서울,뚝도시장,뚝도시장,food,37.5378,127.05483,50,,서울 성동구 성수이로 32-15 · 한국관광공사 연관 관광지 · 카카오 좌표,0,0,0,0,0,1,,,,,,96db458ed63b3e34a1c3d63a8ad444ea67ab6b77
ro914,서울,마곡실내배드민턴장,마곡실내배드민턴장,activity,37.57325,126.83122,90,,서울 강서구 양천로 251 · 한국관광공사 연관 관광지 · 카카오 좌표,0,0,0,0,0,1,,,,,,96db458ed63b3e34a1c3d63a8ad444ea67ab6b77
ro915,서울,흥천사,흥천사,herit,37.59831,127.00925,60,,서울 성북구 흥천사길 29 · 한국관광공사 연관 관광지 · 카카오 좌표,0,0,0,0,0,1,,,,,,96db458ed63b3e34a1c3d63a8ad444ea67ab6b77
ro916,서울,서울함공원,서울함공원,heal,37.55316,126.8979,60,,서울 마포구 마포나루길 407 · 한국관광공사 연관 관광지 · 카카오 좌표,0,0,0,0,0,1,,,,,,96db458ed63b3e34a1c3d63a8ad444ea67ab6b77
ro917,부산,부산콘서트홀,부산콘서트홀,activity,35.16943,129.0544,90,,부산 부산진구 동평로 250 · 한국관광공사 연관 관광지 · 카카오 좌표,0,0,0,0,0,1,,,,,,96db458ed63b3e34a1c3d63a8ad444ea67ab6b77
ro918,부산,연동시장,연동시장,food,35.18886,129.09254,50,,부산 연제구 연동로8번길 22 · 한국관광공사 연관 관광지 · 카카오 좌표,0,0,0,0,0,1,,,,,,96db458ed63b3e34a1c3d63a8ad444ea67ab6b77
ro920,부산,수영팔도상가시장,수영팔도상가시장,food,35.1699,129.11692,50,,부산 수영구 수영성로27번길 15 · 한국관광공사 연관 관광지 · 카카오 좌표,0,0,0,0,0,1,,,,,,96db458ed63b3e34a1c3d63a8ad444ea67ab6b77
ro921,거창,거창사과테마파크,거창사과테마파크,activity,35.67401,127.92197,90,,경남 거창군 거창읍 거함대로 3372-60 · 한국관광공사 연관 관광지 · 카카오 좌표,0,0,0,0,0,1,,,,,,96db458ed63b3e34a1c3d63a8ad444ea67ab6b77
ro922,보성,보성열화정,보성열화정,herit,34.76377,127.18788,60,,전남광주통합특별시 보성군 득량면 오봉리 230 · 한국관광공사 연관 관광지 · 카카오 좌표,0,0,0,0,0,1,,,,,,96db458ed63b3e34a1c3d63a8ad444ea67ab6b77
ro923,부산,대저생태공원,대저생태공원,heal,35.19904,128.97314,60,,부산 강서구 대저1동 1-34 · 한국관광공사 연관 관광지 · 카카오 좌표,0,0,0,0,0,1,,,,,,96db458ed63b3e34a1c3d63a8ad444ea67ab6b77
ro924,서울,청계천박물관,청계천박물관,herit,37.5713,127.03511,60,,서울 성동구 청계천로 530 · 한국관광공사 연관 관광지 · 카카오 좌표,0,0,0,0,0,1,,,,,,96db458ed63b3e34a1c3d63a8ad444ea67ab6b77
ro925,서울,모래내시장 먹자골목,모래내시장 먹자골목,food,37.56933,126.91614,50,,서울 서대문구 남가좌동 110-4 · 한국관광공사 연관 관광지 · 카카오 좌표,0,0,0,0,0,1,,,,,,96db458ed63b3e34a1c3d63a8ad444ea67ab6b77
ro926,횡성,횡성호수길축제,횡성호수길축제,activity,37.54978,128.06261,90,,강원특별자치도 횡성군 갑천면 구방리 산 164 · 한국관광공사 연관 관광지 · 카카오 좌표,0,0,0,0,0,1,,,,,,96db458ed63b3e34a1c3d63a8ad444ea67ab6b77
ro927,수원,아쿠아플라넷 광교,아쿠아플라넷 광교,activity,37.2844,127.05846,90,,경기 수원시 영통구 광교호수공원로 300 · 한국관광공사 연관 관광지 · 카카오 좌표,0,0,0,0,0,1,,,,,,96db458ed63b3e34a1c3d63a8ad444ea67ab6b77
ro928,용인,기흥레스피아호수공원 반려동물놀이터,기흥레스피아호수공원 반려동물놀이터,heal,37.25374,127.09525,60,,경기 용인시 기흥구 하갈동 126-6 · 한국관광공사 연관 관광지 · 카카오 좌표,0,0,0,0,0,1,,,,,,96db458ed63b3e34a1c3d63a8ad444ea67ab6b77
ro929,시흥,오이도 빨강등대,오이도 빨강등대,activity,37.34546,126.68751,90,,경기 시흥시 오이도로 170 · 한국관광공사 연관 관광지 · 카카오 좌표,0,0,0,0,0,1,,,,,,96db458ed63b3e34a1c3d63a8ad444ea67ab6b77
ro930,청주,운보의집,운보의집,herit,36.69223,127.56511,60,,충북 청주시 청원구 내수읍 형동2길 92-41 · 한국관광공사 연관 관광지 · 카카오 좌표,0,0,0,0,0,1,,,,,,96db458ed63b3e34a1c3d63a8ad444ea67ab6b77
ro931,대구,2026 대구치맥페스티벌,2026 대구치맥페스티벌,activity,35.85128,128.55744,90,,대구 달서구 두류동 산 133 · 한국관광공사 연관 관광지 · 카카오 좌표,0,0,0,0,0,1,,,,,,96db458ed63b3e34a1c3d63a8ad444ea67ab6b77
ro932,전주,전주한지박물관,전주한지박물관,herit,35.84903,127.10025,60,,전북특별자치도 전주시 덕진구 팔복로 59 · 한국관광공사 연관 관광지 · 카카오 좌표,0,0,0,0,0,1,,,,,,96db458ed63b3e34a1c3d63a8ad444ea67ab6b77
ro933,완주,고산자연휴양림,고산자연휴양림,heal,35.96224,127.2329,60,,전북특별자치도 완주군 고산면 고산휴양림로 246 · 한국관광공사 연관 관광지 · 카카오 좌표,0,0,0,0,0,1,,,,,,96db458ed63b3e34a1c3d63a8ad444ea67ab6b77
ro934,인천,드림파크야생화단지,드림파크야생화단지,heal,37.57542,126.65349,60,,인천 검단구 · 한국관광공사 연관 관광지 · 카카오 좌표,0,0,0,0,0,1,,,,,,96db458ed63b3e34a1c3d63a8ad444ea67ab6b77
ro935,장흥,보림사,보림사,herit,34.80749,126.89674,60,,전남광주통합특별시 장흥군 유치면 보림사로 224 · 한국관광공사 연관 관광지 · 카카오 좌표,0,0,0,0,0,1,,,,,,96db458ed63b3e34a1c3d63a8ad444ea67ab6b77
ro936,용인,용인시박물관,용인시박물관,herit,37.27387,127.15721,60,,경기 용인시 기흥구 동백3로 79 · 한국관광공사 연관 관광지 · 카카오 좌표,0,0,0,0,0,1,,,,,,96db458ed63b3e34a1c3d63a8ad444ea67ab6b77
ro937,보은,보은스포츠파크 야구장,보은스포츠파크 야구장,activity,36.48536,127.73218,90,,충북 보은군 보은읍 군청길 71 · 한국관광공사 연관 관광지 · 카카오 좌표,0,0,0,0,0,1,,,,,,96db458ed63b3e34a1c3d63a8ad444ea67ab6b77
ro938,경기광주,곤지암호국스포츠타운,곤지암호국스포츠타운,heal,37.36043,127.32125,60,,경기 광주시 곤지암읍 삼리 612-14 · 한국관광공사 연관 관광지 · 카카오 좌표,0,0,0,0,0,1,,,,,,96db458ed63b3e34a1c3d63a8ad444ea67ab6b77
ro939,시흥,연꽃테마파크,연꽃테마파크,activity,37.40225,126.80723,90,,경기 시흥시 관곡지로 139 · 한국관광공사 연관 관광지 · 카카오 좌표,0,0,0,0,0,1,,,,,,96db458ed63b3e34a1c3d63a8ad444ea67ab6b77
ro940,장성,황룡시장,황룡시장,food,35.29135,126.77391,50,,전남광주통합특별시 장성군 황룡면 삼월길 5 · 한국관광공사 연관 관광지 · 카카오 좌표,0,0,0,0,0,1,,,,,,96db458ed63b3e34a1c3d63a8ad444ea67ab6b77
ro941,장성,국립방장산자연휴양림,국립방장산자연휴양림,heal,35.44441,126.74907,60,,전남광주통합특별시 장성군 북이면 죽청리 산 70-1 · 한국관광공사 연관 관광지 · 카카오 좌표,0,0,0,0,0,1,,,,,,96db458ed63b3e34a1c3d63a8ad444ea67ab6b77
ro942,고령,소리체험관,소리체험관,herit,35.74222,128.26427,60,,경북 고령군 대가야읍 가야금길 98 · 한국관광공사 연관 관광지 · 카카오 좌표,0,0,0,0,0,1,,,,,,96db458ed63b3e34a1c3d63a8ad444ea67ab6b77
ro943,상주,낙동강 역사이야기관,낙동강 역사이야기관,herit,36.36639,128.30874,60,,경북 상주시 낙동면 낙동1길 116 · 한국관광공사 연관 관광지 · 카카오 좌표,0,0,0,0,0,1,,,,,,96db458ed63b3e34a1c3d63a8ad444ea67ab6b77
ro944,구미,지산샛강생태공원,지산샛강생태공원,heal,36.13457,128.35277,60,,경북 구미시 지산동 847-72 · 한국관광공사 연관 관광지 · 카카오 좌표,0,0,0,0,0,1,,,,,,96db458ed63b3e34a1c3d63a8ad444ea67ab6b77
ro945,청송,주왕산온천관광호텔 청송솔기온천,주왕산온천관광호텔 청송솔기온천,heal,36.43595,129.06291,60,,경북 청송군 청송읍 중앙로 315 · 한국관광공사 연관 관광지 · 카카오 좌표,0,0,0,0,0,1,,,,,,96db458ed63b3e34a1c3d63a8ad444ea67ab6b77
ro946,세종,국립어린이박물관,국립어린이박물관,herit,36.48862,127.27338,60,,세종특별자치시 어울누리로 130 · 한국관광공사 연관 관광지 · 카카오 좌표,0,0,0,0,0,1,,,,,,96db458ed63b3e34a1c3d63a8ad444ea67ab6b77
ro947,세종,고복저수지,고복저수지,sea,36.60634,127.23548,40,,세종특별자치시 연서면 용암리 57 · 한국관광공사 연관 관광지 · 카카오 좌표,0,0,0,0,0,1,,,,,,96db458ed63b3e34a1c3d63a8ad444ea67ab6b77
ro948,세종,세종전통시장,세종전통시장,food,36.60128,127.29956,50,,세종특별자치시 조치원읍 조치원로 26 · 한국관광공사 연관 관광지 · 카카오 좌표,0,0,0,0,0,1,,,,,,96db458ed63b3e34a1c3d63a8ad444ea67ab6b77
ro949,서울,성대전통시장,성대전통시장,food,37.49921,126.93086,50,,서울 동작구 국사봉1길 41 · 한국관광공사 연관 관광지 · 카카오 좌표,0,0,0,0,0,1,,,,,,96db458ed63b3e34a1c3d63a8ad444ea67ab6b77
ro950,서울,대신시장,대신시장,food,37.51093,126.9175,50,,서울 영등포구 도신로60길 7 · 한국관광공사 연관 관광지 · 카카오 좌표,0,0,0,0,0,1,,,,,,96db458ed63b3e34a1c3d63a8ad444ea67ab6b77
ro952,서울,상계중앙시장,상계중앙시장,food,37.65965,127.07028,50,,서울 노원구 상계로23나길 33 · 한국관광공사 연관 관광지 · 카카오 좌표,0,0,0,0,0,1,,,,,,96db458ed63b3e34a1c3d63a8ad444ea67ab6b77
ro953,서울,서울로봇인공지능과학관,서울로봇인공지능과학관,herit,37.65558,127.04951,60,,서울 도봉구 마들로13길 56 · 한국관광공사 연관 관광지 · 카카오 좌표,0,0,0,0,0,1,,,,,,96db458ed63b3e34a1c3d63a8ad444ea67ab6b77
ro954,서울,점프,점프,activity,37.63747,127.07342,90,,서울 노원구 한글비석로 102 · 한국관광공사 연관 관광지 · 카카오 좌표,0,0,0,0,0,1,,,,,,96db458ed63b3e34a1c3d63a8ad444ea67ab6b77
ro956,서울,삼성동시장,삼성동시장,food,37.47002,126.93211,50,,서울 관악구 원신2길 55 · 한국관광공사 연관 관광지 · 카카오 좌표,0,0,0,0,0,1,,,,,,96db458ed63b3e34a1c3d63a8ad444ea67ab6b77
ro957,서울,서울연극창작센터,서울연극창작센터,activity,37.5892,127.0061,90,,서울 성북구 성북로 8 · 한국관광공사 연관 관광지 · 카카오 좌표,0,0,0,0,0,1,,,,,,96db458ed63b3e34a1c3d63a8ad444ea67ab6b77
ro958,서울,서울시립 서서울미술관,서울시립 서서울미술관,herit,37.45775,126.89554,60,,서울 금천구 시흥대로79길 65 · 한국관광공사 연관 관광지 · 카카오 좌표,0,0,0,0,0,1,,,,,,96db458ed63b3e34a1c3d63a8ad444ea67ab6b77
ro959,서울,대성사,대성사,herit,37.47602,127.01347,60,,서울 서초구 남부순환로328길 49 · 한국관광공사 연관 관광지 · 카카오 좌표,0,0,0,0,0,1,,,,,,96db458ed63b3e34a1c3d63a8ad444ea67ab6b77
ro960,서울,강동아트센터,강동아트센터,activity,37.5513,127.15756,90,,서울 강동구 동남로 870 · 한국관광공사 연관 관광지 · 카카오 좌표,0,0,0,0,0,1,,,,,,96db458ed63b3e34a1c3d63a8ad444ea67ab6b77
ro961,부산,부산119안전체험관,부산119안전체험관,heal,35.21795,129.07401,60,,부산 동래구 우장춘로 117 · 한국관광공사 연관 관광지 · 카카오 좌표,0,0,0,0,0,1,,,,,,96db458ed63b3e34a1c3d63a8ad444ea67ab6b77
ro962,부산,을숙도문화회관 들락날락,을숙도문화회관 들락날락,activity,35.11005,128.94468,90,,부산 사하구 낙동남로1233번길 25 · 한국관광공사 연관 관광지 · 카카오 좌표,0,0,0,0,0,1,,,,,,96db458ed63b3e34a1c3d63a8ad444ea67ab6b77
ro963,부산,부산광역시교육청 학생안전체험관,부산광역시교육청 학생안전체험관,heal,35.10645,128.92541,60,,부산 강서구 영강길81번길 24 · 한국관광공사 연관 관광지 · 카카오 좌표,0,0,0,0,0,1,,,,,,96db458ed63b3e34a1c3d63a8ad444ea67ab6b77
ro964,부산,낙동아트센터,낙동아트센터,activity,35.10202,128.90405,90,,부산 강서구 명지국제1로 141 · 한국관광공사 연관 관광지 · 카카오 좌표,0,0,0,0,0,1,,,,,,96db458ed63b3e34a1c3d63a8ad444ea67ab6b77
ro965,부산,천성항,천성항,sea,35.0283,128.81538,40,,부산 강서구 천성동 646-2 · 한국관광공사 연관 관광지 · 카카오 좌표,0,0,0,0,0,1,,,,,,96db458ed63b3e34a1c3d63a8ad444ea67ab6b77
ro966,고양,행주산성 역사공원,행주산성 역사공원,heal,37.59726,126.81909,60,,경기 고양시 덕양구 행주외동 500 · 한국관광공사 연관 관광지 · 카카오 좌표,0,0,0,0,0,1,,,,,,96db458ed63b3e34a1c3d63a8ad444ea67ab6b77
ro967,고양,고양CC,고양CC,activity,37.63802,126.85837,90,,경기 고양시 덕양구 도내동 1129 · 한국관광공사 연관 관광지 · 카카오 좌표,0,0,0,0,0,1,,,,,,96db458ed63b3e34a1c3d63a8ad444ea67ab6b77
ro968,부산,다대포항,다대포항,sea,35.05349,128.98389,40,,부산 사하구 다대동 · 한국관광공사 연관 관광지 · 카카오 좌표,0,0,0,0,0,1,,,,,,96db458ed63b3e34a1c3d63a8ad444ea67ab6b77
ro969,부산,광안리해양레포츠센터,광안리해양레포츠센터,activity,35.14614,129.11531,90,,부산 수영구 광안해변로54번길 222 · 한국관광공사 연관 관광지 · 카카오 좌표,0,0,0,0,0,1,,,,,,96db458ed63b3e34a1c3d63a8ad444ea67ab6b77
ro971,봉화,봉화은어축제,봉화은어축제,activity,36.89026,128.73786,90,,경북 봉화군 봉화읍 내성리 506 · 한국관광공사 연관 관광지 · 카카오 좌표,0,0,0,0,0,1,,,,,,96db458ed63b3e34a1c3d63a8ad444ea67ab6b77
ro972,서울,서울시립 남서울미술관,서울시립 남서울미술관,herit,37.47608,126.97948,60,,서울 관악구 남부순환로 2076 · 한국관광공사 연관 관광지 · 카카오 좌표,0,0,0,0,0,1,,,,,,96db458ed63b3e34a1c3d63a8ad444ea67ab6b77
ro973,서울,서울풍물시장,서울풍물시장,food,37.57282,127.02539,50,,서울 동대문구 천호대로4길 21 · 한국관광공사 연관 관광지 · 카카오 좌표,0,0,0,0,0,1,,,,,,96db458ed63b3e34a1c3d63a8ad444ea67ab6b77
ro974,서울,홍릉시험림,홍릉시험림,heal,37.59396,127.04485,60,,서울 동대문구 회기로 57 · 한국관광공사 연관 관광지 · 카카오 좌표,0,0,0,0,0,1,,,,,,96db458ed63b3e34a1c3d63a8ad444ea67ab6b77
ro975,서울,파리문화공원,파리문화공원,heal,37.53477,126.87716,60,,서울 양천구 목동 906 · 한국관광공사 연관 관광지 · 카카오 좌표,0,0,0,0,0,1,,,,,,96db458ed63b3e34a1c3d63a8ad444ea67ab6b77
ro976,서울,노들나루공원,노들나루공원,heal,37.51372,126.95362,60,,서울 동작구 노량진로 247 · 한국관광공사 연관 관광지 · 카카오 좌표,0,0,0,0,0,1,,,,,,96db458ed63b3e34a1c3d63a8ad444ea67ab6b77
rs1,삼척,쏠비치 삼척,쏠비치 삼척,stay,37.47143,129.16413,30,,강원특별자치도 삼척시 수로부인길 453 · 한국관광공사 연관 관광지(숙박) · 카카오 좌표,0,0,0,0,0,0,lodging,,,,,96db458ed63b3e34a1c3d63a8ad444ea67ab6b77
rs2,고성(강원),소노캄 델피노,소노캄 델피노,stay,38.21059,128.49384,30,,강원특별자치도 고성군 토성면 미시령옛길 1153 · 한국관광공사 연관 관광지(숙박) · 카카오 좌표,0,0,0,0,0,0,lodging,,,,,96db458ed63b3e34a1c3d63a8ad444ea67ab6b77
rs3,고성(강원),소노벨 델피노,소노벨 델피노,stay,38.21196,128.49459,30,,강원특별자치도 고성군 토성면 미시령옛길 1153 · 한국관광공사 연관 관광지(숙박) · 카카오 좌표,0,0,0,0,0,0,lodging,,,,,96db458ed63b3e34a1c3d63a8ad444ea67ab6b77
rs4,속초,한화리조트 설악 쏘라노,한화리조트 설악 쏘라노,stay,38.21062,128.52861,30,,강원특별자치도 속초시 미시령로2983번길 111 · 한국관광공사 연관 관광지(숙박) · 카카오 좌표,0,0,0,0,0,0,lodging,,,,,96db458ed63b3e34a1c3d63a8ad444ea67ab6b77
rs5,속초,현대수리조트,현대수리조트,stay,38.19977,128.54504,30,,강원특별자치도 속초시 이목로 153 · 한국관광공사 연관 관광지(숙박) · 카카오 좌표,0,0,0,0,0,0,lodging,,,,,96db458ed63b3e34a1c3d63a8ad444ea67ab6b77
rs6,속초,체스터톤스속초,체스터톤스속초,stay,38.19418,128.58053,30,,강원특별자치도 속초시 엑스포로 109 · 한국관광공사 연관 관광지(숙박) · 카카오 좌표,0,0,0,0,0,0,lodging,,,,,96db458ed63b3e34a1c3d63a8ad444ea67ab6b77
rs7,양양,쏠비치 양양,쏠비치 양양,stay,38.08698,128.66567,30,,강원특별자치도 양양군 손양면 선사유적로 678 · 한국관광공사 연관 관광지(숙박) · 카카오 좌표,0,0,0,0,0,0,lodging,,,,,96db458ed63b3e34a1c3d63a8ad444ea67ab6b77
rs8,통영,금호리조트 통영마리나,금호리조트 통영마리나,stay,34.82745,128.44016,30,,경남 통영시 큰발개1길 33 · 한국관광공사 연관 관광지(숙박) · 카카오 좌표,0,0,0,0,0,0,lodging,,,,,96db458ed63b3e34a1c3d63a8ad444ea67ab6b77
rs9,속초,금호리조트 설악,금호리조트 설악,stay,38.18181,128.54954,30,,강원특별자치도 속초시 사당골길 43 · 한국관광공사 연관 관광지(숙박) · 카카오 좌표,0,0,0,0,0,0,lodging,,,,,96db458ed63b3e34a1c3d63a8ad444ea67ab6b77
rs10,속초,속초 아이파크스위트 호텔앤리조트,속초 아이파크스위트 호텔앤리조트,stay,38.21348,128.59668,30,,강원특별자치도 속초시 중앙로 266 · 한국관광공사 연관 관광지(숙박) · 카카오 좌표,0,0,0,0,0,0,lodging,,,,,96db458ed63b3e34a1c3d63a8ad444ea67ab6b77
rs11,고성(강원),소노펠리체 빌리지 델피노,소노펠리체 빌리지 델피노,stay,38.21061,128.49084,30,,강원특별자치도 고성군 토성면 미시령옛길 1153 · 한국관광공사 연관 관광지(숙박) · 카카오 좌표,0,0,0,0,0,0,lodging,,,,,96db458ed63b3e34a1c3d63a8ad444ea67ab6b77
rs12,고성(강원),켄싱턴리조트 설악비치,켄싱턴리조트 설악비치,stay,38.24291,128.57251,30,,강원특별자치도 고성군 토성면 동해대로 4800 · 한국관광공사 연관 관광지(숙박) · 카카오 좌표,0,0,0,0,0,0,lodging,,,,,96db458ed63b3e34a1c3d63a8ad444ea67ab6b77
rs13,여수,소노캄 여수,소노캄 여수,stay,34.74237,127.75455,30,,전남광주통합특별시 여수시 오동도로 111 · 한국관광공사 연관 관광지(숙박) · 카카오 좌표,0,0,0,0,0,0,lodging,,,,,96db458ed63b3e34a1c3d63a8ad444ea67ab6b77
rs14,인천,인스파이어 엔터테인먼트 리조트,인스파이어 엔터테인먼트 리조트,stay,37.46551,126.38866,30,,인천 영종구 공항문화로 127 · 한국관광공사 연관 관광지(숙박) · 카카오 좌표,0,0,0,0,0,0,lodging,,,,,96db458ed63b3e34a1c3d63a8ad444ea67ab6b77
rs15,강릉,썬크루즈호텔&리조트,썬크루즈호텔&리조트,stay,37.68345,129.04393,30,,강원특별자치도 강릉시 강동면 헌화로 950-39 · 한국관광공사 연관 관광지(숙박) · 카카오 좌표,0,0,0,0,0,0,lodging,,,,,96db458ed63b3e34a1c3d63a8ad444ea67ab6b77
rs16,경주,한화리조트 경주 에톤,한화리조트 경주 에톤,stay,35.8608,129.27023,30,,경북 경주시 보문로 182-27 · 한국관광공사 연관 관광지(숙박) · 카카오 좌표,0,0,0,0,0,0,lodging,,,,,96db458ed63b3e34a1c3d63a8ad444ea67ab6b77
rs17,영덕,파나크 영덕 바이소노벨,파나크 영덕 바이소노벨,stay,36.3484,129.3868,30,,경북 영덕군 강구면 해상공원길 200 · 한국관광공사 연관 관광지(숙박) · 카카오 좌표,0,0,0,0,0,0,lodging,,,,,96db458ed63b3e34a1c3d63a8ad444ea67ab6b77
rs18,속초,라마다호텔 속초,라마다호텔 속초,stay,38.17424,128.61014,30,,강원특별자치도 속초시 대포항희망길 106 · 한국관광공사 연관 관광지(숙박) · 카카오 좌표,0,0,0,0,0,0,lodging,,,,,96db458ed63b3e34a1c3d63a8ad444ea67ab6b77
rs19,속초,롯데리조트 속초,롯데리조트 속초,stay,38.18072,128.6132,30,,강원특별자치도 속초시 대포항길 186 · 한국관광공사 연관 관광지(숙박) · 카카오 좌표,0,0,0,0,0,0,lodging,,,,,96db458ed63b3e34a1c3d63a8ad444ea67ab6b77
rs20,경주,소노캄 경주,소노캄 경주,stay,35.84677,129.28183,30,,경북 경주시 보문로 402-12 · 한국관광공사 연관 관광지(숙박) · 카카오 좌표,0,0,0,0,0,0,lodging,,,,,96db458ed63b3e34a1c3d63a8ad444ea67ab6b77
rs21,강릉,SL호텔 강릉,SL호텔 강릉,stay,37.88921,128.82544,30,,강원특별자치도 강릉시 주문진읍 주문로 59 · 한국관광공사 연관 관광지(숙박) · 카카오 좌표,0,0,0,0,0,0,lodging,,,,,96db458ed63b3e34a1c3d63a8ad444ea67ab6b77
rs22,여수,신라스테이 여수,신라스테이 여수,stay,34.74406,127.74876,30,,전남광주통합특별시 여수시 수정3길 8 · 한국관광공사 연관 관광지(숙박) · 카카오 좌표,0,0,0,0,0,0,lodging,,,,,96db458ed63b3e34a1c3d63a8ad444ea67ab6b77
rs23,부산,한화리조트 해운대,한화리조트 해운대,stay,35.15438,129.14496,30,,부산 해운대구 마린시티3로 52 · 한국관광공사 연관 관광지(숙박) · 카카오 좌표,0,0,0,0,0,0,lodging,,,,,96db458ed63b3e34a1c3d63a8ad444ea67ab6b77
rs24,강릉,라카이샌드파인,라카이샌드파인,stay,37.80611,128.9045,30,,강원특별자치도 강릉시 해안로 536 · 한국관광공사 연관 관광지(숙박) · 카카오 좌표,0,0,0,0,0,0,lodging,,,,,96db458ed63b3e34a1c3d63a8ad444ea67ab6b77
rs25,태안,서초휴양소 태안점,서초휴양소 태안점,stay,36.69898,126.28797,30,,충남 태안군 남면 안면대로 571-12 · 한국관광공사 연관 관광지(숙박) · 카카오 좌표,0,0,0,0,0,0,lodging,,,,,96db458ed63b3e34a1c3d63a8ad444ea67ab6b77
rs26,강릉,탑스텐호텔,탑스텐호텔,stay,37.65466,129.05292,30,,강원특별자치도 강릉시 옥계면 헌화로 455-34 · 한국관광공사 연관 관광지(숙박) · 카카오 좌표,0,0,0,0,0,0,lodging,,,,,96db458ed63b3e34a1c3d63a8ad444ea67ab6b77
rs27,여수,라마다프라자바이윈덤 여수,라마다프라자바이윈덤 여수,stay,34.71701,127.74828,30,,전남광주통합특별시 여수시 돌산읍 강남로 11 · 한국관광공사 연관 관광지(숙박) · 카카오 좌표,0,0,0,0,0,0,lodging,,,,,96db458ed63b3e34a1c3d63a8ad444ea67ab6b77
rs28,고성(강원),켄싱턴리조트 설악밸리,켄싱턴리조트 설악밸리,stay,38.22819,128.49348,30,,강원특별자치도 고성군 토성면 신평골길 8-25 · 한국관광공사 연관 관광지(숙박) · 카카오 좌표,0,0,0,0,0,0,lodging,,,,,96db458ed63b3e34a1c3d63a8ad444ea67ab6b77
rs29,여수,유탑마리나호텔&리조트,유탑마리나호텔&리조트,stay,34.74443,127.75062,30,,전남광주통합특별시 여수시 오동도로 61-15 · 한국관광공사 연관 관광지(숙박) · 카카오 좌표,0,0,0,0,0,0,lodging,,,,,96db458ed63b3e34a1c3d63a8ad444ea67ab6b77
rs30,제주,소노벨 제주,소노벨 제주,stay,33.54138,126.67167,30,,제주특별자치도 제주시 조천읍 신북로 577 · 한국관광공사 연관 관광지(숙박) · 카카오 좌표,0,0,0,0,0,0,lodging,,,,,96db458ed63b3e34a1c3d63a8ad444ea67ab6b77
rs31,부안,소노벨 변산,소노벨 변산,stay,35.63162,126.47027,30,,전북특별자치도 부안군 변산면 격포리 257 · 한국관광공사 연관 관광지(숙박) · 카카오 좌표,0,0,0,0,0,0,lodging,,,,,96db458ed63b3e34a1c3d63a8ad444ea67ab6b77
rs32,서울,그랜드 하얏트 서울,그랜드 하얏트 서울,stay,37.53944,126.99708,30,,서울 용산구 소월로 322 · 한국관광공사 연관 관광지(숙박) · 카카오 좌표,0,0,0,0,0,0,lodging,,,,,96db458ed63b3e34a1c3d63a8ad444ea67ab6b77
rs33,경주,라한셀렉트 경주,라한셀렉트 경주,stay,35.85032,129.27702,30,,경북 경주시 보문로 338 · 한국관광공사 연관 관광지(숙박) · 카카오 좌표,0,0,0,0,0,0,lodging,,,,,96db458ed63b3e34a1c3d63a8ad444ea67ab6b77
rs34,통영,스탠포드호텔앤리조트 통영,스탠포드호텔앤리조트 통영,stay,34.82438,128.43941,30,,경남 통영시 도남로 347 · 한국관광공사 연관 관광지(숙박) · 카카오 좌표,0,0,0,0,0,0,lodging,,,,,96db458ed63b3e34a1c3d63a8ad444ea67ab6b77
rs35,영월,탑스텐리조트 동강시스타,탑스텐리조트 동강시스타,stay,37.21776,128.51874,30,,강원특별자치도 영월군 영월읍 사지막길 160 · 한국관광공사 연관 관광지(숙박) · 카카오 좌표,0,0,0,0,0,0,lodging,,,,,96db458ed63b3e34a1c3d63a8ad444ea67ab6b77
rs36,양양,더앤리조트,더앤리조트,stay,37.94213,128.76959,30,,강원특별자치도 양양군 현남면 개매길 260 · 한국관광공사 연관 관광지(숙박) · 카카오 좌표,0,0,0,0,0,0,lodging,,,,,96db458ed63b3e34a1c3d63a8ad444ea67ab6b77
rs37,동해,동해보양온천컨벤션호텔,동해보양온천컨벤션호텔,stay,37.59267,129.08712,30,,강원특별자치도 동해시 동해대로 6285 · 한국관광공사 연관 관광지(숙박) · 카카오 좌표,0,0,0,0,0,0,lodging,,,,,96db458ed63b3e34a1c3d63a8ad444ea67ab6b77
rs38,강릉,스카이베이호텔 경포,스카이베이호텔 경포,stay,37.80431,128.90774,30,,강원특별자치도 강릉시 해안로 476 · 한국관광공사 연관 관광지(숙박) · 카카오 좌표,0,0,0,0,0,0,lodging,,,,,96db458ed63b3e34a1c3d63a8ad444ea67ab6b77
rs39,여수,디오션리조트,디오션리조트,stay,34.73339,127.64342,30,,전남광주통합특별시 여수시 소호로 295 · 한국관광공사 연관 관광지(숙박) · 카카오 좌표,0,0,0,0,0,0,lodging,,,,,96db458ed63b3e34a1c3d63a8ad444ea67ab6b77
rs40,속초,리센오션파크속초A동,리센오션파크속초A동,stay,38.18898,128.60334,30,,강원특별자치도 속초시 해오름로 167 · 한국관광공사 연관 관광지(숙박) · 카카오 좌표,0,0,0,0,0,0,lodging,,,,,96db458ed63b3e34a1c3d63a8ad444ea67ab6b77
rs41,여수,여수베네치아호텔앤스위트,여수베네치아호텔앤스위트,stay,34.74579,127.75188,30,,전남광주통합특별시 여수시 오동도로 61-13 · 한국관광공사 연관 관광지(숙박) · 카카오 좌표,0,0,0,0,0,0,lodging,,,,,96db458ed63b3e34a1c3d63a8ad444ea67ab6b77
rs42,경주,켄싱턴리조트 경주,켄싱턴리조트 경주,stay,35.86073,129.2684,30,,경북 경주시 보문로 182-29 · 한국관광공사 연관 관광지(숙박) · 카카오 좌표,0,0,0,0,0,0,lodging,,,,,96db458ed63b3e34a1c3d63a8ad444ea67ab6b77
rs43,정선,메이힐스리조트,메이힐스리조트,stay,37.21127,128.83541,30,,강원특별자치도 정선군 고한읍 물한리길 8 · 한국관광공사 연관 관광지(숙박) · 카카오 좌표,0,0,0,0,0,0,lodging,,,,,96db458ed63b3e34a1c3d63a8ad444ea67ab6b77
rs44,삼척,씨스포빌,씨스포빌,stay,37.396,129.22083,30,,강원특별자치도 삼척시 근덕면 상맹방길 30-80 · 한국관광공사 연관 관광지(숙박) · 카카오 좌표,0,0,0,0,0,0,lodging,,,,,96db458ed63b3e34a1c3d63a8ad444ea67ab6b77
rs45,경주,경주 코오롱호텔,경주 코오롱호텔,stay,35.78793,129.32185,30,,경북 경주시 불국로 289-17 · 한국관광공사 연관 관광지(숙박) · 카카오 좌표,0,0,0,0,0,0,lodging,,,,,96db458ed63b3e34a1c3d63a8ad444ea67ab6b77
rs46,정선,하이원리조트 힐콘도,하이원리조트 힐콘도,stay,37.20682,128.83772,30,,강원특별자치도 정선군 고한읍 하이원길 424 · 한국관광공사 연관 관광지(숙박) · 카카오 좌표,0,0,0,0,0,0,lodging,,,,,96db458ed63b3e34a1c3d63a8ad444ea67ab6b77
rs47,여수,오션힐호텔,오션힐호텔,stay,34.7187,127.74639,30,,전남광주통합특별시 여수시 돌산읍 강남해안로 81 · 한국관광공사 연관 관광지(숙박) · 카카오 좌표,0,0,0,0,0,0,lodging,,,,,96db458ed63b3e34a1c3d63a8ad444ea67ab6b77
rs48,여수,히든베이호텔,히든베이호텔,stay,34.72142,127.6989,30,,전남광주통합특별시 여수시 신월로 496-25 · 한국관광공사 연관 관광지(숙박) · 카카오 좌표,0,0,0,0,0,0,lodging,,,,,96db458ed63b3e34a1c3d63a8ad444ea67ab6b77
rs49,여수,호텔헤이븐,호텔헤이븐,stay,34.73239,127.74909,30,,전남광주통합특별시 여수시 돌산읍 진두해안길 131 · 한국관광공사 연관 관광지(숙박) · 카카오 좌표,0,0,0,0,0,0,lodging,,,,,96db458ed63b3e34a1c3d63a8ad444ea67ab6b77
rs50,제주,휘닉스 아일랜드,휘닉스 아일랜드,stay,33.43032,126.92937,30,,제주특별자치도 서귀포시 성산읍 섭지코지로 107 · 한국관광공사 연관 관광지(숙박) · 카카오 좌표,0,0,0,0,0,0,lodging,,,,,96db458ed63b3e34a1c3d63a8ad444ea67ab6b77
rs51,예산,스플라스 리솜,스플라스 리솜,stay,36.69394,126.65638,30,,충남 예산군 덕산면 온천단지3로 45-7 · 한국관광공사 연관 관광지(숙박) · 카카오 좌표,0,0,0,0,0,0,lodging,,,,,96db458ed63b3e34a1c3d63a8ad444ea67ab6b77
rs52,속초,씨크루즈호텔속초,씨크루즈호텔속초,stay,38.20132,128.58707,30,,강원특별자치도 속초시 청초호반로 273 · 한국관광공사 연관 관광지(숙박) · 카카오 좌표,0,0,0,0,0,0,lodging,,,,,96db458ed63b3e34a1c3d63a8ad444ea67ab6b77
rs53,양평,소노벨 양평,소노벨 양평,stay,37.46923,127.53267,30,,경기 양평군 개군면 신내길7번길 55 · 한국관광공사 연관 관광지(숙박) · 카카오 좌표,0,0,0,0,0,0,lodging,,,,,96db458ed63b3e34a1c3d63a8ad444ea67ab6b77
rs54,양양,디그니티호텔,디그니티호텔,stay,38.10853,128.64053,30,,강원특별자치도 양양군 양양읍 일출로 159-5 · 한국관광공사 연관 관광지(숙박) · 카카오 좌표,0,0,0,0,0,0,lodging,,,,,96db458ed63b3e34a1c3d63a8ad444ea67ab6b77
rs55,여수,라테라스리조트앤스파,라테라스리조트앤스파,stay,34.70873,127.75648,30,,전남광주통합특별시 여수시 돌산읍 진모1길 29-12 · 한국관광공사 연관 관광지(숙박) · 카카오 좌표,0,0,0,0,0,0,lodging,,,,,96db458ed63b3e34a1c3d63a8ad444ea67ab6b77
rs56,속초,더블루테라호텔,더블루테라호텔,stay,38.18485,128.60147,30,,강원특별자치도 속초시 동해대로 3920 · 한국관광공사 연관 관광지(숙박) · 카카오 좌표,0,0,0,0,0,0,lodging,,,,,96db458ed63b3e34a1c3d63a8ad444ea67ab6b77
rs57,울진,덕구온천호텔,덕구온천호텔,stay,37.07875,129.28357,30,,경북 울진군 북면 덕구온천로 924 · 한국관광공사 연관 관광지(숙박) · 카카오 좌표,0,0,0,0,0,0,lodging,,,,,96db458ed63b3e34a1c3d63a8ad444ea67ab6b77
rs58,부여,롯데리조트 부여,롯데리조트 부여,stay,36.30403,126.90083,30,,충남 부여군 규암면 백제문로 400 · 한국관광공사 연관 관광지(숙박) · 카카오 좌표,0,0,0,0,0,0,lodging,,,,,96db458ed63b3e34a1c3d63a8ad444ea67ab6b77
rs59,서울,포시즌스 호텔 서울,포시즌스 호텔 서울,stay,37.57068,126.9754,30,,서울 종로구 새문안로 97 · 한국관광공사 연관 관광지(숙박) · 카카오 좌표,0,0,0,0,0,0,lodging,,,,,96db458ed63b3e34a1c3d63a8ad444ea67ab6b77
rs60,경주,힐튼호텔 경주,힐튼호텔 경주,stay,35.83998,129.28576,30,,경북 경주시 보문로 484-7 · 한국관광공사 연관 관광지(숙박) · 카카오 좌표,0,0,0,0,0,0,lodging,,,,,96db458ed63b3e34a1c3d63a8ad444ea67ab6b77
rs61,평창,스테이1538 평창,스테이1538 평창,stay,37.66133,128.67197,30,,강원특별자치도 평창군 대관령면 솔봉로 357 · 한국관광공사 연관 관광지(숙박) · 카카오 좌표,0,0,0,0,0,0,lodging,,,,,96db458ed63b3e34a1c3d63a8ad444ea67ab6b77
rs62,속초,속초마리비스타호텔,속초마리비스타호텔,stay,38.18955,128.5938,30,,강원특별자치도 속초시 동해대로 4027 · 한국관광공사 연관 관광지(숙박) · 카카오 좌표,0,0,0,0,0,0,lodging,,,,,96db458ed63b3e34a1c3d63a8ad444ea67ab6b77
rs63,화순,금호화순스파리조트,금호화순스파리조트,stay,35.16347,127.08384,30,,전남광주통합특별시 화순군 백아면 옥리길 14-21 · 한국관광공사 연관 관광지(숙박) · 카카오 좌표,0,0,0,0,0,0,lodging,,,,,96db458ed63b3e34a1c3d63a8ad444ea67ab6b77
rs64,정선,JS그랜드팰리스,JS그랜드팰리스,stay,37.22663,128.81242,30,,강원특별자치도 정선군 사북읍 지장천로 583 · 한국관광공사 연관 관광지(숙박) · 카카오 좌표,0,0,0,0,0,0,lodging,,,,,96db458ed63b3e34a1c3d63a8ad444ea67ab6b77
rs65,목포,신안비치호텔,신안비치호텔,stay,34.78551,126.36922,30,,전남광주통합특별시 목포시 해안로 2 · 한국관광공사 연관 관광지(숙박) · 카카오 좌표,0,0,0,0,0,0,lodging,,,,,96db458ed63b3e34a1c3d63a8ad444ea67ab6b77
rs66,양평,블룸비스타 호텔앤컨퍼런스,블룸비스타 호텔앤컨퍼런스,stay,37.50037,127.42192,30,,경기 양평군 강하면 강남로 316 · 한국관광공사 연관 관광지(숙박) · 카카오 좌표,0,0,0,0,0,0,lodging,,,,,96db458ed63b3e34a1c3d63a8ad444ea67ab6b77
rs67,거제,호텔리베라 거제,호텔리베라 거제,stay,34.81138,128.70416,30,,경남 거제시 일운면 거제대로 2190 · 한국관광공사 연관 관광지(숙박) · 카카오 좌표,0,0,0,0,0,0,lodging,,,,,96db458ed63b3e34a1c3d63a8ad444ea67ab6b77
rs68,통영,클럽ES통영리조트,클럽ES통영리조트,stay,34.76514,128.40972,30,,경남 통영시 산양읍 척포길 628-113 · 한국관광공사 연관 관광지(숙박) · 카카오 좌표,0,0,0,0,0,0,lodging,,,,,96db458ed63b3e34a1c3d63a8ad444ea67ab6b77
rs69,속초,썬라이즈호텔,썬라이즈호텔,stay,38.20178,128.58891,30,,강원특별자치도 속초시 청초호반로 291 · 한국관광공사 연관 관광지(숙박) · 카카오 좌표,0,0,0,0,0,0,lodging,,,,,96db458ed63b3e34a1c3d63a8ad444ea67ab6b77
rs70,태백,태백호텔,태백호텔,stay,37.13232,128.96021,30,,강원특별자치도 태백시 태백산로 4761 · 한국관광공사 연관 관광지(숙박) · 카카오 좌표,0,0,0,0,0,0,lodging,,,,,96db458ed63b3e34a1c3d63a8ad444ea67ab6b77
rs71,제주,그랜드조선 제주,그랜드조선 제주,stay,33.25236,126.408,30,,제주특별자치도 서귀포시 중문관광로72번길 60 · 한국관광공사 연관 관광지(숙박) · 카카오 좌표,0,0,0,0,0,0,lodging,,,,,96db458ed63b3e34a1c3d63a8ad444ea67ab6b77
rs72,강릉,컨피네스 오션스위트,컨피네스 오션스위트,stay,37.83659,128.87467,30,,강원특별자치도 강릉시 사천면 진리항구2길 5 · 한국관광공사 연관 관광지(숙박) · 카카오 좌표,0,0,0,0,0,0,lodging,,,,,96db458ed63b3e34a1c3d63a8ad444ea67ab6b77
rs73,인천,강화씨사이드리조트,강화씨사이드리조트,stay,37.61715,126.49817,30,,인천 강화군 길상면 장흥로 217 · 한국관광공사 연관 관광지(숙박) · 카카오 좌표,0,0,0,0,0,0,lodging,,,,,96db458ed63b3e34a1c3d63a8ad444ea67ab6b77
rs74,동해,동해오션시티레지던스호텔,동해오션시티레지던스호텔,stay,37.52084,129.11921,30,,강원특별자치도 동해시 한섬로 136-4 · 한국관광공사 연관 관광지(숙박) · 카카오 좌표,0,0,0,0,0,0,lodging,,,,,96db458ed63b3e34a1c3d63a8ad444ea67ab6b77
rs75,정선,하이원리조트 마운틴콘도,하이원리조트 마운틴콘도,stay,37.20812,128.82597,30,,강원특별자치도 정선군 고한읍 하이원길 265-1 · 한국관광공사 연관 관광지(숙박) · 카카오 좌표,0,0,0,0,0,0,lodging,,,,,96db458ed63b3e34a1c3d63a8ad444ea67ab6b77
rs76,여수,여수벨메르,여수벨메르,stay,34.74277,127.67231,30,,전남광주통합특별시 여수시 웅천남4로 17 · 한국관광공사 연관 관광지(숙박) · 카카오 좌표,0,0,0,0,0,0,lodging,,,,,96db458ed63b3e34a1c3d63a8ad444ea67ab6b77
rs77,부안,모항해나루가족호텔,모항해나루가족호텔,stay,35.58097,126.5078,30,,전북특별자치도 부안군 변산면 모항해변길 73 · 한국관광공사 연관 관광지(숙박) · 카카오 좌표,0,0,0,0,0,0,lodging,,,,,96db458ed63b3e34a1c3d63a8ad444ea67ab6b77
rs78,안동,스탠포드호텔 안동,스탠포드호텔 안동,stay,36.56848,128.50913,30,,경북 안동시 풍천면 도청대로 400 · 한국관광공사 연관 관광지(숙박) · 카카오 좌표,0,0,0,0,0,0,lodging,,,,,96db458ed63b3e34a1c3d63a8ad444ea67ab6b77
rs79,사천,사천아르떼리조트 풀빌라,사천아르떼리조트 풀빌라,stay,34.94927,128.0378,30,,경남 사천시 해안관광로 109-10 · 한국관광공사 연관 관광지(숙박) · 카카오 좌표,0,0,0,0,0,0,lodging,,,,,96db458ed63b3e34a1c3d63a8ad444ea67ab6b77
rs80,서울,이비스 앰배서더 서울 인사동,이비스 앰배서더 서울 인사동,stay,37.57441,126.98939,30,,서울 종로구 삼일대로30길 31 · 한국관광공사 연관 관광지(숙박) · 카카오 좌표,0,0,0,0,0,0,lodging,,,,,96db458ed63b3e34a1c3d63a8ad444ea67ab6b77
rs81,단양,소노벨 단양,소노벨 단양,stay,36.97781,128.36412,30,,충북 단양군 단양읍 삼봉로 187-18 · 한국관광공사 연관 관광지(숙박) · 카카오 좌표,0,0,0,0,0,0,lodging,,,,,96db458ed63b3e34a1c3d63a8ad444ea67ab6b77
rs82,양양,설해원,설해원,stay,38.05352,128.66224,30,,강원특별자치도 양양군 손양면 공항로 230 · 한국관광공사 연관 관광지(숙박) · 카카오 좌표,0,0,0,0,0,0,lodging,,,,,96db458ed63b3e34a1c3d63a8ad444ea67ab6b77
rs83,대전,계룡스파텔,계룡스파텔,stay,36.35569,127.34832,30,,대전 유성구 온천로 81 · 한국관광공사 연관 관광지(숙박) · 카카오 좌표,0,0,0,0,0,0,lodging,,,,,96db458ed63b3e34a1c3d63a8ad444ea67ab6b77
rs84,속초,속초마리나베이,속초마리나베이,stay,38.19074,128.592,30,,강원특별자치도 속초시 청초호반로 28 · 한국관광공사 연관 관광지(숙박) · 카카오 좌표,0,0,0,0,0,0,lodging,,,,,96db458ed63b3e34a1c3d63a8ad444ea67ab6b77
rs85,강릉,씨마크호텔,씨마크호텔,stay,37.79715,128.91519,30,,강원특별자치도 강릉시 해안로406번길 2 · 한국관광공사 연관 관광지(숙박) · 카카오 좌표,0,0,0,0,0,0,lodging,,,,,96db458ed63b3e34a1c3d63a8ad444ea67ab6b77
rs86,평창,켄싱턴호텔 평창,켄싱턴호텔 평창,stay,37.68882,128.59762,30,,강원특별자치도 평창군 진부면 진고개로 231 · 한국관광공사 연관 관광지(숙박) · 카카오 좌표,0,0,0,0,0,0,lodging,,,,,96db458ed63b3e34a1c3d63a8ad444ea67ab6b77
rs87,해남,해남126호텔,해남126호텔,stay,34.66642,126.25697,30,,전남광주통합특별시 해남군 화원면 시아로 576-33 · 한국관광공사 연관 관광지(숙박) · 카카오 좌표,0,0,0,0,0,0,lodging,,,,,96db458ed63b3e34a1c3d63a8ad444ea67ab6b77
rs88,목포,목포오션호텔,목포오션호텔,stay,34.78834,126.39072,30,,전남광주통합특별시 목포시 해안로279번길 3 · 한국관광공사 연관 관광지(숙박) · 카카오 좌표,0,0,0,0,0,0,lodging,,,,,96db458ed63b3e34a1c3d63a8ad444ea67ab6b77
rs89,진주,골든튤립 호텔남강,골든튤립 호텔남강,stay,35.19162,128.08656,30,,경남 진주시 남강로673번길 16 · 한국관광공사 연관 관광지(숙박) · 카카오 좌표,0,0,0,0,0,0,lodging,,,,,96db458ed63b3e34a1c3d63a8ad444ea67ab6b77
rs90,서울,JW 메리어트 호텔 서울,JW 메리어트 호텔 서울,stay,37.50404,127.00469,30,,서울 서초구 신반포로 176 · 한국관광공사 연관 관광지(숙박) · 카카오 좌표,0,0,0,0,0,0,lodging,,,,,96db458ed63b3e34a1c3d63a8ad444ea67ab6b77
rs91,춘천,벨라스테이호텔 춘천,벨라스테이호텔 춘천,stay,37.88472,127.74985,30,,강원특별자치도 춘천시 춘천로 352 · 한국관광공사 연관 관광지(숙박) · 카카오 좌표,0,0,0,0,0,0,lodging,,,,,96db458ed63b3e34a1c3d63a8ad444ea67ab6b77
rs92,제주,소노캄 제주,소노캄 제주,stay,33.30553,126.79208,30,,제주특별자치도 서귀포시 표선면 일주동로 6347-17 · 한국관광공사 연관 관광지(숙박) · 카카오 좌표,0,0,0,0,0,0,lodging,,,,,96db458ed63b3e34a1c3d63a8ad444ea67ab6b77
rs93,부산,해운대센텀호텔,해운대센텀호텔,stay,35.1678,129.13283,30,,부산 해운대구 센텀3로 20 · 한국관광공사 연관 관광지(숙박) · 카카오 좌표,0,0,0,0,0,0,lodging,,,,,96db458ed63b3e34a1c3d63a8ad444ea67ab6b77
rs94,부산,시그니엘 부산,시그니엘 부산,stay,35.16029,129.16922,30,,부산 해운대구 달맞이길 30 · 한국관광공사 연관 관광지(숙박) · 카카오 좌표,0,0,0,0,0,0,lodging,,,,,96db458ed63b3e34a1c3d63a8ad444ea67ab6b77
rs95,동해,망상오토캠핑리조트,망상오토캠핑리조트,stay,37.60042,129.07846,30,,강원특별자치도 동해시 동해대로 6370 · 한국관광공사 연관 관광지(숙박) · 카카오 좌표,0,0,0,0,0,0,lodging,,,,,96db458ed63b3e34a1c3d63a8ad444ea67ab6b77
rs96,양양,센텀마크호텔 양양,센텀마크호텔 양양,stay,38.07903,128.61521,30,,강원특별자치도 양양군 양양읍 한고개길 9 · 한국관광공사 연관 관광지(숙박) · 카카오 좌표,0,0,0,0,0,0,lodging,,,,,96db458ed63b3e34a1c3d63a8ad444ea67ab6b77
rs97,김해,롯데호텔앤리조트 김해,롯데호텔앤리조트 김해,stay,35.18106,128.82562,30,,경남 김해시 장유로 505 · 한국관광공사 연관 관광지(숙박) · 카카오 좌표,0,0,0,0,0,0,lodging,,,,,96db458ed63b3e34a1c3d63a8ad444ea67ab6b77
rs98,부산,해운대부민병원,해운대부민병원,stay,35.16142,129.15565,30,,부산 해운대구 해운대로 584 · 한국관광공사 연관 관광지(숙박) · 카카오 좌표,0,0,0,0,0,0,lodging,,,,,96db458ed63b3e34a1c3d63a8ad444ea67ab6b77
rs99,천안,소노벨 천안,소노벨 천안,stay,36.7574,127.22408,30,,충남 천안시 동남구 성남면 소노로 1 · 한국관광공사 연관 관광지(숙박) · 카카오 좌표,0,0,0,0,0,0,lodging,,,,,96db458ed63b3e34a1c3d63a8ad444ea67ab6b77
rs100,하동,하동야생차박물관,하동야생차박물관,stay,35.22774,127.64271,30,,경남 하동군 화개면 쌍계로 571-25 · 한국관광공사 연관 관광지(숙박) · 카카오 좌표,0,0,0,0,0,0,lodging,,,,,96db458ed63b3e34a1c3d63a8ad444ea67ab6b77
rs101,제주,더포그레이스호텔앤리조트,더포그레이스호텔앤리조트,stay,33.47366,126.91043,30,,제주특별자치도 서귀포시 성산읍 해맞이해안로 2670 · 한국관광공사 연관 관광지(숙박) · 카카오 좌표,0,0,0,0,0,0,lodging,,,,,96db458ed63b3e34a1c3d63a8ad444ea67ab6b77
rs102,서울,스위스 그랜드 호텔,스위스 그랜드 호텔,stay,37.58882,126.93413,30,,서울 서대문구 연희로 353 · 한국관광공사 연관 관광지(숙박) · 카카오 좌표,0,0,0,0,0,0,lodging,,,,,96db458ed63b3e34a1c3d63a8ad444ea67ab6b77
rs103,서울,해밀톤호텔,해밀톤호텔,stay,37.53482,126.99356,30,,서울 용산구 이태원로 179 · 한국관광공사 연관 관광지(숙박) · 카카오 좌표,0,0,0,0,0,0,lodging,,,,,96db458ed63b3e34a1c3d63a8ad444ea67ab6b77
rs104,경주,코모도호텔 경주,코모도호텔 경주,stay,35.84432,129.28533,30,,경북 경주시 보문로 422 · 한국관광공사 연관 관광지(숙박) · 카카오 좌표,0,0,0,0,0,0,lodging,,,,,96db458ed63b3e34a1c3d63a8ad444ea67ab6b77
rs105,동해,동해현진관광호텔,동해현진관광호텔,stay,37.51942,129.11791,30,,강원특별자치도 동해시 동굴로 125-3 · 한국관광공사 연관 관광지(숙박) · 카카오 좌표,0,0,0,0,0,0,lodging,,,,,96db458ed63b3e34a1c3d63a8ad444ea67ab6b77
rs106,강릉,호텔위더스,호텔위더스,stay,37.68253,129.04246,30,,강원특별자치도 강릉시 강동면 헌화로 920-16 · 한국관광공사 연관 관광지(숙박) · 카카오 좌표,0,0,0,0,0,0,lodging,,,,,96db458ed63b3e34a1c3d63a8ad444ea67ab6b77
rs107,통영,한산호텔,한산호텔,stay,34.83968,128.42213,30,,경남 통영시 통영해안로 247 · 한국관광공사 연관 관광지(숙박) · 카카오 좌표,0,0,0,0,0,0,lodging,,,,,96db458ed63b3e34a1c3d63a8ad444ea67ab6b77
rs108,여주,썬밸리호텔,썬밸리호텔,stay,37.29313,127.66105,30,,경기 여주시 강변유원지길 45 · 한국관광공사 연관 관광지(숙박) · 카카오 좌표,0,0,0,0,0,0,lodging,,,,,96db458ed63b3e34a1c3d63a8ad444ea67ab6b77
rs109,해남,호텔써던힐,호텔써던힐,stay,34.56803,126.60851,30,,전남광주통합특별시 해남군 해남읍 교육청길 38 · 한국관광공사 연관 관광지(숙박) · 카카오 좌표,0,0,0,0,0,0,lodging,,,,,96db458ed63b3e34a1c3d63a8ad444ea67ab6b77
rs110,보성,춘운서옥,춘운서옥,stay,34.77459,127.08278,30,,전남광주통합특별시 보성군 보성읍 송재로 211-9 · 한국관광공사 연관 관광지(숙박) · 카카오 좌표,0,0,0,0,0,0,lodging,,,,,96db458ed63b3e34a1c3d63a8ad444ea67ab6b77
rs111,창원,그랜드머큐어앰배서더 창원 창원호텔,그랜드머큐어앰배서더 창원 창원호텔,stay,35.23929,128.65529,30,,경남 창원시 성산구 원이대로 332 · 한국관광공사 연관 관광지(숙박) · 카카오 좌표,0,0,0,0,0,0,lodging,,,,,96db458ed63b3e34a1c3d63a8ad444ea67ab6b77
rs112,군산,라마다바이윈덤 군산,라마다바이윈덤 군산,stay,35.95885,126.68992,30,,전북특별자치도 군산시 대학로 400 · 한국관광공사 연관 관광지(숙박) · 카카오 좌표,0,0,0,0,0,0,lodging,,,,,96db458ed63b3e34a1c3d63a8ad444ea67ab6b77
rs113,울진,덕구온천콘도,덕구온천콘도,stay,37.07866,129.28094,30,,경북 울진군 북면 덕구온천로 921 · 한국관광공사 연관 관광지(숙박) · 카카오 좌표,0,0,0,0,0,0,lodging,,,,,96db458ed63b3e34a1c3d63a8ad444ea67ab6b77
rs114,서울,콘래드 서울,콘래드 서울,stay,37.52542,126.92674,30,,서울 영등포구 국제금융로 10 · 한국관광공사 연관 관광지(숙박) · 카카오 좌표,0,0,0,0,0,0,lodging,,,,,96db458ed63b3e34a1c3d63a8ad444ea67ab6b77
rs115,제주,켄싱턴리조트 서귀포,켄싱턴리조트 서귀포,stay,33.23378,126.48907,30,,제주특별자치도 서귀포시 이어도로 684 · 한국관광공사 연관 관광지(숙박) · 카카오 좌표,0,0,0,0,0,0,lodging,,,,,96db458ed63b3e34a1c3d63a8ad444ea67ab6b77
rs116,제주,더베스트 제주 성산 호텔,더베스트 제주 성산 호텔,stay,33.44977,126.917,30,,제주특별자치도 서귀포시 성산읍 동류암로 26 · 한국관광공사 연관 관광지(숙박) · 카카오 좌표,0,0,0,0,0,0,lodging,,,,,96db458ed63b3e34a1c3d63a8ad444ea67ab6b77
rs117,제주,한화리조트 제주,한화리조트 제주,stay,33.449,126.63736,30,,제주특별자치도 제주시 명림로 575-107 · 한국관광공사 연관 관광지(숙박) · 카카오 좌표,0,0,0,0,0,0,lodging,,,,,96db458ed63b3e34a1c3d63a8ad444ea67ab6b77
rs118,경주,더케이호텔 경주,더케이호텔 경주,stay,35.83752,129.29203,30,,경북 경주시 엑스포로 45 · 한국관광공사 연관 관광지(숙박) · 카카오 좌표,0,0,0,0,0,0,lodging,,,,,96db458ed63b3e34a1c3d63a8ad444ea67ab6b77
rs119,정선,정선랜드,정선랜드,stay,37.20597,128.81397,30,,강원특별자치도 정선군 사북읍 하이원길 202 · 한국관광공사 연관 관광지(숙박) · 카카오 좌표,0,0,0,0,0,0,lodging,,,,,96db458ed63b3e34a1c3d63a8ad444ea67ab6b77
rs120,통영,포르투나호텔,포르투나호텔,stay,34.83295,128.414,30,,경남 통영시 미수해안로 152 · 한국관광공사 연관 관광지(숙박) · 카카오 좌표,0,0,0,0,0,0,lodging,,,,,96db458ed63b3e34a1c3d63a8ad444ea67ab6b77
rs121,대전,롯데시티호텔 대전,롯데시티호텔 대전,stay,36.37619,127.39303,30,,대전 유성구 엑스포로123번길 33 · 한국관광공사 연관 관광지(숙박) · 카카오 좌표,0,0,0,0,0,0,lodging,,,,,96db458ed63b3e34a1c3d63a8ad444ea67ab6b77
rs122,동해,뉴동해관광호텔,뉴동해관광호텔,stay,37.52661,129.10308,30,,강원특별자치도 동해시 평릉길 1 · 한국관광공사 연관 관광지(숙박) · 카카오 좌표,0,0,0,0,0,0,lodging,,,,,96db458ed63b3e34a1c3d63a8ad444ea67ab6b77
rs123,전주,신라스테이 전주,신라스테이 전주,stay,35.81969,127.14854,30,,전북특별자치도 전주시 완산구 현무1길 10 · 한국관광공사 연관 관광지(숙박) · 카카오 좌표,0,0,0,0,0,0,lodging,,,,,96db458ed63b3e34a1c3d63a8ad444ea67ab6b77
rs124,태백,오투리조트 타워콘도,오투리조트 타워콘도,stay,37.17077,128.9482,30,,강원특별자치도 태백시 서학로 861 · 한국관광공사 연관 관광지(숙박) · 카카오 좌표,0,0,0,0,0,0,lodging,,,,,96db458ed63b3e34a1c3d63a8ad444ea67ab6b77
rs125,순천,호텔라움,호텔라움,stay,34.94091,127.5084,30,,전남광주통합특별시 순천시 하풍동길 1-1 · 한국관광공사 연관 관광지(숙박) · 카카오 좌표,0,0,0,0,0,0,lodging,,,,,96db458ed63b3e34a1c3d63a8ad444ea67ab6b77
rs126,목포,이음호텔 목포평화광장점,이음호텔 목포평화광장점,stay,34.80435,126.42936,30,,전남광주통합특별시 목포시 장미로 79 · 한국관광공사 연관 관광지(숙박) · 카카오 좌표,0,0,0,0,0,0,lodging,,,,,96db458ed63b3e34a1c3d63a8ad444ea67ab6b77
rs127,부안,태왕리조트,태왕리조트,stay,35.60789,126.46621,30,,전북특별자치도 부안군 변산면 궁항영상길 68 · 한국관광공사 연관 관광지(숙박) · 카카오 좌표,0,0,0,0,0,0,lodging,,,,,96db458ed63b3e34a1c3d63a8ad444ea67ab6b77
rs128,제천,클럽이에스 제천리조트,클럽이에스 제천리조트,stay,36.99035,128.19511,30,,충북 제천시 수산면 옥순봉로 1248 · 한국관광공사 연관 관광지(숙박) · 카카오 좌표,0,0,0,0,0,0,lodging,,,,,96db458ed63b3e34a1c3d63a8ad444ea67ab6b77
rs129,군산,에이본호텔 군산,에이본호텔 군산,stay,35.97635,126.72446,30,,전북특별자치도 군산시 해망로 10 · 한국관광공사 연관 관광지(숙박) · 카카오 좌표,0,0,0,0,0,0,lodging,,,,,96db458ed63b3e34a1c3d63a8ad444ea67ab6b77
rs130,포천,한화리조트 산정호수,한화리조트 산정호수,stay,38.0662,127.31396,30,,경기 포천시 영북면 산정호수로 402 · 한국관광공사 연관 관광지(숙박) · 카카오 좌표,0,0,0,0,0,0,lodging,,,,,96db458ed63b3e34a1c3d63a8ad444ea67ab6b77
rs131,가평,켄싱턴리조트 가평,켄싱턴리조트 가평,stay,37.75972,127.3956,30,,경기 가평군 상면 청군로 430 · 한국관광공사 연관 관광지(숙박) · 카카오 좌표,0,0,0,0,0,0,lodging,,,,,96db458ed63b3e34a1c3d63a8ad444ea67ab6b77
rs132,서울,롯데호텔 월드,롯데호텔 월드,stay,37.51147,127.10034,30,,서울 송파구 올림픽로 240 · 한국관광공사 연관 관광지(숙박) · 카카오 좌표,0,0,0,0,0,0,lodging,,,,,96db458ed63b3e34a1c3d63a8ad444ea67ab6b77
rs133,영덕,고래불국민야영장,고래불국민야영장,stay,36.57152,129.41901,30,,경북 영덕군 병곡면 고래불로 68 · 한국관광공사 연관 관광지(숙박) · 카카오 좌표,0,0,0,0,0,0,lodging,,,,,96db458ed63b3e34a1c3d63a8ad444ea67ab6b77
rs134,부산,롯데호텔 부산,롯데호텔 부산,stay,35.15679,129.05642,30,,부산 부산진구 가야대로 772 · 한국관광공사 연관 관광지(숙박) · 카카오 좌표,0,0,0,0,0,0,lodging,,,,,96db458ed63b3e34a1c3d63a8ad444ea67ab6b77
rs135,영월,어라연 별관,어라연 별관,stay,37.18031,128.46447,30,,강원특별자치도 영월군 영월읍 은행나무4길 20-3 · 한국관광공사 연관 관광지(숙박) · 카카오 좌표,0,0,0,0,0,0,lodging,,,,,96db458ed63b3e34a1c3d63a8ad444ea67ab6b77
rs136,제주,파르나스호텔 제주,파르나스호텔 제주,stay,33.24459,126.40576,30,,제주특별자치도 서귀포시 중문관광로72번길 100 · 한국관광공사 연관 관광지(숙박) · 카카오 좌표,0,0,0,0,0,0,lodging,,,,,96db458ed63b3e34a1c3d63a8ad444ea67ab6b77
rs137,부산,신라스테이 서부산,신라스테이 서부산,stay,35.09668,128.90515,30,,부산 강서구 명지국제7로 38 · 한국관광공사 연관 관광지(숙박) · 카카오 좌표,0,0,0,0,0,0,lodging,,,,,96db458ed63b3e34a1c3d63a8ad444ea67ab6b77
rs138,정선,하이원리조트 밸리콘도,하이원리조트 밸리콘도,stay,37.20539,128.84031,30,,강원특별자치도 정선군 고한읍 하이원길 500 · 한국관광공사 연관 관광지(숙박) · 카카오 좌표,0,0,0,0,0,0,lodging,,,,,96db458ed63b3e34a1c3d63a8ad444ea67ab6b77
rs139,정선,파크로쉬리조트앤웰니스,파크로쉬리조트앤웰니스,stay,37.47474,128.61113,30,,강원특별자치도 정선군 북평면 중봉길 9-12 · 한국관광공사 연관 관광지(숙박) · 카카오 좌표,0,0,0,0,0,0,lodging,,,,,96db458ed63b3e34a1c3d63a8ad444ea67ab6b77
rs140,정선,파인포레스트 정선알파인리조트,파인포레스트 정선알파인리조트,stay,37.47563,128.6124,30,,강원특별자치도 정선군 북평면 중봉길 23 · 한국관광공사 연관 관광지(숙박) · 카카오 좌표,0,0,0,0,0,0,lodging,,,,,96db458ed63b3e34a1c3d63a8ad444ea67ab6b77
rs141,대전,라마다바이윈덤 대전,라마다바이윈덤 대전,stay,36.35318,127.3447,30,,대전 유성구 계룡로 127 · 한국관광공사 연관 관광지(숙박) · 카카오 좌표,0,0,0,0,0,0,lodging,,,,,96db458ed63b3e34a1c3d63a8ad444ea67ab6b77
rs142,통영,통영관광호텔,통영관광호텔,stay,34.84604,128.43037,30,,경남 통영시 항북길 12-9 · 한국관광공사 연관 관광지(숙박) · 카카오 좌표,0,0,0,0,0,0,lodging,,,,,96db458ed63b3e34a1c3d63a8ad444ea67ab6b77
rs143,춘천,에스턴호텔 춘천,에스턴호텔 춘천,stay,37.87376,127.71413,30,,강원특별자치도 춘천시 중앙로 193 · 한국관광공사 연관 관광지(숙박) · 카카오 좌표,0,0,0,0,0,0,lodging,,,,,96db458ed63b3e34a1c3d63a8ad444ea67ab6b77
rs144,창원,토요코인호텔 창원점,토요코인호텔 창원점,stay,35.22328,128.67889,30,,경남 창원시 성산구 중앙대로 93 · 한국관광공사 연관 관광지(숙박) · 카카오 좌표,0,0,0,0,0,0,lodging,,,,,96db458ed63b3e34a1c3d63a8ad444ea67ab6b77
rs145,보령,환상의바다리조트,환상의바다리조트,stay,36.32379,126.50721,30,,충남 보령시 대천항1길 67-5 · 한국관광공사 연관 관광지(숙박) · 카카오 좌표,0,0,0,0,0,0,lodging,,,,,96db458ed63b3e34a1c3d63a8ad444ea67ab6b77
rs146,서울,호텔 베르누이 서울,호텔 베르누이 서울,stay,37.49744,126.84597,30,,서울 구로구 경인로 229 · 한국관광공사 연관 관광지(숙박) · 카카오 좌표,0,0,0,0,0,0,lodging,,,,,96db458ed63b3e34a1c3d63a8ad444ea67ab6b77
rs147,울진,라벨르호텔앤스파,라벨르호텔앤스파,stay,36.98402,129.39804,30,,경북 울진군 울진읍 월변9길 17 · 한국관광공사 연관 관광지(숙박) · 카카오 좌표,0,0,0,0,0,0,lodging,,,,,96db458ed63b3e34a1c3d63a8ad444ea67ab6b77
rs148,서울,켄싱턴호텔 여의도,켄싱턴호텔 여의도,stay,37.53026,126.92193,30,,서울 영등포구 국회대로76길 16 · 한국관광공사 연관 관광지(숙박) · 카카오 좌표,0,0,0,0,0,0,lodging,,,,,96db458ed63b3e34a1c3d63a8ad444ea67ab6b77
rs149,서울,시그니엘 서울,시그니엘 서울,stay,37.51245,127.10287,30,,서울 송파구 올림픽로 300 · 한국관광공사 연관 관광지(숙박) · 카카오 좌표,0,0,0,0,0,0,lodging,,,,,96db458ed63b3e34a1c3d63a8ad444ea67ab6b77
rs150,서울,서울올림픽파크텔,서울올림픽파크텔,stay,37.52233,127.11655,30,,서울 송파구 올림픽로 448 · 한국관광공사 연관 관광지(숙박) · 카카오 좌표,0,0,0,0,0,0,lodging,,,,,96db458ed63b3e34a1c3d63a8ad444ea67ab6b77
rs151,제주,성산마리나호텔,성산마리나호텔,stay,33.4521,126.91453,30,,제주특별자치도 서귀포시 성산읍 고성오조로 94 · 한국관광공사 연관 관광지(숙박) · 카카오 좌표,0,0,0,0,0,0,lodging,,,,,96db458ed63b3e34a1c3d63a8ad444ea67ab6b77
rs152,서울,이비스 스타일 앰배서더 서울 용산,이비스 스타일 앰배서더 서울 용산,stay,37.53208,126.96176,30,,서울 용산구 청파로20길 95 · 한국관광공사 연관 관광지(숙박) · 카카오 좌표,0,0,0,0,0,0,lodging,,,,,96db458ed63b3e34a1c3d63a8ad444ea67ab6b77
rs153,제주,서귀포KAL호텔,서귀포KAL호텔,stay,33.24648,126.58176,30,,제주특별자치도 서귀포시 칠십리로 242 · 한국관광공사 연관 관광지(숙박) · 카카오 좌표,0,0,0,0,0,0,lodging,,,,,96db458ed63b3e34a1c3d63a8ad444ea67ab6b77
rs154,서울,웨스틴 서울 파르나스,웨스틴 서울 파르나스,stay,37.51277,127.05729,30,,서울 강남구 봉은사로 524 · 한국관광공사 연관 관광지(숙박) · 카카오 좌표,0,0,0,0,0,0,lodging,,,,,96db458ed63b3e34a1c3d63a8ad444ea67ab6b77
rs155,대전,호텔인터시티,호텔인터시티,stay,36.3543,127.34787,30,,대전 유성구 온천로 92 · 한국관광공사 연관 관광지(숙박) · 카카오 좌표,0,0,0,0,0,0,lodging,,,,,96db458ed63b3e34a1c3d63a8ad444ea67ab6b77
rs156,강릉,연곡해변 솔향기 캠핑장,연곡해변 솔향기 캠핑장,stay,37.85893,128.85329,30,,강원특별자치도 강릉시 연곡면 해안로 1282 · 한국관광공사 연관 관광지(숙박) · 카카오 좌표,0,0,0,0,0,0,lodging,,,,,96db458ed63b3e34a1c3d63a8ad444ea67ab6b77
rs157,대전,호텔오노마 대전 오토그래프컬렉션,호텔오노마 대전 오토그래프컬렉션,stay,36.37497,127.38339,30,,대전 유성구 엑스포로 1 · 한국관광공사 연관 관광지(숙박) · 카카오 좌표,0,0,0,0,0,0,lodging,,,,,96db458ed63b3e34a1c3d63a8ad444ea67ab6b77
rs158,정선,하이원그랜드호텔,하이원그랜드호텔,stay,37.21241,128.8218,30,,강원특별자치도 정선군 사북읍 하이원길 265 · 한국관광공사 연관 관광지(숙박) · 카카오 좌표,0,0,0,0,0,0,lodging,,,,,96db458ed63b3e34a1c3d63a8ad444ea67ab6b77
rs159,철원,한탄리버스파호텔,한탄리버스파호텔,stay,38.18628,127.29014,30,,강원특별자치도 철원군 동송읍 태봉로 1799-22 · 한국관광공사 연관 관광지(숙박) · 카카오 좌표,0,0,0,0,0,0,lodging,,,,,96db458ed63b3e34a1c3d63a8ad444ea67ab6b77
rs160,순천,호텔지뜨,호텔지뜨,stay,34.9337,127.51928,30,,전남광주통합특별시 순천시 팔마2길 11 · 한국관광공사 연관 관광지(숙박) · 카카오 좌표,0,0,0,0,0,0,lodging,,,,,96db458ed63b3e34a1c3d63a8ad444ea67ab6b77
rs161,남해,남해스포츠파크호텔,남해스포츠파크호텔,stay,34.80416,127.83568,30,,경남 남해군 서면 스포츠파크길 73 · 한국관광공사 연관 관광지(숙박) · 카카오 좌표,0,0,0,0,0,0,lodging,,,,,96db458ed63b3e34a1c3d63a8ad444ea67ab6b77
rs162,천안,신라스테이 천안,신라스테이 천안,stay,36.82575,127.14319,30,,충남 천안시 서북구 동서대로 177 · 한국관광공사 연관 관광지(숙박) · 카카오 좌표,0,0,0,0,0,0,lodging,,,,,96db458ed63b3e34a1c3d63a8ad444ea67ab6b77
rs163,영주,소백산풍기온천리조트,소백산풍기온천리조트,stay,36.88825,128.47915,30,,경북 영주시 풍기읍 죽령로 1400 · 한국관광공사 연관 관광지(숙박) · 카카오 좌표,0,0,0,0,0,0,lodging,,,,,96db458ed63b3e34a1c3d63a8ad444ea67ab6b77
rs164,군산,군산스테이호텔,군산스테이호텔,stay,36.01515,126.7627,30,,전북특별자치도 군산시 성산면 철새로 56 · 한국관광공사 연관 관광지(숙박) · 카카오 좌표,0,0,0,0,0,0,lodging,,,,,96db458ed63b3e34a1c3d63a8ad444ea67ab6b77
rs165,서산,베니키아호텔 서산,베니키아호텔 서산,stay,36.78447,126.43851,30,,충남 서산시 안견로 465 · 한국관광공사 연관 관광지(숙박) · 카카오 좌표,0,0,0,0,0,0,lodging,,,,,96db458ed63b3e34a1c3d63a8ad444ea67ab6b77
rs166,양평,더힐하우스호텔 양평,더힐하우스호텔 양평,stay,37.50558,127.44003,30,,경기 양평군 강하면 강남로 489 · 한국관광공사 연관 관광지(숙박) · 카카오 좌표,0,0,0,0,0,0,lodging,,,,,96db458ed63b3e34a1c3d63a8ad444ea67ab6b77
rs167,익산,탑클라우드호텔 익산점,탑클라우드호텔 익산점,stay,35.93027,126.94976,30,,전북특별자치도 익산시 인북로 10 · 한국관광공사 연관 관광지(숙박) · 카카오 좌표,0,0,0,0,0,0,lodging,,,,,96db458ed63b3e34a1c3d63a8ad444ea67ab6b77
rs168,아산,온양관광호텔,온양관광호텔,stay,36.78342,126.99991,30,,충남 아산시 온천대로 1459 · 한국관광공사 연관 관광지(숙박) · 카카오 좌표,0,0,0,0,0,0,lodging,,,,,96db458ed63b3e34a1c3d63a8ad444ea67ab6b77
rs169,부안,모항레저타운,모항레저타운,stay,35.58346,126.5042,30,,전북특별자치도 부안군 변산면 변산로 3554-9 · 한국관광공사 연관 관광지(숙박) · 카카오 좌표,0,0,0,0,0,0,lodging,,,,,96db458ed63b3e34a1c3d63a8ad444ea67ab6b77
rs170,서울,글래드 여의도,글래드 여의도,stay,37.52741,126.91727,30,,서울 영등포구 의사당대로 16 · 한국관광공사 연관 관광지(숙박) · 카카오 좌표,0,0,0,0,0,0,lodging,,,,,96db458ed63b3e34a1c3d63a8ad444ea67ab6b77
rs171,보령,토모노야 호텔&료칸 대천점,토모노야 호텔&료칸 대천점,stay,36.34866,126.55613,30,,충남 보령시 해안로 341 · 한국관광공사 연관 관광지(숙박) · 카카오 좌표,0,0,0,0,0,0,lodging,,,,,96db458ed63b3e34a1c3d63a8ad444ea67ab6b77
rs172,서울,그랜드인터컨티넨탈 서울파르나스,그랜드인터컨티넨탈 서울파르나스,stay,37.50919,127.06081,30,,서울 강남구 테헤란로 521 · 한국관광공사 연관 관광지(숙박) · 카카오 좌표,0,0,0,0,0,0,lodging,,,,,96db458ed63b3e34a1c3d63a8ad444ea67ab6b77
rs173,경기광주,곤지암리조트,곤지암리조트,stay,37.33798,127.29409,30,,경기 광주시 도척면 도척윗로 278 · 한국관광공사 연관 관광지(숙박) · 카카오 좌표,0,0,0,0,0,0,lodging,,,,,96db458ed63b3e34a1c3d63a8ad444ea67ab6b77
rs174,서울,삼정호텔,삼정호텔,stay,37.50589,127.03116,30,,서울 강남구 봉은사로 150 · 한국관광공사 연관 관광지(숙박) · 카카오 좌표,0,0,0,0,0,0,lodging,,,,,96db458ed63b3e34a1c3d63a8ad444ea67ab6b77
rs175,서울,오라카이 인사동 스위츠,오라카이 인사동 스위츠,stay,37.57311,126.98735,30,,서울 종로구 인사동4길 18 · 한국관광공사 연관 관광지(숙박) · 카카오 좌표,0,0,0,0,0,0,lodging,,,,,96db458ed63b3e34a1c3d63a8ad444ea67ab6b77
rs176,서울,머큐어 서울 마곡,머큐어 서울 마곡,stay,37.56647,126.82586,30,,서울 강서구 마곡중앙로 143 · 한국관광공사 연관 관광지(숙박) · 카카오 좌표,0,0,0,0,0,0,lodging,,,,,96db458ed63b3e34a1c3d63a8ad444ea67ab6b77
rs177,부산,해운대센트럴호텔,해운대센트럴호텔,stay,35.16095,129.16719,30,,부산 해운대구 해운대해변로298번길 33 · 한국관광공사 연관 관광지(숙박) · 카카오 좌표,0,0,0,0,0,0,lodging,,,,,96db458ed63b3e34a1c3d63a8ad444ea67ab6b77
rs178,부산,그랜드조선 부산,그랜드조선 부산,stay,35.15993,129.16318,30,,부산 해운대구 해운대해변로 292 · 한국관광공사 연관 관광지(숙박) · 카카오 좌표,0,0,0,0,0,0,lodging,,,,,96db458ed63b3e34a1c3d63a8ad444ea67ab6b77
rs179,부산,코오롱씨클라우드호텔,코오롱씨클라우드호텔,stay,35.16045,129.16224,30,,부산 해운대구 해운대해변로 287 · 한국관광공사 연관 관광지(숙박) · 카카오 좌표,0,0,0,0,0,0,lodging,,,,,96db458ed63b3e34a1c3d63a8ad444ea67ab6b77
rs180,부산,동부산온천호텔,동부산온천호텔,stay,35.34334,129.25319,30,,부산 기장군 장안읍 장안로 38 · 한국관광공사 연관 관광지(숙박) · 카카오 좌표,0,0,0,0,0,0,lodging,,,,,96db458ed63b3e34a1c3d63a8ad444ea67ab6b77
rs181,부산,웨스틴조선 부산,웨스틴조선 부산,stay,35.15611,129.15402,30,,부산 해운대구 동백로 67 · 한국관광공사 연관 관광지(숙박) · 카카오 좌표,0,0,0,0,0,0,lodging,,,,,96db458ed63b3e34a1c3d63a8ad444ea67ab6b77
rs182,제주,봄그리고가을 리조트,봄그리고가을 리조트,stay,33.47414,126.91102,30,,제주특별자치도 서귀포시 성산읍 해맞이해안로 2660 · 한국관광공사 연관 관광지(숙박) · 카카오 좌표,0,0,0,0,0,0,lodging,,,,,96db458ed63b3e34a1c3d63a8ad444ea67ab6b77
rs183,제천,레스트리리솜,레스트리리솜,stay,37.1578,128.04789,30,,충북 제천시 백운면 금봉로 365 · 한국관광공사 연관 관광지(숙박) · 카카오 좌표,0,0,0,0,0,0,lodging,,,,,96db458ed63b3e34a1c3d63a8ad444ea67ab6b77
rs184,경주,강동리조트,강동리조트,stay,35.8268,129.28834,30,,경북 경주시 천군로 95-32 · 한국관광공사 연관 관광지(숙박) · 카카오 좌표,0,0,0,0,0,0,lodging,,,,,96db458ed63b3e34a1c3d63a8ad444ea67ab6b77
rs185,충주,수안보상록호텔,수안보상록호텔,stay,36.84785,127.98905,30,,충북 충주시 수안보면 주정산로 22 · 한국관광공사 연관 관광지(숙박) · 카카오 좌표,0,0,0,0,0,0,lodging,,,,,96db458ed63b3e34a1c3d63a8ad444ea67ab6b77
rs186,거제,바람의언덕 호텔&리조트,바람의언덕 호텔&리조트,stay,34.73979,128.66345,30,,경남 거제시 남부면 해금강로 132 · 한국관광공사 연관 관광지(숙박) · 카카오 좌표,0,0,0,0,0,0,lodging,,,,,96db458ed63b3e34a1c3d63a8ad444ea67ab6b77
rs187,동해,코스모스호텔,코스모스호텔,stay,37.52027,129.117,30,,강원특별자치도 동해시 한섬로 114-4 · 한국관광공사 연관 관광지(숙박) · 카카오 좌표,0,0,0,0,0,0,lodging,,,,,96db458ed63b3e34a1c3d63a8ad444ea67ab6b77
rs188,정선,하이원팰리스호텔,하이원팰리스호텔,stay,37.17333,128.84308,30,,강원특별자치도 정선군 고한읍 고한7길 399 · 한국관광공사 연관 관광지(숙박) · 카카오 좌표,0,0,0,0,0,0,lodging,,,,,96db458ed63b3e34a1c3d63a8ad444ea67ab6b77
rs189,전주,글로스터호텔 전주,글로스터호텔 전주,stay,35.82229,127.14489,30,,전북특별자치도 전주시 완산구 팔달로 227 · 한국관광공사 연관 관광지(숙박) · 카카오 좌표,0,0,0,0,0,0,lodging,,,,,96db458ed63b3e34a1c3d63a8ad444ea67ab6b77
rs190,양양,세인트더스위트 양양,세인트더스위트 양양,stay,38.11828,128.63216,30,,강원특별자치도 양양군 강현면 일출로 31-20 · 한국관광공사 연관 관광지(숙박) · 카카오 좌표,0,0,0,0,0,0,lodging,,,,,96db458ed63b3e34a1c3d63a8ad444ea67ab6b77
rs191,강릉,베니키아호텔 산과바다주문진리조트,베니키아호텔 산과바다주문진리조트,stay,37.9088,128.82001,30,,강원특별자치도 강릉시 주문진읍 해안로 2070 · 한국관광공사 연관 관광지(숙박) · 카카오 좌표,0,0,0,0,0,0,lodging,,,,,96db458ed63b3e34a1c3d63a8ad444ea67ab6b77
rs192,속초,호텔마레몬스,호텔마레몬스,stay,38.16693,128.60651,30,,강원특별자치도 속초시 동해대로 3705 · 한국관광공사 연관 관광지(숙박) · 카카오 좌표,0,0,0,0,0,0,lodging,,,,,96db458ed63b3e34a1c3d63a8ad444ea67ab6b77
rs193,태백,태백산국립공원 소도야영장,태백산국립공원 소도야영장,stay,37.11808,128.95174,30,,강원특별자치도 태백시 천제단길 181 · 한국관광공사 연관 관광지(숙박) · 카카오 좌표,0,0,0,0,0,0,lodging,,,,,96db458ed63b3e34a1c3d63a8ad444ea67ab6b77
rs194,여수,하이락리조트,하이락리조트,stay,34.71027,127.76841,30,,전남광주통합특별시 여수시 돌산읍 마상포길 40 · 한국관광공사 연관 관광지(숙박) · 카카오 좌표,0,0,0,0,0,0,lodging,,,,,96db458ed63b3e34a1c3d63a8ad444ea67ab6b77
rs195,청주,엔포드호텔,엔포드호텔,stay,36.66656,127.49507,30,,충북 청주시 청원구 충청대로 114 · 한국관광공사 연관 관광지(숙박) · 카카오 좌표,0,0,0,0,0,0,lodging,,,,,96db458ed63b3e34a1c3d63a8ad444ea67ab6b77
rs196,안동,안동그랜드호텔,안동그랜드호텔,stay,36.56726,128.78052,30,,경북 안동시 관광단지로 346-84 · 한국관광공사 연관 관광지(숙박) · 카카오 좌표,0,0,0,0,0,0,lodging,,,,,96db458ed63b3e34a1c3d63a8ad444ea67ab6b77
rs197,인천,글로스터호텔 인천,글로스터호텔 인천,stay,37.40031,126.73546,30,,인천 남동구 소래역로 36 · 한국관광공사 연관 관광지(숙박) · 카카오 좌표,0,0,0,0,0,0,lodging,,,,,96db458ed63b3e34a1c3d63a8ad444ea67ab6b77
rs198,인천,하버파크호텔,하버파크호텔,stay,37.47215,126.61961,30,,인천 제물포구 제물량로 217 · 한국관광공사 연관 관광지(숙박) · 카카오 좌표,0,0,0,0,0,0,lodging,,,,,96db458ed63b3e34a1c3d63a8ad444ea67ab6b77
rs199,안동,월영호텔 바이 뉴시즈,월영호텔 바이 뉴시즈,stay,36.56627,128.71497,30,,경북 안동시 서동문로 30 · 한국관광공사 연관 관광지(숙박) · 카카오 좌표,0,0,0,0,0,0,lodging,,,,,96db458ed63b3e34a1c3d63a8ad444ea67ab6b77
rs200,춘천,엘리시안강촌,엘리시안강촌,stay,37.82215,127.58992,30,,강원특별자치도 춘천시 남산면 북한강변길 688 · 한국관광공사 연관 관광지(숙박) · 카카오 좌표,0,0,0,0,0,0,lodging,,,,,96db458ed63b3e34a1c3d63a8ad444ea67ab6b77
rs201,춘천,더잭슨나인스호텔,더잭슨나인스호텔,stay,37.87375,127.71413,30,,강원특별자치도 춘천시 중앙로 193 · 한국관광공사 연관 관광지(숙박) · 카카오 좌표,0,0,0,0,0,0,lodging,,,,,96db458ed63b3e34a1c3d63a8ad444ea67ab6b77
rs202,울릉,코스모스 울릉도,코스모스 울릉도,stay,37.5337,130.85801,30,,경북 울릉군 북면 추산길 88-13 · 한국관광공사 연관 관광지(숙박) · 카카오 좌표,0,0,0,0,0,0,lodging,,,,,96db458ed63b3e34a1c3d63a8ad444ea67ab6b77
rs203,울릉,학포야영장,학포야영장,stay,37.50356,130.80639,30,,경북 울릉군 서면 학포길 133-11 · 한국관광공사 연관 관광지(숙박) · 카카오 좌표,0,0,0,0,0,0,lodging,,,,,96db458ed63b3e34a1c3d63a8ad444ea67ab6b77
rs204,태안,캐시미르,캐시미르,stay,36.74146,126.29345,30,,충남 태안군 태안읍 안면대로 70-1 · 한국관광공사 연관 관광지(숙박) · 카카오 좌표,0,0,0,0,0,0,lodging,,,,,96db458ed63b3e34a1c3d63a8ad444ea67ab6b77
rs205,공주,파크오브드림,파크오브드림,stay,36.36874,127.25802,30,,충남 공주시 반포면 동학사1로 46 · 한국관광공사 연관 관광지(숙박) · 카카오 좌표,0,0,0,0,0,0,lodging,,,,,96db458ed63b3e34a1c3d63a8ad444ea67ab6b77
rs206,남해,이제 남해,이제 남해,stay,34.82354,128.04132,30,,경남 남해군 삼동면 양화금로 59-7 · 한국관광공사 연관 관광지(숙박) · 카카오 좌표,0,0,0,0,0,0,lodging,,,,,96db458ed63b3e34a1c3d63a8ad444ea67ab6b77
rs207,보령,호텔쏠레르,호텔쏠레르,stay,36.31375,126.51215,30,,충남 보령시 해수욕장8길 28 · 한국관광공사 연관 관광지(숙박) · 카카오 좌표,0,0,0,0,0,0,lodging,,,,,96db458ed63b3e34a1c3d63a8ad444ea67ab6b77
rs208,울진,울진그랜드호텔,울진그랜드호텔,stay,36.99177,129.40982,30,,경북 울진군 울진읍 현내항길 97 · 한국관광공사 연관 관광지(숙박) · 카카오 좌표,0,0,0,0,0,0,lodging,,,,,96db458ed63b3e34a1c3d63a8ad444ea67ab6b77
rs209,서울,신라스테이 역삼,신라스테이 역삼,stay,37.50498,127.04131,30,,서울 강남구 언주로 517 · 한국관광공사 연관 관광지(숙박) · 카카오 좌표,0,0,0,0,0,0,lodging,,,,,96db458ed63b3e34a1c3d63a8ad444ea67ab6b77
rs210,서울,노보텔 앰배서더 서울 강남,노보텔 앰배서더 서울 강남,stay,37.50529,127.02891,30,,서울 강남구 봉은사로 130 · 한국관광공사 연관 관광지(숙박) · 카카오 좌표,0,0,0,0,0,0,lodging,,,,,96db458ed63b3e34a1c3d63a8ad444ea67ab6b77
rs211,부산,L7 해운대바이롯데,L7 해운대바이롯데,stay,35.16023,129.16007,30,,부산 해운대구 해운대로570번길 55 · 한국관광공사 연관 관광지(숙박) · 카카오 좌표,0,0,0,0,0,0,lodging,,,,,96db458ed63b3e34a1c3d63a8ad444ea67ab6b77
rs212,부산,해운대영무파라드호텔,해운대영무파라드호텔,stay,35.1609,129.16648,30,,부산 해운대구 해운대해변로298번길 25 · 한국관광공사 연관 관광지(숙박) · 카카오 좌표,0,0,0,0,0,0,lodging,,,,,96db458ed63b3e34a1c3d63a8ad444ea67ab6b77
rs213,부산,하단 레이어스호텔점,하단 레이어스호텔점,stay,35.10656,128.96436,30,,부산 사하구 낙동남로 1395 · 한국관광공사 연관 관광지(숙박) · 카카오 좌표,0,0,0,0,0,0,lodging,,,,,96db458ed63b3e34a1c3d63a8ad444ea67ab6b77
rs214,제주,호텔골든데이지 서귀포오션,호텔골든데이지 서귀포오션,stay,33.24935,126.56745,30,,제주특별자치도 서귀포시 동홍로 7 · 한국관광공사 연관 관광지(숙박) · 카카오 좌표,0,0,0,0,0,0,lodging,,,,,96db458ed63b3e34a1c3d63a8ad444ea67ab6b77
rs215,인제,인제스피디움 호텔,인제스피디움 호텔,stay,38.00285,128.29536,30,,강원특별자치도 인제군 기린면 상하답로 130 · 한국관광공사 연관 관광지(숙박) · 카카오 좌표,0,0,0,0,0,0,lodging,,,,,96db458ed63b3e34a1c3d63a8ad444ea67ab6b77
rs216,제주,서귀포월드컵리조트,서귀포월드컵리조트,stay,33.2446,126.51201,30,,제주특별자치도 서귀포시 월드컵로45번길 40 · 한국관광공사 연관 관광지(숙박) · 카카오 좌표,0,0,0,0,0,0,lodging,,,,,96db458ed63b3e34a1c3d63a8ad444ea67ab6b77
rs217,제주,그랜드하얏트 제주,그랜드하얏트 제주,stay,33.48524,126.48141,30,,제주특별자치도 제주시 노연로 12 · 한국관광공사 연관 관광지(숙박) · 카카오 좌표,0,0,0,0,0,0,lodging,,,,,96db458ed63b3e34a1c3d63a8ad444ea67ab6b77
rs218,서울,몬드리안 서울이태원,몬드리안 서울이태원,stay,37.52856,126.99311,30,,서울 용산구 장문로 23 · 한국관광공사 연관 관광지(숙박) · 카카오 좌표,0,0,0,0,0,0,lodging,,,,,96db458ed63b3e34a1c3d63a8ad444ea67ab6b77
rs219,제주,탐라스테이호텔제주,탐라스테이호텔제주,stay,33.48697,126.39119,30,,제주특별자치도 제주시 애월읍 애월해안로 881 · 한국관광공사 연관 관광지(숙박) · 카카오 좌표,0,0,0,0,0,0,lodging,,,,,96db458ed63b3e34a1c3d63a8ad444ea67ab6b77
rs220,당진,어반스테이 당진터미널,어반스테이 당진터미널,stay,36.89975,126.64686,30,,충남 당진시 수청5길 38 · 한국관광공사 연관 관광지(숙박) · 카카오 좌표,0,0,0,0,0,0,lodging,,,,,96db458ed63b3e34a1c3d63a8ad444ea67ab6b77
rs221,제주,호텔더본 제주,호텔더본 제주,stay,33.25962,126.40647,30,,제주특별자치도 서귀포시 색달로 18 · 한국관광공사 연관 관광지(숙박) · 카카오 좌표,0,0,0,0,0,0,lodging,,,,,96db458ed63b3e34a1c3d63a8ad444ea67ab6b77
rs222,제주,더 시에나 리조트,더 시에나 리조트,stay,33.26484,126.48433,30,,제주특별자치도 서귀포시 용흥로66번길 158-8 · 한국관광공사 연관 관광지(숙박) · 카카오 좌표,0,0,0,0,0,0,lodging,,,,,96db458ed63b3e34a1c3d63a8ad444ea67ab6b77
rs223,서울,호텔파크하비오,호텔파크하비오,stay,37.48182,127.12351,30,,서울 송파구 송파대로 111 · 한국관광공사 연관 관광지(숙박) · 카카오 좌표,0,0,0,0,0,0,lodging,,,,,96db458ed63b3e34a1c3d63a8ad444ea67ab6b77
rs224,하동,비바체리조트,비바체리조트,stay,35.16255,127.78281,30,,경남 하동군 청암면 청학로 876 · 한국관광공사 연관 관광지(숙박) · 카카오 좌표,0,0,0,0,0,0,lodging,,,,,96db458ed63b3e34a1c3d63a8ad444ea67ab6b77
rs225,거제,스터번호텔,스터번호텔,stay,34.7777,128.64369,30,,경남 거제시 동부면 학동7길 2 · 한국관광공사 연관 관광지(숙박) · 카카오 좌표,0,0,0,0,0,0,lodging,,,,,96db458ed63b3e34a1c3d63a8ad444ea67ab6b77
rs226,정선,하이원그랜드호텔 컨벤션타워,하이원그랜드호텔 컨벤션타워,stay,37.21354,128.82162,30,,강원특별자치도 정선군 사북읍 하이원길 265 · 한국관광공사 연관 관광지(숙박) · 카카오 좌표,0,0,0,0,0,0,lodging,,,,,96db458ed63b3e34a1c3d63a8ad444ea67ab6b77
rs227,경주,경주시티호텔,경주시티호텔,stay,35.84744,129.21568,30,,경북 경주시 북성로 127 · 한국관광공사 연관 관광지(숙박) · 카카오 좌표,0,0,0,0,0,0,lodging,,,,,96db458ed63b3e34a1c3d63a8ad444ea67ab6b77
rs228,정선,트라움밸리호텔,트라움밸리호텔,stay,37.22668,128.8124,30,,강원특별자치도 정선군 사북읍 지장천로 583 · 한국관광공사 연관 관광지(숙박) · 카카오 좌표,0,0,0,0,0,0,lodging,,,,,96db458ed63b3e34a1c3d63a8ad444ea67ab6b77
rs229,전주,베스트웨스턴플러스 전주호텔,베스트웨스턴플러스 전주호텔,stay,35.82226,127.14682,30,,전북특별자치도 전주시 완산구 현무1길 41 · 한국관광공사 연관 관광지(숙박) · 카카오 좌표,0,0,0,0,0,0,lodging,,,,,96db458ed63b3e34a1c3d63a8ad444ea67ab6b77
rs230,태백,매봉산 천상의 숲,매봉산 천상의 숲,stay,37.22759,128.97726,30,,강원특별자치도 태백시 백두대간로 563 · 한국관광공사 연관 관광지(숙박) · 카카오 좌표,0,0,0,0,0,0,lodging,,,,,96db458ed63b3e34a1c3d63a8ad444ea67ab6b77
rs231,양양,E7양양죽도호텔,E7양양죽도호텔,stay,37.97789,128.75897,30,,강원특별자치도 양양군 현남면 동산큰길 21 · 한국관광공사 연관 관광지(숙박) · 카카오 좌표,0,0,0,0,0,0,lodging,,,,,96db458ed63b3e34a1c3d63a8ad444ea67ab6b77
rs232,인천,라마다송도호텔,라마다송도호텔,stay,37.41399,126.6553,30,,인천 연수구 능허대로267번길 29 · 한국관광공사 연관 관광지(숙박) · 카카오 좌표,0,0,0,0,0,0,lodging,,,,,96db458ed63b3e34a1c3d63a8ad444ea67ab6b77
rs233,진주,아시아레이크사이드호텔,아시아레이크사이드호텔,stay,35.17613,128.03376,30,,경남 진주시 남강로1번길 133 · 한국관광공사 연관 관광지(숙박) · 카카오 좌표,0,0,0,0,0,0,lodging,,,,,96db458ed63b3e34a1c3d63a8ad444ea67ab6b77
rs234,속초,팜파스호텔&리조트,팜파스호텔&리조트,stay,38.1888,128.60073,30,,강원특별자치도 속초시 동해대로 3964 · 한국관광공사 연관 관광지(숙박) · 카카오 좌표,0,0,0,0,0,0,lodging,,,,,96db458ed63b3e34a1c3d63a8ad444ea67ab6b77
rs235,양양,다이아메르호텔 속초 양양 바이 스테이네오,다이아메르호텔 속초 양양 바이 스테이네오,stay,38.15847,128.60778,30,,강원특별자치도 양양군 강현면 물치3길 4-57 · 한국관광공사 연관 관광지(숙박) · 카카오 좌표,0,0,0,0,0,0,lodging,,,,,96db458ed63b3e34a1c3d63a8ad444ea67ab6b77
rs236,강릉,스테이안목을담다,스테이안목을담다,stay,37.77289,128.94688,30,,강원특별자치도 강릉시 창해로14번길 16 · 한국관광공사 연관 관광지(숙박) · 카카오 좌표,0,0,0,0,0,0,lodging,,,,,96db458ed63b3e34a1c3d63a8ad444ea67ab6b77
rs237,인천,오션파크나인호텔,오션파크나인호텔,stay,37.49275,126.57921,30,,인천 영종구 영종진광장로 10 · 한국관광공사 연관 관광지(숙박) · 카카오 좌표,0,0,0,0,0,0,lodging,,,,,96db458ed63b3e34a1c3d63a8ad444ea67ab6b77
rs238,안동,브라운도트호텔 안동태화점,브라운도트호텔 안동태화점,stay,36.56517,128.71625,30,,경북 안동시 대안로 34 · 한국관광공사 연관 관광지(숙박) · 카카오 좌표,0,0,0,0,0,0,lodging,,,,,96db458ed63b3e34a1c3d63a8ad444ea67ab6b77
rs239,안동,브라운도트 안동문화의거리점,브라운도트 안동문화의거리점,stay,36.56388,128.73117,30,,경북 안동시 문화광장길 16-13 · 한국관광공사 연관 관광지(숙박) · 카카오 좌표,0,0,0,0,0,0,lodging,,,,,96db458ed63b3e34a1c3d63a8ad444ea67ab6b77
rs240,안동,브라운도트 풍산점,브라운도트 풍산점,stay,36.57913,128.57093,30,,경북 안동시 풍산읍 풍산태사로 1023-6 · 한국관광공사 연관 관광지(숙박) · 카카오 좌표,0,0,0,0,0,0,lodging,,,,,96db458ed63b3e34a1c3d63a8ad444ea67ab6b77
rs241,부여,부여파크아트빌라스,부여파크아트빌라스,stay,36.3166,126.89715,30,,충남 부여군 규암면 서궁로 129 · 한국관광공사 연관 관광지(숙박) · 카카오 좌표,0,0,0,0,0,0,lodging,,,,,96db458ed63b3e34a1c3d63a8ad444ea67ab6b77
rs242,군산,베스트웨스턴호텔 군산,베스트웨스턴호텔 군산,stay,35.94846,126.58384,30,,전북특별자치도 군산시 새만금북로 435 · 한국관광공사 연관 관광지(숙박) · 카카오 좌표,0,0,0,0,0,0,lodging,,,,,96db458ed63b3e34a1c3d63a8ad444ea67ab6b77
rs243,상주,브라운도트호텔 상주점,브라운도트호텔 상주점,stay,36.41971,128.16348,30,,경북 상주시 복룡냉림길 16 · 한국관광공사 연관 관광지(숙박) · 카카오 좌표,0,0,0,0,0,0,lodging,,,,,96db458ed63b3e34a1c3d63a8ad444ea67ab6b77
rs244,남원,산리지호텔,산리지호텔,stay,35.40654,127.38988,30,,전북특별자치도 남원시 소리길 124 · 한국관광공사 연관 관광지(숙박) · 카카오 좌표,0,0,0,0,0,0,lodging,,,,,96db458ed63b3e34a1c3d63a8ad444ea67ab6b77
rs245,가평,아난티 코드,아난티 코드,stay,37.62549,127.48022,30,,경기 가평군 설악면 유명로 1007-90 · 한국관광공사 연관 관광지(숙박) · 카카오 좌표,0,0,0,0,0,0,lodging,,,,,96db458ed63b3e34a1c3d63a8ad444ea67ab6b77
rs246,군산,노을바다펜션,노을바다펜션,stay,35.82029,126.41996,30,,전북특별자치도 군산시 옥도면 선유도2길 71 · 한국관광공사 연관 관광지(숙박) · 카카오 좌표,0,0,0,0,0,0,lodging,,,,,96db458ed63b3e34a1c3d63a8ad444ea67ab6b77
rs247,양평,데이지호텔 양평,데이지호텔 양평,stay,37.48394,127.57558,30,,경기 양평군 용문면 경강로 2742 · 한국관광공사 연관 관광지(숙박) · 카카오 좌표,0,0,0,0,0,0,lodging,,,,,96db458ed63b3e34a1c3d63a8ad444ea67ab6b77
rs248,공주,공주호텔,공주호텔,stay,36.46994,127.12981,30,,충남 공주시 전막2길 10-6 · 한국관광공사 연관 관광지(숙박) · 카카오 좌표,0,0,0,0,0,0,lodging,,,,,96db458ed63b3e34a1c3d63a8ad444ea67ab6b77
rs249,아산,아산온천호텔,아산온천호텔,stay,36.85438,126.98011,30,,충남 아산시 음봉면 아산온천로 217-7 · 한국관광공사 연관 관광지(숙박) · 카카오 좌표,0,0,0,0,0,0,lodging,,,,,96db458ed63b3e34a1c3d63a8ad444ea67ab6b77
rs250,창원,호텔인터내셔널,호텔인터내셔널,stay,35.22173,128.67693,30,,경남 창원시 성산구 중앙대로 69 · 한국관광공사 연관 관광지(숙박) · 카카오 좌표,0,0,0,0,0,0,lodging,,,,,96db458ed63b3e34a1c3d63a8ad444ea67ab6b77
rs251,태안,호텔마리스테이 태안,호텔마리스테이 태안,stay,36.74838,126.30234,30,,충남 태안군 태안읍 군청7길 13-12 · 한국관광공사 연관 관광지(숙박) · 카카오 좌표,0,0,0,0,0,0,lodging,,,,,96db458ed63b3e34a1c3d63a8ad444ea67ab6b77
rs252,가평,자라섬캠핑장,자라섬캠핑장,stay,37.82088,127.52106,30,,경기 가평군 가평읍 자라섬로 60 · 한국관광공사 연관 관광지(숙박) · 카카오 좌표,0,0,0,0,0,0,lodging,,,,,96db458ed63b3e34a1c3d63a8ad444ea67ab6b77
rs253,아산,베스트웨스턴 아산호텔,베스트웨스턴 아산호텔,stay,36.79616,127.05341,30,,충남 아산시 탕정면 온샘로 32 · 한국관광공사 연관 관광지(숙박) · 카카오 좌표,0,0,0,0,0,0,lodging,,,,,96db458ed63b3e34a1c3d63a8ad444ea67ab6b77
rs254,단양,한국호텔관광고등학교,한국호텔관광고등학교,stay,36.92755,128.33732,30,,충북 단양군 단성면 북상하리길 69 · 한국관광공사 연관 관광지(숙박) · 카카오 좌표,0,0,0,0,0,0,lodging,,,,,96db458ed63b3e34a1c3d63a8ad444ea67ab6b77
rs255,보령,국군대천콘도,국군대천콘도,stay,36.30134,126.52217,30,,충남 보령시 갓바위1길 10-30 · 한국관광공사 연관 관광지(숙박) · 카카오 좌표,0,0,0,0,0,0,lodging,,,,,96db458ed63b3e34a1c3d63a8ad444ea67ab6b77
rs256,서울,안토 서울,안토 서울,stay,37.66382,127.00917,30,,서울 강북구 삼양로 689 · 한국관광공사 연관 관광지(숙박) · 카카오 좌표,0,0,0,0,0,0,lodging,,,,,96db458ed63b3e34a1c3d63a8ad444ea67ab6b77
rs257,영덕,호텔글로리엘,호텔글로리엘,stay,36.34502,129.38225,30,,경북 영덕군 강구면 삼사길 109 · 한국관광공사 연관 관광지(숙박) · 카카오 좌표,0,0,0,0,0,0,lodging,,,,,96db458ed63b3e34a1c3d63a8ad444ea67ab6b77
rs258,보령,엘리스테이 보령,엘리스테이 보령,stay,36.23387,126.53636,30,,충남 보령시 웅천읍 독산로 746 · 한국관광공사 연관 관광지(숙박) · 카카오 좌표,0,0,0,0,0,0,lodging,,,,,96db458ed63b3e34a1c3d63a8ad444ea67ab6b77
rs259,서울,신라스테이 서대문,신라스테이 서대문,stay,37.56519,126.9668,30,,서울 서대문구 충정로 76 · 한국관광공사 연관 관광지(숙박) · 카카오 좌표,0,0,0,0,0,0,lodging,,,,,96db458ed63b3e34a1c3d63a8ad444ea67ab6b77
rs260,서울,서울가든호텔,서울가든호텔,stay,37.54068,126.94836,30,,서울 마포구 마포대로 58 · 한국관광공사 연관 관광지(숙박) · 카카오 좌표,0,0,0,0,0,0,lodging,,,,,96db458ed63b3e34a1c3d63a8ad444ea67ab6b77
rs261,서울,그랜드 머큐어 앰배서더 호텔 앤 레지던스 서울 용산,그랜드 머큐어 앰배서더 호텔 앤 레지던스 서울 용산,stay,37.53218,126.96094,30,,서울 용산구 청파로20길 95 · 한국관광공사 연관 관광지(숙박) · 카카오 좌표,0,0,0,0,0,0,lodging,,,,,96db458ed63b3e34a1c3d63a8ad444ea67ab6b77
rs262,서울,인터시티서울호텔,인터시티서울호텔,stay,37.55972,126.83579,30,,서울 강서구 마곡중앙6로 76-3 · 한국관광공사 연관 관광지(숙박) · 카카오 좌표,0,0,0,0,0,0,lodging,,,,,96db458ed63b3e34a1c3d63a8ad444ea67ab6b77
rs263,부산,부산도시공사 아르피나,부산도시공사 아르피나,stay,35.16466,129.13827,30,,부산 해운대구 해운대해변로 35 · 한국관광공사 연관 관광지(숙박) · 카카오 좌표,0,0,0,0,0,0,lodging,,,,,96db458ed63b3e34a1c3d63a8ad444ea67ab6b77
rs264,부산,호텔아쿠아펠리스,호텔아쿠아펠리스,stay,35.15408,129.11881,30,,부산 수영구 광안해변로 225 · 한국관광공사 연관 관광지(숙박) · 카카오 좌표,0,0,0,0,0,0,lodging,,,,,96db458ed63b3e34a1c3d63a8ad444ea67ab6b77
rs265,부산,팔라티움 해운대 바이 소노펠리체,팔라티움 해운대 바이 소노펠리체,stay,35.16114,129.1596,30,,부산 해운대구 구남로30번길 18 · 한국관광공사 연관 관광지(숙박) · 카카오 좌표,0,0,0,0,0,0,lodging,,,,,96db458ed63b3e34a1c3d63a8ad444ea67ab6b77
rs266,부산,신라스테이 해운대,신라스테이 해운대,stay,35.1598,129.15874,30,,부산 해운대구 해운대로570번길 46 · 한국관광공사 연관 관광지(숙박) · 카카오 좌표,0,0,0,0,0,0,lodging,,,,,96db458ed63b3e34a1c3d63a8ad444ea67ab6b77
rs267,평창,알펜시아 홀리데이인리조트호텔,알펜시아 홀리데이인리조트호텔,stay,37.65694,128.67374,30,,강원특별자치도 평창군 대관령면 솔봉로 325 · 한국관광공사 연관 관광지(숙박) · 카카오 좌표,0,0,0,0,0,0,lodging,,,,,96db458ed63b3e34a1c3d63a8ad444ea67ab6b77
rs268,밀양,호텔아리나,호텔아리나,stay,35.47897,128.75382,30,,경남 밀양시 삼문강변로 82 · 한국관광공사 연관 관광지(숙박) · 카카오 좌표,0,0,0,0,0,0,lodging,,,,,96db458ed63b3e34a1c3d63a8ad444ea67ab6b77
rs269,서울,나인트리 프리미어 로카우스 호텔 서울 용산,나인트리 프리미어 로카우스 호텔 서울 용산,stay,37.52747,126.96439,30,,서울 용산구 한강대로23길 25 · 한국관광공사 연관 관광지(숙박) · 카카오 좌표,0,0,0,0,0,0,lodging,,,,,96db458ed63b3e34a1c3d63a8ad444ea67ab6b77
rs270,제주,켄싱턴리조트 제주중문,켄싱턴리조트 제주중문,stay,33.24752,126.41266,30,,제주특별자치도 서귀포시 중문관광로72번길 29-29 · 한국관광공사 연관 관광지(숙박) · 카카오 좌표,0,0,0,0,0,0,lodging,,,,,96db458ed63b3e34a1c3d63a8ad444ea67ab6b77
rs271,제주,스위트호텔 제주점,스위트호텔 제주점,stay,33.24904,126.40843,30,,제주특별자치도 서귀포시 중문관광로72번길 67 · 한국관광공사 연관 관광지(숙박) · 카카오 좌표,0,0,0,0,0,0,lodging,,,,,96db458ed63b3e34a1c3d63a8ad444ea67ab6b77
rs272,서울,서머셋팰리스 서울,서머셋팰리스 서울,stay,37.57495,126.98108,30,,서울 종로구 율곡로2길 7 · 한국관광공사 연관 관광지(숙박) · 카카오 좌표,0,0,0,0,0,0,lodging,,,,,96db458ed63b3e34a1c3d63a8ad444ea67ab6b77
rs273,경주,체스터톤스 경주,체스터톤스 경주,stay,35.87931,129.22442,30,,경북 경주시 광중길 11 · 한국관광공사 연관 관광지(숙박) · 카카오 좌표,0,0,0,0,0,0,lodging,,,,,96db458ed63b3e34a1c3d63a8ad444ea67ab6b77
rs274,충주,보훈휴양원,보훈휴양원,stay,37.05785,127.83154,30,,충북 충주시 중앙탑면 수룡봉황길 553-17 · 한국관광공사 연관 관광지(숙박) · 카카오 좌표,0,0,0,0,0,0,lodging,,,,,96db458ed63b3e34a1c3d63a8ad444ea67ab6b77
rs275,경주,교원프라퍼티 키녹,교원프라퍼티 키녹,stay,35.8538,129.2774,30,,경북 경주시 보문로 280-12 · 한국관광공사 연관 관광지(숙박) · 카카오 좌표,0,0,0,0,0,0,lodging,,,,,96db458ed63b3e34a1c3d63a8ad444ea67ab6b77
rs276,경주,신라레거시호텔,신라레거시호텔,stay,35.84203,129.20249,30,,경북 경주시 원효로 14-1 · 한국관광공사 연관 관광지(숙박) · 카카오 좌표,0,0,0,0,0,0,lodging,,,,,96db458ed63b3e34a1c3d63a8ad444ea67ab6b77
rs277,용인,선봉레스텔,선봉레스텔,stay,37.24233,127.19009,30,,경기 용인시 처인구 금학로235번길 26 · 한국관광공사 연관 관광지(숙박) · 카카오 좌표,0,0,0,0,0,0,lodging,,,,,96db458ed63b3e34a1c3d63a8ad444ea67ab6b77
rs278,거제,프래밀리풀빌라호텔,프래밀리풀빌라호텔,stay,34.8181,128.70467,30,,경남 거제시 일운면 거제대로 2308 · 한국관광공사 연관 관광지(숙박) · 카카오 좌표,0,0,0,0,0,0,lodging,,,,,96db458ed63b3e34a1c3d63a8ad444ea67ab6b77
rs279,정선,마이애미정선호텔,마이애미정선호텔,stay,37.20755,128.8442,30,,강원특별자치도 정선군 고한읍 고한로 45 · 한국관광공사 연관 관광지(숙박) · 카카오 좌표,0,0,0,0,0,0,lodging,,,,,96db458ed63b3e34a1c3d63a8ad444ea67ab6b77
rs280,정선,하이원리조트 마운틴콘도 아테나키친,하이원리조트 마운틴콘도 아테나키친,stay,37.20814,128.82595,30,,강원특별자치도 정선군 고한읍 하이원길 265-1 · 한국관광공사 연관 관광지(숙박) · 카카오 좌표,0,0,0,0,0,0,lodging,,,,,96db458ed63b3e34a1c3d63a8ad444ea67ab6b77
rs281,여수,해미리온풀빌라&리조트,해미리온풀빌라&리조트,stay,34.69768,127.75451,30,,전남광주통합특별시 여수시 돌산읍 몰둠벙길 72 · 한국관광공사 연관 관광지(숙박) · 카카오 좌표,0,0,0,0,0,0,lodging,,,,,96db458ed63b3e34a1c3d63a8ad444ea67ab6b77
rs282,인천,쉐라톤그랜드 인천호텔,쉐라톤그랜드 인천호텔,stay,37.3902,126.64539,30,,인천 연수구 컨벤시아대로 153 · 한국관광공사 연관 관광지(숙박) · 카카오 좌표,0,0,0,0,0,0,lodging,,,,,96db458ed63b3e34a1c3d63a8ad444ea67ab6b77
rs283,여수,호텔케니 여수,호텔케니 여수,stay,34.74127,127.73166,30,,전남광주통합특별시 여수시 충무로 54-2 · 한국관광공사 연관 관광지(숙박) · 카카오 좌표,0,0,0,0,0,0,lodging,,,,,96db458ed63b3e34a1c3d63a8ad444ea67ab6b77
rs284,청송,주왕산관광호텔,주왕산관광호텔,stay,36.43625,129.06254,30,,경북 청송군 청송읍 중앙로 315 · 한국관광공사 연관 관광지(숙박) · 카카오 좌표,0,0,0,0,0,0,lodging,,,,,96db458ed63b3e34a1c3d63a8ad444ea67ab6b77
rs285,수원,노보텔 앰배서더 수원,노보텔 앰배서더 수원,stay,37.26848,126.9991,30,,경기 수원시 팔달구 덕영대로 902 · 한국관광공사 연관 관광지(숙박) · 카카오 좌표,0,0,0,0,0,0,lodging,,,,,96db458ed63b3e34a1c3d63a8ad444ea67ab6b77
rs286,여수,깔라까따 호텔&리조트,깔라까따 호텔&리조트,stay,34.70721,127.75706,30,,전남광주통합특별시 여수시 돌산읍 진모1길 29-26 · 한국관광공사 연관 관광지(숙박) · 카카오 좌표,0,0,0,0,0,0,lodging,,,,,96db458ed63b3e34a1c3d63a8ad444ea67ab6b77
rs287,안동,CM파크호텔,CM파크호텔,stay,36.57564,128.49524,30,,경북 안동시 풍천면 검무로 10-17 · 한국관광공사 연관 관광지(숙박) · 카카오 좌표,0,0,0,0,0,0,lodging,,,,,96db458ed63b3e34a1c3d63a8ad444ea67ab6b77
rs288,안동,하운드호텔 안동문화의거리점,하운드호텔 안동문화의거리점,stay,36.56434,128.73626,30,,경북 안동시 동흥3길 12 · 한국관광공사 연관 관광지(숙박) · 카카오 좌표,0,0,0,0,0,0,lodging,,,,,96db458ed63b3e34a1c3d63a8ad444ea67ab6b77
rs289,통영,통영갤러리호텔,통영갤러리호텔,stay,34.8292,128.43223,30,,경남 통영시 도남로 257-27 · 한국관광공사 연관 관광지(숙박) · 카카오 좌표,0,0,0,0,0,0,lodging,,,,,96db458ed63b3e34a1c3d63a8ad444ea67ab6b77
rs290,김해,아이스퀘어호텔,아이스퀘어호텔,stay,35.22602,128.88508,30,,경남 김해시 김해대로 2360 · 한국관광공사 연관 관광지(숙박) · 카카오 좌표,0,0,0,0,0,0,lodging,,,,,96db458ed63b3e34a1c3d63a8ad444ea67ab6b77
rs291,울릉,대아울릉리조트 울릉지점,대아울릉리조트 울릉지점,stay,37.47657,130.89176,30,,경북 울릉군 울릉읍 사동1길 43 · 한국관광공사 연관 관광지(숙박) · 카카오 좌표,0,0,0,0,0,0,lodging,,,,,96db458ed63b3e34a1c3d63a8ad444ea67ab6b77
rs292,남해,엘림마리나앤리조트,엘림마리나앤리조트,stay,34.80096,128.05272,30,,경남 남해군 삼동면 동부대로1122번길 74-19 · 한국관광공사 연관 관광지(숙박) · 카카오 좌표,0,0,0,0,0,0,lodging,,,,,96db458ed63b3e34a1c3d63a8ad444ea67ab6b77
rs293,양주,호텔그리다,호텔그리다,stay,37.77909,126.95727,30,,경기 양주시 백석읍 권율로 912 · 한국관광공사 연관 관광지(숙박) · 카카오 좌표,0,0,0,0,0,0,lodging,,,,,96db458ed63b3e34a1c3d63a8ad444ea67ab6b77
rs294,양양,웨이블런트 양양,웨이블런트 양양,stay,37.97746,128.75864,30,,강원특별자치도 양양군 현남면 동산큰길 17-5 · 한국관광공사 연관 관광지(숙박) · 카카오 좌표,0,0,0,0,0,0,lodging,,,,,96db458ed63b3e34a1c3d63a8ad444ea67ab6b77
rs295,서울,더 리버사이드호텔,더 리버사이드호텔,stay,37.51857,127.01809,30,,서울 서초구 강남대로107길 6 · 한국관광공사 연관 관광지(숙박) · 카카오 좌표,0,0,0,0,0,0,lodging,,,,,96db458ed63b3e34a1c3d63a8ad444ea67ab6b77
rs296,목포,클라우드인호텔 평화광장점,클라우드인호텔 평화광장점,stay,34.80032,126.42983,30,,전남광주통합특별시 목포시 번영로 9 · 한국관광공사 연관 관광지(숙박) · 카카오 좌표,0,0,0,0,0,0,lodging,,,,,96db458ed63b3e34a1c3d63a8ad444ea67ab6b77
rs297,인천,오크우드프리미어 인천,오크우드프리미어 인천,stay,37.38914,126.64422,30,,인천 연수구 컨벤시아대로 165 · 한국관광공사 연관 관광지(숙박) · 카카오 좌표,0,0,0,0,0,0,lodging,,,,,96db458ed63b3e34a1c3d63a8ad444ea67ab6b77
rs298,울릉,울릉아일랜드펜션,울릉아일랜드펜션,stay,37.53429,130.85564,30,,경북 울릉군 북면 울릉순환로 2938 · 한국관광공사 연관 관광지(숙박) · 카카오 좌표,0,0,0,0,0,0,lodging,,,,,96db458ed63b3e34a1c3d63a8ad444ea67ab6b77
rs299,울릉,시에스타펜션,시에스타펜션,stay,37.5058,130.91352,30,,경북 울릉군 울릉읍 울릉순환로 31-19 · 한국관광공사 연관 관광지(숙박) · 카카오 좌표,0,0,0,0,0,0,lodging,,,,,96db458ed63b3e34a1c3d63a8ad444ea67ab6b77
rs300,울릉,스테이22,스테이22,stay,37.47308,130.881,30,,경북 울릉군 울릉읍 옥천2길 24 · 한국관광공사 연관 관광지(숙박) · 카카오 좌표,0,0,0,0,0,0,lodging,,,,,96db458ed63b3e34a1c3d63a8ad444ea67ab6b77
rs301,남해,호텔 어반아일랜드,호텔 어반아일랜드,stay,34.91932,128.02543,30,,경남 남해군 창선면 서부로 1503-22 · 한국관광공사 연관 관광지(숙박) · 카카오 좌표,0,0,0,0,0,0,lodging,,,,,96db458ed63b3e34a1c3d63a8ad444ea67ab6b77
rs302,남해,상주비치유스호스텔&펜션,상주비치유스호스텔&펜션,stay,34.721,127.98333,30,,경남 남해군 상주면 상주로60번길 15 · 한국관광공사 연관 관광지(숙박) · 카카오 좌표,0,0,0,0,0,0,lodging,,,,,96db458ed63b3e34a1c3d63a8ad444ea67ab6b77
rs303,영덕,씨아일랜드펜션,씨아일랜드펜션,stay,36.34035,129.38178,30,,경북 영덕군 강구면 동해대로 4280 · 한국관광공사 연관 관광지(숙박) · 카카오 좌표,0,0,0,0,0,0,lodging,,,,,96db458ed63b3e34a1c3d63a8ad444ea67ab6b77
rs304,창원,AT비지니스호텔,AT비지니스호텔,stay,35.22435,128.67843,30,,경남 창원시 성산구 용지로 102 · 한국관광공사 연관 관광지(숙박) · 카카오 좌표,0,0,0,0,0,0,lodging,,,,,96db458ed63b3e34a1c3d63a8ad444ea67ab6b77
rs305,태안,태안비치리조텔,태안비치리조텔,stay,36.68226,126.13654,30,,충남 태안군 근흥면 마도길 116 · 한국관광공사 연관 관광지(숙박) · 카카오 좌표,0,0,0,0,0,0,lodging,,,,,96db458ed63b3e34a1c3d63a8ad444ea67ab6b77
rs306,논산,더 시티 호텔,더 시티 호텔,stay,36.20345,127.08914,30,,충남 논산시 계백로 1008-4 · 한국관광공사 연관 관광지(숙박) · 카카오 좌표,0,0,0,0,0,0,lodging,,,,,96db458ed63b3e34a1c3d63a8ad444ea67ab6b77
rs307,고창,상하농원 파머스빌리지,상하농원 파머스빌리지,stay,35.44522,126.4529,30,,전북특별자치도 고창군 상하면 상하농원길 6-36 · 한국관광공사 연관 관광지(숙박) · 카카오 좌표,0,0,0,0,0,0,lodging,,,,,96db458ed63b3e34a1c3d63a8ad444ea67ab6b77
rs308,여주,일성남한강콘도&리조트,일성남한강콘도&리조트,stay,37.30133,127.65079,30,,경기 여주시 신륵로 5 · 한국관광공사 연관 관광지(숙박) · 카카오 좌표,0,0,0,0,0,0,lodging,,,,,96db458ed63b3e34a1c3d63a8ad444ea67ab6b77
rs309,양양,오색그린야드호텔,오색그린야드호텔,stay,38.08022,128.44751,30,,강원특별자치도 양양군 서면 대청봉길 34 · 한국관광공사 연관 관광지(숙박) · 카카오 좌표,0,0,0,0,0,0,lodging,,,,,96db458ed63b3e34a1c3d63a8ad444ea67ab6b77
rs310,아산,호텔라그라스 아산점,호텔라그라스 아산점,stay,36.78139,127.00651,30,,충남 아산시 충무로8번길 22 · 한국관광공사 연관 관광지(숙박) · 카카오 좌표,0,0,0,0,0,0,lodging,,,,,96db458ed63b3e34a1c3d63a8ad444ea67ab6b77
rs311,예산,스파뷰호텔,스파뷰호텔,stay,36.68875,126.66213,30,,충남 예산군 덕산면 온천단지2로 77 · 한국관광공사 연관 관광지(숙박) · 카카오 좌표,0,0,0,0,0,0,lodging,,,,,96db458ed63b3e34a1c3d63a8ad444ea67ab6b77
rs312,인제,만해마을,만해마을,stay,38.18636,128.31629,30,,강원특별자치도 인제군 북면 만해로 91 · 한국관광공사 연관 관광지(숙박) · 카카오 좌표,0,0,0,0,0,0,lodging,,,,,96db458ed63b3e34a1c3d63a8ad444ea67ab6b77
rs313,서울,신라스테이 삼성,신라스테이 삼성,stay,37.50991,127.06318,30,,서울 강남구 영동대로 506 · 한국관광공사 연관 관광지(숙박) · 카카오 좌표,0,0,0,0,0,0,lodging,,,,,96db458ed63b3e34a1c3d63a8ad444ea67ab6b77
rs314,구미,라마다바이윈덤 구미호텔,라마다바이윈덤 구미호텔,stay,36.10983,128.41832,30,,경북 구미시 인동중앙로3길 41 · 한국관광공사 연관 관광지(숙박) · 카카오 좌표,0,0,0,0,0,0,lodging,,,,,96db458ed63b3e34a1c3d63a8ad444ea67ab6b77
rs315,서울,페어필드 바이 메리어트 서울,페어필드 바이 메리어트 서울,stay,37.51699,126.90928,30,,서울 영등포구 경인로 870 · 한국관광공사 연관 관광지(숙박) · 카카오 좌표,0,0,0,0,0,0,lodging,,,,,96db458ed63b3e34a1c3d63a8ad444ea67ab6b77
rs316,서울,하이서울유스호스텔,하이서울유스호스텔,stay,37.52561,126.90325,30,,서울 영등포구 영신로 200 · 한국관광공사 연관 관광지(숙박) · 카카오 좌표,0,0,0,0,0,0,lodging,,,,,96db458ed63b3e34a1c3d63a8ad444ea67ab6b77
rs317,서울,아미드호텔서울,아미드호텔서울,stay,37.57257,126.98424,30,,서울 종로구 인사동5길 38 · 한국관광공사 연관 관광지(숙박) · 카카오 좌표,0,0,0,0,0,0,lodging,,,,,96db458ed63b3e34a1c3d63a8ad444ea67ab6b77
rs318,서울,레이크호텔,레이크호텔,stay,37.50687,127.10099,30,,서울 송파구 석촌호수로 216 · 한국관광공사 연관 관광지(숙박) · 카카오 좌표,0,0,0,0,0,0,lodging,,,,,96db458ed63b3e34a1c3d63a8ad444ea67ab6b77
rs319,서울,메이필드호텔 서울,메이필드호텔 서울,stay,37.54714,126.8191,30,,서울 강서구 방화대로 94 · 한국관광공사 연관 관광지(숙박) · 카카오 좌표,0,0,0,0,0,0,lodging,,,,,96db458ed63b3e34a1c3d63a8ad444ea67ab6b77
rs320,제주,호텔브릿지 서귀포,호텔브릿지 서귀포,stay,33.24549,126.56662,30,,제주특별자치도 서귀포시 태평로 436 · 한국관광공사 연관 관광지(숙박) · 카카오 좌표,0,0,0,0,0,0,lodging,,,,,96db458ed63b3e34a1c3d63a8ad444ea67ab6b77
rs321,제주,JW 메리어트 제주 리조트 & 스파,JW 메리어트 제주 리조트 & 스파,stay,33.2438,126.53854,30,,제주특별자치도 서귀포시 태평로 152 · 한국관광공사 연관 관광지(숙박) · 카카오 좌표,0,0,0,0,0,0,lodging,,,,,96db458ed63b3e34a1c3d63a8ad444ea67ab6b77
rs322,제주,더그랜드섬오름,더그랜드섬오름,stay,33.23283,126.50972,30,,제주특별자치도 서귀포시 막숙포로 118 · 한국관광공사 연관 관광지(숙박) · 카카오 좌표,0,0,0,0,0,0,lodging,,,,,96db458ed63b3e34a1c3d63a8ad444ea67ab6b77
rs323,제주,롯데시티호텔 제주,롯데시티호텔 제주,stay,33.49069,126.48648,30,,제주특별자치도 제주시 도령로 83 · 한국관광공사 연관 관광지(숙박) · 카카오 좌표,0,0,0,0,0,0,lodging,,,,,96db458ed63b3e34a1c3d63a8ad444ea67ab6b77
rs324,제주,롯데리조트 제주아트빌라스,롯데리조트 제주아트빌라스,stay,33.28795,126.41603,30,,제주특별자치도 서귀포시 색달중앙로252번길 124 · 한국관광공사 연관 관광지(숙박) · 카카오 좌표,0,0,0,0,0,0,lodging,,,,,96db458ed63b3e34a1c3d63a8ad444ea67ab6b77
rs325,영월,김삿갓계곡캠핑장,김삿갓계곡캠핑장,stay,37.07951,128.6023,30,,강원특별자치도 영월군 김삿갓면 김삿갓로 216-26 · 한국관광공사 연관 관광지(숙박) · 카카오 좌표,0,0,0,0,0,0,lodging,,,,,96db458ed63b3e34a1c3d63a8ad444ea67ab6b77
rs326,태백,태백눈꽃야영장,태백눈꽃야영장,stay,37.13208,128.9614,30,,강원특별자치도 태백시 태백산로 4771 · 한국관광공사 연관 관광지(숙박) · 카카오 좌표,0,0,0,0,0,0,lodging,,,,,96db458ed63b3e34a1c3d63a8ad444ea67ab6b77
rs327,인천,골든튤립 호텔&스위트,골든튤립 호텔&스위트,stay,37.49226,126.49241,30,,인천 영종구 흰바위로59번길 8 · 한국관광공사 연관 관광지(숙박) · 카카오 좌표,0,0,0,0,0,0,lodging,,,,,96db458ed63b3e34a1c3d63a8ad444ea67ab6b77
rs328,안동,안동케이스호텔,안동케이스호텔,stay,36.5514,128.73551,30,,경북 안동시 강남2길 60-16 · 한국관광공사 연관 관광지(숙박) · 카카오 좌표,0,0,0,0,0,0,lodging,,,,,96db458ed63b3e34a1c3d63a8ad444ea67ab6b77
rs329,공주,공주관광호텔잉크,공주관광호텔잉크,stay,36.46975,127.13012,30,,충남 공주시 전막2길 10-10 · 한국관광공사 연관 관광지(숙박) · 카카오 좌표,0,0,0,0,0,0,lodging,,,,,96db458ed63b3e34a1c3d63a8ad444ea67ab6b77
rs330,고창,동호비치호텔,동호비치호텔,stay,35.51969,126.48489,30,,전북특별자치도 고창군 해리면 구동호1길 42 · 한국관광공사 연관 관광지(숙박) · 카카오 좌표,0,0,0,0,0,0,lodging,,,,,96db458ed63b3e34a1c3d63a8ad444ea67ab6b77
rs331,양양,연화문호텔 양양,연화문호텔 양양,stay,38.04338,128.66207,30,,강원특별자치도 양양군 손양면 서양길 12 · 한국관광공사 연관 관광지(숙박) · 카카오 좌표,0,0,0,0,0,0,lodging,,,,,96db458ed63b3e34a1c3d63a8ad444ea67ab6b77
rs332,아산,더위트도고,더위트도고,stay,36.76118,126.88813,30,,충남 아산시 도고면 기곡로62번길 6-8 · 한국관광공사 연관 관광지(숙박) · 카카오 좌표,0,0,0,0,0,0,lodging,,,,,96db458ed63b3e34a1c3d63a8ad444ea67ab6b77
rs333,단양,오무아무아 풀빌라,오무아무아 풀빌라,stay,36.91018,128.34612,30,,충북 단양군 대강면 사인암로 621 · 한국관광공사 연관 관광지(숙박) · 카카오 좌표,0,0,0,0,0,0,lodging,,,,,96db458ed63b3e34a1c3d63a8ad444ea67ab6b77
rs334,부산,더클럽호텔 연화리점,더클럽호텔 연화리점,stay,35.22044,129.22709,30,,부산 기장군 기장읍 연화길 78 · 한국관광공사 연관 관광지(숙박) · 카카오 좌표,0,0,0,0,0,0,lodging,,,,,96db458ed63b3e34a1c3d63a8ad444ea67ab6b77
rs335,원주,원주 센트럴호텔,원주 센트럴호텔,stay,37.34034,127.92397,30,,강원특별자치도 원주시 시청로 29-3 · 한국관광공사 연관 관광지(숙박) · 카카오 좌표,0,0,0,0,0,0,lodging,,,,,96db458ed63b3e34a1c3d63a8ad444ea67ab6b77
rs336,영월,산골초가펜션,산골초가펜션,stay,37.3167,128.45162,30,,강원특별자치도 영월군 북면 굴앞마을길 64-98 · 한국관광공사 연관 관광지(숙박) · 카카오 좌표,0,0,0,0,0,0,lodging,,,,,96db458ed63b3e34a1c3d63a8ad444ea67ab6b77
rs337,서울,JW 메리어트 동대문 스퀘어 서울,JW 메리어트 동대문 스퀘어 서울,stay,37.57023,127.00875,30,,서울 종로구 청계천로 279 · 한국관광공사 연관 관광지(숙박) · 카카오 좌표,0,0,0,0,0,0,lodging,,,,,96db458ed63b3e34a1c3d63a8ad444ea67ab6b77
rs338,충주,라마다 바이윈덤 호텔 충주 수안보,라마다 바이윈덤 호텔 충주 수안보,stay,36.84569,127.99399,30,,충북 충주시 수안보면 조산공원길 99 · 한국관광공사 연관 관광지(숙박) · 카카오 좌표,0,0,0,0,0,0,lodging,,,,,96db458ed63b3e34a1c3d63a8ad444ea67ab6b77
rs339,경주,마우나오션리조트,마우나오션리조트,stay,35.68652,129.37001,30,,경북 경주시 양남면 동남로 1021 · 한국관광공사 연관 관광지(숙박) · 카카오 좌표,0,0,0,0,0,0,lodging,,,,,96db458ed63b3e34a1c3d63a8ad444ea67ab6b77
rs340,영덕,옥계계곡 야영장,옥계계곡 야영장,stay,36.33273,129.27022,30,,경북 영덕군 달산면 옥계리 232 · 한국관광공사 연관 관광지(숙박) · 카카오 좌표,0,0,0,0,0,0,lodging,,,,,96db458ed63b3e34a1c3d63a8ad444ea67ab6b77
rs341,용인,더트리니 어반스위트,더트리니 어반스위트,stay,37.23754,127.18074,30,,경기 용인시 처인구 중부대로 1218 · 한국관광공사 연관 관광지(숙박) · 카카오 좌표,0,0,0,0,0,0,lodging,,,,,96db458ed63b3e34a1c3d63a8ad444ea67ab6b77
rs342,철원,브라운도트호텔 동송점,브라운도트호텔 동송점,stay,38.20728,127.21676,30,,강원특별자치도 철원군 동송읍 이평1로12번길 10 · 한국관광공사 연관 관광지(숙박) · 카카오 좌표,0,0,0,0,0,0,lodging,,,,,96db458ed63b3e34a1c3d63a8ad444ea67ab6b77
rs343,인천,오라카이 송도파크호텔 BW 프리미어 컬렉션,오라카이 송도파크호텔 BW 프리미어 컬렉션,stay,37.38812,126.6408,30,,인천 연수구 테크노파크로 151 · 한국관광공사 연관 관광지(숙박) · 카카오 좌표,0,0,0,0,0,0,lodging,,,,,96db458ed63b3e34a1c3d63a8ad444ea67ab6b77
rs344,담양,브라운도트 전남담양점,브라운도트 전남담양점,stay,35.30937,126.98358,30,,전남광주통합특별시 담양군 담양읍 무정로 23 · 한국관광공사 연관 관광지(숙박) · 카카오 좌표,0,0,0,0,0,0,lodging,,,,,96db458ed63b3e34a1c3d63a8ad444ea67ab6b77
rs345,인천,골드코스트인천오피스텔,골드코스트인천오피스텔,stay,37.40243,126.70795,30,,인천 남동구 논현로26번길 46 · 한국관광공사 연관 관광지(숙박) · 카카오 좌표,0,0,0,0,0,0,lodging,,,,,96db458ed63b3e34a1c3d63a8ad444ea67ab6b77
rs346,여수,여수스테이호텔,여수스테이호텔,stay,34.73182,127.7238,30,,전남광주통합특별시 여수시 봉산남8길 17-15 · 한국관광공사 연관 관광지(숙박) · 카카오 좌표,0,0,0,0,0,0,lodging,,,,,96db458ed63b3e34a1c3d63a8ad444ea67ab6b77
rs347,인천,웨스턴그레이스호텔,웨스턴그레이스호텔,stay,37.49026,126.58147,30,,인천 영종구 은하수로29번길 36 · 한국관광공사 연관 관광지(숙박) · 카카오 좌표,0,0,0,0,0,0,lodging,,,,,96db458ed63b3e34a1c3d63a8ad444ea67ab6b77
rs348,목포,호텔더시티,호텔더시티,stay,34.81127,126.44762,30,,전남광주통합특별시 목포시 남악1로52번길 23-6 · 한국관광공사 연관 관광지(숙박) · 카카오 좌표,0,0,0,0,0,0,lodging,,,,,96db458ed63b3e34a1c3d63a8ad444ea67ab6b77
rs349,진주,라온스테이인페를라,라온스테이인페를라,stay,35.17808,128.13957,30,,경남 진주시 영천강로 164 · 한국관광공사 연관 관광지(숙박) · 카카오 좌표,0,0,0,0,0,0,lodging,,,,,96db458ed63b3e34a1c3d63a8ad444ea67ab6b77
rs350,인천,브라운도트호텔 공항신도시점,브라운도트호텔 공항신도시점,stay,37.49451,126.48889,30,,인천 영종구 신도시남로149번길 15 · 한국관광공사 연관 관광지(숙박) · 카카오 좌표,0,0,0,0,0,0,lodging,,,,,96db458ed63b3e34a1c3d63a8ad444ea67ab6b77
rs351,영주,영주온천관광호텔,영주온천관광호텔,stay,36.81663,128.60572,30,,경북 영주시 대학로240번길 8 · 한국관광공사 연관 관광지(숙박) · 카카오 좌표,0,0,0,0,0,0,lodging,,,,,96db458ed63b3e34a1c3d63a8ad444ea67ab6b77
rs352,인천,어반스테이 인천차이나타운,어반스테이 인천차이나타운,stay,37.46368,126.63208,30,,인천 제물포구 서해대로417번길 1 · 한국관광공사 연관 관광지(숙박) · 카카오 좌표,0,0,0,0,0,0,lodging,,,,,96db458ed63b3e34a1c3d63a8ad444ea67ab6b77
rs353,울릉,다온프라임호텔,다온프라임호텔,stay,37.49463,130.90881,30,,경북 울릉군 울릉읍 봉래길 6-75 · 한국관광공사 연관 관광지(숙박) · 카카오 좌표,0,0,0,0,0,0,lodging,,,,,96db458ed63b3e34a1c3d63a8ad444ea67ab6b77
rs354,울릉,추산노을빛펜션,추산노을빛펜션,stay,37.5342,130.84972,30,,경북 울릉군 북면 울릉순환로 2882 · 한국관광공사 연관 관광지(숙박) · 카카오 좌표,0,0,0,0,0,0,lodging,,,,,96db458ed63b3e34a1c3d63a8ad444ea67ab6b77
rs355,울릉,비치온관광호텔,비치온관광호텔,stay,37.46191,130.87583,30,,경북 울릉군 울릉읍 울릉순환로 772 · 한국관광공사 연관 관광지(숙박) · 카카오 좌표,0,0,0,0,0,0,lodging,,,,,96db458ed63b3e34a1c3d63a8ad444ea67ab6b77
rs356,울릉,웅포야영장,웅포야영장,stay,37.52599,130.82002,30,,경북 울릉군 북면 현포리 714-1 · 한국관광공사 연관 관광지(숙박) · 카카오 좌표,0,0,0,0,0,0,lodging,,,,,96db458ed63b3e34a1c3d63a8ad444ea67ab6b77
rs357,순천,브라운도트호텔 순천역점,브라운도트호텔 순천역점,stay,34.9445,127.50489,30,,전남광주통합특별시 순천시 팔마로 153 · 한국관광공사 연관 관광지(숙박) · 카카오 좌표,0,0,0,0,0,0,lodging,,,,,96db458ed63b3e34a1c3d63a8ad444ea67ab6b77
rs358,순천,에코그라드호텔,에코그라드호텔,stay,34.95402,127.5217,30,,전남광주통합특별시 순천시 백강로 234 · 한국관광공사 연관 관광지(숙박) · 카카오 좌표,0,0,0,0,0,0,lodging,,,,,96db458ed63b3e34a1c3d63a8ad444ea67ab6b77
rs359,용인,얼레이호텔,얼레이호텔,stay,37.2885,127.09776,30,,경기 용인시 기흥구 신정로 231 · 한국관광공사 연관 관광지(숙박) · 카카오 좌표,0,0,0,0,0,0,lodging,,,,,96db458ed63b3e34a1c3d63a8ad444ea67ab6b77
rs360,남원,일성지리산콘도&리조트,일성지리산콘도&리조트,stay,35.42306,127.62071,30,,전북특별자치도 남원시 산내면 천왕봉로 626-25 · 한국관광공사 연관 관광지(숙박) · 카카오 좌표,0,0,0,0,0,0,lodging,,,,,96db458ed63b3e34a1c3d63a8ad444ea67ab6b77
rs361,아산,온양제일호텔,온양제일호텔,stay,36.78213,126.99965,30,,충남 아산시 온천대로 1462 · 한국관광공사 연관 관광지(숙박) · 카카오 좌표,0,0,0,0,0,0,lodging,,,,,96db458ed63b3e34a1c3d63a8ad444ea67ab6b77
rs362,군산,탑클라우드호텔 군산점,탑클라우드호텔 군산점,stay,35.96475,126.73577,30,,전북특별자치도 군산시 번영로 150-13 · 한국관광공사 연관 관광지(숙박) · 카카오 좌표,0,0,0,0,0,0,lodging,,,,,96db458ed63b3e34a1c3d63a8ad444ea67ab6b77
rs363,군산,브라운도트호텔 군산터미널점,브라운도트호텔 군산터미널점,stay,35.97701,126.72308,30,,전북특별자치도 군산시 중앙로 18-5 · 한국관광공사 연관 관광지(숙박) · 카카오 좌표,0,0,0,0,0,0,lodging,,,,,96db458ed63b3e34a1c3d63a8ad444ea67ab6b77
rs364,군산,베니키아아리울호텔,베니키아아리울호텔,stay,35.9463,126.56159,30,,전북특별자치도 군산시 가도안1길 45 · 한국관광공사 연관 관광지(숙박) · 카카오 좌표,0,0,0,0,0,0,lodging,,,,,96db458ed63b3e34a1c3d63a8ad444ea67ab6b77
rs365,태안,골든비치펜션,골든비치펜션,stay,36.83677,126.18426,30,,충남 태안군 원북면 신두해변길 141 · 한국관광공사 연관 관광지(숙박) · 카카오 좌표,0,0,0,0,0,0,lodging,,,,,96db458ed63b3e34a1c3d63a8ad444ea67ab6b77
rs366,창원,그랜드시티 호텔 창원,그랜드시티 호텔 창원,stay,35.22149,128.67908,30,,경남 창원시 성산구 중앙대로 78 · 한국관광공사 연관 관광지(숙박) · 카카오 좌표,0,0,0,0,0,0,lodging,,,,,96db458ed63b3e34a1c3d63a8ad444ea67ab6b77
rs367,태안,말리오션스파펜션,말리오션스파펜션,stay,36.78657,126.14504,30,,충남 태안군 소원면 만리포1길 95 · 한국관광공사 연관 관광지(숙박) · 카카오 좌표,0,0,0,0,0,0,lodging,,,,,96db458ed63b3e34a1c3d63a8ad444ea67ab6b77
rs368,가평,연인산리조트,연인산리조트,stay,37.90308,127.50236,30,,경기 가평군 북면 가화로 1575-16 · 한국관광공사 연관 관광지(숙박) · 카카오 좌표,0,0,0,0,0,0,lodging,,,,,96db458ed63b3e34a1c3d63a8ad444ea67ab6b77
rs369,가평,농업회사법인 산들애파크 188다산트라,농업회사법인 산들애파크 188다산트라,stay,37.85852,127.34471,30,,경기 가평군 조종면 현등사길 55-430 · 한국관광공사 연관 관광지(숙박) · 카카오 좌표,0,0,0,0,0,0,lodging,,,,,96db458ed63b3e34a1c3d63a8ad444ea67ab6b77
rs370,함양,용추계곡제2야영장,용추계곡제2야영장,stay,35.68419,127.76564,30,,경남 함양군 안의면 용추계곡로 625 · 한국관광공사 연관 관광지(숙박) · 카카오 좌표,0,0,0,0,0,0,lodging,,,,,96db458ed63b3e34a1c3d63a8ad444ea67ab6b77
rs371,부안,연화문호텔 변산,연화문호텔 변산,stay,35.66776,126.51626,30,,전북특별자치도 부안군 변산면 변산해변로 799-47 · 한국관광공사 연관 관광지(숙박) · 카카오 좌표,0,0,0,0,0,0,lodging,,,,,96db458ed63b3e34a1c3d63a8ad444ea67ab6b77
rs372,김해,파인그로브호텔,파인그로브호텔,stay,35.19296,128.79785,30,,경남 김해시 번화1로67번길 20 · 한국관광공사 연관 관광지(숙박) · 카카오 좌표,0,0,0,0,0,0,lodging,,,,,96db458ed63b3e34a1c3d63a8ad444ea67ab6b77
rs373,영덕,풀빌라식스,풀빌라식스,stay,36.31098,129.3793,30,,경북 영덕군 남정면 동해대로 3934 · 한국관광공사 연관 관광지(숙박) · 카카오 좌표,0,0,0,0,0,0,lodging,,,,,96db458ed63b3e34a1c3d63a8ad444ea67ab6b77
rs374,밀양,밀양댐오토캠핑장,밀양댐오토캠핑장,stay,35.49311,128.92847,30,,경남 밀양시 단장면 고례로 855 · 한국관광공사 연관 관광지(숙박) · 카카오 좌표,0,0,0,0,0,0,lodging,,,,,96db458ed63b3e34a1c3d63a8ad444ea67ab6b77
rs375,세종,베스트웨스턴 플러스 호텔세종,베스트웨스턴 플러스 호텔세종,stay,36.50008,127.25843,30,,세종특별자치시 도움1로 7 · 한국관광공사 연관 관광지(숙박) · 카카오 좌표,0,0,0,0,0,0,lodging,,,,,96db458ed63b3e34a1c3d63a8ad444ea67ab6b77
rs376,서울,토요코인호텔 서울강남점,토요코인호텔 서울강남점,stay,37.49188,127.02997,30,,서울 서초구 강남대로 323 · 한국관광공사 연관 관광지(숙박) · 카카오 좌표,0,0,0,0,0,0,lodging,,,,,96db458ed63b3e34a1c3d63a8ad444ea67ab6b77
rs377,서울,로이넷호텔 서울마포,로이넷호텔 서울마포,stay,37.54185,126.94829,30,,서울 마포구 마포대로 67 · 한국관광공사 연관 관광지(숙박) · 카카오 좌표,0,0,0,0,0,0,lodging,,,,,96db458ed63b3e34a1c3d63a8ad444ea67ab6b77
rs378,서울,강동그린웨이 가족캠핑장,강동그린웨이 가족캠핑장,stay,37.53587,127.15409,30,,서울 강동구 천호대로206길 87 · 한국관광공사 연관 관광지(숙박) · 카카오 좌표,0,0,0,0,0,0,lodging,,,,,96db458ed63b3e34a1c3d63a8ad444ea67ab6b77
rs379,서울,오라카이대학로호텔 BW시그니처컬렉션,오라카이대학로호텔 BW시그니처컬렉션,stay,37.57557,126.99872,30,,서울 종로구 율곡로 180 · 한국관광공사 연관 관광지(숙박) · 카카오 좌표,0,0,0,0,0,0,lodging,,,,,96db458ed63b3e34a1c3d63a8ad444ea67ab6b77
rs380,서울,로얄스퀘어호텔,로얄스퀘어호텔,stay,37.5607,126.81029,30,,서울 강서구 공항대로 30 · 한국관광공사 연관 관광지(숙박) · 카카오 좌표,0,0,0,0,0,0,lodging,,,,,96db458ed63b3e34a1c3d63a8ad444ea67ab6b77
rs381,서울,코트야드 바이메리어트 서울보타닉파크,코트야드 바이메리어트 서울보타닉파크,stay,37.56695,126.82939,30,,서울 강서구 마곡중앙12로 10 · 한국관광공사 연관 관광지(숙박) · 카카오 좌표,0,0,0,0,0,0,lodging,,,,,96db458ed63b3e34a1c3d63a8ad444ea67ab6b77
rs382,서울,신라스테이 마포,신라스테이 마포,stay,37.54278,126.94968,30,,서울 마포구 마포대로 83 · 한국관광공사 연관 관광지(숙박) · 카카오 좌표,0,0,0,0,0,0,lodging,,,,,96db458ed63b3e34a1c3d63a8ad444ea67ab6b77
rs384,평창,모나용평 빌라콘도,모나용평 빌라콘도,stay,37.64259,128.68311,30,,강원특별자치도 평창군 대관령면 올림픽로 715 · 한국관광공사 연관 관광지(숙박) · 카카오 좌표,0,0,0,0,0,0,lodging,,,,,96db458ed63b3e34a1c3d63a8ad444ea67ab6b77
rs385,평창,모나용평 그린피아콘도,모나용평 그린피아콘도,stay,37.64307,128.67705,30,,강원특별자치도 평창군 대관령면 올림픽로 715 · 한국관광공사 연관 관광지(숙박) · 카카오 좌표,0,0,0,0,0,0,lodging,,,,,96db458ed63b3e34a1c3d63a8ad444ea67ab6b77
rs386,부산,하운드호텔 기장오시리아점,하운드호텔 기장오시리아점,stay,35.23485,129.21528,30,,부산 기장군 기장읍 기장대로413번길 32 · 한국관광공사 연관 관광지(숙박) · 카카오 좌표,0,0,0,0,0,0,lodging,,,,,96db458ed63b3e34a1c3d63a8ad444ea67ab6b77
rs387,제주,베스트웨스턴 제주호텔,베스트웨스턴 제주호텔,stay,33.48783,126.48185,30,,제주특별자치도 제주시 도령로 27 · 한국관광공사 연관 관광지(숙박) · 카카오 좌표,0,0,0,0,0,0,lodging,,,,,96db458ed63b3e34a1c3d63a8ad444ea67ab6b77
rs388,부산,라마다 앙코르바이윈덤 부산 해운대,라마다 앙코르바이윈덤 부산 해운대,stay,35.16328,129.1596,30,,부산 해운대구 구남로 9 · 한국관광공사 연관 관광지(숙박) · 카카오 좌표,0,0,0,0,0,0,lodging,,,,,96db458ed63b3e34a1c3d63a8ad444ea67ab6b77
rs389,제주,다인리조트,다인리조트,stay,33.47152,126.35111,30,,제주특별자치도 제주시 애월읍 애월해안로 400-9 · 한국관광공사 연관 관광지(숙박) · 카카오 좌표,0,0,0,0,0,0,lodging,,,,,96db458ed63b3e34a1c3d63a8ad444ea67ab6b77
rs390,제주,다인오세아노호텔,다인오세아노호텔,stay,33.47249,126.35047,30,,제주특별자치도 제주시 애월읍 애월해안로 394 · 한국관광공사 연관 관광지(숙박) · 카카오 좌표,0,0,0,0,0,0,lodging,,,,,96db458ed63b3e34a1c3d63a8ad444ea67ab6b77
rs391,제주,호텔시리우스,호텔시리우스,stay,33.4934,126.49102,30,,제주특별자치도 제주시 도령로 133 · 한국관광공사 연관 관광지(숙박) · 카카오 좌표,0,0,0,0,0,0,lodging,,,,,96db458ed63b3e34a1c3d63a8ad444ea67ab6b77
rs392,제주,엠버 퓨어힐 호텔 앤 리조트 제주,엠버 퓨어힐 호텔 앤 리조트 제주,stay,33.42647,126.4873,30,,제주특별자치도 제주시 1100로 2671-30 · 한국관광공사 연관 관광지(숙박) · 카카오 좌표,0,0,0,0,0,0,lodging,,,,,96db458ed63b3e34a1c3d63a8ad444ea67ab6b77
rs393,제주,메종 글래드 제주,메종 글래드 제주,stay,33.48521,126.48853,30,,제주특별자치도 제주시 노연로 80 · 한국관광공사 연관 관광지(숙박) · 카카오 좌표,0,0,0,0,0,0,lodging,,,,,96db458ed63b3e34a1c3d63a8ad444ea67ab6b77
rs394,제주,해비치 호텔&리조트 제주,해비치 호텔&리조트 제주,stay,33.32144,126.84467,30,,제주특별자치도 서귀포시 표선면 민속해안로 537 · 한국관광공사 연관 관광지(숙박) · 카카오 좌표,0,0,0,0,0,0,lodging,,,,,96db458ed63b3e34a1c3d63a8ad444ea67ab6b77
rs395,제주,오션스타콘도,오션스타콘도,stay,33.42734,126.92655,30,,제주특별자치도 서귀포시 성산읍 섭지코지로 169 · 한국관광공사 연관 관광지(숙박) · 카카오 좌표,0,0,0,0,0,0,lodging,,,,,96db458ed63b3e34a1c3d63a8ad444ea67ab6b77
rs396,제주,포도호텔,포도호텔,stay,33.31745,126.38754,30,,제주특별자치도 서귀포시 안덕면 산록남로 863 · 한국관광공사 연관 관광지(숙박) · 카카오 좌표,0,0,0,0,0,0,lodging,,,,,96db458ed63b3e34a1c3d63a8ad444ea67ab6b77
rs397,제주,야크마을,야크마을,stay,33.26971,126.41772,30,,제주특별자치도 서귀포시 색달중앙로 162 · 한국관광공사 연관 관광지(숙박) · 카카오 좌표,0,0,0,0,0,0,lodging,,,,,96db458ed63b3e34a1c3d63a8ad444ea67ab6b77
rs398,제주,제주디아일랜드블루호텔,제주디아일랜드블루호텔,stay,33.24582,126.56577,30,,제주특별자치도 서귀포시 태평로431번길 3 · 한국관광공사 연관 관광지(숙박) · 카카오 좌표,0,0,0,0,0,0,lodging,,,,,96db458ed63b3e34a1c3d63a8ad444ea67ab6b77
rs399,제주,블룸호텔,블룸호텔,stay,33.24987,126.40811,30,,제주특별자치도 서귀포시 중문관광로72번길 53 · 한국관광공사 연관 관광지(숙박) · 카카오 좌표,0,0,0,0,0,0,lodging,,,,,96db458ed63b3e34a1c3d63a8ad444ea67ab6b77
rs400,제주,벨룸리조트,벨룸리조트,stay,33.27935,126.58144,30,,제주특별자치도 서귀포시 516로277번길 45 · 한국관광공사 연관 관광지(숙박) · 카카오 좌표,0,0,0,0,0,0,lodging,,,,,96db458ed63b3e34a1c3d63a8ad444ea67ab6b77
rs401,제주,WE호텔 제주,WE호텔 제주,stay,33.2862,126.44408,30,,제주특별자치도 서귀포시 1100로 453-95 · 한국관광공사 연관 관광지(숙박) · 카카오 좌표,0,0,0,0,0,0,lodging,,,,,96db458ed63b3e34a1c3d63a8ad444ea67ab6b77
rs402,대구,아리아나호텔,아리아나호텔,stay,35.83269,128.62289,30,,대구 수성구 동대구로 27 · 한국관광공사 연관 관광지(숙박) · 카카오 좌표,0,0,0,0,0,0,lodging,,,,,96db458ed63b3e34a1c3d63a8ad444ea67ab6b77
rs403,통영,통영767,통영767,stay,34.77017,128.40746,30,,경남 통영시 산양읍 달아1길 38 · 한국관광공사 연관 관광지(숙박) · 카카오 좌표,0,0,0,0,0,0,lodging,,,,,96db458ed63b3e34a1c3d63a8ad444ea67ab6b77
rs404,목포,바반트 관광호텔,바반트 관광호텔,stay,34.80191,126.36832,30,,전남광주통합특별시 목포시 북항로 149 · 한국관광공사 연관 관광지(숙박) · 카카오 좌표,0,0,0,0,0,0,lodging,,,,,96db458ed63b3e34a1c3d63a8ad444ea67ab6b77
rs405,가평,환타지콜라보,환타지콜라보,stay,37.82418,127.4944,30,,경기 가평군 가평읍 석봉로3번길 157-5 · 한국관광공사 연관 관광지(숙박) · 카카오 좌표,0,0,0,0,0,0,lodging,,,,,96db458ed63b3e34a1c3d63a8ad444ea67ab6b77
rs406,서울,메이플레이스호텔 서울동대문,메이플레이스호텔 서울동대문,stay,37.5761,126.99875,30,,서울 종로구 율곡로 179 · 한국관광공사 연관 관광지(숙박) · 카카오 좌표,0,0,0,0,0,0,lodging,,,,,96db458ed63b3e34a1c3d63a8ad444ea67ab6b77
rs407,파주,브라운도트호텔 파주헤이리점,브라운도트호텔 파주헤이리점,stay,37.77703,126.68767,30,,경기 파주시 탄현면 성동로 34 · 한국관광공사 연관 관광지(숙박) · 카카오 좌표,0,0,0,0,0,0,lodging,,,,,96db458ed63b3e34a1c3d63a8ad444ea67ab6b77
rs408,제주,빠레브호텔 제주,빠레브호텔 제주,stay,33.25229,126.50663,30,,제주특별자치도 서귀포시 김정문화로 15 · 한국관광공사 연관 관광지(숙박) · 카카오 좌표,0,0,0,0,0,0,lodging,,,,,96db458ed63b3e34a1c3d63a8ad444ea67ab6b77
rs409,제주,디아넥스호텔,디아넥스호텔,stay,33.30299,126.39282,30,,제주특별자치도 서귀포시 안덕면 산록남로762번길 71 · 한국관광공사 연관 관광지(숙박) · 카카오 좌표,0,0,0,0,0,0,lodging,,,,,96db458ed63b3e34a1c3d63a8ad444ea67ab6b77
rs410,영월,내리계곡솔밭캠핑장,내리계곡솔밭캠핑장,stay,37.1022,128.68282,30,,강원특별자치도 영월군 김삿갓면 내리계곡로 1039-18 · 한국관광공사 연관 관광지(숙박) · 카카오 좌표,0,0,0,0,0,0,lodging,,,,,96db458ed63b3e34a1c3d63a8ad444ea67ab6b77
rs411,대전,호텔ICC,호텔ICC,stay,36.37706,127.39282,30,,대전 유성구 엑스포로123번길 55 · 한국관광공사 연관 관광지(숙박) · 카카오 좌표,0,0,0,0,0,0,lodging,,,,,96db458ed63b3e34a1c3d63a8ad444ea67ab6b77
rs412,제천,월악산국립공원 덕주야영장 피크닉전용영지,월악산국립공원 덕주야영장 피크닉전용영지,stay,36.86652,128.08802,30,,충북 제천시 한수면 송계리 136 · 한국관광공사 연관 관광지(숙박) · 카카오 좌표,0,0,0,0,0,0,lodging,,,,,96db458ed63b3e34a1c3d63a8ad444ea67ab6b77
rs413,대전,호텔 스카이파크 대전1호점,호텔 스카이파크 대전1호점,stay,36.42474,127.39806,30,,대전 유성구 테크노중앙로 161 · 한국관광공사 연관 관광지(숙박) · 카카오 좌표,0,0,0,0,0,0,lodging,,,,,96db458ed63b3e34a1c3d63a8ad444ea67ab6b77
rs414,경주,강동리조트 패밀리콘도,강동리조트 패밀리콘도,stay,35.82614,129.28787,30,,경북 경주시 천군로 95-32 · 한국관광공사 연관 관광지(숙박) · 카카오 좌표,0,0,0,0,0,0,lodging,,,,,96db458ed63b3e34a1c3d63a8ad444ea67ab6b77
rs415,경주,강동프라이빗콘도,강동프라이빗콘도,stay,35.82316,129.28897,30,,경북 경주시 천군로 95-32 · 한국관광공사 연관 관광지(숙박) · 카카오 좌표,0,0,0,0,0,0,lodging,,,,,96db458ed63b3e34a1c3d63a8ad444ea67ab6b77
rs416,동해,망상제2오토캠핑장,망상제2오토캠핑장,stay,37.59142,129.09264,30,,강원특별자치도 동해시 동해대로 6270-14 · 한국관광공사 연관 관광지(숙박) · 카카오 좌표,0,0,0,0,0,0,lodging,,,,,96db458ed63b3e34a1c3d63a8ad444ea67ab6b77
rs417,거제,거제돔관광호텔,거제돔관광호텔,stay,34.82245,128.70996,30,,경남 거제시 일운면 거제대로 2372 · 한국관광공사 연관 관광지(숙박) · 카카오 좌표,0,0,0,0,0,0,lodging,,,,,96db458ed63b3e34a1c3d63a8ad444ea67ab6b77
rs418,동해,동해무릉건강숲,동해무릉건강숲,stay,37.46511,129.03124,30,,강원특별자치도 동해시 삼화로 455 · 한국관광공사 연관 관광지(숙박) · 카카오 좌표,0,0,0,0,0,0,lodging,,,,,96db458ed63b3e34a1c3d63a8ad444ea67ab6b77
rs419,정선,정선아리아리호텔,정선아리아리호텔,stay,37.22687,128.81172,30,,강원특별자치도 정선군 사북읍 지장천로 579 · 한국관광공사 연관 관광지(숙박) · 카카오 좌표,0,0,0,0,0,0,lodging,,,,,96db458ed63b3e34a1c3d63a8ad444ea67ab6b77
rs420,전주,메종드온유호텔 전주한옥마을점,메종드온유호텔 전주한옥마을점,stay,35.83034,127.17439,30,,전북특별자치도 전주시 덕진구 아중4길 9-3 · 한국관광공사 연관 관광지(숙박) · 카카오 좌표,0,0,0,0,0,0,lodging,,,,,96db458ed63b3e34a1c3d63a8ad444ea67ab6b77
rs421,통영,아스트로펜션,아스트로펜션,stay,34.87912,128.46521,30,,경남 통영시 용남면 연기길 170 · 한국관광공사 연관 관광지(숙박) · 카카오 좌표,0,0,0,0,0,0,lodging,,,,,96db458ed63b3e34a1c3d63a8ad444ea67ab6b77
rs422,통영,브룩스호텔,브룩스호텔,stay,34.84584,128.43093,30,,경남 통영시 통영해안로 407 · 한국관광공사 연관 관광지(숙박) · 카카오 좌표,0,0,0,0,0,0,lodging,,,,,96db458ed63b3e34a1c3d63a8ad444ea67ab6b77
rs423,통영,통영마티스비치스파펜션,통영마티스비치스파펜션,stay,34.83494,128.39234,30,,경남 통영시 국치1길 52-24 · 한국관광공사 연관 관광지(숙박) · 카카오 좌표,0,0,0,0,0,0,lodging,,,,,96db458ed63b3e34a1c3d63a8ad444ea67ab6b77
rs424,강릉,파인아트라벨,파인아트라벨,stay,37.77574,128.94196,30,,강원특별자치도 강릉시 해안로 32 · 한국관광공사 연관 관광지(숙박) · 카카오 좌표,0,0,0,0,0,0,lodging,,,,,96db458ed63b3e34a1c3d63a8ad444ea67ab6b77
rs425,속초,호텔리츠,호텔리츠,stay,38.21273,128.59956,30,,강원특별자치도 속초시 영금정로 27 · 한국관광공사 연관 관광지(숙박) · 카카오 좌표,0,0,0,0,0,0,lodging,,,,,96db458ed63b3e34a1c3d63a8ad444ea67ab6b77
rs426,평창,오리엔트리조트 평창본점,오리엔트리조트 평창본점,stay,37.58698,128.31878,30,,강원특별자치도 평창군 봉평면 태기로 80-56 · 한국관광공사 연관 관광지(숙박) · 카카오 좌표,0,0,0,0,0,0,lodging,,,,,96db458ed63b3e34a1c3d63a8ad444ea67ab6b77
rs427,여수,르그랑블루리조트,르그랑블루리조트,stay,34.68745,127.77776,30,,전남광주통합특별시 여수시 돌산읍 무술목길 34 · 한국관광공사 연관 관광지(숙박) · 카카오 좌표,0,0,0,0,0,0,lodging,,,,,96db458ed63b3e34a1c3d63a8ad444ea67ab6b77
rs428,안동,고려호텔,고려호텔,stay,36.56443,128.73276,30,,경북 안동시 영가로 13 · 한국관광공사 연관 관광지(숙박) · 카카오 좌표,0,0,0,0,0,0,lodging,,,,,96db458ed63b3e34a1c3d63a8ad444ea67ab6b77
rs429,양산,베니키아 양산호텔,베니키아 양산호텔,stay,35.3148,129.02606,30,,경남 양산시 동면 금오10길 51 · 한국관광공사 연관 관광지(숙박) · 카카오 좌표,0,0,0,0,0,0,lodging,,,,,96db458ed63b3e34a1c3d63a8ad444ea67ab6b77
rs430,영주,소백산국립공원 삼가야영장,소백산국립공원 삼가야영장,stay,36.92656,128.50199,30,,경북 영주시 풍기읍 삼가로 509 · 한국관광공사 연관 관광지(숙박) · 카카오 좌표,0,0,0,0,0,0,lodging,,,,,96db458ed63b3e34a1c3d63a8ad444ea67ab6b77
rs431,영주,알토호텔,알토호텔,stay,36.81116,128.6231,30,,경북 영주시 꽃동산로1번길 10 · 한국관광공사 연관 관광지(숙박) · 카카오 좌표,0,0,0,0,0,0,lodging,,,,,96db458ed63b3e34a1c3d63a8ad444ea67ab6b77
rs432,목포,하운드호텔 목포평화광장점,하운드호텔 목포평화광장점,stay,34.79799,126.4287,30,,전남광주통합특별시 목포시 원형서로 20 · 한국관광공사 연관 관광지(숙박) · 카카오 좌표,0,0,0,0,0,0,lodging,,,,,96db458ed63b3e34a1c3d63a8ad444ea67ab6b77
rs433,울릉,울릉도일등펜션,울릉도일등펜션,stay,37.46908,130.88147,30,,경북 울릉군 울릉읍 울릉순환로 678 · 한국관광공사 연관 관광지(숙박) · 카카오 좌표,0,0,0,0,0,0,lodging,,,,,96db458ed63b3e34a1c3d63a8ad444ea67ab6b77
rs434,울릉,호텔울릉드림,호텔울릉드림,stay,37.48121,130.88846,30,,경북 울릉군 울릉읍 사동2길 190 · 한국관광공사 연관 관광지(숙박) · 카카오 좌표,0,0,0,0,0,0,lodging,,,,,96db458ed63b3e34a1c3d63a8ad444ea67ab6b77
rs435,군산,맨션브릿지호텔 군산,맨션브릿지호텔 군산,stay,35.97686,126.72568,30,,전북특별자치도 군산시 서래내길 28 · 한국관광공사 연관 관광지(숙박) · 카카오 좌표,0,0,0,0,0,0,lodging,,,,,96db458ed63b3e34a1c3d63a8ad444ea67ab6b77
rs436,담양,담양리조트,담양리조트,stay,35.36549,127.02563,30,,전남광주통합특별시 담양군 금성면 금성산성길 202 · 한국관광공사 연관 관광지(숙박) · 카카오 좌표,0,0,0,0,0,0,lodging,,,,,96db458ed63b3e34a1c3d63a8ad444ea67ab6b77
rs437,군산,브라운도트호텔 근대화거리점,브라운도트호텔 근대화거리점,stay,35.98779,126.71767,30,,전북특별자치도 군산시 장미2길 6 · 한국관광공사 연관 관광지(숙박) · 카카오 좌표,0,0,0,0,0,0,lodging,,,,,96db458ed63b3e34a1c3d63a8ad444ea67ab6b77
rs438,태안,파도와노을캠핑장,파도와노을캠핑장,stay,36.73352,126.13093,30,,충남 태안군 소원면 아치내길 60-70 · 한국관광공사 연관 관광지(숙박) · 카카오 좌표,0,0,0,0,0,0,lodging,,,,,96db458ed63b3e34a1c3d63a8ad444ea67ab6b77
rs439,가평,더스테이힐링파크,더스테이힐링파크,stay,37.66182,127.52435,30,,경기 가평군 설악면 한서로268번길 157 · 한국관광공사 연관 관광지(숙박) · 카카오 좌표,0,0,0,0,0,0,lodging,,,,,96db458ed63b3e34a1c3d63a8ad444ea67ab6b77
rs440,김해,아세라빌라드아쿠아호텔,아세라빌라드아쿠아호텔,stay,35.22885,128.88418,30,,경남 김해시 가락로24번길 15 · 한국관광공사 연관 관광지(숙박) · 카카오 좌표,0,0,0,0,0,0,lodging,,,,,96db458ed63b3e34a1c3d63a8ad444ea67ab6b77
rs441,포천,신북온심재,신북온심재,stay,37.97427,127.10438,30,,경기 포천시 신북면 청신로 571 · 한국관광공사 연관 관광지(숙박) · 카카오 좌표,0,0,0,0,0,0,lodging,,,,,96db458ed63b3e34a1c3d63a8ad444ea67ab6b77
rs442,울진,동해바다펜션,동해바다펜션,stay,37.05058,129.41285,30,,경북 울진군 죽변면 죽변중앙로 33-5 · 한국관광공사 연관 관광지(숙박) · 카카오 좌표,0,0,0,0,0,0,lodging,,,,,96db458ed63b3e34a1c3d63a8ad444ea67ab6b77
rs443,부안,스테이80,스테이80,stay,35.6546,126.5096,30,,전북특별자치도 부안군 변산면 고사길 80 · 한국관광공사 연관 관광지(숙박) · 카카오 좌표,0,0,0,0,0,0,lodging,,,,,96db458ed63b3e34a1c3d63a8ad444ea67ab6b77
rs444,부안,가온리조트,가온리조트,stay,35.6781,126.53149,30,,전북특별자치도 부안군 변산면 변산우회길 3-16 · 한국관광공사 연관 관광지(숙박) · 카카오 좌표,0,0,0,0,0,0,lodging,,,,,96db458ed63b3e34a1c3d63a8ad444ea67ab6b77
rs445,양양,코게러지 호텔,코게러지 호텔,stay,38.00549,128.72927,30,,강원특별자치도 양양군 현북면 동해대로 1269-7 · 한국관광공사 연관 관광지(숙박) · 카카오 좌표,0,0,0,0,0,0,lodging,,,,,96db458ed63b3e34a1c3d63a8ad444ea67ab6b77
rs446,양양,서프리조트인더시티 양양,서프리조트인더시티 양양,stay,37.97162,128.76086,30,,강원특별자치도 양양군 현남면 새나루길 5 · 한국관광공사 연관 관광지(숙박) · 카카오 좌표,0,0,0,0,0,0,lodging,,,,,96db458ed63b3e34a1c3d63a8ad444ea67ab6b77
rs447,보령,동백관,동백관,stay,36.26193,126.54881,30,,충남 보령시 남포면 용두욕장2길 40 · 한국관광공사 연관 관광지(숙박) · 카카오 좌표,0,0,0,0,0,0,lodging,,,,,96db458ed63b3e34a1c3d63a8ad444ea67ab6b77
rs448,영덕,연화문호텔 영덕,연화문호텔 영덕,stay,36.27179,129.37691,30,,경북 영덕군 남정면 동해대로 3472 · 한국관광공사 연관 관광지(숙박) · 카카오 좌표,0,0,0,0,0,0,lodging,,,,,96db458ed63b3e34a1c3d63a8ad444ea67ab6b77
rs449,서울,조선호텔 포포인츠바이쉐라톤 서울역,조선호텔 포포인츠바이쉐라톤 서울역,stay,37.55106,126.97292,30,,서울 용산구 한강대로 366 · 한국관광공사 연관 관광지(숙박) · 카카오 좌표,0,0,0,0,0,0,lodging,,,,,96db458ed63b3e34a1c3d63a8ad444ea67ab6b77
rs450,부산,브라운도트호텔 엄궁점,브라운도트호텔 엄궁점,stay,35.12866,128.96882,30,,부산 사상구 낙동대로 753-17 · 한국관광공사 연관 관광지(숙박) · 카카오 좌표,0,0,0,0,0,0,lodging,,,,,96db458ed63b3e34a1c3d63a8ad444ea67ab6b77
rs451,부산,하얏트 플레이스 부산 연산,하얏트 플레이스 부산 연산,stay,35.1877,129.0806,30,,부산 연제구 중앙대로 1121 · 한국관광공사 연관 관광지(숙박) · 카카오 좌표,0,0,0,0,0,0,lodging,,,,,96db458ed63b3e34a1c3d63a8ad444ea67ab6b77
rs452,부산,케니스테이 기장,케니스테이 기장,stay,35.24259,129.2158,30,,부산 기장군 기장읍 차성남로51번길 26 · 한국관광공사 연관 관광지(숙박) · 카카오 좌표,0,0,0,0,0,0,lodging,,,,,96db458ed63b3e34a1c3d63a8ad444ea67ab6b77
rs453,부산,소노문 해운대,소노문 해운대,stay,35.15992,129.15797,30,,부산 해운대구 해운대해변로237번길 12 · 한국관광공사 연관 관광지(숙박) · 카카오 좌표,0,0,0,0,0,0,lodging,,,,,96db458ed63b3e34a1c3d63a8ad444ea67ab6b77
rs454,부산,썬클라우드호텔,썬클라우드호텔,stay,35.16044,129.16225,30,,부산 해운대구 해운대해변로 287 · 한국관광공사 연관 관광지(숙박) · 카카오 좌표,0,0,0,0,0,0,lodging,,,,,96db458ed63b3e34a1c3d63a8ad444ea67ab6b77
rs455,부산,해운대블루스토리호텔,해운대블루스토리호텔,stay,35.15991,129.15748,30,,부산 해운대구 해운대해변로237번길 11 · 한국관광공사 연관 관광지(숙박) · 카카오 좌표,0,0,0,0,0,0,lodging,,,,,96db458ed63b3e34a1c3d63a8ad444ea67ab6b77
rs456,제주,호텔난타,호텔난타,stay,33.44583,126.54791,30,,제주특별자치도 제주시 선돌목동길 56-26 · 한국관광공사 연관 관광지(숙박) · 카카오 좌표,0,0,0,0,0,0,lodging,,,,,96db458ed63b3e34a1c3d63a8ad444ea67ab6b77
rs457,제주,더스테이센추리호텔,더스테이센추리호텔,stay,33.48491,126.40893,30,,제주특별자치도 제주시 애월읍 일주서로 7113 · 한국관광공사 연관 관광지(숙박) · 카카오 좌표,0,0,0,0,0,0,lodging,,,,,96db458ed63b3e34a1c3d63a8ad444ea67ab6b77
rs458,제주,베니키아호텔 제주,베니키아호텔 제주,stay,33.47763,126.36223,30,,제주특별자치도 제주시 애월읍 애월해안로 554-6 · 한국관광공사 연관 관광지(숙박) · 카카오 좌표,0,0,0,0,0,0,lodging,,,,,96db458ed63b3e34a1c3d63a8ad444ea67ab6b77
rs459,제주,신라스테이 플러스 이호테우,신라스테이 플러스 이호테우,stay,33.49268,126.423,30,,제주특별자치도 제주시 연대마을길 76 · 한국관광공사 연관 관광지(숙박) · 카카오 좌표,0,0,0,0,0,0,lodging,,,,,96db458ed63b3e34a1c3d63a8ad444ea67ab6b77
rs460,제주,제주리조트,제주리조트,stay,33.48292,126.39306,30,,제주특별자치도 제주시 애월읍 가문동상4길 11 · 한국관광공사 연관 관광지(숙박) · 카카오 좌표,0,0,0,0,0,0,lodging,,,,,96db458ed63b3e34a1c3d63a8ad444ea67ab6b77
rs461,제주,몽돌스테이1119,몽돌스테이1119,stay,33.41282,126.26537,30,,제주특별자치도 제주시 한림읍 한림남1길 3 · 한국관광공사 연관 관광지(숙박) · 카카오 좌표,0,0,0,0,0,0,lodging,,,,,96db458ed63b3e34a1c3d63a8ad444ea67ab6b77
rs462,제주,코업시티호텔 성산,코업시티호텔 성산,stay,33.46599,126.93189,30,,제주특별자치도 서귀포시 성산읍 성산등용로 28 · 한국관광공사 연관 관광지(숙박) · 카카오 좌표,0,0,0,0,0,0,lodging,,,,,96db458ed63b3e34a1c3d63a8ad444ea67ab6b77
rs463,제주,신라스테이 제주,신라스테이 제주,stay,33.48554,126.4909,30,,제주특별자치도 제주시 노연로 100 · 한국관광공사 연관 관광지(숙박) · 카카오 좌표,0,0,0,0,0,0,lodging,,,,,96db458ed63b3e34a1c3d63a8ad444ea67ab6b77
rs464,당진,모든날펜션,모든날펜션,stay,37.03347,126.55612,30,,충남 당진시 석문면 장고항로 368-12 · 한국관광공사 연관 관광지(숙박) · 카카오 좌표,0,0,0,0,0,0,lodging,,,,,96db458ed63b3e34a1c3d63a8ad444ea67ab6b77
rs465,서산,저스트슬립호텔 서산대산점,저스트슬립호텔 서산대산점,stay,36.94033,126.43033,30,,충남 서산시 대산읍 충의로 1981 · 한국관광공사 연관 관광지(숙박) · 카카오 좌표,0,0,0,0,0,0,lodging,,,,,96db458ed63b3e34a1c3d63a8ad444ea67ab6b77
rs466,제천,휴가 게스트하우스,휴가 게스트하우스,stay,37.1557,128.2184,30,,충북 제천시 용두천로42길 7 · 한국관광공사 연관 관광지(숙박) · 카카오 좌표,0,0,0,0,0,0,lodging,,,,,96db458ed63b3e34a1c3d63a8ad444ea67ab6b77
rs467,서울,난지캠핑장,난지캠핑장,stay,37.57,126.87217,30,,서울 마포구 한강난지로 22 · 한국관광공사 연관 관광지(숙박) · 카카오 좌표,0,0,0,0,0,0,lodging,,,,,96db458ed63b3e34a1c3d63a8ad444ea67ab6b77
rs468,서울,호텔씨에스에비뉴,호텔씨에스에비뉴,stay,37.59908,126.9365,30,,서울 은평구 통일로 585-1 · 한국관광공사 연관 관광지(숙박) · 카카오 좌표,0,0,0,0,0,0,lodging,,,,,96db458ed63b3e34a1c3d63a8ad444ea67ab6b77
rs469,하동,소소화개,소소화개,stay,35.20252,127.63461,30,,경남 하동군 화개면 백혜길 10 · 한국관광공사 연관 관광지(숙박) · 카카오 좌표,0,0,0,0,0,0,lodging,,,,,96db458ed63b3e34a1c3d63a8ad444ea67ab6b77
rs470,강릉,망상비치호텔,망상비치호텔,stay,37.60647,129.06895,30,,강원특별자치도 강릉시 옥계면 도직길 7-22 · 한국관광공사 연관 관광지(숙박) · 카카오 좌표,0,0,0,0,0,0,lodging,,,,,96db458ed63b3e34a1c3d63a8ad444ea67ab6b77
rs471,통영,데이지호텔,데이지호텔,stay,34.8857,128.42141,30,,경남 통영시 광도면 죽림5로 25-55 · 한국관광공사 연관 관광지(숙박) · 카카오 좌표,0,0,0,0,0,0,lodging,,,,,96db458ed63b3e34a1c3d63a8ad444ea67ab6b77
rs472,통영,통영 한산마리나호텔&리조트,통영 한산마리나호텔&리조트,stay,34.80486,128.43458,30,,경남 통영시 산양읍 삼칭이해안길 820 · 한국관광공사 연관 관광지(숙박) · 카카오 좌표,0,0,0,0,0,0,lodging,,,,,96db458ed63b3e34a1c3d63a8ad444ea67ab6b77
rs473,울릉,섬바디관광호텔,섬바디관광호텔,stay,37.48415,130.9053,30,,경북 울릉군 울릉읍 도동3길 20 · 한국관광공사 연관 관광지(숙박) · 카카오 좌표,0,0,0,0,0,0,lodging,,,,,96db458ed63b3e34a1c3d63a8ad444ea67ab6b77
rs474,인천,제이앤파크호텔,제이앤파크호텔,stay,37.44501,126.3793,30,,인천 영종구 용유서로 262-15 · 한국관광공사 연관 관광지(숙박) · 카카오 좌표,0,0,0,0,0,0,lodging,,,,,96db458ed63b3e34a1c3d63a8ad444ea67ab6b77
rs475,태안,리틀베이 풀빌라,리틀베이 풀빌라,stay,36.64298,126.30165,30,,충남 태안군 남면 청포대길 101 · 한국관광공사 연관 관광지(숙박) · 카카오 좌표,0,0,0,0,0,0,lodging,,,,,96db458ed63b3e34a1c3d63a8ad444ea67ab6b77
rs476,포천,유식물원캠핑장,유식물원캠핑장,stay,37.97403,127.15023,30,,경기 포천시 신북면 간자동길 138-100 · 한국관광공사 연관 관광지(숙박) · 카카오 좌표,0,0,0,0,0,0,lodging,,,,,96db458ed63b3e34a1c3d63a8ad444ea67ab6b77
rs477,구미,스테이더공단호텔,스테이더공단호텔,stay,36.10998,128.37715,30,,경북 구미시 1공단로5길 86-15 · 한국관광공사 연관 관광지(숙박) · 카카오 좌표,0,0,0,0,0,0,lodging,,,,,96db458ed63b3e34a1c3d63a8ad444ea67ab6b77
rs478,평창,휘닉스파크,휘닉스파크,stay,37.58135,128.32741,30,,강원특별자치도 평창군 봉평면 태기로 174 · 한국관광공사 연관 관광지(숙박) · 카카오 좌표,0,0,0,0,0,0,lodging,,,,,96db458ed63b3e34a1c3d63a8ad444ea67ab6b77
rs479,제주,팜파스호텔 제주,팜파스호텔 제주,stay,33.51156,126.48499,30,,제주특별자치도 제주시 서해안로 368-3 · 한국관광공사 연관 관광지(숙박) · 카카오 좌표,0,0,0,0,0,0,lodging,,,,,96db458ed63b3e34a1c3d63a8ad444ea67ab6b77
rs480,서산,서라온,서라온,stay,36.78535,126.5315,30,,충남 서산시 음암면 부장양지길 34-35 · 한국관광공사 연관 관광지(숙박) · 카카오 좌표,0,0,0,0,0,0,lodging,,,,,96db458ed63b3e34a1c3d63a8ad444ea67ab6b77
rs481,서울,머큐어 앰배서더 서울 홍대,머큐어 앰배서더 서울 홍대,stay,37.55519,126.92247,30,,서울 마포구 양화로 144 · 한국관광공사 연관 관광지(숙박) · 카카오 좌표,0,0,0,0,0,0,lodging,,,,,96db458ed63b3e34a1c3d63a8ad444ea67ab6b77
rs482,제천,닷돈재4색야영장,닷돈재4색야영장,stay,36.84317,128.09379,30,,충북 제천시 한수면 송계리 67 · 한국관광공사 연관 관광지(숙박) · 카카오 좌표,0,0,0,0,0,0,lodging,,,,,96db458ed63b3e34a1c3d63a8ad444ea67ab6b77
rs483,경주,경주화랑마을 오토캠핑장,경주화랑마을 오토캠핑장,stay,35.85883,129.18223,30,,경북 경주시 석현로 123 · 한국관광공사 연관 관광지(숙박) · 카카오 좌표,0,0,0,0,0,0,lodging,,,,,96db458ed63b3e34a1c3d63a8ad444ea67ab6b77
rs484,경주,황남관,황남관,stay,35.8336,129.2097,30,,경북 경주시 포석로 1038 · 한국관광공사 연관 관광지(숙박) · 카카오 좌표,0,0,0,0,0,0,lodging,,,,,96db458ed63b3e34a1c3d63a8ad444ea67ab6b77
rs485,경주,신라부티크호텔,신라부티크호텔,stay,35.84207,129.20199,30,,경북 경주시 강변로 200 · 한국관광공사 연관 관광지(숙박) · 카카오 좌표,0,0,0,0,0,0,lodging,,,,,96db458ed63b3e34a1c3d63a8ad444ea67ab6b77
rs486,경주,덴바스타호텔 헤리티지 경주점,덴바스타호텔 헤리티지 경주점,stay,35.83904,129.20409,30,,경북 경주시 태종로 691-20 · 한국관광공사 연관 관광지(숙박) · 카카오 좌표,0,0,0,0,0,0,lodging,,,,,96db458ed63b3e34a1c3d63a8ad444ea67ab6b77
rs487,거제,흑진주마리나리조트,흑진주마리나리조트,stay,34.77765,128.65325,30,,경남 거제시 동부면 거제대로 1080-15 · 한국관광공사 연관 관광지(숙박) · 카카오 좌표,0,0,0,0,0,0,lodging,,,,,96db458ed63b3e34a1c3d63a8ad444ea67ab6b77
rs488,거제,까사델문도,까사델문도,stay,34.81358,128.67915,30,,경남 거제시 일운면 윤돌길 23 · 한국관광공사 연관 관광지(숙박) · 카카오 좌표,0,0,0,0,0,0,lodging,,,,,96db458ed63b3e34a1c3d63a8ad444ea67ab6b77
rs489,거제,브라운도트 거제근 포항점,브라운도트 거제근 포항점,stay,34.71535,128.59063,30,,경남 거제시 남부면 대포길 18 · 한국관광공사 연관 관광지(숙박) · 카카오 좌표,0,0,0,0,0,0,lodging,,,,,96db458ed63b3e34a1c3d63a8ad444ea67ab6b77
rs490,거제,포시즌펜션,포시즌펜션,stay,34.97999,128.69402,30,,경남 거제시 장목면 두모실길 16-23 · 한국관광공사 연관 관광지(숙박) · 카카오 좌표,0,0,0,0,0,0,lodging,,,,,96db458ed63b3e34a1c3d63a8ad444ea67ab6b77
rs491,청주,천경대키즈풀빌라,천경대키즈풀빌라,stay,36.6141,127.70115,30,,충북 청주시 상당구 미원면 옥화길 22-22 · 한국관광공사 연관 관광지(숙박) · 카카오 좌표,0,0,0,0,0,0,lodging,,,,,96db458ed63b3e34a1c3d63a8ad444ea67ab6b77
rs492,거제,거제로펜션,거제로펜션,stay,34.77795,128.64174,30,,경남 거제시 동부면 학동7길 24 · 한국관광공사 연관 관광지(숙박) · 카카오 좌표,0,0,0,0,0,0,lodging,,,,,96db458ed63b3e34a1c3d63a8ad444ea67ab6b77
rs493,삼척,덕풍계곡 제2야영장,덕풍계곡 제2야영장,stay,37.1039,129.17833,30,,강원특별자치도 삼척시 가곡면 풍곡리 산 103-1 · 한국관광공사 연관 관광지(숙박) · 카카오 좌표,0,0,0,0,0,0,lodging,,,,,96db458ed63b3e34a1c3d63a8ad444ea67ab6b77
rs494,통영,물개스테이,물개스테이,stay,34.76894,128.42149,30,,경남 통영시 산양읍 물개길 37-7 · 한국관광공사 연관 관광지(숙박) · 카카오 좌표,0,0,0,0,0,0,lodging,,,,,96db458ed63b3e34a1c3d63a8ad444ea67ab6b77
rs495,통영,바다52스파펜션,바다52스파펜션,stay,34.83511,128.39205,30,,경남 통영시 국치1길 52-30 · 한국관광공사 연관 관광지(숙박) · 카카오 좌표,0,0,0,0,0,0,lodging,,,,,96db458ed63b3e34a1c3d63a8ad444ea67ab6b77
rs496,여수,호텔더엘,호텔더엘,stay,34.73788,127.7388,30,,전남광주통합특별시 여수시 이순신광장로 135 · 한국관광공사 연관 관광지(숙박) · 카카오 좌표,0,0,0,0,0,0,lodging,,,,,96db458ed63b3e34a1c3d63a8ad444ea67ab6b77
rs497,여수,여수 디아크리조트,여수 디아크리조트,stay,34.70177,127.75755,30,,전남광주통합특별시 여수시 돌산읍 돌산로 3169-30 · 한국관광공사 연관 관광지(숙박) · 카카오 좌표,0,0,0,0,0,0,lodging,,,,,96db458ed63b3e34a1c3d63a8ad444ea67ab6b77
rs498,안동,리첼호텔,리첼호텔,stay,36.5683,128.78228,30,,경북 안동시 관광단지로 346-69 · 한국관광공사 연관 관광지(숙박) · 카카오 좌표,0,0,0,0,0,0,lodging,,,,,96db458ed63b3e34a1c3d63a8ad444ea67ab6b77
rs499,안동,전통리조트 구름에,전통리조트 구름에,stay,36.57337,128.76881,30,,경북 안동시 민속촌길 190 · 한국관광공사 연관 관광지(숙박) · 카카오 좌표,0,0,0,0,0,0,lodging,,,,,96db458ed63b3e34a1c3d63a8ad444ea67ab6b77
rs500,진주,브라운도트호텔,브라운도트호텔,stay,35.17856,128.14029,30,,경남 진주시 에나로 103-9 · 한국관광공사 연관 관광지(숙박) · 카카오 좌표,0,0,0,0,0,0,lodging,,,,,96db458ed63b3e34a1c3d63a8ad444ea67ab6b77
rs501,남해,슬로우남해,슬로우남해,stay,34.83946,127.98205,30,,경남 남해군 창선면 서부로 177-7 · 한국관광공사 연관 관광지(숙박) · 카카오 좌표,0,0,0,0,0,0,lodging,,,,,96db458ed63b3e34a1c3d63a8ad444ea67ab6b77
rs502,영주,풍기관광호텔,풍기관광호텔,stay,36.86978,128.5248,30,,경북 영주시 풍기읍 풍기로 53 · 한국관광공사 연관 관광지(숙박) · 카카오 좌표,0,0,0,0,0,0,lodging,,,,,96db458ed63b3e34a1c3d63a8ad444ea67ab6b77
rs503,목포,호텔야자 목포평화광장점,호텔야자 목포평화광장점,stay,34.80054,126.43026,30,,전남광주통합특별시 목포시 하당남부로61번길 3 · 한국관광공사 연관 관광지(숙박) · 카카오 좌표,0,0,0,0,0,0,lodging,,,,,96db458ed63b3e34a1c3d63a8ad444ea67ab6b77
rs504,울릉,가고싶다펜션,가고싶다펜션,stay,37.49142,130.90929,30,,경북 울릉군 울릉읍 봉래1길 52-1 · 한국관광공사 연관 관광지(숙박) · 카카오 좌표,0,0,0,0,0,0,lodging,,,,,96db458ed63b3e34a1c3d63a8ad444ea67ab6b77
rs505,울릉,학포다이브리조트,학포다이브리조트,stay,37.50143,130.80782,30,,경북 울릉군 서면 학포길 35-7 · 한국관광공사 연관 관광지(숙박) · 카카오 좌표,0,0,0,0,0,0,lodging,,,,,96db458ed63b3e34a1c3d63a8ad444ea67ab6b77
rs506,합천,마노아워터캠핑장,마노아워터캠핑장,stay,35.6426,128.05778,30,,경남 합천군 봉산면 압곡3길 9 · 한국관광공사 연관 관광지(숙박) · 카카오 좌표,0,0,0,0,0,0,lodging,,,,,96db458ed63b3e34a1c3d63a8ad444ea67ab6b77
rs507,남해,여여담,여여담,stay,34.88408,127.90997,30,,경남 남해군 설천면 설천로 176-132 · 한국관광공사 연관 관광지(숙박) · 카카오 좌표,0,0,0,0,0,0,lodging,,,,,96db458ed63b3e34a1c3d63a8ad444ea67ab6b77
rs508,남해,상주은모래비치 오토캠핑장,상주은모래비치 오토캠핑장,stay,34.71992,127.98536,30,,경남 남해군 상주면 상주리 1248-1 · 한국관광공사 연관 관광지(숙박) · 카카오 좌표,0,0,0,0,0,0,lodging,,,,,96db458ed63b3e34a1c3d63a8ad444ea67ab6b77
rs509,울산,삼성산장,삼성산장,stay,35.55955,129.06776,30,,울산 울주군 상북면 등억알프스로 483 · 한국관광공사 연관 관광지(숙박) · 카카오 좌표,0,0,0,0,0,0,lodging,,,,,96db458ed63b3e34a1c3d63a8ad444ea67ab6b77
rs510,울산,온더웨이브호텔,온더웨이브호텔,stay,35.3561,129.35036,30,,울산 울주군 서생면 간절곶해안길 37 · 한국관광공사 연관 관광지(숙박) · 카카오 좌표,0,0,0,0,0,0,lodging,,,,,96db458ed63b3e34a1c3d63a8ad444ea67ab6b77
rs511,창원,CNN호텔,CNN호텔,stay,35.22347,128.68312,30,,경남 창원시 성산구 상남로 118 · 한국관광공사 연관 관광지(숙박) · 카카오 좌표,0,0,0,0,0,0,lodging,,,,,96db458ed63b3e34a1c3d63a8ad444ea67ab6b77
rs512,태안,무이림,무이림,stay,36.75743,126.17055,30,,충남 태안군 소원면 대소산길 350-87 · 한국관광공사 연관 관광지(숙박) · 카카오 좌표,0,0,0,0,0,0,lodging,,,,,96db458ed63b3e34a1c3d63a8ad444ea67ab6b77
rs513,태안,나문재카페,나문재카페,stay,36.5866,126.37431,30,,충남 태안군 안면읍 통샘길 87-340 · 한국관광공사 연관 관광지(숙박) · 카카오 좌표,0,0,0,0,0,0,lodging,,,,,96db458ed63b3e34a1c3d63a8ad444ea67ab6b77
rs514,창원,호텔에비뉴,호텔에비뉴,stay,35.23012,128.68152,30,,경남 창원시 성산구 용지로169번길 5 · 한국관광공사 연관 관광지(숙박) · 카카오 좌표,0,0,0,0,0,0,lodging,,,,,96db458ed63b3e34a1c3d63a8ad444ea67ab6b77
rs515,가평,호텔하우스,호텔하우스,stay,37.69797,127.48978,30,,경기 가평군 설악면 자잠로 279 · 한국관광공사 연관 관광지(숙박) · 카카오 좌표,0,0,0,0,0,0,lodging,,,,,96db458ed63b3e34a1c3d63a8ad444ea67ab6b77
rs516,상주,객주촌한옥펜션,객주촌한옥펜션,stay,36.44342,128.26555,30,,경북 상주시 중동면 갱다불길 113 · 한국관광공사 연관 관광지(숙박) · 카카오 좌표,0,0,0,0,0,0,lodging,,,,,96db458ed63b3e34a1c3d63a8ad444ea67ab6b77
rs517,김해,덴바스타 테마 키즈호텔,덴바스타 테마 키즈호텔,stay,35.27536,128.88914,30,,경남 김해시 생림면 인제로 545-20 · 한국관광공사 연관 관광지(숙박) · 카카오 좌표,0,0,0,0,0,0,lodging,,,,,96db458ed63b3e34a1c3d63a8ad444ea67ab6b77
rs518,김해,잠101호텔,잠101호텔,stay,35.17056,128.82324,30,,경남 김해시 율하숲길 17 · 한국관광공사 연관 관광지(숙박) · 카카오 좌표,0,0,0,0,0,0,lodging,,,,,96db458ed63b3e34a1c3d63a8ad444ea67ab6b77
rs519,익산,한옥펜션 수수헌,한옥펜션 수수헌,stay,35.99236,127.05024,30,,전북특별자치도 익산시 금마면 미륵사지로5길 24-1 · 한국관광공사 연관 관광지(숙박) · 카카오 좌표,0,0,0,0,0,0,lodging,,,,,96db458ed63b3e34a1c3d63a8ad444ea67ab6b77
rs520,전주,전주관광호텔,전주관광호텔,stay,35.82042,127.14541,30,,전북특별자치도 전주시 완산구 전주객사5길 44-5 · 한국관광공사 연관 관광지(숙박) · 카카오 좌표,0,0,0,0,0,0,lodging,,,,,96db458ed63b3e34a1c3d63a8ad444ea67ab6b77
rs521,울진,불영계곡캠핑장,불영계곡캠핑장,stay,36.96603,129.32047,30,,경북 울진군 울진읍 불영계곡로 2758 · 한국관광공사 연관 관광지(숙박) · 카카오 좌표,0,0,0,0,0,0,lodging,,,,,96db458ed63b3e34a1c3d63a8ad444ea67ab6b77
rs522,고창,선운산유스호스텔,선운산유스호스텔,stay,35.50348,126.58311,30,,전북특별자치도 고창군 아산면 선운사로 158-36 · 한국관광공사 연관 관광지(숙박) · 카카오 좌표,0,0,0,0,0,0,lodging,,,,,96db458ed63b3e34a1c3d63a8ad444ea67ab6b77
rs523,고양,밀레니엄호텔,밀레니엄호텔,stay,37.67497,126.74834,30,,경기 고양시 일산서구 주화로 190 · 한국관광공사 연관 관광지(숙박) · 카카오 좌표,0,0,0,0,0,0,lodging,,,,,96db458ed63b3e34a1c3d63a8ad444ea67ab6b77
rs524,고양,호텔 클라움,호텔 클라움,stay,37.67509,126.74799,30,,경기 고양시 일산서구 중앙로 1559-11 · 한국관광공사 연관 관광지(숙박) · 카카오 좌표,0,0,0,0,0,0,lodging,,,,,96db458ed63b3e34a1c3d63a8ad444ea67ab6b77
rs525,고양,글로스터호텔 킨텍스,글로스터호텔 킨텍스,stay,37.66842,126.74807,30,,경기 고양시 일산서구 킨텍스로 255-3 · 한국관광공사 연관 관광지(숙박) · 카카오 좌표,0,0,0,0,0,0,lodging,,,,,96db458ed63b3e34a1c3d63a8ad444ea67ab6b77
rs526,담양,퀸즈캐슬,퀸즈캐슬,stay,35.19191,126.99417,30,,전남광주통합특별시 담양군 가사문학면 가사문학로 760-12 · 한국관광공사 연관 관광지(숙박) · 카카오 좌표,0,0,0,0,0,0,lodging,,,,,96db458ed63b3e34a1c3d63a8ad444ea67ab6b77
rs527,인제,아침뜨락황토마을,아침뜨락황토마을,stay,37.95519,128.34152,30,,강원특별자치도 인제군 기린면 두루미길 7-18 · 한국관광공사 연관 관광지(숙박) · 카카오 좌표,0,0,0,0,0,0,lodging,,,,,96db458ed63b3e34a1c3d63a8ad444ea67ab6b77
rs528,양양,브리드호텔 양양,브리드호텔 양양,stay,37.97094,128.76209,30,,강원특별자치도 양양군 현남면 인구항길 17 · 한국관광공사 연관 관광지(숙박) · 카카오 좌표,0,0,0,0,0,0,lodging,,,,,96db458ed63b3e34a1c3d63a8ad444ea67ab6b77
rs529,청송,송소고택펜션,송소고택펜션,stay,36.43621,129.0264,30,,경북 청송군 파천면 송소고택길 15-2 · 한국관광공사 연관 관광지(숙박) · 카카오 좌표,0,0,0,0,0,0,lodging,,,,,96db458ed63b3e34a1c3d63a8ad444ea67ab6b77
rs530,영덕,클라우드나인호텔모텔,클라우드나인호텔모텔,stay,36.35734,129.38668,30,,경북 영덕군 강구면 신강구6길 25 · 한국관광공사 연관 관광지(숙박) · 카카오 좌표,0,0,0,0,0,0,lodging,,,,,96db458ed63b3e34a1c3d63a8ad444ea67ab6b77
rs531,보령,대천사과나무펜션,대천사과나무펜션,stay,36.31118,126.51629,30,,충남 보령시 고잠2길 10 · 한국관광공사 연관 관광지(숙박) · 카카오 좌표,0,0,0,0,0,0,lodging,,,,,96db458ed63b3e34a1c3d63a8ad444ea67ab6b77
rs532,보령,더반힐글램핑&리조트펜션,더반힐글램핑&리조트펜션,stay,36.42511,126.50392,30,,충남 보령시 오천면 오천해안로 557 · 한국관광공사 연관 관광지(숙박) · 카카오 좌표,0,0,0,0,0,0,lodging,,,,,96db458ed63b3e34a1c3d63a8ad444ea67ab6b77
rs533,영덕,영덕프라다호텔,영덕프라다호텔,stay,36.34328,129.38176,30,,경북 영덕군 강구면 동해대로 4312 · 한국관광공사 연관 관광지(숙박) · 카카오 좌표,0,0,0,0,0,0,lodging,,,,,96db458ed63b3e34a1c3d63a8ad444ea67ab6b77
rs534,영덕,영덕바다펜션,영덕바다펜션,stay,36.32999,129.37917,30,,경북 영덕군 남정면 동해대로 4156 · 한국관광공사 연관 관광지(숙박) · 카카오 좌표,0,0,0,0,0,0,lodging,,,,,96db458ed63b3e34a1c3d63a8ad444ea67ab6b77
rs535,부산,브라운도트호텔 다대포해수욕장점,브라운도트호텔 다대포해수욕장점,stay,35.0574,128.97273,30,,부산 사하구 다대동로 45 · 한국관광공사 연관 관광지(숙박) · 카카오 좌표,0,0,0,0,0,0,lodging,,,,,96db458ed63b3e34a1c3d63a8ad444ea67ab6b77
rs536,부산,에이치에비뉴 정관점,에이치에비뉴 정관점,stay,35.31617,129.18322,30,,부산 기장군 정관읍 산단2로 31-24 · 한국관광공사 연관 관광지(숙박) · 카카오 좌표,0,0,0,0,0,0,lodging,,,,,96db458ed63b3e34a1c3d63a8ad444ea67ab6b77
rs537,고양,호텔더윈,호텔더윈,stay,37.64766,126.87513,30,,경기 고양시 덕양구 원흥3로 6-14 · 한국관광공사 연관 관광지(숙박) · 카카오 좌표,0,0,0,0,0,0,lodging,,,,,96db458ed63b3e34a1c3d63a8ad444ea67ab6b77
rs538,부산,더블유레지던스호텔,더블유레지던스호텔,stay,35.16761,129.13284,30,,부산 해운대구 센텀3로 20 · 한국관광공사 연관 관광지(숙박) · 카카오 좌표,0,0,0,0,0,0,lodging,,,,,96db458ed63b3e34a1c3d63a8ad444ea67ab6b77
rs539,거창,덕유공방펜션,덕유공방펜션,stay,35.74538,127.82456,30,,경남 거창군 위천면 서원길 13-13 · 한국관광공사 연관 관광지(숙박) · 카카오 좌표,0,0,0,0,0,0,lodging,,,,,96db458ed63b3e34a1c3d63a8ad444ea67ab6b77
rs540,부산,베니키아 프리미어 호텔 해운대,베니키아 프리미어 호텔 해운대,stay,35.16224,129.16481,30,,부산 해운대구 해운대해변로 317 · 한국관광공사 연관 관광지(숙박) · 카카오 좌표,0,0,0,0,0,0,lodging,,,,,96db458ed63b3e34a1c3d63a8ad444ea67ab6b77
rs541,거창,패밀리관광호텔,패밀리관광호텔,stay,35.69893,128.02547,30,,경남 거창군 가조면 온천길 108-11 · 한국관광공사 연관 관광지(숙박) · 카카오 좌표,0,0,0,0,0,0,lodging,,,,,96db458ed63b3e34a1c3d63a8ad444ea67ab6b77
rs542,거창,거창국민여가캠핑장 미리내숲,거창국민여가캠핑장 미리내숲,stay,35.7612,127.724,30,,경남 거창군 북상면 덕유월성로 1312-96 · 한국관광공사 연관 관광지(숙박) · 카카오 좌표,0,0,0,0,0,0,lodging,,,,,96db458ed63b3e34a1c3d63a8ad444ea67ab6b77
rs543,부산,광수호텔,광수호텔,stay,35.16027,129.15653,30,,부산 해운대구 해운대해변로221번길 22 · 한국관광공사 연관 관광지(숙박) · 카카오 좌표,0,0,0,0,0,0,lodging,,,,,96db458ed63b3e34a1c3d63a8ad444ea67ab6b77
rs544,제주,까사로마호텔,까사로마호텔,stay,33.24681,126.55811,30,,제주특별자치도 서귀포시 태평로 347 · 한국관광공사 연관 관광지(숙박) · 카카오 좌표,0,0,0,0,0,0,lodging,,,,,96db458ed63b3e34a1c3d63a8ad444ea67ab6b77
rs545,제주,제주노블레스관광호텔,제주노블레스관광호텔,stay,33.50117,126.50345,30,,제주특별자치도 제주시 월성로4길 19 · 한국관광공사 연관 관광지(숙박) · 카카오 좌표,0,0,0,0,0,0,lodging,,,,,96db458ed63b3e34a1c3d63a8ad444ea67ab6b77
rs546,제주,제주항공우주호텔,제주항공우주호텔,stay,33.30253,126.29471,30,,제주특별자치도 서귀포시 안덕면 녹차분재로 216 · 한국관광공사 연관 관광지(숙박) · 카카오 좌표,0,0,0,0,0,0,lodging,,,,,96db458ed63b3e34a1c3d63a8ad444ea67ab6b77
rs547,제주,일성제주비치콘도&리조트,일성제주비치콘도&리조트,stay,33.38568,126.22129,30,,제주특별자치도 제주시 한림읍 한림로 127 · 한국관광공사 연관 관광지(숙박) · 카카오 좌표,0,0,0,0,0,0,lodging,,,,,96db458ed63b3e34a1c3d63a8ad444ea67ab6b77
rs548,제주,소노벨제주 신관,소노벨제주 신관,stay,33.54052,126.67082,30,,제주특별자치도 제주시 조천읍 신북로 577 · 한국관광공사 연관 관광지(숙박) · 카카오 좌표,0,0,0,0,0,0,lodging,,,,,96db458ed63b3e34a1c3d63a8ad444ea67ab6b77
rs549,제주,제주해군호텔,제주해군호텔,stay,33.45899,126.44865,30,,제주특별자치도 제주시 해안마을서2길 19 · 한국관광공사 연관 관광지(숙박) · 카카오 좌표,0,0,0,0,0,0,lodging,,,,,96db458ed63b3e34a1c3d63a8ad444ea67ab6b77
rs550,제주,머큐어 앰배서더 제주,머큐어 앰배서더 제주,stay,33.2937,126.3487,30,,제주특별자치도 서귀포시 안덕면 한창로 365 · 한국관광공사 연관 관광지(숙박) · 카카오 좌표,0,0,0,0,0,0,lodging,,,,,96db458ed63b3e34a1c3d63a8ad444ea67ab6b77
rs551,영월,느티나무캠핑장,느티나무캠핑장,stay,37.10401,128.67849,30,,강원특별자치도 영월군 김삿갓면 내리계곡로 1061 · 한국관광공사 연관 관광지(숙박) · 카카오 좌표,0,0,0,0,0,0,lodging,,,,,96db458ed63b3e34a1c3d63a8ad444ea67ab6b77
rs552,영월,영월키즈캠핑장,영월키즈캠핑장,stay,37.36411,128.2734,30,,강원특별자치도 영월군 무릉도원면 무릉법흥로 1208-7 · 한국관광공사 연관 관광지(숙박) · 카카오 좌표,0,0,0,0,0,0,lodging,,,,,96db458ed63b3e34a1c3d63a8ad444ea67ab6b77
rs553,제주,천지연크리스탈호텔,천지연크리스탈호텔,stay,33.24232,126.56206,30,,제주특별자치도 서귀포시 천지연로 39 · 한국관광공사 연관 관광지(숙박) · 카카오 좌표,0,0,0,0,0,0,lodging,,,,,96db458ed63b3e34a1c3d63a8ad444ea67ab6b77
rs554,홍성,브라운도트호텔 홍성내포점,브라운도트호텔 홍성내포점,stay,36.59897,126.66365,30,,충남 홍성군 홍성읍 내포로 42 · 한국관광공사 연관 관광지(숙박) · 카카오 좌표,0,0,0,0,0,0,lodging,,,,,96db458ed63b3e34a1c3d63a8ad444ea67ab6b77
rs555,제천,하운드호텔,하운드호텔,stay,37.13137,128.20681,30,,충북 제천시 의림대로 33 · 한국관광공사 연관 관광지(숙박) · 카카오 좌표,0,0,0,0,0,0,lodging,,,,,96db458ed63b3e34a1c3d63a8ad444ea67ab6b77
rs556,보성,보성여관,보성여관,stay,34.84394,127.34342,30,,전남광주통합특별시 보성군 벌교읍 태백산맥길 19 · 한국관광공사 연관 관광지(숙박) · 카카오 좌표,0,0,0,0,0,0,lodging,,,,,96db458ed63b3e34a1c3d63a8ad444ea67ab6b77
rs557,서울,글래드 강남 코엑스센터,글래드 강남 코엑스센터,stay,37.50882,127.06454,30,,서울 강남구 테헤란로 610 · 한국관광공사 연관 관광지(숙박) · 카카오 좌표,0,0,0,0,0,0,lodging,,,,,96db458ed63b3e34a1c3d63a8ad444ea67ab6b77
rs558,서울,크라운호텔,크라운호텔,stay,37.57406,126.98819,30,,서울 종로구 삼일대로30길 9 · 한국관광공사 연관 관광지(숙박) · 카카오 좌표,0,0,0,0,0,0,lodging,,,,,96db458ed63b3e34a1c3d63a8ad444ea67ab6b77
rs559,서울,노을공원 노을캠핑장,노을공원 노을캠핑장,stay,37.5734,126.87367,30,,서울 마포구 상암동 478-1 · 한국관광공사 연관 관광지(숙박) · 카카오 좌표,0,0,0,0,0,0,lodging,,,,,96db458ed63b3e34a1c3d63a8ad444ea67ab6b77
rs560,부산,호텔이목,호텔이목,stay,35.20458,129.08328,30,,부산 동래구 명륜로112번가길 22 · 한국관광공사 연관 관광지(숙박) · 카카오 좌표,0,0,0,0,0,0,lodging,,,,,96db458ed63b3e34a1c3d63a8ad444ea67ab6b77
rs561,서울,홀리데이 인 익스프레스 서울 홍대,홀리데이 인 익스프레스 서울 홍대,stay,37.55756,126.92673,30,,서울 마포구 양화로 188 · 한국관광공사 연관 관광지(숙박) · 카카오 좌표,0,0,0,0,0,0,lodging,,,,,96db458ed63b3e34a1c3d63a8ad444ea67ab6b77
rs562,삼척,코아페바다,코아페바다,stay,37.29065,129.30078,30,,강원특별자치도 삼척시 근덕면 용화길 27-34 · 한국관광공사 연관 관광지(숙박) · 카카오 좌표,0,0,0,0,0,0,lodging,,,,,96db458ed63b3e34a1c3d63a8ad444ea67ab6b77
rs563,양주,장흥수목원펜션,장흥수목원펜션,stay,37.74439,126.94923,30,,경기 양주시 장흥면 권율로309번길 167-26 · 한국관광공사 연관 관광지(숙박) · 카카오 좌표,0,0,0,0,0,0,lodging,,,,,96db458ed63b3e34a1c3d63a8ad444ea67ab6b77
rs564,하동,3층사진관펜션,3층사진관펜션,stay,35.22233,127.64225,30,,경남 하동군 화개면 쌍계로 478 · 한국관광공사 연관 관광지(숙박) · 카카오 좌표,0,0,0,0,0,0,lodging,,,,,96db458ed63b3e34a1c3d63a8ad444ea67ab6b77
na1,수원,수원화성,Suwon Hwaseong,herit,37.2818,127.0135,120,09:00–18:00,정조로 825 지오코딩 확인,1,0,0,1,0,1,,,,,,96db458ed63b3e34a1c3d63a8ad444ea67ab6b77
na22,수원,수원화성 국궁체험장,Suwon Hwaseong Archery Range,herit,37.2885,127.023,90,10:00–18:00,연무대(창룡대로103번길 20) 지오코딩 확인,1,0,0,1,0,1,,,,,,96db458ed63b3e34a1c3d63a8ad444ea67ab6b77
na23,수원,화홍문,Hwahongmun,herit,37.2875,127.0178,40,상시 개방,북수동 화홍문 지오코딩 확인,1,0,0,1,0,1,,,,,,96db458ed63b3e34a1c3d63a8ad444ea67ab6b77
na2,수원,수원전통문화관,Suwon Traditional Culture Center,herit,37.2878,127.0146,70,10:00–18:00,정조로 893 지오코딩 확인,0,0,0,1,0,1,,,,,,96db458ed63b3e34a1c3d63a8ad444ea67ab6b77
na3,수원,행리단길,Haengridan-gil,food,37.2851,127.0142,100,11:00–22:00,행궁동 상권 중심 기준점,0,0,0,1,0,1,,,,,,96db458ed63b3e34a1c3d63a8ad444ea67ab6b77
na4,정선,정선 하이원 스키장 / 워터월드,High1 Ski & Water World,activity,37.2055,128.8377,300,시즌별 상이,하이원길 424 지오코딩 확인,0,0,0,1,0,1,,,,,,96db458ed63b3e34a1c3d63a8ad444ea67ab6b77
na5,정선,하이원 리조트 (동물농장 / 알파인코스터),High1 Resort (Animal Farm & Alpine Coaster),stay,37.2053,128.8402,180,10:00–17:00,하이원길 500 지오코딩 확인,0,0,0,1,0,0,lodging,,,,,96db458ed63b3e34a1c3d63a8ad444ea67ab6b77
na6,대전,성심당,Sungsimdang,food,36.3277,127.4273,60,08:00–22:00,대종로480번길 15 지오코딩 확인,0,0,0,1,0,1,,,,,,96db458ed63b3e34a1c3d63a8ad444ea67ab6b77
na7a,대전,미미 제과점,Mimi Bakery,food,36.3525,127.3732,50,09:00–21:00,서구 갈마역로25번길 17-7 지오코딩 확인,0,0,0,1,0,1,,,,,,96db458ed63b3e34a1c3d63a8ad444ea67ab6b77
na7b,대전,파이가든,Pie Garden,food,36.3275,127.4238,50,10:00–21:00,중구 중앙로 124 지오코딩 확인,0,0,0,1,0,1,,,,,,96db458ed63b3e34a1c3d63a8ad444ea67ab6b77
na7c,대전,파티세리 소신,Patisserie Sosin,food,36.3616,127.3527,50,11:00–20:00,유성구 농대로15번길 7 지오코딩 확인,0,0,0,1,0,1,,,,,,96db458ed63b3e34a1c3d63a8ad444ea67ab6b77
na8,충주,충주 악어다리,Chungju Crocodile Bridge,heal,36.924,128.0481,50,상시 개방,살미면 월악로 927 지오코딩 확인,0,0,0,1,0,1,,,,,,96db458ed63b3e34a1c3d63a8ad444ea67ab6b77
na9,충주,충주 무학시장,Chungju Muhak Market,food,36.9741,127.9281,60,09:00–20:00,시장 대표 좌표,0,0,0,1,0,1,,,,,,96db458ed63b3e34a1c3d63a8ad444ea67ab6b77
na10,동해,망상해수욕장,Mangsang Beach,sea,37.5922,129.0897,90,상시 개방 (해수욕 기간 07/01–08/31),망상동 망상해수욕장 지오코딩 확인,0,0,1,1,0,1,,,,,,96db458ed63b3e34a1c3d63a8ad444ea67ab6b77
na11,동해,동해망상해변한옥촌,Donghae Mangsang Beach Hanok Village,stay,37.5927,129.0908,180,15:00 IN / 11:00 OUT,"동해대로 6370 (망상동, 망상오토캠핑리조트 내) 기준 좌표",0,0,0,1,0,0,lodging,,,,,96db458ed63b3e34a1c3d63a8ad444ea67ab6b77
nax1,수원,광교호수공원,Gwanggyo Lake Park,heal,37.2831,127.0659,80,상시 개방,한국관광 데이터랩 인기 관광지 · 광교호수로 102 지오코딩 확인,0,0,0,0,0,1,,,,,,96db458ed63b3e34a1c3d63a8ad444ea67ab6b77
nax2,정선,정선아리랑시장,Jeongseon Arirang Market,food,37.3908,128.6393,70,끝자리 2·7일 장,한국관광 데이터랩 인기 관광지 · 정선읍 봉양리 지오코딩 확인,0,0,0,0,0,1,,,,,,96db458ed63b3e34a1c3d63a8ad444ea67ab6b77
nax3,정선,병방치 스카이워크,Byeongbangchi Skywalk,activity,37.3405,128.627,50,09:00–18:00,한국관광 데이터랩 인기 관광지 · 병방치길 225 지오코딩 확인,0,0,0,0,0,1,,,,,,96db458ed63b3e34a1c3d63a8ad444ea67ab6b77
nax4,대전,한밭수목원,Hanbat Arboretum,heal,36.3679,127.3878,80,09:00–18:00,한국관광 데이터랩 인기 관광지 · 둔산대로 169 지오코딩 확인,0,0,0,0,0,1,,,,,,96db458ed63b3e34a1c3d63a8ad444ea67ab6b77
nax5,대전,대전 오월드,Daejeon O-World,activity,36.2923,127.3959,180,09:30–18:00,한국관광 데이터랩 인기 관광지 · 사정공원로 70 지오코딩 확인,0,0,0,0,0,1,,,,,,96db458ed63b3e34a1c3d63a8ad444ea67ab6b77
nax6,충주,탄금호 무지개길,Tangeum Lake Rainbow Trail,heal,37.0262,127.858,60,상시 개방,한국관광 데이터랩 인기 관광지 · 중앙탑면 탑평리 지오코딩 확인,0,0,0,0,0,1,,,,,,96db458ed63b3e34a1c3d63a8ad444ea67ab6b77
nax7,충주,수안보온천,Suanbo Hot Springs,heal,36.8484,127.9865,90,업소별 상이,한국관광 데이터랩 인기 관광지 · 수안보면 온천리 지오코딩 확인,0,0,0,0,0,1,,,,,,96db458ed63b3e34a1c3d63a8ad444ea67ab6b77
nax8,동해,추암 촛대바위,Chuam Candlestick Rock,sea,37.4785,129.1568,50,상시 개방,한국관광 데이터랩 인기 관광지 · 추암해변 지오코딩 확인,0,0,0,0,0,1,,,,,,96db458ed63b3e34a1c3d63a8ad444ea67ab6b77
nax9,동해,무릉계곡,Mureung Valley,heal,37.4636,129.0141,120,입장 08:00–17:00,한국관광 데이터랩 인기 관광지 · 삼화로 584 지오코딩 확인,0,1,0,0,0,1,,,,,,96db458ed63b3e34a1c3d63a8ad444ea67ab6b77
nax10,동해,묵호항,Mukho Port,sea,37.5519,129.1152,50,상시 개방 · 무료,동해시 관광 안내 · 묵호진동 묵호항 지오코딩 확인,0,0,0,0,0,1,,,,,,96db458ed63b3e34a1c3d63a8ad444ea67ab6b77
nax11,동해,동쪽바다중앙시장,East Sea Central Market,food,37.5515,129.108,60,08:00–19:00 · 033-533-4001,동해시 관광 안내 · 중앙시장길 21 지오코딩 확인,0,0,0,0,0,1,,,,,,96db458ed63b3e34a1c3d63a8ad444ea67ab6b77
nax12,동해,도째비골 스카이밸리,Dojaebigol Skyvalley,activity,37.5524,129.1157,70,10:00–18:00 · 스카이워크 무료 · 자이언트 슬라이드 유료,동해시 관광 안내 · 묵호진동 15-45 지오코딩 확인,0,1,0,0,0,1,,,,,,96db458ed63b3e34a1c3d63a8ad444ea67ab6b77
nax14,동해,천곡황금박쥐동굴,Cheongok Cave,heal,37.517,129.1107,60,"09:00–18:00 · 어른 4,000원 · 033-539-3630",동해시 관광 안내 · 천곡동 1003 지오코딩 확인,0,0,0,0,0,1,,,,,,96db458ed63b3e34a1c3d63a8ad444ea67ab6b77
nax15,동해,한섬해변,Hanseom Beach,sea,37.4925,129.1106,50,상시 개방 · 무료,동해시 관광 안내 · 고산1길 82 지오코딩 확인,0,0,0,0,0,1,,,,,,96db458ed63b3e34a1c3d63a8ad444ea67ab6b77
nax16,동해,추암해변,Chuam Beach,sea,37.4781,129.1538,50,상시 개방 · 무료,동해시 관광 안내 · 추암동 411 지오코딩 확인,0,0,0,0,0,1,,,,,,96db458ed63b3e34a1c3d63a8ad444ea67ab6b77
nax17,대전,엑스포과학공원 한빛탑,Expo Park Hanbit Tower,activity,36.3747,127.3873,70,09:30–18:00 · 전망대 유료,유성구 대덕대로 480 주소 기반 좌표,0,0,0,0,0,1,,,,,,96db458ed63b3e34a1c3d63a8ad444ea67ab6b77
nax18,대전,국립중앙과학관,National Science Museum,activity,36.3762,127.376,110,09:30–17:50 · 월 휴관 · 상설 무료,유성구 대덕대로 481 주소 기반 좌표,0,0,0,0,0,1,,,,,,96db458ed63b3e34a1c3d63a8ad444ea67ab6b77
nax19,대전,계족산 황톳길,Gyejoksan Red Clay Trail,heal,36.403,127.452,120,상시 개방 · 무료,대덕구 장동 계족산 주소 기반 좌표,0,0,0,0,0,1,,,,,,96db458ed63b3e34a1c3d63a8ad444ea67ab6b77
nax20,대전,대청호 오백리길,Daecheongho 500-ri Trail,heal,36.478,127.483,100,상시 개방 · 무료,동구 추동 대청호 주소 기반 좌표,0,0,0,0,0,1,,,,,,96db458ed63b3e34a1c3d63a8ad444ea67ab6b77
nax21,대전,으능정이 스카이로드,Eunhaengdong Sky Road,food,36.3282,127.427,60,상시 · 영상 19:00–22:00,중구 은행동 으능정이거리 주소 기반 좌표,0,0,0,0,0,1,,,,,,96db458ed63b3e34a1c3d63a8ad444ea67ab6b77
nax22,대전,뿌리공원,Ppuri Park,heal,36.2828,127.4055,70,상시 개방 · 무료,중구 뿌리공원로 47 주소 기반 좌표,0,0,0,0,0,1,,,,,,96db458ed63b3e34a1c3d63a8ad444ea67ab6b77
nax23,수원,화성행궁,Hwaseong Haenggung,herit,37.2814,127.0126,80,09:00–18:00 · 유료,팔달구 정조로 825 주소 기반 좌표,0,0,1,0,0,1,,,,,,96db458ed63b3e34a1c3d63a8ad444ea67ab6b77
nax24,수원,수원화성박물관,Suwon Hwaseong Museum,herit,37.2833,127.0182,70,09:00–18:00 · 월 휴관 · 유료,팔달구 창룡대로 21 주소 기반 좌표,0,0,0,0,0,1,,,,,,96db458ed63b3e34a1c3d63a8ad444ea67ab6b77
nax25,수원,팔달문시장,Paldalmun Market,food,37.2778,127.0166,60,09:00–21:00 · 점포별 상이,팔달구 팔달문로 주소 기반 좌표,0,0,0,0,0,1,,,,,,96db458ed63b3e34a1c3d63a8ad444ea67ab6b77
nax26,수원,월화원,Wolhwawon,heal,37.2818,127.0346,40,09:00–22:00 · 무료,팔달구 인계동 효원공원 내 좌표,0,0,0,0,0,1,,,,,,96db458ed63b3e34a1c3d63a8ad444ea67ab6b77
nax27,수원,수원 스타필드,Starfield Suwon,food,37.2876,126.9929,90,10:00–22:00,장안구 정자동 주소 기반 좌표,0,0,0,0,0,1,,,,,,96db458ed63b3e34a1c3d63a8ad444ea67ab6b77
nax28,수원,광교 갤러리아,Galleria Gwanggyo,activity,37.2874,127.053,60,10:30–20:00,영통구 광교중앙로 124 주소 기반 좌표,0,0,0,0,0,1,,,,,,96db458ed63b3e34a1c3d63a8ad444ea67ab6b77
nax29,정선,정선 5일장,Jeongseon Five-day Market,food,37.3805,128.6606,80,매월 2·7일 장 · 09:00–17:00,정선읍 봉양리 주소 기반 좌표,0,0,0,0,0,1,,,,,,96db458ed63b3e34a1c3d63a8ad444ea67ab6b77
nax30,정선,화암동굴,Hwaam Cave,heal,37.3232,128.7856,90,09:00–16:00 · 유료,화암면 화암리 주소 기반 좌표,0,0,0,0,0,1,,,,,,96db458ed63b3e34a1c3d63a8ad444ea67ab6b77
nax31,정선,아우라지,Auraji,heal,37.472,128.746,50,상시 개방 · 무료,여량면 여량리 주소 기반 좌표,0,0,0,0,0,1,,,,,,96db458ed63b3e34a1c3d63a8ad444ea67ab6b77
nax32,정선,정암사,Jeongamsa Temple,herit,37.201,128.933,50,상시 개방 · 무료,고한읍 함백산로 1410 주소 기반 좌표,0,0,0,0,0,1,,,,,,96db458ed63b3e34a1c3d63a8ad444ea67ab6b77
nax33,정선,삼탄아트마인,Samtan Art Mine,activity,37.2306,128.848,90,09:30–18:00 · 월 휴관 · 유료,고한읍 함백산로 1445-44 주소 기반 좌표,0,0,1,0,0,1,,,,,,96db458ed63b3e34a1c3d63a8ad444ea67ab6b77
nax34,정선,레일바이크 (구절리~아우라지),Jeongseon Rail Bike,activity,37.48,128.715,90,운행 시간대별 · 유료 · 예약 권장,여량면 구절리 주소 기반 좌표,0,0,0,0,0,1,,,,,,96db458ed63b3e34a1c3d63a8ad444ea67ab6b77
nax35,충주,중앙탑공원,Jungangtap Park,herit,37.0163,127.8656,60,상시 개방 · 무료,중앙탑면 탑평리 주소 기반 좌표,0,0,1,0,0,1,,,,,,96db458ed63b3e34a1c3d63a8ad444ea67ab6b77
nax36,충주,충주 고구려비 전시관,Chungju Goguryeo Stele Museum,herit,37.053,127.924,50,09:00–18:00 · 월 휴관 · 무료,중앙탑면 감노로 2319 주소 기반 좌표,0,0,0,0,0,1,,,,,,96db458ed63b3e34a1c3d63a8ad444ea67ab6b77
nax37,충주,충주호 유람선 (충주나루),Chungjuho Cruise,activity,36.997,128.051,90,운항 시간대별 · 유료,동량면 지등로 882 주소 기반 좌표,0,0,0,0,0,1,,,,,,96db458ed63b3e34a1c3d63a8ad444ea67ab6b77
nax38,충주,미륵대원지,Mireuksaji Temple Site,herit,36.828,128.013,50,상시 개방 · 무료,수안보면 미륵리 주소 기반 좌표,0,0,0,0,0,1,,,,,,96db458ed63b3e34a1c3d63a8ad444ea67ab6b77
nax39,충주,활옥동굴,Hwarok Cave,activity,36.991,127.888,70,09:00–18:00 · 유료,목벌안길 26 주소 기반 좌표,0,0,0,0,0,1,,,,,,96db458ed63b3e34a1c3d63a8ad444ea67ab6b77
nax40,충주,충주 라이트월드,Chungju Light World,activity,36.988,127.892,80,일몰 후 개장 · 유료,충주호수로 １ 주소 기반 좌표,0,0,0,0,0,1,,,,,,96db458ed63b3e34a1c3d63a8ad444ea67ab6b77
nax101,대구,서문시장,Seomun Market,food,35.86889,128.58079,70,09:00–19:00 · 야시장 19:00–23:30,중구 큰장로26길 45 구글 지오코딩,0,1,0,0,0,1,,,,,,96db458ed63b3e34a1c3d63a8ad444ea67ab6b77
nax102,대구,동성로,Dongseong-ro,food,35.87082,128.59554,80,상시 · 상점별 상이,중구 동성로 구글 지오코딩,0,0,0,0,0,1,,,,,,96db458ed63b3e34a1c3d63a8ad444ea67ab6b77
nax103,대구,김광석다시그리기길,Kim Kwang-seok Road,activity,35.85997,128.60663,60,상시 개방 · 무료,중구 대봉동 구글 지오코딩,0,0,0,0,0,1,,,,,,96db458ed63b3e34a1c3d63a8ad444ea67ab6b77
nax104,대구,앞산전망대,Apsan Observatory,heal,35.82433,128.58709,90,케이블카 10:30–일몰 후 · 유료,남구 앞산순환로 574-114 구글 지오코딩,0,0,0,0,0,1,,,,,,96db458ed63b3e34a1c3d63a8ad444ea67ab6b77
nax105,대구,이월드 83타워,E-World & 83 Tower,activity,35.85331,128.56657,150,10:00–22:00 · 유료,달서구 두류공원로 200 구글 지오코딩,0,0,0,0,0,1,,,,,,96db458ed63b3e34a1c3d63a8ad444ea67ab6b77
nax106,대구,팔공산 동화사,Donghwasa Temple,herit,35.99291,128.704,90,08:00–18:00 · 무료,동구 팔공산로237길 1 구글 지오코딩,0,0,0,0,0,1,,,,,,96db458ed63b3e34a1c3d63a8ad444ea67ab6b77
nax107,대구,국립대구박물관,Daegu National Museum,herit,35.84561,128.63792,80,10:00–18:00 · 월 휴관 · 무료,수성구 청호로 321 구글 지오코딩,0,0,0,0,0,1,,,,,,96db458ed63b3e34a1c3d63a8ad444ea67ab6b77
nax108,대구,수성못,Suseong Lake,heal,35.82764,128.61772,60,상시 개방 · 무료,수성구 두산동 구글 지오코딩,0,0,0,0,0,1,,,,,,96db458ed63b3e34a1c3d63a8ad444ea67ab6b77
nax109,전주,전주한옥마을,Jeonju Hanok Village,herit,35.81754,127.15204,120,상시 · 시설별 상이,완산구 기린대로 99 구글 지오코딩,0,1,1,0,0,1,,,,,,96db458ed63b3e34a1c3d63a8ad444ea67ab6b77
nax110,전주,경기전,Gyeonggijeon Shrine,herit,35.81535,127.14979,60,09:00–19:00 · 유료,완산구 태조로 44 구글 지오코딩,0,0,1,0,0,1,,,,,,96db458ed63b3e34a1c3d63a8ad444ea67ab6b77
nax111,전주,전동성당,Jeondong Catholic Church,herit,35.81336,127.14926,40,09:00–17:00 · 무료,완산구 태조로 51 구글 지오코딩,0,0,0,0,0,1,,,,,,96db458ed63b3e34a1c3d63a8ad444ea67ab6b77
nax112,전주,자만벽화마을,Jaman Mural Village,activity,35.81422,127.15721,50,상시 개방 · 무료,완산구 교동 자만마을 구글 지오코딩,0,0,0,0,0,1,,,,,,96db458ed63b3e34a1c3d63a8ad444ea67ab6b77
nax113,전주,남부시장,Nambu Market,food,35.81269,127.14686,70,06:00–20:00 · 야시장 금·토,완산구 풍남문1길 19-3 구글 지오코딩,0,0,1,0,0,1,,,,,,96db458ed63b3e34a1c3d63a8ad444ea67ab6b77
nax114,전주,오목대,Omokdae,herit,35.81439,127.1546,40,상시 개방 · 무료,완산구 전주천동로 55 구글 지오코딩,0,0,1,0,0,1,,,,,,96db458ed63b3e34a1c3d63a8ad444ea67ab6b77
nax115,전주,전주향교,Jeonju Hyanggyo,herit,35.81262,127.15723,50,09:00–18:00 · 무료,완산구 향교길 139 구글 지오코딩,0,0,1,0,0,1,,,,,,96db458ed63b3e34a1c3d63a8ad444ea67ab6b77
nax116,전주,덕진공원,Deokjin Park,heal,35.84757,127.12189,60,상시 개방 · 무료,덕진구 권삼득로 390 구글 지오코딩,0,0,1,0,0,1,,,,,,96db458ed63b3e34a1c3d63a8ad444ea67ab6b77
nax117,강릉,경포해변,Gyeongpo Beach,sea,37.80549,128.90783,80,상시 개방 · 해수욕 7–8월,강릉시 경포로 구글 지오코딩,0,0,1,0,0,1,,,,,,96db458ed63b3e34a1c3d63a8ad444ea67ab6b77
nax118,강릉,강릉중앙시장,Gangneung Jungang Market,food,37.75399,128.89861,60,08:00–20:00 · 점포별 상이,강릉시 금성로 21 구글 지오코딩,0,0,0,0,0,1,,,,,,96db458ed63b3e34a1c3d63a8ad444ea67ab6b77
nax119,강릉,안목해변 커피거리,Anmok Coffee Street,food,37.77316,128.94727,70,상시 · 카페별 상이,강릉시 창해로14번길 구글 지오코딩,0,0,0,0,0,1,,,,,,96db458ed63b3e34a1c3d63a8ad444ea67ab6b77
nax120,강릉,오죽헌,Ojukheon,herit,37.77924,128.87752,70,09:00–18:00 · 유료,강릉시 율곡로3139번길 24 구글 지오코딩,0,0,0,0,0,1,,,,,,96db458ed63b3e34a1c3d63a8ad444ea67ab6b77
nax121,강릉,정동진,Jeongdongjin,sea,37.69188,129.02139,60,상시 개방 · 무료,강동면 정동진리 구글 지오코딩,0,0,0,0,0,1,,,,,,96db458ed63b3e34a1c3d63a8ad444ea67ab6b77
nax122,강릉,선교장,Seongyojang House,herit,37.78654,128.88512,60,09:00–18:00 · 유료,강릉시 운정길 63 구글 지오코딩,0,0,0,0,0,1,,,,,,96db458ed63b3e34a1c3d63a8ad444ea67ab6b77
nax123,강릉,주문진항,Jumunjin Port,food,37.89206,128.82989,60,수산시장 06:00–20:00,주문진읍 주문진항 구글 지오코딩,0,0,0,0,0,1,,,,,,96db458ed63b3e34a1c3d63a8ad444ea67ab6b77
nax124,강릉,경포호,Gyeongpo Lake,heal,37.7967,128.90205,60,상시 개방 · 무료,강릉시 저동 94 구글 지오코딩,0,0,0,0,0,1,,,,,,96db458ed63b3e34a1c3d63a8ad444ea67ab6b77
nax125,여수,오동도,Odongdo,sea,34.74467,127.7665,80,상시 개방 · 동백열차 유료,여수시 오동도로 구글 지오코딩,0,0,1,0,0,1,,,,,,96db458ed63b3e34a1c3d63a8ad444ea67ab6b77
nax126,여수,향일암,Hyangiram Hermitage,herit,34.59162,127.80393,90,07:00–19:00 · 유료,돌산읍 향일암로 1 구글 지오코딩,0,0,0,0,0,1,,,,,,96db458ed63b3e34a1c3d63a8ad444ea67ab6b77
nax127,여수,여수해상케이블카,Yeosu Maritime Cable Car,activity,34.73056,127.74157,70,09:30–21:30 · 유료,돌산읍 돌산로 3600-1 구글 지오코딩,0,0,0,0,0,1,,,,,,96db458ed63b3e34a1c3d63a8ad444ea67ab6b77
nax128,여수,이순신광장,Yi Sun-sin Square,herit,34.73951,127.73601,40,상시 개방 · 무료,여수시 중앙로 74 구글 지오코딩,0,0,0,0,0,1,,,,,,96db458ed63b3e34a1c3d63a8ad444ea67ab6b77
nax129,여수,진남관,Jinnamgwan,herit,34.74192,127.73661,50,09:00–18:00 · 무료,여수시 진남로 11 구글 지오코딩,0,0,0,0,0,1,,,,,,96db458ed63b3e34a1c3d63a8ad444ea67ab6b77
nax130,여수,돌산공원,Dolsan Park,heal,34.73046,127.73966,50,상시 개방 · 무료,돌산읍 우두리 산1 구글 지오코딩,0,0,0,0,0,1,,,,,,96db458ed63b3e34a1c3d63a8ad444ea67ab6b77
nax131,여수,낭만포차거리,Nangman Pojang Street,food,34.73641,127.74933,70,19:00–01:00 (계절별 상이),여수시 하멜로 102 구글 지오코딩,0,0,0,0,0,1,,,,,,96db458ed63b3e34a1c3d63a8ad444ea67ab6b77
nax132,여수,여수해양공원,Yeosu Maritime Park,heal,34.73841,127.74491,50,상시 개방 · 무료,여수시 종화동 526-7 구글 지오코딩,0,0,1,0,0,1,,,,,,96db458ed63b3e34a1c3d63a8ad444ea67ab6b77
nax133,통영,동피랑벽화마을,Dongpirang Mural Village,activity,34.84564,128.42761,60,상시 개방 · 무료,통영시 동피랑1길 6-18 구글 지오코딩,0,0,0,0,0,1,,,,,,96db458ed63b3e34a1c3d63a8ad444ea67ab6b77
nax134,통영,통영중앙시장,Tongyeong Jungang Market,food,34.84528,128.42464,60,06:00–20:00 · 점포별 상이,통영시 중앙시장1길 14-16 구글 지오코딩,0,0,0,0,0,1,,,,,,96db458ed63b3e34a1c3d63a8ad444ea67ab6b77
nax135,통영,한려수도 조망케이블카,Hallyeosudo Cable Car,activity,34.82643,128.42542,90,09:30–17:00 · 유료 · 기상 휴업,통영시 도남동 349-1 구글 지오코딩,0,0,1,0,0,1,,,,,,96db458ed63b3e34a1c3d63a8ad444ea67ab6b77
nax136,통영,이순신공원,Yi Sun-sin Park,heal,34.84381,128.4429,60,상시 개방 · 무료,통영시 멘데해안길 205 구글 지오코딩,0,0,0,0,0,1,,,,,,96db458ed63b3e34a1c3d63a8ad444ea67ab6b77
nax137,통영,달아공원,Dara Park,sea,34.76915,128.39958,50,상시 개방 · 무료,산양읍 산양일주로 1115 구글 지오코딩,0,0,0,0,0,1,,,,,,96db458ed63b3e34a1c3d63a8ad444ea67ab6b77
nax138,통영,삼도수군통제영,Tongjeyeong Naval HQ,herit,34.84755,128.42315,70,09:00–18:00 · 유료,통영시 세병로 27 구글 지오코딩,0,0,0,0,0,1,,,,,,96db458ed63b3e34a1c3d63a8ad444ea67ab6b77
nax139,통영,통영해저터널,Tongyeong Undersea Tunnel,herit,34.83615,128.41149,40,상시 개방 · 무료,통영시 당동 1-3 구글 지오코딩,0,0,0,0,0,1,,,,,,96db458ed63b3e34a1c3d63a8ad444ea67ab6b77
nax140,통영,강구안,Gangguan,heal,34.84842,128.42404,50,상시 개방 · 무료,통영시 중앙동 구글 지오코딩,0,0,0,0,0,1,,,,,,96db458ed63b3e34a1c3d63a8ad444ea67ab6b77
nax141,속초,속초관광수산시장,Sokcho Tourist & Fishery Market,food,38.20445,128.59015,70,08:00–21:00 · 점포별 상이,속초시 중앙로147번길 16 구글 지오코딩,0,1,0,0,0,1,,,,,,96db458ed63b3e34a1c3d63a8ad444ea67ab6b77
nax142,속초,영금정,Yeonggeumjeong,sea,38.21184,128.60145,40,상시 개방 · 무료,속초시 영금정로5길 구글 지오코딩,0,0,0,0,0,1,,,,,,96db458ed63b3e34a1c3d63a8ad444ea67ab6b77
nax143,속초,아바이마을,Abai Village,herit,38.20068,128.59474,60,상시 · 갯배 05:00–23:00,속초시 청호동 구글 지오코딩,0,0,1,0,0,1,,,,,,96db458ed63b3e34a1c3d63a8ad444ea67ab6b77
nax144,속초,속초해수욕장,Sokcho Beach,sea,38.19058,128.60354,70,상시 개방 · 해수욕 7–8월,속초시 해오름로 186 구글 지오코딩,0,0,1,0,0,1,,,,,,96db458ed63b3e34a1c3d63a8ad444ea67ab6b77
nax145,속초,설악산 소공원,Seoraksan Sogongwon,heal,38.17296,128.49251,180,05:00–일몰 · 유료 · 케이블카 별도,속초시 설악동 구글 지오코딩,0,0,0,0,0,1,,,,,,96db458ed63b3e34a1c3d63a8ad444ea67ab6b77
nax146,속초,청초호수공원,Cheongchoho Park,heal,38.19585,128.58242,50,상시 개방 · 무료,속초시 엑스포로 140 구글 지오코딩,0,0,0,0,0,1,,,,,,96db458ed63b3e34a1c3d63a8ad444ea67ab6b77
nax147,속초,대포항,Daepo Port,food,38.17546,128.60679,60,수산시장 08:00–21:00,속초시 대포동 421-6 구글 지오코딩,0,0,0,0,0,1,,,,,,96db458ed63b3e34a1c3d63a8ad444ea67ab6b77
nax148,속초,외옹치 바다향기로,Oeongchi Seaside Trail,sea,38.1794,128.61173,60,06:00–20:00 · 무료,속초시 대포동 구글 지오코딩,0,0,0,0,0,1,,,,,,96db458ed63b3e34a1c3d63a8ad444ea67ab6b77
nax149,철원,고석정,Goseokjeong,heal,38.18524,127.28796,60,09:00–18:00 · 무료,동송읍 태봉로 1825 구글 지오코딩,0,0,0,0,0,1,,,,,,96db458ed63b3e34a1c3d63a8ad444ea67ab6b77
nax150,철원,한탄강 물윗길,Hantan River Water Trail,activity,38.20577,127.26989,120,11월–3월 개방 · 유료,동송읍 태봉대교길 구글 지오코딩,0,0,0,0,0,1,,,,,,96db458ed63b3e34a1c3d63a8ad444ea67ab6b77
nax151,철원,철원 노동당사,Cheorwon Workers Party HQ,herit,38.25517,127.20197,40,상시 개방 · 무료,철원읍 금강산로 265 구글 지오코딩,0,0,0,0,0,1,,,,,,96db458ed63b3e34a1c3d63a8ad444ea67ab6b77
nax152,철원,제2땅굴,Second Infiltration Tunnel,herit,38.30969,127.3116,60,09:00–16:00 · 안보관광 예약,동송읍 양지2길 15-19 구글 지오코딩,0,0,0,0,0,1,,,,,,96db458ed63b3e34a1c3d63a8ad444ea67ab6b77
nax153,철원,철원평화전망대,Cheorwon Peace Observatory,heal,38.30919,127.25132,60,09:00–16:30 · 유료,동송읍 중강리 588-14 구글 지오코딩,0,0,0,0,0,1,,,,,,96db458ed63b3e34a1c3d63a8ad444ea67ab6b77
nax154,철원,삼부연폭포,Sambuyeon Falls,heal,38.14011,127.32766,40,상시 개방 · 무료,갈말읍 삼부연로 216 구글 지오코딩,0,0,0,0,0,1,,,,,,96db458ed63b3e34a1c3d63a8ad444ea67ab6b77
nax155,철원,직탕폭포,Jiktang Falls,heal,38.20971,127.26648,40,상시 개방 · 무료,동송읍 장흥리 구글 지오코딩,0,0,0,0,0,1,,,,,,96db458ed63b3e34a1c3d63a8ad444ea67ab6b77
nax156,철원,한탄강 은하수교,Hantan River Sky Bridge,activity,38.20076,127.27825,50,09:00–18:00 · 무료,동송읍 장흥리 725-12 구글 지오코딩,0,0,0,0,0,1,,,,,,96db458ed63b3e34a1c3d63a8ad444ea67ab6b77
nax157,안동,안동하회마을,Hahoe Folk Village,herit,36.53903,128.51764,120,09:00–18:00 · 유료,풍천면 하회종가길 구글 지오코딩,1,1,0,0,0,1,,,,,,96db458ed63b3e34a1c3d63a8ad444ea67ab6b77
nax158,안동,부용대,Buyongdae,heal,36.54291,128.51662,50,상시 개방 · 무료,풍천면 광덕솔밭길 72 구글 지오코딩,0,0,0,0,0,1,,,,,,96db458ed63b3e34a1c3d63a8ad444ea67ab6b77
nax159,안동,월영교,Woryeonggyo Bridge,heal,36.57666,128.76089,50,상시 개방 · 야간 조명,안동시 상아동 569 구글 지오코딩,0,0,0,0,0,1,,,,,,96db458ed63b3e34a1c3d63a8ad444ea67ab6b77
nax160,안동,도산서원,Dosan Seowon,herit,36.7271,128.8432,80,09:00–18:00 · 유료,도산면 도산서원길 154 구글 지오코딩,1,0,0,0,0,1,,,,,,96db458ed63b3e34a1c3d63a8ad444ea67ab6b77
nax161,안동,안동구시장 찜닭골목,Andong Jjimdak Alley,food,36.5655,128.72801,60,10:00–21:00 · 점포별 상이,안동시 번영1길 55 구글 지오코딩,0,0,0,0,0,1,,,,,,96db458ed63b3e34a1c3d63a8ad444ea67ab6b77
nax162,안동,병산서원,Byeongsan Seowon,herit,36.54049,128.55265,70,09:00–18:00 · 무료,풍천면 병산길 386 구글 지오코딩,1,0,0,0,0,1,,,,,,96db458ed63b3e34a1c3d63a8ad444ea67ab6b77
nax163,안동,안동민속촌,Andong Folk Village,herit,36.57699,128.76511,60,상시 개방 · 무료,안동시 성곡동 822-3 구글 지오코딩,0,0,0,0,0,1,,,,,,96db458ed63b3e34a1c3d63a8ad444ea67ab6b77
nax164,안동,임청각,Imcheonggak,herit,36.56514,128.74475,50,09:00–18:00 · 무료,안동시 임청각길 63 구글 지오코딩,0,0,0,0,0,1,,,,,,96db458ed63b3e34a1c3d63a8ad444ea67ab6b77
nax165,인천,인천 차이나타운,Incheon Chinatown,food,37.47559,126.61788,70,상시 · 상점별 상이,중구 차이나타운로26번길 12-17 구글 지오코딩,0,1,0,0,0,1,,,,,,96db458ed63b3e34a1c3d63a8ad444ea67ab6b77
nax166,인천,송월동 동화마을,Songwol Fairy Tale Village,activity,37.47766,126.62058,50,상시 개방 · 무료,중구 자유공원서로45번길 구글 지오코딩,0,0,0,0,0,1,,,,,,96db458ed63b3e34a1c3d63a8ad444ea67ab6b77
nax167,인천,월미도,Wolmido,heal,37.4754,126.59781,90,상시 · 놀이시설 별도,중구 월미문화로 구글 지오코딩,0,0,1,0,0,1,,,,,,96db458ed63b3e34a1c3d63a8ad444ea67ab6b77
nax168,인천,인천 개항장 거리,Open Port Street,herit,37.47343,126.62115,70,상시 개방 · 무료,중구 관동1가 10-1 구글 지오코딩,0,0,1,0,0,1,,,,,,96db458ed63b3e34a1c3d63a8ad444ea67ab6b77
nax169,인천,소래포구,Sorae Port,food,37.39787,126.73927,70,수산시장 08:00–21:00,남동구 장도로 86-17 구글 지오코딩,0,0,0,0,0,1,,,,,,96db458ed63b3e34a1c3d63a8ad444ea67ab6b77
nax170,인천,송도 센트럴파크,Songdo Central Park,heal,37.39349,126.63486,70,상시 개방 · 무료,연수구 컨벤시아대로 160 구글 지오코딩,0,1,0,0,0,1,,,,,,96db458ed63b3e34a1c3d63a8ad444ea67ab6b77
nax171,인천,강화 고인돌 유적,Ganghwa Dolmen Site,herit,37.7065,126.4434,60,상시 개방 · 무료,강화군 하점면 부근리 구글 지오코딩,1,0,0,0,0,1,,,,,,96db458ed63b3e34a1c3d63a8ad444ea67ab6b77
nax172,인천,을왕리해수욕장,Eurwangni Beach,sea,37.44773,126.3725,80,상시 개방 · 해수욕 7–8월,중구 용유서로 구글 지오코딩,0,0,0,0,0,1,,,,,,96db458ed63b3e34a1c3d63a8ad444ea67ab6b77
nax181,인천,인천대공원,Incheon Grand Park,heal,37.45924,126.75222,90,05:00–23:00 · 무료,남동구 무네미로 236 구글 지오코딩,0,0,0,0,0,1,,,,,,96db458ed63b3e34a1c3d63a8ad444ea67ab6b77
nax182,인천,자유공원,Jayu Park,herit,37.47508,126.62202,50,상시 개방 · 무료,중구 송학동1가 11-1 구글 지오코딩,0,0,0,0,0,1,,,,,,96db458ed63b3e34a1c3d63a8ad444ea67ab6b77
nax183,인천,인천상륙작전기념관,Incheon Landing Memorial,herit,37.41961,126.65426,70,09:00–18:00 · 월 휴관 · 무료,연수구 청량로 138 구글 지오코딩,0,0,0,0,0,1,,,,,,96db458ed63b3e34a1c3d63a8ad444ea67ab6b77
nax184,인천,강화 전등사,Jeondeungsa Temple,herit,37.63179,126.48455,80,08:00–18:30 · 유료,강화군 길상면 전등사로 37-41 구글 지오코딩,0,0,0,0,0,1,,,,,,96db458ed63b3e34a1c3d63a8ad444ea67ab6b77
nax185,인천,강화 마니산,Manisan,heal,37.70998,126.45076,180,09:00–17:00 입산 · 유료,강화군 화도면 마니산로 구글 지오코딩,0,0,0,0,0,1,,,,,,96db458ed63b3e34a1c3d63a8ad444ea67ab6b77
nax186,인천,강화 광성보,Gwangseongbo Fort,herit,37.66494,126.53009,60,09:00–18:00 · 유료,강화군 불은면 해안동로466번길 27 구글 지오코딩,0,0,0,0,0,1,,,,,,96db458ed63b3e34a1c3d63a8ad444ea67ab6b77
nax187,인천,정서진,Jeongseojin,sea,37.55689,126.60486,50,상시 개방 · 무료,서구 정서진1로 구글 지오코딩,0,0,0,0,0,1,,,,,,96db458ed63b3e34a1c3d63a8ad444ea67ab6b77
nax188,인천,배다리 헌책방거리,Baedari Old Book Street,activity,37.47252,126.63649,50,10:00–19:00 · 점포별 상이,동구 중앙로 2 구글 지오코딩,0,0,0,0,0,1,,,,,,96db458ed63b3e34a1c3d63a8ad444ea67ab6b77
nax189,인천,신포국제시장,Sinpo Market,food,37.47139,126.62721,60,09:00–21:00 · 점포별 상이,중구 신포동 6-6 구글 지오코딩,0,0,0,0,0,1,,,,,,96db458ed63b3e34a1c3d63a8ad444ea67ab6b77
nax190,인천,인천 아트플랫폼,Incheon Art Platform,activity,37.47314,126.61932,60,11:00–18:00 · 월 휴관 · 무료,중구 제물량로218번길 3 구글 지오코딩,0,0,0,0,0,1,,,,,,96db458ed63b3e34a1c3d63a8ad444ea67ab6b77
nax191,인천,수도국산달동네박물관,Daldongne Museum,herit,37.47792,126.63925,50,09:00–18:00 · 월 휴관 · 유료,동구 솔빛로 51 구글 지오코딩,0,0,0,0,0,1,,,,,,96db458ed63b3e34a1c3d63a8ad444ea67ab6b77
nax192,인천,영종도 구읍뱃터,Yeongjong Guyeop Ferry Pier,sea,37.49254,126.5809,50,상시 · 카페별 상이,중구 중산동 구글 지오코딩,0,0,0,0,0,1,,,,,,96db458ed63b3e34a1c3d63a8ad444ea67ab6b77
nax193,인천,무의도 하나개해수욕장,Hanagae Beach,sea,37.38465,126.40927,90,상시 개방 · 해수욕 7–8월,중구 무의동 구글 지오코딩,0,0,1,0,0,1,,,,,,96db458ed63b3e34a1c3d63a8ad444ea67ab6b77
nax194,인천,청라호수공원,Cheongna Lake Park,heal,37.52797,126.63438,60,상시 개방 · 무료,서구 크리스탈로 131 구글 지오코딩,0,0,0,0,0,1,,,,,,96db458ed63b3e34a1c3d63a8ad444ea67ab6b77
nax201,진주,진주성,Jinjuseong Fortress,herit,35.18902,128.078,80,05:00–23:00 · 유료,진주시 남강로 626 구글 지오코딩,0,1,0,0,0,1,,,,,,96db458ed63b3e34a1c3d63a8ad444ea67ab6b77
nax202,진주,촉석루,Chokseongnu,herit,35.18944,128.08186,40,09:00–18:00 · 성 입장료 포함,진주시 남강로 626 구글 지오코딩,0,0,0,0,0,1,,,,,,96db458ed63b3e34a1c3d63a8ad444ea67ab6b77
nax203,진주,진주 남강,Nam River,heal,35.18203,128.0932,50,상시 개방 · 유등축제 10월,진주시 남강로 구글 지오코딩,0,0,0,0,0,1,,,,,,96db458ed63b3e34a1c3d63a8ad444ea67ab6b77
nax204,진주,국립진주박물관,Jinju National Museum,herit,35.1889,128.07694,70,09:00–18:00 · 월 휴관 · 무료,진주시 남강로 626-35 구글 지오코딩,0,0,0,0,0,1,,,,,,96db458ed63b3e34a1c3d63a8ad444ea67ab6b77
nax205,진주,진주중앙시장,Jinju Jungang Market,food,35.19431,128.08521,60,08:00–20:00 · 점포별 상이,진주시 대안동 8-600 구글 지오코딩,0,0,0,0,0,1,,,,,,96db458ed63b3e34a1c3d63a8ad444ea67ab6b77
nax206,진주,월아산 숲속의 진주,Wolasan Forest Park,heal,35.19991,128.1942,80,09:00–18:00 · 무료,진주시 진성면 달음산로 313 구글 지오코딩,0,0,0,0,0,1,,,,,,96db458ed63b3e34a1c3d63a8ad444ea67ab6b77
nax207,순천,순천만습지,Suncheonman Wetland,heal,34.88597,127.50903,100,08:00–일몰 · 유료,순천시 순천만길 513-25 구글 지오코딩,0,1,1,0,0,1,,,,,,96db458ed63b3e34a1c3d63a8ad444ea67ab6b77
nax208,순천,순천만국가정원,Suncheonman National Garden,heal,34.92844,127.49827,120,09:00–19:00 · 유료,순천시 국가정원1호길 47 구글 지오코딩,0,1,1,0,0,1,,,,,,96db458ed63b3e34a1c3d63a8ad444ea67ab6b77
nax209,순천,낙안읍성,Naganeupseong Folk Village,herit,34.9073,127.34113,80,09:00–18:00 · 유료,순천시 낙안면 평촌리 6-4 구글 지오코딩,0,0,1,0,0,1,,,,,,96db458ed63b3e34a1c3d63a8ad444ea67ab6b77
nax210,순천,선암사,Seonamsa Temple,herit,34.99605,127.33048,80,08:00–18:00 · 유료,순천시 승주읍 선암사길 450 구글 지오코딩,1,0,0,0,0,1,,,,,,96db458ed63b3e34a1c3d63a8ad444ea67ab6b77
nax211,순천,순천 드라마촬영장,Suncheon Drama Film Set,activity,34.957,127.5376,70,09:00–18:00 · 유료,순천시 비례골길 24 구글 지오코딩,0,0,1,0,0,1,,,,,,96db458ed63b3e34a1c3d63a8ad444ea67ab6b77
nax212,순천,와온해변,Waon Beach,sea,34.8464,127.52538,50,상시 개방 · 무료,순천시 해룡면 상내리 구글 지오코딩,0,0,0,0,0,1,,,,,,96db458ed63b3e34a1c3d63a8ad444ea67ab6b77
nax213,목포,목포근대역사관,Mokpo Modern History Museum,herit,34.78757,126.38209,60,09:00–18:00 · 월 휴관 · 유료,목포시 영산로29번길 6 구글 지오코딩,0,1,0,0,0,1,,,,,,96db458ed63b3e34a1c3d63a8ad444ea67ab6b77
nax214,목포,유달산,Yudalsan,heal,34.792,126.37257,90,상시 개방 · 무료,목포시 노적봉길 45 구글 지오코딩,0,0,0,0,0,1,,,,,,96db458ed63b3e34a1c3d63a8ad444ea67ab6b77
nax215,목포,목포해상케이블카,Mokpo Marine Cable Car,activity,34.79862,126.36827,80,09:00–20:00 · 유료,목포시 해양대학로 240 구글 지오코딩,0,1,0,0,0,1,,,,,,96db458ed63b3e34a1c3d63a8ad444ea67ab6b77
nax216,목포,갓바위,Gatbawi Rock,sea,34.79213,126.42576,50,상시 개방 · 무료,목포시 용해동 산86-24 구글 지오코딩,0,0,0,0,0,1,,,,,,96db458ed63b3e34a1c3d63a8ad444ea67ab6b77
nax217,목포,국립해양유물전시관,National Maritime Museum,herit,34.79286,126.42281,80,09:00–18:00 · 월 휴관 · 무료,목포시 남농로 136 구글 지오코딩,0,0,0,0,0,1,,,,,,96db458ed63b3e34a1c3d63a8ad444ea67ab6b77
nax218,목포,목포 항구포차,Mokpo Harbour Food Carts,food,34.7813,126.3882,60,18:00–01:00 (계절별 상이),목포시 만호동 구글 지오코딩,0,0,0,0,0,1,,,,,,96db458ed63b3e34a1c3d63a8ad444ea67ab6b77
nax219,영주,부석사,Buseoksa Temple,herit,36.99845,128.68696,90,08:00–18:00 · 유료,영주시 부석면 부석사로 345 구글 지오코딩,1,0,0,0,0,1,,,,,,96db458ed63b3e34a1c3d63a8ad444ea67ab6b77
nax220,영주,소수서원,Sosu Seowon,herit,36.92489,128.58015,70,09:00–18:00 · 유료,영주시 순흥면 소백로 2740 구글 지오코딩,1,0,0,0,0,1,,,,,,96db458ed63b3e34a1c3d63a8ad444ea67ab6b77
nax221,영주,무섬마을,Museom Village,herit,36.73222,128.62111,70,상시 개방 · 무료,영주시 문수면 무섬로234번길 구글 지오코딩,0,0,0,0,0,1,,,,,,96db458ed63b3e34a1c3d63a8ad444ea67ab6b77
nax222,영주,선비촌,Seonbichon,herit,36.92778,128.582,60,09:00–18:00 · 유료,영주시 순흥면 소백로 2796 구글 지오코딩,0,0,0,0,0,1,,,,,,96db458ed63b3e34a1c3d63a8ad444ea67ab6b77
nax223,영주,순흥벽화고분,Sunheung Mural Tomb,herit,36.91273,128.5655,40,09:00–18:00 · 무료,영주시 순흥면 읍내리 구글 지오코딩,0,0,0,0,0,1,,,,,,96db458ed63b3e34a1c3d63a8ad444ea67ab6b77
nax224,포항,호미곶 해맞이광장,Homigot Sunrise Square,sea,36.07676,129.56786,70,상시 개방 · 무료,포항시 남구 호미곶면 해맞이로150번길 20 구글 지오코딩,0,0,0,0,0,1,,,,,,96db458ed63b3e34a1c3d63a8ad444ea67ab6b77
nax225,포항,영일대해수욕장,Yeongildae Beach,sea,36.05615,129.37817,70,상시 개방 · 해수욕 7–8월,포항시 북구 두호동 구글 지오코딩,0,0,0,0,0,1,,,,,,96db458ed63b3e34a1c3d63a8ad444ea67ab6b77
nax226,포항,죽도시장,Jukdo Market,food,36.03549,129.36727,70,06:00–21:00 · 점포별 상이,포항시 북구 죽도시장13길 13 구글 지오코딩,0,0,0,0,0,1,,,,,,96db458ed63b3e34a1c3d63a8ad444ea67ab6b77
nax227,포항,포항 스페이스워크,Pohang Space Walk,activity,36.06517,129.39029,60,10:00–20:00 · 무료,포항시 북구 환호공원길 30 구글 지오코딩,0,1,0,0,0,1,,,,,,96db458ed63b3e34a1c3d63a8ad444ea67ab6b77
nax228,포항,구룡포 근대문화역사거리,Guryongpo Modern History Street,herit,35.98531,129.53547,60,상시 · 상점별 상이,포항시 남구 구룡포읍 구글 지오코딩,0,0,0,0,0,1,,,,,,96db458ed63b3e34a1c3d63a8ad444ea67ab6b77
nax229,포항,내연산 보경사,Bogyeongsa Temple,heal,36.25228,129.31795,100,08:00–18:00 · 유료,포항시 북구 송라면 보경로 523 구글 지오코딩,0,0,0,0,0,1,,,,,,96db458ed63b3e34a1c3d63a8ad444ea67ab6b77
nax230,춘천,남이섬,Nami Island,heal,37.79171,127.52552,150,08:00–21:00 · 배편 유료,춘천시 남산면 남이섬길 1 구글 지오코딩,0,1,1,0,0,1,,,,,,96db458ed63b3e34a1c3d63a8ad444ea67ab6b77
nax231,춘천,소양강 스카이워크,Soyanggang Skywalk,activity,37.89334,127.72341,50,10:00–21:00 · 무료,춘천시 영서로 2663 구글 지오코딩,0,0,1,0,0,1,,,,,,96db458ed63b3e34a1c3d63a8ad444ea67ab6b77
nax232,춘천,청평사,Cheongpyeongsa Temple,herit,37.96655,127.82528,110,08:00–18:00 · 배편 별도,춘천시 북산면 청평리 구글 지오코딩,0,0,0,0,0,1,,,,,,96db458ed63b3e34a1c3d63a8ad444ea67ab6b77
nax233,춘천,김유정문학촌,Kim Yu-jeong Literary Village,herit,37.81826,127.71766,60,09:00–18:00 · 월 휴관 · 유료,춘천시 신동면 김유정로 1430-14 구글 지오코딩,0,0,0,0,0,1,,,,,,96db458ed63b3e34a1c3d63a8ad444ea67ab6b77
nax234,춘천,명동 닭갈비골목,Dakgalbi Alley,food,37.87961,127.72835,60,11:00–22:00 · 점포별 상이,춘천시 금강로 62-1 구글 지오코딩,0,0,0,0,0,1,,,,,,96db458ed63b3e34a1c3d63a8ad444ea67ab6b77
nax235,춘천,의암호 자전거길,Uiamho Bike Path,heal,37.87461,127.69509,80,상시 개방 · 대여 유료,춘천시 삼천동 269-10 구글 지오코딩,0,0,0,0,0,1,,,,,,96db458ed63b3e34a1c3d63a8ad444ea67ab6b77
nax236,울릉,도동항,Dodong Port,sea,37.48116,130.90994,60,상시 · 여객선 시간 확인,울릉군 울릉읍 도동리 구글 지오코딩,0,0,0,0,0,1,,,,,,96db458ed63b3e34a1c3d63a8ad444ea67ab6b77
nax237,울릉,독도전망대,Dokdo Observatory,heal,37.48075,130.90408,70,케이블카 08:00–18:00 · 유료,울릉군 울릉읍 약수터길 93 구글 지오코딩,0,0,0,0,0,1,,,,,,96db458ed63b3e34a1c3d63a8ad444ea67ab6b77
nax238,울릉,나리분지,Nari Basin,heal,37.5184,130.87161,80,상시 개방 · 무료,울릉군 북면 나리 구글 지오코딩,0,0,0,0,0,1,,,,,,96db458ed63b3e34a1c3d63a8ad444ea67ab6b77
nax239,울릉,봉래폭포,Bongnae Falls,heal,37.49838,130.88333,60,08:00–18:00 · 유료,울릉군 울릉읍 도동리 산39 구글 지오코딩,0,0,0,0,0,1,,,,,,96db458ed63b3e34a1c3d63a8ad444ea67ab6b77
nax240,울릉,관음도,Gwaneumdo,sea,37.54293,130.92003,70,09:00–17:00 · 유료,울릉군 북면 천부길 산1 구글 지오코딩,0,0,0,0,0,1,,,,,,96db458ed63b3e34a1c3d63a8ad444ea67ab6b77
nax241,울릉,해안산책로,Coastal Walkway,sea,37.46629,130.87421,60,상시 개방 · 기상 시 통제,울릉군 울릉읍 구글 지오코딩,0,0,0,0,0,1,,,,,,96db458ed63b3e34a1c3d63a8ad444ea67ab6b77
nax242,남원,광한루원,Gwanghallu Garden,herit,35.4039,127.3798,70,08:00–21:00 · 유료,남원시 요천로 1447 구글 지오코딩,0,1,1,0,0,1,,,,,,96db458ed63b3e34a1c3d63a8ad444ea67ab6b77
nax243,남원,춘향테마파크,Chunhyang Theme Park,activity,35.40163,127.38673,70,09:00–18:00 · 유료,남원시 양림길 14-9 구글 지오코딩,0,0,1,0,0,1,,,,,,96db458ed63b3e34a1c3d63a8ad444ea67ab6b77
nax244,남원,지리산 뱀사골,Baemsagol Valley,heal,35.37647,127.58043,120,상시 개방 · 무료,남원시 산내면 지리산로 829 구글 지오코딩,0,0,0,0,0,1,,,,,,96db458ed63b3e34a1c3d63a8ad444ea67ab6b77
nax245,남원,실상사,Silsangsa Temple,herit,35.41642,127.6354,60,08:00–18:00 · 무료,남원시 산내면 실상사길 265 구글 지오코딩,0,0,0,0,0,1,,,,,,96db458ed63b3e34a1c3d63a8ad444ea67ab6b77
nax246,남원,남원 예촌,Namwon Yechon,food,35.40472,127.37867,60,상시 · 시설별 상이,남원시 광한북로 17 구글 지오코딩,0,0,0,0,0,1,,,,,,96db458ed63b3e34a1c3d63a8ad444ea67ab6b77
nax251,남해,남해 독일마을,Namhae German Village,activity,34.79972,128.03864,70,상시 · 상점별 상이,남해군 삼동면 물건리 1154 구글 지오코딩,0,1,0,0,0,1,,,,,,96db458ed63b3e34a1c3d63a8ad444ea67ab6b77
nax252,남해,다랭이마을,Darangee Village,heal,34.72728,127.8944,70,상시 개방 · 무료,남해군 남면 남면로 679 구글 지오코딩,0,0,0,0,0,1,,,,,,96db458ed63b3e34a1c3d63a8ad444ea67ab6b77
nax253,남해,보리암,Boriam Hermitage,herit,34.75202,127.98296,90,04:00–19:00 · 유료,남해군 상주면 보리암로 665 구글 지오코딩,0,0,0,0,0,1,,,,,,96db458ed63b3e34a1c3d63a8ad444ea67ab6b77
nax254,남해,상주은모래비치,Sangju Silver Sand Beach,sea,34.72078,127.98809,70,상시 개방 · 해수욕 7–8월,남해군 상주면 상주리 구글 지오코딩,0,0,0,0,0,1,,,,,,96db458ed63b3e34a1c3d63a8ad444ea67ab6b77
nax255,남해,남해 편백자연휴양림,Namhae Cypress Forest,heal,34.7526,128.0166,90,09:00–18:00 · 유료,남해군 삼동면 금암로 658 구글 지오코딩,0,0,0,0,0,1,,,,,,96db458ed63b3e34a1c3d63a8ad444ea67ab6b77
nax256,합천,해인사,Haeinsa Temple,herit,35.80118,128.0981,110,08:00–18:00 · 유료,합천군 가야면 해인사길 122 구글 지오코딩,1,0,0,0,0,1,,,,,,96db458ed63b3e34a1c3d63a8ad444ea67ab6b77
nax257,합천,대장경테마파크,Tripitaka Theme Park,activity,35.76785,128.13491,70,09:00–18:00 · 월 휴관 · 유료,합천군 가야면 가야산로 1160 구글 지오코딩,0,0,1,0,0,1,,,,,,96db458ed63b3e34a1c3d63a8ad444ea67ab6b77
nax258,합천,합천영상테마파크,Hapcheon Film Set,activity,35.54921,128.07312,70,09:00–18:00 · 유료,합천군 용주면 합천호수로 757 구글 지오코딩,0,0,0,0,0,1,,,,,,96db458ed63b3e34a1c3d63a8ad444ea67ab6b77
nax259,합천,황매산 군립공원,Hwangmaesan Park,heal,35.48187,128.00348,120,상시 개방 · 주차 유료,합천군 가회면 황매산공원길 331 구글 지오코딩,0,0,0,0,0,1,,,,,,96db458ed63b3e34a1c3d63a8ad444ea67ab6b77
nax260,합천,합천호,Hapcheon Lake,heal,35.52366,128.01843,60,상시 개방 · 무료,합천군 대병면 회양관광단지길 구글 지오코딩,0,0,0,0,0,1,,,,,,96db458ed63b3e34a1c3d63a8ad444ea67ab6b77
nax261,광주,국립아시아문화전당,Asia Culture Center,activity,35.14672,126.92025,110,10:00–18:00 · 월 휴관 · 일부 유료,동구 문화전당로 38 구글 지오코딩,0,1,0,0,0,1,,,,,,96db458ed63b3e34a1c3d63a8ad444ea67ab6b77
nax262,광주,5·18 민주광장,May 18 Democracy Square,herit,35.15008,126.85591,40,상시 개방 · 무료,동구 금남로 1가 구글 지오코딩,0,0,0,0,0,1,,,,,,96db458ed63b3e34a1c3d63a8ad444ea67ab6b77
nax263,광주,양림동 근대역사문화마을,Yangnim-dong Historic Village,herit,35.1403,126.91562,70,상시 개방 · 무료,남구 양림동 142 구글 지오코딩,0,0,0,0,0,1,,,,,,96db458ed63b3e34a1c3d63a8ad444ea67ab6b77
nax264,광주,무등산 국립공원,Mudeungsan National Park,heal,35.14411,126.98901,180,상시 개방 · 무료,북구 무등로 1550 구글 지오코딩,0,1,0,0,0,1,,,,,,96db458ed63b3e34a1c3d63a8ad444ea67ab6b77
nax265,광주,대인예술시장,Daein Art Market,food,35.15528,126.91619,60,10:00–20:00 · 야시장 토요일,동구 구성로 225 구글 지오코딩,0,0,0,0,0,1,,,,,,96db458ed63b3e34a1c3d63a8ad444ea67ab6b77
nax266,광주,광주시립미술관,Gwangju Museum of Art,activity,35.18315,126.8857,70,10:00–18:00 · 월 휴관 · 유료,북구 하서로 52 구글 지오코딩,0,0,0,0,0,1,,,,,,96db458ed63b3e34a1c3d63a8ad444ea67ab6b77
nax267,천안,독립기념관,Independence Hall of Korea,herit,36.78371,127.22334,120,09:30–18:00 · 월 휴관 · 무료,동남구 목천읍 독립기념관로 1 구글 지오코딩,0,1,0,0,0,1,,,,,,96db458ed63b3e34a1c3d63a8ad444ea67ab6b77
nax268,천안,각원사,Gagwonsa Temple,herit,36.83429,127.19694,60,상시 개방 · 무료,동남구 각원사길 245 구글 지오코딩,0,0,0,0,0,1,,,,,,96db458ed63b3e34a1c3d63a8ad444ea67ab6b77
nax269,천안,병천순대거리,Byeongcheon Sundae Street,food,36.75968,127.2977,60,09:00–20:00 · 점포별 상이,동남구 병천면 병천리 211-3 구글 지오코딩,0,0,0,0,0,1,,,,,,96db458ed63b3e34a1c3d63a8ad444ea67ab6b77
nax270,천안,천안삼거리공원,Cheonan Samgeori Park,heal,36.78492,127.16556,50,상시 개방 · 무료,동남구 삼룡동 260 구글 지오코딩,0,0,0,0,0,1,,,,,,96db458ed63b3e34a1c3d63a8ad444ea67ab6b77
nax271,천안,아라리오갤러리,Arario Gallery,activity,36.81937,127.15788,60,11:00–19:00 · 월 휴관 · 유료,동남구 만남로 43 구글 지오코딩,0,0,0,0,0,1,,,,,,96db458ed63b3e34a1c3d63a8ad444ea67ab6b77
nax272,공주,공산성,Gongsanseong Fortress,herit,36.46465,127.12491,80,09:00–18:00 · 유료,공주시 웅진로 280 구글 지오코딩,1,1,0,0,0,1,,,,,,96db458ed63b3e34a1c3d63a8ad444ea67ab6b77
nax273,공주,무령왕릉과 왕릉원,Tomb of King Muryeong,herit,36.46313,127.11449,70,09:00–18:00 · 유료,공주시 왕릉로 35 구글 지오코딩,1,1,0,0,0,1,,,,,,96db458ed63b3e34a1c3d63a8ad444ea67ab6b77
nax274,공주,국립공주박물관,Gongju National Museum,herit,36.46577,127.11244,80,09:00–18:00 · 월 휴관 · 무료,공주시 관광단지길 34 구글 지오코딩,0,0,0,0,0,1,,,,,,96db458ed63b3e34a1c3d63a8ad444ea67ab6b77
nax275,공주,마곡사,Magoksa Temple,herit,36.55885,127.01212,90,08:00–18:00 · 유료,공주시 사곡면 마곡사로 966 구글 지오코딩,1,0,0,0,0,1,,,,,,96db458ed63b3e34a1c3d63a8ad444ea67ab6b77
nax276,공주,공주 산성시장,Gongju Sanseong Market,food,36.45782,127.12327,60,08:00–20:00 · 야시장 금·토,공주시 용당길 20 구글 지오코딩,0,0,0,0,0,1,,,,,,96db458ed63b3e34a1c3d63a8ad444ea67ab6b77
nax277,부여,부소산성,Busosanseong Fortress,herit,36.28847,126.91257,90,09:00–18:00 · 유료,부여군 부여읍 부소로 31 구글 지오코딩,1,1,0,0,0,1,,,,,,96db458ed63b3e34a1c3d63a8ad444ea67ab6b77
nax278,부여,정림사지 오층석탑,Jeongnimsa Stone Pagoda,herit,36.27933,126.91337,50,09:00–18:00 · 유료,부여군 부여읍 정림로 83 구글 지오코딩,1,0,0,0,0,1,,,,,,96db458ed63b3e34a1c3d63a8ad444ea67ab6b77
nax279,부여,궁남지,Gungnamji Pond,heal,36.2696,126.91223,60,상시 개방 · 무료,부여군 부여읍 동남리 117 구글 지오코딩,1,1,1,0,0,1,,,,,,96db458ed63b3e34a1c3d63a8ad444ea67ab6b77
nax280,부여,국립부여박물관,Buyeo National Museum,herit,36.27639,126.919,70,09:00–18:00 · 월 휴관 · 무료,부여군 부여읍 금성로 5 구글 지오코딩,0,0,0,0,0,1,,,,,,96db458ed63b3e34a1c3d63a8ad444ea67ab6b77
nax281,부여,백제문화단지,Baekje Cultural Land,activity,36.3069,126.90549,90,09:00–18:00 · 유료,부여군 규암면 백제문로 455 구글 지오코딩,0,0,0,0,0,1,,,,,,96db458ed63b3e34a1c3d63a8ad444ea67ab6b77
nax282,군산,군산 근대역사박물관,Gunsan Modern History Museum,herit,35.9907,126.71197,70,09:00–18:00 · 월 휴관 · 유료,군산시 해망로 240 구글 지오코딩,0,0,0,0,0,1,,,,,,96db458ed63b3e34a1c3d63a8ad444ea67ab6b77
nax283,군산,경암동 철길마을,Gyeongam-dong Rail Village,activity,35.98131,126.7355,50,상시 · 상점별 상이,군산시 경촌4길 14 구글 지오코딩,0,0,1,0,0,1,,,,,,96db458ed63b3e34a1c3d63a8ad444ea67ab6b77
nax284,군산,초원사진관,Chowon Photo Studio,activity,35.98772,126.70838,30,09:00–18:00 · 무료,군산시 구영2길 12-1 구글 지오코딩,0,0,0,0,0,1,,,,,,96db458ed63b3e34a1c3d63a8ad444ea67ab6b77
nax285,군산,선유도해수욕장,Seonyudo Beach,sea,35.81643,126.4106,100,상시 개방 · 해수욕 7–8월,군산시 옥도면 선유도리 구글 지오코딩,0,0,0,0,0,1,,,,,,96db458ed63b3e34a1c3d63a8ad444ea67ab6b77
nax286,군산,이성당,Lee Sung Dang Bakery,food,35.9872,126.71127,40,08:00–21:00,군산시 중앙로 177 구글 지오코딩,0,0,0,0,0,1,,,,,,96db458ed63b3e34a1c3d63a8ad444ea67ab6b77
nax287,용인,한국민속촌,Korean Folk Village,herit,37.25894,127.11811,150,10:00–18:30 · 유료,기흥구 민속촌로 90 구글 지오코딩,0,1,1,0,0,1,,,,,,96db458ed63b3e34a1c3d63a8ad444ea67ab6b77
nax288,용인,에버랜드,Everland,activity,37.29391,127.20257,240,10:00–21:00 · 유료,처인구 포곡읍 에버랜드로 199 구글 지오코딩,0,1,0,0,0,1,,,,,,96db458ed63b3e34a1c3d63a8ad444ea67ab6b77
nax289,용인,백남준아트센터,Nam June Paik Art Center,activity,37.26915,127.11038,70,10:00–18:00 · 월 휴관 · 무료,기흥구 백남준로 10 구글 지오코딩,0,0,0,0,0,1,,,,,,96db458ed63b3e34a1c3d63a8ad444ea67ab6b77
nax290,용인,경기도박물관,Gyeonggi Provincial Museum,herit,37.26806,127.10881,70,10:00–18:00 · 월 휴관 · 무료,기흥구 상갈로 6 구글 지오코딩,0,0,0,0,0,1,,,,,,96db458ed63b3e34a1c3d63a8ad444ea67ab6b77
nax291,용인,용인자연휴양림,Yongin Forest Resort,heal,37.31482,127.2676,90,09:00–18:00 · 유료,처인구 모현읍 초부로 220 구글 지오코딩,0,0,0,0,0,1,,,,,,96db458ed63b3e34a1c3d63a8ad444ea67ab6b77
nax301,창원,진해 여좌천,Yeojwacheon Stream,heal,35.16096,128.66025,60,상시 개방 · 군항제 4월,진해구 여좌천로166번길 구글 지오코딩,0,0,0,0,0,1,,,,,,96db458ed63b3e34a1c3d63a8ad444ea67ab6b77
nax302,창원,주남저수지,Junam Reservoir,heal,35.3147,128.67268,80,상시 개방 · 무료,의창구 동읍 월잠리 구글 지오코딩,0,0,0,0,0,1,,,,,,96db458ed63b3e34a1c3d63a8ad444ea67ab6b77
nax303,창원,마산어시장,Masan Fish Market,food,35.20281,128.57626,60,05:00–20:00 · 점포별 상이,마산합포구 복요리로 7 구글 지오코딩,0,0,0,0,0,1,,,,,,96db458ed63b3e34a1c3d63a8ad444ea67ab6b77
nax304,창원,돝섬해상유원지,Dotseom Island Park,sea,35.17894,128.58114,80,유람선 운항시간 확인 · 유료,마산합포구 돝섬2길 58 구글 지오코딩,0,0,0,0,0,1,,,,,,96db458ed63b3e34a1c3d63a8ad444ea67ab6b77
nax305,창원,상남시장,Sangnam Market,food,35.22169,128.68403,50,09:00–21:00 · 점포별 상이,성산구 상남동 16 구글 지오코딩,0,0,0,0,0,1,,,,,,96db458ed63b3e34a1c3d63a8ad444ea67ab6b77
nax306,창원,용지호수공원,Yongji Lake Park,heal,35.23102,128.68456,50,상시 개방 · 무료,성산구 용지동 551-4 구글 지오코딩,0,0,0,0,0,1,,,,,,96db458ed63b3e34a1c3d63a8ad444ea67ab6b77
nax307,울산,대왕암공원,Daewangam Park,sea,35.4924,129.43956,90,상시 개방 · 무료,동구 등대로 95 구글 지오코딩,0,1,0,0,0,1,,,,,,96db458ed63b3e34a1c3d63a8ad444ea67ab6b77
nax308,울산,태화강 국가정원,Taehwagang National Garden,heal,35.54777,129.29622,90,상시 개방 · 무료,중구 태화강 국가정원길 154 구글 지오코딩,0,1,0,0,0,1,,,,,,96db458ed63b3e34a1c3d63a8ad444ea67ab6b77
nax309,울산,간절곶,Ganjeolgot,sea,35.35914,129.3618,50,상시 개방 · 무료,울주군 서생면 대송리 구글 지오코딩,0,0,0,0,0,1,,,,,,96db458ed63b3e34a1c3d63a8ad444ea67ab6b77
nax310,울산,반구대 암각화,Bangudae Petroglyphs,herit,35.60505,129.17978,70,09:00–18:00 · 무료,울주군 언양읍 대곡리 991-3 구글 지오코딩,0,0,0,0,0,1,,,,,,96db458ed63b3e34a1c3d63a8ad444ea67ab6b77
nax311,울산,장생포 고래문화마을,Jangsaengpo Whale Village,activity,35.50581,129.3826,90,09:00–18:00 · 월 휴관 · 유료,남구 장생포고래로 271-1 구글 지오코딩,0,0,0,0,0,1,,,,,,96db458ed63b3e34a1c3d63a8ad444ea67ab6b77
nax312,울산,울산대공원,Ulsan Grand Park,heal,35.53126,129.29343,70,상시 개방 · 무료,남구 대공원로 94 구글 지오코딩,0,0,0,0,0,1,,,,,,96db458ed63b3e34a1c3d63a8ad444ea67ab6b77
nax313,태안,꽃지해수욕장,Kkotji Beach,sea,36.49693,126.3352,80,상시 개방 · 해수욕 7–8월,태안군 안면읍 승언리 구글 지오코딩,0,1,0,0,0,1,,,,,,96db458ed63b3e34a1c3d63a8ad444ea67ab6b77
nax314,태안,신두리 해안사구,Sinduri Coastal Dunes,heal,36.84512,126.19672,70,상시 개방 · 무료,태안군 원북면 신두리 산263-1 구글 지오코딩,0,0,0,0,0,1,,,,,,96db458ed63b3e34a1c3d63a8ad444ea67ab6b77
nax315,태안,천리포수목원,Chollipo Arboretum,heal,36.79836,126.14992,90,09:00–18:00 · 유료,태안군 소원면 천리포1길 187 구글 지오코딩,0,0,0,0,0,1,,,,,,96db458ed63b3e34a1c3d63a8ad444ea67ab6b77
nax316,태안,만리포해수욕장,Mallipo Beach,sea,36.78642,126.14235,70,상시 개방 · 해수욕 7–8월,태안군 소원면 모항리 구글 지오코딩,0,0,0,0,0,1,,,,,,96db458ed63b3e34a1c3d63a8ad444ea67ab6b77
nax317,태안,안면도 자연휴양림,Anmyeondo Forest Resort,heal,36.49749,126.36021,80,09:00–18:00 · 유료,태안군 안면읍 안면대로 3195-6 구글 지오코딩,0,0,0,0,0,1,,,,,,96db458ed63b3e34a1c3d63a8ad444ea67ab6b77
nax318,양평,두물머리,Dumulmeori,heal,37.53474,127.31789,60,상시 개방 · 무료,양평군 양서면 두물머리길 구글 지오코딩,0,1,0,0,0,1,,,,,,96db458ed63b3e34a1c3d63a8ad444ea67ab6b77
nax319,양평,세미원,Semiwon Garden,heal,37.54016,127.32411,70,09:00–18:00 · 유료,양평군 양서면 양수로 93 구글 지오코딩,0,0,1,0,0,1,,,,,,96db458ed63b3e34a1c3d63a8ad444ea67ab6b77
nax320,양평,양평 용문사,Yongmunsa Temple,herit,37.55019,127.57082,90,08:00–18:00 · 유료,양평군 용문면 용문산로 782 구글 지오코딩,0,0,0,0,0,1,,,,,,96db458ed63b3e34a1c3d63a8ad444ea67ab6b77
nax321,양평,물의정원,Water Garden,heal,37.55686,127.31499,50,상시 개방 · 무료,남양주시 조안면 북한강로 398 구글 지오코딩,0,0,0,0,0,1,,,,,,96db458ed63b3e34a1c3d63a8ad444ea67ab6b77
nax322,양평,양평물맑은시장,Yangpyeong Market,food,37.48926,127.48822,50,09:00–19:00 · 5일장 3·8일,양평군 양평읍 양근리 구글 지오코딩,0,0,0,0,0,1,,,,,,96db458ed63b3e34a1c3d63a8ad444ea67ab6b77
nax323,여주,신륵사,Silleuksa Temple,herit,37.2975,127.66158,70,08:00–18:30 · 유료,여주시 신륵사길 73 구글 지오코딩,0,0,0,0,0,1,,,,,,96db458ed63b3e34a1c3d63a8ad444ea67ab6b77
nax324,여주,세종대왕릉 영릉,Yeongneung Royal Tomb,herit,37.31424,127.60871,80,09:00–18:00 · 유료,여주시 세종대왕면 영릉로 327 구글 지오코딩,1,0,0,0,0,1,,,,,,96db458ed63b3e34a1c3d63a8ad444ea67ab6b77
nax325,여주,명성황후 생가,Birthplace of Empress Myeongseong,herit,37.26084,127.65566,50,09:00–18:00 · 유료,여주시 명성로 71 구글 지오코딩,0,0,0,0,0,1,,,,,,96db458ed63b3e34a1c3d63a8ad444ea67ab6b77
nax326,여주,여주 도자세상,Yeoju Ceramic World,activity,37.30005,127.65675,60,09:00–18:00 · 무료,여주시 신륵사길 7 구글 지오코딩,0,0,0,0,0,1,,,,,,96db458ed63b3e34a1c3d63a8ad444ea67ab6b77
nax327,여주,여주 프리미엄아울렛,Yeoju Premium Outlets,food,37.29415,127.6463,120,10:30–21:00,여주시 명품로 360 구글 지오코딩,0,0,0,0,0,1,,,,,,96db458ed63b3e34a1c3d63a8ad444ea67ab6b77
nax328,가평,아침고요수목원,Garden of Morning Calm,heal,37.74397,127.35249,100,08:30–19:00 · 유료,가평군 상면 수목원로 432 구글 지오코딩,0,1,0,0,0,1,,,,,,96db458ed63b3e34a1c3d63a8ad444ea67ab6b77
nax329,가평,쁘띠프랑스,Petite France,activity,37.71489,127.49032,80,09:00–18:00 · 유료,가평군 청평면 호반로 1063 구글 지오코딩,0,0,0,0,0,1,,,,,,96db458ed63b3e34a1c3d63a8ad444ea67ab6b77
nax330,가평,자라섬,Jaraseom Island,heal,37.81649,127.52863,70,상시 개방 · 캠핑 유료,가평군 가평읍 달전리 구글 지오코딩,0,0,0,0,0,1,,,,,,96db458ed63b3e34a1c3d63a8ad444ea67ab6b77
nax331,가평,잣향기푸른숲,Pine Nut Forest,heal,37.77214,127.33912,90,09:00–18:00 · 유료,가평군 상면 축령로 289-88 구글 지오코딩,0,0,0,0,0,1,,,,,,96db458ed63b3e34a1c3d63a8ad444ea67ab6b77
nax332,가평,호명호수,Homyeong Lake,heal,37.74858,127.47494,70,09:00–17:00 · 무료,가평군 청평면 호명로 구글 지오코딩,0,0,0,0,0,1,,,,,,96db458ed63b3e34a1c3d63a8ad444ea67ab6b77
nax401,양산,통도사,Tongdosa Temple,herit,35.48795,129.06434,100,08:00–18:00 · 유료,양산시 하북면 통도사로 108 구글 지오코딩,1,1,0,0,0,1,,,,,,96db458ed63b3e34a1c3d63a8ad444ea67ab6b77
nax402,양산,홍룡폭포,Hongnyong Falls,heal,35.39737,129.08731,50,상시 개방 · 무료,양산시 상북면 대석리 1 구글 지오코딩,0,0,0,0,0,1,,,,,,96db458ed63b3e34a1c3d63a8ad444ea67ab6b77
nax403,양산,황산공원,Hwangsan Park,heal,35.29845,128.99318,60,상시 개방 · 무료,양산시 물금읍 황산공원1길 167 구글 지오코딩,0,0,0,0,0,1,,,,,,96db458ed63b3e34a1c3d63a8ad444ea67ab6b77
nax404,보은,법주사,Beopjusa Temple,herit,36.54155,127.83318,100,08:00–18:00 · 유료,보은군 속리산면 법주사로 405 구글 지오코딩,1,1,0,0,0,1,,,,,,96db458ed63b3e34a1c3d63a8ad444ea67ab6b77
nax405,보은,속리산 세심정,Songnisan Sesimjeong,heal,36.5434,127.8514,90,상시 개방 · 국립공원 입장,보은군 속리산면 사내리 구글 지오코딩,0,0,0,0,0,1,,,,,,96db458ed63b3e34a1c3d63a8ad444ea67ab6b77
nax406,보은,보은 삼년산성,Samnyeon Fortress,herit,36.48846,127.74233,70,상시 개방 · 무료,보은군 보은읍 어암리 산1-1 구글 지오코딩,0,0,0,0,0,1,,,,,,96db458ed63b3e34a1c3d63a8ad444ea67ab6b77
nax407,해남,대흥사,Daeheungsa Temple,herit,34.47601,126.6163,90,08:00–18:00 · 유료,해남군 삼산면 대흥사길 400 구글 지오코딩,1,0,0,0,0,1,,,,,,96db458ed63b3e34a1c3d63a8ad444ea67ab6b77
nax408,해남,땅끝마을,Land’s End Village,sea,34.30025,126.52699,70,상시 · 모노레일 유료,해남군 송지면 땅끝마을길 구글 지오코딩,0,0,0,0,0,1,,,,,,96db458ed63b3e34a1c3d63a8ad444ea67ab6b77
nax409,해남,우수영관광지,Uisuyeong Site,herit,34.5725,126.3095,60,09:00–18:00 · 유료,해남군 문내면 학동리 산36 구글 지오코딩,0,0,0,0,0,1,,,,,,96db458ed63b3e34a1c3d63a8ad444ea67ab6b77
nax410,함양,남계서원,Namgye Seowon,herit,35.54886,127.78344,50,09:00–18:00 · 무료,함양군 수동면 남계서원길 8-11 구글 지오코딩,1,0,0,0,0,1,,,,,,96db458ed63b3e34a1c3d63a8ad444ea67ab6b77
nax411,함양,상림공원,Sangnim Park,heal,35.52404,127.71976,70,상시 개방 · 무료,함양군 함양읍 운림리 구글 지오코딩,0,0,1,0,0,1,,,,,,96db458ed63b3e34a1c3d63a8ad444ea67ab6b77
nax412,함양,개평한옥마을,Gaepyeong Hanok Village,herit,35.56424,127.76927,60,상시 개방 · 무료,함양군 지곡면 개평길 35-9 구글 지오코딩,0,0,0,0,0,1,,,,,,96db458ed63b3e34a1c3d63a8ad444ea67ab6b77
nax413,장성,필암서원,Pilam Seowon,herit,35.31067,126.75173,50,09:00–18:00 · 무료,장성군 황룡면 필암서원로 184 구글 지오코딩,1,0,0,0,0,1,,,,,,96db458ed63b3e34a1c3d63a8ad444ea67ab6b77
nax414,장성,백양사,Baekyangsa Temple,heal,35.4395,126.88336,90,08:00–18:00 · 유료,장성군 북하면 백양로 1239 구글 지오코딩,0,0,0,0,0,1,,,,,,96db458ed63b3e34a1c3d63a8ad444ea67ab6b77
nax415,장성,축령산 편백숲,Chungnyeongsan Cypress Forest,heal,35.39539,126.73459,90,상시 개방 · 무료,장성군 서삼면 모암리 구글 지오코딩,0,0,0,0,0,1,,,,,,96db458ed63b3e34a1c3d63a8ad444ea67ab6b77
nax416,정읍,무성서원,Museong Seowon,herit,35.60186,126.98385,50,09:00–18:00 · 무료,정읍시 칠보면 원촌1길 44-12 구글 지오코딩,1,0,0,0,0,1,,,,,,96db458ed63b3e34a1c3d63a8ad444ea67ab6b77
nax417,정읍,내장산 국립공원,Naejangsan National Park,heal,35.4797,126.88798,150,상시 개방 · 주차 유료,정읍시 내장동 구글 지오코딩,0,1,0,0,0,1,,,,,,96db458ed63b3e34a1c3d63a8ad444ea67ab6b77
nax418,정읍,구절초지방정원,Gujeolcho Garden,heal,35.55339,127.01797,60,09:00–18:00 · 유료,정읍시 산내면 매죽리 구글 지오코딩,0,0,0,0,0,1,,,,,,96db458ed63b3e34a1c3d63a8ad444ea67ab6b77
nax419,논산,돈암서원,Donam Seowon,herit,36.20923,127.18076,50,09:00–18:00 · 무료,논산시 연산면 임3길 26-14 구글 지오코딩,1,0,0,0,0,1,,,,,,96db458ed63b3e34a1c3d63a8ad444ea67ab6b77
nax420,논산,관촉사,Gwanchoksa Temple,herit,36.18815,127.11319,60,08:00–18:00 · 무료,논산시 관촉로1번길 25 구글 지오코딩,0,0,0,0,0,1,,,,,,96db458ed63b3e34a1c3d63a8ad444ea67ab6b77
nax421,논산,탑정호 출렁다리,Tapjeongho Suspension Bridge,activity,36.18075,127.16008,50,09:00–22:00 · 무료,논산시 가야곡면 종연리 175-2 구글 지오코딩,0,0,0,0,0,1,,,,,,96db458ed63b3e34a1c3d63a8ad444ea67ab6b77
nax422,경기광주,남한산성,Namhansanseong,herit,37.48159,127.18482,120,상시 개방 · 행궁 유료,광주시 남한산성면 산성리 661 구글 지오코딩,1,0,0,0,0,1,,,,,,96db458ed63b3e34a1c3d63a8ad444ea67ab6b77
nax423,경기광주,화담숲,Hwadam Forest,heal,37.34126,127.2892,120,08:30–18:00 · 유료 · 예약제,광주시 도척면 도척윗로 278 구글 지오코딩,0,0,0,0,0,1,,,,,,96db458ed63b3e34a1c3d63a8ad444ea67ab6b77
nax424,경기광주,곤지암도자공원,Gonjiam Ceramic Park,activity,37.35213,127.32743,70,10:00–18:00 · 월 휴관 · 무료,광주시 곤지암읍 경충대로 727 구글 지오코딩,0,0,0,0,0,1,,,,,,96db458ed63b3e34a1c3d63a8ad444ea67ab6b77
nax425,익산,미륵사지,Mireuksa Temple Site,herit,36.01079,127.03063,80,상시 개방 · 무료,익산시 금마면 기양리 97 구글 지오코딩,1,0,0,0,0,1,,,,,,96db458ed63b3e34a1c3d63a8ad444ea67ab6b77
nax426,익산,왕궁리 유적,Wanggungni Site,herit,35.97281,127.05487,70,상시 개방 · 무료,익산시 왕궁면 왕궁리 산80-1 구글 지오코딩,1,0,0,0,0,1,,,,,,96db458ed63b3e34a1c3d63a8ad444ea67ab6b77
nax427,익산,익산 보석박물관,Iksan Jewelry Museum,activity,35.9906,127.10257,60,10:00–18:00 · 월 휴관 · 유료,익산시 왕궁면 호반로 8 구글 지오코딩,0,0,0,0,0,1,,,,,,96db458ed63b3e34a1c3d63a8ad444ea67ab6b77
nax428,고창,고창 고인돌 유적,Gochang Dolmen Site,herit,35.44873,126.64983,70,09:00–18:00 · 유료,고창군 아산면 상갑리 275-2 구글 지오코딩,1,0,0,0,0,1,,,,,,96db458ed63b3e34a1c3d63a8ad444ea67ab6b77
nax429,고창,선운사,Seonunsa Temple,herit,35.49694,126.57823,90,08:00–18:00 · 유료,고창군 아산면 도솔길 250 구글 지오코딩,0,0,0,0,0,1,,,,,,96db458ed63b3e34a1c3d63a8ad444ea67ab6b77
nax430,고창,고창읍성,Gochang Fortress,herit,35.43089,126.70448,60,상시 개방 · 유료,고창군 고창읍 모양성로 1 구글 지오코딩,0,0,0,0,0,1,,,,,,96db458ed63b3e34a1c3d63a8ad444ea67ab6b77
nax431,화순,화순 고인돌 유적,Hwasun Dolmen Site,herit,34.98515,126.91858,60,상시 개방 · 무료,화순군 도곡면 효산리 1335-3 구글 지오코딩,1,0,0,0,0,1,,,,,,96db458ed63b3e34a1c3d63a8ad444ea67ab6b77
nax432,화순,운주사,Unjusa Temple,herit,34.92548,126.88004,70,08:30–18:00 · 유료,화순군 도암면 천태로 91-44 구글 지오코딩,0,0,0,0,0,1,,,,,,96db458ed63b3e34a1c3d63a8ad444ea67ab6b77
nax433,화순,화순적벽,Hwasun Jeokbyeok,heal,35.11304,127.12315,70,셔틀 예약제 · 유료,화순군 이서면 장학리 산17 구글 지오코딩,0,0,0,0,0,1,,,,,,96db458ed63b3e34a1c3d63a8ad444ea67ab6b77
nax434,김해,대성동 고분군,Daeseong-dong Tombs,herit,35.23741,128.87375,70,09:00–18:00 · 무료,김해시 가야의길 126 구글 지오코딩,1,0,0,0,0,1,,,,,,96db458ed63b3e34a1c3d63a8ad444ea67ab6b77
nax435,김해,수로왕릉,Tomb of King Suro,herit,35.23521,128.87853,50,09:00–18:00 · 무료,김해시 왕릉길 26 구글 지오코딩,0,0,0,0,0,1,,,,,,96db458ed63b3e34a1c3d63a8ad444ea67ab6b77
nax436,김해,가야테마파크,Gaya Theme Park,activity,35.25073,128.89308,90,09:00–18:00 · 월 휴관 · 유료,김해시 가야테마길 161 구글 지오코딩,0,0,1,0,0,1,,,,,,96db458ed63b3e34a1c3d63a8ad444ea67ab6b77
nax437,함안,말이산 고분군,Marisan Tombs,herit,35.27036,128.40506,60,상시 개방 · 무료,함안군 가야읍 도항리 583-1 구글 지오코딩,1,0,0,0,0,1,,,,,,96db458ed63b3e34a1c3d63a8ad444ea67ab6b77
nax438,함안,함안박물관,Haman Museum,herit,35.2692,128.40365,50,09:00–18:00 · 월 휴관 · 무료,함안군 가야읍 삼기길 153-31 구글 지오코딩,0,0,0,0,0,1,,,,,,96db458ed63b3e34a1c3d63a8ad444ea67ab6b77
nax439,함안,무진정,Mujinjeong,heal,35.25542,128.42321,40,상시 개방 · 무료,함안군 함안면 괴산4길 25 구글 지오코딩,0,0,0,0,0,1,,,,,,96db458ed63b3e34a1c3d63a8ad444ea67ab6b77
nax440,창녕,교동과 송현동 고분군,Gyo-dong & Songhyeon-dong Tombs,herit,35.5417,128.50865,60,상시 개방 · 무료,창녕군 창녕읍 송현리 103-2 구글 지오코딩,1,0,0,0,0,1,,,,,,96db458ed63b3e34a1c3d63a8ad444ea67ab6b77
nax441,창녕,우포늪,Upo Wetland,heal,35.5515,128.412,90,일출–일몰 · 무료,창녕군 유어면 대대리 구글 지오코딩,0,1,0,0,0,1,,,,,,96db458ed63b3e34a1c3d63a8ad444ea67ab6b77
nax442,창녕,화왕산,Hwawangsan,heal,35.53722,128.56056,150,상시 개방 · 무료,창녕군 창녕읍 옥천리 구글 지오코딩,0,0,0,0,0,1,,,,,,96db458ed63b3e34a1c3d63a8ad444ea67ab6b77
nax443,고령,지산동 고분군,Jisan-dong Tombs,herit,35.72614,128.25329,70,상시 개방 · 무료,고령군 대가야읍 지산리 구글 지오코딩,1,0,0,0,0,1,,,,,,96db458ed63b3e34a1c3d63a8ad444ea67ab6b77
nax444,고령,대가야박물관,Daegaya Museum,herit,35.723,128.25722,60,09:00–18:00 · 월 휴관 · 유료,고령군 대가야읍 대가야로 1203 구글 지오코딩,0,0,0,0,0,1,,,,,,96db458ed63b3e34a1c3d63a8ad444ea67ab6b77
nax445,고령,개실마을,Gaesil Village,herit,35.66745,128.22901,60,상시 · 체험 예약,고령군 쌍림면 합가리 243-5 구글 지오코딩,0,0,0,0,0,1,,,,,,96db458ed63b3e34a1c3d63a8ad444ea67ab6b77
nax446,고성,송학동 고분군,Songhak-dong Tombs,herit,34.98035,128.32135,50,상시 개방 · 무료,고성군 고성읍 송학리 470 구글 지오코딩,1,0,0,0,0,1,,,,,,96db458ed63b3e34a1c3d63a8ad444ea67ab6b77
nax447,고성,상족암군립공원,Sangjogam Park,sea,34.9051,128.15112,80,상시 개방 · 무료,고성군 하이면 덕명리 구글 지오코딩,0,0,0,0,0,1,,,,,,96db458ed63b3e34a1c3d63a8ad444ea67ab6b77
nax448,고성,당항포관광지,Danghangpo Site,activity,35.05653,128.39841,70,09:00–18:00 · 유료,고성군 회화면 봉동리 57 구글 지오코딩,0,0,1,0,0,1,,,,,,96db458ed63b3e34a1c3d63a8ad444ea67ab6b77
nax449,서천,서천 갯벌,Seocheon Tidal Flat,sea,36.12851,126.5884,60,물때 확인 · 무료,서천군 비인면 선도리 341-6 구글 지오코딩,1,0,0,0,0,1,,,,,,96db458ed63b3e34a1c3d63a8ad444ea67ab6b77
nax450,서천,국립생태원,National Institute of Ecology,heal,36.02959,126.7248,120,09:30–17:00 · 월 휴관 · 유료,서천군 마서면 금강로 1210 구글 지오코딩,0,0,0,0,0,1,,,,,,96db458ed63b3e34a1c3d63a8ad444ea67ab6b77
nax451,서천,장항송림산림욕장,Janghang Pine Forest,heal,36.01351,126.66675,60,상시 개방 · 스카이워크 유료,서천군 장항읍 송림리 구글 지오코딩,0,0,0,0,0,1,,,,,,96db458ed63b3e34a1c3d63a8ad444ea67ab6b77
nax452,신안,신안 갯벌,Sinan Tidal Flat,sea,34.96439,126.13658,70,물때 확인 · 무료,신안군 증도면 지도증도로 1766-15 구글 지오코딩,1,0,0,0,0,1,,,,,,96db458ed63b3e34a1c3d63a8ad444ea67ab6b77
nax453,신안,퍼플섬 반월도,Purple Island,activity,34.70846,126.13472,90,상시 · 입장료,신안군 안좌면 박지리 구글 지오코딩,0,1,0,0,0,1,,,,,,96db458ed63b3e34a1c3d63a8ad444ea67ab6b77
nax454,신안,증도 태평염전,Taepyeong Salt Farm,activity,34.98224,126.1587,70,09:00–18:00 · 유료,신안군 증도면 대초리 구글 지오코딩,0,0,0,0,0,1,,,,,,96db458ed63b3e34a1c3d63a8ad444ea67ab6b77
nax455,보성,보성 벌교갯벌,Beolgyo Tidal Flat,sea,34.76847,127.08325,60,물때 확인 · 무료,보성군 벌교읍 장암리 구글 지오코딩,1,0,0,0,0,1,,,,,,96db458ed63b3e34a1c3d63a8ad444ea67ab6b77
nax456,보성,대한다원 녹차밭,Daehan Tea Plantation,heal,34.71563,127.07879,80,09:00–18:00 · 유료,보성군 보성읍 녹차로 763-67 구글 지오코딩,0,0,0,0,0,1,,,,,,96db458ed63b3e34a1c3d63a8ad444ea67ab6b77
nax457,보성,율포솔밭해수욕장,Yulpo Beach,sea,34.66995,127.08996,60,상시 개방 · 해수욕 7–8월,보성군 회천면 동율리 구글 지오코딩,0,0,0,0,0,1,,,,,,96db458ed63b3e34a1c3d63a8ad444ea67ab6b77
nax501,사천,사천 바다케이블카,Sacheon Sea Cable Car,activity,34.93368,128.05315,80,09:30–18:00 · 유료 · 기상 휴업,사천시 사천대로 18 구글 지오코딩,0,1,0,0,0,1,,,,,,96db458ed63b3e34a1c3d63a8ad444ea67ab6b77
nax502,사천,삼천포용궁수산시장,Samcheonpo Fish Market,food,34.9275,128.07103,60,06:00–21:00 · 점포별 상이,사천시 어시장길 64 구글 지오코딩,0,0,0,0,0,1,,,,,,96db458ed63b3e34a1c3d63a8ad444ea67ab6b77
nax503,사천,초양도,Choyangdo,sea,35.08022,128.08301,50,상시 개방 · 무료,사천시 대방동 초양도 구글 지오코딩,0,0,0,0,0,1,,,,,,96db458ed63b3e34a1c3d63a8ad444ea67ab6b77
nax504,사천,사천 항공우주박물관,Sacheon Aerospace Museum,activity,35.07137,128.06247,80,09:00–18:00 · 월 휴관 · 유료,사천시 사남면 공단1로 78 구글 지오코딩,0,0,0,0,0,1,,,,,,96db458ed63b3e34a1c3d63a8ad444ea67ab6b77
nax505,사천,사천읍성,Sacheon Fortress,herit,35.08408,128.09362,40,상시 개방 · 무료,사천시 사천읍 정의리 구글 지오코딩,0,0,0,0,0,1,,,,,,96db458ed63b3e34a1c3d63a8ad444ea67ab6b77
nax506,문경,문경새재 도립공원,Mungyeong Saejae Park,herit,36.75904,128.07298,120,상시 개방 · 무료,문경시 문경읍 새재로 932 구글 지오코딩,0,0,0,0,0,1,,,,,,96db458ed63b3e34a1c3d63a8ad444ea67ab6b77
nax507,문경,단산모노레일,Dansan Monorail,activity,36.73682,128.15813,70,09:00–17:00 · 유료 · 기상 휴업,문경시 문경읍 활공장길 106 구글 지오코딩,0,0,0,0,0,1,,,,,,96db458ed63b3e34a1c3d63a8ad444ea67ab6b77
nax508,문경,문경 철로자전거,Rail Bike,activity,36.65529,128.12827,60,09:00–17:00 · 유료,문경시 마성면 진남1길 155 구글 지오코딩,0,0,0,0,0,1,,,,,,96db458ed63b3e34a1c3d63a8ad444ea67ab6b77
nax509,문경,봉암사,Bongamsa Temple,herit,36.6258,128.0158,60,초파일 외 비공개,문경시 가은읍 원북길 313 구글 지오코딩,0,0,0,0,0,1,,,,,,96db458ed63b3e34a1c3d63a8ad444ea67ab6b77
nax510,문경,오미자테마터널,Omija Theme Tunnel,activity,36.66065,128.12875,50,09:00–18:00 · 유료,문경시 마성면 문경대로 1356-1 구글 지오코딩,0,0,0,0,0,1,,,,,,96db458ed63b3e34a1c3d63a8ad444ea67ab6b77
nax511,울진,성류굴,Seongnyugul Cave,heal,36.95604,129.37979,60,09:00–17:30 · 유료,울진군 근남면 성류굴로 225 구글 지오코딩,0,0,0,0,0,1,,,,,,96db458ed63b3e34a1c3d63a8ad444ea67ab6b77
nax512,울진,불영사,Buryeongsa Temple,herit,36.9569,129.2531,70,08:00–18:00 · 유료,울진군 금강송면 불영사길 48 구글 지오코딩,0,0,0,0,0,1,,,,,,96db458ed63b3e34a1c3d63a8ad444ea67ab6b77
nax513,울진,덕구온천,Deokgu Hot Spring,heal,37.07884,129.28332,110,06:00–20:00 · 유료,울진군 북면 덕구온천로 924 구글 지오코딩,0,0,0,0,0,1,,,,,,96db458ed63b3e34a1c3d63a8ad444ea67ab6b77
nax514,울진,죽변해안스카이레일,Jukbyeon Sky Rail,activity,37.05578,129.42821,70,09:00–18:00 · 유료,울진군 죽변면 죽변리 3-26 구글 지오코딩,0,0,0,0,0,1,,,,,,96db458ed63b3e34a1c3d63a8ad444ea67ab6b77
nax515,울진,등기산스카이워크,Deunggisan Skywalk,sea,36.67998,129.46627,50,09:00–18:00 · 무료,울진군 후포면 후포리 산141-21 구글 지오코딩,0,0,0,0,0,1,,,,,,96db458ed63b3e34a1c3d63a8ad444ea67ab6b77
nax516,원주,소금산 그랜드밸리,Sogeumsan Grand Valley,activity,37.36789,127.82514,110,09:00–17:00 · 유료,원주시 지정면 소금산길 12 구글 지오코딩,0,1,0,0,0,1,,,,,,96db458ed63b3e34a1c3d63a8ad444ea67ab6b77
nax517,원주,뮤지엄 산,Museum SAN,activity,37.41896,127.82299,120,10:00–18:00 · 월 휴관 · 유료,원주시 지정면 오크밸리2길 260 구글 지오코딩,0,1,0,0,0,1,,,,,,96db458ed63b3e34a1c3d63a8ad444ea67ab6b77
nax518,원주,치악산 구룡사,Guryongsa Temple,heal,37.40469,128.0464,80,상시 개방 · 국립공원 입장,원주시 소초면 구룡사로 428 구글 지오코딩,0,0,0,0,0,1,,,,,,96db458ed63b3e34a1c3d63a8ad444ea67ab6b77
nax519,원주,원주 한지테마파크,Hanji Theme Park,activity,37.33437,127.93546,60,09:00–18:00 · 월 휴관 · 무료,원주시 한지공원길 151 구글 지오코딩,0,0,0,0,0,1,,,,,,96db458ed63b3e34a1c3d63a8ad444ea67ab6b77
nax520,원주,원주중앙시장,Wonju Jungang Market,food,37.34998,127.94924,50,09:00–20:00 · 점포별 상이,원주시 중앙시장길 6 구글 지오코딩,0,0,0,0,0,1,,,,,,96db458ed63b3e34a1c3d63a8ad444ea67ab6b77
nax521,평창,오대산 월정사,Woljeongsa Temple,herit,37.73194,128.59289,100,08:00–18:00 · 유료,평창군 진부면 오대산로 374-8 구글 지오코딩,1,0,0,0,0,1,,,,,,96db458ed63b3e34a1c3d63a8ad444ea67ab6b77
nax522,평창,대관령 양떼목장,Daegwallyeong Sheep Farm,heal,37.68849,128.75276,70,09:00–17:30 · 유료,평창군 대관령면 대관령마루길 483-32 구글 지오코딩,0,0,0,0,0,1,,,,,,96db458ed63b3e34a1c3d63a8ad444ea67ab6b77
nax523,평창,알펜시아,Alpensia,activity,37.65692,128.67387,120,시설별 상이 · 유료,평창군 대관령면 솔봉로 325 구글 지오코딩,0,0,0,0,0,1,,,,,,96db458ed63b3e34a1c3d63a8ad444ea67ab6b77
nax524,평창,발왕산 케이블카,Balwangsan Cable Car,heal,37.64402,128.67874,80,09:00–17:00 · 유료 · 기상 휴업,평창군 대관령면 용산리 구글 지오코딩,0,0,0,0,0,1,,,,,,96db458ed63b3e34a1c3d63a8ad444ea67ab6b77
nax525,평창,봉평 이효석문화마을,Bongpyeong Literary Village,herit,37.48971,128.45438,70,09:00–18:00 · 유료,평창군 봉평면 효석문학길 구글 지오코딩,0,0,0,0,0,1,,,,,,96db458ed63b3e34a1c3d63a8ad444ea67ab6b77
nax601,파주,임진각 평화누리,Imjingak Peace Park,herit,37.89225,126.74306,90,상시 개방 · 일부 유료,파주시 문산읍 임진각로 148-40 구글 지오코딩,0,1,0,0,0,1,,,,,,96db458ed63b3e34a1c3d63a8ad444ea67ab6b77
nax602,파주,헤이리 예술마을,Heyri Art Village,activity,37.78884,126.69872,110,상시 · 시설별 상이,파주시 탄현면 헤이리마을길 구글 지오코딩,0,1,0,0,0,1,,,,,,96db458ed63b3e34a1c3d63a8ad444ea67ab6b77
nax603,파주,파주 프로방스마을,Provence Village,food,37.79097,126.6844,60,10:00–21:00 · 무료,파주시 탄현면 새오리로 77 구글 지오코딩,0,0,0,0,0,1,,,,,,96db458ed63b3e34a1c3d63a8ad444ea67ab6b77
nax604,파주,마장호수 흔들다리,Majang Lake Bridge,heal,37.77565,126.92783,60,09:00–18:00 · 무료,파주시 광탄면 기산로 313 구글 지오코딩,0,0,0,0,0,1,,,,,,96db458ed63b3e34a1c3d63a8ad444ea67ab6b77
nax605,파주,파주 프리미엄아울렛,Paju Premium Outlets,food,37.75959,126.77777,120,10:30–21:00,파주시 필승로 200 구글 지오코딩,0,0,0,0,0,1,,,,,,96db458ed63b3e34a1c3d63a8ad444ea67ab6b77
nax606,고양,일산호수공원,Ilsan Lake Park,heal,37.65674,126.76625,80,상시 개방 · 무료,고양시 일산동구 호수로 595 구글 지오코딩,0,0,0,0,0,1,,,,,,96db458ed63b3e34a1c3d63a8ad444ea67ab6b77
nax607,고양,스타필드 고양,Starfield Goyang,food,37.64731,126.89528,120,10:00–22:00,고양시 덕양구 고양대로 1955 구글 지오코딩,0,0,0,0,0,1,,,,,,96db458ed63b3e34a1c3d63a8ad444ea67ab6b77
nax608,고양,고양 행주산성,Haengju Fortress,herit,37.59557,126.82815,70,09:00–18:00 · 유료,고양시 덕양구 행주로15번길 89 구글 지오코딩,0,0,1,0,0,1,,,,,,96db458ed63b3e34a1c3d63a8ad444ea67ab6b77
nax609,고양,킨텍스,KINTEX,activity,37.66899,126.74589,90,행사별 상이,고양시 일산서구 킨텍스로 217-60 구글 지오코딩,0,0,0,0,0,1,,,,,,96db458ed63b3e34a1c3d63a8ad444ea67ab6b77
nax610,포천,포천 아트밸리,Pocheon Art Valley,activity,37.92912,127.23488,90,09:00–19:00 · 유료,포천시 신북면 아트밸리로 234 구글 지오코딩,0,0,0,0,0,1,,,,,,96db458ed63b3e34a1c3d63a8ad444ea67ab6b77
nax611,포천,산정호수,Sanjeong Lake,heal,38.07059,127.32039,70,상시 개방 · 주차 유료,포천시 영북면 산정호수로 구글 지오코딩,0,0,0,0,0,1,,,,,,96db458ed63b3e34a1c3d63a8ad444ea67ab6b77
nax612,포천,허브아일랜드,Herb Island,heal,37.96539,127.13167,100,09:00–22:00 · 유료,포천시 신북면 청신로947번길 35 구글 지오코딩,0,0,0,0,0,1,,,,,,96db458ed63b3e34a1c3d63a8ad444ea67ab6b77
nax613,포천,국립수목원 광릉숲,Gwangneung Forest,heal,37.75976,127.16888,110,09:00–18:00 · 예약제 · 유료,포천시 소흘읍 광릉수목원로 415 구글 지오코딩,1,0,0,0,0,1,,,,,,96db458ed63b3e34a1c3d63a8ad444ea67ab6b77
nax614,이천,예스파크 도자예술마을,Yespark Ceramic Village,activity,37.29345,127.38475,90,10:00–18:00 · 월 휴관 · 무료,이천시 신둔면 도자예술로5번길 109 구글 지오코딩,0,0,0,0,0,1,,,,,,96db458ed63b3e34a1c3d63a8ad444ea67ab6b77
nax615,이천,설봉공원,Seolbong Park,heal,37.27661,127.42663,60,상시 개방 · 무료,이천시 경충대로2709번길 128 구글 지오코딩,0,0,0,0,0,1,,,,,,96db458ed63b3e34a1c3d63a8ad444ea67ab6b77
nax616,이천,이천 테르메덴,Termeden Spa,heal,37.19541,127.4462,150,09:00–19:00 · 유료,이천시 모가면 사실로 984 구글 지오코딩,0,0,0,0,0,1,,,,,,96db458ed63b3e34a1c3d63a8ad444ea67ab6b77
nax617,이천,이천 온천,Icheon Hot Spring,heal,37.28008,127.45268,110,06:00–20:00 · 유료,이천시 안흥동 구글 지오코딩,0,0,0,0,0,1,,,,,,96db458ed63b3e34a1c3d63a8ad444ea67ab6b77
nax618,남양주,다산유적지,Dasan Historic Site,herit,37.51654,127.30091,60,09:00–18:00 · 월 휴관 · 무료,남양주시 조안면 다산로747번길 11 구글 지오코딩,0,0,0,0,0,1,,,,,,96db458ed63b3e34a1c3d63a8ad444ea67ab6b77
nax619,남양주,수종사,Sujongsa Temple,heal,37.57103,127.30275,80,05:00–19:00 · 무료,남양주시 조안면 북한강로433번길 186 구글 지오코딩,0,0,0,0,0,1,,,,,,96db458ed63b3e34a1c3d63a8ad444ea67ab6b77
nax620,남양주,피아노폭포,Piano Waterfall,activity,37.6302,127.34749,40,상시 개방 · 무료,남양주시 화도읍 북한강로 구글 지오코딩,0,0,0,0,0,1,,,,,,96db458ed63b3e34a1c3d63a8ad444ea67ab6b77
nax621,양양,낙산사,Naksansa Temple,herit,38.12462,128.62805,90,05:00–18:00 · 유료,양양군 강현면 낙산사로 100 구글 지오코딩,0,0,0,0,0,1,,,,,,96db458ed63b3e34a1c3d63a8ad444ea67ab6b77
nax622,양양,하조대,Hajodae,sea,38.02109,128.73568,50,상시 개방 · 무료,양양군 현북면 조준길 99 구글 지오코딩,0,0,0,0,0,1,,,,,,96db458ed63b3e34a1c3d63a8ad444ea67ab6b77
nax623,양양,죽도해변,Jukdo Beach,sea,37.97503,128.75973,70,상시 개방 · 서핑 강습 유료,양양군 현남면 인구리 구글 지오코딩,0,0,0,0,0,1,,,,,,96db458ed63b3e34a1c3d63a8ad444ea67ab6b77
nax624,양양,서피비치,Surfyy Beach,activity,38.02892,128.71753,90,09:00–일몰 · 일부 유료,양양군 현북면 하조대해안길 119 구글 지오코딩,0,0,0,0,0,1,,,,,,96db458ed63b3e34a1c3d63a8ad444ea67ab6b77
nax625,삼척,죽서루,Jukseoru,herit,37.4409,129.16047,40,09:00–18:00 · 무료,삼척시 죽서루길 37 구글 지오코딩,0,0,0,0,0,1,,,,,,96db458ed63b3e34a1c3d63a8ad444ea67ab6b77
nax626,삼척,대금굴·환선굴,Daegeumgul & Hwanseongul,heal,37.31919,129.01833,120,08:30–17:00 · 유료 · 대금굴 예약,삼척시 신기면 환선로 800 구글 지오코딩,0,0,0,0,0,1,,,,,,96db458ed63b3e34a1c3d63a8ad444ea67ab6b77
nax627,삼척,장호항,Jangho Port,sea,37.2885,129.31753,80,상시 · 투명카약 유료,삼척시 근덕면 장호리 구글 지오코딩,0,0,0,0,0,1,,,,,,96db458ed63b3e34a1c3d63a8ad444ea67ab6b77
nax628,삼척,삼척해수욕장,Samcheok Beach,sea,37.46833,129.16917,70,상시 개방 · 해수욕 7–8월,삼척시 갈천동 구글 지오코딩,0,0,0,0,0,1,,,,,,96db458ed63b3e34a1c3d63a8ad444ea67ab6b77
nax629,인제,원대리 자작나무숲,Wondae-ri Birch Forest,heal,38.00959,128.19449,120,09:00–17:00 · 무료 · 동절기 통제,인제군 인제읍 자작나무숲길 760 구글 지오코딩,0,1,0,0,0,1,,,,,,96db458ed63b3e34a1c3d63a8ad444ea67ab6b77
nax630,인제,백담사,Baekdamsa Temple,herit,38.16515,128.37409,90,08:00–17:00 · 셔틀 유료,인제군 북면 백담로 746 구글 지오코딩,0,0,0,0,0,1,,,,,,96db458ed63b3e34a1c3d63a8ad444ea67ab6b77
nax631,인제,내린천 래프팅,Naerincheon Rafting,activity,38.0281,128.23416,150,5–10월 · 유료,인제군 기린면 내린천로 구글 지오코딩,0,0,0,0,0,1,,,,,,96db458ed63b3e34a1c3d63a8ad444ea67ab6b77
nax632,인제,인제 스피디움,Inje Speedium,activity,38.00202,128.29181,120,행사별 상이 · 유료,인제군 기린면 상하답로 130 구글 지오코딩,0,0,0,0,0,1,,,,,,96db458ed63b3e34a1c3d63a8ad444ea67ab6b77
nax633,태백,태백산 국립공원,Taebaeksan National Park,heal,37.0989,128.91632,180,상시 개방 · 주차 유료,태백시 소도동 구글 지오코딩,0,0,0,0,0,1,,,,,,96db458ed63b3e34a1c3d63a8ad444ea67ab6b77
nax634,태백,검룡소,Geomnyongso Spring,heal,37.2277,128.92464,70,09:00–17:00 · 무료,태백시 창죽동 산1-1 구글 지오코딩,0,0,0,0,0,1,,,,,,96db458ed63b3e34a1c3d63a8ad444ea67ab6b77
nax635,태백,구문소,Gumunso,heal,37.09298,129.04223,50,상시 개방 · 무료,태백시 동점동 구글 지오코딩,0,0,0,0,0,1,,,,,,96db458ed63b3e34a1c3d63a8ad444ea67ab6b77
nax636,태백,통리탄탄파크,Tongni Coal Park,activity,37.16149,129.04297,70,09:00–18:00 · 유료,태백시 통리로 구글 지오코딩,0,0,0,0,0,1,,,,,,96db458ed63b3e34a1c3d63a8ad444ea67ab6b77
nax637,청주,상당산성,Sangdangsanseong,herit,36.662,127.54103,80,상시 개방 · 무료,청주시 상당구 산성동 구글 지오코딩,0,0,0,0,0,1,,,,,,96db458ed63b3e34a1c3d63a8ad444ea67ab6b77
nax638,청주,청남대,Cheongnamdae,heal,36.46181,127.48919,120,09:00–18:00 · 월 휴관 · 유료,청주시 상당구 문의면 청남대길 646 구글 지오코딩,0,1,0,0,0,1,,,,,,96db458ed63b3e34a1c3d63a8ad444ea67ab6b77
nax639,청주,수암골,Suam-gol,activity,36.64726,127.49429,50,상시 개방 · 무료,청주시 상당구 수동로 15 구글 지오코딩,0,0,0,0,0,1,,,,,,96db458ed63b3e34a1c3d63a8ad444ea67ab6b77
nax640,청주,고인쇄박물관,Early Printing Museum,herit,36.64404,127.47148,70,09:00–18:00 · 월 휴관 · 무료,청주시 흥덕구 직지대로 713 구글 지오코딩,0,0,0,0,0,1,,,,,,96db458ed63b3e34a1c3d63a8ad444ea67ab6b77
nax641,제천,청풍호반케이블카,Cheongpung Lake Cable Car,activity,37.00133,128.16661,70,09:00–18:00 · 유료,제천시 청풍면 문화재길 166 구글 지오코딩,0,1,1,0,0,1,,,,,,96db458ed63b3e34a1c3d63a8ad444ea67ab6b77
nax642,제천,의림지,Uirimji Reservoir,heal,37.17325,128.21049,60,상시 개방 · 무료,제천시 모산동 구글 지오코딩,0,0,0,0,0,1,,,,,,96db458ed63b3e34a1c3d63a8ad444ea67ab6b77
nax643,제천,옥순봉 출렁다리,Oksunbong Suspension Bridge,activity,36.94363,128.23316,60,09:00–18:00 · 유료,제천시 수산면 옥순봉로 구글 지오코딩,0,0,0,0,0,1,,,,,,96db458ed63b3e34a1c3d63a8ad444ea67ab6b77
nax644,제천,배론성지,Baeron Holy Ground,herit,37.16034,128.08391,60,09:00–18:00 · 무료,제천시 봉양읍 배론성지길 296 구글 지오코딩,0,0,0,0,0,1,,,,,,96db458ed63b3e34a1c3d63a8ad444ea67ab6b77
nax645,단양,도담삼봉,Dodamsambong,heal,37.00004,128.34397,50,상시 개방 · 무료,단양군 매포읍 삼봉로 644 구글 지오코딩,0,1,0,0,0,1,,,,,,96db458ed63b3e34a1c3d63a8ad444ea67ab6b77
nax646,단양,만천하스카이워크,Mancheonha Skywalk,activity,36.98046,128.33953,80,09:00–18:00 · 유료,단양군 적성면 옷바위길 10 구글 지오코딩,0,1,0,0,0,1,,,,,,96db458ed63b3e34a1c3d63a8ad444ea67ab6b77
nax647,단양,고수동굴,Gosu Cave,heal,36.98849,128.38159,60,09:00–18:00 · 유료,단양군 단양읍 고수동굴길 8 구글 지오코딩,0,0,0,0,0,1,,,,,,96db458ed63b3e34a1c3d63a8ad444ea67ab6b77
nax648,단양,단양 구경시장,Danyang Gugyeong Market,food,36.98251,128.36992,50,09:00–20:00 · 점포별 상이,단양군 단양읍 도전5길 31 구글 지오코딩,0,0,0,0,0,1,,,,,,96db458ed63b3e34a1c3d63a8ad444ea67ab6b77
nax649,보령,대천해수욕장,Daecheon Beach,sea,36.3056,126.51605,80,상시 개방 · 머드축제 7월,보령시 신흑동 구글 지오코딩,0,1,1,0,0,1,,,,,,96db458ed63b3e34a1c3d63a8ad444ea67ab6b77
nax650,보령,무창포해수욕장,Muchangpo Beach,sea,36.24452,126.53656,70,상시 개방 · 무료,보령시 웅천읍 열린바다1길 구글 지오코딩,0,0,0,0,0,1,,,,,,96db458ed63b3e34a1c3d63a8ad444ea67ab6b77
nax651,보령,개화예술공원,Gaehwa Art Park,activity,36.31227,126.65752,70,09:00–18:00 · 유료,보령시 성주면 개화리 구글 지오코딩,0,0,0,0,0,1,,,,,,96db458ed63b3e34a1c3d63a8ad444ea67ab6b77
nax652,보령,충청수영성,Chungcheong Naval Fortress,herit,36.43942,126.52279,50,상시 개방 · 무료,보령시 오천면 소성리 구글 지오코딩,0,0,0,0,0,1,,,,,,96db458ed63b3e34a1c3d63a8ad444ea67ab6b77
nax653,아산,외암민속마을,Oeam Folk Village,herit,36.73002,127.01647,80,09:00–18:00 · 유료,아산시 송악면 외암민속길 42-15 구글 지오코딩,0,0,1,0,0,1,,,,,,96db458ed63b3e34a1c3d63a8ad444ea67ab6b77
nax654,아산,현충사,Hyeonchungsa Shrine,herit,36.81129,127.03232,80,09:00–18:00 · 화 휴관 · 무료,아산시 염치읍 현충사길 126 구글 지오코딩,0,1,0,0,0,1,,,,,,96db458ed63b3e34a1c3d63a8ad444ea67ab6b77
nax655,아산,온양온천,Onyang Hot Spring,heal,36.78042,127.00371,110,06:00–20:00 · 유료,아산시 온천동 구글 지오코딩,0,0,0,0,0,1,,,,,,96db458ed63b3e34a1c3d63a8ad444ea67ab6b77
nax656,아산,신정호수공원,Sinjeong Lake Park,heal,36.76149,126.96888,60,상시 개방 · 무료,아산시 신정호길 구글 지오코딩,0,0,0,0,0,1,,,,,,96db458ed63b3e34a1c3d63a8ad444ea67ab6b77
nax657,담양,죽녹원,Juknokwon Bamboo Forest,heal,35.32663,126.98539,80,09:00–18:00 · 유료,담양군 담양읍 죽녹원로 119 구글 지오코딩,0,1,0,0,0,1,,,,,,96db458ed63b3e34a1c3d63a8ad444ea67ab6b77
nax658,담양,메타세쿼이아 랜드,Metasequoia Road,heal,35.32369,127.00414,60,09:00–19:00 · 유료,담양군 담양읍 학동리 구글 지오코딩,0,0,0,0,0,1,,,,,,96db458ed63b3e34a1c3d63a8ad444ea67ab6b77
nax659,담양,소쇄원,Soswaewon Garden,herit,35.18421,127.01221,60,09:00–18:00 · 유료,담양군 가사문학면 소쇄원길 17 구글 지오코딩,0,0,0,0,0,1,,,,,,96db458ed63b3e34a1c3d63a8ad444ea67ab6b77
nax660,담양,관방제림,Gwanbangjerim,heal,35.32346,126.99078,50,상시 개방 · 무료,담양군 담양읍 객사리 구글 지오코딩,0,1,0,0,0,1,,,,,,96db458ed63b3e34a1c3d63a8ad444ea67ab6b77
nax661,무주,덕유산 국립공원,Deogyusan National Park,heal,35.86056,127.74639,180,상시 개방 · 곤돌라 유료,무주군 설천면 구천동1로 구글 지오코딩,0,0,0,0,0,1,,,,,,96db458ed63b3e34a1c3d63a8ad444ea67ab6b77
nax662,무주,무주구천동 33경,Gucheondong Valley,heal,35.89976,127.77555,120,상시 개방 · 무료,무주군 설천면 구천동로 구글 지오코딩,0,0,0,0,0,1,,,,,,96db458ed63b3e34a1c3d63a8ad444ea67ab6b77
nax663,무주,태권도원,Taekwondowon,activity,36.00962,127.77653,100,09:00–18:00 · 월 휴관 · 유료,무주군 설천면 무주로 1482 구글 지오코딩,0,1,0,0,0,1,,,,,,96db458ed63b3e34a1c3d63a8ad444ea67ab6b77
nax664,무주,반디랜드,Bandi Land,activity,36.01282,127.75867,70,09:00–18:00 · 유료,무주군 설천면 무주로 1482 구글 지오코딩,0,1,1,0,0,1,,,,,,96db458ed63b3e34a1c3d63a8ad444ea67ab6b77
nax665,부안,채석강,Chaeseokgang Cliffs,sea,35.62482,126.46605,70,물때 확인 · 무료,부안군 변산면 격포리 구글 지오코딩,0,0,0,0,0,1,,,,,,96db458ed63b3e34a1c3d63a8ad444ea67ab6b77
nax666,부안,내소사,Naesosa Temple,herit,35.72642,126.73716,80,08:00–18:00 · 유료,부안군 진서면 내소사로 243 구글 지오코딩,0,0,0,0,0,1,,,,,,96db458ed63b3e34a1c3d63a8ad444ea67ab6b77
nax667,부안,변산해수욕장,Byeonsan Beach,sea,35.68133,126.53159,60,상시 개방 · 해수욕 7–8월,부안군 변산면 변산로 구글 지오코딩,0,0,1,0,0,1,,,,,,96db458ed63b3e34a1c3d63a8ad444ea67ab6b77
nax668,부안,곰소염전,Gomso Salt Farm,activity,35.59541,126.61718,50,상시 · 무료,부안군 진서면 곰소리 구글 지오코딩,0,0,0,0,0,1,,,,,,96db458ed63b3e34a1c3d63a8ad444ea67ab6b77
nax669,완도,청산도,Cheongsando,sea,34.18263,126.88659,240,여객선 시간 확인 · 유료,완도군 청산면 구글 지오코딩,0,0,0,0,0,1,,,,,,96db458ed63b3e34a1c3d63a8ad444ea67ab6b77
nax670,완도,완도타워,Wando Tower,heal,34.31075,126.76661,60,09:00–22:00 · 유료,완도군 완도읍 장보고대로 330 구글 지오코딩,0,0,1,0,0,1,,,,,,96db458ed63b3e34a1c3d63a8ad444ea67ab6b77
nax671,완도,명사십리해수욕장,Myeongsasimni Beach,sea,34.32739,126.80901,70,상시 개방 · 해수욕 7–8월,완도군 신지면 명사십리로 구글 지오코딩,0,0,1,0,0,1,,,,,,96db458ed63b3e34a1c3d63a8ad444ea67ab6b77
nax672,완도,완도수목원,Wando Arboretum,heal,34.36028,126.66418,90,09:00–18:00 · 유료,완도군 군외면 초평리 구글 지오코딩,0,0,0,0,0,1,,,,,,96db458ed63b3e34a1c3d63a8ad444ea67ab6b77
nax673,밀양,영남루,Yeongnamnu,herit,35.49152,128.75507,50,상시 개방 · 무료,밀양시 중앙로 324 구글 지오코딩,0,0,0,0,0,1,,,,,,96db458ed63b3e34a1c3d63a8ad444ea67ab6b77
nax674,밀양,밀양 얼음골,Miryang Ice Valley,heal,35.57288,128.98453,70,상시 개방 · 무료,밀양시 산내면 남명리 구글 지오코딩,0,0,0,0,0,1,,,,,,96db458ed63b3e34a1c3d63a8ad444ea67ab6b77
nax675,밀양,표충사,Pyochungsa Temple,herit,35.53259,128.96058,80,08:00–18:00 · 유료,밀양시 단장면 표충로 1338 구글 지오코딩,0,0,0,0,0,1,,,,,,96db458ed63b3e34a1c3d63a8ad444ea67ab6b77
nax676,밀양,호박소,Hobakso,heal,35.5878,128.99645,50,상시 개방 · 무료,밀양시 산내면 삼양리 구글 지오코딩,0,0,0,0,0,1,,,,,,96db458ed63b3e34a1c3d63a8ad444ea67ab6b77
nax677,청송,주왕산 국립공원,Juwangsan National Park,heal,36.40241,129.18787,150,상시 개방 · 주차 유료,청송군 부동면 공원길 226 구글 지오코딩,0,1,0,0,0,1,,,,,,96db458ed63b3e34a1c3d63a8ad444ea67ab6b77
nax678,청송,주산지,Jusanji Pond,heal,36.36265,129.18949,60,일출–일몰 · 무료,청송군 부동면 이전리 구글 지오코딩,0,0,0,0,0,1,,,,,,96db458ed63b3e34a1c3d63a8ad444ea67ab6b77
nax679,청송,청송 얼음골,Cheongsong Ice Valley,activity,36.31623,129.22373,60,상시 · 빙벽 겨울,청송군 부동면 병부리 구글 지오코딩,0,0,0,0,0,1,,,,,,96db458ed63b3e34a1c3d63a8ad444ea67ab6b77
nax680,청송,송소고택,Songso Historic House,herit,36.43622,129.02661,50,09:00–18:00 · 유료,청송군 파천면 송생지길 15-2 구글 지오코딩,0,0,0,0,0,1,,,,,,96db458ed63b3e34a1c3d63a8ad444ea67ab6b77
nax681,영덕,강구항,Ganggu Port,food,36.366,129.394,70,상시 · 점포별 상이,영덕군 강구면 강구리 구글 지오코딩,0,0,0,0,0,1,,,,,,96db458ed63b3e34a1c3d63a8ad444ea67ab6b77
nax682,영덕,영덕 블루로드,Yeongdeok Blue Road,sea,36.26861,129.37417,120,상시 개방 · 무료,영덕군 영덕읍 대탄리 구글 지오코딩,0,0,0,0,0,1,,,,,,96db458ed63b3e34a1c3d63a8ad444ea67ab6b77
nax683,영덕,삼사해상공원,Samsa Maritime Park,heal,36.34869,129.38558,60,상시 개방 · 무료,영덕군 강구면 삼사181번길 27 구글 지오코딩,0,0,0,0,0,1,,,,,,96db458ed63b3e34a1c3d63a8ad444ea67ab6b77
nax684,영덕,장사해수욕장,Jangsa Beach,sea,36.28204,129.37596,60,상시 개방 · 해수욕 7–8월,영덕군 남정면 장사리 구글 지오코딩,0,0,0,0,0,1,,,,,,96db458ed63b3e34a1c3d63a8ad444ea67ab6b77
nax685,구미,금오산 도립공원,Geumosan Provincial Park,heal,36.08849,128.3053,150,상시 개방 · 케이블카 유료,구미시 남통동 구글 지오코딩,0,0,0,0,0,1,,,,,,96db458ed63b3e34a1c3d63a8ad444ea67ab6b77
nax686,구미,채미정,Chaemijeong,herit,36.11249,128.31315,40,상시 개방 · 무료,구미시 남통동 249 구글 지오코딩,0,0,0,0,0,1,,,,,,96db458ed63b3e34a1c3d63a8ad444ea67ab6b77
nax687,구미,새마을운동테마공원,Saemaul Movement Park,herit,36.09256,128.3496,70,09:00–18:00 · 월 휴관 · 무료,구미시 상모사곡동 구글 지오코딩,0,0,0,0,0,1,,,,,,96db458ed63b3e34a1c3d63a8ad444ea67ab6b77
nax688,구미,낙동강체육공원,Nakdonggang Sports Park,heal,36.13606,128.36871,50,상시 개방 · 무료,구미시 지산동 구글 지오코딩,0,0,0,0,0,1,,,,,,96db458ed63b3e34a1c3d63a8ad444ea67ab6b77
nax689,세종,세종호수공원,Sejong Lake Park,heal,36.49923,127.27037,70,상시 개방 · 무료,세종시 세종동 산1-1 구글 지오코딩,0,0,0,0,0,1,,,,,,96db458ed63b3e34a1c3d63a8ad444ea67ab6b77
nax690,세종,국립세종수목원,Sejong National Arboretum,heal,36.49784,127.28549,100,09:00–18:00 · 월 휴관 · 유료,세종시 연기면 수목원로 136 구글 지오코딩,0,1,0,0,0,1,,,,,,96db458ed63b3e34a1c3d63a8ad444ea67ab6b77
nax691,세종,베어트리파크,Bear Tree Park,activity,36.67218,127.20859,90,09:00–18:00 · 유료,세종시 전동면 신송로 217 구글 지오코딩,0,0,0,0,0,1,,,,,,96db458ed63b3e34a1c3d63a8ad444ea67ab6b77
nax692,세종,고복자연공원,Gobok Nature Park,heal,36.60036,127.22781,60,상시 개방 · 무료,세종시 연서면 용암리 구글 지오코딩,0,0,0,0,0,1,,,,,,96db458ed63b3e34a1c3d63a8ad444ea67ab6b77
nax701,서울,서울숲,Seoul Forest,heal,37.54439,127.03744,80,상시 개방 · 무료,성동구 뚝섬로 273 구글 지오코딩,0,1,0,0,0,1,,,,,,96db458ed63b3e34a1c3d63a8ad444ea67ab6b77
nax702,서울,청와대,Cheong Wa Dae,herit,37.58661,126.97481,90,09:00–18:00 · 화 휴관 · 예약제,종로구 청와대로 1 구글 지오코딩,0,1,0,0,0,1,,,,,,96db458ed63b3e34a1c3d63a8ad444ea67ab6b77
nax703,서울,북서울꿈의숲,Dream Forest,heal,37.62143,127.04062,70,상시 개방 · 전망대 10:00–18:00,강북구 월계로 173 구글 지오코딩,0,0,0,0,0,1,,,,,,96db458ed63b3e34a1c3d63a8ad444ea67ab6b77
nax704,서울,서울대공원,Seoul Grand Park,activity,37.4269,127.0199,180,09:00–18:00 · 유료,과천시 대공원광장로 102 구글 지오코딩,0,1,0,0,0,1,,,,,,96db458ed63b3e34a1c3d63a8ad444ea67ab6b77
nax705,서울,서울랜드,Seoul Land,activity,37.4348,127.0181,180,10:00–18:00 · 유료,과천시 광명로 181 구글 지오코딩,0,1,0,0,0,1,,,,,,96db458ed63b3e34a1c3d63a8ad444ea67ab6b77
nax706,서울,잠실야구장,Jamsil Baseball Stadium,activity,37.51207,127.07183,180,경기일 상이 · 유료,송파구 올림픽로 25 구글 지오코딩,0,0,0,0,0,1,,,,,,96db458ed63b3e34a1c3d63a8ad444ea67ab6b77
nax707,서울,고척스카이돔,Gocheok Sky Dome,activity,37.49806,126.86706,180,경기일 상이 · 유료,구로구 경인로 430 구글 지오코딩,0,0,0,0,0,1,,,,,,96db458ed63b3e34a1c3d63a8ad444ea67ab6b77
nax708,서울,길상사,Gilsangsa Temple,herit,37.59885,126.99435,60,04:00–20:00 · 무료,성북구 선잠로5길 68 구글 지오코딩,0,0,0,0,0,1,,,,,,96db458ed63b3e34a1c3d63a8ad444ea67ab6b77
nax709,서울,아차산,Achasan,heal,37.57151,127.10376,110,상시 개방 · 무료,광진구 광장동 구글 지오코딩,0,0,0,0,0,1,,,,,,96db458ed63b3e34a1c3d63a8ad444ea67ab6b77
nax710,서울,세빛섬,Some Sevit,activity,37.51168,126.99472,60,10:00–22:00 · 시설별 상이,서초구 올림픽대로 683 구글 지오코딩,0,0,0,0,0,1,,,,,,96db458ed63b3e34a1c3d63a8ad444ea67ab6b77
nax711,서울,더현대 서울,The Hyundai Seoul,food,37.52605,126.9283,120,10:30–20:00,영등포구 여의대로 108 구글 지오코딩,0,0,0,0,0,1,,,,,,96db458ed63b3e34a1c3d63a8ad444ea67ab6b77
nax712,서울,국립항공박물관,National Aviation Museum,activity,37.55676,126.80847,80,10:00–18:00 · 월 휴관 · 유료,강서구 하늘길 177 구글 지오코딩,0,0,0,0,0,1,,,,,,96db458ed63b3e34a1c3d63a8ad444ea67ab6b77
nax713,서울,문래동 창작촌,Mullae Art Village,activity,37.51664,126.8915,60,상시 · 상점별 상이,영등포구 문래동3가 구글 지오코딩,0,0,0,0,0,1,,,,,,96db458ed63b3e34a1c3d63a8ad444ea67ab6b77
nax714,서울,응봉산 팔각정,Eungbongsan Pavilion,heal,37.5478,127.02989,50,상시 개방 · 무료,성동구 응봉동 산10-1 구글 지오코딩,0,0,0,0,0,1,,,,,,96db458ed63b3e34a1c3d63a8ad444ea67ab6b77
nax715,인천,석모도 미네랄온천,Seongmodo Mineral Spa,heal,37.6856,126.31196,110,08:00–21:00 · 유료,강화군 삼산면 삼산남로 865-17 구글 지오코딩,0,0,0,0,0,1,,,,,,96db458ed63b3e34a1c3d63a8ad444ea67ab6b77
nax716,인천,교동도 대룡시장,Daeryong Market,herit,37.78212,126.27948,60,09:00–18:00 · 점포별 상이,강화군 교동면 대룡안길 구글 지오코딩,0,0,0,0,0,1,,,,,,96db458ed63b3e34a1c3d63a8ad444ea67ab6b77
nax717,인천,송도 트리플스트리트,Triple Street Songdo,food,37.37865,126.66275,90,10:30–22:00,연수구 송도과학로16번길 33-3 구글 지오코딩,0,0,0,0,0,1,,,,,,96db458ed63b3e34a1c3d63a8ad444ea67ab6b77
nax718,수원,창룡문,Changnyongmun Gate,herit,37.2878,127.02515,40,상시 개방 · 무료,수원시 팔달구 창룡대로 구글 지오코딩,0,0,0,0,0,1,,,,,,96db458ed63b3e34a1c3d63a8ad444ea67ab6b77
nax719,수원,수원 남문시장,Nammun Market,food,37.27717,127.0186,60,09:00–21:00 · 점포별 상이,수원시 팔달구 팔달로2가 구글 지오코딩,0,0,0,0,0,1,,,,,,96db458ed63b3e34a1c3d63a8ad444ea67ab6b77
nax720,수원,수원 KT위즈파크,KT Wiz Park,activity,37.29976,127.00967,180,경기일 상이 · 유료,수원시 장안구 경수대로 893 구글 지오코딩,0,0,0,0,0,1,,,,,,96db458ed63b3e34a1c3d63a8ad444ea67ab6b77
nax721,수원,광교산,Gwanggyosan,heal,37.32804,127.01508,150,상시 개방 · 무료,수원시 장안구 광교산로 구글 지오코딩,0,0,0,0,0,1,,,,,,96db458ed63b3e34a1c3d63a8ad444ea67ab6b77
nax722,고양,서오릉,Seooreung Royal Tombs,herit,37.62348,126.90074,80,09:00–18:00 · 월 휴관 · 유료,고양시 덕양구 서오릉로 334-32 구글 지오코딩,1,0,0,0,0,1,,,,,,96db458ed63b3e34a1c3d63a8ad444ea67ab6b77
nax723,고양,원마운트,One Mount,activity,37.66446,126.75448,150,10:00–19:00 · 유료,고양시 일산서구 한류월드로 300 구글 지오코딩,0,0,0,0,0,1,,,,,,96db458ed63b3e34a1c3d63a8ad444ea67ab6b77
nax724,용인,캐리비안베이,Caribbean Bay,activity,37.29773,127.20037,240,10:00–18:00 · 유료,용인시 처인구 포곡읍 에버랜드로 199 구글 지오코딩,0,1,0,0,0,1,,,,,,96db458ed63b3e34a1c3d63a8ad444ea67ab6b77
nax725,용인,와우정사,Wawoo Temple,herit,37.19358,127.27847,60,05:00–20:00 · 무료,용인시 처인구 해곡로 25-15 구글 지오코딩,0,0,0,0,0,1,,,,,,96db458ed63b3e34a1c3d63a8ad444ea67ab6b77
nax726,파주,감악산 출렁다리,Gamaksan Suspension Bridge,activity,37.93779,126.94708,80,상시 개방 · 무료,파주시 적성면 설마리 구글 지오코딩,0,0,0,0,0,1,,,,,,96db458ed63b3e34a1c3d63a8ad444ea67ab6b77
nax727,파주,오두산 통일전망대,Odusan Unification Observatory,herit,37.77312,126.67722,70,09:00–17:00 · 유료,파주시 탄현면 필승로 369 구글 지오코딩,0,0,0,0,0,1,,,,,,96db458ed63b3e34a1c3d63a8ad444ea67ab6b77
nax728,파주,벽초지수목원,Byeokchoji Garden,heal,37.80104,126.87367,90,09:00–18:00 · 유료,파주시 광탄면 부흥로 242 구글 지오코딩,0,0,0,0,0,1,,,,,,96db458ed63b3e34a1c3d63a8ad444ea67ab6b77
nax729,가평,에델바이스 스위스테마파크,Edelweiss Swiss Theme Park,activity,37.66778,127.44741,70,09:00–18:00 · 유료,가평군 설악면 다락재로 226-33 구글 지오코딩,0,0,0,0,0,1,,,,,,96db458ed63b3e34a1c3d63a8ad444ea67ab6b77
nax730,가평,청평호반,Cheongpyeong Lake,heal,37.7085,127.45536,60,상시 · 수상레저 유료,가평군 청평면 호반로 구글 지오코딩,0,0,0,0,0,1,,,,,,96db458ed63b3e34a1c3d63a8ad444ea67ab6b77
nax731,포천,비둘기낭폭포,Bidulginang Falls,heal,38.07991,127.2171,50,09:00–18:00 · 무료,포천시 영북면 대회산리 구글 지오코딩,0,0,0,0,0,1,,,,,,96db458ed63b3e34a1c3d63a8ad444ea67ab6b77
nax732,포천,한탄강 하늘다리,Hantan River Sky Bridge,activity,38.08439,127.21791,50,09:00–18:00 · 무료,포천시 영북면 비둘기낭길 구글 지오코딩,0,0,0,0,0,1,,,,,,96db458ed63b3e34a1c3d63a8ad444ea67ab6b77
nax733,포천,평강랜드,Pyeonggang Botanical Garden,heal,38.05072,127.30297,90,09:00–18:00 · 유료,포천시 영북면 우물목길 210-89 구글 지오코딩,0,0,0,0,0,1,,,,,,96db458ed63b3e34a1c3d63a8ad444ea67ab6b77
nax734,춘천,강촌레일파크,Gangchon Rail Park,activity,37.81694,127.71336,90,09:00–17:30 · 유료,춘천시 신동면 김유정로 1383 구글 지오코딩,0,0,0,0,0,1,,,,,,96db458ed63b3e34a1c3d63a8ad444ea67ab6b77
nax735,춘천,제이드가든,Jade Garden,heal,37.833,127.54159,90,09:00–18:00 · 유료,춘천시 남산면 햇골길 80 구글 지오코딩,0,0,0,0,0,1,,,,,,96db458ed63b3e34a1c3d63a8ad444ea67ab6b77
nax736,춘천,구곡폭포,Gugok Falls,heal,37.79222,127.60917,60,09:00–18:00 · 유료,춘천시 남산면 구곡길 254 구글 지오코딩,0,0,0,0,0,1,,,,,,96db458ed63b3e34a1c3d63a8ad444ea67ab6b77
nax737,춘천,애니메이션박물관,Animation Museum,activity,37.89304,127.69193,70,10:00–18:00 · 월 휴관 · 유료,춘천시 서면 박사로 854 구글 지오코딩,0,0,0,0,0,1,,,,,,96db458ed63b3e34a1c3d63a8ad444ea67ab6b77
nax738,강릉,하슬라아트월드,Haslla Art World,activity,37.70651,129.00991,110,09:00–18:00 · 유료,강릉시 강동면 율곡로 1441 구글 지오코딩,0,0,0,0,0,1,,,,,,96db458ed63b3e34a1c3d63a8ad444ea67ab6b77
nax739,강릉,정동심곡 바다부채길,Badabuchae-gil Trail,sea,37.66717,129.05514,90,09:00–16:30 · 유료,강릉시 강동면 헌화로 950-39 구글 지오코딩,0,1,0,0,0,1,,,,,,96db458ed63b3e34a1c3d63a8ad444ea67ab6b77
nax740,강릉,안반데기,Anbandegi,heal,37.62281,128.73608,80,상시 개방 · 무료,강릉시 왕산면 안반데기길 구글 지오코딩,0,0,0,0,0,1,,,,,,96db458ed63b3e34a1c3d63a8ad444ea67ab6b77
nax741,강릉,솔향수목원,Solhyang Arboretum,heal,37.6973,128.86155,70,09:00–18:00 · 무료,강릉시 구정면 수목원길 156 구글 지오코딩,0,0,1,0,0,1,,,,,,96db458ed63b3e34a1c3d63a8ad444ea67ab6b77
nax742,강릉,강릉커피박물관,Gangneung Coffee Museum,food,37.65225,128.78496,60,09:00–18:00 · 유료,강릉시 왕산면 왕산로 2171-19 구글 지오코딩,0,0,0,0,0,1,,,,,,96db458ed63b3e34a1c3d63a8ad444ea67ab6b77
nax743,속초,흔들바위·울산바위,Heundeulbawi & Ulsanbawi,heal,38.18999,128.47498,150,05:00–일몰 · 국립공원 입장,속초시 설악산로 구글 지오코딩,0,0,0,0,0,1,,,,,,96db458ed63b3e34a1c3d63a8ad444ea67ab6b77
nax744,속초,영랑호 범바위,Yeongnangho Beombawi,heal,38.21447,128.57579,50,상시 개방 · 무료,속초시 영랑동 구글 지오코딩,0,0,0,0,0,1,,,,,,96db458ed63b3e34a1c3d63a8ad444ea67ab6b77
nax745,속초,척산온천,Cheoksan Hot Spring,heal,38.18707,128.54372,110,06:00–20:00 · 유료,속초시 관광로 419 구글 지오코딩,0,0,0,0,0,1,,,,,,96db458ed63b3e34a1c3d63a8ad444ea67ab6b77
nax746,평창,대관령 삼양목장,Samyang Ranch,heal,37.7212,128.71971,110,09:00–17:00 · 유료,평창군 대관령면 꽃밭양지길 708-9 구글 지오코딩,0,0,0,0,0,1,,,,,,96db458ed63b3e34a1c3d63a8ad444ea67ab6b77
nax747,평창,육백마지기,Yukbaengmajigi,heal,37.40301,128.5132,80,상시 개방 · 무료,평창군 미탄면 청옥산길 구글 지오코딩,0,0,0,0,0,1,,,,,,96db458ed63b3e34a1c3d63a8ad444ea67ab6b77
nax748,평창,허브나라농원,Herbnara Farm,heal,37.63595,128.34259,80,09:00–18:00 · 유료,평창군 봉평면 흥정계곡길 225 구글 지오코딩,0,0,0,0,0,1,,,,,,96db458ed63b3e34a1c3d63a8ad444ea67ab6b77
nax761,부산,황령산 봉수대,Hwangnyeongsan Beacon,heal,35.1571,129.08208,60,상시 개방 · 무료,부산진구 전포동 산50-1 구글 지오코딩,0,0,0,0,0,1,,,,,,96db458ed63b3e34a1c3d63a8ad444ea67ab6b77
nax762,부산,송상현광장,Songsanghyeon Square,heal,35.16415,129.06481,40,상시 개방 · 무료,부산진구 중앙대로 782 구글 지오코딩,0,0,0,0,0,1,,,,,,96db458ed63b3e34a1c3d63a8ad444ea67ab6b77
nax763,부산,다대포해수욕장,Dadaepo Beach,sea,35.0469,128.96624,80,상시 개방 · 분수 여름,사하구 몰운대1길 14 구글 지오코딩,0,0,0,0,0,1,,,,,,96db458ed63b3e34a1c3d63a8ad444ea67ab6b77
nax764,부산,임랑해수욕장,Imnang Beach,sea,35.31634,129.26235,60,상시 개방 · 해수욕 7–8월,기장군 장안읍 임랑리 구글 지오코딩,0,0,0,0,0,1,,,,,,96db458ed63b3e34a1c3d63a8ad444ea67ab6b77
nax765,부산,아난티 코브,Ananti Cove,heal,35.20058,129.22929,90,시설별 상이 · 유료,기장군 기장읍 기장해안로 268-32 구글 지오코딩,0,0,0,0,0,1,,,,,,96db458ed63b3e34a1c3d63a8ad444ea67ab6b77
nax766,대구,대구 근대골목,Modern History Alley,herit,35.86543,128.591,80,상시 개방 · 무료,중구 서성로 20 구글 지오코딩,0,0,1,0,0,1,,,,,,96db458ed63b3e34a1c3d63a8ad444ea67ab6b77
nax767,대구,서문시장 야시장,Seomun Night Market,food,35.86855,128.58026,70,19:00–23:30 · 계절별 상이,중구 큰장로26길 45 구글 지오코딩,0,0,0,0,0,1,,,,,,96db458ed63b3e34a1c3d63a8ad444ea67ab6b77
nax768,대구,팔공산 갓바위,Gatbawi Buddha,herit,35.98164,128.7365,120,상시 개방 · 무료,경산시 와촌면 갓바위로 구글 지오코딩,0,0,0,0,0,1,,,,,,96db458ed63b3e34a1c3d63a8ad444ea67ab6b77
nax769,대구,아양기찻길,Ayang Rail Bridge,activity,35.89031,128.63835,40,상시 개방 · 무료,동구 효동로2길 73 구글 지오코딩,0,0,0,0,0,1,,,,,,96db458ed63b3e34a1c3d63a8ad444ea67ab6b77
nax770,대구,스파밸리,Spa Valley,heal,35.78806,128.63545,150,09:00–19:00 · 유료,달성군 가창면 온천1길 71 구글 지오코딩,0,0,0,0,0,1,,,,,,96db458ed63b3e34a1c3d63a8ad444ea67ab6b77
nax771,경주,골굴사,Golgulsa Temple,herit,35.80304,129.40554,70,08:00–18:00 · 유료,경주시 문무대왕면 기림로 101-5 구글 지오코딩,0,0,0,0,0,1,,,,,,96db458ed63b3e34a1c3d63a8ad444ea67ab6b77
nax772,경주,기림사,Girimsa Temple,herit,35.83795,129.40345,70,08:00–18:00 · 유료,경주시 문무대왕면 기림로 437-17 구글 지오코딩,0,0,0,0,0,1,,,,,,96db458ed63b3e34a1c3d63a8ad444ea67ab6b77
nax773,경주,양남 주상절리 파도소리길,Yangnam Columnar Joint Trail,sea,35.68987,129.47494,60,상시 개방 · 무료,경주시 양남면 read동해안로 구글 지오코딩,0,0,0,0,0,1,,,,,,96db458ed63b3e34a1c3d63a8ad444ea67ab6b77
nax774,울산,십리대숲,Simni Bamboo Grove,heal,35.54612,129.29564,70,상시 개방 · 무료,중구 태화강 국가정원 구글 지오코딩,0,0,1,0,0,1,,,,,,96db458ed63b3e34a1c3d63a8ad444ea67ab6b77
nax775,울산,슬도,Seuldo Island,sea,35.46667,129.43333,50,상시 개방 · 무료,동구 방어동 구글 지오코딩,0,0,0,0,0,1,,,,,,96db458ed63b3e34a1c3d63a8ad444ea67ab6b77
nax776,울산,강동 몽돌해변,Gangdong Pebble Beach,sea,35.6301,129.44117,50,상시 개방 · 무료,북구 산하동 구글 지오코딩,0,0,0,0,0,1,,,,,,96db458ed63b3e34a1c3d63a8ad444ea67ab6b77
nax777,창원,저도 콰이강의다리,Jeodo Skywalk Bridge,activity,35.06669,128.56245,50,09:00–18:00 · 무료,창원시 마산합포구 구산면 해양관광로 1872 구글 지오코딩,0,0,0,0,0,1,,,,,,96db458ed63b3e34a1c3d63a8ad444ea67ab6b77
nax778,창원,진해해양공원,Jinhae Maritime Park,sea,35.09244,128.71973,80,09:00–18:00 · 유료,창원시 진해구 명동로 62 구글 지오코딩,0,0,0,0,0,1,,,,,,96db458ed63b3e34a1c3d63a8ad444ea67ab6b77
nax779,창원,마산해양드라마세트장,Masan Drama Set,activity,35.10991,128.54133,50,09:00–18:00 · 무료,창원시 마산합포구 가포로 250 구글 지오코딩,0,0,0,0,0,1,,,,,,96db458ed63b3e34a1c3d63a8ad444ea67ab6b77
nax780,통영,소매물도,Somaemuldo,sea,34.62708,128.55057,240,여객선 시간 확인 · 유료,통영시 한산면 매죽리 구글 지오코딩,0,0,0,0,0,1,,,,,,96db458ed63b3e34a1c3d63a8ad444ea67ab6b77
nax781,통영,연화도,Yeonhwado,sea,34.64522,128.35972,180,여객선 시간 확인 · 유료,통영시 욕지면 연화리 구글 지오코딩,0,0,0,0,0,1,,,,,,96db458ed63b3e34a1c3d63a8ad444ea67ab6b77
nax782,통영,사량도,Saryangdo,heal,34.84941,128.19729,240,여객선 시간 확인 · 유료,통영시 사량면 구글 지오코딩,0,0,0,0,0,1,,,,,,96db458ed63b3e34a1c3d63a8ad444ea67ab6b77
nax783,거제,공곶이,Gonggoji,heal,34.79976,128.71521,80,상시 개방 · 무료,거제시 일운면 와현리 구글 지오코딩,0,0,0,0,0,1,,,,,,96db458ed63b3e34a1c3d63a8ad444ea67ab6b77
nax784,거제,근포동굴,Geunpo Cave,activity,34.72292,128.59076,40,상시 개방 · 무료,거제시 남부면 근포마을 구글 지오코딩,0,0,0,0,0,1,,,,,,96db458ed63b3e34a1c3d63a8ad444ea67ab6b77
nax785,거제,여차몽돌해변,Yeocha Pebble Beach,sea,34.77175,128.63949,50,상시 개방 · 무료,거제시 남부면 여차길 구글 지오코딩,0,0,0,0,0,1,,,,,,96db458ed63b3e34a1c3d63a8ad444ea67ab6b77
nax786,전주,완산칠봉 꽃동산,Wansan Chilbong Flower Hill,heal,35.80896,127.14688,60,상시 개방 · 겹벚꽃 4월,완산구 곤지산길 구글 지오코딩,0,0,0,0,0,1,,,,,,96db458ed63b3e34a1c3d63a8ad444ea67ab6b77
nax787,전주,아중호수,Ajung Lake,heal,35.82196,127.17738,50,상시 개방 · 무료,덕진구 우아동 구글 지오코딩,0,0,0,0,0,1,,,,,,96db458ed63b3e34a1c3d63a8ad444ea67ab6b77
nax788,전주,치명자산성지,Chimyeongjasan Holy Ground,herit,35.8085,127.16786,60,상시 개방 · 무료,완산구 바람쐬는길 89 구글 지오코딩,0,0,0,0,0,1,,,,,,96db458ed63b3e34a1c3d63a8ad444ea67ab6b77
nax789,광주,국립 5·18 민주묘지,May 18 National Cemetery,herit,35.23534,126.94012,70,09:00–18:00 · 무료,북구 민주로 200 구글 지오코딩,0,0,0,0,0,1,,,,,,96db458ed63b3e34a1c3d63a8ad444ea67ab6b77
nax790,광주,사직공원 전망타워,Sajik Park Tower,heal,35.14185,126.91168,50,10:00–22:00 · 무료,남구 사직길 49 구글 지오코딩,0,0,0,0,0,1,,,,,,96db458ed63b3e34a1c3d63a8ad444ea67ab6b77
nax791,광주,펭귄마을,Penguin Village,activity,35.14054,126.91756,50,상시 · 상점별 상이,남구 천변좌로446번길 7 구글 지오코딩,0,0,0,0,0,1,,,,,,96db458ed63b3e34a1c3d63a8ad444ea67ab6b77
nax792,여수,하화도 꽃섬,Hwahado Flower Island,sea,34.59342,127.61784,180,여객선 시간 확인 · 유료,여수시 화정면 하화리 구글 지오코딩,0,0,0,0,0,1,,,,,,96db458ed63b3e34a1c3d63a8ad444ea67ab6b77
nax793,여수,고소동 천사벽화골목,Goso-dong Mural Alley,activity,34.73981,127.74067,50,상시 개방 · 무료,여수시 고소3길 구글 지오코딩,0,0,0,0,0,1,,,,,,96db458ed63b3e34a1c3d63a8ad444ea67ab6b77
nax794,여수,만성리 검은모래해변,Manseong-ri Black Sand Beach,sea,34.77738,127.74489,50,상시 개방 · 해수욕 7–8월,여수시 만흥동 구글 지오코딩,0,0,0,0,0,1,,,,,,96db458ed63b3e34a1c3d63a8ad444ea67ab6b77
nax795,목포,삼학도,Samhakdo,heal,34.78297,126.39143,60,상시 개방 · 무료,목포시 삼학로 구글 지오코딩,0,0,0,0,0,1,,,,,,96db458ed63b3e34a1c3d63a8ad444ea67ab6b77
nax796,목포,고하도 용머리,Gohado Yongmeori,sea,34.78514,126.35548,70,상시 개방 · 무료,목포시 달동 구글 지오코딩,0,0,0,0,0,1,,,,,,96db458ed63b3e34a1c3d63a8ad444ea67ab6b77
nax797,목포,서산동 시화골목,Seosan-dong Poetry Alley,activity,34.78184,126.37714,50,상시 개방 · 무료,목포시 해안로127번길 구글 지오코딩,0,0,0,0,0,1,,,,,,96db458ed63b3e34a1c3d63a8ad444ea67ab6b77
nax798,순천,송광사,Songgwangsa Temple,herit,35.0003,127.2731,90,08:00–18:00 · 유료,순천시 송광면 송광사안길 100 구글 지오코딩,0,0,0,0,0,1,,,,,,96db458ed63b3e34a1c3d63a8ad444ea67ab6b77
nax799,순천,조계산,Jogyesan,heal,35.0025,127.31361,150,상시 개방 · 무료,순천시 승주읍 구글 지오코딩,0,0,0,0,0,1,,,,,,96db458ed63b3e34a1c3d63a8ad444ea67ab6b77
nax800,순천,뿌리깊은나무박물관,Deep-rooted Tree Museum,herit,34.90365,127.33986,50,09:00–18:00 · 유료,순천시 낙안면 평촌3길 45 구글 지오코딩,0,0,0,0,0,1,,,,,,96db458ed63b3e34a1c3d63a8ad444ea67ab6b77
nax801,제주,비자림로 삼나무길,Bijarim-ro Cedar Road,heal,33.47005,126.78635,40,상시 개방 · 무료,제주시 구좌읍 비자림로 구글 지오코딩,0,0,0,0,0,1,,,,,,96db458ed63b3e34a1c3d63a8ad444ea67ab6b77
nax802,제주,김녕 미로공원,Gimnyeong Maze Park,activity,33.53688,126.77254,60,09:00–18:00 · 유료,제주시 구좌읍 만장굴길 122 구글 지오코딩,0,0,0,0,0,1,,,,,,96db458ed63b3e34a1c3d63a8ad444ea67ab6b77
nax803,제주,아쿠아플라넷 제주,Aquaplanet Jeju,activity,33.43278,126.92782,120,10:00–19:00 · 유료,서귀포시 성산읍 섭지코지로 95 구글 지오코딩,0,0,0,0,0,1,,,,,,96db458ed63b3e34a1c3d63a8ad444ea67ab6b77
nax804,제주,스누피가든,Snoopy Garden,activity,33.4442,126.77831,90,09:00–19:00 · 유료,제주시 구좌읍 금백조로 930 구글 지오코딩,0,0,0,0,0,1,,,,,,96db458ed63b3e34a1c3d63a8ad444ea67ab6b77
nax805,제주,함덕 서우봉,Seoubong Hill,heal,33.54332,126.66985,60,상시 개방 · 무료,제주시 조천읍 함덕리 구글 지오코딩,0,0,0,0,0,1,,,,,,96db458ed63b3e34a1c3d63a8ad444ea67ab6b77
nax821,안동,봉정사,Bongjeongsa Temple,herit,36.65327,128.6629,80,08:00–18:00 · 유료,안동시 서후면 봉정사길 222 구글 지오코딩,1,0,0,0,0,1,,,,,,96db458ed63b3e34a1c3d63a8ad444ea67ab6b77
nax822,안동,만휴정,Manhyujeong,herit,36.41043,128.9098,40,상시 개방 · 무료,안동시 길안면 묵계하리길 42 구글 지오코딩,0,0,0,0,0,1,,,,,,96db458ed63b3e34a1c3d63a8ad444ea67ab6b77
nax823,안동,예끼마을,Yekki Village,activity,36.69809,128.81263,60,상시 · 상점별 상이,안동시 도산면 서부리 구글 지오코딩,0,0,0,0,0,1,,,,,,96db458ed63b3e34a1c3d63a8ad444ea67ab6b77
nax824,경주,남산 삼릉,Namsan Samneung,herit,35.76806,129.22556,90,상시 개방 · 무료,경주시 배동 산73 구글 지오코딩,0,0,0,0,0,1,,,,,,96db458ed63b3e34a1c3d63a8ad444ea67ab6b77
nax825,경주,무장사지,Mujangsa Temple Site,herit,35.88278,129.36062,60,상시 개방 · 무료,경주시 암곡동 구글 지오코딩,0,0,0,0,0,1,,,,,,96db458ed63b3e34a1c3d63a8ad444ea67ab6b77
nax826,경주,황남빵 본점,Hwangnam Bread,food,35.84085,129.21368,30,08:00–22:00,경주시 태종로 783 구글 지오코딩,0,0,0,0,0,1,,,,,,96db458ed63b3e34a1c3d63a8ad444ea67ab6b77
nax827,포항,이가리 닻전망대,Igari Anchor Observatory,sea,36.18835,129.3799,50,09:00–18:00 · 무료,포항시 북구 청하면 이가리 구글 지오코딩,0,0,0,0,0,1,,,,,,96db458ed63b3e34a1c3d63a8ad444ea67ab6b77
nax828,포항,호미반도 해안둘레길,Homi Peninsula Trail,sea,36.01453,129.47807,120,상시 개방 · 무료,포항시 남구 동해면 구글 지오코딩,0,0,0,0,0,1,,,,,,96db458ed63b3e34a1c3d63a8ad444ea67ab6b77
nax829,포항,오어사,Oeosa Temple,heal,35.92632,129.36885,60,08:00–18:00 · 무료,포항시 남구 오천읍 오어로 1 구글 지오코딩,0,0,0,0,0,1,,,,,,96db458ed63b3e34a1c3d63a8ad444ea67ab6b77
nax830,대전,장태산자연휴양림,Jangtaesan Forest,heal,36.21872,127.34016,90,09:00–18:00 · 유료,서구 장안로 461 구글 지오코딩,0,1,0,0,0,1,,,,,,96db458ed63b3e34a1c3d63a8ad444ea67ab6b77
nax831,대전,수통골,Sutonggol Valley,heal,36.34435,127.28793,80,상시 개방 · 무료,유성구 덕명동 구글 지오코딩,0,0,0,0,0,1,,,,,,96db458ed63b3e34a1c3d63a8ad444ea67ab6b77
nax832,대전,신세계 아트앤사이언스,Shinsegae Art & Science,food,36.37513,127.3824,120,10:30–20:00,유성구 엑스포로 1 구글 지오코딩,0,0,0,0,0,1,,,,,,96db458ed63b3e34a1c3d63a8ad444ea67ab6b77
nax833,청주,문의문화재단지,Munui Heritage Village,herit,36.50836,127.49381,70,09:00–18:00 · 유료,상당구 문의면 대청호반로 721 구글 지오코딩,0,0,0,0,0,1,,,,,,96db458ed63b3e34a1c3d63a8ad444ea67ab6b77
nax834,청주,미동산수목원,Midongsan Arboretum,heal,36.62627,127.66576,80,09:00–18:00 · 무료,상당구 미원면 수목원길 51 구글 지오코딩,0,0,0,0,0,1,,,,,,96db458ed63b3e34a1c3d63a8ad444ea67ab6b77
nax835,천안,광덕사,Gwangdeoksa Temple,herit,36.67666,127.09273,60,08:00–18:00 · 유료,동남구 광덕면 광덕사길 30 구글 지오코딩,0,0,0,0,0,1,,,,,,96db458ed63b3e34a1c3d63a8ad444ea67ab6b77
nax836,공주,계룡산 갑사,Gapsa Temple,herit,36.37845,127.18439,80,08:00–18:00 · 유료,공주시 계룡면 갑사로 567-3 구글 지오코딩,0,0,0,0,0,1,,,,,,96db458ed63b3e34a1c3d63a8ad444ea67ab6b77
nax837,공주,고마나루,Gomanaru,herit,36.47086,127.10653,50,상시 개방 · 무료,공주시 웅진동 구글 지오코딩,0,0,0,0,0,1,,,,,,96db458ed63b3e34a1c3d63a8ad444ea67ab6b77
nax838,전주,덕진채련,Deokjin Lotus Pond,heal,35.84756,127.11767,50,상시 개방 · 무료,덕진구 권삼득로 390 구글 지오코딩,0,0,0,0,0,1,,,,,,96db458ed63b3e34a1c3d63a8ad444ea67ab6b77
nax839,전주,동고산성,Donggosanseong,herit,35.81089,127.1723,60,상시 개방 · 무료,완산구 교동 산1-1 구글 지오코딩,0,0,0,0,0,1,,,,,,96db458ed63b3e34a1c3d63a8ad444ea67ab6b77
nax840,남원,지리산 정령치,Jeongnyeongchi Pass,heal,35.36383,127.52205,70,상시 개방 · 주차 유료,남원시 산내면 지리산로 구글 지오코딩,0,0,0,0,0,1,,,,,,96db458ed63b3e34a1c3d63a8ad444ea67ab6b77
nax841,남원,혼불문학관,Honbul Literary Hall,herit,35.48087,127.32003,50,09:00–18:00 · 월 휴관 · 무료,남원시 사매면 노봉안길 52 구글 지오코딩,0,0,0,0,0,1,,,,,,96db458ed63b3e34a1c3d63a8ad444ea67ab6b77
nax842,순천,선암사 승선교,Seungseongyo Bridge,herit,34.99385,127.33345,30,상시 개방 · 절 입장료,순천시 승주읍 선암사길 구글 지오코딩,0,0,0,0,0,1,,,,,,96db458ed63b3e34a1c3d63a8ad444ea67ab6b77
nax843,목포,평화광장 춤추는바다분수,Dancing Sea Fountain,activity,34.79465,126.43394,50,야간 공연 · 무료,목포시 평화로 82 구글 지오코딩,0,0,0,0,0,1,,,,,,96db458ed63b3e34a1c3d63a8ad444ea67ab6b77
nax844,군산,새만금방조제,Saemangeum Seawall,sea,35.82022,126.48276,70,상시 개방 · 무료,군산시 비응도동 구글 지오코딩,0,0,0,0,0,1,,,,,,96db458ed63b3e34a1c3d63a8ad444ea67ab6b77
nax845,군산,은파호수공원,Eunpa Lake Park,heal,35.95535,126.68924,60,상시 개방 · 무료,군산시 은파순환길 구글 지오코딩,0,0,0,0,0,1,,,,,,96db458ed63b3e34a1c3d63a8ad444ea67ab6b77
nax846,군산,진포해양테마공원,Jinpo Maritime Park,herit,35.98969,126.71611,60,09:00–18:00 · 유료,군산시 내항1길 32 구글 지오코딩,0,0,0,0,0,1,,,,,,96db458ed63b3e34a1c3d63a8ad444ea67ab6b77
nax847,익산,익산 교도소세트장,Iksan Prison Film Set,activity,36.06951,126.93115,50,09:00–18:00 · 월 휴관 · 유료,익산시 성당면 함낭로 207 구글 지오코딩,0,0,1,0,0,1,,,,,,96db458ed63b3e34a1c3d63a8ad444ea67ab6b77
nax848,익산,금마저수지,Geumma Reservoir,heal,36.00203,127.05409,50,상시 개방 · 무료,익산시 금마면 구글 지오코딩,0,0,0,0,0,1,,,,,,96db458ed63b3e34a1c3d63a8ad444ea67ab6b77
nax849,부산,을숙도 생태공원,Eulsukdo Eco Park,heal,35.09661,128.93723,80,상시 개방 · 무료,사하구 낙동남로 1240 구글 지오코딩,0,0,0,0,0,1,,,,,,96db458ed63b3e34a1c3d63a8ad444ea67ab6b77
nax850,부산,오랑대공원,Orangdae Park,sea,35.2057,129.22769,50,상시 개방 · 무료,기장군 기장읍 연화리 구글 지오코딩,0,0,0,0,0,1,,,,,,96db458ed63b3e34a1c3d63a8ad444ea67ab6b77
nax851,부산,청사포 다릿돌전망대,Cheongsapo Daritdol Observatory,sea,35.16404,129.19672,40,09:00–18:00 · 무료,해운대구 청사포로 167 구글 지오코딩,0,0,0,0,0,1,,,,,,96db458ed63b3e34a1c3d63a8ad444ea67ab6b77
nax852,김해,봉하마을,Bongha Village,herit,35.31417,128.76956,70,상시 개방 · 무료,김해시 진영읍 본산리 구글 지오코딩,0,0,1,0,0,1,,,,,,96db458ed63b3e34a1c3d63a8ad444ea67ab6b77
nax853,김해,분청도자박물관,Buncheong Ceramics Museum,herit,35.25165,128.74583,50,09:00–18:00 · 월 휴관 · 유료,김해시 진례면 진례로 275-9 구글 지오코딩,0,0,0,0,0,1,,,,,,96db458ed63b3e34a1c3d63a8ad444ea67ab6b77
nax854,양산,통도환타지아,Tongdo Fantasia,activity,35.49879,129.08622,150,10:00–18:00 · 유료,양산시 하북면 지산리 구글 지오코딩,0,0,0,0,0,1,,,,,,96db458ed63b3e34a1c3d63a8ad444ea67ab6b77
nax855,양산,에덴밸리,Eden Valley,activity,35.42908,128.98447,150,계절별 상이 · 유료,양산시 원동면 어실로 1206 구글 지오코딩,0,0,0,0,0,1,,,,,,96db458ed63b3e34a1c3d63a8ad444ea67ab6b77
nax856,밀양,위양지,Wiyangji Pond,heal,35.54648,128.716,50,상시 개방 · 무료,밀양시 부북면 위양리 구글 지오코딩,0,0,0,0,0,1,,,,,,96db458ed63b3e34a1c3d63a8ad444ea67ab6b77
nax857,밀양,트윈터널,Twin Tunnel,activity,35.40825,128.80436,50,10:00–19:00 · 유료,밀양시 삼랑진읍 삼랑진로 구글 지오코딩,0,0,0,0,0,1,,,,,,96db458ed63b3e34a1c3d63a8ad444ea67ab6b77
nax858,진주,진양호 동물원,Jinyangho Zoo,activity,35.17187,128.03135,60,09:00–18:00 · 유료,진주시 판문동 구글 지오코딩,0,0,0,0,0,1,,,,,,96db458ed63b3e34a1c3d63a8ad444ea67ab6b77
nax859,거창,수승대,Suseungdae,heal,35.76082,127.83301,70,상시 개방 · 유료,거창군 위천면 은하리길 2 구글 지오코딩,0,0,0,0,0,1,,,,,,96db458ed63b3e34a1c3d63a8ad444ea67ab6b77
nax860,거창,금원산자연휴양림,Geumwonsan Forest,heal,35.7289,127.78954,80,09:00–18:00 · 유료,거창군 위천면 금원산길 412 구글 지오코딩,0,0,0,0,0,1,,,,,,96db458ed63b3e34a1c3d63a8ad444ea67ab6b77
nax861,상주,경천대,Gyeongcheondae,heal,36.45834,128.24634,70,상시 개방 · 무료,상주시 사벌국면 경천로 684 구글 지오코딩,0,0,0,0,0,1,,,,,,96db458ed63b3e34a1c3d63a8ad444ea67ab6b77
nax862,상주,상주 자전거박물관,Sangju Bicycle Museum,activity,36.45438,128.25446,50,09:00–18:00 · 월 휴관 · 무료,상주시 사벌국면 경천로 684 구글 지오코딩,0,0,0,0,0,1,,,,,,96db458ed63b3e34a1c3d63a8ad444ea67ab6b77
nax881,제주,서귀포 치유의숲,Healing Forest,heal,33.29884,126.52223,90,09:00–17:00 · 예약제 · 유료,서귀포시 산록남로 2271 구글 지오코딩,0,0,1,0,0,1,,,,,,96db458ed63b3e34a1c3d63a8ad444ea67ab6b77
nax882,제주,소정방폭포,Sojeongbang Falls,sea,33.24501,126.57754,40,상시 개방 · 무료,서귀포시 칠십리로 214번길 구글 지오코딩,0,0,0,0,0,1,,,,,,96db458ed63b3e34a1c3d63a8ad444ea67ab6b77
nax883,제주,엉또폭포,Eongtto Falls,heal,33.26861,126.49999,50,상시 개방 · 무료,서귀포시 엉또로 121 구글 지오코딩,0,0,0,0,0,1,,,,,,96db458ed63b3e34a1c3d63a8ad444ea67ab6b77
nax884,제주,감귤박물관,Citrus Museum,activity,33.27152,126.60766,60,09:00–18:00 · 월 휴관 · 유료,서귀포시 효돈순환로 441 구글 지오코딩,0,0,0,0,0,1,,,,,,96db458ed63b3e34a1c3d63a8ad444ea67ab6b77
nax885,제주,절물오름,Jeolmul Oreum,heal,33.43312,126.62778,70,상시 개방 · 휴양림 유료,제주시 명림로 584 구글 지오코딩,0,0,0,0,0,1,,,,,,96db458ed63b3e34a1c3d63a8ad444ea67ab6b77
nax886,제주,삼양검은모래해변,Samyang Black Sand Beach,sea,33.52601,126.58639,60,상시 개방 · 무료,제주시 삼양이동 구글 지오코딩,0,0,0,0,0,1,,,,,,96db458ed63b3e34a1c3d63a8ad444ea67ab6b77
nax887,제주,용연구름다리,Yongyeon Bridge,heal,33.51486,126.51445,40,상시 개방 · 무료,제주시 용담1동 구글 지오코딩,0,0,0,0,0,1,,,,,,96db458ed63b3e34a1c3d63a8ad444ea67ab6b77
nax888,제주,도두동 무지개해안도로,Dodu Rainbow Coastal Road,sea,33.50926,126.47197,40,상시 개방 · 무료,제주시 도두일동 구글 지오코딩,0,0,0,0,0,1,,,,,,96db458ed63b3e34a1c3d63a8ad444ea67ab6b77
nax889,동해,논골담길,Nongol Damgil,activity,37.55289,129.11654,60,상시 개방 · 무료,동해시 묵호진동 구글 지오코딩,0,0,0,0,0,1,,,,,,96db458ed63b3e34a1c3d63a8ad444ea67ab6b77
nax890,동해,무릉별유천지,Mureung Byeolyucheonji,activity,37.46984,129.03201,90,09:00–18:00 · 유료,동해시 삼화로 584 구글 지오코딩,0,0,0,0,0,1,,,,,,96db458ed63b3e34a1c3d63a8ad444ea67ab6b77
nax891,정선,정선 스카이워크,Jeongseon Skywalk,activity,37.36346,128.63477,60,09:00–17:00 · 유료,정선군 북평면 북평8길 12 구글 지오코딩,0,0,0,0,0,1,,,,,,96db458ed63b3e34a1c3d63a8ad444ea67ab6b77
nax892,정선,민둥산 억새,Mindungsan Silver Grass,heal,37.25393,128.77757,150,상시 개방 · 무료,정선군 남면 무릉리 구글 지오코딩,0,0,0,0,0,1,,,,,,96db458ed63b3e34a1c3d63a8ad444ea67ab6b77
nax893,영월,청령포 관음송,Gwaneumsong Pine,herit,37.17543,128.4441,30,청령포 입장 포함,영월군 남면 광천리 구글 지오코딩,0,0,0,0,0,1,,,,,,96db458ed63b3e34a1c3d63a8ad444ea67ab6b77
nax894,충주,탄금대,Tangeumdae,herit,36.98835,127.89793,60,상시 개방 · 무료,충주시 탄금대안길 105 구글 지오코딩,0,0,0,0,0,1,,,,,,96db458ed63b3e34a1c3d63a8ad444ea67ab6b77
nax895,충주,중원 미륵리사지,Mireungni Temple Site,herit,36.82225,128.09508,50,상시 개방 · 무료,충주시 수안보면 미륵리 구글 지오코딩,0,0,0,0,0,1,,,,,,96db458ed63b3e34a1c3d63a8ad444ea67ab6b77
nax896,단양,사인암,Sainam,heal,36.89439,128.34039,50,상시 개방 · 무료,단양군 대강면 사인암길 37 구글 지오코딩,0,0,0,0,0,1,,,,,,96db458ed63b3e34a1c3d63a8ad444ea67ab6b77
nax897,단양,온달관광지,Ondal Tourist Park,activity,37.06305,128.49157,80,09:00–18:00 · 유료,단양군 영춘면 온달로 23 구글 지오코딩,0,0,1,0,0,1,,,,,,96db458ed63b3e34a1c3d63a8ad444ea67ab6b77
nax898,제천,정방사,Jeongbangsa Temple,heal,36.99897,128.20755,60,상시 개방 · 무료,제천시 수산면 옥순봉로12길 165 구글 지오코딩,0,0,0,0,0,1,,,,,,96db458ed63b3e34a1c3d63a8ad444ea67ab6b77
nax899,제천,능강계곡,Neunggang Valley,heal,36.98732,128.19751,60,상시 개방 · 무료,제천시 수산면 능강리 구글 지오코딩,0,0,0,0,0,1,,,,,,96db458ed63b3e34a1c3d63a8ad444ea67ab6b77
nax900,아산,공세리성당,Gongseri Catholic Church,herit,36.8822,126.91383,50,09:00–18:00 · 무료,아산시 인주면 공세리성당길 10 구글 지오코딩,0,0,0,0,0,1,,,,,,96db458ed63b3e34a1c3d63a8ad444ea67ab6b77
nax901,아산,지중해마을,Mediterranean Village,food,36.79698,127.06152,70,상시 · 상점별 상이,아산시 탕정면 탕정면로 108번길 구글 지오코딩,0,0,0,0,0,1,,,,,,96db458ed63b3e34a1c3d63a8ad444ea67ab6b77
nax902,당진,왜목마을,Waemok Village,sea,37.04411,126.5275,60,상시 개방 · 무료,당진시 석문면 왜목길 구글 지오코딩,0,0,0,0,0,1,,,,,,96db458ed63b3e34a1c3d63a8ad444ea67ab6b77
nax903,당진,삽교호 함상공원,Sapgyoho Warship Park,activity,36.89004,126.82609,70,09:00–18:00 · 유료,당진시 신평면 삽교천3길 79 구글 지오코딩,0,0,0,0,0,1,,,,,,96db458ed63b3e34a1c3d63a8ad444ea67ab6b77
nax904,당진,아미미술관,Ami Art Museum,activity,36.86178,126.68037,60,10:00–18:00 · 유료,당진시 순성면 남부로 753-4 구글 지오코딩,0,0,0,0,0,1,,,,,,96db458ed63b3e34a1c3d63a8ad444ea67ab6b77
nax905,서산,해미읍성,Haemi Fortress,herit,36.71258,126.54862,70,09:00–18:00 · 무료,서산시 해미면 남문2로 143 구글 지오코딩,0,1,0,0,0,1,,,,,,96db458ed63b3e34a1c3d63a8ad444ea67ab6b77
nax906,서산,개심사,Gaesimsa Temple,herit,36.7468,126.5904,70,08:00–18:00 · 무료,서산시 운산면 개심사로 321-86 구글 지오코딩,0,0,0,0,0,1,,,,,,96db458ed63b3e34a1c3d63a8ad444ea67ab6b77
nax907,서산,간월암,Ganwolam Hermitage,sea,36.60365,126.41121,50,물때 확인 · 무료,서산시 부석면 간월도1길 119-29 구글 지오코딩,0,0,0,0,0,1,,,,,,96db458ed63b3e34a1c3d63a8ad444ea67ab6b77
nax908,홍성,남당항,Namdang Port,food,36.53898,126.4698,60,상시 · 대하축제 가을,홍성군 서부면 남당항로 구글 지오코딩,0,0,0,0,0,1,,,,,,96db458ed63b3e34a1c3d63a8ad444ea67ab6b77
nax909,홍성,홍주읍성,Hongju Fortress,herit,36.60034,126.66155,50,상시 개방 · 무료,홍성군 홍성읍 아문길 30 구글 지오코딩,0,0,0,0,0,1,,,,,,96db458ed63b3e34a1c3d63a8ad444ea67ab6b77
nax910,예산,수덕사,Sudeoksa Temple,herit,36.66302,126.62255,80,08:00–18:00 · 유료,예산군 덕산면 수덕사안길 79 구글 지오코딩,0,0,0,0,0,1,,,,,,96db458ed63b3e34a1c3d63a8ad444ea67ab6b77
nax911,예산,예당호 출렁다리,Yedangho Suspension Bridge,activity,36.63854,126.8019,60,09:00–22:00 · 무료,예산군 응봉면 상항리 구글 지오코딩,0,1,0,0,0,1,,,,,,96db458ed63b3e34a1c3d63a8ad444ea67ab6b77
nax912,양양,휴휴암,Hyuhyuam Hermitage,herit,37.96118,128.76756,50,04:00–19:00 · 무료,양양군 현남면 광진2길 3-16 구글 지오코딩,0,0,0,0,0,1,,,,,,96db458ed63b3e34a1c3d63a8ad444ea67ab6b77
nax913,양양,남애항,Namae Port,sea,37.94447,128.78742,50,상시 개방 · 무료,양양군 현남면 남애리 구글 지오코딩,0,0,0,0,0,1,,,,,,96db458ed63b3e34a1c3d63a8ad444ea67ab6b77
nax914,고성(강원),고성 통일전망대,Goseong Unification Observatory,herit,38.5867,128.37484,70,09:00–16:00 · 출입신고 · 유료,고성군 현내면 통일전망대로 481 구글 지오코딩,0,0,0,0,0,1,,,,,,96db458ed63b3e34a1c3d63a8ad444ea67ab6b77
nax915,고성(강원),화진포,Hwajinpo,sea,38.46722,128.43377,80,상시 개방 · 일부 유료,고성군 거진읍 화진포길 구글 지오코딩,0,0,0,0,0,1,,,,,,96db458ed63b3e34a1c3d63a8ad444ea67ab6b77
nax916,고성(강원),왕곡마을,Wanggok Village,herit,38.34014,128.49996,60,상시 개방 · 무료,고성군 죽왕면 왕곡마을길 구글 지오코딩,0,0,0,0,0,1,,,,,,96db458ed63b3e34a1c3d63a8ad444ea67ab6b77
nax917,철원,소이산 전망대,Soisan Observatory,heal,38.2547,127.18963,70,09:00–17:00 · 모노레일 유료,철원군 철원읍 사요리 구글 지오코딩,0,0,0,0,0,1,,,,,,96db458ed63b3e34a1c3d63a8ad444ea67ab6b77
nax918,문경,에코랄라,Ecorium Mungyeong,activity,36.65157,128.06003,90,09:00–18:00 · 월 휴관 · 유료,문경시 가은읍 왕능길 114 구글 지오코딩,0,0,0,0,0,1,,,,,,96db458ed63b3e34a1c3d63a8ad444ea67ab6b77
nax919,문경,쌍용계곡,Ssangyong Valley,heal,36.5692,127.95401,70,상시 개방 · 무료,문경시 농암면 내서리 구글 지오코딩,0,0,0,0,0,1,,,,,,96db458ed63b3e34a1c3d63a8ad444ea67ab6b77
nax920,영주,소백산 국립공원,Sobaeksan National Park,heal,36.9575,128.48489,180,상시 개방 · 무료,영주시 풍기읍 죽령로 구글 지오코딩,0,0,0,0,0,1,,,,,,96db458ed63b3e34a1c3d63a8ad444ea67ab6b77
nax921,영주,희방폭포,Huibang Falls,heal,36.91778,128.45796,60,상시 개방 · 유료,영주시 풍기읍 죽령로 1720-14 구글 지오코딩,0,0,0,0,0,1,,,,,,96db458ed63b3e34a1c3d63a8ad444ea67ab6b77
nax930,김해,국립김해박물관,Gimhae National Museum,herit,35.23882,128.87165,70,09:00–18:00 · 월 휴관 · 무료,김해시 가야의길 190 구글 지오코딩,0,0,0,0,0,1,,,,,,96db458ed63b3e34a1c3d63a8ad444ea67ab6b77
nax931,김해,봉황동 유적,Bonghwang-dong Relics,herit,35.23186,128.87534,40,상시 개방 · 무료,김해시 봉황동 253 구글 지오코딩,0,0,0,0,0,1,,,,,,96db458ed63b3e34a1c3d63a8ad444ea67ab6b77
nax932,김해,김해 수릉원,Suneungwon Garden,heal,35.23644,128.87664,30,상시 개방 · 무료,김해시 가야의길 126 구글 지오코딩,0,0,0,0,0,1,,,,,,96db458ed63b3e34a1c3d63a8ad444ea67ab6b77
nax933,김해,김해 연지공원,Yeonji Park,heal,35.24295,128.86099,40,상시 개방 · 무료,김해시 연지로 108 구글 지오코딩,0,0,0,0,0,1,,,,,,96db458ed63b3e34a1c3d63a8ad444ea67ab6b77
nax934,김해,김해천문대,Gimhae Astronomical Observatory,activity,35.23967,128.8497,60,14:00–22:00 · 월 휴관 · 유료,김해시 분성로 231-70 구글 지오코딩,0,0,0,0,0,1,,,,,,96db458ed63b3e34a1c3d63a8ad444ea67ab6b77
nax935,김해,은하사,Eunhasa Temple,herit,35.24777,128.84842,40,상시 개방 · 무료,김해시 삼방동 882 구글 지오코딩,0,0,0,0,0,1,,,,,,96db458ed63b3e34a1c3d63a8ad444ea67ab6b77
nax936,김해,클레이아크김해미술관,Clayarch Gimhae Museum,activity,35.25203,128.75235,60,10:00–18:00 · 월 휴관 · 유료,김해시 진례면 진례로 275-51 구글 지오코딩,0,0,0,0,0,1,,,,,,96db458ed63b3e34a1c3d63a8ad444ea67ab6b77
nax937,김해,낙동강 레일파크,Nakdonggang Rail Park,activity,35.32483,128.86392,90,09:30–17:30 · 유료,김해시 생림면 마사리 구글 지오코딩,0,0,1,0,0,1,,,,,,96db458ed63b3e34a1c3d63a8ad444ea67ab6b77
nax938,김해,화포천 습지생태공원,Hwapocheon Wetland Park,heal,35.31135,128.7741,60,09:00–18:00 · 무료,김해시 한림면 한림로 183-300 구글 지오코딩,0,0,0,0,0,1,,,,,,96db458ed63b3e34a1c3d63a8ad444ea67ab6b77
nax939,김해,김해롯데워터파크,Gimhae Lotte Water Park,activity,35.21133,128.80643,240,계절별 상이 · 유료,김해시 장유로 555 구글 지오코딩,0,0,0,0,0,1,,,,,,96db458ed63b3e34a1c3d63a8ad444ea67ab6b77
nax940,김해,김해한옥체험관,Gimhae Hanok Experience Hall,herit,35.23377,128.87771,40,09:00–18:00 · 무료(체험 유료),김해시 가락로93번길 40 구글 지오코딩,0,0,1,0,0,1,,,,,,96db458ed63b3e34a1c3d63a8ad444ea67ab6b77
nax941,김해,장유대청계곡,Daecheong Valley,heal,35.18944,128.80317,60,상시 개방 · 무료,김해시 대청동 구글 지오코딩,0,0,0,0,0,1,,,,,,96db458ed63b3e34a1c3d63a8ad444ea67ab6b77
nax950,창원,제황산공원 진해탑,Jehwangsan Park Tower,herit,35.14939,128.66469,50,09:00–18:00 · 유료(모노레일),진해구 제황산동 28-6 구글 지오코딩,0,0,0,0,0,1,,,,,,96db458ed63b3e34a1c3d63a8ad444ea67ab6b77
nax951,창원,경화역 공원,Gyeonghwa Station Park,heal,35.14902,128.69788,40,상시 개방 · 무료,진해구 진해대로 611 구글 지오코딩,0,0,0,0,0,1,,,,,,96db458ed63b3e34a1c3d63a8ad444ea67ab6b77
nax952,창원,진해루,Jinhaeru Pavilion,sea,35.11029,128.66827,30,상시 개방 · 무료,진해구 웅천동로 21 구글 지오코딩,0,0,0,0,0,1,,,,,,96db458ed63b3e34a1c3d63a8ad444ea67ab6b77
nax953,창원,안민고개 전망대,Anmin Pass Lookout,heal,35.17614,128.66627,40,상시 개방 · 무료,진해구 태백동 산 구글 지오코딩,0,0,0,0,0,1,,,,,,96db458ed63b3e34a1c3d63a8ad444ea67ab6b77
nax954,창원,창동예술촌,Changdong Art Village,activity,35.20586,128.57228,60,상시 개방 · 무료,마산합포구 오동서6길 24 구글 지오코딩,0,0,0,0,0,1,,,,,,96db458ed63b3e34a1c3d63a8ad444ea67ab6b77
nax955,창원,문신미술관,Moonshin Art Museum,activity,35.19662,128.56703,60,09:00–18:00 · 월 휴관 · 유료,마산합포구 문신길 147 구글 지오코딩,0,0,0,0,0,1,,,,,,96db458ed63b3e34a1c3d63a8ad444ea67ab6b77
nax956,창원,국립3·15민주묘지,March 15 National Cemetery,herit,35.22768,128.59266,40,09:00–18:00 · 무료,마산회원구 3·15성역로 75 구글 지오코딩,0,0,0,0,0,1,,,,,,96db458ed63b3e34a1c3d63a8ad444ea67ab6b77
nax957,창원,무학산,Muhaksan,heal,35.22047,128.54268,180,상시 개방 · 무료,마산합포구 교방동 산 구글 지오코딩,0,0,0,0,0,1,,,,,,96db458ed63b3e34a1c3d63a8ad444ea67ab6b77
nax958,창원,성주사,Seongjusa Temple,herit,35.20036,128.70426,40,상시 개방 · 무료,성산구 곰절길 191 구글 지오코딩,0,0,0,0,0,1,,,,,,96db458ed63b3e34a1c3d63a8ad444ea67ab6b77
nax959,창원,마금산온천,Magumsan Hot Springs,heal,35.33832,128.62047,90,시설별 상이 · 유료,의창구 북면 온천로 구글 지오코딩,0,0,0,0,0,1,,,,,,96db458ed63b3e34a1c3d63a8ad444ea67ab6b77
nax960,창원,다호리 고분군,Dahori Tombs,herit,35.3213,128.6876,40,상시 개방 · 무료,의창구 동읍 다호리 구글 지오코딩,0,0,0,0,0,1,,,,,,96db458ed63b3e34a1c3d63a8ad444ea67ab6b77
nax961,창원,광암해수욕장,Gwangam Beach,sea,35.10708,128.49261,60,상시 개방 · 무료,마산합포구 진동면 광암해변길 구글 지오코딩,0,0,0,0,0,1,,,,,,96db458ed63b3e34a1c3d63a8ad444ea67ab6b77
nax970,양산,양산 신흥사,Sinheungsa Temple Yangsan,herit,35.40309,129.09188,40,상시 개방 · 무료,양산시 원동면 원동로 2282 구글 지오코딩,0,0,0,0,0,1,,,,,,96db458ed63b3e34a1c3d63a8ad444ea67ab6b77
nax971,양산,천성산 화엄벌,Cheonseongsan Hwaeombeol,heal,35.39306,129.11278,210,상시 개방 · 무료,양산시 하북면 용연리 산 구글 지오코딩,0,0,0,0,0,1,,,,,,96db458ed63b3e34a1c3d63a8ad444ea67ab6b77
nax972,양산,영축산 자장암,Jajangam Hermitage,herit,35.49926,129.07617,40,상시 개방 · 무료,양산시 하북면 통도사로 216-73 구글 지오코딩,0,0,0,0,0,1,,,,,,96db458ed63b3e34a1c3d63a8ad444ea67ab6b77
nax973,양산,배내골,Baenaegol Valley,heal,35.49361,129.00583,120,상시 개방 · 무료,양산시 원동면 대리 구글 지오코딩,0,0,0,0,0,1,,,,,,96db458ed63b3e34a1c3d63a8ad444ea67ab6b77
nax974,양산,원동 매화마을,Wondong Plum Blossom Village,heal,35.36306,128.99889,60,상시 개방 · 무료,양산시 원동면 영포리 구글 지오코딩,0,0,0,0,0,1,,,,,,96db458ed63b3e34a1c3d63a8ad444ea67ab6b77
nax975,양산,양산 워터파크 웅상,Ungsang Spa Valley,activity,35.4155,129.171,150,계절별 상이 · 유료,양산시 웅상 명동로 구글 지오코딩,0,0,0,0,0,1,,,,,,96db458ed63b3e34a1c3d63a8ad444ea67ab6b77
nax976,양산,양산시립박물관,Yangsan City Museum,herit,35.34292,129.03556,50,09:00–18:00 · 월 휴관 · 무료,양산시 북정로 78 구글 지오코딩,0,0,0,0,0,1,,,,,,96db458ed63b3e34a1c3d63a8ad444ea67ab6b77
nax977,양산,북정리 고분군,Bukjeong-ri Tombs,herit,35.34611,129.03444,30,상시 개방 · 무료,양산시 북정동 산 구글 지오코딩,0,0,0,0,0,1,,,,,,96db458ed63b3e34a1c3d63a8ad444ea67ab6b77
nax978,양산,영남알프스 하늘억새길,Yeongnam Alps Sky Ridge,heal,35.53861,129.01167,240,상시 개방 · 무료,양산시 원동면 영남알프스 구글 지오코딩,0,0,0,0,0,1,,,,,,96db458ed63b3e34a1c3d63a8ad444ea67ab6b77
nax979,양산,황산베랑길,Hwangsan Berang Trail,heal,35.32222,128.98611,90,상시 개방 · 무료,양산시 물금읍 낙동강변 구글 지오코딩,0,0,0,0,0,1,,,,,,96db458ed63b3e34a1c3d63a8ad444ea67ab6b77
nax990,울산,간월재,Ganwoljae Pass,heal,35.573,129.01583,210,상시 개방 · 무료,울주군 상북면 등억알프스리 산 구글 지오코딩,0,1,0,0,0,1,,,,,,96db458ed63b3e34a1c3d63a8ad444ea67ab6b77
nax991,울산,신불산 억새평원,Sinbulsan Reed Plain,heal,35.56444,129.02083,240,상시 개방 · 무료,울주군 상북면 신불산 구글 지오코딩,0,0,0,0,0,1,,,,,,96db458ed63b3e34a1c3d63a8ad444ea67ab6b77
nax992,울산,석남사,Seoknamsa Temple,herit,35.58104,129.04722,50,08:00–18:00 · 유료,울주군 상북면 석남로 557 구글 지오코딩,0,0,0,0,0,1,,,,,,96db458ed63b3e34a1c3d63a8ad444ea67ab6b77
nax993,울산,파래소폭포,Paraeso Falls,heal,35.54972,129.00861,90,상시 개방 · 무료,울주군 상북면 이천리 구글 지오코딩,0,0,0,0,0,1,,,,,,96db458ed63b3e34a1c3d63a8ad444ea67ab6b77
nax994,울산,천전리 각석,Cheonjeon-ri Petroglyphs,herit,35.62472,129.19222,40,상시 개방 · 무료,울주군 두동면 천전리 산210 구글 지오코딩,0,0,0,0,0,1,,,,,,96db458ed63b3e34a1c3d63a8ad444ea67ab6b77
nax995,울산,울산대교 전망대,Ulsan Bridge Observatory,activity,35.51792,129.39,40,09:00–22:00 · 무료,동구 봉수로 155-1 구글 지오코딩,0,0,0,0,0,1,,,,,,96db458ed63b3e34a1c3d63a8ad444ea67ab6b77
nax996,울산,주전 몽돌해변,Jujeon Pebble Beach,sea,35.55361,129.43944,50,상시 개방 · 무료,동구 주전동 구글 지오코딩,0,0,0,0,0,1,,,,,,96db458ed63b3e34a1c3d63a8ad444ea67ab6b77
nax997,울산,외고산 옹기마을,Oegosan Onggi Village,herit,35.43194,129.27694,70,09:00–18:00 · 무료(체험 유료),울주군 온양읍 외고산3길 구글 지오코딩,0,0,0,0,0,1,,,,,,96db458ed63b3e34a1c3d63a8ad444ea67ab6b77
nax998,울산,울산박물관,Ulsan Museum,herit,35.53472,129.29028,60,09:00–18:00 · 월 휴관 · 무료,남구 두왕로 277 구글 지오코딩,0,0,0,0,0,1,,,,,,96db458ed63b3e34a1c3d63a8ad444ea67ab6b77
nax999,울산,태화루,Taehwaru Pavilion,herit,35.552,129.31667,30,09:00–18:00 · 무료,중구 태화로 300 구글 지오코딩,0,0,0,0,0,1,,,,,,96db458ed63b3e34a1c3d63a8ad444ea67ab6b77
nax1000,울산,진하해수욕장,Jinha Beach,sea,35.37694,129.34667,60,상시 개방 · 무료,울주군 서생면 진하리 구글 지오코딩,0,0,0,0,0,1,,,,,,96db458ed63b3e34a1c3d63a8ad444ea67ab6b77
nax1001,울산,서생포왜성,Seosaengpo Japanese Fortress,herit,35.37389,129.34333,40,상시 개방 · 무료,울주군 서생면 서생리 산 구글 지오코딩,0,0,0,0,0,1,,,,,,96db458ed63b3e34a1c3d63a8ad444ea67ab6b77
nax1010,통영,욕지도,Yokjido,sea,34.62583,128.26139,360,여객선 운항 시간 · 유료,통영시 욕지면 동항리 구글 지오코딩,0,0,0,0,0,1,,,,,,96db458ed63b3e34a1c3d63a8ad444ea67ab6b77
nax1011,통영,장사도 해상공원,Jangsado Sea Park,heal,34.72833,128.50861,240,여객선 운항 시간 · 유료,통영시 한산면 매죽리 장사도 구글 지오코딩,0,0,0,0,0,1,,,,,,96db458ed63b3e34a1c3d63a8ad444ea67ab6b77
nax1012,통영,한산도 제승당,Hansando Jeseungdang,herit,34.77389,128.48417,180,여객선 운항 시간 · 유료,통영시 한산면 두억리 875 구글 지오코딩,0,0,0,0,0,1,,,,,,96db458ed63b3e34a1c3d63a8ad444ea67ab6b77
nax1013,통영,미륵산 정상 전망대,Mireuksan Summit Lookout,heal,34.81361,128.42056,90,상시 개방 · 무료,통영시 산양읍 미륵산 구글 지오코딩,0,0,0,0,0,1,,,,,,96db458ed63b3e34a1c3d63a8ad444ea67ab6b77
nax1014,통영,서피랑공원,Seopirang Park,activity,34.84639,128.41917,50,상시 개방 · 무료,통영시 서호동 뚝지먼당 구글 지오코딩,0,0,0,0,0,1,,,,,,96db458ed63b3e34a1c3d63a8ad444ea67ab6b77
nax1015,통영,박경리기념관,Park Kyung-ni Memorial Hall,herit,34.79806,128.40889,50,09:00–18:00 · 월 휴관 · 무료,통영시 산양읍 산양중앙로 173 구글 지오코딩,0,0,0,0,0,1,,,,,,96db458ed63b3e34a1c3d63a8ad444ea67ab6b77
nax1016,통영,전혁림미술관,Jeon Hyuck-lim Art Museum,activity,34.80528,128.41306,40,10:00–17:00 · 월 휴관 · 유료,통영시 봉수1길 10 구글 지오코딩,0,0,0,0,0,1,,,,,,96db458ed63b3e34a1c3d63a8ad444ea67ab6b77
nax1017,통영,통영국제음악당,Tongyeong Concert Hall,activity,34.82944,128.44028,60,공연 일정별 · 유료,통영시 큰발개1길 38 구글 지오코딩,0,0,0,0,0,1,,,,,,96db458ed63b3e34a1c3d63a8ad444ea67ab6b77
nax1018,통영,비진도,Bijindo,sea,34.70444,128.51528,300,여객선 운항 시간 · 유료,통영시 한산면 비진리 구글 지오코딩,0,0,0,0,0,1,,,,,,96db458ed63b3e34a1c3d63a8ad444ea67ab6b77
nax1019,통영,통영 수산과학관,Tongyeong Marine Science Museum,activity,34.77444,128.40056,60,09:00–18:00 · 월 휴관 · 유료,통영시 산양읍 척포길 628-111 구글 지오코딩,0,0,0,0,0,1,,,,,,96db458ed63b3e34a1c3d63a8ad444ea67ab6b77
nax1030,남해,물건리 방조어부림,Mulgeon-ri Windbreak Forest,heal,34.79861,128.04361,40,상시 개방 · 무료,남해군 삼동면 물건리 구글 지오코딩,0,0,0,0,0,1,,,,,,96db458ed63b3e34a1c3d63a8ad444ea67ab6b77
nax1031,남해,금산 정상,Geumsan Summit,heal,34.75028,127.98167,150,상시 개방 · 유료(입장료),남해군 상주면 금산 구글 지오코딩,0,0,0,0,0,1,,,,,,96db458ed63b3e34a1c3d63a8ad444ea67ab6b77
nax1032,남해,이순신순국공원,Yi Sun-sin Memorial Park,herit,34.94167,127.87639,60,09:00–18:00 · 무료,남해군 고현면 관음포로 150 구글 지오코딩,0,0,0,0,0,1,,,,,,96db458ed63b3e34a1c3d63a8ad444ea67ab6b77
nax1033,남해,남해대교·노량,Namhae Bridge & Noryang,sea,34.93583,127.86083,40,상시 개방 · 무료,남해군 설천면 노량리 구글 지오코딩,0,0,0,0,0,1,,,,,,96db458ed63b3e34a1c3d63a8ad444ea67ab6b77
nax1034,남해,미조항,Mijo Port,food,34.7075,128.04278,60,상시 개방 · 무료,남해군 미조면 미조리 구글 지오코딩,0,0,0,0,0,1,,,,,,96db458ed63b3e34a1c3d63a8ad444ea67ab6b77
nax1035,남해,남해 바래길,Namhae Barae-gil Trail,heal,34.77361,127.89278,180,상시 개방 · 무료,남해군 해안 둘레길 구글 지오코딩,0,0,0,0,0,1,,,,,,96db458ed63b3e34a1c3d63a8ad444ea67ab6b77
nax1036,남해,설리스카이워크,Seolli Skywalk,activity,34.71222,128.02361,40,09:00–18:00 · 유료,남해군 미조면 설리로 273 구글 지오코딩,0,0,0,0,0,1,,,,,,96db458ed63b3e34a1c3d63a8ad444ea67ab6b77
nax1037,남해,가천암수바위,Gacheon Twin Rocks,herit,34.72611,127.89194,20,상시 개방 · 무료,남해군 남면 홍현리 구글 지오코딩,0,0,0,0,0,1,,,,,,96db458ed63b3e34a1c3d63a8ad444ea67ab6b77
nax1038,남해,송정솔바람해변,Songjeong Pine Beach,sea,34.71444,128.01,60,상시 개방 · 무료,남해군 미조면 송정리 구글 지오코딩,0,0,0,0,0,1,,,,,,96db458ed63b3e34a1c3d63a8ad444ea67ab6b77
nax1039,남해,용문사,Yongmunsa Temple,herit,34.79139,127.93,40,상시 개방 · 무료,남해군 이동면 용문사길 166 구글 지오코딩,0,0,0,0,0,1,,,,,,96db458ed63b3e34a1c3d63a8ad444ea67ab6b77
nax1050,진주,진양호 전망대,Jinyangho Lookout,heal,35.17361,128.02611,40,상시 개방 · 무료,진주시 판문동 진양호로 구글 지오코딩,0,0,0,0,0,1,,,,,,96db458ed63b3e34a1c3d63a8ad444ea67ab6b77
nax1053,진주,진주 망경동 벽화마을,Manggyeong-dong Mural Village,activity,35.18306,128.07444,40,상시 개방 · 무료,진주시 망경동 구글 지오코딩,0,0,0,0,0,1,,,,,,96db458ed63b3e34a1c3d63a8ad444ea67ab6b77
nax1054,진주,경남수목원,Gyeongnam Arboretum,heal,35.07694,128.14944,90,09:00–18:00 · 유료,진주시 이반성면 수목원로 386 구글 지오코딩,0,0,0,0,0,1,,,,,,96db458ed63b3e34a1c3d63a8ad444ea67ab6b77
nax1055,진주,진주 유등테마공원,Jinju Lantern Park,activity,35.18639,128.09944,50,상시 개방 · 무료(축제 기간 유료),진주시 남강로 626 인근 구글 지오코딩,0,0,0,0,0,1,,,,,,96db458ed63b3e34a1c3d63a8ad444ea67ab6b77
nax1056,진주,의암바위,Uiam Rock,herit,35.18889,128.08111,20,상시 개방 · 무료,진주시 남강로 626 구글 지오코딩,0,0,0,0,0,1,,,,,,96db458ed63b3e34a1c3d63a8ad444ea67ab6b77
nax1058,진주,진주 비봉산 산책로,Bibongsan Walk,heal,35.20528,128.08694,70,상시 개방 · 무료,진주시 봉래동 비봉산 구글 지오코딩,0,0,0,0,0,1,,,,,,96db458ed63b3e34a1c3d63a8ad444ea67ab6b77
nax1070,부여,능산리 고분군,Neungsan-ri Royal Tombs,herit,36.28083,126.94944,40,09:00–18:00 · 유료,부여군 부여읍 능산리 산15 구글 지오코딩,1,0,0,0,0,1,,,,,,96db458ed63b3e34a1c3d63a8ad444ea67ab6b77
nax1071,부여,부여 나성,Buyeo Naseong Wall,herit,36.28472,126.93361,30,상시 개방 · 무료,부여군 부여읍 능산리 구글 지오코딩,1,0,0,0,0,1,,,,,,96db458ed63b3e34a1c3d63a8ad444ea67ab6b77
nax1072,부여,낙화암·고란사,Nakhwaam & Goransa,herit,36.29417,126.91,50,09:00–18:00 · 유료(부소산성),부여군 부여읍 부소로 1 구글 지오코딩,0,0,0,0,0,1,,,,,,96db458ed63b3e34a1c3d63a8ad444ea67ab6b77
nax1073,부여,백마강 황포돛배,Baengmagang Sail Boat,activity,36.29167,126.90528,40,09:00–18:00 · 유료,부여군 부여읍 나루터로 1 구글 지오코딩,0,0,0,0,0,1,,,,,,96db458ed63b3e34a1c3d63a8ad444ea67ab6b77
nax1074,부여,부여 무량사,Muryangsa Temple,herit,36.2976,126.6687,50,상시 개방 · 유료,부여군 외산면 무량로 203 구글 지오코딩,0,0,0,0,0,1,,,,,,96db458ed63b3e34a1c3d63a8ad444ea67ab6b77
nax1075,부여,성흥산성 사랑나무,Seongheungsanseong Love Tree,heal,36.22722,126.87472,50,상시 개방 · 무료,부여군 임천면 군사리 산1 구글 지오코딩,0,0,0,0,0,1,,,,,,96db458ed63b3e34a1c3d63a8ad444ea67ab6b77
nax1076,부여,부여 서동공원,Seodong Park,heal,36.26861,126.91528,40,상시 개방 · 무료,부여군 부여읍 궁남로 49 구글 지오코딩,0,0,0,0,0,1,,,,,,96db458ed63b3e34a1c3d63a8ad444ea67ab6b77
nax1077,부여,부여전통시장,Buyeo Traditional Market,food,36.27583,126.9125,40,오일장(5·10일) · 무료,부여군 부여읍 성왕로 문화 구글 지오코딩,0,0,0,0,0,1,,,,,,96db458ed63b3e34a1c3d63a8ad444ea67ab6b77
nax1078,부여,대백제역사공원,Baekje Reenactment Park,activity,36.30972,126.90139,60,09:00–18:00 · 유료,부여군 규암면 백제문로 374 구글 지오코딩,0,0,0,0,0,1,,,,,,96db458ed63b3e34a1c3d63a8ad444ea67ab6b77
nax1090,공주,계룡산 동학사,Donghaksa Temple,herit,36.34,127.20917,60,상시 개방 · 유료,공주시 반포면 동학사1로 462 구글 지오코딩,0,0,0,0,0,1,,,,,,96db458ed63b3e34a1c3d63a8ad444ea67ab6b77
nax1091,공주,계룡산 신원사,Sinwonsa Temple,herit,36.32806,127.16528,50,상시 개방 · 유료,공주시 계룡면 신원사동길 1 구글 지오코딩,0,0,0,0,0,1,,,,,,96db458ed63b3e34a1c3d63a8ad444ea67ab6b77
nax1092,공주,공주 한옥마을,Gongju Hanok Village,herit,36.46333,127.11694,50,상시 개방 · 무료(숙박 유료),공주시 관광단지길 12 구글 지오코딩,0,0,0,0,0,1,,,,,,96db458ed63b3e34a1c3d63a8ad444ea67ab6b77
nax1093,공주,제민천 원도심,Jemincheon Old Town,activity,36.45778,127.12028,60,상시 개방 · 무료,공주시 반죽동 제민천 구글 지오코딩,0,0,0,0,0,1,,,,,,96db458ed63b3e34a1c3d63a8ad444ea67ab6b77
nax1094,공주,공주 석장리박물관,Seokjang-ri Museum,herit,36.49139,127.16111,50,09:00–18:00 · 월 휴관 · 유료,공주시 금벽로 990 구글 지오코딩,0,0,0,0,0,1,,,,,,96db458ed63b3e34a1c3d63a8ad444ea67ab6b77
nax1095,공주,공주 황새바위 순교성지,Hwangsaebawi Martyrs Shrine,herit,36.46528,127.11972,40,09:00–18:00 · 무료,공주시 왕릉로 118 구글 지오코딩,0,0,0,0,0,1,,,,,,96db458ed63b3e34a1c3d63a8ad444ea67ab6b77
nax1096,공주,마곡사 솔바람길,Magoksa Pine Trail,heal,36.5625,127.01444,90,상시 개방 · 무료,공주시 사곡면 마곡사로 구글 지오코딩,0,0,0,0,0,1,,,,,,96db458ed63b3e34a1c3d63a8ad444ea67ab6b77
nax1097,공주,공주 유구색동수국정원,Yugu Hydrangea Garden,heal,36.59639,126.95,50,상시 개방 · 무료,공주시 유구읍 백교리 구글 지오코딩,0,0,0,0,0,1,,,,,,96db458ed63b3e34a1c3d63a8ad444ea67ab6b77
nax1110,포항,내연산 12폭포,Naeyeonsan Twelve Falls,heal,36.26361,129.31139,180,상시 개방 · 무료,포항시 북구 송라면 중산리 구글 지오코딩,0,0,0,0,0,1,,,,,,96db458ed63b3e34a1c3d63a8ad444ea67ab6b77
nax1111,포항,구룡포 일본인 가옥거리,Guryongpo Japanese Houses,herit,35.98639,129.55389,50,상시 개방 · 무료,포항시 남구 구룡포읍 구룡포길 153-1 구글 지오코딩,0,0,0,0,0,1,,,,,,96db458ed63b3e34a1c3d63a8ad444ea67ab6b77
nax1112,포항,포항운하,Pohang Canal,activity,36.02861,129.37972,60,09:00–18:00 · 유료(크루즈),포항시 남구 희망대로 1040 구글 지오코딩,0,0,0,0,0,1,,,,,,96db458ed63b3e34a1c3d63a8ad444ea67ab6b77
nax1113,포항,환호공원,Hwanho Park,heal,36.06222,129.38722,50,상시 개방 · 무료,포항시 북구 환호동 구글 지오코딩,0,0,0,0,0,1,,,,,,96db458ed63b3e34a1c3d63a8ad444ea67ab6b77
nax1114,포항,월포해수욕장,Wolpo Beach,sea,36.15556,129.39444,60,상시 개방 · 무료,포항시 북구 청하면 월포리 구글 지오코딩,0,0,0,0,0,1,,,,,,96db458ed63b3e34a1c3d63a8ad444ea67ab6b77
nax1115,포항,죽도 물회거리,Jukdo Mulhoe Street,food,36.03389,129.36444,60,가게별 상이 · 유료,포항시 북구 죽도동 구글 지오코딩,0,0,0,0,0,1,,,,,,96db458ed63b3e34a1c3d63a8ad444ea67ab6b77
nax1116,포항,장기읍성,Janggi Fortress,herit,35.92361,129.44944,40,상시 개방 · 무료,포항시 남구 장기면 읍내리 구글 지오코딩,0,0,0,0,0,1,,,,,,96db458ed63b3e34a1c3d63a8ad444ea67ab6b77
nax1117,포항,연오랑세오녀 테마공원,Yeonorang Seonyeo Park,activity,36.01167,129.44444,50,상시 개방 · 무료,포항시 남구 동해면 임곡리 구글 지오코딩,0,0,0,0,0,1,,,,,,96db458ed63b3e34a1c3d63a8ad444ea67ab6b77
nax1118,포항,영일대 해상누각,Yeongildae Sea Pavilion,sea,36.05833,129.38278,30,상시 개방 · 무료,포항시 북구 두호동 해안 구글 지오코딩,0,0,0,0,0,1,,,,,,96db458ed63b3e34a1c3d63a8ad444ea67ab6b77
nax1131,안동,한국국학진흥원,Korean Studies Institute,herit,36.6425,128.80028,60,09:00–18:00 · 월 휴관 · 무료,안동시 도산면 퇴계로 1997 구글 지오코딩,0,0,0,0,0,1,,,,,,96db458ed63b3e34a1c3d63a8ad444ea67ab6b77
nax1132,안동,안동 이육사문학관,Yi Yuksa Literary Museum,herit,36.7745,128.8622,50,09:00–18:00 · 월 휴관 · 유료,안동시 도산면 백운로 525 구글 지오코딩,0,0,0,0,0,1,,,,,,96db458ed63b3e34a1c3d63a8ad444ea67ab6b77
nax1133,안동,농암종택,Nongam Head House,herit,36.79389,128.91861,50,상시 개방 · 무료(숙박 유료),안동시 도산면 가송길 162-133 구글 지오코딩,0,0,0,0,0,1,,,,,,96db458ed63b3e34a1c3d63a8ad444ea67ab6b77
nax1134,안동,고산정,Gosanjeong Pavilion,heal,36.7975,128.92944,40,상시 개방 · 무료,안동시 도산면 가송리 구글 지오코딩,0,0,0,0,0,1,,,,,,96db458ed63b3e34a1c3d63a8ad444ea67ab6b77
nax1135,안동,안동 신세동 벽화마을,Sinse-dong Mural Village,activity,36.57139,128.74222,40,상시 개방 · 무료,안동시 임청각길 일대 구글 지오코딩,0,0,0,0,0,1,,,,,,96db458ed63b3e34a1c3d63a8ad444ea67ab6b77
nax1136,안동,안동댐 물문화관,Andong Dam Water Culture Hall,activity,36.58583,128.77556,40,09:00–18:00 · 무료,안동시 성곡동 안동댐 구글 지오코딩,0,0,0,0,0,1,,,,,,96db458ed63b3e34a1c3d63a8ad444ea67ab6b77
nax1137,안동,하회세계탈박물관,Hahoe Mask Museum,herit,36.53833,128.51889,40,09:30–18:00 · 유료,안동시 풍천면 전서로 206 구글 지오코딩,0,0,0,0,0,1,,,,,,96db458ed63b3e34a1c3d63a8ad444ea67ab6b77
nax1150,여수,아쿠아플라넷 여수,Aquaplanet Yeosu,activity,34.75417,127.74722,120,09:30–18:00 · 유료,여수시 오동도로 61-11 구글 지오코딩,0,0,0,0,0,1,,,,,,96db458ed63b3e34a1c3d63a8ad444ea67ab6b77
nax1151,여수,여수세계박람회장,Yeosu Expo Park,activity,34.75278,127.7475,70,상시 개방 · 무료(시설별 유료),여수시 박람회길 1 구글 지오코딩,0,1,0,0,0,1,,,,,,96db458ed63b3e34a1c3d63a8ad444ea67ab6b77
nax1152,여수,예술의섬 장도,Jangdo Art Island,activity,34.7402,127.7269,60,09:00–18:00 · 무료(물때 확인),여수시 예울마루로 20 구글 지오코딩,0,0,0,0,0,1,,,,,,96db458ed63b3e34a1c3d63a8ad444ea67ab6b77
nax1153,여수,금오도 비렁길,Geumodo Cliff Trail,heal,34.47472,127.77667,300,여객선 운항 시간 · 무료,여수시 남면 금오도 구글 지오코딩,0,0,0,0,0,1,,,,,,96db458ed63b3e34a1c3d63a8ad444ea67ab6b77
nax1154,여수,거문도·백도,Geomundo & Baekdo,sea,34.02806,127.30833,480,여객선 운항 시간 · 유료,여수시 삼산면 거문리 구글 지오코딩,0,0,0,0,0,1,,,,,,96db458ed63b3e34a1c3d63a8ad444ea67ab6b77
nax1155,여수,흥국사,Heungguksa Temple,herit,34.80639,127.63472,50,상시 개방 · 무료,여수시 중흥동 17 구글 지오코딩,0,0,0,0,0,1,,,,,,96db458ed63b3e34a1c3d63a8ad444ea67ab6b77
nax1156,여수,영취산 진달래,Yeongchwisan Azaleas,heal,34.81111,127.64167,150,상시 개방 · 무료,여수시 상암동 영취산 구글 지오코딩,0,0,0,0,0,1,,,,,,96db458ed63b3e34a1c3d63a8ad444ea67ab6b77
nax1157,여수,웅천친수공원,Ungcheon Waterfront Park,sea,34.74306,127.66889,50,상시 개방 · 무료,여수시 웅천동 친수공원 구글 지오코딩,0,0,0,0,0,1,,,,,,96db458ed63b3e34a1c3d63a8ad444ea67ab6b77
nax1160,양주,회암사지,Hoeamsa Temple Site,herit,37.76694,127.09944,60,09:00–18:00 · 무료,양주시 회암동 산14-1 구글 지오코딩,0,0,0,0,0,1,,,,,,96db458ed63b3e34a1c3d63a8ad444ea67ab6b77
nax1161,양주,양주 나리공원,Yangju Nari Park,heal,37.7967,126.9932,50,상시 개방 · 무료,양주시 광적면 부흥로 305 구글 지오코딩,0,0,0,0,0,1,,,,,,96db458ed63b3e34a1c3d63a8ad444ea67ab6b77
nax1162,양주,양주시립장욱진미술관,Chang Ucchin Museum,activity,37.70944,126.97972,60,10:00–18:00 · 월 휴관 · 유료,양주시 장흥면 권율로 193 구글 지오코딩,0,0,0,0,0,1,,,,,,96db458ed63b3e34a1c3d63a8ad444ea67ab6b77
nax1163,양주,송암스페이스센터,Songam Space Center,activity,37.70389,126.97528,90,10:00–22:00 · 월 휴관 · 유료,양주시 장흥면 권율로 185 구글 지오코딩,0,0,0,0,0,1,,,,,,96db458ed63b3e34a1c3d63a8ad444ea67ab6b77
nax1164,양주,장흥자연휴양림,Jangheung Forest Resort,heal,37.70972,126.94833,120,상시 개방 · 유료,양주시 장흥면 명달로 471 구글 지오코딩,0,0,0,0,0,1,,,,,,96db458ed63b3e34a1c3d63a8ad444ea67ab6b77
nax1165,양주,불곡산,Bulgoksan,heal,37.79139,127.02778,180,상시 개방 · 무료,양주시 유양동 불곡산 구글 지오코딩,0,0,0,0,0,1,,,,,,96db458ed63b3e34a1c3d63a8ad444ea67ab6b77
nax1166,양주,양주 별산대놀이마당,Yangju Byeolsandae Theatre,herit,37.78778,127.03167,50,공연 일정별 · 무료,양주시 유양동 685 구글 지오코딩,0,0,0,0,0,1,,,,,,96db458ed63b3e34a1c3d63a8ad444ea67ab6b77
nax1167,양주,양주관아지,Yangju Government Office Site,herit,37.78944,127.02972,30,상시 개방 · 무료,양주시 유양동 199 구글 지오코딩,0,0,0,0,0,1,,,,,,96db458ed63b3e34a1c3d63a8ad444ea67ab6b77
nax1170,울릉,성인봉,Seonginbong Peak,heal,37.50083,130.86333,300,상시 개방 · 무료,울릉군 울릉읍 도동리 산 구글 지오코딩,0,0,0,0,0,1,,,,,,96db458ed63b3e34a1c3d63a8ad444ea67ab6b77
nax1171,울릉,저동 촛대바위,Jeodong Candlestick Rock,sea,37.50361,130.91611,30,상시 개방 · 무료,울릉군 울릉읍 저동리 구글 지오코딩,0,0,0,0,0,1,,,,,,96db458ed63b3e34a1c3d63a8ad444ea67ab6b77
nax1172,울릉,행남해안산책로,Haengnam Coastal Path,sea,37.48889,130.91611,90,상시 개방 · 무료(구간 통제),울릉군 울릉읍 도동리 행남길 구글 지오코딩,0,0,0,0,0,1,,,,,,96db458ed63b3e34a1c3d63a8ad444ea67ab6b77
nax1173,울릉,울릉도 해상관광 유람선,Ulleung Island Cruise,activity,37.48167,130.90944,150,기상·운항 일정별 · 유료,울릉군 울릉읍 도동항 구글 지오코딩,0,0,0,0,0,1,,,,,,96db458ed63b3e34a1c3d63a8ad444ea67ab6b77
nax1174,울릉,독도,Dokdo,sea,37.24139,131.86528,240,여객선 운항·접안 조건 · 유료,울릉군 독도리 구글 지오코딩,0,1,0,0,0,1,,,,,,96db458ed63b3e34a1c3d63a8ad444ea67ab6b77
nax1175,울릉,독도박물관,Dokdo Museum,herit,37.48278,130.90417,50,09:00–18:00 · 월 휴관 · 무료,울릉군 울릉읍 약수터길 90 구글 지오코딩,0,0,0,0,0,1,,,,,,96db458ed63b3e34a1c3d63a8ad444ea67ab6b77
nax1176,울릉,태하 향목관광모노레일,Taeha Monorail,activity,37.51139,130.83194,60,09:00–17:00 · 유료,울릉군 서면 태하리 구글 지오코딩,0,0,0,0,0,1,,,,,,96db458ed63b3e34a1c3d63a8ad444ea67ab6b77
nax1177,울릉,울릉 예림원,Yerimwon Garden,heal,37.53194,130.84167,50,08:00–18:00 · 유료,울릉군 서면 예림원길 65 구글 지오코딩,0,0,0,0,0,1,,,,,,96db458ed63b3e34a1c3d63a8ad444ea67ab6b77
nax1178,울릉,현포항 노을,Hyeonpo Port Sunset,sea,37.54028,130.83667,30,상시 개방 · 무료,울릉군 북면 현포리 구글 지오코딩,0,0,0,0,0,1,,,,,,96db458ed63b3e34a1c3d63a8ad444ea67ab6b77
nax1179,울릉,죽도,Jukdo Islet,sea,37.5375,130.94722,180,여객선 운항 시간 · 유료,울릉군 울릉읍 저동리 죽도 구글 지오코딩,0,0,0,0,0,1,,,,,,96db458ed63b3e34a1c3d63a8ad444ea67ab6b77
nax1190,남양주,홍릉·유릉,Hongneung & Yureung,herit,37.62944,127.21722,50,09:00–18:00 · 월 휴관 · 유료,남양주시 홍유릉로 352-1 구글 지오코딩,1,0,0,0,0,1,,,,,,96db458ed63b3e34a1c3d63a8ad444ea67ab6b77
nax1191,남양주,북한강철교,Bukhangang Rail Bridge,heal,37.54611,127.30389,50,상시 개방 · 무료,남양주시 조안면 능내리 구글 지오코딩,0,0,0,0,0,1,,,,,,96db458ed63b3e34a1c3d63a8ad444ea67ab6b77
nax1192,남양주,축령산자연휴양림,Chungnyeongsan Forest Resort,heal,37.747,127.3359,150,상시 개방 · 유료,남양주시 수동면 축령산로 299 구글 지오코딩,0,0,0,0,0,1,,,,,,96db458ed63b3e34a1c3d63a8ad444ea67ab6b77
nax1193,경기광주,팔당물안개공원,Paldang Mist Park,heal,37.5245,127.2926,60,상시 개방 · 무료,광주시 남종면 귀여리 구글 지오코딩,0,0,0,0,0,1,,,,,,96db458ed63b3e34a1c3d63a8ad444ea67ab6b77
nax1194,경기광주,분원백자자료관,Bunwon White Porcelain Museum,herit,37.515,127.31889,40,09:00–18:00 · 월 휴관 · 유료,광주시 남종면 분원리 68 구글 지오코딩,0,0,0,0,0,1,,,,,,96db458ed63b3e34a1c3d63a8ad444ea67ab6b77
nax1195,이천,시몬스 테라스,Simmons Terrace,activity,37.226,127.429,70,11:00–19:00 · 무료,이천시 모가면 사실로 988 구글 지오코딩,0,0,0,0,0,1,,,,,,96db458ed63b3e34a1c3d63a8ad444ea67ab6b77
nax1196,이천,백사 산수유마을,Baeksa Cornelian Cherry Village,heal,37.296,127.481,60,상시 개방 · 무료,이천시 백사면 도립리 구글 지오코딩,0,0,0,0,0,1,,,,,,96db458ed63b3e34a1c3d63a8ad444ea67ab6b77
nax1197,여주,황학산수목원,Hwanghaksan Arboretum,heal,37.31833,127.60417,70,09:00–18:00 · 무료,여주시 매룡동 황학산 구글 지오코딩,0,0,0,0,0,1,,,,,,96db458ed63b3e34a1c3d63a8ad444ea67ab6b77
nax1198,고양,렛츠런팜 원당,Wondang Horse Ranch,heal,37.67083,126.854,60,10:00–17:00 · 월 휴장 · 무료,고양시 덕양구 도촌동 목장 구글 지오코딩,0,0,0,0,0,1,,,,,,96db458ed63b3e34a1c3d63a8ad444ea67ab6b77
nax1199,용인,용인 대장금파크,Dae Jang Geum Park,activity,37.2275,127.4071,90,09:00–18:00 · 유료,용인시 처인구 백암면 용천리 778-1 구글 지오코딩,0,0,0,0,0,1,,,,,,96db458ed63b3e34a1c3d63a8ad444ea67ab6b77
nax1210,홍성,만해 한용운 생가지,Han Yong-un Birthplace,herit,36.5578,126.6478,40,09:00–18:00 · 무료,홍성군 결성면 만해로 318번길 83 구글 지오코딩,0,0,0,0,0,1,,,,,,96db458ed63b3e34a1c3d63a8ad444ea67ab6b77
nax1211,홍성,용봉산,Yongbongsan,heal,36.6152,126.6297,150,상시 개방 · 무료,홍성군 홍북읍 용봉산 구글 지오코딩,0,0,0,0,0,1,,,,,,96db458ed63b3e34a1c3d63a8ad444ea67ab6b77
nax1212,예산,추사고택,Kim Jeong-hui House,herit,36.7169,126.7492,40,09:00–18:00 · 무료,예산군 신암면 추사고택로 261 구글 지오코딩,0,0,0,0,0,1,,,,,,96db458ed63b3e34a1c3d63a8ad444ea67ab6b77
nax1213,예산,예산상설시장,Yesan Market,food,36.6825,126.8489,60,가게별 상이 · 유료,예산군 예산읍 형제고개로 22 구글 지오코딩,0,0,0,0,0,1,,,,,,96db458ed63b3e34a1c3d63a8ad444ea67ab6b77
nax1214,논산,강경 근대역사거리,Ganggyeong Historic Street,herit,36.1553,127.0114,60,상시 개방 · 무료,논산시 강경읍 중앙리 구글 지오코딩,0,0,0,0,0,1,,,,,,96db458ed63b3e34a1c3d63a8ad444ea67ab6b77
nax1215,서천,신성리 갈대밭,Sinseong-ri Reed Field,heal,36.0556,126.7986,50,상시 개방 · 무료,서천군 한산면 신성리 구글 지오코딩,0,0,0,0,0,1,,,,,,96db458ed63b3e34a1c3d63a8ad444ea67ab6b77
nax1216,당진,솔뫼성지,Solmoe Shrine,herit,36.8908,126.7222,50,09:00–18:00 · 무료,당진시 우강면 솔뫼로 132 구글 지오코딩,0,0,0,0,0,1,,,,,,96db458ed63b3e34a1c3d63a8ad444ea67ab6b77
nax1217,서산,서산 마애여래삼존상,Seosan Rock-carved Triad,herit,36.7293,126.5961,40,09:00–18:00 · 무료,서산시 운산면 마애삼존불길 65-13 구글 지오코딩,0,0,0,0,0,1,,,,,,96db458ed63b3e34a1c3d63a8ad444ea67ab6b77
nax1218,세종,이응다리,Geumgang Pedestrian Bridge,activity,36.4881,127.2778,50,상시 개방 · 무료,세종시 세종동 금강보행교 구글 지오코딩,0,0,0,0,0,1,,,,,,96db458ed63b3e34a1c3d63a8ad444ea67ab6b77
nax1219,세종,밀마루전망대,Milmaru Observatory,heal,36.5069,127.2586,30,10:00–18:00 · 무료,세종시 도움6로 11 구글 지오코딩,0,0,0,0,0,1,,,,,,96db458ed63b3e34a1c3d63a8ad444ea67ab6b77
nax1230,담양,담양호 용마루길,Damyangho Lakeside Walk,heal,35.4106,127.0011,90,상시 개방 · 무료,담양군 용면 담양호 구글 지오코딩,0,0,0,0,0,1,,,,,,96db458ed63b3e34a1c3d63a8ad444ea67ab6b77
nax1231,고창,학원농장 청보리밭,Hakwon Farm Barley Field,heal,35.4472,126.6669,60,상시 개방 · 무료,고창군 공음면 학원농장길 158-6 구글 지오코딩,0,0,0,0,0,1,,,,,,96db458ed63b3e34a1c3d63a8ad444ea67ab6b77
nax1232,정읍,정읍 쌍화차거리,Jeongeup Ssanghwacha Street,food,35.5686,126.8564,50,가게별 상이 · 유료,정읍시 시기동 쌍화차거리 구글 지오코딩,0,0,0,0,0,1,,,,,,96db458ed63b3e34a1c3d63a8ad444ea67ab6b77
nax1233,장성,장성호 수변길,Jangseongho Waterside Trail,heal,35.36,126.8006,80,상시 개방 · 무료,장성군 장성호 수변길 구글 지오코딩,0,0,0,0,0,1,,,,,,96db458ed63b3e34a1c3d63a8ad444ea67ab6b77
nax1234,화순,세량지,Seryangji Pond,heal,35.0328,126.9542,40,상시 개방 · 무료,화순군 화순읍 세량리 구글 지오코딩,0,0,0,0,0,1,,,,,,96db458ed63b3e34a1c3d63a8ad444ea67ab6b77
nax1235,해남,미황사,Mihwangsa Temple,herit,34.4128,126.5411,60,상시 개방 · 유료,해남군 송지면 미황사길 164 구글 지오코딩,0,0,0,0,0,1,,,,,,96db458ed63b3e34a1c3d63a8ad444ea67ab6b77
nax1236,보성,태백산맥문학관,Taebaek Sanmaek Literary Hall,herit,34.83,127.3369,50,09:00–18:00 · 월 휴관 · 유료,보성군 벌교읍 홍교3길 2 구글 지오코딩,0,0,0,0,0,1,,,,,,96db458ed63b3e34a1c3d63a8ad444ea67ab6b77
nax1237,신안,흑산도,Heuksando,sea,34.6858,125.4353,420,여객선 운항 시간 · 유료,신안군 흑산면 예리 구글 지오코딩,0,0,0,0,0,1,,,,,,96db458ed63b3e34a1c3d63a8ad444ea67ab6b77
nax1238,익산,아가페정원,Agape Garden,heal,36.0175,126.9525,50,개방 기간 상이 · 유료,익산시 여산면 두여1길 21-9 구글 지오코딩,0,0,0,0,0,1,,,,,,96db458ed63b3e34a1c3d63a8ad444ea67ab6b77
nax1239,부안,적벽강,Jeokbyeokgang Cliffs,sea,35.6522,126.4483,50,상시 개방 · 무료,부안군 변산면 격포리 구글 지오코딩,0,0,0,0,0,1,,,,,,96db458ed63b3e34a1c3d63a8ad444ea67ab6b77
nax1250,철원,월정리역,Woljeong-ri Station,herit,38.2758,127.2181,40,안보견학 일정별 · 유료,철원군 철원읍 홍원리 구글 지오코딩,0,0,0,0,0,1,,,,,,96db458ed63b3e34a1c3d63a8ad444ea67ab6b77
nax1251,철원,백마고지 전적지,Baengmagoji Battle Site,herit,38.3103,127.1839,40,상시 개방 · 무료,철원군 철원읍 대마리 구글 지오코딩,0,0,0,0,0,1,,,,,,96db458ed63b3e34a1c3d63a8ad444ea67ab6b77
nax1252,철원,도피안사,Dopiansa Temple,herit,38.2317,127.2358,40,상시 개방 · 무료,철원군 동송읍 관우리 450 구글 지오코딩,0,0,0,0,0,1,,,,,,96db458ed63b3e34a1c3d63a8ad444ea67ab6b77
nax1253,철원,철원 두루미 월동지,Cheorwon Crane Fields,heal,38.2189,127.1889,90,겨울철 탐조 · 예약제,철원군 동송읍 양지리 철원평야 구글 지오코딩,0,0,0,0,0,1,,,,,,96db458ed63b3e34a1c3d63a8ad444ea67ab6b77
nax1254,철원,한탄강 주상절리길,Hantangang Columnar Joint Path,heal,38.188,127.3,120,09:00–17:00 · 유료,철원군 동송읍 장흥리 구글 지오코딩,0,1,0,0,0,1,,,,,,96db458ed63b3e34a1c3d63a8ad444ea67ab6b77
nax1255,철원,철원 승일교,Seungil Bridge,herit,38.1906,127.2853,30,상시 개방 · 무료,철원군 동송읍 장흥리 구글 지오코딩,0,0,0,0,0,1,,,,,,96db458ed63b3e34a1c3d63a8ad444ea67ab6b77
nax1256,철원,철원 학저수지,Hak Reservoir,heal,38.1906,127.2214,50,상시 개방 · 무료,철원군 동송읍 오지리 구글 지오코딩,0,0,0,0,0,1,,,,,,96db458ed63b3e34a1c3d63a8ad444ea67ab6b77
nax1270,하동,화개장터,Hwagae Market,food,35.1904,127.6276,50,09:00–18:00 · 무료,하동군 화개면 쌍계로 15 구글 지오코딩,0,1,0,0,0,1,,,,,,96db458ed63b3e34a1c3d63a8ad444ea67ab6b77
nax1271,하동,쌍계사,Ssanggyesa Temple,herit,35.2317,127.6506,60,상시 개방 · 유료,하동군 화개면 쌍계사길 59 구글 지오코딩,0,1,0,0,0,1,,,,,,96db458ed63b3e34a1c3d63a8ad444ea67ab6b77
nax1272,하동,최참판댁,Choi Champandaek,herit,35.1361,127.7,60,09:00–18:00 · 유료,하동군 악양면 평사리 269 구글 지오코딩,0,0,0,0,0,1,,,,,,96db458ed63b3e34a1c3d63a8ad444ea67ab6b77
nax1273,하동,하동 십리벚꽃길,Hwagae Cherry Blossom Road,heal,35.1889,127.6417,60,상시 개방 · 무료,하동군 화개면 쌍계로 구글 지오코딩,0,0,0,0,0,1,,,,,,96db458ed63b3e34a1c3d63a8ad444ea67ab6b77
nax1274,하동,하동 녹차밭 (도심다원),Hadong Tea Fields,heal,35.2169,127.6414,60,09:00–18:00 · 유료(시음),하동군 화개면 정금리 구글 지오코딩,0,0,0,0,0,1,,,,,,96db458ed63b3e34a1c3d63a8ad444ea67ab6b77
nax1275,하동,하동 송림공원,Hadong Pine Grove,heal,35.0678,127.7519,40,상시 개방 · 무료,하동군 하동읍 광평리 443-10 구글 지오코딩,0,0,0,0,0,1,,,,,,96db458ed63b3e34a1c3d63a8ad444ea67ab6b77
nax1276,하동,삼성궁,Samseonggung,herit,35.2664,127.6108,80,08:30–17:00 · 유료,하동군 청암면 삼성궁길 2 구글 지오코딩,0,0,0,0,0,1,,,,,,96db458ed63b3e34a1c3d63a8ad444ea67ab6b77
nax1277,하동,하동 스카이워크,Hadong Skywalk,activity,35.0644,127.7539,30,상시 개방 · 무료,하동군 하동읍 섬진강대로 구글 지오코딩,0,0,0,0,0,1,,,,,,96db458ed63b3e34a1c3d63a8ad444ea67ab6b77
nax1278,하동,금오산 짚와이어,Geumosan Zip Wire,activity,34.9772,127.8267,90,09:00–17:00 · 유료,하동군 금남면 경충로 493-37 구글 지오코딩,0,0,0,0,0,1,,,,,,96db458ed63b3e34a1c3d63a8ad444ea67ab6b77
nax1290,거창,우두산 Y자형 출렁다리,Udusan Y-Bridge,activity,35.7225,128.0086,90,상시 개방 · 무료,거창군 가조면 의상봉길 830 구글 지오코딩,0,0,0,0,0,1,,,,,,96db458ed63b3e34a1c3d63a8ad444ea67ab6b77
nax1291,거창,고견사,Gogyeonsa Temple,herit,35.7181,128.0158,70,상시 개방 · 무료,거창군 가조면 의상봉길 1049 구글 지오코딩,0,0,0,0,0,1,,,,,,96db458ed63b3e34a1c3d63a8ad444ea67ab6b77
nax1292,거창,월성계곡,Wolseong Valley,heal,35.8022,127.7686,80,상시 개방 · 무료,거창군 북상면 월성리 구글 지오코딩,0,0,0,0,0,1,,,,,,96db458ed63b3e34a1c3d63a8ad444ea67ab6b77
nax1293,거창,거창 창포원,Geochang Iris Garden,heal,35.6393,127.9243,60,09:00–18:00 · 유료,거창군 남상면 창포원로 619 구글 지오코딩,0,0,0,0,0,1,,,,,,96db458ed63b3e34a1c3d63a8ad444ea67ab6b77
nax1294,거창,감악산 아스타 꽃밭,Gamaksan Aster Fields,heal,35.6019,127.9608,70,상시 개방 · 무료,거창군 신원면 연수사길 감악산 구글 지오코딩,0,0,0,0,0,1,,,,,,96db458ed63b3e34a1c3d63a8ad444ea67ab6b77
nax1295,거창,거창사건추모공원,Geochang Incident Memorial Park,herit,35.5716,127.8875,40,09:00–18:00 · 무료,거창군 신원면 신차로 2924 구글 지오코딩,0,0,0,0,0,1,,,,,,96db458ed63b3e34a1c3d63a8ad444ea67ab6b77
nax1296,거창,황산마을 옛담장,Hwangsan Village Walls,herit,35.7249,127.8351,40,상시 개방 · 무료,거창군 위천면 황산리 구글 지오코딩,0,0,0,0,0,1,,,,,,96db458ed63b3e34a1c3d63a8ad444ea67ab6b77
nax1297,거창,거창박물관,Geochang Museum,herit,35.6864,127.9106,40,09:00–18:00 · 월 휴관 · 무료,거창군 거창읍 수남로 2181 구글 지오코딩,0,0,0,0,0,1,,,,,,96db458ed63b3e34a1c3d63a8ad444ea67ab6b77
nax1310,시흥,시흥 갯골생태공원,Siheung Getgol Eco Park,heal,37.38977,126.78124,60,상시 개방 · 무료,한국관광공사 관광정보 좌표,0,0,1,0,0,1,,,,,,96db458ed63b3e34a1c3d63a8ad444ea67ab6b77
nax1311,예산,예당관광지,Yedang Resort Area,heal,36.63699,126.79973,70,상시 개방 · 무료,한국관광공사 관광정보 좌표,0,0,1,0,0,1,,,,,,96db458ed63b3e34a1c3d63a8ad444ea67ab6b77
nax1312,예산,대흥슬로시티,Daeheung Slow City,herit,36.60668,126.79033,60,상시 개방 · 무료,한국관광공사 관광정보 좌표,0,0,1,0,0,1,,,,,,96db458ed63b3e34a1c3d63a8ad444ea67ab6b77
nax1313,예산,봉수산자연휴양림,Bongsusan Forest Resort,heal,36.59845,126.78088,90,09:00–18:00 · 유료,한국관광공사 관광정보 좌표,0,0,1,0,0,1,,,,,,96db458ed63b3e34a1c3d63a8ad444ea67ab6b77
nax1314,청주,청주동물원,Cheongju Zoo,activity,36.65246,127.52068,90,09:00–18:00 · 유료,한국관광공사 관광정보 좌표,0,0,1,0,0,1,,,,,,96db458ed63b3e34a1c3d63a8ad444ea67ab6b77
nax1315,단양,다리안관광지,Darian Resort Area,heal,36.96483,128.4208,70,상시 개방 · 무료,한국관광공사 관광정보 좌표,0,0,1,0,0,1,,,,,,96db458ed63b3e34a1c3d63a8ad444ea67ab6b77
nax1316,군산,군산 시간여행마을,Gunsan Time Travel Village,herit,35.9887,126.71813,80,상시 개방 · 무료,한국관광공사 관광정보 좌표,0,0,1,0,0,1,,,,,,96db458ed63b3e34a1c3d63a8ad444ea67ab6b77
nax1317,완주,삼례문화예술촌,Samnye Culture & Art Village,activity,35.90619,127.06624,60,10:00–18:00 · 월 휴관 · 유료,한국관광공사 관광정보 좌표,0,0,1,0,0,1,,,,,,96db458ed63b3e34a1c3d63a8ad444ea67ab6b77
nax1318,진안,마이산도립공원,Maisan Provincial Park,heal,35.77551,127.41786,120,상시 개방 · 유료,한국관광공사 관광정보 좌표,0,1,1,0,0,1,,,,,,96db458ed63b3e34a1c3d63a8ad444ea67ab6b77
nax1319,전주,전주동물원,Jeonju Zoo,activity,35.85522,127.14562,90,09:00–18:00 · 유료,한국관광공사 관광정보 좌표,0,0,1,0,0,1,,,,,,96db458ed63b3e34a1c3d63a8ad444ea67ab6b77
nax1320,부안,모항해수욕장,Mohang Beach,sea,35.58286,126.50774,60,상시 개방 · 무료,한국관광공사 관광정보 좌표,0,0,1,0,0,1,,,,,,96db458ed63b3e34a1c3d63a8ad444ea67ab6b77
nax1321,임실,임실치즈테마파크,Imsil Cheese Theme Park,activity,35.63313,127.30125,90,09:00–18:00 · 유료,한국관광공사 관광정보 좌표,0,0,1,0,0,1,,,,,,96db458ed63b3e34a1c3d63a8ad444ea67ab6b77
nax1322,장수,와룡자연휴양림,Waryong Forest Resort,heal,35.68121,127.47931,120,상시 개방 · 유료,한국관광공사 관광정보 좌표,0,0,1,0,0,1,,,,,,96db458ed63b3e34a1c3d63a8ad444ea67ab6b77
nax1323,장수,장수누리파크,Jangsu Nuri Park,heal,35.64108,127.52326,50,상시 개방 · 무료,한국관광공사 관광정보 좌표,0,0,1,0,0,1,,,,,,96db458ed63b3e34a1c3d63a8ad444ea67ab6b77
nax1324,장수,방화동자연휴양림,Banghwadong Forest Resort,heal,35.58976,127.52911,120,상시 개방 · 유료,한국관광공사 관광정보 좌표,0,0,1,0,0,1,,,,,,96db458ed63b3e34a1c3d63a8ad444ea67ab6b77
nax1325,순창,향가유원지,Hyangga Riverside Park,heal,35.3391,127.19188,60,상시 개방 · 무료,한국관광공사 관광정보 좌표,0,0,1,0,0,1,,,,,,96db458ed63b3e34a1c3d63a8ad444ea67ab6b77
nax1326,순창,강천산 군립공원,Gangcheonsan County Park,heal,35.40879,127.0675,150,상시 개방 · 유료,한국관광공사 관광정보 좌표,0,1,1,0,0,1,,,,,,96db458ed63b3e34a1c3d63a8ad444ea67ab6b77
nax1327,남원,지리산 허브밸리,Jirisan Herb Valley,heal,35.43515,127.54862,70,09:00–18:00 · 유료,한국관광공사 관광정보 좌표,0,0,1,0,0,1,,,,,,96db458ed63b3e34a1c3d63a8ad444ea67ab6b77
nax1328,남원,남원항공우주천문대,Namwon Astronomy Center,activity,35.39917,127.38737,70,14:00–22:00 · 월 휴관 · 유료,한국관광공사 관광정보 좌표,0,0,1,0,0,1,,,,,,96db458ed63b3e34a1c3d63a8ad444ea67ab6b77
nax1329,장흥,정남진 편백숲 우드랜드,Jeongnamjin Cypress Woodland,heal,34.66831,126.93399,120,09:00–18:00 · 유료,한국관광공사 관광정보 좌표,0,1,1,0,0,1,,,,,,96db458ed63b3e34a1c3d63a8ad444ea67ab6b77
nax1330,완도,정도리 구계등,Jeongdo-ri Gugyedeung,sea,34.29813,126.70689,50,상시 개방 · 무료,한국관광공사 관광정보 좌표,0,0,1,0,0,1,,,,,,96db458ed63b3e34a1c3d63a8ad444ea67ab6b77
nax1331,대구,사문진 주막촌,Samunjin Tavern Village,herit,35.8111,128.47867,60,상시 개방 · 무료,한국관광공사 관광정보 좌표,0,0,1,0,0,1,,,,,,96db458ed63b3e34a1c3d63a8ad444ea67ab6b77
nax1332,대구,비슬산군립공원,Biseulsan County Park,heal,35.71674,128.52492,180,상시 개방 · 유료,한국관광공사 관광정보 좌표,0,0,1,0,0,1,,,,,,96db458ed63b3e34a1c3d63a8ad444ea67ab6b77
nax1333,고령,대가야역사테마관광지,Daegaya History Theme Park,herit,35.72121,128.25994,80,09:00–18:00 · 유료,한국관광공사 관광정보 좌표,0,0,1,0,0,1,,,,,,96db458ed63b3e34a1c3d63a8ad444ea67ab6b77
nax1334,산청,산청 동의보감촌,Donguibogam Village,heal,35.44107,127.82936,120,09:00–18:00 · 유료,한국관광공사 관광정보 좌표,0,1,1,0,0,1,,,,,,96db458ed63b3e34a1c3d63a8ad444ea67ab6b77
nax1335,거제,수협효시공원,Fisheries Co-op Origin Park,herit,34.92957,128.52517,40,상시 개방 · 무료,한국관광공사 관광정보 좌표,0,0,1,0,0,1,,,,,,96db458ed63b3e34a1c3d63a8ad444ea67ab6b77
nax1336,거제,칠천량해전공원,Chilcheonnyang Battle Park,herit,34.97767,128.62826,50,09:00–18:00 · 유료,한국관광공사 관광정보 좌표,0,0,1,0,0,1,,,,,,96db458ed63b3e34a1c3d63a8ad444ea67ab6b77
nax1337,횡성,유현문화관광지,Yuhyeon Culture Resort,activity,37.53072,127.81994,70,09:00–18:00 · 유료,한국관광공사 관광정보 좌표,0,0,1,0,0,1,,,,,,96db458ed63b3e34a1c3d63a8ad444ea67ab6b77
nax1338,강릉,연곡해변,Yeongok Beach,sea,37.8585,128.8548,60,상시 개방 · 무료,한국관광공사 관광정보 좌표,0,0,1,0,0,1,,,,,,96db458ed63b3e34a1c3d63a8ad444ea67ab6b77
nax1339,강릉,강릉통일공원,Gangneung Unification Park,herit,37.72046,128.99841,60,09:00–17:00 · 유료,한국관광공사 관광정보 좌표,0,0,1,0,0,1,,,,,,96db458ed63b3e34a1c3d63a8ad444ea67ab6b77
nax1340,제주,붉은오름자연휴양림,Bulgeun Oreum Forest Resort,heal,33.39527,126.67427,90,09:00–18:00 · 유료,한국관광공사 관광정보 좌표,0,0,1,0,0,1,,,,,,96db458ed63b3e34a1c3d63a8ad444ea67ab6b77
nax1410,인천,연안부두 해양광장,Yeonan Wharf Marine Plaza,sea,37.4433,126.5978,40,상시 개방 · 무료,열린관광지 목록 주소 기반 좌표,0,0,1,0,0,1,,,,,,96db458ed63b3e34a1c3d63a8ad444ea67ab6b77
nax1411,충주,충주 세계무술공원,Chungju World Martial Arts Park,activity,37.0016,127.928,60,상시 개방 · 무료,열린관광지 목록 주소 기반 좌표,0,0,1,0,0,1,,,,,,96db458ed63b3e34a1c3d63a8ad444ea67ab6b77
nax1412,익산,익산 고스락,Iksan Goseurak,food,36.081,126.977,50,09:00–18:00 · 유료(체험),열린관광지 목록 주소 기반 좌표,0,0,1,0,0,1,,,,,,96db458ed63b3e34a1c3d63a8ad444ea67ab6b77
nax1413,임실,옥정호 외얏날,Okjeongho Oeyatnal,heal,35.5846,127.136,60,상시 개방 · 무료,열린관광지 목록 주소 기반 좌표,0,0,1,0,0,1,,,,,,96db458ed63b3e34a1c3d63a8ad444ea67ab6b77
nax1414,장수,뜬봉샘 생태관광지,Tteunbongsaem Eco Site,heal,35.6497,127.5128,70,상시 개방 · 무료,열린관광지 목록 주소 기반 좌표,0,0,1,0,0,1,,,,,,96db458ed63b3e34a1c3d63a8ad444ea67ab6b77
nax1415,남원,국악의 성지,Home of Korean Traditional Music,herit,35.4503,127.5354,60,09:00–18:00 · 월 휴관 · 무료,열린관광지 목록 주소 기반 좌표,0,0,1,0,0,1,,,,,,96db458ed63b3e34a1c3d63a8ad444ea67ab6b77
nax1416,남원,백두대간 생태교육장,Baekdudaegan Eco Education Centre,heal,35.4411,127.5266,60,09:00–18:00 · 월 휴관 · 무료,열린관광지 목록 주소 기반 좌표,0,0,1,0,0,1,,,,,,96db458ed63b3e34a1c3d63a8ad444ea67ab6b77
nax1417,춘천,박사마을 어린이 글램핑장,Baksa Village Kids Glamping,stay,37.9012,127.6618,180,예약제 · 유료,열린관광지 목록 주소 기반 좌표,0,0,1,0,0,0,lodging,,,,,96db458ed63b3e34a1c3d63a8ad444ea67ab6b77
nax1418,춘천,의암호 킹카누,Uiamho King Canoe,activity,37.8636,127.7069,90,09:00–18:00 · 유료,열린관광지 목록 주소 기반 좌표,0,0,1,0,0,1,,,,,,96db458ed63b3e34a1c3d63a8ad444ea67ab6b77
nax1419,강릉,허균·허난설헌 기념공원,Heo Gyun & Heo Nanseolheon Park,herit,37.7935,128.9105,50,09:00–18:00 · 무료,열린관광지 목록 주소 기반 좌표,0,0,1,0,0,1,,,,,,96db458ed63b3e34a1c3d63a8ad444ea67ab6b77
nax1510,청주,청주 명암유원지,Myeongam Resort Area,heal,36.647,127.5197,50,상시 개방 · 무료,열린관광지 목록·명암유원지 기준 좌표,0,0,1,0,0,1,,,,,,96db458ed63b3e34a1c3d63a8ad444ea67ab6b77
nax1511,충주,충주호체험관광지,Chungjuho Activity Park,herit,36.9853,128.0231,80,09:00–18:00 · 유료,충주호 수변 기준 좌표,0,0,1,0,0,1,,,,,,96db458ed63b3e34a1c3d63a8ad444ea67ab6b77
nax1513,수원,제부도 해상케이블카,Jebudo Sea Cable Car,activity,37.1786,126.679,70,09:30–18:00 · 유료,한국관광 100선 기준 좌표,0,1,0,0,0,1,,,,,,96db458ed63b3e34a1c3d63a8ad444ea67ab6b77
nax1516,봉화,국립백두대간수목원,Baekdudaegan Arboretum,heal,37.00808,128.82993,120,09:00–18:00 · 월 휴관 · 유료,한국관광공사 관광정보 좌표,0,1,0,0,0,1,,,,,,96db458ed63b3e34a1c3d63a8ad444ea67ab6b77
nax1517,통영,디피랑,DPIRANG,activity,34.84206,128.42848,80,일몰 후–22:00 · 유료,한국관광공사 관광정보 좌표,0,1,0,0,0,1,,,,,,96db458ed63b3e34a1c3d63a8ad444ea67ab6b77
nax1518,부산,부산엑스더스카이,BUSAN X the SKY,activity,35.16134,129.16801,70,10:00–21:00 · 유료,한국관광공사 관광정보 좌표,0,1,0,0,0,1,,,,,,96db458ed63b3e34a1c3d63a8ad444ea67ab6b77
nax1519,부산,해운대 그린레일웨이,Haeundae Green Railway,heal,35.16129,129.19143,90,상시 개방 · 무료,한국관광공사 관광정보 좌표,0,1,0,0,0,1,,,,,,96db458ed63b3e34a1c3d63a8ad444ea67ab6b77
nax1520,대구,사유원,Sayuwon,heal,36.09215,128.68116,150,09:00–17:00 · 예약제 · 유료,한국관광공사 관광정보 좌표,0,1,0,0,0,1,,,,,,96db458ed63b3e34a1c3d63a8ad444ea67ab6b77
nax1521,완주,오성한옥마을,Oseong Hanok Village,herit,35.90307,127.24328,60,상시 개방 · 무료,한국관광공사 관광정보 좌표,0,1,0,0,0,1,,,,,,96db458ed63b3e34a1c3d63a8ad444ea67ab6b77
nax1522,광양,광양 매화마을,Gwangyang Plum Village,heal,35.07858,127.72052,70,상시 개방 · 무료,한국관광공사 관광정보 좌표,0,1,0,0,0,1,,,,,,96db458ed63b3e34a1c3d63a8ad444ea67ab6b77
nax1524,제주,머체왓숲길,Mechewat Forest Trail,heal,33.33052,126.6739,120,09:00–17:00 · 무료,한국관광공사 관광정보 좌표,0,1,0,0,0,1,,,,,,96db458ed63b3e34a1c3d63a8ad444ea67ab6b77
