respondent_id,data_status,score_rank,display_order,course_id,region,name,cosine_cluster,cosine_similarity,cosine_fit_score,coverage_factor,coverage_adjusted_score,contribution_herit_points,contribution_heal_points,contribution_activity_points,contribution_food_points,contribution_sea_points,operational_availability_verified
DEMO_CULTURE,SYNTHETIC_DEMONSTRATION,1,1,ct_79a18eaed83932,양산,양산시 가을 시티투어 (역사문화코스),TC08,0.9801960588196068,98.01960588196069,1.0,98.01960588196069,70.0140042014005,14.0028008402801,0.0,14.0028008402801,0.0,False
DEMO_CULTURE,SYNTHETIC_DEMONSTRATION,2,2,ct_fcbc8def0ff021,공주,여름코스,TC08,0.9706476511819816,97.06476511819815,1.0,97.06476511819815,78.27803638564367,12.524485821702989,0.0,6.262242910851494,0.0,False
DEMO_CULTURE,SYNTHETIC_DEMONSTRATION,3,3,ct_2d10b95a5e902e,대전,"광역투어(첫주, 일)",TC08,0.9625334218796218,96.25334218796218,0.9999999999999999,96.25334218796216,68.75238727711583,18.33396994056422,0.0,9.16698497028211,0.0,False
DEMO_CULTURE,SYNTHETIC_DEMONSTRATION,4,4,ct_aa2937d4d2a2d0,목포,목포랑시티투어,TC06,0.9417419115948371,94.17419115948371,1.0,94.17419115948371,67.26727939963124,13.453455879926246,6.726727939963123,6.726727939963123,0.0,False
DEMO_CULTURE,SYNTHETIC_DEMONSTRATION,5,5,ct_17e0dd4d30822e,밀양,삼랑진권 투어,TC08,0.9307578419910343,93.07578419910342,1.0,93.07578419910342,77.56315349925286,10.341753799900383,5.1708768999501915,0.0,0.0,False
DEMO_CULTURE,SYNTHETIC_DEMONSTRATION,6,6,ct_f534f220e539af,파주,2026 파주시티투어 당일코스(일요일),TC08,0.9297198959726095,92.97198959726096,0.9999999999999999,92.97198959726094,80.84520834544429,8.084520834544428,4.042260417272214,0.0,0.0,False
DEMO_CULTURE,SYNTHETIC_DEMONSTRATION,7,7,ct_104171b078b959,공주,가을코스,TC08,0.9219544457292886,92.19544457292886,1.0,92.19544457292886,81.34892168199606,10.846522890932809,0.0,0.0,0.0,False
DEMO_CULTURE,SYNTHETIC_DEMONSTRATION,7,8,ct_1c691124e74222,대구,도동코스,TC08,0.9219544457292886,92.19544457292886,1.0,92.19544457292886,81.34892168199606,0.0,0.0,10.846522890932809,0.0,False
DEMO_CULTURE,SYNTHETIC_DEMONSTRATION,9,9,ct_07b4b0458851e1,서울,EG투어버스 J코스,TC08,0.9203579866168443,92.03579866168442,1.0,92.03579866168442,76.69649888473703,0.0,0.0,15.339299776947406,0.0,False
DEMO_CULTURE,SYNTHETIC_DEMONSTRATION,9,10,ct_1b0e0fd1157aaa,아산,休캉스 코스,TC08,0.9203579866168443,92.03579866168442,1.0,92.03579866168442,76.69649888473703,15.339299776947406,0.0,0.0,0.0,False
DEMO_CULTURE,SYNTHETIC_DEMONSTRATION,9,11,ct_6bfb1cb10f19bb,천안,목요일,TC08,0.9203579866168443,92.03579866168442,1.0,92.03579866168442,76.69649888473703,15.339299776947406,0.0,0.0,0.0,False
DEMO_CULTURE,SYNTHETIC_DEMONSTRATION,9,12,ct_a33d720535a1e1,순천,(테마투어)산사투어,TC08,0.9203579866168443,92.03579866168442,1.0,92.03579866168442,76.69649888473703,15.339299776947406,0.0,0.0,0.0,False
DEMO_CULTURE,SYNTHETIC_DEMONSTRATION,9,13,ct_e588b4efe19ef3,평창,북부권 코스,TC08,0.9203579866168443,92.03579866168442,1.0,92.03579866168442,76.69649888473703,15.339299776947406,0.0,0.0,0.0,False
DEMO_CULTURE,SYNTHETIC_DEMONSTRATION,14,14,ct_6e6a0f2ecaee7f,양주,기본코스,TC08,0.9180845587231844,91.80845587231843,1.0,91.80845587231843,83.46223261119859,5.564148840746571,2.7820744203732857,0.0,0.0,False
DEMO_CULTURE,SYNTHETIC_DEMONSTRATION,15,15,ct_a3932d2baa3d16,안산,안산 시내권코스(목요일),TC05,0.9146591207600469,91.46591207600468,1.0,91.46591207600468,57.16619504750293,22.866478019001175,0.0,11.433239009500587,0.0,False
DEMO_CULTURE,SYNTHETIC_DEMONSTRATION,16,16,ct_a8a8ecfbd0eefc,대전,"광역투어(다섯째주, 토)",TC08,0.9101820546182064,91.01820546182064,1.0,91.01820546182064,58.34500350116708,9.335200560186731,0.0,23.338001400466833,0.0,False
DEMO_CULTURE,SYNTHETIC_DEMONSTRATION,17,17,ct_2c0d1fe873d818,천안,화요일,TC08,0.9101820546182063,91.01820546182063,1.0,91.01820546182063,70.0140042014005,14.0028008402801,7.00140042014005,0.0,0.0,False
DEMO_CULTURE,SYNTHETIC_DEMONSTRATION,18,18,ct_636360ac200b66,대전,"광역투어(셋째주, 일)",TC08,0.9077307114796104,90.77307114796103,1.0,90.77307114796103,84.4400661841498,4.22200330920749,2.111001654603745,0.0,0.0,False
DEMO_CULTURE,SYNTHETIC_DEMONSTRATION,19,19,ct_0e4d7f0c7de8e2,대구,송해코스,TC08,0.9037378388935385,90.37378388935386,1.0,90.37378388935386,71.34772412317409,19.026059766179763,0.0,0.0,0.0,False
DEMO_CULTURE,SYNTHETIC_DEMONSTRATION,19,20,ct_fc9f85899d40a4,안산,안산 시내권코스(토요일),TC08,0.9037378388935385,90.37378388935386,1.0,90.37378388935386,71.34772412317409,19.026059766179763,0.0,0.0,0.0,False
DEMO_CULTURE,SYNTHETIC_DEMONSTRATION,21,21,ct_084dcff739bc51,김해,김해에반해,TC06,0.8971337506825123,89.71337506825124,1.0,89.71337506825124,79.74522228288998,3.987261114144499,5.9808916712167495,0.0,0.0,False
DEMO_CULTURE,SYNTHETIC_DEMONSTRATION,22,22,ct_b53b246e98a9cd,인천,석모도투어,TC02,0.8911327886790068,89.11327886790068,1.0,89.11327886790068,49.50737714883371,19.80295085953348,0.0,19.80295085953348,0.0,False
DEMO_CULTURE,SYNTHETIC_DEMONSTRATION,22,23,ct_b96c711c2cd94d,예산,예산군 버스투어,TC02,0.8911327886790068,89.11327886790068,1.0,89.11327886790068,49.50737714883371,19.80295085953348,0.0,19.80295085953348,0.0,False
DEMO_CULTURE,SYNTHETIC_DEMONSTRATION,24,24,ct_1d8d8a70616c41,경기광주,광주시티투어,TC06,0.8734848473480882,87.34848473480882,0.9999999999999999,87.3484847348088,62.39177481057772,16.637806616154055,8.318903308077028,0.0,0.0,False
DEMO_CULTURE,SYNTHETIC_DEMONSTRATION,25,25,ct_2749460936eb31,공주,반일코스,TC08,0.8677218312746247,86.77218312746247,1.0,86.77218312746247,81.34892168199606,0.0,5.423261445466404,0.0,0.0,False
DEMO_CULTURE,SYNTHETIC_DEMONSTRATION,26,26,ct_4212deac479d6b,세종,역사문화투어,TC08,0.8574929257125441,85.74929257125441,1.0,85.74929257125441,85.74929257125441,0.0,0.0,0.0,0.0,False
DEMO_CULTURE,SYNTHETIC_DEMONSTRATION,26,27,ct_73908901775f5c,익산,세계유산코스,TC08,0.8574929257125441,85.74929257125441,1.0,85.74929257125441,85.74929257125441,0.0,0.0,0.0,0.0,False
DEMO_CULTURE,SYNTHETIC_DEMONSTRATION,26,28,ct_82e2c317c54d7e,양주,역사투어,TC08,0.8574929257125441,85.74929257125441,1.0,85.74929257125441,85.74929257125441,0.0,0.0,0.0,0.0,False
DEMO_CULTURE,SYNTHETIC_DEMONSTRATION,26,29,ct_956d44d9a821ed,양산,2025 6월 시티투어,TC02,0.8574929257125441,85.74929257125441,1.0,85.74929257125441,42.87464628562721,17.14985851425088,8.57492925712544,17.14985851425088,0.0,False
DEMO_CULTURE,SYNTHETIC_DEMONSTRATION,26,30,ct_ba06e511559567,홍성,역사·문화 코스,TC08,0.8574929257125441,85.74929257125441,1.0,85.74929257125441,85.74929257125441,0.0,0.0,0.0,0.0,False
DEMO_CULTURE,SYNTHETIC_DEMONSTRATION,26,31,ct_caab077d4954a7,김해,역사에반해,TC08,0.8574929257125441,85.74929257125441,1.0,85.74929257125441,85.74929257125441,0.0,0.0,0.0,0.0,False
DEMO_CULTURE,SYNTHETIC_DEMONSTRATION,26,32,ct_e4521f5325216f,양주,박물관투어,TC08,0.8574929257125441,85.74929257125441,1.0,85.74929257125441,85.74929257125441,0.0,0.0,0.0,0.0,False
DEMO_CULTURE,SYNTHETIC_DEMONSTRATION,33,33,ct_4b24fed6566e54,해남,해남시티투어,TC05,0.8488746876271653,84.88746876271654,1.0,84.88746876271654,60.63390625908324,24.25356250363329,0.0,0.0,0.0,False
DEMO_CULTURE,SYNTHETIC_DEMONSTRATION,34,34,ct_9f8a8ca65b1ebb,파주,2026 파주시티투어 당일코스(토요일),TC08,0.8436614877321074,84.36614877321074,1.0,84.36614877321074,76.69649888473703,0.0,7.669649888473703,0.0,0.0,False
DEMO_CULTURE,SYNTHETIC_DEMONSTRATION,35,35,ct_ec90f983bc7ed6,안동,하회마을테마,TC06,0.9634060724866756,96.34060724866757,0.875,84.29803134258412,62.77512972320094,14.348601079588786,3.5871502698971964,3.5871502698971964,0.0,False
DEMO_CULTURE,SYNTHETIC_DEMONSTRATION,36,36,ct_02181b9e7a671f,순천,(테마투어)성곽투어,TC08,0.8401680504168058,84.01680504168057,1.0,84.01680504168057,81.6830049016339,0.0,2.3338001400466832,0.0,0.0,False
DEMO_CULTURE,SYNTHETIC_DEMONSTRATION,37,37,ct_7d1c2151bda037,순천,(테마투어)세계유산투어,TC07,0.8086075400626398,80.86075400626397,1.0,80.86075400626397,71.34772412317409,0.0,9.513029883089882,0.0,0.0,False
DEMO_CULTURE,SYNTHETIC_DEMONSTRATION,38,38,ct_49fb403c953735,광양,광양역사코스,TC08,0.9429080709444059,94.29080709444058,0.857142857142857,80.82069179523477,70.27886243063892,7.027886243063893,0.0,3.5139431215319465,0.0,False
DEMO_CULTURE,SYNTHETIC_DEMONSTRATION,39,39,ct_b97fea5cc3f414,광양,광양힐링코스,TC07,0.8068015819082528,80.68015819082528,0.9999999999999999,80.68015819082527,41.73111630559928,16.692446522239713,11.128297681493141,11.128297681493141,0.0,False
DEMO_CULTURE,SYNTHETIC_DEMONSTRATION,40,40,ct_52fe5a29aee3e7,합천,합천광역시티투어 누비고,TC01,0.7921180343813393,79.21180343813393,1.0,79.21180343813393,49.50737714883371,19.80295085953348,9.90147542976674,0.0,0.0,False
DEMO_CULTURE,SYNTHETIC_DEMONSTRATION,40,41,ct_a407c821a8382e,서울,EG투어버스 H코스,TC07,0.7921180343813393,79.21180343813393,1.0,79.21180343813393,49.50737714883371,0.0,9.90147542976674,19.80295085953348,0.0,False
DEMO_CULTURE,SYNTHETIC_DEMONSTRATION,40,42,ct_e4444e050c482f,천안,일요일,TC07,0.7921180343813393,79.21180343813393,1.0,79.21180343813393,49.50737714883371,0.0,9.90147542976674,19.80295085953348,0.0,False
DEMO_CULTURE,SYNTHETIC_DEMONSTRATION,43,43,ct_ba3c89379bf8c1,서천,금빛코스,TC06,0.916698497028211,91.66984970282111,0.857142857142857,78.57415688813236,58.93061766609927,15.71483137762647,3.9287078444066177,0.0,0.0,False
DEMO_CULTURE,SYNTHETIC_DEMONSTRATION,44,44,ct_a1bc285f9c2881,여수,제1코스,TC08,0.7827803638564368,78.27803638564367,1.0,78.27803638564367,62.62242910851494,0.0,3.131121455425747,12.524485821702989,0.0,False
DEMO_CULTURE,SYNTHETIC_DEMONSTRATION,45,45,ct_5c692156a089c1,파주,2026 파주시티투어 당일코스(수요일),TC05,0.7791937224739797,77.91937224739797,0.9999999999999999,77.91937224739796,45.834924851410555,27.500954910846332,4.583492485141055,0.0,0.0,False
DEMO_CULTURE,SYNTHETIC_DEMONSTRATION,46,46,ct_1dab0b645e521d,완주,완주힐링로드시티투어 2코스,TC08,0.9307578419910343,93.07578419910342,0.8333333333333333,77.56315349925285,64.63596124937737,8.618128166583649,4.309064083291824,0.0,0.0,False
DEMO_CULTURE,SYNTHETIC_DEMONSTRATION,47,47,ct_809907e22355c9,연천,연천명소코스,TC05,0.7701540462154055,77.01540462154055,1.0,77.01540462154055,35.00700210070025,28.0056016805602,0.0,14.0028008402801,0.0,False
DEMO_CULTURE,SYNTHETIC_DEMONSTRATION,48,48,ct_00435b9cca499b,포항,퐝랜드마크A코스,TC02,0.7669649888473704,76.69649888473704,1.0,76.69649888473704,38.34824944236851,15.339299776947406,7.669649888473703,15.339299776947406,0.0,False
DEMO_CULTURE,SYNTHETIC_DEMONSTRATION,49,49,ct_1def3d2a58e430,부산,오렌지라인,TC06,0.8426648406178135,84.26648406178136,0.9090909090909092,76.60589460161943,44.1957084240112,23.57104449280598,2.9463805616007477,5.892761123201495,0.0,False
DEMO_CULTURE,SYNTHETIC_DEMONSTRATION,50,50,ct_572b4d8191127a,영주,선비 코스,TC08,0.9150793638884732,91.50793638884733,0.8333333333333333,76.25661365737277,69.32419423397523,0.0,0.0,6.932419423397524,0.0,False
DEMO_CULTURE,SYNTHETIC_DEMONSTRATION,50,51,ct_62ce3cfd4b2223,대구,현풍코스,TC08,0.9150793638884732,91.50793638884733,0.8333333333333333,76.25661365737277,69.32419423397523,0.0,0.0,6.932419423397524,0.0,False
DEMO_CULTURE,SYNTHETIC_DEMONSTRATION,52,52,ct_c188dbb343674a,서천,푸른빛코스,TC06,0.9146591207600469,91.46591207600468,0.8333333333333333,76.22159339667057,47.63849587291911,19.055398349167643,0.0,9.527699174583821,0.0,False
DEMO_CULTURE,SYNTHETIC_DEMONSTRATION,53,53,ct_7cdced2e0d065a,여주,시티투어,TC06,0.9741763740941048,97.41763740941049,0.7777777777777778,75.7692735406526,51.660868323172224,6.888115776422963,3.4440578882114816,13.776231552845926,0.0,False
DEMO_CULTURE,SYNTHETIC_DEMONSTRATION,54,54,ct_a70933018dfe45,여수,이순신문화유적코스,TC08,0.8574929257125441,85.74929257125441,0.8571428571428571,73.49939363250378,73.49939363250378,0.0,0.0,0.0,0.0,False
DEMO_CULTURE,SYNTHETIC_DEMONSTRATION,55,55,ct_4ba7f5cc1ffeda,부산,서부산생태투어,TC08,0.9101820546182062,91.01820546182063,0.8,72.8145643694565,56.01120336112039,11.202240672224079,5.601120336112039,0.0,0.0,False
DEMO_CULTURE,SYNTHETIC_DEMONSTRATION,55,56,ct_9845cf0683e6c7,화천,화천시티투어(백암산케이블카),TC07,0.9101820546182062,91.01820546182063,0.8,72.8145643694565,56.01120336112039,0.0,5.601120336112039,11.202240672224079,0.0,False
DEMO_CULTURE,SYNTHETIC_DEMONSTRATION,57,57,ct_6be92119035c7f,영광,"영광쉼,투어",TC06,0.8488746876271653,84.88746876271654,0.8571428571428571,72.76068751089988,51.971919650642775,20.78876786025711,0.0,0.0,0.0,False
DEMO_CULTURE,SYNTHETIC_DEMONSTRATION,58,58,ct_bdc4b066f6280d,안동,도산서원&예끼마을테마,TC07,0.8488746876271652,84.88746876271652,0.8571428571428571,72.76068751089987,51.971919650642775,0.0,8.315507144102842,12.473260716154263,0.0,False
DEMO_CULTURE,SYNTHETIC_DEMONSTRATION,58,59,ct_36b90ac2b7ebec,태백,황지자유시장 코스,TC02,0.7276068751089988,72.76068751089988,0.9999999999999999,72.76068751089987,30.316953129541616,24.253562503633287,6.063390625908322,12.126781251816643,0.0,False
DEMO_CULTURE,SYNTHETIC_DEMONSTRATION,60,60,ct_343d3a1d62c8a5,완주,완주힐링로드 시티투어(코레일연계 익산역),TC08,0.9241377067782292,92.41377067782291,0.7777777777777779,71.87737719386227,64.17622963737703,5.134098370990162,2.567049185495081,0.0,0.0,False
DEMO_CULTURE,SYNTHETIC_DEMONSTRATION,61,61,ct_86dc46ed127655,청주,청주시티투어_정기투어_청남대 투어(수토일),TC07,0.7130240959073807,71.30240959073807,1.0,71.30240959073807,32.41018617760821,12.964074471043286,12.964074471043286,12.964074471043286,0.0,False
DEMO_CULTURE,SYNTHETIC_DEMONSTRATION,62,62,ct_596ccaeb2861f9,태안,남부코스,TC02,0.7050239879106324,70.50239879106324,0.9999999999999999,70.50239879106323,27.116307227332012,21.693045781865607,0.0,21.693045781865607,0.0,False
DEMO_CULTURE,SYNTHETIC_DEMONSTRATION,63,63,ct_4309f65e431d83,아산,인생네컷 코스,TC05,0.7001400420140049,70.0140042014005,1.0,70.0140042014005,35.00700210070025,28.0056016805602,7.00140042014005,0.0,0.0,False
DEMO_CULTURE,SYNTHETIC_DEMONSTRATION,63,64,ct_6c466761af057c,대전,"광역투어(둘째주, 일)",TC05,0.7001400420140049,70.0140042014005,1.0,70.0140042014005,35.00700210070025,28.0056016805602,7.00140042014005,0.0,0.0,False
DEMO_CULTURE,SYNTHETIC_DEMONSTRATION,65,65,ct_ab2a31c9b0dd1c,안동,주간도심테마,TC06,0.7970533969860857,79.70533969860857,0.875,69.7421722362825,38.74565124237916,23.247390745427502,0.0,7.749130248475832,0.0,False
DEMO_CULTURE,SYNTHETIC_DEMONSTRATION,66,66,ct_3ed5105d35b251,서산,A코스,TC08,0.8677218312746247,86.77218312746247,0.8,69.41774650196997,65.07913734559685,0.0,4.338609156373123,0.0,0.0,False
DEMO_CULTURE,SYNTHETIC_DEMONSTRATION,67,67,ct_62dfed5cce4635,파주,2026 파주시티투어 당일코스(목요일),TC05,0.6902684899626332,69.02684899626333,1.0,69.02684899626333,38.34824944236851,30.678599553894813,0.0,0.0,0.0,False
DEMO_CULTURE,SYNTHETIC_DEMONSTRATION,67,68,ct_6b11aef24a24ef,순천,(테마투어)생태투어,TC05,0.6902684899626332,69.02684899626333,1.0,69.02684899626333,38.34824944236851,30.678599553894813,0.0,0.0,0.0,False
DEMO_CULTURE,SYNTHETIC_DEMONSTRATION,67,69,ct_d038c55e01951b,대전,대덕특구탐방,TC05,0.6902684899626332,69.02684899626333,1.0,69.02684899626333,38.34824944236851,30.678599553894813,0.0,0.0,0.0,False
DEMO_CULTURE,SYNTHETIC_DEMONSTRATION,70,70,ct_1fe72a79d47a7f,서울,EG투어버스 E코스,TC08,0.9203579866168443,92.03579866168442,0.75,69.02684899626331,57.52237416355277,0.0,0.0,11.504474832710555,0.0,False
DEMO_CULTURE,SYNTHETIC_DEMONSTRATION,70,71,ct_cfd77d72cf4c59,나주,정기코스,TC08,0.9203579866168443,92.03579866168442,0.75,69.02684899626331,57.52237416355277,11.504474832710555,0.0,0.0,0.0,False
DEMO_CULTURE,SYNTHETIC_DEMONSTRATION,70,72,ct_fa87b733ddf357,아산,아산도심핫플코스,TC08,0.9203579866168443,92.03579866168442,0.75,69.02684899626331,57.52237416355277,11.504474832710555,0.0,0.0,0.0,False
DEMO_CULTURE,SYNTHETIC_DEMONSTRATION,73,73,ct_2d7ad6be7d0219,공주,봄코스,TC08,0.9081082718950219,90.81082718950219,0.75,68.10812039212664,63.063074437154285,5.045045954972343,0.0,0.0,0.0,False
DEMO_CULTURE,SYNTHETIC_DEMONSTRATION,73,74,ct_658464b2619d71,양주,천일홍축제,TC08,0.9081082718950219,90.81082718950219,0.75,68.10812039212664,63.063074437154285,5.045045954972343,0.0,0.0,0.0,False
DEMO_CULTURE,SYNTHETIC_DEMONSTRATION,73,75,ct_c4d1ab4265b00c,양주,왕실축제,TC08,0.9081082718950219,90.81082718950219,0.75,68.10812039212664,63.063074437154285,5.045045954972343,0.0,0.0,0.0,False
DEMO_CULTURE,SYNTHETIC_DEMONSTRATION,76,76,ct_bd00bd65a80b11,연천,역사자연코스,TC05,0.8488746876271653,84.88746876271654,0.8,67.90997501017323,48.507125007266595,19.402850002906632,0.0,0.0,0.0,False
DEMO_CULTURE,SYNTHETIC_DEMONSTRATION,77,77,ct_7350d2221bf4e5,대전,"광역투어(다섯째주, 일)",TC07,0.8408409924953905,84.08409924953905,0.8,67.26727939963125,53.81382351970499,5.381382351970498,8.072073527955748,0.0,0.0,False
DEMO_CULTURE,SYNTHETIC_DEMONSTRATION,78,78,ct_20eb1ae44f44d4,밀양,영남알프스권 투어 1,TC07,0.800326730665041,80.0326730665041,0.8333333333333333,66.69389422208674,47.63849587291911,9.527699174583821,9.527699174583821,0.0,0.0,False
DEMO_CULTURE,SYNTHETIC_DEMONSTRATION,78,79,ct_a726fc60353090,청주,청주시티투어_정기투어_초정힐링 투어(토),TC07,0.800326730665041,80.0326730665041,0.8333333333333333,66.69389422208674,47.63849587291911,0.0,9.527699174583821,9.527699174583821,0.0,False
DEMO_CULTURE,SYNTHETIC_DEMONSTRATION,78,80,ct_c543fc703f1159,익산,순환형1,TC07,0.800326730665041,80.0326730665041,0.8333333333333333,66.69389422208674,47.63849587291911,0.0,9.527699174583821,9.527699174583821,0.0,False
DEMO_CULTURE,SYNTHETIC_DEMONSTRATION,81,81,ct_53a12bc8caced9,화천,화천시티투어(평화누리호),TC08,0.9801960588196067,98.01960588196067,0.6666666666666666,65.34640392130711,46.67600280093365,9.335200560186731,0.0,9.335200560186731,0.0,False
DEMO_CULTURE,SYNTHETIC_DEMONSTRATION,82,82,ct_987d7b91b042a8,완도,해양치유시티투어,TC06,0.8677218312746247,86.77218312746247,0.75,65.07913734559685,40.67446084099803,16.269784336399212,0.0,8.134892168199606,0.0,False
DEMO_CULTURE,SYNTHETIC_DEMONSTRATION,83,83,ct_506425657ddce1,완주,완주힐링로드 시티투어(서울권역),TC06,0.9723055853282463,97.23055853282463,0.6666666666666667,64.82037235521643,54.01697696268036,4.321358157014428,2.160679078507214,4.321358157014428,0.0,False
DEMO_CULTURE,SYNTHETIC_DEMONSTRATION,84,84,ct_8171ca90d9fa99,제주,야간코스(7월말~8월말 운영),TC03,0.6435959029348381,64.35959029348382,0.9999999999999999,64.3595902934838,24.753688574416845,29.70442628930022,0.0,9.901475429766739,0.0,False
DEMO_CULTURE,SYNTHETIC_DEMONSTRATION,85,85,ct_38e990a88a3094,춘천,수요일,TC08,0.8574929257125441,85.74929257125441,0.75,64.31196942844082,64.31196942844082,0.0,0.0,0.0,0.0,False
DEMO_CULTURE,SYNTHETIC_DEMONSTRATION,85,86,ct_cec518ee1213c1,양주,서울우유견학코스,TC08,0.8574929257125441,85.74929257125441,0.75,64.31196942844082,64.31196942844082,0.0,0.0,0.0,0.0,False
DEMO_CULTURE,SYNTHETIC_DEMONSTRATION,87,87,ct_61845aa89a1c1a,홍천,홍천시티투어,TC06,0.7795787947596418,77.95787947596418,0.8181818181818181,63.78371957124341,35.4353997618019,17.00899188566491,8.504495942832454,2.834831980944152,0.0,False
DEMO_CULTURE,SYNTHETIC_DEMONSTRATION,88,88,ct_3764c5ee83c6b9,대전,"광역투어(넷재주, 토)",TC08,0.8436614877321074,84.36614877321074,0.75,63.274611579908054,57.52237416355277,0.0,5.752237416355277,0.0,0.0,False
DEMO_CULTURE,SYNTHETIC_DEMONSTRATION,89,89,ct_ff36074cae8347,양주,자연친화코스1,TC01,0.6301260378126045,63.012603781260445,1.0,63.012603781260445,35.00700210070025,14.0028008402801,14.0028008402801,0.0,0.0,False
DEMO_CULTURE,SYNTHETIC_DEMONSTRATION,90,90,ct_68e342ed3c052f,익산,익산숨은보석찾기코스,TC07,0.6288281455225322,62.88281455225322,1.0,62.88281455225322,28.583097523751466,0.0,11.433239009500587,22.866478019001175,0.0,False
DEMO_CULTURE,SYNTHETIC_DEMONSTRATION,91,91,ct_0b7a755a267601,여수,2층야간코스,TC03,0.6262242910851494,62.62242910851494,1.0,62.62242910851494,31.31121455425747,31.31121455425747,0.0,0.0,0.0,False
DEMO_CULTURE,SYNTHETIC_DEMONSTRATION,92,92,ct_03101958100a14,부여,부여테마여행,TC06,0.9355852142347212,93.55852142347211,0.6666666666666667,62.37234761564808,50.57217374241737,10.114434748483474,1.6857391247472453,0.0,0.0,False
DEMO_CULTURE,SYNTHETIC_DEMONSTRATION,93,93,ct_c83f7c6960b76b,부산,레드라인,TC06,0.621581560508061,62.1581560508061,1.0,62.1581560508061,18.281810603178265,21.938172723813913,7.312724241271305,14.62544848254261,0.0,False
DEMO_CULTURE,SYNTHETIC_DEMONSTRATION,94,94,ct_1c94bb0caf5c4f,안성,안성시티투어,TC07,0.6183469424008422,61.83469424008422,1.0,61.83469424008422,47.565149415449405,0.0,14.269544824634819,0.0,0.0,False
DEMO_CULTURE,SYNTHETIC_DEMONSTRATION,95,95,ct_330d0bc9cd3d05,서산,B코스,TC02,0.7717436331412897,77.17436331412897,0.8,61.73949065130318,34.29971702850177,13.719886811400706,0.0,13.719886811400706,0.0,False
DEMO_CULTURE,SYNTHETIC_DEMONSTRATION,95,96,ct_4e89a607500203,태안,광역코스,TC02,0.7717436331412897,77.17436331412897,0.8,61.73949065130318,34.29971702850177,13.719886811400706,0.0,13.719886811400706,0.0,False
DEMO_CULTURE,SYNTHETIC_DEMONSTRATION,95,97,ct_94cebe436c068a,서산,C코스,TC02,0.7717436331412897,77.17436331412897,0.8,61.73949065130318,34.29971702850177,13.719886811400706,0.0,13.719886811400706,0.0,False
DEMO_CULTURE,SYNTHETIC_DEMONSTRATION,98,98,ct_d1e99a0d119f73,밀양,시내권 투어 1,TC06,0.857492925712544,85.7492925712544,0.7142857142857142,61.249494693753135,40.83299646250209,16.333198585000837,4.083299646250209,0.0,0.0,False
DEMO_CULTURE,SYNTHETIC_DEMONSTRATION,99,99,ct_820bca31911e89,완주,완주힐링로드시티투어 1코스,TC08,0.8740200053736313,87.40200053736314,0.7,61.181400376154194,59.20780681563309,0.0,1.9735935605211035,0.0,0.0,False
DEMO_CULTURE,SYNTHETIC_DEMONSTRATION,100,100,ct_15ca3909485d66,서천,광역코스,TC07,0.7050239879106324,70.50239879106324,0.8571428571428571,60.43062753519706,23.242549051998868,9.297019620799547,9.297019620799547,18.594039241599095,0.0,False
DEMO_CULTURE,SYNTHETIC_DEMONSTRATION,101,101,ct_98323d74dbd87a,제주,순환형코스,TC06,0.7367154525342441,73.67154525342441,0.8125,59.858130518407336,30.362819828177628,24.290255862542104,0.0,5.205054827687593,0.0,False
DEMO_CULTURE,SYNTHETIC_DEMONSTRATION,102,102,ct_166c38f36d6640,춘천,목요일,TC01,0.7921180343813394,79.21180343813394,0.75,59.40885257860046,37.130532861625284,14.852213144650115,7.426106572325057,0.0,0.0,False
DEMO_CULTURE,SYNTHETIC_DEMONSTRATION,102,103,ct_59c60fcaf04aa6,인천,교동도투어,TC01,0.7921180343813394,79.21180343813394,0.75,59.40885257860046,37.130532861625284,14.852213144650115,7.426106572325057,0.0,0.0,False
DEMO_CULTURE,SYNTHETIC_DEMONSTRATION,104,104,ct_d756b69f16e800,청주,청주시티투어_정기투어_힐링로드 투어(토),TC07,0.5940885257860045,59.408852578600445,0.9999999999999999,59.40885257860044,24.753688574416845,9.901475429766739,14.85221314465011,9.901475429766739,0.0,False
DEMO_CULTURE,SYNTHETIC_DEMONSTRATION,105,105,ct_6ec0ad7a54e92d,서천,문화코스,TC06,0.6467616667635545,64.67616667635545,0.8888888888888888,57.48992593453818,17.96560185454318,14.372481483634544,10.779361112725907,14.372481483634544,0.0,False
DEMO_CULTURE,SYNTHETIC_DEMONSTRATION,106,106,ct_64b3f2e630ba51,여수,다크투어리즘코스,TC08,0.8574929257125441,85.74929257125441,0.6666666666666666,57.16619504750294,57.16619504750294,0.0,0.0,0.0,0.0,False
DEMO_CULTURE,SYNTHETIC_DEMONSTRATION,107,107,ct_e613bd3839189c,익산,순환형2,TC07,0.800326730665041,80.0326730665041,0.7142857142857142,57.166195047502924,40.83299646250209,0.0,8.166599292500418,8.166599292500418,0.0,False
DEMO_CULTURE,SYNTHETIC_DEMONSTRATION,108,108,ct_1d32ffebd246d5,홍성,"전통시장코스(홍성) 1,6일 운영",TC08,0.8488746876271653,84.88746876271654,0.6666666666666666,56.59164584181102,40.42260417272216,0.0,0.0,16.16904166908886,0.0,False
DEMO_CULTURE,SYNTHETIC_DEMONSTRATION,108,109,ct_566165b1b827e0,천안,토요일,TC05,0.8488746876271653,84.88746876271654,0.6666666666666666,56.59164584181102,40.42260417272216,16.16904166908886,0.0,0.0,0.0,False
DEMO_CULTURE,SYNTHETIC_DEMONSTRATION,108,110,ct_f558345dd00dbf,아산,역사기행 코스,TC05,0.8488746876271653,84.88746876271654,0.6666666666666666,56.59164584181102,40.42260417272216,16.16904166908886,0.0,0.0,0.0,False
DEMO_CULTURE,SYNTHETIC_DEMONSTRATION,111,111,ct_aa87321b8b5003,창원,창원시티투어,TC06,0.6111323313521408,61.11323313521409,0.9166666666666666,56.02046370727958,14.005115926819895,25.209208668275807,5.602046370727956,11.204092741455913,0.0,False
DEMO_CULTURE,SYNTHETIC_DEMONSTRATION,112,112,ct_c93b13bf48e761,영주,물돌이 코스,TC05,0.6722139969935247,67.22139969935247,0.8333333333333333,56.01783308279372,21.545320416459123,25.85438449975095,0.0,8.618128166583649,0.0,False
DEMO_CULTURE,SYNTHETIC_DEMONSTRATION,113,113,ct_1d6ad4598dff93,대구,테마-방방곡곡(군위군 돋보기),TC05,0.7001400420140048,70.01400420140048,0.8,56.01120336112039,28.005601680560194,22.404481344448158,5.601120336112039,0.0,0.0,False
DEMO_CULTURE,SYNTHETIC_DEMONSTRATION,113,114,ct_a11be8ffeee88a,태백,통리장 코스,TC05,0.7001400420140048,70.01400420140048,0.8,56.01120336112039,28.005601680560194,22.404481344448158,5.601120336112039,0.0,0.0,False
DEMO_CULTURE,SYNTHETIC_DEMONSTRATION,115,115,ct_2390c56fce5420,울산,태화강 국가정원 코스,TC06,0.7187512890839028,71.87512890839028,0.7777777777777778,55.90287803985911,25.410399109026873,20.328319287221493,6.776106429073833,3.3880532145369164,0.0,False
DEMO_CULTURE,SYNTHETIC_DEMONSTRATION,116,116,ct_9857f916bfa916,대구,도심순환코스(12개 정류장),TC06,0.5534460416412817,55.34460416412818,1.0,55.34460416412818,10.249000771134845,28.69720215917757,8.199200616907877,8.199200616907877,0.0,False
DEMO_CULTURE,SYNTHETIC_DEMONSTRATION,117,117,ct_424fda831e8a80,인천,인천레트로노선,TC07,0.5500190982169267,55.00190982169267,1.0,55.00190982169267,22.91746242570528,0.0,13.750477455423168,18.333969940564224,0.0,False
DEMO_CULTURE,SYNTHETIC_DEMONSTRATION,118,118,ct_3aa92169f5cb7c,군산,(익산역 출발) 고군산시간여행코스,TC04,0.6859943405700353,68.59943405700352,0.8,54.87954724560282,34.29971702850177,13.719886811400706,6.859943405700353,0.0,0.0,False
DEMO_CULTURE,SYNTHETIC_DEMONSTRATION,119,119,ct_5728bf247a42c1,제천,시티투어,TC01,0.548454318095348,54.845431809534794,1.0,54.845431809534794,18.281810603178265,14.62544848254261,14.62544848254261,7.312724241271305,0.0,False
DEMO_CULTURE,SYNTHETIC_DEMONSTRATION,120,120,ct_2f8d9c4d57db08,서천,힐링코스,TC06,0.7669649888473705,76.69649888473705,0.7142857142857142,54.78321348909789,27.391606744548938,10.956642697819577,5.478321348909788,10.956642697819577,0.0,False
DEMO_CULTURE,SYNTHETIC_DEMONSTRATION,121,121,ct_2c5b83ca1acb5c,춘천,토요일,TC06,0.5217939320872036,52.179393208720356,1.0,52.179393208720356,14.49427589131121,28.988551782622423,8.696565534786725,0.0,0.0,False
DEMO_CULTURE,SYNTHETIC_DEMONSTRATION,121,122,ct_72a42eb150b5d4,춘천,일요일,TC06,0.5217939320872036,52.179393208720356,1.0,52.179393208720356,14.49427589131121,28.988551782622423,8.696565534786725,0.0,0.0,False
DEMO_CULTURE,SYNTHETIC_DEMONSTRATION,123,123,ct_618497cad743bc,양구,방산나들이코스,TC04,0.6931032800836721,69.31032800836721,0.75,51.982746006275406,37.130532861625284,14.852213144650115,0.0,0.0,0.0,False
DEMO_CULTURE,SYNTHETIC_DEMONSTRATION,124,124,ct_7799bf62ca5138,대전,"광역투어(둘째주, 토)",TC05,0.6902684899626332,69.02684899626333,0.75,51.7701367471975,28.761187081776384,23.00894966542111,0.0,0.0,0.0,False
DEMO_CULTURE,SYNTHETIC_DEMONSTRATION,125,125,ct_83afdb6c6bad30,시흥,순환형 2층버스,TC04,0.5144957554275265,51.44957554275265,1.0,51.44957554275265,28.583097523751466,22.866478019001175,0.0,0.0,0.0,False
DEMO_CULTURE,SYNTHETIC_DEMONSTRATION,126,126,ct_45e65111200294,대전,"광역투어(셋째주, 토)",TC05,0.7701540462154053,77.01540462154053,0.6666666666666666,51.34360308102701,23.338001400466826,18.670401120373462,0.0,9.335200560186731,0.0,False
DEMO_CULTURE,SYNTHETIC_DEMONSTRATION,127,127,ct_507ac7569b1306,서천,보랏빛코스,TC02,0.4950737714883371,49.50737714883371,1.0,49.50737714883371,0.0,19.80295085953348,9.90147542976674,19.80295085953348,0.0,False
DEMO_CULTURE,SYNTHETIC_DEMONSTRATION,127,128,ct_aabd87818ef08f,서울,EG투어버스 I코스,TC02,0.4950737714883371,49.50737714883371,1.0,49.50737714883371,0.0,19.80295085953348,9.90147542976674,19.80295085953348,0.0,False
DEMO_CULTURE,SYNTHETIC_DEMONSTRATION,129,129,ct_c410c248858e88,서울,EG투어버스 L코스,TC02,0.4900980294098035,49.00980294098035,1.0,49.00980294098035,0.0,14.0028008402801,7.00140042014005,28.0056016805602,0.0,False
DEMO_CULTURE,SYNTHETIC_DEMONSTRATION,130,130,ct_4e0d701d9aadd5,대구,테마(야경 4~10월),TC03,0.49009802940980346,49.00980294098034,1.0,49.00980294098034,0.0,28.0056016805602,7.00140042014005,14.0028008402801,0.0,False
DEMO_CULTURE,SYNTHETIC_DEMONSTRATION,131,131,ct_e346ea988fedc3,포항,씨(SEA)하게 보는 포항코스,TC04,0.583383351196948,58.3383351196948,0.8333333333333333,48.61527926641233,27.00848848134018,10.803395392536073,0.0,10.803395392536073,0.0,False
DEMO_CULTURE,SYNTHETIC_DEMONSTRATION,132,132,ct_1a59c2f3801f38,대전,역사문화(효월드),TC07,0.7276068751089988,72.76068751089988,0.6666666666666666,48.50712500726659,40.42260417272216,0.0,8.08452083454443,0.0,0.0,False
DEMO_CULTURE,SYNTHETIC_DEMONSTRATION,132,133,ct_c825dbc2a63555,파주,2026 파주시티투어 1박2일코스(토요일~일요일),TC07,0.7276068751089988,72.76068751089988,0.6666666666666666,48.50712500726659,40.42260417272216,0.0,8.08452083454443,0.0,0.0,False
DEMO_CULTURE,SYNTHETIC_DEMONSTRATION,134,134,ct_452018aaa6c847,춘천,화요일,TC05,0.5965587590013044,59.65587590013044,0.8,47.72470072010435,21.693045781865617,26.031654938238734,0.0,0.0,0.0,False
DEMO_CULTURE,SYNTHETIC_DEMONSTRATION,134,135,ct_da6b197f9d64eb,대구,테마-방방곡곡(사시사철),TC05,0.5965587590013044,59.65587590013044,0.8,47.72470072010435,21.693045781865617,26.031654938238734,0.0,0.0,0.0,False
DEMO_CULTURE,SYNTHETIC_DEMONSTRATION,136,136,ct_c53b5abd9a30ab,대전,남부코스,TC01,0.5500190982169266,55.001909821692664,0.8571428571428571,47.14449413287942,19.643539222033095,15.714831377626474,11.786123533219856,0.0,0.0,False
DEMO_CULTURE,SYNTHETIC_DEMONSTRATION,137,137,ct_dfc58b1c3324c1,춘천,금요일,TC06,0.7001400420140048,70.01400420140048,0.6666666666666666,46.67600280093365,23.338001400466826,18.670401120373462,4.667600280093366,0.0,0.0,False
DEMO_CULTURE,SYNTHETIC_DEMONSTRATION,138,138,ct_7dba0d730780c9,서천,동백코스(익산-군산 광역),TC01,0.4583492485141056,45.834924851410555,0.9999999999999999,45.83492485141055,0.0,27.500954910846332,9.16698497028211,9.16698497028211,0.0,False
DEMO_CULTURE,SYNTHETIC_DEMONSTRATION,139,139,ct_d0cdc53f7d6755,춘천,월요일,TC01,0.4573295603800235,45.73295603800235,1.0,45.73295603800235,0.0,22.866478019001175,11.433239009500587,11.433239009500587,0.0,False
DEMO_CULTURE,SYNTHETIC_DEMONSTRATION,140,140,ct_9d994e07488f57,삼척,종일코스,TC02,0.453742606486515,45.3742606486515,1.0,45.3742606486515,0.0,12.964074471043286,6.482037235521643,25.928148942086573,0.0,False
DEMO_CULTURE,SYNTHETIC_DEMONSTRATION,140,141,ct_ac7ca37140e6b6,포항,퐝랜드마크B코스,TC02,0.453742606486515,45.3742606486515,1.0,45.3742606486515,0.0,25.928148942086573,6.482037235521643,12.964074471043286,0.0,False
DEMO_CULTURE,SYNTHETIC_DEMONSTRATION,142,142,ct_c59f7d050e72e0,대전,생태교육,TC08,0.8574929257125441,85.74929257125441,0.5,42.87464628562721,42.87464628562721,0.0,0.0,0.0,0.0,False
DEMO_CULTURE,SYNTHETIC_DEMONSTRATION,142,143,ct_84ffabae716404,홍성,죽도코스,TC02,0.42874646285627205,42.87464628562721,1.0,42.87464628562721,0.0,17.14985851425088,8.57492925712544,17.14985851425088,0.0,False
DEMO_CULTURE,SYNTHETIC_DEMONSTRATION,144,144,ct_037c18bb42946f,세종,천안연계투어,TC05,0.8488746876271653,84.88746876271654,0.5,42.44373438135827,30.31695312954162,12.126781251816645,0.0,0.0,0.0,False
DEMO_CULTURE,SYNTHETIC_DEMONSTRATION,145,145,ct_0f4dbe3b938a90,여수,2층주간코스,TC06,0.583383351196948,58.3383351196948,0.7142857142857142,41.67023937121056,23.150132984005868,9.260053193602348,9.260053193602348,0.0,0.0,False
DEMO_CULTURE,SYNTHETIC_DEMONSTRATION,146,146,ct_ff41dfabaec78b,여수,야경코스,TC03,0.693103280083672,69.3103280083672,0.6000000000000001,41.58619680502032,29.70442628930023,11.88177051572009,0.0,0.0,0.0,False
DEMO_CULTURE,SYNTHETIC_DEMONSTRATION,147,147,ct_40252d247000a5,안동,야간도심테마,TC03,0.6902684899626332,69.02684899626333,0.6000000000000001,41.416109397758,23.00894966542111,18.40715973233689,0.0,0.0,0.0,False
DEMO_CULTURE,SYNTHETIC_DEMONSTRATION,148,148,ct_23c35eeaf17398,곡성,읍권 순환버스,TC06,0.7066865096598592,70.66865096598592,0.5555555555555556,39.260361647769955,19.151395925741447,17.236256333167304,0.9575697962870723,1.9151395925741446,0.0,False
DEMO_CULTURE,SYNTHETIC_DEMONSTRATION,149,149,ct_3dd54d8970e115,의정부,의정부포레스트:오감이 깨어나는 숲 속 여행,TC02,0.4900980294098034,49.00980294098034,0.8,39.207842352784276,0.0,11.202240672224079,5.601120336112039,22.404481344448158,0.0,False
DEMO_CULTURE,SYNTHETIC_DEMONSTRATION,149,150,ct_de90b5933f0b40,청도,시티투어,TC02,0.4900980294098034,49.00980294098034,0.8,39.207842352784276,0.0,11.202240672224079,5.601120336112039,22.404481344448158,0.0,False
DEMO_CULTURE,SYNTHETIC_DEMONSTRATION,151,151,ct_e353674363d7f4,대전,대청호코스,TC06,0.620505227994023,62.050522799402295,0.625,38.78157674962643,16.158990312344347,19.390788374813216,3.2317980624688696,0.0,0.0,False
DEMO_CULTURE,SYNTHETIC_DEMONSTRATION,152,152,ct_edd6e5375f387f,부산,그린라인,TC06,0.5508226327552436,55.082263275524355,0.7,38.55758429286705,13.770565818881087,22.03290531020974,2.7541131637762173,0.0,0.0,False
DEMO_CULTURE,SYNTHETIC_DEMONSTRATION,153,153,ct_77585e7300bc39,청주,청주시티투어_정기투어_트레킹 투어(토),TC05,0.38215785317908924,38.215785317908924,1.0,38.215785317908924,0.0,31.846487764924102,6.369297552984819,0.0,0.0,False
DEMO_CULTURE,SYNTHETIC_DEMONSTRATION,154,154,ct_a0af2538872792,서천,전라권코스,TC02,0.4573295603800235,45.73295603800235,0.8333333333333333,38.110796698335285,0.0,9.527699174583821,9.527699174583821,19.055398349167643,0.0,False
DEMO_CULTURE,SYNTHETIC_DEMONSTRATION,155,155,ct_5e83dbf18d6227,울산,장생포 대왕암 코스,TC04,0.5041841733655162,50.41841733655163,0.75,37.813813002413724,34.37619363855792,0.0,3.437619363855792,0.0,0.0,False
DEMO_CULTURE,SYNTHETIC_DEMONSTRATION,156,156,ct_516add9e1cef4a,정선,와와정선 2층 투어버스,TC02,0.49507377148833714,49.50737714883371,0.75,37.130532861625284,0.0,14.852213144650115,7.426106572325057,14.852213144650115,0.0,False
DEMO_CULTURE,SYNTHETIC_DEMONSTRATION,156,157,ct_bd2de54ec11e6b,양산,양산시 가을 시티투어 (자연관광코스),TC02,0.49507377148833714,49.50737714883371,0.75,37.130532861625284,0.0,14.852213144650115,7.426106572325057,14.852213144650115,0.0,False
DEMO_CULTURE,SYNTHETIC_DEMONSTRATION,156,158,ct_ca13864967c1fb,세종,세종관광명소B투어,TC02,0.49507377148833714,49.50737714883371,0.75,37.130532861625284,0.0,14.852213144650115,7.426106572325057,14.852213144650115,0.0,False
DEMO_CULTURE,SYNTHETIC_DEMONSTRATION,159,159,ct_0af000fbdb8ad6,동해,관광문화코스,TC02,0.5144957554275265,51.44957554275265,0.7142857142857142,36.749696816251884,0.0,16.333198585000837,4.083299646250209,16.333198585000837,0.0,False
DEMO_CULTURE,SYNTHETIC_DEMONSTRATION,160,160,ct_78497ddd68fd45,사천,우주항공산업투어,TC06,0.5500190982169266,55.001909821692664,0.6666666666666666,36.66793988112844,15.278308283803518,12.222646627042813,9.16698497028211,0.0,0.0,False
DEMO_CULTURE,SYNTHETIC_DEMONSTRATION,161,161,ct_8b988867d0e267,홍성,남당항 코스,TC01,0.3638034375544994,36.38034375544994,1.0,36.38034375544994,0.0,24.25356250363329,12.126781251816645,0.0,0.0,False
DEMO_CULTURE,SYNTHETIC_DEMONSTRATION,162,162,ct_83465bf3a690f2,여수,야간테마코스(시간을달리는버스커),TC03,0.4667600280093366,46.67600280093366,0.75,35.00700210070025,17.503501050350124,17.503501050350124,0.0,0.0,0.0,False
DEMO_CULTURE,SYNTHETIC_DEMONSTRATION,162,163,ct_8de53de429d379,포항,퐝순환코스,TC02,0.35007002100700246,35.00700210070025,1.0,35.00700210070025,0.0,0.0,7.00140042014005,28.0056016805602,0.0,False
DEMO_CULTURE,SYNTHETIC_DEMONSTRATION,164,164,ct_2827a8d7943bdf,가평,가평순환버스A코스,TC01,0.34299717028501764,34.29971702850176,1.0,34.29971702850176,0.0,20.579830217101062,13.719886811400706,0.0,0.0,False
DEMO_CULTURE,SYNTHETIC_DEMONSTRATION,164,165,ct_f0549cce13f623,대전,힐링(만인산),TC05,0.34299717028501764,34.29971702850176,1.0,34.29971702850176,0.0,34.29971702850176,0.0,0.0,0.0,False
DEMO_CULTURE,SYNTHETIC_DEMONSTRATION,164,166,ct_f55bded1011de2,대전,언택트세이프?,TC05,0.34299717028501764,34.29971702850176,1.0,34.29971702850176,0.0,34.29971702850176,0.0,0.0,0.0,False
DEMO_CULTURE,SYNTHETIC_DEMONSTRATION,167,167,ct_abd1e371e69550,정선,아리랑열차 연계형 시티투어2,TC02,0.42008402520840293,42.00840252084029,0.8,33.60672201667224,0.0,22.404481344448158,0.0,11.202240672224079,0.0,False
DEMO_CULTURE,SYNTHETIC_DEMONSTRATION,168,168,ct_b8b6f8a37ebdf8,사천,별빛투어,TC03,0.47661194769524745,47.66119476952475,0.7,33.36283633866732,15.164925608485147,8.08796032452541,10.109950405656765,0.0,0.0,False
DEMO_CULTURE,SYNTHETIC_DEMONSTRATION,169,169,ct_6b62f6c5e28b9c,사천,바다투어,TC06,0.3327561323230812,33.27561323230812,0.9999999999999999,33.27561323230811,0.0,24.956709924231088,8.318903308077028,0.0,0.0,False
DEMO_CULTURE,SYNTHETIC_DEMONSTRATION,170,170,ct_3e1bfccd397508,세종,봄꽃파닭A투어,TC02,0.4850712500726658,48.50712500726658,0.6666666666666666,32.33808333817772,0.0,16.16904166908886,0.0,16.16904166908886,0.0,False
DEMO_CULTURE,SYNTHETIC_DEMONSTRATION,170,171,ct_a8b6f564bf7384,세종,봄꽃파닭B투어,TC02,0.4850712500726658,48.50712500726658,0.6666666666666666,32.33808333817772,0.0,16.16904166908886,0.0,16.16904166908886,0.0,False
DEMO_CULTURE,SYNTHETIC_DEMONSTRATION,170,172,ct_a98893fa363590,양산,봄꽃체험코스,TC02,0.4850712500726658,48.50712500726658,0.6666666666666666,32.33808333817772,0.0,16.16904166908886,0.0,16.16904166908886,0.0,False
DEMO_CULTURE,SYNTHETIC_DEMONSTRATION,173,173,ct_6df930eb64d3ad,세종,세종관광명소A투어,TC05,0.3743506488634663,37.43506488634663,0.8333333333333333,31.195887405288858,0.0,27.729677693590094,3.466209711698762,0.0,0.0,False
DEMO_CULTURE,SYNTHETIC_DEMONSTRATION,174,174,ct_52149303f1b0d4,서울,EG투어버스 K 코스,TC01,0.30678599553894814,30.678599553894813,1.0,30.678599553894813,0.0,15.339299776947406,15.339299776947406,0.0,0.0,False
DEMO_CULTURE,SYNTHETIC_DEMONSTRATION,174,175,ct_8163a6f43e6f4a,아산,예술맛집 코스,TC01,0.30678599553894814,30.678599553894813,1.0,30.678599553894813,0.0,15.339299776947406,15.339299776947406,0.0,0.0,False
DEMO_CULTURE,SYNTHETIC_DEMONSTRATION,174,176,ct_b75e8d4cf1e318,대구,테마(야경 11~3월),TC03,0.30678599553894814,30.678599553894813,1.0,30.678599553894813,0.0,15.339299776947406,15.339299776947406,0.0,0.0,False
DEMO_CULTURE,SYNTHETIC_DEMONSTRATION,174,177,ct_d3c228b00ede2b,파주,2026 파주시티투어 당일코스(화요일),TC01,0.30678599553894814,30.678599553894813,1.0,30.678599553894813,0.0,15.339299776947406,15.339299776947406,0.0,0.0,False
DEMO_CULTURE,SYNTHETIC_DEMONSTRATION,174,178,ct_ec6acb453717fd,안산,대부도 해변코스(일반형 2코스),TC05,0.30678599553894814,30.678599553894813,1.0,30.678599553894813,0.0,30.678599553894813,0.0,0.0,0.0,False
DEMO_CULTURE,SYNTHETIC_DEMONSTRATION,179,179,ct_fe508b5dbba88f,세종,역사산책투어,TC05,0.5965587590013044,59.65587590013044,0.5,29.82793795006522,13.55815361366601,16.26978433639921,0.0,0.0,0.0,False
DEMO_CULTURE,SYNTHETIC_DEMONSTRATION,180,180,ct_55438211f07ef0,임실,명소탐방 임실 시티투어,TC04,0.48809353009197637,48.809353009197636,0.6000000000000001,29.285611805518585,16.269784336399212,0.0,6.507913734559686,6.507913734559686,0.0,False
DEMO_CULTURE,SYNTHETIC_DEMONSTRATION,181,181,ct_36cdd5661df6fd,봉화,송이축제 문화유적탐방버스,TC01,0.3638034375544994,36.38034375544994,0.8,29.104275004359955,0.0,19.402850002906632,9.701425001453316,0.0,0.0,False
DEMO_CULTURE,SYNTHETIC_DEMONSTRATION,181,182,ct_69c07f148cbc8b,봉화,은어축제 문화유적탐방버스,TC01,0.3638034375544994,36.38034375544994,0.8,29.104275004359955,0.0,19.402850002906632,9.701425001453316,0.0,0.0,False
DEMO_CULTURE,SYNTHETIC_DEMONSTRATION,181,183,ct_88364cbd4a5650,곡성,압록권역 순환버스,TC01,0.3638034375544994,36.38034375544994,0.8,29.104275004359955,0.0,19.402850002906632,9.701425001453316,0.0,0.0,False
DEMO_CULTURE,SYNTHETIC_DEMONSTRATION,184,184,ct_c0c761a6bb3927,서울,EG투어버스 C코스,TC07,0.3616696746485272,36.16696746485272,0.7999999999999999,28.933573971882172,11.128297681493143,0.0,13.353957217791772,4.451319072597257,0.0,False
DEMO_CULTURE,SYNTHETIC_DEMONSTRATION,185,185,ct_cf9f8ad6cdda8f,대전,야경,TC03,0.3834824944236852,38.34824944236852,0.75,28.76118708177639,0.0,23.00894966542111,5.752237416355277,0.0,0.0,False
DEMO_CULTURE,SYNTHETIC_DEMONSTRATION,185,186,ct_ebbc3131233e25,가평,가평순환버스B코스,TC05,0.3834824944236852,38.34824944236852,0.75,28.76118708177639,0.0,23.00894966542111,5.752237416355277,0.0,0.0,False
DEMO_CULTURE,SYNTHETIC_DEMONSTRATION,187,187,ct_941018a965809c,광양,야경코스,TC03,0.34299717028501764,34.29971702850176,0.8333333333333333,28.583097523751466,0.0,19.055398349167643,0.0,9.527699174583821,0.0,False
DEMO_CULTURE,SYNTHETIC_DEMONSTRATION,188,188,ct_75d07d35d33328,진도,진도시티투어,TC06,0.4850712500726659,48.50712500726659,0.5714285714285714,27.718357147009478,18.656586541256377,0.0,9.061770605753098,0.0,0.0,False
DEMO_CULTURE,SYNTHETIC_DEMONSTRATION,189,189,ct_cba721781124d5,원주,원주시티투어(순환형),TC07,0.37435064886346625,37.43506488634662,0.7142857142857142,26.739332061676155,14.855184478708978,0.0,11.88414758296718,0.0,0.0,False
DEMO_CULTURE,SYNTHETIC_DEMONSTRATION,190,190,ct_c3ec7bb154c2c1,대전,언택트세이프(B),TC05,0.37962830118264823,37.962830118264826,0.6666666666666666,25.30855341217655,0.0,21.69304578186561,3.615507630310935,0.0,0.0,False
DEMO_CULTURE,SYNTHETIC_DEMONSTRATION,191,191,ct_0946c67481033f,세종,행복투어B,TC01,0.3638034375544994,36.38034375544994,0.6666666666666666,24.253562503633294,0.0,16.16904166908886,8.08452083454443,0.0,0.0,False
DEMO_CULTURE,SYNTHETIC_DEMONSTRATION,192,192,ct_c722d90ff66eb2,홍성,"전통시장코스(광천) 4,9일 운영",TC02,0.4850712500726658,48.50712500726658,0.5,24.25356250363329,0.0,12.126781251816645,0.0,12.126781251816645,0.0,False
DEMO_CULTURE,SYNTHETIC_DEMONSTRATION,192,193,ct_74128602fb5dca,태안,북부코스,TC04,0.2425356250363329,24.25356250363329,1.0,24.25356250363329,0.0,24.25356250363329,0.0,0.0,0.0,False
DEMO_CULTURE,SYNTHETIC_DEMONSTRATION,194,194,ct_4be058672a95ae,시흥,테마형 정기코스,TC04,0.28005601680560194,28.005601680560194,0.8571428571428572,24.00480144048017,0.0,20.00400120040014,4.000800240080028,0.0,0.0,False
DEMO_CULTURE,SYNTHETIC_DEMONSTRATION,195,195,ct_c68da356b898d6,여주,꽃섬투어,TC04,0.4200840252084028,42.008402520840285,0.5714285714285714,24.00480144048016,20.004001200400133,0.0,4.000800240080027,0.0,0.0,False
DEMO_CULTURE,SYNTHETIC_DEMONSTRATION,196,196,ct_1845f5c9950df4,목포,별빛물결시티투어,TC03,0.39605901719066966,39.60590171906696,0.6000000000000001,23.76354103144018,0.0,11.88177051572009,0.0,11.88177051572009,0.0,False
DEMO_CULTURE,SYNTHETIC_DEMONSTRATION,197,197,ct_ed3a5516a8c6ca,연천,안보자연코스,TC01,0.30678599553894814,30.678599553894813,0.75,23.00894966542111,0.0,11.504474832710555,11.504474832710555,0.0,0.0,False
DEMO_CULTURE,SYNTHETIC_DEMONSTRATION,198,198,ct_5997fa12423936,대전,언택트세이프(A),TC05,0.34299717028501764,34.29971702850176,0.6666666666666666,22.86647801900117,0.0,22.86647801900117,0.0,0.0,0.0,False
DEMO_CULTURE,SYNTHETIC_DEMONSTRATION,198,199,ct_59f67b28d9aad1,서울,EG투어버스 G코스,TC05,0.34299717028501764,34.29971702850176,0.6666666666666666,22.86647801900117,0.0,22.86647801900117,0.0,0.0,0.0,False
DEMO_CULTURE,SYNTHETIC_DEMONSTRATION,200,200,ct_f6d09076696e6d,양구,힐링산책코스,TC01,0.2970442628930023,29.70442628930023,0.75,22.278319716975172,0.0,14.852213144650115,7.426106572325057,0.0,0.0,False
DEMO_CULTURE,SYNTHETIC_DEMONSTRATION,201,201,ct_ff41044d0b7080,부산,동부산테마노선,TC04,0.2711630722733202,27.11630722733202,0.8,21.693045781865617,21.693045781865617,0.0,0.0,0.0,0.0,False
DEMO_CULTURE,SYNTHETIC_DEMONSTRATION,202,202,ct_82edd01ea220e6,화순,화순적벽 버스투어(적벽 셔틀버스),TC05,0.34299717028501764,34.29971702850176,0.6,20.579830217101055,0.0,20.579830217101055,0.0,0.0,0.0,False
DEMO_CULTURE,SYNTHETIC_DEMONSTRATION,203,203,ct_2be78db2f756ab,인천,바다노선,TC04,0.38348249442368515,38.34824944236851,0.5,19.174124721184256,19.174124721184256,0.0,0.0,0.0,0.0,False
DEMO_CULTURE,SYNTHETIC_DEMONSTRATION,204,204,ct_0ed3eb88438a1d,인천,청라투어,TC01,0.3638034375544994,36.38034375544994,0.5,18.19017187772497,0.0,12.126781251816645,6.063390625908323,0.0,0.0,False
DEMO_CULTURE,SYNTHETIC_DEMONSTRATION,204,205,ct_68d8eff6357673,양구,해안DMZ트래킹 코스,TC01,0.3638034375544994,36.38034375544994,0.5,18.19017187772497,0.0,12.126781251816645,6.063390625908323,0.0,0.0,False
DEMO_CULTURE,SYNTHETIC_DEMONSTRATION,206,206,ct_a7f13a177e5633,여수,제2코스,TC06,0.2754113163776218,27.541131637762177,0.6363636363636364,17.52617467857593,0.0,15.022435438779368,2.5037392397965617,0.0,0.0,False
DEMO_CULTURE,SYNTHETIC_DEMONSTRATION,207,207,ct_661e12e8488117,대전,힐링(장태산),TC05,0.34299717028501764,34.29971702850176,0.5,17.14985851425088,0.0,17.14985851425088,0.0,0.0,0.0,False
DEMO_CULTURE,SYNTHETIC_DEMONSTRATION,207,208,ct_d3a976675ffc53,대구,테마-방방곡곡(낙동강),TC05,0.34299717028501764,34.29971702850176,0.5,17.14985851425088,0.0,17.14985851425088,0.0,0.0,0.0,False
DEMO_CULTURE,SYNTHETIC_DEMONSTRATION,207,209,ct_f8bd00d4bc40b3,순천,(기획투어)나이트가든투어,TC03,0.34299717028501764,34.29971702850176,0.5,17.14985851425088,0.0,17.14985851425088,0.0,0.0,0.0,False
DEMO_CULTURE,SYNTHETIC_DEMONSTRATION,207,210,ct_2921659630cea0,서울,EG투어버스 B코스,TC01,0.17149858514250882,17.14985851425088,1.0,17.14985851425088,0.0,0.0,17.14985851425088,0.0,0.0,False
DEMO_CULTURE,SYNTHETIC_DEMONSTRATION,211,211,ct_82029ce72f5013,서울,EG투어버스 D코스,TC01,0.1681681984990781,16.81681984990781,1.0,16.81681984990781,0.0,0.0,16.81681984990781,0.0,0.0,False
DEMO_CULTURE,SYNTHETIC_DEMONSTRATION,212,212,ct_14b70a907c3324,안산,대부도 해변코스(일반형 1코스),TC04,0.2425356250363329,24.25356250363329,0.6666666666666666,16.16904166908886,0.0,16.16904166908886,0.0,0.0,0.0,False
DEMO_CULTURE,SYNTHETIC_DEMONSTRATION,213,213,ct_b6060e0e38a765,안산,대부도 뱃길코스(일반형 2코스),TC04,0.16169041669088866,16.169041669088866,0.8571428571428571,13.859178573504742,0.0,6.929589286752371,0.0,6.929589286752371,0.0,False
DEMO_CULTURE,SYNTHETIC_DEMONSTRATION,214,214,ct_b3b0773f44a533,안산,대부도 해변코스(체험형 1코스),TC01,0.17149858514250882,17.14985851425088,0.6666666666666666,11.433239009500586,0.0,0.0,11.433239009500586,0.0,0.0,False
DEMO_CULTURE,SYNTHETIC_DEMONSTRATION,214,215,ct_d916d0f4237246,파주,2026 파주시티투어 당일코스(금요일),TC01,0.17149858514250882,17.14985851425088,0.6666666666666666,11.433239009500586,0.0,0.0,11.433239009500586,0.0,0.0,False
DEMO_CULTURE,SYNTHETIC_DEMONSTRATION,214,216,ct_f48a1e387a5d08,이천,농촌체험코스(중부),TC01,0.17149858514250882,17.14985851425088,0.6666666666666666,11.433239009500586,0.0,0.0,11.433239009500586,0.0,0.0,False
DEMO_CULTURE,SYNTHETIC_DEMONSTRATION,217,217,ct_b2af495e1760b5,안산,대부도 뱃길코스(체험형 1코스),TC04,0.10846522890932808,10.846522890932809,1.0,10.846522890932809,0.0,0.0,0.0,10.846522890932809,0.0,False
DEMO_CULTURE,SYNTHETIC_DEMONSTRATION,218,218,ct_0ebeda6387230e,안산,대부도 뱃길코스(체험형 2코스),TC04,0.09513029883089881,9.513029883089882,1.0,9.513029883089882,0.0,0.0,9.513029883089882,0.0,0.0,False
DEMO_CULTURE,SYNTHETIC_DEMONSTRATION,219,219,ct_a7d1b6cc26e056,안산,대부도 뱃길코스(일반형 1코스),TC04,0.06726727939963123,6.726727939963123,0.8571428571428572,5.765766805682677,0.0,5.765766805682677,0.0,0.0,0.0,False
DEMO_CULTURE,SYNTHETIC_DEMONSTRATION,220,220,ct_008becedc70ab4,인천,무의도투어,TC04,0.0,0.0,1.0,0.0,0.0,0.0,0.0,0.0,0.0,False
DEMO_CULTURE,SYNTHETIC_DEMONSTRATION,220,221,ct_30fd00f9cfda89,인천,선재영흥투어,TC04,0.0,0.0,0.6666666666666666,0.0,0.0,0.0,0.0,0.0,0.0,False
DEMO_CULTURE,SYNTHETIC_DEMONSTRATION,220,222,ct_5082aae98cb9d3,부산,야경투어,TC03,0.0,0.0,0.5,0.0,0.0,0.0,0.0,0.0,0.0,False
DEMO_CULTURE,SYNTHETIC_DEMONSTRATION,220,223,ct_c343406b7388f2,군산,고군산시간여행코스,TC04,0.0,0.0,0.5,0.0,0.0,0.0,0.0,0.0,0.0,False
DEMO_COAST,SYNTHETIC_DEMONSTRATION,1,1,ct_83afdb6c6bad30,시흥,순환형 2층버스,TC04,0.8959786703810406,89.59786703810406,1.0,89.59786703810406,5.270462766947299,31.62277660168379,0.0,0.0,52.704627669472984,False
DEMO_COAST,SYNTHETIC_DEMONSTRATION,2,2,ct_74128602fb5dca,태안,북부코스,TC04,0.8944271909999157,89.44271909999158,1.0,89.44271909999158,0.0,33.54101966249684,0.0,0.0,55.901699437494734,False
DEMO_COAST,SYNTHETIC_DEMONSTRATION,3,3,ct_c83f7c6960b76b,부산,레드라인,TC06,0.8764598212022146,87.64598212022146,1.0,87.64598212022146,3.3709993123162105,30.33899381084589,6.741998624632421,13.483997249264842,33.7099931231621,False
DEMO_COAST,SYNTHETIC_DEMONSTRATION,4,4,ct_84ffabae716404,홍성,죽도코스,TC02,0.8696263565463043,86.96263565463043,1.0,86.96263565463043,0.0,23.717082451262844,7.905694150420948,15.811388300841896,39.52847075210474,False
DEMO_COAST,SYNTHETIC_DEMONSTRATION,5,5,ct_b2af495e1760b5,안산,대부도 뱃길코스(체험형 1코스),TC04,0.8499999999999999,84.99999999999999,1.0,84.99999999999999,0.0,0.0,0.0,10.0,74.99999999999999,False
DEMO_COAST,SYNTHETIC_DEMONSTRATION,6,6,ct_00435b9cca499b,포항,퐝랜드마크A코스,TC02,0.8485281374238569,84.85281374238569,1.0,84.85281374238569,7.0710678118654755,21.213203435596427,7.0710678118654755,14.142135623730951,35.35533905932737,False
DEMO_COAST,SYNTHETIC_DEMONSTRATION,7,7,ct_36b90ac2b7ebec,태백,황지자유시장 코스,TC02,0.838525491562421,83.85254915624209,0.9999999999999999,83.85254915624208,5.590169943749474,33.541019662496836,5.590169943749474,11.180339887498947,27.950849718747364,False
DEMO_COAST,SYNTHETIC_DEMONSTRATION,8,8,ct_ac7ca37140e6b6,포항,퐝랜드마크B코스,TC02,0.8366600265340755,83.66600265340755,1.0,83.66600265340755,0.0,35.85685828003181,5.976143046671968,11.952286093343936,29.880715233359833,False
DEMO_COAST,SYNTHETIC_DEMONSTRATION,9,9,ct_6b62f6c5e28b9c,사천,바다투어,TC06,0.805313238289739,80.5313238289739,0.9999999999999999,80.53132382897388,0.0,34.51342449813166,7.669649888473704,0.0,38.34824944236851,False
DEMO_COAST,SYNTHETIC_DEMONSTRATION,10,10,ct_596ccaeb2861f9,태안,남부코스,TC02,0.7999999999999998,79.99999999999999,0.9999999999999999,79.99999999999997,4.999999999999999,29.99999999999999,0.0,19.999999999999996,24.99999999999999,False
DEMO_COAST,SYNTHETIC_DEMONSTRATION,11,11,ct_b6060e0e38a765,안산,대부도 뱃길코스(일반형 2코스),TC04,0.9316949906249123,93.16949906249124,0.8571428571428571,79.85957062499249,0.0,9.5831484749991,0.0,6.3887656499994,63.88765649999398,False
DEMO_COAST,SYNTHETIC_DEMONSTRATION,12,12,ct_e346ea988fedc3,포항,씨(SEA)하게 보는 포항코스,TC04,0.9561828874675149,95.61828874675149,0.8333333333333333,79.68190728895956,4.980119205559974,14.940357616679918,0.0,9.960238411119947,49.80119205559973,False
DEMO_COAST,SYNTHETIC_DEMONSTRATION,13,13,ct_008becedc70ab4,인천,무의도투어,TC04,0.7905694150420948,79.05694150420948,1.0,79.05694150420948,0.0,0.0,0.0,0.0,79.05694150420948,False
DEMO_COAST,SYNTHETIC_DEMONSTRATION,14,14,ct_941018a965809c,광양,야경코스,TC03,0.9486832980505137,94.86832980505136,0.8333333333333333,79.05694150420946,0.0,26.35231383473649,0.0,8.784104611578831,43.92052305789415,False
DEMO_COAST,SYNTHETIC_DEMONSTRATION,15,15,ct_ec6acb453717fd,안산,대부도 해변코스(일반형 2코스),TC05,0.7778174593052023,77.78174593052023,1.0,77.78174593052023,0.0,42.42640687119285,0.0,0.0,35.35533905932737,False
DEMO_COAST,SYNTHETIC_DEMONSTRATION,16,16,ct_9d994e07488f57,삼척,종일코스,TC02,0.7768985960673558,77.68985960673558,1.0,77.68985960673558,0.0,17.928429140015904,5.976143046671968,23.904572186687872,29.880715233359833,False
DEMO_COAST,SYNTHETIC_DEMONSTRATION,17,17,ct_8171ca90d9fa99,제주,야간코스(7월말~8월말 운영),TC03,0.7759402897989851,77.59402897989851,0.9999999999999999,77.5940289798985,4.564354645876382,41.079191812887444,0.0,9.128709291752765,22.82177322938191,False
DEMO_COAST,SYNTHETIC_DEMONSTRATION,18,18,ct_4be058672a95ae,시흥,테마형 정기코스,TC04,0.9036961141150639,90.36961141150638,0.8571428571428572,77.45966692414834,0.0,27.664166758624408,3.688555567816588,0.0,46.10694459770735,False
DEMO_COAST,SYNTHETIC_DEMONSTRATION,19,19,ct_0ebeda6387230e,안산,대부도 뱃길코스(체험형 2코스),TC04,0.7454993164109747,74.54993164109747,1.0,74.54993164109747,0.0,0.0,8.770580193070293,0.0,65.77935144802719,False
DEMO_COAST,SYNTHETIC_DEMONSTRATION,20,20,ct_a7d1b6cc26e056,안산,대부도 뱃길코스(일반형 1코스),TC04,0.8682431421244591,86.82431421244591,0.8571428571428572,74.42084075352507,0.0,7.973661509306258,0.0,0.0,66.44717924421882,False
DEMO_COAST,SYNTHETIC_DEMONSTRATION,21,21,ct_aa87321b8b5003,창원,창원시티투어,TC06,0.7888106377466155,78.88106377466156,0.9166666666666666,72.30764179343976,2.5824157783371344,34.8626130075513,5.164831556674269,10.329663113348538,19.368118337528504,False
DEMO_COAST,SYNTHETIC_DEMONSTRATION,22,22,ct_330d0bc9cd3d05,서산,B코스,TC02,0.8696263565463043,86.96263565463043,0.8,69.57010852370435,6.324555320336759,18.973665961010276,0.0,12.649110640673518,31.622776601683793,False
DEMO_COAST,SYNTHETIC_DEMONSTRATION,22,23,ct_4e89a607500203,태안,광역코스,TC02,0.8696263565463043,86.96263565463043,0.8,69.57010852370435,6.324555320336759,18.973665961010276,0.0,12.649110640673518,31.622776601683793,False
DEMO_COAST,SYNTHETIC_DEMONSTRATION,22,24,ct_94cebe436c068a,서산,C코스,TC02,0.8696263565463043,86.96263565463043,0.8,69.57010852370435,6.324555320336759,18.973665961010276,0.0,12.649110640673518,31.622776601683793,False
DEMO_COAST,SYNTHETIC_DEMONSTRATION,25,25,ct_a1bc285f9c2881,여수,제1코스,TC08,0.6928203230275508,69.28203230275508,1.0,69.28203230275508,11.547005383792515,0.0,2.8867513459481287,11.547005383792515,43.301270189221924,False
DEMO_COAST,SYNTHETIC_DEMONSTRATION,26,26,ct_83465bf3a690f2,여수,야간테마코스(시간을달리는버스커),TC03,0.9036961141150639,90.36961141150638,0.75,67.77720855862978,3.2274861218395143,24.206145913796355,0.0,0.0,40.34357652299393,False
DEMO_COAST,SYNTHETIC_DEMONSTRATION,27,27,ct_abd1e371e69550,정선,아리랑열차 연계형 시티투어2,TC02,0.8391463916782738,83.91463916782737,0.8,67.13171133426191,0.0,30.983866769659336,0.0,10.327955589886447,25.81988897471611,False
DEMO_COAST,SYNTHETIC_DEMONSTRATION,28,28,ct_8de53de429d379,포항,퐝순환코스,TC02,0.6454972243679029,64.54972243679029,1.0,64.54972243679029,0.0,0.0,6.454972243679029,25.819888974716115,32.27486121839514,False
DEMO_COAST,SYNTHETIC_DEMONSTRATION,29,29,ct_ab2a31c9b0dd1c,안동,주간도심테마,TC06,0.7348469228349533,73.48469228349533,0.875,64.29910574805842,7.144345083117601,32.14955287402921,0.0,7.144345083117601,17.860862707794006,False
DEMO_COAST,SYNTHETIC_DEMONSTRATION,30,30,ct_ff41044d0b7080,부산,동부산테마노선,TC04,0.7999999999999999,80.0,0.8,64.0,4.0,0.0,0.0,0.0,59.99999999999999,False
DEMO_COAST,SYNTHETIC_DEMONSTRATION,31,31,ct_0b7a755a267601,여수,2층야간코스,TC03,0.6350852961085884,63.508529610858844,1.0,63.508529610858844,5.773502691896257,43.30127018922194,0.0,0.0,14.433756729740644,False
DEMO_COAST,SYNTHETIC_DEMONSTRATION,32,32,ct_3aa92169f5cb7c,군산,(익산역 출발) 고군산시간여행코스,TC04,0.7905694150420948,79.05694150420948,0.8,63.245553203367585,6.324555320336759,18.973665961010276,6.324555320336759,0.0,31.622776601683793,False
DEMO_COAST,SYNTHETIC_DEMONSTRATION,33,33,ct_1def3d2a58e430,부산,오렌지라인,TC06,0.6872564503672763,68.72564503672763,0.9090909090909092,62.47785912429785,8.149285972734502,32.59714389093801,2.716428657578168,5.432857315156336,13.582143287890837,False
DEMO_COAST,SYNTHETIC_DEMONSTRATION,34,34,ct_618497cad743bc,양구,방산나들이코스,TC04,0.8215838362577492,82.15838362577492,0.75,61.61878771933119,6.846531968814578,20.539595906443733,0.0,0.0,34.232659844072884,False
DEMO_COAST,SYNTHETIC_DEMONSTRATION,34,35,ct_f6d09076696e6d,양구,힐링산책코스,TC01,0.8215838362577492,82.15838362577492,0.75,61.61878771933119,0.0,20.539595906443733,6.846531968814578,0.0,34.232659844072884,False
DEMO_COAST,SYNTHETIC_DEMONSTRATION,36,36,ct_2f8d9c4d57db08,서천,힐링코스,TC06,0.8485281374238571,84.8528137423857,0.7142857142857142,60.60915267313264,5.050762722761054,15.15228816828316,5.050762722761054,10.101525445522109,25.253813613805267,False
DEMO_COAST,SYNTHETIC_DEMONSTRATION,37,37,ct_14b70a907c3324,안산,대부도 해변코스(일반형 1코스),TC04,0.8944271909999157,89.44271909999158,0.6666666666666666,59.62847939999438,0.0,22.360679774997894,0.0,0.0,37.267799624996485,False
DEMO_COAST,SYNTHETIC_DEMONSTRATION,38,38,ct_aa2937d4d2a2d0,목포,목포랑시티투어,TC06,0.5891649892987401,58.91649892987401,1.0,58.91649892987401,12.403473458920846,18.605210188381267,6.201736729460423,6.201736729460423,15.504341823651055,False
DEMO_COAST,SYNTHETIC_DEMONSTRATION,39,39,ct_4e0d701d9aadd5,대구,테마(야경 4~10월),TC03,0.5809475019311126,58.09475019311125,1.0,58.09475019311125,0.0,38.72983346207417,6.454972243679029,12.909944487358057,0.0,False
DEMO_COAST,SYNTHETIC_DEMONSTRATION,39,40,ct_809907e22355c9,연천,연천명소코스,TC05,0.5809475019311126,58.09475019311125,1.0,58.09475019311125,6.454972243679029,38.72983346207417,0.0,12.909944487358057,0.0,False
DEMO_COAST,SYNTHETIC_DEMONSTRATION,41,41,ct_a7f13a177e5633,여수,제2코스,TC06,0.9068453126375147,90.68453126375147,0.6363636363636364,57.70833807693275,0.0,20.77500170769579,2.30833352307731,0.0,34.625002846159646,False
DEMO_COAST,SYNTHETIC_DEMONSTRATION,42,42,ct_5e83dbf18d6227,울산,장생포 대왕암 코스,TC04,0.760638829255665,76.06388292556649,0.75,57.04791219417487,6.338656910463875,0.0,3.1693284552319376,0.0,47.53992682847906,False
DEMO_COAST,SYNTHETIC_DEMONSTRATION,43,43,ct_9857f916bfa916,대구,도심순환코스(12개 정류장),TC06,0.5669467095138409,56.69467095138408,1.0,56.69467095138408,1.889822365046136,39.68626966596886,7.559289460184544,7.559289460184544,0.0,False
DEMO_COAST,SYNTHETIC_DEMONSTRATION,44,44,ct_987d7b91b042a8,완도,해양치유시티투어,TC06,0.75,75.0,0.75,56.25,7.5,22.5,0.0,7.5,18.75,False
DEMO_COAST,SYNTHETIC_DEMONSTRATION,45,45,ct_956d44d9a821ed,양산,2025 6월 시티투어,TC02,0.5533985905294664,55.339859052946636,1.0,55.339859052946636,7.905694150420948,23.717082451262844,7.905694150420948,15.811388300841896,0.0,False
DEMO_COAST,SYNTHETIC_DEMONSTRATION,46,46,ct_7dba0d730780c9,서천,동백코스(익산-군산 광역),TC01,0.5493502655735358,54.93502655735358,0.9999999999999999,54.935026557353574,0.0,38.03194146278324,8.451542547285165,8.451542547285165,0.0,False
DEMO_COAST,SYNTHETIC_DEMONSTRATION,47,47,ct_1845f5c9950df4,목포,별빛물결시티투어,TC03,0.9128709291752768,91.28709291752767,0.6000000000000001,54.772255750516614,0.0,16.431676725154983,0.0,10.954451150103324,27.386127875258307,False
DEMO_COAST,SYNTHETIC_DEMONSTRATION,48,48,ct_507ac7569b1306,서천,보랏빛코스,TC02,0.5477225575051661,54.77225575051661,1.0,54.77225575051661,0.0,27.386127875258303,9.128709291752768,18.257418583505537,0.0,False
DEMO_COAST,SYNTHETIC_DEMONSTRATION,48,49,ct_aabd87818ef08f,서울,EG투어버스 I코스,TC02,0.5477225575051661,54.77225575051661,1.0,54.77225575051661,0.0,27.386127875258303,9.128709291752768,18.257418583505537,0.0,False
DEMO_COAST,SYNTHETIC_DEMONSTRATION,48,50,ct_b53b246e98a9cd,인천,석모도투어,TC02,0.5477225575051661,54.77225575051661,1.0,54.77225575051661,9.128709291752768,27.386127875258303,0.0,18.257418583505537,0.0,False
DEMO_COAST,SYNTHETIC_DEMONSTRATION,48,51,ct_b96c711c2cd94d,예산,예산군 버스투어,TC02,0.5477225575051661,54.77225575051661,1.0,54.77225575051661,9.128709291752768,27.386127875258303,0.0,18.257418583505537,0.0,False
DEMO_COAST,SYNTHETIC_DEMONSTRATION,52,52,ct_30fd00f9cfda89,인천,선재영흥투어,TC04,0.7905694150420948,79.05694150420948,0.6666666666666666,52.704627669472984,0.0,0.0,0.0,0.0,52.704627669472984,False
DEMO_COAST,SYNTHETIC_DEMONSTRATION,52,53,ct_a3932d2baa3d16,안산,안산 시내권코스(목요일),TC05,0.5270462766947298,52.704627669472984,1.0,52.704627669472984,10.540925533894598,31.62277660168379,0.0,10.540925533894598,0.0,False
DEMO_COAST,SYNTHETIC_DEMONSTRATION,52,54,ct_d0cdc53f7d6755,춘천,월요일,TC01,0.5270462766947298,52.704627669472984,1.0,52.704627669472984,0.0,31.62277660168379,10.540925533894598,10.540925533894598,0.0,False
DEMO_COAST,SYNTHETIC_DEMONSTRATION,55,55,ct_98323d74dbd87a,제주,순환형코스,TC06,0.6398431251535033,63.984312515350325,0.8125,51.98725391872214,5.598627345093154,33.59176407055892,0.0,4.798823438651274,7.99803906441879,False
DEMO_COAST,SYNTHETIC_DEMONSTRATION,56,56,ct_4309f65e431d83,아산,인생네컷 코스,TC05,0.5163977794943223,51.63977794943223,1.0,51.63977794943223,6.454972243679029,38.72983346207417,6.454972243679029,0.0,0.0,False
DEMO_COAST,SYNTHETIC_DEMONSTRATION,56,57,ct_6c466761af057c,대전,"광역투어(둘째주, 일)",TC05,0.5163977794943223,51.63977794943223,1.0,51.63977794943223,6.454972243679029,38.72983346207417,6.454972243679029,0.0,0.0,False
DEMO_COAST,SYNTHETIC_DEMONSTRATION,56,58,ct_c410c248858e88,서울,EG투어버스 L코스,TC02,0.5163977794943223,51.63977794943223,1.0,51.63977794943223,0.0,19.364916731037084,6.454972243679029,25.819888974716115,0.0,False
DEMO_COAST,SYNTHETIC_DEMONSTRATION,59,59,ct_b97fea5cc3f414,광양,광양힐링코스,TC07,0.512989176042577,51.298917604257696,0.9999999999999999,51.29891760425769,7.694837640638654,23.084512921915962,10.259783520851538,10.259783520851538,0.0,False
DEMO_COAST,SYNTHETIC_DEMONSTRATION,60,60,ct_2c5b83ca1acb5c,춘천,토요일,TC06,0.5077963596336064,50.77963596336063,1.0,50.77963596336063,2.6726124191242437,40.08918628686366,8.017837257372733,0.0,0.0,False
DEMO_COAST,SYNTHETIC_DEMONSTRATION,60,61,ct_72a42eb150b5d4,춘천,일요일,TC06,0.5077963596336064,50.77963596336063,1.0,50.77963596336063,2.6726124191242437,40.08918628686366,8.017837257372733,0.0,0.0,False
DEMO_COAST,SYNTHETIC_DEMONSTRATION,62,62,ct_5c692156a089c1,파주,2026 파주시티투어 당일코스(수요일),TC05,0.50709255283711,50.709255283710995,0.9999999999999999,50.70925528371099,8.451542547285165,38.03194146278324,4.225771273642582,0.0,0.0,False
DEMO_COAST,SYNTHETIC_DEMONSTRATION,63,63,ct_77585e7300bc39,청주,청주시티투어_정기투어_트레킹 투어(토),TC05,0.499137186587498,49.9137186587498,1.0,49.9137186587498,0.0,44.04151646360276,5.872202195147034,0.0,0.0,False
DEMO_COAST,SYNTHETIC_DEMONSTRATION,64,64,ct_62dfed5cce4635,파주,2026 파주시티투어 당일코스(목요일),TC05,0.4949747468305833,49.49747468305833,1.0,49.49747468305833,7.0710678118654755,42.42640687119285,0.0,0.0,0.0,False
DEMO_COAST,SYNTHETIC_DEMONSTRATION,64,65,ct_6b11aef24a24ef,순천,(테마투어)생태투어,TC05,0.4949747468305833,49.49747468305833,1.0,49.49747468305833,7.0710678118654755,42.42640687119285,0.0,0.0,0.0,False
DEMO_COAST,SYNTHETIC_DEMONSTRATION,64,66,ct_d038c55e01951b,대전,대덕특구탐방,TC05,0.4949747468305833,49.49747468305833,1.0,49.49747468305833,7.0710678118654755,42.42640687119285,0.0,0.0,0.0,False
DEMO_COAST,SYNTHETIC_DEMONSTRATION,67,67,ct_ff41dfabaec78b,여수,야경코스,TC03,0.821583836257749,82.1583836257749,0.6000000000000001,49.29503017546495,5.477225575051662,16.431676725154983,0.0,0.0,27.386127875258307,False
DEMO_COAST,SYNTHETIC_DEMONSTRATION,68,68,ct_edd6e5375f387f,부산,그린라인,TC06,0.6892024376045109,68.9202437604511,0.7,48.244170632315765,2.5391668753850407,30.470002504620485,2.5391668753850407,0.0,12.695834376925202,False
DEMO_COAST,SYNTHETIC_DEMONSTRATION,69,69,ct_86dc46ed127655,청주,청주시티투어_정기투어_청남대 투어(수토일),TC07,0.47809144373375745,47.809144373375744,1.0,47.809144373375744,5.976143046671968,17.928429140015904,11.952286093343936,11.952286093343936,0.0,False
DEMO_COAST,SYNTHETIC_DEMONSTRATION,70,70,ct_c93b13bf48e761,영주,물돌이 코스,TC05,0.5720775535473552,57.207755354735525,0.8333333333333333,47.6731294622796,3.972760788523301,35.7548470967097,0.0,7.945521577046602,0.0,False
DEMO_COAST,SYNTHETIC_DEMONSTRATION,71,71,ct_f0549cce13f623,대전,힐링(만인산),TC05,0.4743416490252569,47.43416490252569,1.0,47.43416490252569,0.0,47.43416490252569,0.0,0.0,0.0,False
DEMO_COAST,SYNTHETIC_DEMONSTRATION,71,72,ct_f55bded1011de2,대전,언택트세이프?,TC05,0.4743416490252569,47.43416490252569,1.0,47.43416490252569,0.0,47.43416490252569,0.0,0.0,0.0,False
DEMO_COAST,SYNTHETIC_DEMONSTRATION,73,73,ct_0f4dbe3b938a90,여수,2층주간코스,TC06,0.6573757351339165,65.73757351339165,0.7142857142857142,46.9554096524226,4.2686736047656915,12.806020814297073,8.537347209531383,0.0,21.343368023828454,False
DEMO_COAST,SYNTHETIC_DEMONSTRATION,74,74,ct_2d10b95a5e902e,대전,"광역투어(첫주, 일)",TC08,0.46483484010068415,46.483484010068416,0.9999999999999999,46.48348401006841,12.677313820927747,25.354627641855494,0.0,8.451542547285165,0.0,False
DEMO_COAST,SYNTHETIC_DEMONSTRATION,75,75,ct_6ec0ad7a54e92d,서천,문화코스,TC06,0.521749194749951,52.17491947499509,0.8888888888888888,46.377706199995636,3.3126932999996885,19.87615979999813,9.938079899999066,13.250773199998754,0.0,False
DEMO_COAST,SYNTHETIC_DEMONSTRATION,76,76,ct_52fe5a29aee3e7,합천,합천광역시티투어 누비고,TC01,0.4564354645876384,45.643546458763836,1.0,45.643546458763836,9.128709291752768,27.386127875258303,9.128709291752768,0.0,0.0,False
DEMO_COAST,SYNTHETIC_DEMONSTRATION,77,77,ct_79a18eaed83932,양산,양산시 가을 시티투어 (역사문화코스),TC08,0.45184805705753206,45.184805705753206,1.0,45.184805705753206,12.909944487358057,19.364916731037084,0.0,12.909944487358057,0.0,False
DEMO_COAST,SYNTHETIC_DEMONSTRATION,77,78,ct_a8a8ecfbd0eefc,대전,"광역투어(다섯째주, 토)",TC08,0.45184805705753206,45.184805705753206,1.0,45.184805705753206,10.758287072798382,12.909944487358056,0.0,21.516574145596763,0.0,False
DEMO_COAST,SYNTHETIC_DEMONSTRATION,79,79,ct_55438211f07ef0,임실,명소탐방 임실 시티투어,TC04,0.75,75.0,0.6000000000000001,45.00000000000001,3.0000000000000004,0.0,6.000000000000001,6.000000000000001,30.000000000000004,False
DEMO_COAST,SYNTHETIC_DEMONSTRATION,80,80,ct_4b24fed6566e54,해남,해남시티투어,TC05,0.44721359549995787,44.72135954999579,1.0,44.72135954999579,11.180339887498949,33.54101966249684,0.0,0.0,0.0,False
DEMO_COAST,SYNTHETIC_DEMONSTRATION,80,81,ct_8b988867d0e267,홍성,남당항 코스,TC01,0.44721359549995787,44.72135954999579,1.0,44.72135954999579,0.0,33.54101966249684,11.180339887498949,0.0,0.0,False
DEMO_COAST,SYNTHETIC_DEMONSTRATION,82,82,ct_c68da356b898d6,여주,꽃섬투어,TC04,0.7745966692414832,77.45966692414832,0.5714285714285714,44.262666813799036,3.688555567816587,0.0,3.688555567816587,0.0,36.885555678165865,False
DEMO_COAST,SYNTHETIC_DEMONSTRATION,83,83,ct_c188dbb343674a,서천,푸른빛코스,TC06,0.5270462766947298,52.704627669472984,0.8333333333333333,43.92052305789415,8.784104611578831,26.35231383473649,0.0,8.784104611578831,0.0,False
DEMO_COAST,SYNTHETIC_DEMONSTRATION,84,84,ct_5728bf247a42c1,제천,시티투어,TC01,0.4382299106011073,43.82299106011073,1.0,43.82299106011073,3.37099931231621,20.225995873897258,13.48399724926484,6.74199862463242,0.0,False
DEMO_COAST,SYNTHETIC_DEMONSTRATION,85,85,ct_15ca3909485d66,서천,광역코스,TC07,0.4999999999999999,49.999999999999986,0.8571428571428571,42.85714285714284,4.285714285714286,12.857142857142854,8.571428571428571,17.142857142857142,0.0,False
DEMO_COAST,SYNTHETIC_DEMONSTRATION,86,86,ct_1d8d8a70616c41,경기광주,광주시티투어,TC06,0.4218307438660538,42.18307438660538,0.9999999999999999,42.18307438660537,11.504474832710557,23.00894966542111,7.669649888473704,0.0,0.0,False
DEMO_COAST,SYNTHETIC_DEMONSTRATION,87,87,ct_2390c56fce5420,울산,태화강 국가정원 코스,TC06,0.5421730470091867,54.21730470091867,0.7777777777777778,42.169014767381185,4.6854460852645765,28.11267651158746,6.247261447019436,3.123630723509718,0.0,False
DEMO_COAST,SYNTHETIC_DEMONSTRATION,88,88,ct_b8b6f8a37ebdf8,사천,별빛투어,TC03,0.5992015964527209,59.920159645272086,0.7,41.94411175169046,2.796274116779364,11.185096467117456,9.32091372259788,0.0,18.64182744519576,False
DEMO_COAST,SYNTHETIC_DEMONSTRATION,89,89,ct_6df930eb64d3ad,세종,세종관광명소A투어,TC05,0.49852724275079074,49.852724275079076,0.8333333333333333,41.54393689589923,0.0,38.34824944236851,3.1956874535307103,0.0,0.0,False
DEMO_COAST,SYNTHETIC_DEMONSTRATION,90,90,ct_0af000fbdb8ad6,동해,관광문화코스,TC02,0.5797509043642028,57.97509043642029,0.7142857142857142,41.41077888315734,0.0,22.587697572631274,3.764616262105213,15.058465048420851,0.0,False
DEMO_COAST,SYNTHETIC_DEMONSTRATION,91,91,ct_1d6ad4598dff93,대구,테마-방방곡곡(군위군 돋보기),TC05,0.5163977794943223,51.63977794943223,0.8,41.311822359545786,5.163977794943223,30.983866769659336,5.163977794943223,0.0,0.0,False
DEMO_COAST,SYNTHETIC_DEMONSTRATION,91,92,ct_3dd54d8970e115,의정부,의정부포레스트:오감이 깨어나는 숲 속 여행,TC02,0.5163977794943223,51.63977794943223,0.8,41.311822359545786,0.0,15.491933384829668,5.163977794943223,20.655911179772893,0.0,False
DEMO_COAST,SYNTHETIC_DEMONSTRATION,91,93,ct_a11be8ffeee88a,태백,통리장 코스,TC05,0.5163977794943223,51.63977794943223,0.8,41.311822359545786,5.163977794943223,30.983866769659336,5.163977794943223,0.0,0.0,False
DEMO_COAST,SYNTHETIC_DEMONSTRATION,91,94,ct_de90b5933f0b40,청도,시티투어,TC02,0.5163977794943223,51.63977794943223,0.8,41.311822359545786,0.0,15.491933384829668,5.163977794943223,20.655911179772893,0.0,False
DEMO_COAST,SYNTHETIC_DEMONSTRATION,95,95,ct_2827a8d7943bdf,가평,가평순환버스A코스,TC01,0.41109609582188933,41.10960958218893,1.0,41.10960958218893,0.0,28.460498941515418,12.64911064067352,0.0,0.0,False
DEMO_COAST,SYNTHETIC_DEMONSTRATION,96,96,ct_516add9e1cef4a,정선,와와정선 2층 투어버스,TC02,0.5477225575051663,54.77225575051663,0.75,41.07919181288747,0.0,20.539595906443733,6.846531968814578,13.693063937629155,0.0,False
DEMO_COAST,SYNTHETIC_DEMONSTRATION,96,97,ct_bd2de54ec11e6b,양산,양산시 가을 시티투어 (자연관광코스),TC02,0.5477225575051663,54.77225575051663,0.75,41.07919181288747,0.0,20.539595906443733,6.846531968814578,13.693063937629155,0.0,False
DEMO_COAST,SYNTHETIC_DEMONSTRATION,96,98,ct_ca13864967c1fb,세종,세종관광명소B투어,TC02,0.5477225575051663,54.77225575051663,0.75,41.07919181288747,0.0,20.539595906443733,6.846531968814578,13.693063937629155,0.0,False
DEMO_COAST,SYNTHETIC_DEMONSTRATION,99,99,ct_d756b69f16e800,청주,청주시티투어_정기투어_힐링로드 투어(토),TC07,0.4107919181288745,41.07919181288745,0.9999999999999999,41.079191812887444,4.564354645876382,13.693063937629148,13.69306393762915,9.128709291752765,0.0,False
DEMO_COAST,SYNTHETIC_DEMONSTRATION,100,100,ct_61845aa89a1c1a,홍천,홍천시티투어,TC06,0.4951293378749535,49.51293378749535,0.8181818181818181,40.51058218976892,6.533964869317567,23.522273529543245,7.8407578431810805,2.613585947727027,0.0,False
DEMO_COAST,SYNTHETIC_DEMONSTRATION,101,101,ct_452018aaa6c847,춘천,화요일,TC05,0.49999999999999994,49.99999999999999,0.8,40.0,4.0,35.99999999999999,0.0,0.0,0.0,False
DEMO_COAST,SYNTHETIC_DEMONSTRATION,101,102,ct_da6b197f9d64eb,대구,테마-방방곡곡(사시사철),TC05,0.49999999999999994,49.99999999999999,0.8,40.0,4.0,35.99999999999999,0.0,0.0,0.0,False
DEMO_COAST,SYNTHETIC_DEMONSTRATION,103,103,ct_5082aae98cb9d3,부산,야경투어,TC03,0.7905694150420948,79.05694150420948,0.5,39.52847075210474,0.0,0.0,0.0,0.0,39.52847075210474,False
DEMO_COAST,SYNTHETIC_DEMONSTRATION,103,104,ct_c343406b7388f2,군산,고군산시간여행코스,TC04,0.7905694150420948,79.05694150420948,0.5,39.52847075210474,0.0,0.0,0.0,0.0,39.52847075210474,False
DEMO_COAST,SYNTHETIC_DEMONSTRATION,103,105,ct_a0af2538872792,서천,전라권코스,TC02,0.4743416490252569,47.43416490252569,0.8333333333333333,39.52847075210474,0.0,13.176156917368244,8.784104611578831,17.568209223157663,0.0,False
DEMO_COAST,SYNTHETIC_DEMONSTRATION,106,106,ct_0e4d7f0c7de8e2,대구,송해코스,TC08,0.39467610868816316,39.467610868816315,1.0,39.467610868816315,13.155870289605437,26.31174057921088,0.0,0.0,0.0,False
DEMO_COAST,SYNTHETIC_DEMONSTRATION,106,107,ct_fc9f85899d40a4,안산,안산 시내권코스(토요일),TC08,0.39467610868816316,39.467610868816315,1.0,39.467610868816315,13.155870289605437,26.31174057921088,0.0,0.0,0.0,False
DEMO_COAST,SYNTHETIC_DEMONSTRATION,108,108,ct_2be78db2f756ab,인천,바다노선,TC04,0.7778174593052022,77.78174593052022,0.5,38.89087296526011,3.5355339059327378,0.0,0.0,0.0,35.35533905932737,False
DEMO_COAST,SYNTHETIC_DEMONSTRATION,109,109,ct_2c0d1fe873d818,천안,화요일,TC08,0.38729833462074176,38.729833462074176,1.0,38.729833462074176,12.909944487358057,19.364916731037084,6.454972243679029,0.0,0.0,False
DEMO_COAST,SYNTHETIC_DEMONSTRATION,110,110,ct_45e65111200294,대전,"광역투어(셋째주, 토)",TC05,0.5809475019311126,58.09475019311125,0.6666666666666666,38.72983346207417,4.303314829119352,25.81988897471611,0.0,8.606629658238704,0.0,False
DEMO_COAST,SYNTHETIC_DEMONSTRATION,110,111,ct_02181b9e7a671f,순천,(테마투어)성곽투어,TC08,0.3872983346207417,38.72983346207417,1.0,38.72983346207417,15.061601901917731,0.0,2.1516574145596765,0.0,21.516574145596763,False
DEMO_COAST,SYNTHETIC_DEMONSTRATION,110,112,ct_ff36074cae8347,양주,자연친화코스1,TC01,0.3872983346207417,38.72983346207417,1.0,38.72983346207417,6.454972243679029,19.364916731037084,12.909944487358057,0.0,0.0,False
DEMO_COAST,SYNTHETIC_DEMONSTRATION,113,113,ct_6be92119035c7f,영광,"영광쉼,투어",TC06,0.447213595499958,44.721359549995796,0.8571428571428571,38.3325938999964,9.5831484749991,28.749445424997294,0.0,0.0,0.0,False
DEMO_COAST,SYNTHETIC_DEMONSTRATION,114,114,ct_ec90f983bc7ed6,안동,하회마을테마,TC06,0.43465914396061134,43.46591439606114,0.875,38.0326750965535,11.575161985907584,19.843134832984425,3.307189138830738,3.307189138830738,0.0,False
DEMO_COAST,SYNTHETIC_DEMONSTRATION,115,115,ct_fcbc8def0ff021,공주,여름코스,TC08,0.37527767497325676,37.52776749732568,1.0,37.52776749732568,14.433756729740645,17.32050807568877,0.0,5.773502691896257,0.0,False
DEMO_COAST,SYNTHETIC_DEMONSTRATION,116,116,ct_3e1bfccd397508,세종,봄꽃파닭A투어,TC02,0.5590169943749473,55.901699437494734,0.6666666666666666,37.267799624996485,0.0,22.360679774997894,0.0,14.907119849998598,0.0,False
DEMO_COAST,SYNTHETIC_DEMONSTRATION,116,117,ct_a8b6f564bf7384,세종,봄꽃파닭B투어,TC02,0.5590169943749473,55.901699437494734,0.6666666666666666,37.267799624996485,0.0,22.360679774997894,0.0,14.907119849998598,0.0,False
DEMO_COAST,SYNTHETIC_DEMONSTRATION,116,118,ct_a98893fa363590,양산,봄꽃체험코스,TC02,0.5590169943749473,55.901699437494734,0.6666666666666666,37.267799624996485,0.0,22.360679774997894,0.0,14.907119849998598,0.0,False
DEMO_COAST,SYNTHETIC_DEMONSTRATION,119,119,ct_7799bf62ca5138,대전,"광역투어(둘째주, 토)",TC05,0.4949747468305833,49.49747468305833,0.75,37.123106012293746,5.303300858899107,31.81980515339464,0.0,0.0,0.0,False
DEMO_COAST,SYNTHETIC_DEMONSTRATION,119,120,ct_cf9f8ad6cdda8f,대전,야경,TC03,0.4949747468305833,49.49747468305833,0.75,37.123106012293746,0.0,31.81980515339464,5.303300858899107,0.0,0.0,False
DEMO_COAST,SYNTHETIC_DEMONSTRATION,119,121,ct_ebbc3131233e25,가평,가평순환버스B코스,TC05,0.4949747468305833,49.49747468305833,0.75,37.123106012293746,0.0,31.81980515339464,5.303300858899107,0.0,0.0,False
DEMO_COAST,SYNTHETIC_DEMONSTRATION,122,122,ct_68e342ed3c052f,익산,익산숨은보석찾기코스,TC07,0.3689323936863109,36.89323936863109,1.0,36.89323936863109,5.270462766947299,0.0,10.540925533894598,21.081851067789195,0.0,False
DEMO_COAST,SYNTHETIC_DEMONSTRATION,123,123,ct_a407c821a8382e,서울,EG투어버스 H코스,TC07,0.3651483716701107,36.51483716701107,1.0,36.51483716701107,9.128709291752768,0.0,9.128709291752768,18.257418583505537,0.0,False
DEMO_COAST,SYNTHETIC_DEMONSTRATION,123,124,ct_e4444e050c482f,천안,일요일,TC07,0.3651483716701107,36.51483716701107,1.0,36.51483716701107,9.128709291752768,0.0,9.128709291752768,18.257418583505537,0.0,False
DEMO_COAST,SYNTHETIC_DEMONSTRATION,125,125,ct_c53b5abd9a30ab,대전,남부코스,TC01,0.42257712736425823,42.25771273642582,0.8571428571428571,36.22089663122213,3.622089663122213,21.73253797873328,10.866268989366642,0.0,0.0,False
DEMO_COAST,SYNTHETIC_DEMONSTRATION,126,126,ct_ba3c89379bf8c1,서천,금빛코스,TC06,0.42257712736425823,42.25771273642582,0.857142857142857,36.220896631222125,10.86626898936664,21.732537978733276,3.6220896631222126,0.0,0.0,False
DEMO_COAST,SYNTHETIC_DEMONSTRATION,127,127,ct_36cdd5661df6fd,봉화,송이축제 문화유적탐방버스,TC01,0.44721359549995787,44.72135954999579,0.8,35.77708763999663,0.0,26.832815729997478,8.94427190999916,0.0,0.0,False
DEMO_COAST,SYNTHETIC_DEMONSTRATION,127,128,ct_69c07f148cbc8b,봉화,은어축제 문화유적탐방버스,TC01,0.44721359549995787,44.72135954999579,0.8,35.77708763999663,0.0,26.832815729997478,8.94427190999916,0.0,0.0,False
DEMO_COAST,SYNTHETIC_DEMONSTRATION,127,129,ct_88364cbd4a5650,곡성,압록권역 순환버스,TC01,0.44721359549995787,44.72135954999579,0.8,35.77708763999663,0.0,26.832815729997478,8.94427190999916,0.0,0.0,False
DEMO_COAST,SYNTHETIC_DEMONSTRATION,127,130,ct_bd00bd65a80b11,연천,역사자연코스,TC05,0.44721359549995787,44.72135954999579,0.8,35.77708763999663,8.94427190999916,26.832815729997478,0.0,0.0,0.0,False
DEMO_COAST,SYNTHETIC_DEMONSTRATION,131,131,ct_1b0e0fd1157aaa,아산,休캉스 코스,TC08,0.35355339059327373,35.35533905932737,1.0,35.35533905932737,14.142135623730951,21.213203435596427,0.0,0.0,0.0,False
DEMO_COAST,SYNTHETIC_DEMONSTRATION,131,132,ct_52149303f1b0d4,서울,EG투어버스 K 코스,TC01,0.35355339059327373,35.35533905932737,1.0,35.35533905932737,0.0,21.213203435596427,14.142135623730951,0.0,0.0,False
DEMO_COAST,SYNTHETIC_DEMONSTRATION,131,133,ct_6bfb1cb10f19bb,천안,목요일,TC08,0.35355339059327373,35.35533905932737,1.0,35.35533905932737,14.142135623730951,21.213203435596427,0.0,0.0,0.0,False
DEMO_COAST,SYNTHETIC_DEMONSTRATION,131,134,ct_8163a6f43e6f4a,아산,예술맛집 코스,TC01,0.35355339059327373,35.35533905932737,1.0,35.35533905932737,0.0,21.213203435596427,14.142135623730951,0.0,0.0,False
DEMO_COAST,SYNTHETIC_DEMONSTRATION,131,135,ct_a33d720535a1e1,순천,(테마투어)산사투어,TC08,0.35355339059327373,35.35533905932737,1.0,35.35533905932737,14.142135623730951,21.213203435596427,0.0,0.0,0.0,False
DEMO_COAST,SYNTHETIC_DEMONSTRATION,131,136,ct_b75e8d4cf1e318,대구,테마(야경 11~3월),TC03,0.35355339059327373,35.35533905932737,1.0,35.35533905932737,0.0,21.213203435596427,14.142135623730951,0.0,0.0,False
DEMO_COAST,SYNTHETIC_DEMONSTRATION,131,137,ct_d3c228b00ede2b,파주,2026 파주시티투어 당일코스(화요일),TC01,0.35355339059327373,35.35533905932737,1.0,35.35533905932737,0.0,21.213203435596427,14.142135623730951,0.0,0.0,False
DEMO_COAST,SYNTHETIC_DEMONSTRATION,131,138,ct_e588b4efe19ef3,평창,북부권 코스,TC08,0.35355339059327373,35.35533905932737,1.0,35.35533905932737,14.142135623730951,21.213203435596427,0.0,0.0,0.0,False
DEMO_COAST,SYNTHETIC_DEMONSTRATION,139,139,ct_7cdced2e0d065a,여주,시티투어,TC06,0.44907311951024936,44.90731195102494,0.7777777777777778,34.92790929524162,9.525793444156806,9.525793444156806,3.1752644813856015,12.701057925542406,0.0,False
DEMO_COAST,SYNTHETIC_DEMONSTRATION,140,140,ct_dfc58b1c3324c1,춘천,금요일,TC06,0.5163977794943223,51.63977794943223,0.6666666666666666,34.42651863295482,4.303314829119352,25.81988897471611,4.303314829119352,0.0,0.0,False
DEMO_COAST,SYNTHETIC_DEMONSTRATION,141,141,ct_166c38f36d6640,춘천,목요일,TC01,0.4564354645876385,45.64354645876385,0.75,34.232659844072884,6.846531968814578,20.539595906443733,6.846531968814578,0.0,0.0,False
DEMO_COAST,SYNTHETIC_DEMONSTRATION,141,142,ct_59c60fcaf04aa6,인천,교동도투어,TC01,0.4564354645876385,45.64354645876385,0.75,34.232659844072884,6.846531968814578,20.539595906443733,6.846531968814578,0.0,0.0,False
DEMO_COAST,SYNTHETIC_DEMONSTRATION,143,143,ct_49fb403c953735,광양,광양역사코스,TC08,0.39686269665968854,39.68626966596885,0.857142857142857,34.016802570830436,12.95878193174493,9.719086448808696,0.0,3.2396954829362326,8.099238707340582,False
DEMO_COAST,SYNTHETIC_DEMONSTRATION,144,144,ct_d1e99a0d119f73,밀양,시내권 투어 1,TC06,0.47434164902525683,47.43416490252568,0.7142857142857142,33.88154635894691,7.529232524210426,22.587697572631274,3.764616262105213,0.0,0.0,False
DEMO_COAST,SYNTHETIC_DEMONSTRATION,145,145,ct_424fda831e8a80,인천,인천레트로노선,TC07,0.33806170189140666,33.806170189140666,1.0,33.806170189140666,4.225771273642583,0.0,12.677313820927749,16.903085094570333,0.0,False
DEMO_COAST,SYNTHETIC_DEMONSTRATION,146,146,ct_17e0dd4d30822e,밀양,삼랑진권 투어,TC08,0.3337119062359573,33.37119062359573,1.0,33.37119062359573,14.301938838683883,14.301938838683883,4.767312946227962,0.0,0.0,False
DEMO_COAST,SYNTHETIC_DEMONSTRATION,147,147,ct_c3ec7bb154c2c1,대전,언택트세이프(B),TC05,0.49999999999999994,49.99999999999999,0.6666666666666666,33.33333333333333,0.0,29.999999999999993,3.333333333333333,0.0,0.0,False
DEMO_COAST,SYNTHETIC_DEMONSTRATION,148,148,ct_e353674363d7f4,대전,대청호코스,TC06,0.5244044240850758,52.44044240850758,0.625,32.77527650531724,2.979570591392476,26.816135322532283,2.979570591392476,0.0,0.0,False
DEMO_COAST,SYNTHETIC_DEMONSTRATION,149,149,ct_5997fa12423936,대전,언택트세이프(A),TC05,0.4743416490252569,47.43416490252569,0.6666666666666666,31.62277660168379,0.0,31.62277660168379,0.0,0.0,0.0,False
DEMO_COAST,SYNTHETIC_DEMONSTRATION,149,150,ct_59f67b28d9aad1,서울,EG투어버스 G코스,TC05,0.4743416490252569,47.43416490252569,0.6666666666666666,31.62277660168379,0.0,31.62277660168379,0.0,0.0,0.0,False
DEMO_COAST,SYNTHETIC_DEMONSTRATION,151,151,ct_82029ce72f5013,서울,EG투어버스 D코스,TC01,0.31008683647302115,31.008683647302114,1.0,31.008683647302114,0.0,0.0,15.504341823651057,0.0,15.504341823651055,False
DEMO_COAST,SYNTHETIC_DEMONSTRATION,152,152,ct_4ba7f5cc1ffeda,부산,서부산생태투어,TC08,0.38729833462074176,38.729833462074176,0.8,30.983866769659343,10.327955589886447,15.491933384829668,5.163977794943223,0.0,0.0,False
DEMO_COAST,SYNTHETIC_DEMONSTRATION,153,153,ct_20eb1ae44f44d4,밀양,영남알프스권 투어 1,TC07,0.36893239368631087,36.893239368631086,0.8333333333333333,30.7443661405259,8.784104611578831,13.176156917368244,8.784104611578831,0.0,0.0,False
DEMO_COAST,SYNTHETIC_DEMONSTRATION,154,154,ct_53a12bc8caced9,화천,화천시티투어(평화누리호),TC08,0.45184805705753206,45.184805705753206,0.6666666666666666,30.12320380383547,8.606629658238704,12.909944487358056,0.0,8.606629658238704,0.0,False
DEMO_COAST,SYNTHETIC_DEMONSTRATION,155,155,ct_23c35eeaf17398,곡성,읍권 순환버스,TC06,0.5402954672391689,54.02954672391689,0.5555555555555556,30.016414846620496,3.531342923131823,23.836564731139806,0.8828357307829557,1.7656714615659115,0.0,False
DEMO_COAST,SYNTHETIC_DEMONSTRATION,156,156,ct_104171b078b959,공주,가을코스,TC08,0.3,30.0,1.0,30.0,15.0,15.0,0.0,0.0,0.0,False
DEMO_COAST,SYNTHETIC_DEMONSTRATION,157,157,ct_0946c67481033f,세종,행복투어B,TC01,0.44721359549995787,44.72135954999579,0.6666666666666666,29.81423969999719,0.0,22.360679774997894,7.453559924999299,0.0,0.0,False
DEMO_COAST,SYNTHETIC_DEMONSTRATION,157,158,ct_566165b1b827e0,천안,토요일,TC05,0.44721359549995787,44.72135954999579,0.6666666666666666,29.81423969999719,7.453559924999299,22.360679774997894,0.0,0.0,0.0,False
DEMO_COAST,SYNTHETIC_DEMONSTRATION,157,159,ct_f558345dd00dbf,아산,역사기행 코스,TC05,0.44721359549995787,44.72135954999579,0.6666666666666666,29.81423969999719,7.453559924999299,22.360679774997894,0.0,0.0,0.0,False
DEMO_COAST,SYNTHETIC_DEMONSTRATION,160,160,ct_f534f220e539af,파주,2026 파주시티투어 당일코스(일요일),TC08,0.2981423969999719,29.81423969999719,0.9999999999999999,29.814239699997188,14.907119849998594,11.180339887498945,3.7267799624996485,0.0,0.0,False
DEMO_COAST,SYNTHETIC_DEMONSTRATION,161,161,ct_40252d247000a5,안동,야간도심테마,TC03,0.4949747468305833,49.49747468305833,0.6000000000000001,29.698484809835,4.242640687119286,25.455844122715714,0.0,0.0,0.0,False
DEMO_COAST,SYNTHETIC_DEMONSTRATION,162,162,ct_bdc4b066f6280d,안동,도산서원&예끼마을테마,TC07,0.3354101966249684,33.54101966249684,0.8571428571428571,28.749445424997294,9.5831484749991,0.0,7.6665187799992776,11.499778169998915,0.0,False
DEMO_COAST,SYNTHETIC_DEMONSTRATION,163,163,ct_82edd01ea220e6,화순,화순적벽 버스투어(적벽 셔틀버스),TC05,0.4743416490252569,47.43416490252569,0.6,28.46049894151541,0.0,28.46049894151541,0.0,0.0,0.0,False
DEMO_COAST,SYNTHETIC_DEMONSTRATION,164,164,ct_07b4b0458851e1,서울,EG투어버스 J코스,TC08,0.282842712474619,28.284271247461902,1.0,28.284271247461902,14.142135623730951,0.0,0.0,14.142135623730951,0.0,False
DEMO_COAST,SYNTHETIC_DEMONSTRATION,165,165,ct_78497ddd68fd45,사천,우주항공산업투어,TC06,0.42257712736425823,42.25771273642582,0.6666666666666666,28.171808490950546,2.8171808490950547,16.90308509457033,8.451542547285165,0.0,0.0,False
DEMO_COAST,SYNTHETIC_DEMONSTRATION,166,166,ct_c722d90ff66eb2,홍성,"전통시장코스(광천) 4,9일 운영",TC02,0.5590169943749473,55.901699437494734,0.5,27.950849718747367,0.0,16.77050983124842,0.0,11.180339887498949,0.0,False
DEMO_COAST,SYNTHETIC_DEMONSTRATION,167,167,ct_1dab0b645e521d,완주,완주힐링로드시티투어 2코스,TC08,0.33371190623595726,33.37119062359572,0.8333333333333333,27.8093255196631,11.918282365569901,11.9182823655699,3.972760788523301,0.0,0.0,False
DEMO_COAST,SYNTHETIC_DEMONSTRATION,168,168,ct_cfd77d72cf4c59,나주,정기코스,TC08,0.35355339059327373,35.35533905932737,0.75,26.516504294495526,10.606601717798213,15.90990257669732,0.0,0.0,0.0,False
DEMO_COAST,SYNTHETIC_DEMONSTRATION,168,169,ct_ed3a5516a8c6ca,연천,안보자연코스,TC01,0.35355339059327373,35.35533905932737,0.75,26.516504294495526,0.0,15.90990257669732,10.606601717798213,0.0,0.0,False
DEMO_COAST,SYNTHETIC_DEMONSTRATION,168,170,ct_fa87b733ddf357,아산,아산도심핫플코스,TC08,0.35355339059327373,35.35533905932737,0.75,26.516504294495526,10.606601717798213,15.90990257669732,0.0,0.0,0.0,False
DEMO_COAST,SYNTHETIC_DEMONSTRATION,171,171,ct_a726fc60353090,청주,청주시티투어_정기투어_초정힐링 투어(토),TC07,0.31622776601683794,31.622776601683793,0.8333333333333333,26.352313834736492,8.784104611578831,0.0,8.784104611578831,8.784104611578831,0.0,False
DEMO_COAST,SYNTHETIC_DEMONSTRATION,171,172,ct_c543fc703f1159,익산,순환형1,TC07,0.31622776601683794,31.622776601683793,0.8333333333333333,26.352313834736492,8.784104611578831,0.0,8.784104611578831,8.784104611578831,0.0,False
DEMO_COAST,SYNTHETIC_DEMONSTRATION,173,173,ct_9845cf0683e6c7,화천,화천시티투어(백암산케이블카),TC07,0.32274861218395146,32.274861218395145,0.8,25.819888974716118,10.327955589886447,0.0,5.163977794943223,10.327955589886447,0.0,False
DEMO_COAST,SYNTHETIC_DEMONSTRATION,174,174,ct_084dcff739bc51,김해,김해에반해,TC06,0.2573251177328327,25.732511773283267,1.0,25.732511773283267,14.704292441876154,5.5141096657035575,5.514109665703558,0.0,0.0,False
DEMO_COAST,SYNTHETIC_DEMONSTRATION,175,175,ct_6e6a0f2ecaee7f,양주,기본코스,TC08,0.25649458802128855,25.649458802128855,1.0,25.649458802128855,15.389675281277313,7.6948376406386565,2.5649458802128855,0.0,0.0,False
DEMO_COAST,SYNTHETIC_DEMONSTRATION,176,176,ct_1c691124e74222,대구,도동코스,TC08,0.25,25.0,1.0,25.0,15.0,0.0,0.0,10.0,0.0,False
DEMO_COAST,SYNTHETIC_DEMONSTRATION,177,177,ct_fe508b5dbba88f,세종,역사산책투어,TC05,0.49999999999999994,49.99999999999999,0.5,24.999999999999996,2.5,22.499999999999996,0.0,0.0,0.0,False
DEMO_COAST,SYNTHETIC_DEMONSTRATION,178,178,ct_03101958100a14,부여,부여테마여행,TC06,0.3730019232961255,37.30019232961255,0.6666666666666667,24.866794886408368,9.32504808240314,13.987572123604709,1.554174680400523,0.0,0.0,False
DEMO_COAST,SYNTHETIC_DEMONSTRATION,179,179,ct_7350d2221bf4e5,대전,"광역투어(다섯째주, 일)",TC07,0.31008683647302115,31.008683647302114,0.8,24.806946917841692,9.922778767136677,7.442084075352508,7.442084075352508,0.0,0.0,False
DEMO_COAST,SYNTHETIC_DEMONSTRATION,180,180,ct_661e12e8488117,대전,힐링(장태산),TC05,0.4743416490252569,47.43416490252569,0.5,23.717082451262844,0.0,23.717082451262844,0.0,0.0,0.0,False
DEMO_COAST,SYNTHETIC_DEMONSTRATION,180,181,ct_d3a976675ffc53,대구,테마-방방곡곡(낙동강),TC05,0.4743416490252569,47.43416490252569,0.5,23.717082451262844,0.0,23.717082451262844,0.0,0.0,0.0,False
DEMO_COAST,SYNTHETIC_DEMONSTRATION,180,182,ct_f8bd00d4bc40b3,순천,(기획투어)나이트가든투어,TC03,0.4743416490252569,47.43416490252569,0.5,23.717082451262844,0.0,23.717082451262844,0.0,0.0,0.0,False
DEMO_COAST,SYNTHETIC_DEMONSTRATION,183,183,ct_636360ac200b66,대전,"광역투어(셋째주, 일)",TC08,0.23354968324845687,23.354968324845686,1.0,23.354968324845686,15.569978883230458,5.8387420812114215,1.9462473604038073,0.0,0.0,False
DEMO_COAST,SYNTHETIC_DEMONSTRATION,184,184,ct_e613bd3839189c,익산,순환형2,TC07,0.31622776601683794,31.622776601683793,0.7142857142857142,22.587697572631278,7.529232524210426,0.0,7.529232524210426,7.529232524210426,0.0,False
DEMO_COAST,SYNTHETIC_DEMONSTRATION,185,185,ct_037c18bb42946f,세종,천안연계투어,TC05,0.44721359549995787,44.72135954999579,0.5,22.360679774997894,5.5901699437494745,16.77050983124842,0.0,0.0,0.0,False
DEMO_COAST,SYNTHETIC_DEMONSTRATION,185,186,ct_0ed3eb88438a1d,인천,청라투어,TC01,0.44721359549995787,44.72135954999579,0.5,22.360679774997894,0.0,16.77050983124842,5.5901699437494745,0.0,0.0,False
DEMO_COAST,SYNTHETIC_DEMONSTRATION,185,187,ct_68d8eff6357673,양구,해안DMZ트래킹 코스,TC01,0.44721359549995787,44.72135954999579,0.5,22.360679774997894,0.0,16.77050983124842,5.5901699437494745,0.0,0.0,False
DEMO_COAST,SYNTHETIC_DEMONSTRATION,185,188,ct_1d32ffebd246d5,홍성,"전통시장코스(홍성) 1,6일 운영",TC08,0.33541019662496846,33.54101966249684,0.6666666666666666,22.360679774997894,7.453559924999299,0.0,0.0,14.907119849998598,0.0,False
DEMO_COAST,SYNTHETIC_DEMONSTRATION,189,189,ct_1c94bb0caf5c4f,안성,안성시티투어,TC07,0.2192645048267573,21.92645048267573,1.0,21.92645048267573,8.770580193070293,0.0,13.155870289605437,0.0,0.0,False
DEMO_COAST,SYNTHETIC_DEMONSTRATION,189,190,ct_7d1c2151bda037,순천,(테마투어)세계유산투어,TC07,0.2192645048267573,21.92645048267573,1.0,21.92645048267573,13.155870289605437,0.0,8.770580193070293,0.0,0.0,False
DEMO_COAST,SYNTHETIC_DEMONSTRATION,191,191,ct_506425657ddce1,완주,완주힐링로드 시티투어(서울권역),TC06,0.3286878675669582,32.868786756695826,0.6666666666666667,21.912524504463885,9.960238411119947,5.976143046671967,1.992047682223989,3.984095364447978,0.0,False
DEMO_COAST,SYNTHETIC_DEMONSTRATION,192,192,ct_343d3a1d62c8a5,완주,완주힐링로드 시티투어(코레일연계 익산역),TC08,0.273861278752583,27.3861278752583,0.7777777777777779,21.300321680756458,11.833512044864701,7.100107226918819,2.36670240897294,0.0,0.0,False
DEMO_COAST,SYNTHETIC_DEMONSTRATION,193,193,ct_1fe72a79d47a7f,서울,EG투어버스 E코스,TC08,0.282842712474619,28.284271247461902,0.75,21.213203435596427,10.606601717798213,0.0,0.0,10.606601717798213,0.0,False
DEMO_COAST,SYNTHETIC_DEMONSTRATION,193,194,ct_9f8a8ca65b1ebb,파주,2026 파주시티투어 당일코스(토요일),TC08,0.21213203435596426,21.213203435596427,1.0,21.213203435596427,14.142135623730951,0.0,7.0710678118654755,0.0,0.0,False
DEMO_COAST,SYNTHETIC_DEMONSTRATION,195,195,ct_2749460936eb31,공주,반일코스,TC08,0.2,20.0,1.0,20.0,15.0,0.0,5.0,0.0,0.0,False
DEMO_COAST,SYNTHETIC_DEMONSTRATION,196,196,ct_572b4d8191127a,영주,선비 코스,TC08,0.23008949665421113,23.008949665421113,0.8333333333333333,19.17412472118426,12.782749814122841,0.0,0.0,6.3913749070614205,0.0,False
DEMO_COAST,SYNTHETIC_DEMONSTRATION,196,197,ct_62ce3cfd4b2223,대구,현풍코스,TC08,0.23008949665421113,23.008949665421113,0.8333333333333333,19.17412472118426,12.782749814122841,0.0,0.0,6.3913749070614205,0.0,False
DEMO_COAST,SYNTHETIC_DEMONSTRATION,198,198,ct_2d7ad6be7d0219,공주,봄코스,TC08,0.24806946917841693,24.806946917841692,0.75,18.60521018838127,11.628256367738292,6.976953820642976,0.0,0.0,0.0,False
DEMO_COAST,SYNTHETIC_DEMONSTRATION,198,199,ct_658464b2619d71,양주,천일홍축제,TC08,0.24806946917841693,24.806946917841692,0.75,18.60521018838127,11.628256367738292,6.976953820642976,0.0,0.0,0.0,False
DEMO_COAST,SYNTHETIC_DEMONSTRATION,198,200,ct_c4d1ab4265b00c,양주,왕실축제,TC08,0.24806946917841693,24.806946917841692,0.75,18.60521018838127,11.628256367738292,6.976953820642976,0.0,0.0,0.0,False
DEMO_COAST,SYNTHETIC_DEMONSTRATION,201,201,ct_c0c761a6bb3927,서울,EG투어버스 C코스,TC07,0.23084512921915964,23.084512921915966,0.7999999999999999,18.467610337532772,2.0519567041703084,0.0,12.311740225021847,4.103913408340617,0.0,False
DEMO_COAST,SYNTHETIC_DEMONSTRATION,202,202,ct_3ed5105d35b251,서산,A코스,TC08,0.2,20.0,0.8,16.0,12.0,0.0,4.0,0.0,0.0,False
DEMO_COAST,SYNTHETIC_DEMONSTRATION,203,203,ct_3764c5ee83c6b9,대전,"광역투어(넷재주, 토)",TC08,0.21213203435596426,21.213203435596427,0.75,15.90990257669732,10.606601717798213,0.0,5.303300858899107,0.0,0.0,False
DEMO_COAST,SYNTHETIC_DEMONSTRATION,204,204,ct_2921659630cea0,서울,EG투어버스 B코스,TC01,0.15811388300841897,15.811388300841896,1.0,15.811388300841896,0.0,0.0,15.811388300841896,0.0,0.0,False
DEMO_COAST,SYNTHETIC_DEMONSTRATION,204,205,ct_4212deac479d6b,세종,역사문화투어,TC08,0.15811388300841897,15.811388300841896,1.0,15.811388300841896,15.811388300841896,0.0,0.0,0.0,0.0,False
DEMO_COAST,SYNTHETIC_DEMONSTRATION,204,206,ct_73908901775f5c,익산,세계유산코스,TC08,0.15811388300841897,15.811388300841896,1.0,15.811388300841896,15.811388300841896,0.0,0.0,0.0,0.0,False
DEMO_COAST,SYNTHETIC_DEMONSTRATION,204,207,ct_82e2c317c54d7e,양주,역사투어,TC08,0.15811388300841897,15.811388300841896,1.0,15.811388300841896,15.811388300841896,0.0,0.0,0.0,0.0,False
DEMO_COAST,SYNTHETIC_DEMONSTRATION,204,208,ct_ba06e511559567,홍성,역사·문화 코스,TC08,0.15811388300841897,15.811388300841896,1.0,15.811388300841896,15.811388300841896,0.0,0.0,0.0,0.0,False
DEMO_COAST,SYNTHETIC_DEMONSTRATION,204,209,ct_caab077d4954a7,김해,역사에반해,TC08,0.15811388300841897,15.811388300841896,1.0,15.811388300841896,15.811388300841896,0.0,0.0,0.0,0.0,False
DEMO_COAST,SYNTHETIC_DEMONSTRATION,204,210,ct_e4521f5325216f,양주,박물관투어,TC08,0.15811388300841897,15.811388300841896,1.0,15.811388300841896,15.811388300841896,0.0,0.0,0.0,0.0,False
DEMO_COAST,SYNTHETIC_DEMONSTRATION,211,211,ct_1a59c2f3801f38,대전,역사문화(효월드),TC07,0.22360679774997896,22.360679774997898,0.6666666666666666,14.907119849998598,7.453559924999299,0.0,7.453559924999299,0.0,0.0,False
DEMO_COAST,SYNTHETIC_DEMONSTRATION,211,212,ct_c825dbc2a63555,파주,2026 파주시티투어 1박2일코스(토요일~일요일),TC07,0.22360679774997896,22.360679774997898,0.6666666666666666,14.907119849998598,7.453559924999299,0.0,7.453559924999299,0.0,0.0,False
DEMO_COAST,SYNTHETIC_DEMONSTRATION,213,213,ct_cba721781124d5,원주,원주시티투어(순환형),TC07,0.1917412472118426,19.17412472118426,0.7142857142857142,13.695803372274469,2.7391606744548938,0.0,10.956642697819575,0.0,0.0,False
DEMO_COAST,SYNTHETIC_DEMONSTRATION,214,214,ct_a70933018dfe45,여수,이순신문화유적코스,TC08,0.15811388300841897,15.811388300841896,0.8571428571428571,13.552618543578767,13.552618543578767,0.0,0.0,0.0,0.0,False
DEMO_COAST,SYNTHETIC_DEMONSTRATION,215,215,ct_820bca31911e89,완주,완주힐링로드시티투어 1코스,TC08,0.18195633571851272,18.19563357185127,0.7,12.736943500295888,10.917380143110762,0.0,1.8195633571851275,0.0,0.0,False
DEMO_COAST,SYNTHETIC_DEMONSTRATION,216,216,ct_38e990a88a3094,춘천,수요일,TC08,0.15811388300841897,15.811388300841896,0.75,11.858541225631422,11.858541225631422,0.0,0.0,0.0,0.0,False
DEMO_COAST,SYNTHETIC_DEMONSTRATION,216,217,ct_cec518ee1213c1,양주,서울우유견학코스,TC08,0.15811388300841897,15.811388300841896,0.75,11.858541225631422,11.858541225631422,0.0,0.0,0.0,0.0,False
DEMO_COAST,SYNTHETIC_DEMONSTRATION,218,218,ct_75d07d35d33328,진도,진도시티투어,TC06,0.2064062748461344,20.640627484613443,0.5714285714285714,11.794644276921966,3.4401045807689075,0.0,8.35453969615306,0.0,0.0,False
DEMO_COAST,SYNTHETIC_DEMONSTRATION,219,219,ct_64b3f2e630ba51,여수,다크투어리즘코스,TC08,0.15811388300841897,15.811388300841896,0.6666666666666666,10.540925533894598,10.540925533894598,0.0,0.0,0.0,0.0,False
DEMO_COAST,SYNTHETIC_DEMONSTRATION,219,220,ct_b3b0773f44a533,안산,대부도 해변코스(체험형 1코스),TC01,0.15811388300841897,15.811388300841896,0.6666666666666666,10.540925533894598,0.0,0.0,10.540925533894598,0.0,0.0,False
DEMO_COAST,SYNTHETIC_DEMONSTRATION,219,221,ct_d916d0f4237246,파주,2026 파주시티투어 당일코스(금요일),TC01,0.15811388300841897,15.811388300841896,0.6666666666666666,10.540925533894598,0.0,0.0,10.540925533894598,0.0,0.0,False
DEMO_COAST,SYNTHETIC_DEMONSTRATION,219,222,ct_f48a1e387a5d08,이천,농촌체험코스(중부),TC01,0.15811388300841897,15.811388300841896,0.6666666666666666,10.540925533894598,0.0,0.0,10.540925533894598,0.0,0.0,False
DEMO_COAST,SYNTHETIC_DEMONSTRATION,223,223,ct_c59f7d050e72e0,대전,생태교육,TC08,0.15811388300841897,15.811388300841896,0.5,7.905694150420948,7.905694150420948,0.0,0.0,0.0,0.0,False
DEMO_ACTIVE,SYNTHETIC_DEMONSTRATION,1,1,ct_424fda831e8a80,인천,인천레트로노선,TC07,0.9296696802013683,92.96696802013683,1.0,92.96696802013683,4.225771273642583,0.0,63.386569104638745,25.354627641855497,0.0,False
DEMO_ACTIVE,SYNTHETIC_DEMONSTRATION,2,2,ct_d756b69f16e800,청주,청주시티투어_정기투어_힐링로드 투어(토),TC07,0.9128709291752766,91.28709291752766,0.9999999999999999,91.28709291752764,4.564354645876382,4.564354645876382,68.46531968814573,13.693063937629148,0.0,False
DEMO_ACTIVE,SYNTHETIC_DEMONSTRATION,3,3,ct_86dc46ed127655,청주,청주시티투어_정기투어_청남대 투어(수토일),TC07,0.896421457000795,89.6421457000795,1.0,89.6421457000795,5.976143046671968,5.976143046671968,59.761430466719666,17.928429140015904,0.0,False
DEMO_ACTIVE,SYNTHETIC_DEMONSTRATION,4,4,ct_68e342ed3c052f,익산,익산숨은보석찾기코스,TC07,0.8959786703810407,89.59786703810407,1.0,89.59786703810407,5.270462766947299,0.0,52.704627669472984,31.62277660168379,0.0,False
DEMO_ACTIVE,SYNTHETIC_DEMONSTRATION,5,5,ct_5728bf247a42c1,제천,시티투어,TC01,0.8764598212022146,87.64598212022146,1.0,87.64598212022146,3.37099931231621,6.74199862463242,67.41998624632419,10.112997936948629,0.0,False
DEMO_ACTIVE,SYNTHETIC_DEMONSTRATION,6,6,ct_84ffabae716404,홍성,죽도코스,TC02,0.8696263565463043,86.96263565463043,1.0,86.96263565463043,0.0,7.905694150420948,39.52847075210474,23.717082451262844,15.811388300841896,False
DEMO_ACTIVE,SYNTHETIC_DEMONSTRATION,7,7,ct_00435b9cca499b,포항,퐝랜드마크A코스,TC02,0.8485281374238569,84.85281374238569,1.0,84.85281374238569,7.0710678118654755,7.0710678118654755,35.35533905932737,21.213203435596427,14.142135623730951,False
DEMO_ACTIVE,SYNTHETIC_DEMONSTRATION,8,8,ct_8de53de429d379,포항,퐝순환코스,TC02,0.8391463916782737,83.91463916782736,1.0,83.91463916782736,0.0,0.0,32.27486121839514,38.72983346207417,12.909944487358057,False
DEMO_ACTIVE,SYNTHETIC_DEMONSTRATION,9,9,ct_82029ce72f5013,서울,EG투어버스 D코스,TC01,0.8372344584771572,83.72344584771571,1.0,83.72344584771571,0.0,0.0,77.52170911825529,0.0,6.201736729460423,False
DEMO_ACTIVE,SYNTHETIC_DEMONSTRATION,10,10,ct_9d994e07488f57,삼척,종일코스,TC02,0.8366600265340753,83.66600265340753,1.0,83.66600265340753,0.0,5.976143046671968,29.880715233359833,35.85685828003181,11.952286093343936,False
DEMO_ACTIVE,SYNTHETIC_DEMONSTRATION,11,11,ct_507ac7569b1306,서천,보랏빛코스,TC02,0.8215838362577491,82.15838362577492,1.0,82.15838362577492,0.0,9.128709291752768,45.643546458763836,27.386127875258303,0.0,False
DEMO_ACTIVE,SYNTHETIC_DEMONSTRATION,11,12,ct_a407c821a8382e,서울,EG투어버스 H코스,TC07,0.8215838362577491,82.15838362577492,1.0,82.15838362577492,9.128709291752768,0.0,45.643546458763836,27.386127875258303,0.0,False
DEMO_ACTIVE,SYNTHETIC_DEMONSTRATION,11,13,ct_aabd87818ef08f,서울,EG투어버스 I코스,TC02,0.8215838362577491,82.15838362577492,1.0,82.15838362577492,0.0,9.128709291752768,45.643546458763836,27.386127875258303,0.0,False
DEMO_ACTIVE,SYNTHETIC_DEMONSTRATION,11,14,ct_e4444e050c482f,천안,일요일,TC07,0.8215838362577491,82.15838362577492,1.0,82.15838362577492,9.128709291752768,0.0,45.643546458763836,27.386127875258303,0.0,False
DEMO_ACTIVE,SYNTHETIC_DEMONSTRATION,15,15,ct_b97fea5cc3f414,광양,광양힐링코스,TC07,0.8207826816681232,82.07826816681232,0.9999999999999999,82.07826816681231,7.694837640638654,7.694837640638654,51.29891760425769,15.389675281277308,0.0,False
DEMO_ACTIVE,SYNTHETIC_DEMONSTRATION,16,16,ct_c83f7c6960b76b,부산,레드라인,TC06,0.8090398349558905,80.90398349558905,1.0,80.90398349558905,3.3709993123162105,10.112997936948629,33.7099931231621,20.22599587389726,13.483997249264842,False
DEMO_ACTIVE,SYNTHETIC_DEMONSTRATION,17,17,ct_6ec0ad7a54e92d,서천,문화코스,TC06,0.8944271909999157,89.44271909999158,0.8888888888888888,79.50463919999251,3.3126932999996885,6.625386599999377,49.690399499995316,19.87615979999813,0.0,False
DEMO_ACTIVE,SYNTHETIC_DEMONSTRATION,18,18,ct_2921659630cea0,서울,EG투어버스 B코스,TC01,0.7905694150420948,79.05694150420948,1.0,79.05694150420948,0.0,0.0,79.05694150420948,0.0,0.0,False
DEMO_ACTIVE,SYNTHETIC_DEMONSTRATION,18,19,ct_956d44d9a821ed,양산,2025 6월 시티투어,TC02,0.7905694150420948,79.05694150420948,1.0,79.05694150420948,7.905694150420948,7.905694150420948,39.52847075210474,23.717082451262844,0.0,False
DEMO_ACTIVE,SYNTHETIC_DEMONSTRATION,18,20,ct_d0cdc53f7d6755,춘천,월요일,TC01,0.7905694150420948,79.05694150420948,1.0,79.05694150420948,0.0,10.540925533894598,52.704627669472984,15.811388300841895,0.0,False
DEMO_ACTIVE,SYNTHETIC_DEMONSTRATION,21,21,ct_52149303f1b0d4,서울,EG투어버스 K 코스,TC01,0.7778174593052022,77.78174593052022,1.0,77.78174593052022,0.0,7.0710678118654755,70.71067811865474,0.0,0.0,False
DEMO_ACTIVE,SYNTHETIC_DEMONSTRATION,21,22,ct_8163a6f43e6f4a,아산,예술맛집 코스,TC01,0.7778174593052022,77.78174593052022,1.0,77.78174593052022,0.0,7.0710678118654755,70.71067811865474,0.0,0.0,False
DEMO_ACTIVE,SYNTHETIC_DEMONSTRATION,21,23,ct_b75e8d4cf1e318,대구,테마(야경 11~3월),TC03,0.7778174593052022,77.78174593052022,1.0,77.78174593052022,0.0,7.0710678118654755,70.71067811865474,0.0,0.0,False
DEMO_ACTIVE,SYNTHETIC_DEMONSTRATION,21,24,ct_d3c228b00ede2b,파주,2026 파주시티투어 당일코스(화요일),TC01,0.7778174593052022,77.78174593052022,1.0,77.78174593052022,0.0,7.0710678118654755,70.71067811865474,0.0,0.0,False
DEMO_ACTIVE,SYNTHETIC_DEMONSTRATION,25,25,ct_c410c248858e88,서울,EG투어버스 L코스,TC02,0.7745966692414834,77.45966692414834,1.0,77.45966692414834,0.0,6.454972243679029,32.27486121839514,38.72983346207417,0.0,False
DEMO_ACTIVE,SYNTHETIC_DEMONSTRATION,25,26,ct_ff36074cae8347,양주,자연친화코스1,TC01,0.7745966692414834,77.45966692414834,1.0,77.45966692414834,6.454972243679029,6.454972243679029,64.54972243679028,0.0,0.0,False
DEMO_ACTIVE,SYNTHETIC_DEMONSTRATION,27,27,ct_15ca3909485d66,서천,광역코스,TC07,0.8999999999999998,89.99999999999999,0.8571428571428571,77.14285714285712,4.285714285714286,4.285714285714286,42.85714285714284,25.714285714285708,0.0,False
DEMO_ACTIVE,SYNTHETIC_DEMONSTRATION,28,28,ct_a0af2538872792,서천,전라권코스,TC02,0.8959786703810407,89.59786703810407,0.8333333333333333,74.66488919842006,0.0,4.392052305789416,43.92052305789415,26.35231383473649,0.0,False
DEMO_ACTIVE,SYNTHETIC_DEMONSTRATION,29,29,ct_1c94bb0caf5c4f,안성,안성시티투어,TC07,0.7454993164109747,74.54993164109747,1.0,74.54993164109747,8.770580193070293,0.0,65.77935144802719,0.0,0.0,False
DEMO_ACTIVE,SYNTHETIC_DEMONSTRATION,30,30,ct_2827a8d7943bdf,가평,가평순환버스A코스,TC01,0.7273238618387273,72.73238618387273,1.0,72.73238618387273,0.0,9.48683298050514,63.245553203367585,0.0,0.0,False
DEMO_ACTIVE,SYNTHETIC_DEMONSTRATION,31,31,ct_36b90ac2b7ebec,태백,황지자유시장 코스,TC02,0.7267220926874315,72.67220926874315,0.9999999999999999,72.67220926874313,5.590169943749474,11.180339887498947,27.950849718747364,16.770509831248418,11.180339887498947,False
DEMO_ACTIVE,SYNTHETIC_DEMONSTRATION,32,32,ct_ac7ca37140e6b6,포항,퐝랜드마크B코스,TC02,0.717137165600636,71.7137165600636,1.0,71.7137165600636,0.0,11.952286093343936,29.880715233359833,17.928429140015904,11.952286093343936,False
DEMO_ACTIVE,SYNTHETIC_DEMONSTRATION,33,33,ct_0ebeda6387230e,안산,대부도 뱃길코스(체험형 2코스),TC04,0.7016464154456233,70.16464154456233,1.0,70.16464154456233,0.0,0.0,43.85290096535146,0.0,26.311740579210873,False
DEMO_ACTIVE,SYNTHETIC_DEMONSTRATION,34,34,ct_c0c761a6bb3927,서울,EG투어버스 C코스,TC07,0.8720815992723808,87.20815992723809,0.7999999999999999,69.76652794179046,2.0519567041703084,0.0,61.55870112510923,6.155870112510924,0.0,False
DEMO_ACTIVE,SYNTHETIC_DEMONSTRATION,35,35,ct_7dba0d730780c9,서천,동백코스(익산-군산 광역),TC01,0.6761234037828133,67.61234037828133,0.9999999999999999,67.61234037828132,0.0,12.677313820927747,42.25771273642582,12.677313820927747,0.0,False
DEMO_ACTIVE,SYNTHETIC_DEMONSTRATION,36,36,ct_8b988867d0e267,홍성,남당항 코스,TC01,0.6708203932499368,67.08203932499369,1.0,67.08203932499369,0.0,11.180339887498949,55.901699437494734,0.0,0.0,False
DEMO_ACTIVE,SYNTHETIC_DEMONSTRATION,37,37,ct_a726fc60353090,청주,청주시티투어_정기투어_초정힐링 투어(토),TC07,0.7905694150420948,79.05694150420948,0.8333333333333333,65.88078458684123,8.784104611578831,0.0,43.92052305789415,13.176156917368244,0.0,False
DEMO_ACTIVE,SYNTHETIC_DEMONSTRATION,37,38,ct_c543fc703f1159,익산,순환형1,TC07,0.7905694150420948,79.05694150420948,0.8333333333333333,65.88078458684123,8.784104611578831,0.0,43.92052305789415,13.176156917368244,0.0,False
DEMO_ACTIVE,SYNTHETIC_DEMONSTRATION,39,39,ct_c53b5abd9a30ab,대전,남부코스,TC01,0.7606388292556648,76.06388292556649,0.8571428571428571,65.19761393619984,3.622089663122213,7.244179326244426,54.3313449468332,0.0,0.0,False
DEMO_ACTIVE,SYNTHETIC_DEMONSTRATION,40,40,ct_6b62f6c5e28b9c,사천,바다투어,TC06,0.6519202405202649,65.19202405202648,0.9999999999999999,65.19202405202647,0.0,11.504474832710557,38.34824944236851,0.0,15.339299776947408,False
DEMO_ACTIVE,SYNTHETIC_DEMONSTRATION,41,41,ct_bdc4b066f6280d,안동,도산서원&예끼마을테마,TC07,0.7602631123499284,76.02631123499283,0.8571428571428571,65.16540962999385,9.5831484749991,0.0,38.33259389999638,17.249667254998375,0.0,False
DEMO_ACTIVE,SYNTHETIC_DEMONSTRATION,42,42,ct_aa2937d4d2a2d0,목포,목포랑시티투어,TC06,0.6511823565933443,65.11823565933443,1.0,65.11823565933443,12.403473458920846,6.201736729460423,31.00868364730211,9.302605094190634,6.201736729460423,False
DEMO_ACTIVE,SYNTHETIC_DEMONSTRATION,43,43,ct_4e0d701d9aadd5,대구,테마(야경 4~10월),TC03,0.6454972243679028,64.54972243679028,1.0,64.54972243679028,0.0,12.909944487358057,32.27486121839514,19.364916731037084,0.0,False
DEMO_ACTIVE,SYNTHETIC_DEMONSTRATION,44,44,ct_9857f916bfa916,대구,도심순환코스(12개 정류장),TC06,0.6425396041156862,64.25396041156863,1.0,64.25396041156863,1.889822365046136,13.228756555322954,37.79644730092272,11.338934190276815,0.0,False
DEMO_ACTIVE,SYNTHETIC_DEMONSTRATION,45,45,ct_52fe5a29aee3e7,합천,합천광역시티투어 누비고,TC01,0.6390096504226936,63.90096504226936,1.0,63.90096504226936,9.128709291752768,9.128709291752768,45.643546458763836,0.0,0.0,False
DEMO_ACTIVE,SYNTHETIC_DEMONSTRATION,46,46,ct_aa87321b8b5003,창원,창원시티투어,TC06,0.6902093080282884,69.02093080282884,0.9166666666666666,63.26918656925977,2.5824157783371344,11.620871002517102,25.824157783371337,15.494494670022801,7.747247335011402,False
DEMO_ACTIVE,SYNTHETIC_DEMONSTRATION,47,47,ct_3dd54d8970e115,의정부,의정부포레스트:오감이 깨어나는 숲 속 여행,TC02,0.7745966692414834,77.45966692414834,0.8,61.96773353931867,0.0,5.163977794943223,25.81988897471611,30.983866769659336,0.0,False
DEMO_ACTIVE,SYNTHETIC_DEMONSTRATION,47,48,ct_de90b5933f0b40,청도,시티투어,TC02,0.7745966692414834,77.45966692414834,0.8,61.96773353931867,0.0,5.163977794943223,25.81988897471611,30.983866769659336,0.0,False
DEMO_ACTIVE,SYNTHETIC_DEMONSTRATION,49,49,ct_516add9e1cef4a,정선,와와정선 2층 투어버스,TC02,0.8215838362577492,82.15838362577492,0.75,61.61878771933119,0.0,6.846531968814578,34.232659844072884,20.539595906443733,0.0,False
DEMO_ACTIVE,SYNTHETIC_DEMONSTRATION,49,50,ct_bd2de54ec11e6b,양산,양산시 가을 시티투어 (자연관광코스),TC02,0.8215838362577492,82.15838362577492,0.75,61.61878771933119,0.0,6.846531968814578,34.232659844072884,20.539595906443733,0.0,False
DEMO_ACTIVE,SYNTHETIC_DEMONSTRATION,49,51,ct_ca13864967c1fb,세종,세종관광명소B투어,TC02,0.8215838362577492,82.15838362577492,0.75,61.61878771933119,0.0,6.846531968814578,34.232659844072884,20.539595906443733,0.0,False
DEMO_ACTIVE,SYNTHETIC_DEMONSTRATION,52,52,ct_a1bc285f9c2881,여수,제1코스,TC08,0.6062177826491071,60.62177826491071,1.0,60.62177826491071,11.547005383792515,0.0,14.433756729740644,17.32050807568877,17.320508075688775,False
DEMO_ACTIVE,SYNTHETIC_DEMONSTRATION,53,53,ct_2f8d9c4d57db08,서천,힐링코스,TC06,0.8485281374238571,84.8528137423857,0.7142857142857142,60.60915267313264,5.050762722761054,5.050762722761054,25.253813613805267,15.15228816828316,10.101525445522109,False
DEMO_ACTIVE,SYNTHETIC_DEMONSTRATION,54,54,ct_b8b6f8a37ebdf8,사천,별빛투어,TC03,0.8655134170983745,86.55134170983744,0.7,60.58593919688621,2.796274116779364,3.7283654890391515,46.6045686129894,0.0,7.456730978078303,False
DEMO_ACTIVE,SYNTHETIC_DEMONSTRATION,55,55,ct_0f4dbe3b938a90,여수,2층주간코스,TC06,0.8366600265340755,83.66600265340755,0.7142857142857142,59.761430466719666,4.2686736047656915,4.2686736047656915,42.68673604765691,0.0,8.537347209531383,False
DEMO_ACTIVE,SYNTHETIC_DEMONSTRATION,56,56,ct_ed3a5516a8c6ca,연천,안보자연코스,TC01,0.7778174593052022,77.78174593052022,0.75,58.33630944789016,0.0,5.303300858899107,53.03300858899105,0.0,0.0,False
DEMO_ACTIVE,SYNTHETIC_DEMONSTRATION,57,57,ct_1d8d8a70616c41,경기광주,광주시티투어,TC06,0.5752237416355278,57.52237416355278,0.9999999999999999,57.522374163552776,11.504474832710557,7.669649888473704,38.34824944236851,0.0,0.0,False
DEMO_ACTIVE,SYNTHETIC_DEMONSTRATION,58,58,ct_cba721781124d5,원주,원주시티투어(순환형),TC07,0.8053132382897388,80.53132382897388,0.7142857142857142,57.52237416355276,2.7391606744548938,0.0,54.78321348909787,0.0,0.0,False
DEMO_ACTIVE,SYNTHETIC_DEMONSTRATION,59,59,ct_61845aa89a1c1a,홍천,홍천시티투어,TC06,0.7027642214999339,70.2764221499934,0.8181818181818181,57.49889084999459,6.533964869317567,7.8407578431810805,39.203789215905395,3.920378921590541,0.0,False
DEMO_ACTIVE,SYNTHETIC_DEMONSTRATION,60,60,ct_20eb1ae44f44d4,밀양,영남알프스권 투어 1,TC07,0.6851601597031488,68.51601597031488,0.8333333333333333,57.0966799752624,8.784104611578831,4.392052305789416,43.92052305789415,0.0,0.0,False
DEMO_ACTIVE,SYNTHETIC_DEMONSTRATION,61,61,ct_7d1c2151bda037,순천,(테마투어)세계유산투어,TC07,0.5700877125495689,57.00877125495689,1.0,57.00877125495689,13.155870289605437,0.0,43.85290096535146,0.0,0.0,False
DEMO_ACTIVE,SYNTHETIC_DEMONSTRATION,62,62,ct_3aa92169f5cb7c,군산,(익산역 출발) 고군산시간여행코스,TC04,0.7115124735378854,71.15124735378853,0.8,56.92099788303083,6.324555320336759,6.324555320336759,31.622776601683793,0.0,12.649110640673518,False
DEMO_ACTIVE,SYNTHETIC_DEMONSTRATION,63,63,ct_e613bd3839189c,익산,순환형2,TC07,0.7905694150420948,79.05694150420948,0.7142857142857142,56.46924393157819,7.529232524210426,0.0,37.64616262105213,11.293848786315637,0.0,False
DEMO_ACTIVE,SYNTHETIC_DEMONSTRATION,64,64,ct_2c5b83ca1acb5c,춘천,토요일,TC06,0.5612486080160912,56.124860801609124,1.0,56.124860801609124,2.6726124191242437,13.363062095621222,40.08918628686365,0.0,0.0,False
DEMO_ACTIVE,SYNTHETIC_DEMONSTRATION,64,65,ct_72a42eb150b5d4,춘천,일요일,TC06,0.5612486080160912,56.124860801609124,1.0,56.124860801609124,2.6726124191242437,13.363062095621222,40.08918628686365,0.0,0.0,False
DEMO_ACTIVE,SYNTHETIC_DEMONSTRATION,66,66,ct_596ccaeb2861f9,태안,남부코스,TC02,0.5499999999999999,54.99999999999999,0.9999999999999999,54.999999999999986,4.999999999999999,9.999999999999998,0.0,29.99999999999999,9.999999999999998,False
DEMO_ACTIVE,SYNTHETIC_DEMONSTRATION,67,67,ct_f6d09076696e6d,양구,힐링산책코스,TC01,0.7302967433402217,73.02967433402216,0.75,54.77225575051662,0.0,6.846531968814578,34.232659844072884,0.0,13.693063937629155,False
DEMO_ACTIVE,SYNTHETIC_DEMONSTRATION,68,68,ct_55438211f07ef0,임실,명소탐방 임실 시티투어,TC04,0.9000000000000001,90.00000000000001,0.6000000000000001,54.000000000000014,3.0000000000000004,0.0,30.000000000000004,9.000000000000002,12.000000000000002,False
DEMO_ACTIVE,SYNTHETIC_DEMONSTRATION,69,69,ct_36cdd5661df6fd,봉화,송이축제 문화유적탐방버스,TC01,0.6708203932499368,67.08203932499369,0.8,53.665631459994955,0.0,8.94427190999916,44.72135954999579,0.0,0.0,False
DEMO_ACTIVE,SYNTHETIC_DEMONSTRATION,69,70,ct_69c07f148cbc8b,봉화,은어축제 문화유적탐방버스,TC01,0.6708203932499368,67.08203932499369,0.8,53.665631459994955,0.0,8.94427190999916,44.72135954999579,0.0,0.0,False
DEMO_ACTIVE,SYNTHETIC_DEMONSTRATION,69,71,ct_88364cbd4a5650,곡성,압록권역 순환버스,TC01,0.6708203932499368,67.08203932499369,0.8,53.665631459994955,0.0,8.94427190999916,44.72135954999579,0.0,0.0,False
DEMO_ACTIVE,SYNTHETIC_DEMONSTRATION,72,72,ct_b3b0773f44a533,안산,대부도 해변코스(체험형 1코스),TC01,0.7905694150420948,79.05694150420948,0.6666666666666666,52.704627669472984,0.0,0.0,52.704627669472984,0.0,0.0,False
DEMO_ACTIVE,SYNTHETIC_DEMONSTRATION,72,73,ct_d916d0f4237246,파주,2026 파주시티투어 당일코스(금요일),TC01,0.7905694150420948,79.05694150420948,0.6666666666666666,52.704627669472984,0.0,0.0,52.704627669472984,0.0,0.0,False
DEMO_ACTIVE,SYNTHETIC_DEMONSTRATION,72,74,ct_f48a1e387a5d08,이천,농촌체험코스(중부),TC01,0.7905694150420948,79.05694150420948,0.6666666666666666,52.704627669472984,0.0,0.0,52.704627669472984,0.0,0.0,False
DEMO_ACTIVE,SYNTHETIC_DEMONSTRATION,75,75,ct_9845cf0683e6c7,화천,화천시티투어(백암산케이블카),TC07,0.6454972243679028,64.54972243679028,0.8,51.63977794943222,10.327955589886447,0.0,25.81988897471611,15.491933384829668,0.0,False
DEMO_ACTIVE,SYNTHETIC_DEMONSTRATION,75,76,ct_2c0d1fe873d818,천안,화요일,TC08,0.5163977794943222,51.63977794943222,1.0,51.63977794943222,12.909944487358057,6.454972243679029,32.27486121839514,0.0,0.0,False
DEMO_ACTIVE,SYNTHETIC_DEMONSTRATION,75,77,ct_4309f65e431d83,아산,인생네컷 코스,TC05,0.5163977794943222,51.63977794943222,1.0,51.63977794943222,6.454972243679029,12.909944487358057,32.27486121839514,0.0,0.0,False
DEMO_ACTIVE,SYNTHETIC_DEMONSTRATION,75,78,ct_6c466761af057c,대전,"광역투어(둘째주, 일)",TC05,0.5163977794943222,51.63977794943222,1.0,51.63977794943222,6.454972243679029,12.909944487358057,32.27486121839514,0.0,0.0,False
DEMO_ACTIVE,SYNTHETIC_DEMONSTRATION,79,79,ct_78497ddd68fd45,사천,우주항공산업투어,TC06,0.7606388292556648,76.06388292556649,0.6666666666666666,50.70925528371099,2.8171808490950547,5.6343616981901095,42.25771273642582,0.0,0.0,False
DEMO_ACTIVE,SYNTHETIC_DEMONSTRATION,80,80,ct_2390c56fce5420,울산,태화강 국가정원 코스,TC06,0.6425754631219991,64.2575463121999,0.7777777777777778,49.978091576155485,4.6854460852645765,9.370892170529153,31.236307235097176,4.6854460852645765,0.0,False
DEMO_ACTIVE,SYNTHETIC_DEMONSTRATION,81,81,ct_7350d2221bf4e5,대전,"광역투어(다섯째주, 일)",TC07,0.6201736729460422,62.01736729460422,0.8,49.61389383568338,9.922778767136677,2.4806946917841692,37.21042037676253,0.0,0.0,False
DEMO_ACTIVE,SYNTHETIC_DEMONSTRATION,82,82,ct_9f8a8ca65b1ebb,파주,2026 파주시티투어 당일코스(토요일),TC08,0.49497474683058323,49.49747468305832,1.0,49.49747468305832,14.142135623730951,0.0,35.35533905932737,0.0,0.0,False
DEMO_ACTIVE,SYNTHETIC_DEMONSTRATION,83,83,ct_0af000fbdb8ad6,동해,관광문화코스,TC02,0.6851601597031487,68.51601597031487,0.7142857142857142,48.940011407367756,0.0,7.529232524210426,18.823081310526064,22.587697572631274,0.0,False
DEMO_ACTIVE,SYNTHETIC_DEMONSTRATION,84,84,ct_166c38f36d6640,춘천,목요일,TC01,0.6390096504226939,63.900965042269384,0.75,47.92572378170204,6.846531968814578,6.846531968814578,34.232659844072884,0.0,0.0,False
DEMO_ACTIVE,SYNTHETIC_DEMONSTRATION,84,85,ct_59c60fcaf04aa6,인천,교동도투어,TC01,0.6390096504226939,63.900965042269384,0.75,47.92572378170204,6.846531968814578,6.846531968814578,34.232659844072884,0.0,0.0,False
DEMO_ACTIVE,SYNTHETIC_DEMONSTRATION,86,86,ct_7cdced2e0d065a,여주,시티투어,TC06,0.6123724356957946,61.237243569579455,0.7777777777777778,47.62896722078402,9.525793444156806,3.1752644813856015,15.876322406928006,19.05158688831361,0.0,False
DEMO_ACTIVE,SYNTHETIC_DEMONSTRATION,87,87,ct_a8a8ecfbd0eefc,대전,"광역투어(다섯째주, 토)",TC08,0.47336463120312877,47.33646312031288,1.0,47.33646312031288,10.758287072798382,4.303314829119352,0.0,32.274861218395145,0.0,False
DEMO_ACTIVE,SYNTHETIC_DEMONSTRATION,88,88,ct_1def3d2a58e430,부산,오렌지라인,TC06,0.5079721589671173,50.797215896711734,0.9090909090909092,46.17928717882885,8.149285972734502,10.865714630312672,13.582143287890837,8.149285972734502,5.432857315156336,False
DEMO_ACTIVE,SYNTHETIC_DEMONSTRATION,89,89,ct_4be058672a95ae,시흥,테마형 정기코스,TC04,0.537914353639919,53.7914353639919,0.8571428571428572,46.10694459770735,0.0,9.221388919541472,18.44277783908294,0.0,18.442777839082943,False
DEMO_ACTIVE,SYNTHETIC_DEMONSTRATION,90,90,ct_b53b246e98a9cd,인천,석모도투어,TC02,0.4564354645876384,45.643546458763836,1.0,45.643546458763836,9.128709291752768,9.128709291752768,0.0,27.386127875258303,0.0,False
DEMO_ACTIVE,SYNTHETIC_DEMONSTRATION,90,91,ct_b96c711c2cd94d,예산,예산군 버스투어,TC02,0.4564354645876384,45.643546458763836,1.0,45.643546458763836,9.128709291752768,9.128709291752768,0.0,27.386127875258303,0.0,False
DEMO_ACTIVE,SYNTHETIC_DEMONSTRATION,92,92,ct_75d07d35d33328,진도,진도시티투어,TC06,0.7912240535768487,79.12240535768487,0.5714285714285714,45.21280306153421,3.4401045807689075,0.0,41.77269848076529,0.0,0.0,False
DEMO_ACTIVE,SYNTHETIC_DEMONSTRATION,93,93,ct_b2af495e1760b5,안산,대부도 뱃길코스(체험형 1코스),TC04,0.44999999999999996,44.99999999999999,1.0,44.99999999999999,0.0,0.0,0.0,15.0,30.0,False
DEMO_ACTIVE,SYNTHETIC_DEMONSTRATION,94,94,ct_e346ea988fedc3,포항,씨(SEA)하게 보는 포항코스,TC04,0.5378528742004772,53.78528742004772,0.8333333333333333,44.82107285003976,4.980119205559974,4.980119205559974,0.0,14.940357616679918,19.920476822239895,False
DEMO_ACTIVE,SYNTHETIC_DEMONSTRATION,95,95,ct_0946c67481033f,세종,행복투어B,TC01,0.6708203932499368,67.08203932499369,0.6666666666666666,44.72135954999579,0.0,7.453559924999299,37.267799624996485,0.0,0.0,False
DEMO_ACTIVE,SYNTHETIC_DEMONSTRATION,95,96,ct_1a59c2f3801f38,대전,역사문화(효월드),TC07,0.6708203932499368,67.08203932499369,0.6666666666666666,44.72135954999579,7.453559924999299,0.0,37.267799624996485,0.0,0.0,False
DEMO_ACTIVE,SYNTHETIC_DEMONSTRATION,95,97,ct_c825dbc2a63555,파주,2026 파주시티투어 1박2일코스(토요일~일요일),TC07,0.6708203932499368,67.08203932499369,0.6666666666666666,44.72135954999579,7.453559924999299,0.0,37.267799624996485,0.0,0.0,False
DEMO_ACTIVE,SYNTHETIC_DEMONSTRATION,98,98,ct_330d0bc9cd3d05,서산,B코스,TC02,0.5533985905294664,55.339859052946636,0.8,44.27188724235731,6.324555320336759,6.324555320336759,0.0,18.973665961010276,12.649110640673518,False
DEMO_ACTIVE,SYNTHETIC_DEMONSTRATION,98,99,ct_4e89a607500203,태안,광역코스,TC02,0.5533985905294664,55.339859052946636,0.8,44.27188724235731,6.324555320336759,6.324555320336759,0.0,18.973665961010276,12.649110640673518,False
DEMO_ACTIVE,SYNTHETIC_DEMONSTRATION,98,100,ct_94cebe436c068a,서산,C코스,TC02,0.5533985905294664,55.339859052946636,0.8,44.27188724235731,6.324555320336759,6.324555320336759,0.0,18.973665961010276,12.649110640673518,False
DEMO_ACTIVE,SYNTHETIC_DEMONSTRATION,101,101,ct_084dcff739bc51,김해,김해에반해,TC06,0.44112877325628463,44.11287732562846,1.0,44.11287732562846,14.704292441876154,1.8380365552345193,27.57054832851779,0.0,0.0,False
DEMO_ACTIVE,SYNTHETIC_DEMONSTRATION,102,102,ct_77585e7300bc39,청주,청주시티투어_정기투어_트레킹 투어(토),TC05,0.4404151646360276,44.04151646360276,1.0,44.04151646360276,0.0,14.68050548786759,29.36101097573517,0.0,0.0,False
DEMO_ACTIVE,SYNTHETIC_DEMONSTRATION,103,103,ct_17e0dd4d30822e,밀양,삼랑진권 투어,TC08,0.42905816516051654,42.90581651605165,1.0,42.90581651605165,14.301938838683883,4.767312946227962,23.836564731139806,0.0,0.0,False
DEMO_ACTIVE,SYNTHETIC_DEMONSTRATION,104,104,ct_5c692156a089c1,파주,2026 파주시티투어 당일코스(수요일),TC05,0.42257712736425834,42.25771273642584,0.9999999999999999,42.25771273642583,8.451542547285165,12.677313820927747,21.12885636821291,0.0,0.0,False
DEMO_ACTIVE,SYNTHETIC_DEMONSTRATION,105,105,ct_1d6ad4598dff93,대구,테마-방방곡곡(군위군 돋보기),TC05,0.5163977794943222,51.63977794943222,0.8,41.31182235954578,5.163977794943223,10.327955589886447,25.81988897471611,0.0,0.0,False
DEMO_ACTIVE,SYNTHETIC_DEMONSTRATION,105,106,ct_4ba7f5cc1ffeda,부산,서부산생태투어,TC08,0.5163977794943222,51.63977794943222,0.8,41.31182235954578,10.327955589886447,5.163977794943223,25.81988897471611,0.0,0.0,False
DEMO_ACTIVE,SYNTHETIC_DEMONSTRATION,105,107,ct_a11be8ffeee88a,태백,통리장 코스,TC05,0.5163977794943222,51.63977794943222,0.8,41.31182235954578,5.163977794943223,10.327955589886447,25.81988897471611,0.0,0.0,False
DEMO_ACTIVE,SYNTHETIC_DEMONSTRATION,108,108,ct_5e83dbf18d6227,울산,장생포 대왕암 코스,TC04,0.5493502655735358,54.93502655735358,0.75,41.201269918015186,6.338656910463875,0.0,15.846642276159686,0.0,19.015970731391622,False
DEMO_ACTIVE,SYNTHETIC_DEMONSTRATION,109,109,ct_8171ca90d9fa99,제주,야간코스(7월말~8월말 운영),TC03,0.4107919181288745,41.07919181288745,0.9999999999999999,41.079191812887444,4.564354645876382,13.69306393762915,0.0,13.693063937629148,9.128709291752765,False
DEMO_ACTIVE,SYNTHETIC_DEMONSTRATION,110,110,ct_2749460936eb31,공주,반일코스,TC08,0.4,40.0,1.0,40.0,15.0,0.0,25.0,0.0,0.0,False
DEMO_ACTIVE,SYNTHETIC_DEMONSTRATION,111,111,ct_ec90f983bc7ed6,안동,하회마을테마,TC06,0.4535573676110727,45.355736761107266,0.875,39.68626966596886,11.575161985907584,6.614378277661476,16.53594569415369,4.960783708246106,0.0,False
DEMO_ACTIVE,SYNTHETIC_DEMONSTRATION,112,112,ct_941018a965809c,광양,야경코스,TC03,0.4743416490252569,47.43416490252569,0.8333333333333333,39.52847075210474,0.0,8.784104611578831,0.0,13.176156917368244,17.568209223157663,False
DEMO_ACTIVE,SYNTHETIC_DEMONSTRATION,113,113,ct_79a18eaed83932,양산,양산시 가을 시티투어 (역사문화코스),TC08,0.3872983346207417,38.72983346207417,1.0,38.72983346207417,12.909944487358057,6.454972243679029,0.0,19.364916731037084,0.0,False
DEMO_ACTIVE,SYNTHETIC_DEMONSTRATION,113,114,ct_809907e22355c9,연천,연천명소코스,TC05,0.3872983346207417,38.72983346207417,1.0,38.72983346207417,6.454972243679029,12.909944487358057,0.0,19.364916731037084,0.0,False
DEMO_ACTIVE,SYNTHETIC_DEMONSTRATION,115,115,ct_b6060e0e38a765,안산,대부도 뱃길코스(일반형 2코스),TC04,0.44721359549995804,44.7213595499958,0.8571428571428571,38.332593899996404,0.0,3.1943828249997,0.0,9.5831484749991,25.5550625999976,False
DEMO_ACTIVE,SYNTHETIC_DEMONSTRATION,116,116,ct_f534f220e539af,파주,2026 파주시티투어 당일코스(일요일),TC08,0.3726779962499649,37.26779962499649,0.9999999999999999,37.267799624996485,14.907119849998594,3.7267799624996485,18.633899812498242,0.0,0.0,False
DEMO_ACTIVE,SYNTHETIC_DEMONSTRATION,117,117,ct_3764c5ee83c6b9,대전,"광역투어(넷재주, 토)",TC08,0.49497474683058323,49.49747468305832,0.75,37.12310601229374,10.606601717798213,0.0,26.516504294495526,0.0,0.0,False
DEMO_ACTIVE,SYNTHETIC_DEMONSTRATION,117,118,ct_cf9f8ad6cdda8f,대전,야경,TC03,0.49497474683058323,49.49747468305832,0.75,37.12310601229374,0.0,10.606601717798213,26.516504294495526,0.0,0.0,False
DEMO_ACTIVE,SYNTHETIC_DEMONSTRATION,117,119,ct_ebbc3131233e25,가평,가평순환버스B코스,TC05,0.49497474683058323,49.49747468305832,0.75,37.12310601229374,0.0,10.606601717798213,26.516504294495526,0.0,0.0,False
DEMO_ACTIVE,SYNTHETIC_DEMONSTRATION,120,120,ct_83afdb6c6bad30,시흥,순환형 2층버스,TC04,0.3689323936863109,36.89323936863109,1.0,36.89323936863109,5.270462766947299,10.540925533894598,0.0,0.0,21.081851067789195,False
DEMO_ACTIVE,SYNTHETIC_DEMONSTRATION,120,121,ct_a3932d2baa3d16,안산,안산 시내권코스(목요일),TC05,0.3689323936863109,36.89323936863109,1.0,36.89323936863109,10.540925533894598,10.540925533894598,0.0,15.811388300841895,0.0,False
DEMO_ACTIVE,SYNTHETIC_DEMONSTRATION,122,122,ct_c68da356b898d6,여주,꽃섬투어,TC04,0.6454972243679027,64.54972243679026,0.5714285714285714,36.885555678165865,3.688555567816587,0.0,18.442777839082932,0.0,14.754222271266348,False
DEMO_ACTIVE,SYNTHETIC_DEMONSTRATION,123,123,ct_ba3c89379bf8c1,서천,금빛코스,TC06,0.42257712736425823,42.25771273642582,0.857142857142857,36.220896631222125,10.86626898936664,7.244179326244425,18.11044831561106,0.0,0.0,False
DEMO_ACTIVE,SYNTHETIC_DEMONSTRATION,124,124,ct_abd1e371e69550,정선,아리랑열차 연계형 시티투어2,TC02,0.45184805705753206,45.184805705753206,0.8,36.147844564602565,0.0,10.327955589886447,0.0,15.491933384829668,10.327955589886447,False
DEMO_ACTIVE,SYNTHETIC_DEMONSTRATION,125,125,ct_1dab0b645e521d,완주,완주힐링로드시티투어 2코스,TC08,0.4290581651605165,42.90581651605165,0.8333333333333333,35.7548470967097,11.918282365569901,3.972760788523301,19.8638039426165,0.0,0.0,False
DEMO_ACTIVE,SYNTHETIC_DEMONSTRATION,126,126,ct_ab2a31c9b0dd1c,안동,주간도심테마,TC06,0.40824829046386296,40.8248290463863,0.875,35.72172541558801,7.144345083117601,10.716517624676406,0.0,10.716517624676403,7.144345083117601,False
DEMO_ACTIVE,SYNTHETIC_DEMONSTRATION,127,127,ct_07b4b0458851e1,서울,EG투어버스 J코스,TC08,0.35355339059327373,35.35533905932737,1.0,35.35533905932737,14.142135623730951,0.0,0.0,21.213203435596427,0.0,False
DEMO_ACTIVE,SYNTHETIC_DEMONSTRATION,128,128,ct_02181b9e7a671f,순천,(테마투어)성곽투어,TC08,0.34426518632954817,34.42651863295482,1.0,34.42651863295482,15.061601901917731,0.0,10.758287072798382,0.0,8.606629658238706,False
DEMO_ACTIVE,SYNTHETIC_DEMONSTRATION,129,129,ct_dfc58b1c3324c1,춘천,금요일,TC06,0.5163977794943222,51.63977794943222,0.6666666666666666,34.42651863295481,4.303314829119352,8.606629658238704,21.516574145596756,0.0,0.0,False
DEMO_ACTIVE,SYNTHETIC_DEMONSTRATION,130,130,ct_d1e99a0d119f73,밀양,시내권 투어 1,TC06,0.4743416490252569,47.43416490252569,0.7142857142857142,33.88154635894691,7.529232524210426,7.529232524210426,18.823081310526064,0.0,0.0,False
DEMO_ACTIVE,SYNTHETIC_DEMONSTRATION,131,131,ct_2d10b95a5e902e,대전,"광역투어(첫주, 일)",TC08,0.33806170189140666,33.806170189140666,0.9999999999999999,33.80617018914066,12.677313820927747,8.451542547285165,0.0,12.677313820927747,0.0,False
DEMO_ACTIVE,SYNTHETIC_DEMONSTRATION,132,132,ct_987d7b91b042a8,완도,해양치유시티투어,TC06,0.44999999999999996,44.99999999999999,0.75,33.74999999999999,7.5,7.5,0.0,11.25,7.5,False
DEMO_ACTIVE,SYNTHETIC_DEMONSTRATION,133,133,ct_0ed3eb88438a1d,인천,청라투어,TC01,0.6708203932499368,67.08203932499369,0.5,33.54101966249684,0.0,5.5901699437494745,27.950849718747367,0.0,0.0,False
DEMO_ACTIVE,SYNTHETIC_DEMONSTRATION,133,134,ct_68d8eff6357673,양구,해안DMZ트래킹 코스,TC01,0.6708203932499368,67.08203932499369,0.5,33.54101966249684,0.0,5.5901699437494745,27.950849718747367,0.0,0.0,False
DEMO_ACTIVE,SYNTHETIC_DEMONSTRATION,133,135,ct_74128602fb5dca,태안,북부코스,TC04,0.33541019662496846,33.54101966249684,1.0,33.54101966249684,0.0,11.180339887498949,0.0,0.0,22.360679774997898,False
DEMO_ACTIVE,SYNTHETIC_DEMONSTRATION,136,136,ct_1845f5c9950df4,목포,별빛물결시티투어,TC03,0.5477225575051661,54.77225575051661,0.6000000000000001,32.863353450309965,0.0,5.477225575051662,0.0,16.431676725154983,10.954451150103324,False
DEMO_ACTIVE,SYNTHETIC_DEMONSTRATION,137,137,ct_a7f13a177e5633,여수,제2코스,TC06,0.5078333750770082,50.78333750770082,0.6363636363636364,32.31666932308234,0.0,6.92500056923193,11.541667615386551,0.0,13.85000113846386,False
DEMO_ACTIVE,SYNTHETIC_DEMONSTRATION,138,138,ct_3ed5105d35b251,서산,A코스,TC08,0.4,40.0,0.8,32.0,12.0,0.0,20.0,0.0,0.0,False
DEMO_ACTIVE,SYNTHETIC_DEMONSTRATION,139,139,ct_008becedc70ab4,인천,무의도투어,TC04,0.31622776601683794,31.622776601683793,1.0,31.622776601683793,0.0,0.0,0.0,0.0,31.622776601683793,False
DEMO_ACTIVE,SYNTHETIC_DEMONSTRATION,140,140,ct_6e6a0f2ecaee7f,양주,기본코스,TC08,0.3077935056255462,30.77935056255462,1.0,30.77935056255462,15.389675281277313,2.5649458802128855,12.824729401064424,0.0,0.0,False
DEMO_ACTIVE,SYNTHETIC_DEMONSTRATION,141,141,ct_c188dbb343674a,서천,푸른빛코스,TC06,0.3689323936863109,36.89323936863109,0.8333333333333333,30.74436614052591,8.784104611578831,8.784104611578831,0.0,13.176156917368244,0.0,False
DEMO_ACTIVE,SYNTHETIC_DEMONSTRATION,142,142,ct_edd6e5375f387f,부산,그린라인,TC06,0.43528575006600695,43.5285750066007,0.7,30.470002504620485,2.5391668753850407,10.156667501540163,12.695834376925202,0.0,5.078333750770081,False
DEMO_ACTIVE,SYNTHETIC_DEMONSTRATION,143,143,ct_1c691124e74222,대구,도동코스,TC08,0.3,30.0,1.0,30.0,15.0,0.0,0.0,15.0,0.0,False
DEMO_ACTIVE,SYNTHETIC_DEMONSTRATION,144,144,ct_1d32ffebd246d5,홍성,"전통시장코스(홍성) 1,6일 운영",TC08,0.44721359549995787,44.72135954999579,0.6666666666666666,29.81423969999719,7.453559924999299,0.0,0.0,22.360679774997894,0.0,False
DEMO_ACTIVE,SYNTHETIC_DEMONSTRATION,144,145,ct_3e1bfccd397508,세종,봄꽃파닭A투어,TC02,0.44721359549995787,44.72135954999579,0.6666666666666666,29.81423969999719,0.0,7.453559924999299,0.0,22.360679774997894,0.0,False
DEMO_ACTIVE,SYNTHETIC_DEMONSTRATION,144,146,ct_a8b6f564bf7384,세종,봄꽃파닭B투어,TC02,0.44721359549995787,44.72135954999579,0.6666666666666666,29.81423969999719,0.0,7.453559924999299,0.0,22.360679774997894,0.0,False
DEMO_ACTIVE,SYNTHETIC_DEMONSTRATION,144,147,ct_a98893fa363590,양산,봄꽃체험코스,TC02,0.44721359549995787,44.72135954999579,0.6666666666666666,29.81423969999719,0.0,7.453559924999299,0.0,22.360679774997894,0.0,False
DEMO_ACTIVE,SYNTHETIC_DEMONSTRATION,148,148,ct_a7d1b6cc26e056,안산,대부도 뱃길코스(일반형 1코스),TC04,0.3410955201203233,34.10955201203233,0.8571428571428572,29.236758867456285,0.0,2.657887169768753,0.0,0.0,26.57887169768753,False
DEMO_ACTIVE,SYNTHETIC_DEMONSTRATION,149,149,ct_fcbc8def0ff021,공주,여름코스,TC08,0.28867513459481287,28.867513459481287,1.0,28.867513459481287,14.433756729740645,5.773502691896257,0.0,8.660254037844386,0.0,False
DEMO_ACTIVE,SYNTHETIC_DEMONSTRATION,150,150,ct_6df930eb64d3ad,세종,세종관광명소A투어,TC05,0.34513424498131673,34.51342449813167,0.8333333333333333,28.761187081776388,0.0,12.782749814122841,15.978437267653549,0.0,0.0,False
DEMO_ACTIVE,SYNTHETIC_DEMONSTRATION,151,151,ct_ec6acb453717fd,안산,대부도 해변코스(일반형 2코스),TC05,0.282842712474619,28.284271247461902,1.0,28.284271247461902,0.0,14.142135623730951,0.0,0.0,14.142135623730951,False
DEMO_ACTIVE,SYNTHETIC_DEMONSTRATION,152,152,ct_ff41044d0b7080,부산,동부산테마노선,TC04,0.35,35.0,0.8,28.0,4.0,0.0,0.0,0.0,24.0,False
DEMO_ACTIVE,SYNTHETIC_DEMONSTRATION,153,153,ct_506425657ddce1,완주,완주힐링로드 시티투어(서울권역),TC06,0.4183300132670377,41.83300132670377,0.6666666666666667,27.888667551135853,9.960238411119947,1.992047682223989,9.960238411119946,5.976143046671967,0.0,False
DEMO_ACTIVE,SYNTHETIC_DEMONSTRATION,154,154,ct_c93b13bf48e761,영주,물돌이 코스,TC05,0.33371190623595726,33.37119062359572,0.8333333333333333,27.8093255196631,3.972760788523301,11.918282365569901,0.0,11.9182823655699,0.0,False
DEMO_ACTIVE,SYNTHETIC_DEMONSTRATION,155,155,ct_83465bf3a690f2,여수,야간테마코스(시간을달리는버스커),TC03,0.36578176047514493,36.578176047514496,0.75,27.433632035635874,3.2274861218395143,8.068715304598786,0.0,0.0,16.137430609197573,False
DEMO_ACTIVE,SYNTHETIC_DEMONSTRATION,156,156,ct_618497cad743bc,양구,방산나들이코스,TC04,0.3651483716701108,36.51483716701108,0.75,27.38612787525831,6.846531968814578,6.846531968814578,0.0,0.0,13.693063937629155,False
DEMO_ACTIVE,SYNTHETIC_DEMONSTRATION,157,157,ct_636360ac200b66,대전,"광역투어(셋째주, 일)",TC08,0.27247463045653303,27.2474630456533,1.0,27.2474630456533,15.569978883230458,1.9462473604038073,9.731236802019035,0.0,0.0,False
DEMO_ACTIVE,SYNTHETIC_DEMONSTRATION,158,158,ct_98323d74dbd87a,제주,순환형코스,TC06,0.3346871731572171,33.468717315721705,0.8125,27.193332819023887,5.598627345093154,11.197254690186307,0.0,7.198235157976911,3.1992156257675166,False
DEMO_ACTIVE,SYNTHETIC_DEMONSTRATION,159,159,ct_e353674363d7f4,대전,대청호코스,TC06,0.42905816516051654,42.90581651605165,0.625,26.816135322532283,2.979570591392476,8.93871177417743,14.897852956962378,0.0,0.0,False
DEMO_ACTIVE,SYNTHETIC_DEMONSTRATION,160,160,ct_c3ec7bb154c2c1,대전,언택트세이프(B),TC05,0.3999999999999999,39.99999999999999,0.6666666666666666,26.66666666666666,0.0,10.0,16.66666666666666,0.0,0.0,False
DEMO_ACTIVE,SYNTHETIC_DEMONSTRATION,161,161,ct_1fe72a79d47a7f,서울,EG투어버스 E코스,TC08,0.35355339059327373,35.35533905932737,0.75,26.516504294495526,10.606601717798213,0.0,0.0,15.90990257669732,0.0,False
DEMO_ACTIVE,SYNTHETIC_DEMONSTRATION,162,162,ct_343d3a1d62c8a5,완주,완주힐링로드 시티투어(코레일연계 익산역),TC08,0.33471934069760145,33.471934069760145,0.7777777777777779,26.03372649870234,11.833512044864701,2.36670240897294,11.833512044864698,0.0,0.0,False
DEMO_ACTIVE,SYNTHETIC_DEMONSTRATION,163,163,ct_0b7a755a267601,여수,2층야간코스,TC03,0.2598076211353316,25.980762113533164,1.0,25.980762113533164,5.773502691896257,14.433756729740645,0.0,0.0,5.773502691896257,False
DEMO_ACTIVE,SYNTHETIC_DEMONSTRATION,164,164,ct_45e65111200294,대전,"광역투어(셋째주, 토)",TC05,0.3872983346207417,38.72983346207417,0.6666666666666666,25.81988897471611,4.303314829119352,8.606629658238704,0.0,12.909944487358056,0.0,False
DEMO_ACTIVE,SYNTHETIC_DEMONSTRATION,164,165,ct_53a12bc8caced9,화천,화천시티투어(평화누리호),TC08,0.3872983346207417,38.72983346207417,0.6666666666666666,25.81988897471611,8.606629658238704,4.303314829119352,0.0,12.909944487358056,0.0,False
DEMO_ACTIVE,SYNTHETIC_DEMONSTRATION,166,166,ct_49fb403c953735,광양,광양역사코스,TC08,0.2834733547569204,28.34733547569204,0.857142857142857,24.297716122021747,12.95878193174493,3.2396954829362326,0.0,4.859543224404348,3.2396954829362326,False
DEMO_ACTIVE,SYNTHETIC_DEMONSTRATION,167,167,ct_572b4d8191127a,영주,선비 코스,TC08,0.26843774609657967,26.843774609657967,0.8333333333333333,22.36981217471497,12.782749814122841,0.0,0.0,9.587062360592128,0.0,False
DEMO_ACTIVE,SYNTHETIC_DEMONSTRATION,167,168,ct_62ce3cfd4b2223,대구,현풍코스,TC08,0.26843774609657967,26.843774609657967,0.8333333333333333,22.36981217471497,12.782749814122841,0.0,0.0,9.587062360592128,0.0,False
DEMO_ACTIVE,SYNTHETIC_DEMONSTRATION,169,169,ct_4b24fed6566e54,해남,해남시티투어,TC05,0.22360679774997896,22.360679774997898,1.0,22.360679774997898,11.180339887498949,11.180339887498949,0.0,0.0,0.0,False
DEMO_ACTIVE,SYNTHETIC_DEMONSTRATION,170,170,ct_c722d90ff66eb2,홍성,"전통시장코스(광천) 4,9일 운영",TC02,0.44721359549995787,44.72135954999579,0.5,22.360679774997894,0.0,5.5901699437494745,0.0,16.77050983124842,0.0,False
DEMO_ACTIVE,SYNTHETIC_DEMONSTRATION,170,171,ct_14b70a907c3324,안산,대부도 해변코스(일반형 1코스),TC04,0.33541019662496846,33.54101966249684,0.6666666666666666,22.360679774997894,0.0,7.453559924999299,0.0,0.0,14.907119849998598,False
DEMO_ACTIVE,SYNTHETIC_DEMONSTRATION,172,172,ct_0e4d7f0c7de8e2,대구,송해코스,TC08,0.2192645048267573,21.92645048267573,1.0,21.92645048267573,13.155870289605437,8.770580193070293,0.0,0.0,0.0,False
DEMO_ACTIVE,SYNTHETIC_DEMONSTRATION,172,173,ct_fc9f85899d40a4,안산,안산 시내권코스(토요일),TC08,0.2192645048267573,21.92645048267573,1.0,21.92645048267573,13.155870289605437,8.770580193070293,0.0,0.0,0.0,False
DEMO_ACTIVE,SYNTHETIC_DEMONSTRATION,174,174,ct_ff41dfabaec78b,여수,야경코스,TC03,0.3651483716701107,36.51483716701107,0.6000000000000001,21.90890230020665,5.477225575051662,5.477225575051662,0.0,0.0,10.954451150103324,False
DEMO_ACTIVE,SYNTHETIC_DEMONSTRATION,175,175,ct_03101958100a14,부여,부여테마여행,TC06,0.3263766828841098,32.63766828841098,0.6666666666666667,21.75844552560732,9.32504808240314,4.66252404120157,7.770873402002614,0.0,0.0,False
DEMO_ACTIVE,SYNTHETIC_DEMONSTRATION,176,176,ct_1b0e0fd1157aaa,아산,休캉스 코스,TC08,0.21213203435596426,21.213203435596427,1.0,21.213203435596427,14.142135623730951,7.0710678118654755,0.0,0.0,0.0,False
DEMO_ACTIVE,SYNTHETIC_DEMONSTRATION,176,177,ct_62dfed5cce4635,파주,2026 파주시티투어 당일코스(목요일),TC05,0.21213203435596426,21.213203435596427,1.0,21.213203435596427,7.0710678118654755,14.142135623730951,0.0,0.0,0.0,False
DEMO_ACTIVE,SYNTHETIC_DEMONSTRATION,176,178,ct_6b11aef24a24ef,순천,(테마투어)생태투어,TC05,0.21213203435596426,21.213203435596427,1.0,21.213203435596427,7.0710678118654755,14.142135623730951,0.0,0.0,0.0,False
DEMO_ACTIVE,SYNTHETIC_DEMONSTRATION,176,179,ct_6bfb1cb10f19bb,천안,목요일,TC08,0.21213203435596426,21.213203435596427,1.0,21.213203435596427,14.142135623730951,7.0710678118654755,0.0,0.0,0.0,False
DEMO_ACTIVE,SYNTHETIC_DEMONSTRATION,176,180,ct_a33d720535a1e1,순천,(테마투어)산사투어,TC08,0.21213203435596426,21.213203435596427,1.0,21.213203435596427,14.142135623730951,7.0710678118654755,0.0,0.0,0.0,False
DEMO_ACTIVE,SYNTHETIC_DEMONSTRATION,176,181,ct_d038c55e01951b,대전,대덕특구탐방,TC05,0.21213203435596426,21.213203435596427,1.0,21.213203435596427,7.0710678118654755,14.142135623730951,0.0,0.0,0.0,False
DEMO_ACTIVE,SYNTHETIC_DEMONSTRATION,176,182,ct_e588b4efe19ef3,평창,북부권 코스,TC08,0.21213203435596426,21.213203435596427,1.0,21.213203435596427,14.142135623730951,7.0710678118654755,0.0,0.0,0.0,False
DEMO_ACTIVE,SYNTHETIC_DEMONSTRATION,183,183,ct_30fd00f9cfda89,인천,선재영흥투어,TC04,0.31622776601683794,31.622776601683793,0.6666666666666666,21.081851067789195,0.0,0.0,0.0,0.0,21.081851067789195,False
DEMO_ACTIVE,SYNTHETIC_DEMONSTRATION,184,184,ct_820bca31911e89,완주,완주힐링로드시티투어 1코스,TC08,0.28593138470052004,28.593138470052004,0.7,20.015196929036403,10.917380143110762,0.0,9.097816785925637,0.0,0.0,False
DEMO_ACTIVE,SYNTHETIC_DEMONSTRATION,185,185,ct_104171b078b959,공주,가을코스,TC08,0.2,20.0,1.0,20.0,15.0,5.0,0.0,0.0,0.0,False
DEMO_ACTIVE,SYNTHETIC_DEMONSTRATION,186,186,ct_6be92119035c7f,영광,"영광쉼,투어",TC06,0.223606797749979,22.360679774997898,0.8571428571428571,19.1662969499982,9.5831484749991,9.5831484749991,0.0,0.0,0.0,False
DEMO_ACTIVE,SYNTHETIC_DEMONSTRATION,187,187,ct_23c35eeaf17398,곡성,읍권 순환버스,TC06,0.33371190623595726,33.37119062359572,0.5555555555555556,18.53955034644207,3.531342923131823,7.945521577046602,4.414178653914779,2.6485071923488674,0.0,False
DEMO_ACTIVE,SYNTHETIC_DEMONSTRATION,188,188,ct_bd00bd65a80b11,연천,역사자연코스,TC05,0.22360679774997896,22.360679774997898,0.8,17.88854381999832,8.94427190999916,8.94427190999916,0.0,0.0,0.0,False
DEMO_ACTIVE,SYNTHETIC_DEMONSTRATION,189,189,ct_2be78db2f756ab,인천,바다노선,TC04,0.35355339059327373,35.35533905932737,0.5,17.677669529663685,3.5355339059327378,0.0,0.0,0.0,14.142135623730951,False
DEMO_ACTIVE,SYNTHETIC_DEMONSTRATION,190,190,ct_452018aaa6c847,춘천,화요일,TC05,0.2,20.0,0.8,16.0,4.0,12.0,0.0,0.0,0.0,False
DEMO_ACTIVE,SYNTHETIC_DEMONSTRATION,190,191,ct_da6b197f9d64eb,대구,테마-방방곡곡(사시사철),TC05,0.2,20.0,0.8,16.0,4.0,12.0,0.0,0.0,0.0,False
DEMO_ACTIVE,SYNTHETIC_DEMONSTRATION,192,192,ct_7799bf62ca5138,대전,"광역투어(둘째주, 토)",TC05,0.21213203435596426,21.213203435596427,0.75,15.90990257669732,5.303300858899107,10.606601717798213,0.0,0.0,0.0,False
DEMO_ACTIVE,SYNTHETIC_DEMONSTRATION,192,193,ct_cfd77d72cf4c59,나주,정기코스,TC08,0.21213203435596426,21.213203435596427,0.75,15.90990257669732,10.606601717798213,5.303300858899107,0.0,0.0,0.0,False
DEMO_ACTIVE,SYNTHETIC_DEMONSTRATION,192,194,ct_fa87b733ddf357,아산,아산도심핫플코스,TC08,0.21213203435596426,21.213203435596427,0.75,15.90990257669732,10.606601717798213,5.303300858899107,0.0,0.0,0.0,False
DEMO_ACTIVE,SYNTHETIC_DEMONSTRATION,195,195,ct_5082aae98cb9d3,부산,야경투어,TC03,0.31622776601683794,31.622776601683793,0.5,15.811388300841896,0.0,0.0,0.0,0.0,15.811388300841896,False
DEMO_ACTIVE,SYNTHETIC_DEMONSTRATION,195,196,ct_c343406b7388f2,군산,고군산시간여행코스,TC04,0.31622776601683794,31.622776601683793,0.5,15.811388300841896,0.0,0.0,0.0,0.0,15.811388300841896,False
DEMO_ACTIVE,SYNTHETIC_DEMONSTRATION,195,197,ct_4212deac479d6b,세종,역사문화투어,TC08,0.15811388300841897,15.811388300841896,1.0,15.811388300841896,15.811388300841896,0.0,0.0,0.0,0.0,False
DEMO_ACTIVE,SYNTHETIC_DEMONSTRATION,195,198,ct_73908901775f5c,익산,세계유산코스,TC08,0.15811388300841897,15.811388300841896,1.0,15.811388300841896,15.811388300841896,0.0,0.0,0.0,0.0,False
DEMO_ACTIVE,SYNTHETIC_DEMONSTRATION,195,199,ct_82e2c317c54d7e,양주,역사투어,TC08,0.15811388300841897,15.811388300841896,1.0,15.811388300841896,15.811388300841896,0.0,0.0,0.0,0.0,False
DEMO_ACTIVE,SYNTHETIC_DEMONSTRATION,195,200,ct_ba06e511559567,홍성,역사·문화 코스,TC08,0.15811388300841897,15.811388300841896,1.0,15.811388300841896,15.811388300841896,0.0,0.0,0.0,0.0,False
DEMO_ACTIVE,SYNTHETIC_DEMONSTRATION,195,201,ct_caab077d4954a7,김해,역사에반해,TC08,0.15811388300841897,15.811388300841896,1.0,15.811388300841896,15.811388300841896,0.0,0.0,0.0,0.0,False
DEMO_ACTIVE,SYNTHETIC_DEMONSTRATION,195,202,ct_e4521f5325216f,양주,박물관투어,TC08,0.15811388300841897,15.811388300841896,1.0,15.811388300841896,15.811388300841896,0.0,0.0,0.0,0.0,False
DEMO_ACTIVE,SYNTHETIC_DEMONSTRATION,195,203,ct_f0549cce13f623,대전,힐링(만인산),TC05,0.15811388300841897,15.811388300841896,1.0,15.811388300841896,0.0,15.811388300841896,0.0,0.0,0.0,False
DEMO_ACTIVE,SYNTHETIC_DEMONSTRATION,195,204,ct_f55bded1011de2,대전,언택트세이프?,TC05,0.15811388300841897,15.811388300841896,1.0,15.811388300841896,0.0,15.811388300841896,0.0,0.0,0.0,False
DEMO_ACTIVE,SYNTHETIC_DEMONSTRATION,205,205,ct_566165b1b827e0,천안,토요일,TC05,0.22360679774997896,22.360679774997898,0.6666666666666666,14.907119849998598,7.453559924999299,7.453559924999299,0.0,0.0,0.0,False
DEMO_ACTIVE,SYNTHETIC_DEMONSTRATION,205,206,ct_f558345dd00dbf,아산,역사기행 코스,TC05,0.22360679774997896,22.360679774997898,0.6666666666666666,14.907119849998598,7.453559924999299,7.453559924999299,0.0,0.0,0.0,False
DEMO_ACTIVE,SYNTHETIC_DEMONSTRATION,207,207,ct_2d7ad6be7d0219,공주,봄코스,TC08,0.1860521018838127,18.605210188381267,0.75,13.953907641285952,11.628256367738292,2.325651273547659,0.0,0.0,0.0,False
DEMO_ACTIVE,SYNTHETIC_DEMONSTRATION,207,208,ct_658464b2619d71,양주,천일홍축제,TC08,0.1860521018838127,18.605210188381267,0.75,13.953907641285952,11.628256367738292,2.325651273547659,0.0,0.0,0.0,False
DEMO_ACTIVE,SYNTHETIC_DEMONSTRATION,207,209,ct_c4d1ab4265b00c,양주,왕실축제,TC08,0.1860521018838127,18.605210188381267,0.75,13.953907641285952,11.628256367738292,2.325651273547659,0.0,0.0,0.0,False
DEMO_ACTIVE,SYNTHETIC_DEMONSTRATION,210,210,ct_a70933018dfe45,여수,이순신문화유적코스,TC08,0.15811388300841897,15.811388300841896,0.8571428571428571,13.552618543578767,13.552618543578767,0.0,0.0,0.0,0.0,False
DEMO_ACTIVE,SYNTHETIC_DEMONSTRATION,211,211,ct_40252d247000a5,안동,야간도심테마,TC03,0.21213203435596426,21.213203435596427,0.6000000000000001,12.727922061357857,4.242640687119286,8.485281374238571,0.0,0.0,0.0,False
DEMO_ACTIVE,SYNTHETIC_DEMONSTRATION,212,212,ct_38e990a88a3094,춘천,수요일,TC08,0.15811388300841897,15.811388300841896,0.75,11.858541225631422,11.858541225631422,0.0,0.0,0.0,0.0,False
DEMO_ACTIVE,SYNTHETIC_DEMONSTRATION,212,213,ct_cec518ee1213c1,양주,서울우유견학코스,TC08,0.15811388300841897,15.811388300841896,0.75,11.858541225631422,11.858541225631422,0.0,0.0,0.0,0.0,False
DEMO_ACTIVE,SYNTHETIC_DEMONSTRATION,214,214,ct_037c18bb42946f,세종,천안연계투어,TC05,0.22360679774997896,22.360679774997898,0.5,11.180339887498949,5.5901699437494745,5.5901699437494745,0.0,0.0,0.0,False
DEMO_ACTIVE,SYNTHETIC_DEMONSTRATION,215,215,ct_5997fa12423936,대전,언택트세이프(A),TC05,0.15811388300841897,15.811388300841896,0.6666666666666666,10.540925533894598,0.0,10.540925533894598,0.0,0.0,0.0,False
DEMO_ACTIVE,SYNTHETIC_DEMONSTRATION,215,216,ct_59f67b28d9aad1,서울,EG투어버스 G코스,TC05,0.15811388300841897,15.811388300841896,0.6666666666666666,10.540925533894598,0.0,10.540925533894598,0.0,0.0,0.0,False
DEMO_ACTIVE,SYNTHETIC_DEMONSTRATION,215,217,ct_64b3f2e630ba51,여수,다크투어리즘코스,TC08,0.15811388300841897,15.811388300841896,0.6666666666666666,10.540925533894598,10.540925533894598,0.0,0.0,0.0,0.0,False
DEMO_ACTIVE,SYNTHETIC_DEMONSTRATION,218,218,ct_fe508b5dbba88f,세종,역사산책투어,TC05,0.2,20.0,0.5,10.0,2.5,7.5,0.0,0.0,0.0,False
DEMO_ACTIVE,SYNTHETIC_DEMONSTRATION,219,219,ct_82edd01ea220e6,화순,화순적벽 버스투어(적벽 셔틀버스),TC05,0.15811388300841897,15.811388300841896,0.6,9.486832980505138,0.0,9.486832980505138,0.0,0.0,0.0,False
DEMO_ACTIVE,SYNTHETIC_DEMONSTRATION,220,220,ct_661e12e8488117,대전,힐링(장태산),TC05,0.15811388300841897,15.811388300841896,0.5,7.905694150420948,0.0,7.905694150420948,0.0,0.0,0.0,False
DEMO_ACTIVE,SYNTHETIC_DEMONSTRATION,220,221,ct_c59f7d050e72e0,대전,생태교육,TC08,0.15811388300841897,15.811388300841896,0.5,7.905694150420948,7.905694150420948,0.0,0.0,0.0,0.0,False
DEMO_ACTIVE,SYNTHETIC_DEMONSTRATION,220,222,ct_d3a976675ffc53,대구,테마-방방곡곡(낙동강),TC05,0.15811388300841897,15.811388300841896,0.5,7.905694150420948,0.0,7.905694150420948,0.0,0.0,0.0,False
DEMO_ACTIVE,SYNTHETIC_DEMONSTRATION,220,223,ct_f8bd00d4bc40b3,순천,(기획투어)나이트가든투어,TC03,0.15811388300841897,15.811388300841896,0.5,7.905694150420948,0.0,7.905694150420948,0.0,0.0,0.0,False
DEMO_BALANCED,SYNTHETIC_DEMONSTRATION,1,1,ct_00435b9cca499b,포항,퐝랜드마크A코스,TC02,0.9999999999999999,99.99999999999999,1.0,99.99999999999999,20.0,20.0,20.0,20.0,20.0,False
DEMO_BALANCED,SYNTHETIC_DEMONSTRATION,2,2,ct_c83f7c6960b76b,부산,레드라인,TC06,0.9534625892455922,95.34625892455922,1.0,95.34625892455922,9.534625892455924,28.603877677367766,19.06925178491185,19.06925178491185,19.06925178491185,False
DEMO_BALANCED,SYNTHETIC_DEMONSTRATION,3,3,ct_36b90ac2b7ebec,태백,황지자유시장 코스,TC02,0.9486832980505138,94.86832980505137,0.9999999999999999,94.86832980505136,15.811388300841893,31.622776601683785,15.811388300841893,15.811388300841893,15.811388300841893,False
DEMO_BALANCED,SYNTHETIC_DEMONSTRATION,4,4,ct_84ffabae716404,홍성,죽도코스,TC02,0.8944271909999159,89.44271909999159,1.0,89.44271909999159,0.0,22.360679774997898,22.360679774997898,22.360679774997898,22.360679774997898,False
DEMO_BALANCED,SYNTHETIC_DEMONSTRATION,4,5,ct_956d44d9a821ed,양산,2025 6월 시티투어,TC02,0.8944271909999159,89.44271909999159,1.0,89.44271909999159,22.360679774997898,22.360679774997898,22.360679774997898,22.360679774997898,0.0,False
DEMO_BALANCED,SYNTHETIC_DEMONSTRATION,6,6,ct_aa2937d4d2a2d0,목포,목포랑시티투어,TC06,0.8770580193070291,87.7058019307029,1.0,87.7058019307029,35.082320772281165,17.541160386140582,17.541160386140582,8.770580193070291,8.770580193070291,False
DEMO_BALANCED,SYNTHETIC_DEMONSTRATION,7,7,ct_b97fea5cc3f414,광양,광양힐링코스,TC07,0.8705715001320139,87.0571500132014,0.9999999999999999,87.05715001320138,21.764287503300345,21.764287503300345,29.019050004400455,14.509525002200228,0.0,False
DEMO_BALANCED,SYNTHETIC_DEMONSTRATION,8,8,ct_596ccaeb2861f9,태안,남부코스,TC02,0.8485281374238569,84.85281374238569,0.9999999999999999,84.85281374238568,14.142135623730946,28.28427124746189,0.0,28.28427124746189,14.142135623730946,False
DEMO_BALANCED,SYNTHETIC_DEMONSTRATION,9,9,ct_86dc46ed127655,청주,청주시티투어_정기투어_청남대 투어(수토일),TC07,0.8451542547285165,84.51542547285165,1.0,84.51542547285165,16.90308509457033,16.90308509457033,33.80617018914066,16.90308509457033,0.0,False
DEMO_BALANCED,SYNTHETIC_DEMONSTRATION,9,10,ct_9d994e07488f57,삼척,종일코스,TC02,0.8451542547285165,84.51542547285165,1.0,84.51542547285165,0.0,16.90308509457033,16.90308509457033,33.80617018914066,16.90308509457033,False
DEMO_BALANCED,SYNTHETIC_DEMONSTRATION,9,11,ct_ac7ca37140e6b6,포항,퐝랜드마크B코스,TC02,0.8451542547285165,84.51542547285165,1.0,84.51542547285165,0.0,33.80617018914066,16.90308509457033,16.90308509457033,16.90308509457033,False
DEMO_BALANCED,SYNTHETIC_DEMONSTRATION,12,12,ct_a1bc285f9c2881,여수,제1코스,TC08,0.816496580927726,81.6496580927726,1.0,81.6496580927726,32.659863237109036,0.0,8.164965809277259,16.329931618554518,24.49489742783178,False
DEMO_BALANCED,SYNTHETIC_DEMONSTRATION,13,13,ct_aa87321b8b5003,창원,창원시티투어,TC06,0.8765009801785554,87.65009801785554,0.9166666666666666,80.34592318303424,7.3041748348212945,32.868786756695826,14.608349669642589,14.608349669642589,10.95626225223194,False
DEMO_BALANCED,SYNTHETIC_DEMONSTRATION,14,14,ct_507ac7569b1306,서천,보랏빛코스,TC02,0.7745966692414833,77.45966692414832,1.0,77.45966692414832,0.0,25.81988897471611,25.81988897471611,25.81988897471611,0.0,False
DEMO_BALANCED,SYNTHETIC_DEMONSTRATION,14,15,ct_52fe5a29aee3e7,합천,합천광역시티투어 누비고,TC01,0.7745966692414833,77.45966692414832,1.0,77.45966692414832,25.81988897471611,25.81988897471611,25.81988897471611,0.0,0.0,False
DEMO_BALANCED,SYNTHETIC_DEMONSTRATION,14,16,ct_a407c821a8382e,서울,EG투어버스 H코스,TC07,0.7745966692414833,77.45966692414832,1.0,77.45966692414832,25.81988897471611,0.0,25.81988897471611,25.81988897471611,0.0,False
DEMO_BALANCED,SYNTHETIC_DEMONSTRATION,14,17,ct_aabd87818ef08f,서울,EG투어버스 I코스,TC02,0.7745966692414833,77.45966692414832,1.0,77.45966692414832,0.0,25.81988897471611,25.81988897471611,25.81988897471611,0.0,False
DEMO_BALANCED,SYNTHETIC_DEMONSTRATION,14,18,ct_b53b246e98a9cd,인천,석모도투어,TC02,0.7745966692414833,77.45966692414832,1.0,77.45966692414832,25.81988897471611,25.81988897471611,0.0,25.81988897471611,0.0,False
DEMO_BALANCED,SYNTHETIC_DEMONSTRATION,14,19,ct_b96c711c2cd94d,예산,예산군 버스투어,TC02,0.7745966692414833,77.45966692414832,1.0,77.45966692414832,25.81988897471611,25.81988897471611,0.0,25.81988897471611,0.0,False
DEMO_BALANCED,SYNTHETIC_DEMONSTRATION,14,20,ct_e4444e050c482f,천안,일요일,TC07,0.7745966692414833,77.45966692414832,1.0,77.45966692414832,25.81988897471611,0.0,25.81988897471611,25.81988897471611,0.0,False
DEMO_BALANCED,SYNTHETIC_DEMONSTRATION,21,21,ct_d756b69f16e800,청주,청주시티투어_정기투어_힐링로드 투어(토),TC07,0.7745966692414832,77.45966692414832,0.9999999999999999,77.45966692414831,12.90994448735805,12.90994448735805,38.729833462074154,12.90994448735805,0.0,False
DEMO_BALANCED,SYNTHETIC_DEMONSTRATION,22,22,ct_8171ca90d9fa99,제주,야간코스(7월말~8월말 운영),TC03,0.7745966692414831,77.45966692414831,0.9999999999999999,77.4596669241483,12.90994448735805,38.729833462074154,0.0,12.90994448735805,12.90994448735805,False
DEMO_BALANCED,SYNTHETIC_DEMONSTRATION,23,23,ct_1def3d2a58e430,부산,오렌지라인,TC06,0.8451542547285165,84.51542547285165,0.9090909090909092,76.83220497531968,23.049661492595906,30.73288199012788,7.68322049753197,7.68322049753197,7.68322049753197,False
DEMO_BALANCED,SYNTHETIC_DEMONSTRATION,24,24,ct_5728bf247a42c1,제천,시티투어,TC01,0.7627700713964738,76.27700713964738,1.0,76.27700713964738,9.534625892455923,19.069251784911845,38.13850356982369,9.534625892455923,0.0,False
DEMO_BALANCED,SYNTHETIC_DEMONSTRATION,25,25,ct_1d8d8a70616c41,경기광주,광주시티투어,TC06,0.7592566023652967,75.92566023652967,0.9999999999999999,75.92566023652965,32.539568672798424,21.693045781865617,21.693045781865617,0.0,0.0,False
DEMO_BALANCED,SYNTHETIC_DEMONSTRATION,25,26,ct_6b62f6c5e28b9c,사천,바다투어,TC06,0.7592566023652967,75.92566023652967,0.9999999999999999,75.92566023652965,0.0,32.539568672798424,21.693045781865617,0.0,21.693045781865617,False
DEMO_BALANCED,SYNTHETIC_DEMONSTRATION,27,27,ct_6ec0ad7a54e92d,서천,문화코스,TC06,0.8432740427115677,84.32740427115677,0.8888888888888888,74.95769268547268,9.369711585684087,18.739423171368173,28.109134757052257,18.739423171368173,0.0,False
DEMO_BALANCED,SYNTHETIC_DEMONSTRATION,28,28,ct_9857f916bfa916,대구,도심순환코스(12개 정류장),TC06,0.7483314773547882,74.83314773547882,1.0,74.83314773547882,5.3452248382484875,37.41657386773941,21.38089935299395,10.690449676496975,0.0,False
DEMO_BALANCED,SYNTHETIC_DEMONSTRATION,29,29,ct_68e342ed3c052f,익산,익산숨은보석찾기코스,TC07,0.7453559924999298,74.53559924999298,1.0,74.53559924999298,14.907119849998596,0.0,29.81423969999719,29.81423969999719,0.0,False
DEMO_BALANCED,SYNTHETIC_DEMONSTRATION,29,30,ct_83afdb6c6bad30,시흥,순환형 2층버스,TC04,0.7453559924999298,74.53559924999298,1.0,74.53559924999298,14.907119849998596,29.81423969999719,0.0,0.0,29.81423969999719,False
DEMO_BALANCED,SYNTHETIC_DEMONSTRATION,29,31,ct_a3932d2baa3d16,안산,안산 시내권코스(목요일),TC05,0.7453559924999298,74.53559924999298,1.0,74.53559924999298,29.81423969999719,29.81423969999719,0.0,14.907119849998596,0.0,False
DEMO_BALANCED,SYNTHETIC_DEMONSTRATION,29,32,ct_d0cdc53f7d6755,춘천,월요일,TC01,0.7453559924999298,74.53559924999298,1.0,74.53559924999298,0.0,29.81423969999719,29.81423969999719,14.907119849998596,0.0,False
DEMO_BALANCED,SYNTHETIC_DEMONSTRATION,33,33,ct_2c0d1fe873d818,천안,화요일,TC08,0.7302967433402215,73.02967433402216,1.0,73.02967433402216,36.51483716701108,18.25741858350554,18.25741858350554,0.0,0.0,False
DEMO_BALANCED,SYNTHETIC_DEMONSTRATION,33,34,ct_4309f65e431d83,아산,인생네컷 코스,TC05,0.7302967433402215,73.02967433402216,1.0,73.02967433402216,18.25741858350554,36.51483716701108,18.25741858350554,0.0,0.0,False
DEMO_BALANCED,SYNTHETIC_DEMONSTRATION,33,35,ct_4e0d701d9aadd5,대구,테마(야경 4~10월),TC03,0.7302967433402215,73.02967433402216,1.0,73.02967433402216,0.0,36.51483716701108,18.25741858350554,18.25741858350554,0.0,False
DEMO_BALANCED,SYNTHETIC_DEMONSTRATION,33,36,ct_6c466761af057c,대전,"광역투어(둘째주, 일)",TC05,0.7302967433402215,73.02967433402216,1.0,73.02967433402216,18.25741858350554,36.51483716701108,18.25741858350554,0.0,0.0,False
DEMO_BALANCED,SYNTHETIC_DEMONSTRATION,33,37,ct_79a18eaed83932,양산,양산시 가을 시티투어 (역사문화코스),TC08,0.7302967433402215,73.02967433402216,1.0,73.02967433402216,36.51483716701108,18.25741858350554,0.0,18.25741858350554,0.0,False
DEMO_BALANCED,SYNTHETIC_DEMONSTRATION,33,38,ct_809907e22355c9,연천,연천명소코스,TC05,0.7302967433402215,73.02967433402216,1.0,73.02967433402216,18.25741858350554,36.51483716701108,0.0,18.25741858350554,0.0,False
DEMO_BALANCED,SYNTHETIC_DEMONSTRATION,33,39,ct_8de53de429d379,포항,퐝순환코스,TC02,0.7302967433402215,73.02967433402216,1.0,73.02967433402216,0.0,0.0,18.25741858350554,36.51483716701108,18.25741858350554,False
DEMO_BALANCED,SYNTHETIC_DEMONSTRATION,33,40,ct_a8a8ecfbd0eefc,대전,"광역투어(다섯째주, 토)",TC08,0.7302967433402215,73.02967433402216,1.0,73.02967433402216,30.42903097250923,12.171612389003691,0.0,30.42903097250923,0.0,False
DEMO_BALANCED,SYNTHETIC_DEMONSTRATION,33,41,ct_c410c248858e88,서울,EG투어버스 L코스,TC02,0.7302967433402215,73.02967433402216,1.0,73.02967433402216,0.0,18.25741858350554,18.25741858350554,36.51483716701108,0.0,False
DEMO_BALANCED,SYNTHETIC_DEMONSTRATION,33,42,ct_ff36074cae8347,양주,자연친화코스1,TC01,0.7302967433402215,73.02967433402216,1.0,73.02967433402216,18.25741858350554,18.25741858350554,36.51483716701108,0.0,0.0,False
DEMO_BALANCED,SYNTHETIC_DEMONSTRATION,43,43,ct_15ca3909485d66,서천,광역코스,TC07,0.8485281374238569,84.85281374238569,0.8571428571428571,72.73098320775917,12.121830534626525,12.121830534626525,24.24366106925305,24.24366106925305,0.0,False
DEMO_BALANCED,SYNTHETIC_DEMONSTRATION,44,44,ct_424fda831e8a80,인천,인천레트로노선,TC07,0.7171371656006362,71.71371656006362,1.0,71.71371656006362,11.952286093343936,0.0,35.85685828003181,23.904572186687872,0.0,False
DEMO_BALANCED,SYNTHETIC_DEMONSTRATION,45,45,ct_2d10b95a5e902e,대전,"광역투어(첫주, 일)",TC08,0.7171371656006362,71.71371656006362,0.9999999999999999,71.7137165600636,35.8568582800318,23.90457218668787,0.0,11.952286093343934,0.0,False
DEMO_BALANCED,SYNTHETIC_DEMONSTRATION,45,46,ct_5c692156a089c1,파주,2026 파주시티투어 당일코스(수요일),TC05,0.7171371656006362,71.71371656006362,0.9999999999999999,71.7137165600636,23.90457218668787,35.8568582800318,11.952286093343934,0.0,0.0,False
DEMO_BALANCED,SYNTHETIC_DEMONSTRATION,45,47,ct_7dba0d730780c9,서천,동백코스(익산-군산 광역),TC01,0.7171371656006362,71.71371656006362,0.9999999999999999,71.7137165600636,0.0,35.8568582800318,23.90457218668787,11.952286093343934,0.0,False
DEMO_BALANCED,SYNTHETIC_DEMONSTRATION,48,48,ct_330d0bc9cd3d05,서산,B코스,TC02,0.8944271909999159,89.44271909999159,0.8,71.55417527999327,17.88854381999832,17.88854381999832,0.0,17.88854381999832,17.88854381999832,False
DEMO_BALANCED,SYNTHETIC_DEMONSTRATION,48,49,ct_3aa92169f5cb7c,군산,(익산역 출발) 고군산시간여행코스,TC04,0.8944271909999159,89.44271909999159,0.8,71.55417527999327,17.88854381999832,17.88854381999832,17.88854381999832,0.0,17.88854381999832,False
DEMO_BALANCED,SYNTHETIC_DEMONSTRATION,48,50,ct_4e89a607500203,태안,광역코스,TC02,0.8944271909999159,89.44271909999159,0.8,71.55417527999327,17.88854381999832,17.88854381999832,0.0,17.88854381999832,17.88854381999832,False
DEMO_BALANCED,SYNTHETIC_DEMONSTRATION,48,51,ct_94cebe436c068a,서산,C코스,TC02,0.8944271909999159,89.44271909999159,0.8,71.55417527999327,17.88854381999832,17.88854381999832,0.0,17.88854381999832,17.88854381999832,False
DEMO_BALANCED,SYNTHETIC_DEMONSTRATION,52,52,ct_2f8d9c4d57db08,서천,힐링코스,TC06,1.0,100.0,0.7142857142857142,71.42857142857142,14.285714285714285,14.285714285714285,14.285714285714285,14.285714285714285,14.285714285714285,False
DEMO_BALANCED,SYNTHETIC_DEMONSTRATION,53,53,ct_ab2a31c9b0dd1c,안동,주간도심테마,TC06,0.8082903768654761,80.82903768654761,0.875,70.72540797572915,20.2072594216369,30.310889132455355,0.0,10.10362971081845,10.10362971081845,False
DEMO_BALANCED,SYNTHETIC_DEMONSTRATION,54,54,ct_e346ea988fedc3,포항,씨(SEA)하게 보는 포항코스,TC04,0.8451542547285167,84.51542547285167,0.8333333333333333,70.42952122737638,14.085904245475277,14.085904245475277,0.0,14.085904245475277,28.171808490950554,False
DEMO_BALANCED,SYNTHETIC_DEMONSTRATION,55,55,ct_2c5b83ca1acb5c,춘천,토요일,TC06,0.680336051416609,68.0336051416609,1.0,68.0336051416609,7.559289460184544,37.79644730092272,22.677868380553633,0.0,0.0,False
DEMO_BALANCED,SYNTHETIC_DEMONSTRATION,55,56,ct_72a42eb150b5d4,춘천,일요일,TC06,0.680336051416609,68.0336051416609,1.0,68.0336051416609,7.559289460184544,37.79644730092272,22.677868380553633,0.0,0.0,False
DEMO_BALANCED,SYNTHETIC_DEMONSTRATION,57,57,ct_17e0dd4d30822e,밀양,삼랑진권 투어,TC08,0.674199862463242,67.4199862463242,1.0,67.4199862463242,40.451991747794516,13.483997249264842,13.483997249264842,0.0,0.0,False
DEMO_BALANCED,SYNTHETIC_DEMONSTRATION,58,58,ct_61845aa89a1c1a,홍천,홍천시티투어,TC06,0.8131571126147262,81.31571126147263,0.8181818181818181,66.53103648665942,18.4808434685165,22.177012162219803,22.177012162219803,3.696168693703301,0.0,False
DEMO_BALANCED,SYNTHETIC_DEMONSTRATION,59,59,ct_ec90f983bc7ed6,안동,하회마을테마,TC06,0.7483314773547882,74.83314773547882,0.875,65.47900426854396,32.73950213427198,18.708286933869708,9.354143466934854,4.677071733467427,0.0,False
DEMO_BALANCED,SYNTHETIC_DEMONSTRATION,60,60,ct_0b7a755a267601,여수,2층야간코스,TC03,0.6531972647421808,65.31972647421807,1.0,65.31972647421807,16.329931618554518,40.8248290463863,0.0,0.0,8.164965809277259,False
DEMO_BALANCED,SYNTHETIC_DEMONSTRATION,60,61,ct_fcbc8def0ff021,공주,여름코스,TC08,0.6531972647421808,65.31972647421807,1.0,65.31972647421807,40.8248290463863,16.329931618554518,0.0,8.164965809277259,0.0,False
DEMO_BALANCED,SYNTHETIC_DEMONSTRATION,62,62,ct_bdc4b066f6280d,안동,도산서원&예끼마을테마,TC07,0.7589466384404109,75.89466384404109,0.8571428571428571,65.05256900917807,27.105237087157533,0.0,21.684189669726024,16.263142252294518,0.0,False
DEMO_BALANCED,SYNTHETIC_DEMONSTRATION,63,63,ct_987d7b91b042a8,완도,해양치유시티투어,TC06,0.8485281374238569,84.85281374238569,0.75,63.639610306789265,21.213203435596427,21.213203435596427,0.0,10.606601717798213,10.606601717798213,False
DEMO_BALANCED,SYNTHETIC_DEMONSTRATION,64,64,ct_4b24fed6566e54,해남,해남시티투어,TC05,0.6324555320336758,63.24555320336758,1.0,63.24555320336758,31.62277660168379,31.62277660168379,0.0,0.0,0.0,False
DEMO_BALANCED,SYNTHETIC_DEMONSTRATION,64,65,ct_74128602fb5dca,태안,북부코스,TC04,0.6324555320336758,63.24555320336758,1.0,63.24555320336758,0.0,31.62277660168379,0.0,0.0,31.62277660168379,False
DEMO_BALANCED,SYNTHETIC_DEMONSTRATION,64,66,ct_8b988867d0e267,홍성,남당항 코스,TC01,0.6324555320336758,63.24555320336758,1.0,63.24555320336758,0.0,31.62277660168379,31.62277660168379,0.0,0.0,False
DEMO_BALANCED,SYNTHETIC_DEMONSTRATION,67,67,ct_f534f220e539af,파주,2026 파주시티투어 당일코스(일요일),TC08,0.6324555320336758,63.24555320336758,0.9999999999999999,63.24555320336757,42.163702135578376,10.540925533894594,10.540925533894594,0.0,0.0,False
DEMO_BALANCED,SYNTHETIC_DEMONSTRATION,68,68,ct_7cdced2e0d065a,여주,시티투어,TC06,0.8082903768654761,80.82903768654761,0.7777777777777778,62.867029311759254,26.94301256218254,8.981004187394179,8.981004187394179,17.962008374788358,0.0,False
DEMO_BALANCED,SYNTHETIC_DEMONSTRATION,69,69,ct_2827a8d7943bdf,가평,가평순환버스A코스,TC01,0.6260990336999411,62.609903369994115,1.0,62.609903369994115,0.0,26.832815729997478,35.77708763999664,0.0,0.0,False
DEMO_BALANCED,SYNTHETIC_DEMONSTRATION,70,70,ct_4be058672a95ae,시흥,테마형 정기코스,TC04,0.7302967433402215,73.02967433402216,0.8571428571428572,62.59686371487614,0.0,26.08202654786506,10.432810619146021,0.0,26.08202654786506,False
DEMO_BALANCED,SYNTHETIC_DEMONSTRATION,71,71,ct_084dcff739bc51,김해,김해에반해,TC06,0.6238502938920436,62.38502938920436,1.0,62.38502938920436,41.5900195928029,5.198752449100363,15.59625734730109,0.0,0.0,False
DEMO_BALANCED,SYNTHETIC_DEMONSTRATION,72,72,ct_20eb1ae44f44d4,밀양,영남알프스권 투어 1,TC07,0.7453559924999298,74.53559924999298,0.8333333333333333,62.112999374994146,24.845199749997658,12.422599874998829,24.845199749997658,0.0,0.0,False
DEMO_BALANCED,SYNTHETIC_DEMONSTRATION,72,73,ct_941018a965809c,광양,야경코스,TC03,0.7453559924999298,74.53559924999298,0.8333333333333333,62.112999374994146,0.0,24.845199749997658,0.0,12.422599874998829,24.845199749997658,False
DEMO_BALANCED,SYNTHETIC_DEMONSTRATION,72,74,ct_a0af2538872792,서천,전라권코스,TC02,0.7453559924999298,74.53559924999298,0.8333333333333333,62.112999374994146,0.0,12.422599874998829,24.845199749997658,24.845199749997658,0.0,False
DEMO_BALANCED,SYNTHETIC_DEMONSTRATION,72,75,ct_a726fc60353090,청주,청주시티투어_정기투어_초정힐링 투어(토),TC07,0.7453559924999298,74.53559924999298,0.8333333333333333,62.112999374994146,24.845199749997658,0.0,24.845199749997658,12.422599874998829,0.0,False
DEMO_BALANCED,SYNTHETIC_DEMONSTRATION,72,76,ct_c188dbb343674a,서천,푸른빛코스,TC06,0.7453559924999298,74.53559924999298,0.8333333333333333,62.112999374994146,24.845199749997658,24.845199749997658,0.0,12.422599874998829,0.0,False
DEMO_BALANCED,SYNTHETIC_DEMONSTRATION,72,77,ct_c543fc703f1159,익산,순환형1,TC07,0.7453559924999298,74.53559924999298,0.8333333333333333,62.112999374994146,24.845199749997658,0.0,24.845199749997658,12.422599874998829,0.0,False
DEMO_BALANCED,SYNTHETIC_DEMONSTRATION,78,78,ct_0e4d7f0c7de8e2,대구,송해코스,TC08,0.6201736729460422,62.01736729460422,1.0,62.01736729460422,37.210420376762535,24.806946917841692,0.0,0.0,0.0,False
DEMO_BALANCED,SYNTHETIC_DEMONSTRATION,78,79,ct_0ebeda6387230e,안산,대부도 뱃길코스(체험형 2코스),TC04,0.6201736729460422,62.01736729460422,1.0,62.01736729460422,0.0,0.0,24.806946917841692,0.0,37.210420376762535,False
DEMO_BALANCED,SYNTHETIC_DEMONSTRATION,78,80,ct_1c94bb0caf5c4f,안성,안성시티투어,TC07,0.6201736729460422,62.01736729460422,1.0,62.01736729460422,24.806946917841692,0.0,37.210420376762535,0.0,0.0,False
DEMO_BALANCED,SYNTHETIC_DEMONSTRATION,78,81,ct_7d1c2151bda037,순천,(테마투어)세계유산투어,TC07,0.6201736729460422,62.01736729460422,1.0,62.01736729460422,37.210420376762535,0.0,24.806946917841692,0.0,0.0,False
DEMO_BALANCED,SYNTHETIC_DEMONSTRATION,78,82,ct_fc9f85899d40a4,안산,안산 시내권코스(토요일),TC08,0.6201736729460422,62.01736729460422,1.0,62.01736729460422,37.210420376762535,24.806946917841692,0.0,0.0,0.0,False
DEMO_BALANCED,SYNTHETIC_DEMONSTRATION,83,83,ct_2390c56fce5420,울산,태화강 국가정원 코스,TC06,0.7951465679458908,79.51465679458907,0.7777777777777778,61.84473306245817,13.252442799098176,26.504885598196353,17.669923732130904,4.417480933032726,0.0,False
DEMO_BALANCED,SYNTHETIC_DEMONSTRATION,84,84,ct_c53b5abd9a30ab,대전,남부코스,TC01,0.7171371656006361,71.71371656006362,0.8571428571428571,61.46889990862596,10.244816651437658,20.489633302875315,30.73444995431298,0.0,0.0,False
DEMO_BALANCED,SYNTHETIC_DEMONSTRATION,85,85,ct_ba3c89379bf8c1,서천,금빛코스,TC06,0.7171371656006361,71.71371656006362,0.857142857142857,61.46889990862594,30.73444995431297,20.489633302875312,10.244816651437656,0.0,0.0,False
DEMO_BALANCED,SYNTHETIC_DEMONSTRATION,86,86,ct_02181b9e7a671f,순천,(테마투어)성곽투어,TC08,0.6085806194501846,60.85806194501846,1.0,60.85806194501846,42.600643361512915,0.0,6.085806194501847,0.0,12.171612389003695,False
DEMO_BALANCED,SYNTHETIC_DEMONSTRATION,87,87,ct_0f4dbe3b938a90,여수,2층주간코스,TC06,0.8451542547285167,84.51542547285167,0.7142857142857142,60.3681610520369,12.073632210407379,12.073632210407379,24.147264420814757,0.0,12.073632210407379,False
DEMO_BALANCED,SYNTHETIC_DEMONSTRATION,88,88,ct_07b4b0458851e1,서울,EG투어버스 J코스,TC08,0.6,60.0,1.0,60.0,40.0,0.0,0.0,20.0,0.0,False
DEMO_BALANCED,SYNTHETIC_DEMONSTRATION,88,89,ct_1b0e0fd1157aaa,아산,休캉스 코스,TC08,0.6,60.0,1.0,60.0,40.0,20.0,0.0,0.0,0.0,False
DEMO_BALANCED,SYNTHETIC_DEMONSTRATION,88,90,ct_52149303f1b0d4,서울,EG투어버스 K 코스,TC01,0.6,60.0,1.0,60.0,0.0,20.0,40.0,0.0,0.0,False
DEMO_BALANCED,SYNTHETIC_DEMONSTRATION,88,91,ct_62dfed5cce4635,파주,2026 파주시티투어 당일코스(목요일),TC05,0.6,60.0,1.0,60.0,20.0,40.0,0.0,0.0,0.0,False
DEMO_BALANCED,SYNTHETIC_DEMONSTRATION,88,92,ct_6b11aef24a24ef,순천,(테마투어)생태투어,TC05,0.6,60.0,1.0,60.0,20.0,40.0,0.0,0.0,0.0,False
DEMO_BALANCED,SYNTHETIC_DEMONSTRATION,88,93,ct_6bfb1cb10f19bb,천안,목요일,TC08,0.6,60.0,1.0,60.0,40.0,20.0,0.0,0.0,0.0,False
DEMO_BALANCED,SYNTHETIC_DEMONSTRATION,88,94,ct_8163a6f43e6f4a,아산,예술맛집 코스,TC01,0.6,60.0,1.0,60.0,0.0,20.0,40.0,0.0,0.0,False
DEMO_BALANCED,SYNTHETIC_DEMONSTRATION,88,95,ct_9f8a8ca65b1ebb,파주,2026 파주시티투어 당일코스(토요일),TC08,0.6,60.0,1.0,60.0,40.0,0.0,20.0,0.0,0.0,False
DEMO_BALANCED,SYNTHETIC_DEMONSTRATION,88,96,ct_a33d720535a1e1,순천,(테마투어)산사투어,TC08,0.6,60.0,1.0,60.0,40.0,20.0,0.0,0.0,0.0,False
DEMO_BALANCED,SYNTHETIC_DEMONSTRATION,88,97,ct_b75e8d4cf1e318,대구,테마(야경 11~3월),TC03,0.6,60.0,1.0,60.0,0.0,20.0,40.0,0.0,0.0,False
DEMO_BALANCED,SYNTHETIC_DEMONSTRATION,88,98,ct_d038c55e01951b,대전,대덕특구탐방,TC05,0.6,60.0,1.0,60.0,20.0,40.0,0.0,0.0,0.0,False
DEMO_BALANCED,SYNTHETIC_DEMONSTRATION,88,99,ct_d3c228b00ede2b,파주,2026 파주시티투어 당일코스(화요일),TC01,0.6,60.0,1.0,60.0,0.0,20.0,40.0,0.0,0.0,False
DEMO_BALANCED,SYNTHETIC_DEMONSTRATION,88,100,ct_e588b4efe19ef3,평창,북부권 코스,TC08,0.6,60.0,1.0,60.0,40.0,20.0,0.0,0.0,0.0,False
DEMO_BALANCED,SYNTHETIC_DEMONSTRATION,88,101,ct_ec6acb453717fd,안산,대부도 해변코스(일반형 2코스),TC05,0.6,60.0,1.0,60.0,0.0,40.0,0.0,0.0,20.0,False
DEMO_BALANCED,SYNTHETIC_DEMONSTRATION,102,102,ct_98323d74dbd87a,제주,순환형코스,TC06,0.7238998603066159,72.38998603066159,0.8125,58.81686364991254,15.835309444207224,31.67061888841445,0.0,6.786561190374523,4.524374126916349,False
DEMO_BALANCED,SYNTHETIC_DEMONSTRATION,103,103,ct_1d6ad4598dff93,대구,테마-방방곡곡(군위군 돋보기),TC05,0.7302967433402214,73.02967433402215,0.8,58.42373946721772,14.60593486680443,29.21186973360886,14.60593486680443,0.0,0.0,False
DEMO_BALANCED,SYNTHETIC_DEMONSTRATION,103,104,ct_3dd54d8970e115,의정부,의정부포레스트:오감이 깨어나는 숲 속 여행,TC02,0.7302967433402214,73.02967433402215,0.8,58.42373946721772,0.0,14.60593486680443,14.60593486680443,29.21186973360886,0.0,False
DEMO_BALANCED,SYNTHETIC_DEMONSTRATION,103,105,ct_4ba7f5cc1ffeda,부산,서부산생태투어,TC08,0.7302967433402214,73.02967433402215,0.8,58.42373946721772,29.21186973360886,14.60593486680443,14.60593486680443,0.0,0.0,False
DEMO_BALANCED,SYNTHETIC_DEMONSTRATION,103,106,ct_9845cf0683e6c7,화천,화천시티투어(백암산케이블카),TC07,0.7302967433402214,73.02967433402215,0.8,58.42373946721772,29.21186973360886,0.0,14.60593486680443,14.60593486680443,0.0,False
DEMO_BALANCED,SYNTHETIC_DEMONSTRATION,103,107,ct_a11be8ffeee88a,태백,통리장 코스,TC05,0.7302967433402214,73.02967433402215,0.8,58.42373946721772,14.60593486680443,29.21186973360886,14.60593486680443,0.0,0.0,False
DEMO_BALANCED,SYNTHETIC_DEMONSTRATION,103,108,ct_abd1e371e69550,정선,아리랑열차 연계형 시티투어2,TC02,0.7302967433402214,73.02967433402215,0.8,58.42373946721772,0.0,29.21186973360886,0.0,14.60593486680443,14.60593486680443,False
DEMO_BALANCED,SYNTHETIC_DEMONSTRATION,103,109,ct_de90b5933f0b40,청도,시티투어,TC02,0.7302967433402214,73.02967433402215,0.8,58.42373946721772,0.0,14.60593486680443,14.60593486680443,29.21186973360886,0.0,False
DEMO_BALANCED,SYNTHETIC_DEMONSTRATION,110,110,ct_77585e7300bc39,청주,청주시티투어_정기투어_트레킹 투어(토),TC05,0.5813183589761798,58.131835897617975,1.0,58.131835897617975,0.0,41.52273992686999,16.60909597074799,0.0,0.0,False
DEMO_BALANCED,SYNTHETIC_DEMONSTRATION,111,111,ct_166c38f36d6640,춘천,목요일,TC01,0.7745966692414834,77.45966692414834,0.75,58.09475019311125,19.364916731037084,19.364916731037084,19.364916731037084,0.0,0.0,False
DEMO_BALANCED,SYNTHETIC_DEMONSTRATION,111,112,ct_516add9e1cef4a,정선,와와정선 2층 투어버스,TC02,0.7745966692414834,77.45966692414834,0.75,58.09475019311125,0.0,19.364916731037084,19.364916731037084,19.364916731037084,0.0,False
DEMO_BALANCED,SYNTHETIC_DEMONSTRATION,111,113,ct_59c60fcaf04aa6,인천,교동도투어,TC01,0.7745966692414834,77.45966692414834,0.75,58.09475019311125,19.364916731037084,19.364916731037084,19.364916731037084,0.0,0.0,False
DEMO_BALANCED,SYNTHETIC_DEMONSTRATION,111,114,ct_618497cad743bc,양구,방산나들이코스,TC04,0.7745966692414834,77.45966692414834,0.75,58.09475019311125,19.364916731037084,19.364916731037084,0.0,0.0,19.364916731037084,False
DEMO_BALANCED,SYNTHETIC_DEMONSTRATION,111,115,ct_bd2de54ec11e6b,양산,양산시 가을 시티투어 (자연관광코스),TC02,0.7745966692414834,77.45966692414834,0.75,58.09475019311125,0.0,19.364916731037084,19.364916731037084,19.364916731037084,0.0,False
DEMO_BALANCED,SYNTHETIC_DEMONSTRATION,111,116,ct_ca13864967c1fb,세종,세종관광명소B투어,TC02,0.7745966692414834,77.45966692414834,0.75,58.09475019311125,0.0,19.364916731037084,19.364916731037084,19.364916731037084,0.0,False
DEMO_BALANCED,SYNTHETIC_DEMONSTRATION,111,117,ct_f6d09076696e6d,양구,힐링산책코스,TC01,0.7745966692414834,77.45966692414834,0.75,58.09475019311125,0.0,19.364916731037084,19.364916731037084,0.0,19.364916731037084,False
DEMO_BALANCED,SYNTHETIC_DEMONSTRATION,118,118,ct_6e6a0f2ecaee7f,양주,기본코스,TC08,0.5803810000880094,58.03810000880094,1.0,58.03810000880094,43.528575006600704,7.2547625011001164,7.2547625011001164,0.0,0.0,False
DEMO_BALANCED,SYNTHETIC_DEMONSTRATION,119,119,ct_104171b078b959,공주,가을코스,TC08,0.565685424949238,56.568542494923804,1.0,56.568542494923804,42.42640687119285,14.142135623730951,0.0,0.0,0.0,False
DEMO_BALANCED,SYNTHETIC_DEMONSTRATION,119,120,ct_1c691124e74222,대구,도동코스,TC08,0.565685424949238,56.568542494923804,1.0,56.568542494923804,42.42640687119285,0.0,0.0,14.142135623730951,0.0,False
DEMO_BALANCED,SYNTHETIC_DEMONSTRATION,119,121,ct_2749460936eb31,공주,반일코스,TC08,0.565685424949238,56.568542494923804,1.0,56.568542494923804,42.42640687119285,0.0,14.142135623730951,0.0,0.0,False
DEMO_BALANCED,SYNTHETIC_DEMONSTRATION,119,122,ct_b2af495e1760b5,안산,대부도 뱃길코스(체험형 1코스),TC04,0.565685424949238,56.568542494923804,1.0,56.568542494923804,0.0,0.0,0.0,14.142135623730951,42.42640687119285,False
DEMO_BALANCED,SYNTHETIC_DEMONSTRATION,123,123,ct_1dab0b645e521d,완주,완주힐링로드시티투어 2코스,TC08,0.6741998624632419,67.41998624632419,0.8333333333333333,56.18332187193682,33.70999312316209,11.236664374387367,11.236664374387367,0.0,0.0,False
DEMO_BALANCED,SYNTHETIC_DEMONSTRATION,123,124,ct_c93b13bf48e761,영주,물돌이 코스,TC05,0.6741998624632419,67.41998624632419,0.8333333333333333,56.18332187193682,11.236664374387367,33.70999312316209,0.0,11.236664374387367,0.0,False
DEMO_BALANCED,SYNTHETIC_DEMONSTRATION,125,125,ct_7350d2221bf4e5,대전,"광역투어(다섯째주, 일)",TC07,0.7016464154456233,70.16464154456233,0.8,56.13171323564987,28.065856617824934,7.016464154456234,21.0493924633687,0.0,0.0,False
DEMO_BALANCED,SYNTHETIC_DEMONSTRATION,126,126,ct_b8b6f8a37ebdf8,사천,별빛투어,TC03,0.7909057560124448,79.09057560124448,0.7,55.36340292087113,7.909057560124449,10.545410080165931,26.36352520041483,0.0,10.545410080165931,False
DEMO_BALANCED,SYNTHETIC_DEMONSTRATION,127,127,ct_636360ac200b66,대전,"광역투어(셋째주, 일)",TC08,0.5504818825631803,55.04818825631803,1.0,55.04818825631803,44.038550605054425,5.504818825631803,5.504818825631803,0.0,0.0,False
DEMO_BALANCED,SYNTHETIC_DEMONSTRATION,128,128,ct_49fb403c953735,광양,광양역사코스,TC08,0.6414269805898185,64.14269805898185,0.857142857142857,54.97945547912729,36.652970319418195,9.163242579854549,0.0,4.581621289927274,4.581621289927274,False
DEMO_BALANCED,SYNTHETIC_DEMONSTRATION,129,129,ct_83465bf3a690f2,여수,야간테마코스(시간을달리는버스커),TC03,0.7302967433402215,73.02967433402216,0.75,54.77225575051662,9.128709291752768,22.821773229381925,0.0,0.0,22.821773229381925,False
DEMO_BALANCED,SYNTHETIC_DEMONSTRATION,130,130,ct_b6060e0e38a765,안산,대부도 뱃길코스(일반형 2코스),TC04,0.632455532033676,63.2455532033676,0.8571428571428571,54.21047417431508,0.0,9.035079029052513,0.0,9.035079029052513,36.14031611621005,False
DEMO_BALANCED,SYNTHETIC_DEMONSTRATION,131,131,ct_6be92119035c7f,영광,"영광쉼,투어",TC06,0.6324555320336759,63.245553203367585,0.8571428571428571,54.21047417431507,27.105237087157533,27.105237087157533,0.0,0.0,0.0,False
DEMO_BALANCED,SYNTHETIC_DEMONSTRATION,132,132,ct_5e83dbf18d6227,울산,장생포 대왕암 코스,TC04,0.7171371656006362,71.71371656006362,0.75,53.78528742004771,17.928429140015904,0.0,8.964214570007952,0.0,26.892643710023854,False
DEMO_BALANCED,SYNTHETIC_DEMONSTRATION,133,133,ct_0af000fbdb8ad6,동해,관광문화코스,TC02,0.7453559924999298,74.53559924999298,0.7142857142857142,53.23971374999498,0.0,21.29588549999799,10.647942749998995,21.29588549999799,0.0,False
DEMO_BALANCED,SYNTHETIC_DEMONSTRATION,133,134,ct_d1e99a0d119f73,밀양,시내권 투어 1,TC06,0.7453559924999298,74.53559924999298,0.7142857142857142,53.23971374999498,21.29588549999799,21.29588549999799,10.647942749998995,0.0,0.0,False
DEMO_BALANCED,SYNTHETIC_DEMONSTRATION,133,135,ct_e613bd3839189c,익산,순환형2,TC07,0.7453559924999298,74.53559924999298,0.7142857142857142,53.23971374999498,21.29588549999799,0.0,21.29588549999799,10.647942749998995,0.0,False
DEMO_BALANCED,SYNTHETIC_DEMONSTRATION,136,136,ct_82029ce72f5013,서울,EG투어버스 D코스,TC01,0.5262348115842175,52.62348115842175,1.0,52.62348115842175,0.0,0.0,43.85290096535146,0.0,8.770580193070291,False
DEMO_BALANCED,SYNTHETIC_DEMONSTRATION,137,137,ct_55438211f07ef0,임실,명소탐방 임실 시티투어,TC04,0.848528137423857,84.8528137423857,0.6000000000000001,50.91168824543143,8.485281374238571,0.0,16.970562748477143,8.485281374238571,16.970562748477143,False
DEMO_BALANCED,SYNTHETIC_DEMONSTRATION,138,138,ct_36cdd5661df6fd,봉화,송이축제 문화유적탐방버스,TC01,0.6324555320336758,63.24555320336758,0.8,50.596442562694065,0.0,25.298221281347033,25.298221281347033,0.0,0.0,False
DEMO_BALANCED,SYNTHETIC_DEMONSTRATION,138,139,ct_69c07f148cbc8b,봉화,은어축제 문화유적탐방버스,TC01,0.6324555320336758,63.24555320336758,0.8,50.596442562694065,0.0,25.298221281347033,25.298221281347033,0.0,0.0,False
DEMO_BALANCED,SYNTHETIC_DEMONSTRATION,138,140,ct_88364cbd4a5650,곡성,압록권역 순환버스,TC01,0.6324555320336758,63.24555320336758,0.8,50.596442562694065,0.0,25.298221281347033,25.298221281347033,0.0,0.0,False
DEMO_BALANCED,SYNTHETIC_DEMONSTRATION,138,141,ct_bd00bd65a80b11,연천,역사자연코스,TC05,0.6324555320336758,63.24555320336758,0.8,50.596442562694065,25.298221281347033,25.298221281347033,0.0,0.0,0.0,False
DEMO_BALANCED,SYNTHETIC_DEMONSTRATION,142,142,ct_edd6e5375f387f,부산,그린라인,TC06,0.7181848464596078,71.81848464596078,0.7,50.27293925217254,7.181848464596078,28.72739385838431,7.181848464596078,0.0,7.181848464596078,False
DEMO_BALANCED,SYNTHETIC_DEMONSTRATION,143,143,ct_45e65111200294,대전,"광역투어(셋째주, 토)",TC05,0.7302967433402214,73.02967433402215,0.6666666666666666,48.686449556014765,12.171612389003691,24.343224778007382,0.0,12.171612389003691,0.0,False
DEMO_BALANCED,SYNTHETIC_DEMONSTRATION,143,144,ct_53a12bc8caced9,화천,화천시티투어(평화누리호),TC08,0.7302967433402214,73.02967433402215,0.6666666666666666,48.686449556014765,24.343224778007382,12.171612389003691,0.0,12.171612389003691,0.0,False
DEMO_BALANCED,SYNTHETIC_DEMONSTRATION,143,145,ct_dfc58b1c3324c1,춘천,금요일,TC06,0.7302967433402214,73.02967433402215,0.6666666666666666,48.686449556014765,12.171612389003691,24.343224778007382,12.171612389003691,0.0,0.0,False
DEMO_BALANCED,SYNTHETIC_DEMONSTRATION,146,146,ct_78497ddd68fd45,사천,우주항공산업투어,TC06,0.7171371656006361,71.71371656006362,0.6666666666666666,47.809144373375744,7.968190728895956,15.936381457791912,23.904572186687872,0.0,0.0,False
DEMO_BALANCED,SYNTHETIC_DEMONSTRATION,147,147,ct_343d3a1d62c8a5,완주,완주힐링로드 시티투어(코레일연계 익산역),TC08,0.6024640760767093,60.246407607670925,0.7777777777777779,46.8583170281885,33.47022644870607,6.694045289741212,6.694045289741212,0.0,0.0,False
DEMO_BALANCED,SYNTHETIC_DEMONSTRATION,148,148,ct_1845f5c9950df4,목포,별빛물결시티투어,TC03,0.7745966692414833,77.45966692414832,0.6000000000000001,46.475800154489,0.0,15.491933384829668,0.0,15.491933384829668,15.491933384829668,False
DEMO_BALANCED,SYNTHETIC_DEMONSTRATION,148,149,ct_ff41dfabaec78b,여수,야경코스,TC03,0.7745966692414833,77.45966692414832,0.6000000000000001,46.475800154489,15.491933384829668,15.491933384829668,0.0,0.0,15.491933384829668,False
DEMO_BALANCED,SYNTHETIC_DEMONSTRATION,150,150,ct_c0c761a6bb3927,서울,EG투어버스 C코스,TC07,0.5803810000880093,58.03810000880093,0.7999999999999999,46.43048000704074,5.803810000880093,0.0,34.82286000528055,5.803810000880093,0.0,False
DEMO_BALANCED,SYNTHETIC_DEMONSTRATION,151,151,ct_a7f13a177e5633,여수,제2코스,TC06,0.7181848464596078,71.81848464596078,0.6363636363636364,45.70267204742959,0.0,19.586859448898394,6.528953149632799,0.0,19.586859448898394,False
DEMO_BALANCED,SYNTHETIC_DEMONSTRATION,152,152,ct_3ed5105d35b251,서산,A코스,TC08,0.565685424949238,56.568542494923804,0.8,45.254833995939045,33.941125496954285,0.0,11.313708498984761,0.0,0.0,False
DEMO_BALANCED,SYNTHETIC_DEMONSTRATION,152,153,ct_452018aaa6c847,춘천,화요일,TC05,0.565685424949238,56.568542494923804,0.8,45.254833995939045,11.313708498984761,33.941125496954285,0.0,0.0,0.0,False
DEMO_BALANCED,SYNTHETIC_DEMONSTRATION,152,154,ct_da6b197f9d64eb,대구,테마-방방곡곡(사시사철),TC05,0.565685424949238,56.568542494923804,0.8,45.254833995939045,11.313708498984761,33.941125496954285,0.0,0.0,0.0,False
DEMO_BALANCED,SYNTHETIC_DEMONSTRATION,152,155,ct_ff41044d0b7080,부산,동부산테마노선,TC04,0.565685424949238,56.568542494923804,0.8,45.254833995939045,11.313708498984761,0.0,0.0,0.0,33.941125496954285,False
DEMO_BALANCED,SYNTHETIC_DEMONSTRATION,156,156,ct_572b4d8191127a,영주,선비 코스,TC08,0.5423261445466404,54.23261445466404,0.8333333333333333,45.19384537888669,36.15507630310936,0.0,0.0,9.03876907577734,0.0,False
DEMO_BALANCED,SYNTHETIC_DEMONSTRATION,156,157,ct_62ce3cfd4b2223,대구,현풍코스,TC08,0.5423261445466404,54.23261445466404,0.8333333333333333,45.19384537888669,36.15507630310936,0.0,0.0,9.03876907577734,0.0,False
DEMO_BALANCED,SYNTHETIC_DEMONSTRATION,156,158,ct_6df930eb64d3ad,세종,세종관광명소A투어,TC05,0.5423261445466404,54.23261445466404,0.8333333333333333,45.19384537888669,0.0,36.15507630310936,9.03876907577734,0.0,0.0,False
DEMO_BALANCED,SYNTHETIC_DEMONSTRATION,159,159,ct_a7d1b6cc26e056,안산,대부도 뱃길코스(일반형 1코스),TC04,0.5262348115842175,52.62348115842175,0.8571428571428572,45.105840992932926,0.0,7.517640165488822,0.0,0.0,37.58820082744411,False
DEMO_BALANCED,SYNTHETIC_DEMONSTRATION,160,160,ct_506425657ddce1,완주,완주힐링로드 시티투어(서울권역),TC06,0.6761234037828131,67.61234037828132,0.6666666666666667,45.07489358552088,28.171808490950554,5.63436169819011,5.63436169819011,5.63436169819011,0.0,False
DEMO_BALANCED,SYNTHETIC_DEMONSTRATION,161,161,ct_1fe72a79d47a7f,서울,EG투어버스 E코스,TC08,0.6,60.0,0.75,45.0,30.0,0.0,0.0,15.0,0.0,False
DEMO_BALANCED,SYNTHETIC_DEMONSTRATION,161,162,ct_3764c5ee83c6b9,대전,"광역투어(넷재주, 토)",TC08,0.6,60.0,0.75,45.0,30.0,0.0,15.0,0.0,0.0,False
DEMO_BALANCED,SYNTHETIC_DEMONSTRATION,161,163,ct_7799bf62ca5138,대전,"광역투어(둘째주, 토)",TC05,0.6,60.0,0.75,45.0,15.0,30.0,0.0,0.0,0.0,False
DEMO_BALANCED,SYNTHETIC_DEMONSTRATION,161,164,ct_cf9f8ad6cdda8f,대전,야경,TC03,0.6,60.0,0.75,45.0,0.0,30.0,15.0,0.0,0.0,False
DEMO_BALANCED,SYNTHETIC_DEMONSTRATION,161,165,ct_cfd77d72cf4c59,나주,정기코스,TC08,0.6,60.0,0.75,45.0,30.0,15.0,0.0,0.0,0.0,False
DEMO_BALANCED,SYNTHETIC_DEMONSTRATION,161,166,ct_ebbc3131233e25,가평,가평순환버스B코스,TC05,0.6,60.0,0.75,45.0,0.0,30.0,15.0,0.0,0.0,False
DEMO_BALANCED,SYNTHETIC_DEMONSTRATION,161,167,ct_ed3a5516a8c6ca,연천,안보자연코스,TC01,0.6,60.0,0.75,45.0,0.0,15.0,30.0,0.0,0.0,False
DEMO_BALANCED,SYNTHETIC_DEMONSTRATION,161,168,ct_fa87b733ddf357,아산,아산도심핫플코스,TC08,0.6,60.0,0.75,45.0,30.0,15.0,0.0,0.0,0.0,False
DEMO_BALANCED,SYNTHETIC_DEMONSTRATION,169,169,ct_008becedc70ab4,인천,무의도투어,TC04,0.4472135954999579,44.721359549995796,1.0,44.721359549995796,0.0,0.0,0.0,0.0,44.721359549995796,False
DEMO_BALANCED,SYNTHETIC_DEMONSTRATION,169,170,ct_2921659630cea0,서울,EG투어버스 B코스,TC01,0.4472135954999579,44.721359549995796,1.0,44.721359549995796,0.0,0.0,44.721359549995796,0.0,0.0,False
DEMO_BALANCED,SYNTHETIC_DEMONSTRATION,169,171,ct_4212deac479d6b,세종,역사문화투어,TC08,0.4472135954999579,44.721359549995796,1.0,44.721359549995796,44.721359549995796,0.0,0.0,0.0,0.0,False
DEMO_BALANCED,SYNTHETIC_DEMONSTRATION,169,172,ct_73908901775f5c,익산,세계유산코스,TC08,0.4472135954999579,44.721359549995796,1.0,44.721359549995796,44.721359549995796,0.0,0.0,0.0,0.0,False
DEMO_BALANCED,SYNTHETIC_DEMONSTRATION,169,173,ct_82e2c317c54d7e,양주,역사투어,TC08,0.4472135954999579,44.721359549995796,1.0,44.721359549995796,44.721359549995796,0.0,0.0,0.0,0.0,False
DEMO_BALANCED,SYNTHETIC_DEMONSTRATION,169,174,ct_ba06e511559567,홍성,역사·문화 코스,TC08,0.4472135954999579,44.721359549995796,1.0,44.721359549995796,44.721359549995796,0.0,0.0,0.0,0.0,False
DEMO_BALANCED,SYNTHETIC_DEMONSTRATION,169,175,ct_caab077d4954a7,김해,역사에반해,TC08,0.4472135954999579,44.721359549995796,1.0,44.721359549995796,44.721359549995796,0.0,0.0,0.0,0.0,False
DEMO_BALANCED,SYNTHETIC_DEMONSTRATION,169,176,ct_e4521f5325216f,양주,박물관투어,TC08,0.4472135954999579,44.721359549995796,1.0,44.721359549995796,44.721359549995796,0.0,0.0,0.0,0.0,False
DEMO_BALANCED,SYNTHETIC_DEMONSTRATION,169,177,ct_f0549cce13f623,대전,힐링(만인산),TC05,0.4472135954999579,44.721359549995796,1.0,44.721359549995796,0.0,44.721359549995796,0.0,0.0,0.0,False
DEMO_BALANCED,SYNTHETIC_DEMONSTRATION,169,178,ct_f55bded1011de2,대전,언택트세이프?,TC05,0.4472135954999579,44.721359549995796,1.0,44.721359549995796,0.0,44.721359549995796,0.0,0.0,0.0,False
DEMO_BALANCED,SYNTHETIC_DEMONSTRATION,179,179,ct_03101958100a14,부여,부여테마여행,TC06,0.659380473395787,65.9380473395787,0.6666666666666667,43.958698226385806,26.37521893583148,13.18760946791574,4.39586982263858,0.0,0.0,False
DEMO_BALANCED,SYNTHETIC_DEMONSTRATION,180,180,ct_0946c67481033f,세종,행복투어B,TC01,0.6324555320336758,63.24555320336758,0.6666666666666666,42.16370213557838,0.0,21.08185106778919,21.08185106778919,0.0,0.0,False
DEMO_BALANCED,SYNTHETIC_DEMONSTRATION,180,181,ct_14b70a907c3324,안산,대부도 해변코스(일반형 1코스),TC04,0.6324555320336758,63.24555320336758,0.6666666666666666,42.16370213557838,0.0,21.08185106778919,0.0,0.0,21.08185106778919,False
DEMO_BALANCED,SYNTHETIC_DEMONSTRATION,180,182,ct_1a59c2f3801f38,대전,역사문화(효월드),TC07,0.6324555320336758,63.24555320336758,0.6666666666666666,42.16370213557838,21.08185106778919,0.0,21.08185106778919,0.0,0.0,False
DEMO_BALANCED,SYNTHETIC_DEMONSTRATION,180,183,ct_1d32ffebd246d5,홍성,"전통시장코스(홍성) 1,6일 운영",TC08,0.6324555320336758,63.24555320336758,0.6666666666666666,42.16370213557838,21.08185106778919,0.0,0.0,21.08185106778919,0.0,False
DEMO_BALANCED,SYNTHETIC_DEMONSTRATION,180,184,ct_3e1bfccd397508,세종,봄꽃파닭A투어,TC02,0.6324555320336758,63.24555320336758,0.6666666666666666,42.16370213557838,0.0,21.08185106778919,0.0,21.08185106778919,0.0,False
DEMO_BALANCED,SYNTHETIC_DEMONSTRATION,180,185,ct_566165b1b827e0,천안,토요일,TC05,0.6324555320336758,63.24555320336758,0.6666666666666666,42.16370213557838,21.08185106778919,21.08185106778919,0.0,0.0,0.0,False
DEMO_BALANCED,SYNTHETIC_DEMONSTRATION,180,186,ct_a8b6f564bf7384,세종,봄꽃파닭B투어,TC02,0.6324555320336758,63.24555320336758,0.6666666666666666,42.16370213557838,0.0,21.08185106778919,0.0,21.08185106778919,0.0,False
DEMO_BALANCED,SYNTHETIC_DEMONSTRATION,180,187,ct_a98893fa363590,양산,봄꽃체험코스,TC02,0.6324555320336758,63.24555320336758,0.6666666666666666,42.16370213557838,0.0,21.08185106778919,0.0,21.08185106778919,0.0,False
DEMO_BALANCED,SYNTHETIC_DEMONSTRATION,180,188,ct_c825dbc2a63555,파주,2026 파주시티투어 1박2일코스(토요일~일요일),TC07,0.6324555320336758,63.24555320336758,0.6666666666666666,42.16370213557838,21.08185106778919,0.0,21.08185106778919,0.0,0.0,False
DEMO_BALANCED,SYNTHETIC_DEMONSTRATION,180,189,ct_f558345dd00dbf,아산,역사기행 코스,TC05,0.6324555320336758,63.24555320336758,0.6666666666666666,42.16370213557838,21.08185106778919,21.08185106778919,0.0,0.0,0.0,False
DEMO_BALANCED,SYNTHETIC_DEMONSTRATION,190,190,ct_e353674363d7f4,대전,대청호코스,TC06,0.6741998624632421,67.41998624632421,0.625,42.13749140395264,8.427498280790527,25.282494842371577,8.427498280790527,0.0,0.0,False
DEMO_BALANCED,SYNTHETIC_DEMONSTRATION,191,191,ct_c68da356b898d6,여주,꽃섬투어,TC04,0.7302967433402213,73.02967433402213,0.5714285714285714,41.73124247658407,10.432810619146018,0.0,10.432810619146018,0.0,20.865621238292036,False
DEMO_BALANCED,SYNTHETIC_DEMONSTRATION,192,192,ct_2d7ad6be7d0219,공주,봄코스,TC08,0.5262348115842175,52.62348115842175,0.75,39.46761086881631,32.88967572401359,6.577935144802719,0.0,0.0,0.0,False
DEMO_BALANCED,SYNTHETIC_DEMONSTRATION,192,193,ct_658464b2619d71,양주,천일홍축제,TC08,0.5262348115842175,52.62348115842175,0.75,39.46761086881631,32.88967572401359,6.577935144802719,0.0,0.0,0.0,False
DEMO_BALANCED,SYNTHETIC_DEMONSTRATION,192,194,ct_c4d1ab4265b00c,양주,왕실축제,TC08,0.5262348115842175,52.62348115842175,0.75,39.46761086881631,32.88967572401359,6.577935144802719,0.0,0.0,0.0,False
DEMO_BALANCED,SYNTHETIC_DEMONSTRATION,195,195,ct_cba721781124d5,원주,원주시티투어(순환형),TC07,0.5423261445466403,54.23261445466403,0.7142857142857142,38.73758175333145,7.74751635066629,0.0,30.99006540266516,0.0,0.0,False
DEMO_BALANCED,SYNTHETIC_DEMONSTRATION,196,196,ct_a70933018dfe45,여수,이순신문화유적코스,TC08,0.4472135954999579,44.721359549995796,0.8571428571428571,38.3325938999964,38.3325938999964,0.0,0.0,0.0,0.0,False
DEMO_BALANCED,SYNTHETIC_DEMONSTRATION,197,197,ct_c3ec7bb154c2c1,대전,언택트세이프(B),TC05,0.565685424949238,56.568542494923804,0.6666666666666666,37.712361663282536,0.0,28.284271247461902,9.42809041582063,0.0,0.0,False
DEMO_BALANCED,SYNTHETIC_DEMONSTRATION,198,198,ct_23c35eeaf17398,곡성,읍권 순환버스,TC06,0.6741998624632419,67.41998624632419,0.5555555555555556,37.455547914624546,9.988146110566548,22.473328748774733,2.497036527641637,2.497036527641637,0.0,False
DEMO_BALANCED,SYNTHETIC_DEMONSTRATION,199,199,ct_820bca31911e89,완주,완주힐링로드시티투어 1코스,TC08,0.5146502354656655,51.46502354656655,0.7,36.02551648259658,30.87901412793992,0.0,5.146502354656655,0.0,0.0,False
DEMO_BALANCED,SYNTHETIC_DEMONSTRATION,200,200,ct_40252d247000a5,안동,야간도심테마,TC03,0.6,60.0,0.6000000000000001,36.00000000000001,12.000000000000002,24.000000000000004,0.0,0.0,0.0,False
DEMO_BALANCED,SYNTHETIC_DEMONSTRATION,201,201,ct_38e990a88a3094,춘천,수요일,TC08,0.4472135954999579,44.721359549995796,0.75,33.54101966249685,33.54101966249685,0.0,0.0,0.0,0.0,False
DEMO_BALANCED,SYNTHETIC_DEMONSTRATION,201,202,ct_cec518ee1213c1,양주,서울우유견학코스,TC08,0.4472135954999579,44.721359549995796,0.75,33.54101966249685,33.54101966249685,0.0,0.0,0.0,0.0,False
DEMO_BALANCED,SYNTHETIC_DEMONSTRATION,203,203,ct_75d07d35d33328,진도,진도시티투어,TC06,0.5838051064926238,58.38051064926238,0.5714285714285714,33.360291799578505,9.730085108210396,0.0,23.63020669136811,0.0,0.0,False
DEMO_BALANCED,SYNTHETIC_DEMONSTRATION,204,204,ct_037c18bb42946f,세종,천안연계투어,TC05,0.6324555320336758,63.24555320336758,0.5,31.62277660168379,15.811388300841895,15.811388300841895,0.0,0.0,0.0,False
DEMO_BALANCED,SYNTHETIC_DEMONSTRATION,204,205,ct_0ed3eb88438a1d,인천,청라투어,TC01,0.6324555320336758,63.24555320336758,0.5,31.62277660168379,0.0,15.811388300841895,15.811388300841895,0.0,0.0,False
DEMO_BALANCED,SYNTHETIC_DEMONSTRATION,204,206,ct_68d8eff6357673,양구,해안DMZ트래킹 코스,TC01,0.6324555320336758,63.24555320336758,0.5,31.62277660168379,0.0,15.811388300841895,15.811388300841895,0.0,0.0,False
DEMO_BALANCED,SYNTHETIC_DEMONSTRATION,204,207,ct_c722d90ff66eb2,홍성,"전통시장코스(광천) 4,9일 운영",TC02,0.6324555320336758,63.24555320336758,0.5,31.62277660168379,0.0,15.811388300841895,0.0,15.811388300841895,0.0,False
DEMO_BALANCED,SYNTHETIC_DEMONSTRATION,208,208,ct_2be78db2f756ab,인천,바다노선,TC04,0.6,60.0,0.5,30.0,10.0,0.0,0.0,0.0,20.0,False
DEMO_BALANCED,SYNTHETIC_DEMONSTRATION,209,209,ct_30fd00f9cfda89,인천,선재영흥투어,TC04,0.4472135954999579,44.721359549995796,0.6666666666666666,29.814239699997195,0.0,0.0,0.0,0.0,29.814239699997195,False
DEMO_BALANCED,SYNTHETIC_DEMONSTRATION,209,210,ct_5997fa12423936,대전,언택트세이프(A),TC05,0.4472135954999579,44.721359549995796,0.6666666666666666,29.814239699997195,0.0,29.814239699997195,0.0,0.0,0.0,False
DEMO_BALANCED,SYNTHETIC_DEMONSTRATION,209,211,ct_59f67b28d9aad1,서울,EG투어버스 G코스,TC05,0.4472135954999579,44.721359549995796,0.6666666666666666,29.814239699997195,0.0,29.814239699997195,0.0,0.0,0.0,False
DEMO_BALANCED,SYNTHETIC_DEMONSTRATION,209,212,ct_64b3f2e630ba51,여수,다크투어리즘코스,TC08,0.4472135954999579,44.721359549995796,0.6666666666666666,29.814239699997195,29.814239699997195,0.0,0.0,0.0,0.0,False
DEMO_BALANCED,SYNTHETIC_DEMONSTRATION,209,213,ct_b3b0773f44a533,안산,대부도 해변코스(체험형 1코스),TC01,0.4472135954999579,44.721359549995796,0.6666666666666666,29.814239699997195,0.0,0.0,29.814239699997195,0.0,0.0,False
DEMO_BALANCED,SYNTHETIC_DEMONSTRATION,209,214,ct_d916d0f4237246,파주,2026 파주시티투어 당일코스(금요일),TC01,0.4472135954999579,44.721359549995796,0.6666666666666666,29.814239699997195,0.0,0.0,29.814239699997195,0.0,0.0,False
DEMO_BALANCED,SYNTHETIC_DEMONSTRATION,209,215,ct_f48a1e387a5d08,이천,농촌체험코스(중부),TC01,0.4472135954999579,44.721359549995796,0.6666666666666666,29.814239699997195,0.0,0.0,29.814239699997195,0.0,0.0,False
DEMO_BALANCED,SYNTHETIC_DEMONSTRATION,216,216,ct_fe508b5dbba88f,세종,역사산책투어,TC05,0.565685424949238,56.568542494923804,0.5,28.284271247461902,7.0710678118654755,21.213203435596427,0.0,0.0,0.0,False
DEMO_BALANCED,SYNTHETIC_DEMONSTRATION,217,217,ct_82edd01ea220e6,화순,화순적벽 버스투어(적벽 셔틀버스),TC05,0.4472135954999579,44.721359549995796,0.6,26.832815729997478,0.0,26.832815729997478,0.0,0.0,0.0,False
DEMO_BALANCED,SYNTHETIC_DEMONSTRATION,218,218,ct_5082aae98cb9d3,부산,야경투어,TC03,0.4472135954999579,44.721359549995796,0.5,22.360679774997898,0.0,0.0,0.0,0.0,22.360679774997898,False
DEMO_BALANCED,SYNTHETIC_DEMONSTRATION,218,219,ct_661e12e8488117,대전,힐링(장태산),TC05,0.4472135954999579,44.721359549995796,0.5,22.360679774997898,0.0,22.360679774997898,0.0,0.0,0.0,False
DEMO_BALANCED,SYNTHETIC_DEMONSTRATION,218,220,ct_c343406b7388f2,군산,고군산시간여행코스,TC04,0.4472135954999579,44.721359549995796,0.5,22.360679774997898,0.0,0.0,0.0,0.0,22.360679774997898,False
DEMO_BALANCED,SYNTHETIC_DEMONSTRATION,218,221,ct_c59f7d050e72e0,대전,생태교육,TC08,0.4472135954999579,44.721359549995796,0.5,22.360679774997898,22.360679774997898,0.0,0.0,0.0,0.0,False
DEMO_BALANCED,SYNTHETIC_DEMONSTRATION,218,222,ct_d3a976675ffc53,대구,테마-방방곡곡(낙동강),TC05,0.4472135954999579,44.721359549995796,0.5,22.360679774997898,0.0,22.360679774997898,0.0,0.0,0.0,False
DEMO_BALANCED,SYNTHETIC_DEMONSTRATION,218,223,ct_f8bd00d4bc40b3,순천,(기획투어)나이트가든투어,TC03,0.4472135954999579,44.721359549995796,0.5,22.360679774997898,0.0,22.360679774997898,0.0,0.0,0.0,False
