type,type_name,course_id,region,name,T_cluster,cosine_similarity,coverage,category_fit_score,rank
C1,트렌드 탐색형,ct_e346ea988fedc3,포항,씨(SEA)하게 보는 포항코스,T04,0.931695,1.0,93.169499,1
C1,트렌드 탐색형,ct_9d994e07488f57,삼척,종일코스,T04,0.92582,1.0,92.58201,2
C1,트렌드 탐색형,ct_84ffabae716404,홍성,죽도코스,T04,0.918559,1.0,91.855865,3
C1,트렌드 탐색형,ct_8de53de429d379,포항,퐝순환코스,T04,0.916667,1.0,91.666667,4
C1,트렌드 탐색형,ct_00435b9cca499b,포항,퐝랜드마크A코스,T04,0.913908,1.0,91.390769,5
C1,트렌드 탐색형,ct_330d0bc9cd3d05,서산,B코스,T04,0.912871,1.0,91.287093,6
C1,트렌드 탐색형,ct_94cebe436c068a,서산,C코스,T04,0.912871,1.0,91.287093,7
C1,트렌드 탐색형,ct_ff41dfabaec78b,여수,야경코스,T03,0.912871,1.0,91.287093,8
C1,트렌드 탐색형,ct_55438211f07ef0,임실,명소탐방 임실 시티투어,T04,0.903696,1.0,90.369611,9
C1,트렌드 탐색형,ct_3dd54d8970e115,의정부,의정부포레스트:오감이 깨어나는 숲 속 여행,T04,0.884538,1.0,88.453796,10
C1,트렌드 탐색형,ct_68e342ed3c052f,익산,익산숨은보석찾기코스,T04,0.884538,1.0,88.453796,11
C1,트렌드 탐색형,ct_424fda831e8a80,인천,인천레트로노선,T04,0.872872,1.0,87.287156,12
C1,트렌드 탐색형,ct_c83f7c6960b76b,부산,레드라인,T06,0.870388,1.0,87.038828,13
C1,트렌드 탐색형,ct_2f8d9c4d57db08,서천,힐링코스,T06,0.86164,1.0,86.164044,14
C1,트렌드 탐색형,ct_15ca3909485d66,서천,광역코스,T04,0.849208,1.0,84.920778,15
C1,트렌드 탐색형,ct_86dc46ed127655,청주,청주시티투어_정기투어_청남대 투어(수토일),T04,0.848668,1.0,84.866842,16
C1,트렌드 탐색형,ct_de90b5933f0b40,청도,시티투어,T04,0.848668,1.0,84.866842,17
C1,트렌드 탐색형,ct_d0cdc53f7d6755,춘천,월요일,T04,0.840168,1.0,84.016805,18
C1,트렌드 탐색형,ct_516add9e1cef4a,정선,와와정선 2층 투어버스,T02,0.833333,1.0,83.333333,19
C1,트렌드 탐색형,ct_c410c248858e88,서울,EG투어버스 L코스,T04,0.833333,1.0,83.333333,20
C1,트렌드 탐색형,ct_ca13864967c1fb,세종,세종관광명소B투어,T02,0.833333,1.0,83.333333,21
C1,트렌드 탐색형,ct_ed3a5516a8c6ca,연천,안보자연코스,T02,0.833333,1.0,83.333333,22
C1,트렌드 탐색형,ct_507ac7569b1306,서천,보랏빛코스,T04,0.824958,1.0,82.495791,23
C1,트렌드 탐색형,ct_a0af2538872792,서천,전라권코스,T04,0.824958,1.0,82.495791,24
C1,트렌드 탐색형,ct_a407c821a8382e,서울,EG투어버스 H코스,T04,0.824958,1.0,82.495791,25
C1,트렌드 탐색형,ct_aabd87818ef08f,서울,EG투어버스 I코스,T04,0.824958,1.0,82.495791,26
C1,트렌드 탐색형,ct_d756b69f16e800,청주,청주시티투어_정기투어_힐링로드 투어(토),T02,0.824958,1.0,82.495791,27
C1,트렌드 탐색형,ct_e4444e050c482f,천안,일요일,T04,0.824958,1.0,82.495791,28
C1,트렌드 탐색형,ct_956d44d9a821ed,양산,2025 6월 시티투어,T04,0.816497,1.0,81.649658,29
C1,트렌드 탐색형,ct_6ec0ad7a54e92d,서천,문화코스,T06,0.808694,1.0,80.86937,30
C1,트렌드 탐색형,ct_b97fea5cc3f414,광양,광양힐링코스,T06,0.794719,1.0,79.471941,31
C1,트렌드 탐색형,ct_36b90ac2b7ebec,태백,황지자유시장 코스,T04,0.793857,1.0,79.385662,32
C1,트렌드 탐색형,ct_75d07d35d33328,진도,진도시티투어,T06,0.783862,1.0,78.38618,33
C1,트렌드 탐색형,ct_5728bf247a42c1,제천,시티투어,T02,0.783349,1.0,78.334945,34
C1,트렌드 탐색형,ct_61845aa89a1c1a,홍천,홍천시티투어,T06,0.77588,1.0,77.588018,35
C1,트렌드 탐색형,ct_53a12bc8caced9,화천,화천시티투어(평화누리호),T06,0.774597,1.0,77.459667,36
C1,트렌드 탐색형,ct_1845f5c9950df4,목포,별빛물결시티투어,T03,0.771517,1.0,77.151675,37
C1,트렌드 탐색형,ct_abd1e371e69550,정선,아리랑열차 연계형 시티투어2,T04,0.771517,1.0,77.151675,38
C1,트렌드 탐색형,ct_ac7ca37140e6b6,포항,퐝랜드마크B코스,T04,0.771517,1.0,77.151675,39
C1,트렌드 탐색형,ct_0f4dbe3b938a90,여수,2층주간코스,T02,0.766032,1.0,76.603235,40
C1,트렌드 탐색형,ct_2be78db2f756ab,인천,바다노선,T02,0.763763,1.0,76.376262,41
C1,트렌드 탐색형,ct_7cdced2e0d065a,여주,시티투어,T06,0.75724,1.0,75.724019,42
C1,트렌드 탐색형,ct_c68da356b898d6,여주,꽃섬투어,T02,0.75724,1.0,75.724019,43
C1,트렌드 탐색형,ct_f6d09076696e6d,양구,힐링산책코스,T02,0.75,1.0,75.0,44
C1,트렌드 탐색형,ct_0af000fbdb8ad6,동해,관광문화코스,T04,0.748455,1.0,74.84552,45
C1,트렌드 탐색형,ct_9845cf0683e6c7,화천,화천시티투어(백암산케이블카),T04,0.748455,1.0,74.84552,46
C1,트렌드 탐색형,ct_a726fc60353090,청주,청주시티투어_정기투어_초정힐링 투어(토),T04,0.748455,1.0,74.84552,47
C1,트렌드 탐색형,ct_c722d90ff66eb2,홍성,"전통시장코스(광천) 4,9일 운영",T04,0.745356,1.0,74.535599,48
C1,트렌드 탐색형,ct_aa87321b8b5003,창원,창원시티투어,T06,0.740196,1.0,74.019566,49
C1,트렌드 탐색형,ct_5e83dbf18d6227,울산,장생포 대왕암 코스,T01,0.73983,1.0,73.983004,50
C1,트렌드 탐색형,ct_941018a965809c,광양,야경코스,T03,0.735147,1.0,73.514704,51
C1,트렌드 탐색형,ct_b8b6f8a37ebdf8,사천,별빛투어,T03,0.733017,1.0,73.301667,52
C1,트렌드 탐색형,ct_dfc58b1c3324c1,춘천,금요일,T06,0.728493,1.0,72.84928,53
C1,트렌드 탐색형,ct_618497cad743bc,양구,방산나들이코스,T04,0.714435,1.0,71.443451,54
C1,트렌드 탐색형,ct_596ccaeb2861f9,태안,남부코스,T04,0.710047,1.0,71.004695,55
C1,트렌드 탐색형,ct_a1bc285f9c2881,여수,제1코스,T04,0.708088,1.0,70.808819,56
C1,트렌드 탐색형,ct_14b70a907c3324,안산,대부도 해변코스(일반형 1코스),T01,0.707107,1.0,70.710678,57
C1,트렌드 탐색형,ct_c0c761a6bb3927,서울,EG투어버스 C코스,T02,0.703526,1.0,70.352647,58
C1,트렌드 탐색형,ct_2390c56fce5420,울산,태화강 국가정원 코스,T06,0.700649,1.0,70.064905,59
C1,트렌드 탐색형,ct_a8823fdcbfa445,화성,바다와 하루,T01,0.695379,1.0,69.537949,60
C1,트렌드 탐색형,ct_4e89a607500203,태안,광역코스,T01,0.694365,1.0,69.436507,61
C1,트렌드 탐색형,ct_a11be8ffeee88a,태백,통리장 코스,T04,0.694365,1.0,69.436507,62
C1,트렌드 탐색형,ct_82029ce72f5013,서울,EG투어버스 D코스,T02,0.680545,1.0,68.054465,63
C1,트렌드 탐색형,ct_aa2937d4d2a2d0,목포,목포랑시티투어,T06,0.680545,1.0,68.054465,64
C1,트렌드 탐색형,ct_0ebeda6387230e,안산,대부도 뱃길코스(체험형 2코스),T01,0.679366,1.0,67.936622,65
C1,트렌드 탐색형,ct_78497ddd68fd45,사천,우주항공산업투어,T02,0.669456,1.0,66.945555,66
C1,트렌드 탐색형,ct_cba721781124d5,원주,원주시티투어(순환형),T02,0.667823,1.0,66.782307,67
C1,트렌드 탐색형,ct_23c35eeaf17398,곡성,읍권 순환버스,T06,0.666806,1.0,66.680554,68
C1,트렌드 탐색형,ct_1fe72a79d47a7f,서울,EG투어버스 E코스,T07,0.666667,1.0,66.666667,69
C1,트렌드 탐색형,ct_4e0d701d9aadd5,대구,테마(야경 4~10월),T03,0.666667,1.0,66.666667,70
C1,트렌드 탐색형,ct_59c60fcaf04aa6,인천,교동도투어,T02,0.666667,1.0,66.666667,71
C1,트렌드 탐색형,ct_ff36074cae8347,양주,자연친화코스1,T02,0.666667,1.0,66.666667,72
C1,트렌드 탐색형,ct_bdc4b066f6280d,안동,도산서원&예끼마을테마,T06,0.664411,1.0,66.44106,73
C1,트렌드 탐색형,ct_7dba0d730780c9,서천,동백코스(익산-군산 광역),T04,0.654654,1.0,65.465367,74
C1,트렌드 탐색형,ct_c543fc703f1159,익산,순환형1,T06,0.654654,1.0,65.465367,75
C1,트렌드 탐색형,ct_b6060e0e38a765,안산,대부도 뱃길코스(일반형 2코스),T01,0.64715,1.0,64.715023,76
C1,트렌드 탐색형,ct_566165b1b827e0,천안,토요일,T05,0.645497,1.0,64.549722,77
C1,트렌드 탐색형,ct_6b62f6c5e28b9c,사천,바다투어,T06,0.643596,1.0,64.35959,78
C1,트렌드 탐색형,ct_c53b5abd9a30ab,대전,남부코스,T06,0.643596,1.0,64.35959,79
C1,트렌드 탐색형,ct_68d8eff6357673,양구,해안DMZ트래킹 코스,T02,0.640513,1.0,64.051262,80
C1,트렌드 탐색형,ct_10510d067f8caa,서울,EG투어버스 A코스,T02,0.63901,1.0,63.900965,81
C1,트렌드 탐색형,ct_52149303f1b0d4,서울,EG투어버스 K 코스,T02,0.63901,1.0,63.900965,82
C1,트렌드 탐색형,ct_8163a6f43e6f4a,아산,예술맛집 코스,T02,0.63901,1.0,63.900965,83
C1,트렌드 탐색형,ct_8e34c83e5dbe39,이천,농촌체험코스(북부),T02,0.63901,1.0,63.900965,84
C1,트렌드 탐색형,ct_b75e8d4cf1e318,대구,테마(야경 11~3월),T03,0.63901,1.0,63.900965,85
C1,트렌드 탐색형,ct_d3c228b00ede2b,파주,2026 파주시티투어 당일코스(화요일),T02,0.63901,1.0,63.900965,86
C1,트렌드 탐색형,ct_d916d0f4237246,파주,2026 파주시티투어 당일코스(금요일),T02,0.63901,1.0,63.900965,87
C1,트렌드 탐색형,ct_9857f916bfa916,대구,도심순환코스(12개 정류장),T06,0.634335,1.0,63.433505,88
C1,트렌드 탐색형,ct_1c94bb0caf5c4f,안성,안성시티투어,T02,0.622752,1.0,62.275237,89
C1,트렌드 탐색형,ct_6beed8d2daa9dc,세종,야경투어,T03,0.622752,1.0,62.275237,90
C1,트렌드 탐색형,ct_88364cbd4a5650,곡성,압록권역 순환버스,T02,0.622752,1.0,62.275237,91
C1,트렌드 탐색형,ct_a8b35f46bb8621,세종,행복투어A,T02,0.622752,1.0,62.275237,92
C1,트렌드 탐색형,ct_f355a62ad61675,세종,정원투어,T02,0.622752,1.0,62.275237,93
C1,트렌드 탐색형,ct_bd2de54ec11e6b,양산,양산시 가을 시티투어 (자연관광코스),T04,0.824958,0.75,61.871843,94
C1,트렌드 탐색형,ct_3aa92169f5cb7c,군산,(익산역 출발) 고군산시간여행코스,T06,0.617213,1.0,61.72134,95
C1,트렌드 탐색형,ct_2827a8d7943bdf,가평,가평순환버스A코스,T02,0.612372,1.0,61.237244,96
C1,트렌드 탐색형,ct_2921659630cea0,서울,EG투어버스 B코스,T02,0.612372,1.0,61.237244,97
C1,트렌드 탐색형,ct_36cdd5661df6fd,봉화,송이축제 문화유적탐방버스,T02,0.612372,1.0,61.237244,98
C1,트렌드 탐색형,ct_69c07f148cbc8b,봉화,은어축제 문화유적탐방버스,T02,0.612372,1.0,61.237244,99
C1,트렌드 탐색형,ct_b3b0773f44a533,안산,대부도 해변코스(체험형 1코스),T02,0.612372,1.0,61.237244,100
C1,트렌드 탐색형,ct_f48a1e387a5d08,이천,농촌체험코스(중부),T02,0.612372,1.0,61.237244,101
C1,트렌드 탐색형,ct_a8a8ecfbd0eefc,대전,"광역투어(다섯째주, 토)",T04,0.611111,1.0,61.111111,102
C1,트렌드 탐색형,ct_2c5b83ca1acb5c,춘천,토요일,T06,0.591377,1.0,59.137702,103
C1,트렌드 탐색형,ct_72a42eb150b5d4,춘천,일요일,T06,0.591377,1.0,59.137702,104
C1,트렌드 탐색형,ct_0946c67481033f,세종,행복투어B,T05,0.589256,1.0,58.925565,105
C1,트렌드 탐색형,ct_1d32ffebd246d5,홍성,"전통시장코스(홍성) 1,6일 운영",T05,0.589256,1.0,58.925565,106
C1,트렌드 탐색형,ct_20eb1ae44f44d4,밀양,영남알프스권 투어 1,T06,0.589256,1.0,58.925565,107
C1,트렌드 탐색형,ct_52fe5a29aee3e7,합천,합천광역시티투어 누비고,T05,0.589256,1.0,58.925565,108
C1,트렌드 탐색형,ct_b53b246e98a9cd,인천,석모도투어,T05,0.589256,1.0,58.925565,109
C1,트렌드 탐색형,ct_b96c711c2cd94d,예산,예산군 버스투어,T04,0.589256,1.0,58.925565,110
C1,트렌드 탐색형,ct_987d7b91b042a8,완도,해양치유시티투어,T06,0.580948,1.0,58.09475,111
C1,트렌드 탐색형,ct_b2af495e1760b5,안산,대부도 뱃길코스(체험형 1코스),T01,0.580948,1.0,58.09475,112
C1,트렌드 탐색형,ct_0ed3eb88438a1d,인천,청라투어,T02,0.57735,1.0,57.735027,113
C1,트렌드 탐색형,ct_2528f0bf880396,평창,남부권 코스,T02,0.57735,1.0,57.735027,114
C1,트렌드 탐색형,ct_661e12e8488117,대전,힐링(장태산),T02,0.57735,1.0,57.735027,115
C1,트렌드 탐색형,ct_8b988867d0e267,홍성,남당항 코스,T02,0.57735,1.0,57.735027,116
C1,트렌드 탐색형,ct_c825dbc2a63555,파주,2026 파주시티투어 1박2일코스(토요일~일요일),T06,0.57735,1.0,57.735027,117
C1,트렌드 탐색형,ct_e613bd3839189c,익산,순환형2,T06,0.654654,0.857143,56.113172,118
C1,트렌드 탐색형,ct_506425657ddce1,완주,완주힐링로드 시티투어(서울권역),T06,0.560112,1.0,56.011203,119
C1,트렌드 탐색형,ct_edd6e5375f387f,부산,그린라인,T06,0.560112,1.0,56.011203,120
C1,트렌드 탐색형,ct_a7f13a177e5633,여수,제2코스,T01,0.552052,1.0,55.205245,121
C1,트렌드 탐색형,ct_a7d1b6cc26e056,안산,대부도 뱃길코스(일반형 1코스),T01,0.549972,1.0,54.997194,122
C1,트렌드 탐색형,ct_1dab0b645e521d,완주,완주힐링로드시티투어 2코스,T06,0.545545,1.0,54.554473,123
C1,트렌드 탐색형,ct_1d8d8a70616c41,경기광주,광주시티투어,T06,0.544581,1.0,54.458115,124
C1,트렌드 탐색형,ct_1def3d2a58e430,부산,오렌지라인,T06,0.536925,1.0,53.692484,125
C1,트렌드 탐색형,ct_e353674363d7f4,대전,대청호코스,T06,0.608781,0.875,53.268318,126
C1,트렌드 탐색형,ct_4be058672a95ae,시흥,테마형 정기코스,T01,0.531588,1.0,53.158769,127
C1,트렌드 탐색형,ct_8171ca90d9fa99,제주,야간코스(7월말~8월말 운영),T03,0.53033,1.0,53.033009,128
C1,트렌드 탐색형,ct_74128602fb5dca,태안,북부코스,T01,0.520416,1.0,52.04165,129
C1,트렌드 탐색형,ct_7d1c2151bda037,순천,(테마투어)세계유산투어,T07,0.509525,1.0,50.952467,130
C1,트렌드 탐색형,ct_037c18bb42946f,세종,천안연계투어,T07,0.5,1.0,50.0,131
C1,트렌드 탐색형,ct_166c38f36d6640,춘천,목요일,T05,0.5,1.0,50.0,132
C1,트렌드 탐색형,ct_2c0d1fe873d818,천안,화요일,T07,0.5,1.0,50.0,133
C1,트렌드 탐색형,ct_40252d247000a5,안동,야간도심테마,T03,0.5,1.0,50.0,134
C1,트렌드 탐색형,ct_4309f65e431d83,아산,인생네컷 코스,T05,0.5,1.0,50.0,135
C1,트렌드 탐색형,ct_6c466761af057c,대전,"광역투어(둘째주, 일)",T05,0.5,1.0,50.0,136
C1,트렌드 탐색형,ct_79a18eaed83932,양산,양산시 가을 시티투어 (역사문화코스),T07,0.5,1.0,50.0,137
C1,트렌드 탐색형,ct_809907e22355c9,연천,연천명소코스,T05,0.5,1.0,50.0,138
C1,트렌드 탐색형,ct_cfd77d72cf4c59,나주,정기코스,T07,0.5,1.0,50.0,139
C1,트렌드 탐색형,ct_c93b13bf48e761,영주,물돌이 코스,T05,0.482451,1.0,48.245064,140
C1,트렌드 탐색형,ct_7350d2221bf4e5,대전,"광역투어(다섯째주, 일)",T07,0.481543,1.0,48.154341,141
C1,트렌드 탐색형,ct_820bca31911e89,완주,완주힐링로드시티투어 1코스,T06,0.481543,1.0,48.154341,142
C1,트렌드 탐색형,ct_83465bf3a690f2,여수,야간테마코스(시간을달리는버스커),T03,0.477393,1.0,47.739296,143
C1,트렌드 탐색형,ct_4ba7f5cc1ffeda,부산,서부산생태투어,T05,0.47629,1.0,47.628967,144
C1,트렌드 탐색형,ct_83afdb6c6bad30,시흥,순환형 2층버스,T01,0.47629,1.0,47.628967,145
C1,트렌드 탐색형,ct_a3932d2baa3d16,안산,안산 시내권코스(목요일),T05,0.47629,1.0,47.628967,146
C1,트렌드 탐색형,ct_bd00bd65a80b11,연천,역사자연코스,T05,0.47629,1.0,47.628967,147
C1,트렌드 탐색형,ct_c188dbb343674a,서천,푸른빛코스,T05,0.47629,1.0,47.628967,148
C1,트렌드 탐색형,ct_343d3a1d62c8a5,완주,완주힐링로드 시티투어(코레일연계 익산역),T06,0.461935,1.0,46.193489,149
C1,트렌드 탐색형,ct_ab2a31c9b0dd1c,안동,주간도심테마,T06,0.527046,0.875,46.116549,150
C1,트렌드 탐색형,ct_07b4b0458851e1,서울,EG투어버스 J코스,T07,0.456435,1.0,45.643546,151
C1,트렌드 탐색형,ct_1a59c2f3801f38,대전,역사문화(효월드),T07,0.456435,1.0,45.643546,152
C1,트렌드 탐색형,ct_3e1bfccd397508,세종,봄꽃파닭A투어,T05,0.456435,1.0,45.643546,153
C1,트렌드 탐색형,ct_59f67b28d9aad1,서울,EG투어버스 G코스,T05,0.456435,1.0,45.643546,154
C1,트렌드 탐색형,ct_9f8a8ca65b1ebb,파주,2026 파주시티투어 당일코스(토요일),T07,0.456435,1.0,45.643546,155
C1,트렌드 탐색형,ct_a8b6f564bf7384,세종,봄꽃파닭B투어,T05,0.456435,1.0,45.643546,156
C1,트렌드 탐색형,ct_ebbc3131233e25,가평,가평순환버스B코스,T05,0.456435,1.0,45.643546,157
C1,트렌드 탐색형,ct_658464b2619d71,양주,천일홍축제,T07,0.447214,1.0,44.72136,158
C1,트렌드 탐색형,ct_c4d1ab4265b00c,양주,왕실축제,T07,0.447214,1.0,44.72136,159
C1,트렌드 탐색형,ct_fe508b5dbba88f,세종,역사산책투어,T05,0.447214,1.0,44.72136,160
C1,트렌드 탐색형,ct_ff41044d0b7080,부산,동부산테마노선,T01,0.445566,1.0,44.556639,161
C1,트렌드 탐색형,ct_d1e99a0d119f73,밀양,시내권 투어 1,T06,0.519615,0.857143,44.538449,162
C1,트렌드 탐색형,ct_ec90f983bc7ed6,안동,하회마을테마,T06,0.444649,1.0,44.464865,163
C1,트렌드 탐색형,ct_2d10b95a5e902e,대전,"광역투어(첫주, 일)",T06,0.436436,1.0,43.643578,164
C1,트렌드 탐색형,ct_45e65111200294,대전,"광역투어(셋째주, 토)",T06,0.436436,1.0,43.643578,165
C1,트렌드 탐색형,ct_5c692156a089c1,파주,2026 파주시티투어 당일코스(수요일),T05,0.436436,1.0,43.643578,166
C1,트렌드 탐색형,ct_ba3c89379bf8c1,서천,금빛코스,T06,0.436436,1.0,43.643578,167
C1,트렌드 탐색형,ct_c3ec7bb154c2c1,대전,언택트세이프(B),T05,0.436436,1.0,43.643578,168
C1,트렌드 탐색형,ct_5082aae98cb9d3,부산,야경투어,T03,0.433013,1.0,43.30127,169
C1,트렌드 탐색형,ct_c343406b7388f2,군산,고군산시간여행코스,T01,0.433013,1.0,43.30127,170
C1,트렌드 탐색형,ct_98323d74dbd87a,제주,순환형코스,T06,0.432079,1.0,43.207928,171
C1,트렌드 탐색형,ct_17e0dd4d30822e,밀양,삼랑진권 투어,T07,0.43082,1.0,43.082022,172
C1,트렌드 탐색형,ct_452018aaa6c847,춘천,화요일,T05,0.43082,1.0,43.082022,173
C1,트렌드 탐색형,ct_084dcff739bc51,김해,김해에반해,T06,0.427121,1.0,42.71211,174
C1,트렌드 탐색형,ct_6be92119035c7f,영광,"영광쉼,투어",T06,0.421464,1.0,42.146362,175
C1,트렌드 탐색형,ct_77585e7300bc39,청주,청주시티투어_정기투어_트레킹 투어(토),T05,0.416954,1.0,41.695392,176
C1,트렌드 탐색형,ct_008becedc70ab4,인천,무의도투어,T01,0.408248,1.0,40.824829,177
C1,트렌드 탐색형,ct_30fd00f9cfda89,인천,선재영흥투어,T01,0.408248,1.0,40.824829,178
C1,트렌드 탐색형,ct_1d6ad4598dff93,대구,테마-방방곡곡(군위군 돋보기),T05,0.5,0.8,40.0,179
C1,트렌드 탐색형,ct_02181b9e7a671f,순천,(테마투어)성곽투어,T07,0.388889,1.0,38.888889,180
C1,트렌드 탐색형,ct_1c691124e74222,대구,도동코스,T07,0.387298,1.0,38.729833,181
C1,트렌드 탐색형,ct_2749460936eb31,공주,반일코스,T07,0.387298,1.0,38.729833,182
C1,트렌드 탐색형,ct_3764c5ee83c6b9,대전,"광역투어(넷재주, 토)",T07,0.387298,1.0,38.729833,183
C1,트렌드 탐색형,ct_cec518ee1213c1,양주,서울우유견학코스,T07,0.387298,1.0,38.729833,184
C1,트렌드 탐색형,ct_a98893fa363590,양산,봄꽃체험코스,T04,0.57735,0.666667,38.490018,185
C1,트렌드 탐색형,ct_572b4d8191127a,영주,선비 코스,T07,0.3849,1.0,38.490018,186
C1,트렌드 탐색형,ct_6df930eb64d3ad,세종,세종관광명소A투어,T05,0.3849,1.0,38.490018,187
C1,트렌드 탐색형,ct_f534f220e539af,파주,2026 파주시티투어 당일코스(일요일),T07,0.3849,1.0,38.490018,188
C1,트렌드 탐색형,ct_fcbc8def0ff021,공주,여름코스,T07,0.372678,1.0,37.2678,189
C1,트렌드 탐색형,ct_ec6acb453717fd,안산,대부도 해변코스(일반형 2코스),T05,0.365148,1.0,36.514837,190
C1,트렌드 탐색형,ct_03101958100a14,부여,부여테마여행,T06,0.364502,1.0,36.45019,191
C1,트렌드 탐색형,ct_cf9f8ad6cdda8f,대전,야경,T03,0.456435,0.75,34.23266,192
C1,트렌드 탐색형,ct_49fb403c953735,광양,광양역사코스,T07,0.337047,1.0,33.704692,193
C1,트렌드 탐색형,ct_0b7a755a267601,여수,2층야간코스,T03,0.33541,1.0,33.54102,194
C1,트렌드 탐색형,ct_3ed5105d35b251,서산,A코스,T07,0.331133,1.0,33.113309,195
C1,트렌드 탐색형,ct_6e6a0f2ecaee7f,양주,기본코스,T07,0.331133,1.0,33.113309,196
C1,트렌드 탐색형,ct_62ce3cfd4b2223,대구,현풍코스,T07,0.320256,1.0,32.025631,197
C1,트렌드 탐색형,ct_636360ac200b66,대전,"광역투어(셋째주, 일)",T07,0.301511,1.0,30.151134,198
C1,트렌드 탐색형,ct_4b24fed6566e54,해남,해남시티투어,T05,0.288675,1.0,28.867513,199
C1,트렌드 탐색형,ct_c59f7d050e72e0,대전,생태교육,T05,0.288675,1.0,28.867513,200
C1,트렌드 탐색형,ct_f558345dd00dbf,아산,역사기행 코스,T05,0.288675,1.0,28.867513,201
C1,트렌드 탐색형,ct_f8bd00d4bc40b3,순천,(기획투어)나이트가든투어,T03,0.288675,1.0,28.867513,202
C1,트렌드 탐색형,ct_fa87b733ddf357,아산,아산도심핫플코스,T05,0.288675,1.0,28.867513,203
C1,트렌드 탐색형,ct_0e4d7f0c7de8e2,대구,송해코스,T07,0.283069,1.0,28.306926,204
C1,트렌드 탐색형,ct_3f9d81407b910a,대전,"광역투어(넷재주, 일)",T05,0.283069,1.0,28.306926,205
C1,트렌드 탐색형,ct_da6b197f9d64eb,대구,테마-방방곡곡(사시사철),T05,0.283069,1.0,28.306926,206
C1,트렌드 탐색형,ct_fc9f85899d40a4,안산,안산 시내권코스(토요일),T07,0.283069,1.0,28.306926,207
C1,트렌드 탐색형,ct_0d96bb8740671d,대전,역사문화(동춘당),T07,0.273861,1.0,27.386128,208
C1,트렌드 탐색형,ct_1b0e0fd1157aaa,아산,休캉스 코스,T07,0.273861,1.0,27.386128,209
C1,트렌드 탐색형,ct_5997fa12423936,대전,언택트세이프(A),T05,0.273861,1.0,27.386128,210
C1,트렌드 탐색형,ct_62dfed5cce4635,파주,2026 파주시티투어 당일코스(목요일),T05,0.273861,1.0,27.386128,211
C1,트렌드 탐색형,ct_6b11aef24a24ef,순천,(테마투어)생태투어,T05,0.273861,1.0,27.386128,212
C1,트렌드 탐색형,ct_6bfb1cb10f19bb,천안,목요일,T07,0.273861,1.0,27.386128,213
C1,트렌드 탐색형,ct_7799bf62ca5138,대전,"광역투어(둘째주, 토)",T05,0.273861,1.0,27.386128,214
C1,트렌드 탐색형,ct_a33d720535a1e1,순천,(테마투어)산사투어,T07,0.273861,1.0,27.386128,215
C1,트렌드 탐색형,ct_d038c55e01951b,대전,대덕특구탐방,T05,0.273861,1.0,27.386128,216
C1,트렌드 탐색형,ct_e588b4efe19ef3,평창,북부권 코스,T07,0.273861,1.0,27.386128,217
C1,트렌드 탐색형,ct_104171b078b959,공주,가을코스,T07,0.258199,1.0,25.819889,218
C1,트렌드 탐색형,ct_6f6ed56249f477,대전,"광역투어(첫주, 토)",T05,0.258199,1.0,25.819889,219
C1,트렌드 탐색형,ct_d3a976675ffc53,대구,테마-방방곡곡(낙동강),T05,0.258199,1.0,25.819889,220
C1,트렌드 탐색형,ct_2d7ad6be7d0219,공주,봄코스,T07,0.23094,1.0,23.094011,221
C1,트렌드 탐색형,ct_38e990a88a3094,춘천,수요일,T07,0.204124,1.0,20.412415,222
C1,트렌드 탐색형,ct_4212deac479d6b,세종,역사문화투어,T07,0.204124,1.0,20.412415,223
C1,트렌드 탐색형,ct_64b3f2e630ba51,여수,다크투어리즘코스,T07,0.204124,1.0,20.412415,224
C1,트렌드 탐색형,ct_73908901775f5c,익산,세계유산코스,T07,0.204124,1.0,20.412415,225
C1,트렌드 탐색형,ct_82e2c317c54d7e,양주,역사투어,T07,0.204124,1.0,20.412415,226
C1,트렌드 탐색형,ct_82edd01ea220e6,화순,화순적벽 버스투어(적벽 셔틀버스),T05,0.204124,1.0,20.412415,227
C1,트렌드 탐색형,ct_a70933018dfe45,여수,이순신문화유적코스,T07,0.204124,1.0,20.412415,228
C1,트렌드 탐색형,ct_ba06e511559567,홍성,역사·문화 코스,T07,0.204124,1.0,20.412415,229
C1,트렌드 탐색형,ct_caab077d4954a7,김해,역사에반해,T07,0.204124,1.0,20.412415,230
C1,트렌드 탐색형,ct_db611b0ecd14e4,대전,다크투어,T07,0.204124,1.0,20.412415,231
C1,트렌드 탐색형,ct_e4521f5325216f,양주,박물관투어,T07,0.204124,1.0,20.412415,232
C1,트렌드 탐색형,ct_f0549cce13f623,대전,힐링(만인산),T05,0.204124,1.0,20.412415,233
C1,트렌드 탐색형,ct_f55bded1011de2,대전,언택트세이프?,T05,0.204124,1.0,20.412415,234
C2,감성 동행형,ct_e346ea988fedc3,포항,씨(SEA)하게 보는 포항코스,T04,0.968963,1.0,96.896279,1
C2,감성 동행형,ct_4e89a607500203,태안,광역코스,T01,0.92582,1.0,92.58201,2
C2,감성 동행형,ct_9d994e07488f57,삼척,종일코스,T04,0.92582,1.0,92.58201,3
C2,감성 동행형,ct_84ffabae716404,홍성,죽도코스,T04,0.918559,1.0,91.855865,4
C2,감성 동행형,ct_c83f7c6960b76b,부산,레드라인,T06,0.913908,1.0,91.390769,5
C2,감성 동행형,ct_330d0bc9cd3d05,서산,B코스,T04,0.912871,1.0,91.287093,6
C2,감성 동행형,ct_94cebe436c068a,서산,C코스,T04,0.912871,1.0,91.287093,7
C2,감성 동행형,ct_ff41dfabaec78b,여수,야경코스,T03,0.912871,1.0,91.287093,8
C2,감성 동행형,ct_941018a965809c,광양,야경코스,T03,0.910182,1.0,91.018205,9
C2,감성 동행형,ct_596ccaeb2861f9,태안,남부코스,T04,0.903696,1.0,90.369611,10
C2,감성 동행형,ct_36b90ac2b7ebec,태백,황지자유시장 코스,T04,0.866025,1.0,86.60254,11
C2,감성 동행형,ct_1845f5c9950df4,목포,별빛물결시티투어,T03,0.848668,1.0,84.866842,12
C2,감성 동행형,ct_abd1e371e69550,정선,아리랑열차 연계형 시티투어2,T04,0.848668,1.0,84.866842,13
C2,감성 동행형,ct_ac7ca37140e6b6,포항,퐝랜드마크B코스,T04,0.848668,1.0,84.866842,14
C2,감성 동행형,ct_8de53de429d379,포항,퐝순환코스,T04,0.833333,1.0,83.333333,15
C2,감성 동행형,ct_b6060e0e38a765,안산,대부도 뱃길코스(일반형 2코스),T01,0.808938,1.0,80.893779,16
C2,감성 동행형,ct_2f8d9c4d57db08,서천,힐링코스,T06,0.800095,1.0,80.009469,17
C2,감성 동행형,ct_aa87321b8b5003,창원,창원시티투어,T06,0.789542,1.0,78.954203,18
C2,감성 동행형,ct_00435b9cca499b,포항,퐝랜드마크A코스,T04,0.783349,1.0,78.334945,19
C2,감성 동행형,ct_55438211f07ef0,임실,명소탐방 임실 시티투어,T04,0.774597,1.0,77.459667,20
C2,감성 동행형,ct_987d7b91b042a8,완도,해양치유시티투어,T06,0.774597,1.0,77.459667,21
C2,감성 동행형,ct_b2af495e1760b5,안산,대부도 뱃길코스(체험형 1코스),T01,0.774597,1.0,77.459667,22
C2,감성 동행형,ct_de90b5933f0b40,청도,시티투어,T04,0.771517,1.0,77.151675,23
C2,감성 동행형,ct_8171ca90d9fa99,제주,야간코스(7월말~8월말 운영),T03,0.766032,1.0,76.603235,24
C2,감성 동행형,ct_a7f13a177e5633,여수,제2코스,T01,0.759072,1.0,75.907212,25
C2,감성 동행형,ct_c410c248858e88,서울,EG투어버스 L코스,T04,0.75,1.0,75.0,26
C2,감성 동행형,ct_0af000fbdb8ad6,동해,관광문화코스,T04,0.748455,1.0,74.84552,27
C2,감성 동행형,ct_83afdb6c6bad30,시흥,순환형 2층버스,T01,0.748455,1.0,74.84552,28
C2,감성 동행형,ct_a1bc285f9c2881,여수,제1코스,T04,0.745356,1.0,74.535599,29
C2,감성 동행형,ct_c722d90ff66eb2,홍성,"전통시장코스(광천) 4,9일 운영",T04,0.745356,1.0,74.535599,30
C2,감성 동행형,ct_15ca3909485d66,서천,광역코스,T04,0.73598,1.0,73.598007,31
C2,감성 동행형,ct_83465bf3a690f2,여수,야간테마코스(시간을달리는버스커),T03,0.728652,1.0,72.865242,32
C2,감성 동행형,ct_a8823fdcbfa445,화성,바다와 하루,T01,0.728493,1.0,72.84928,33
C2,감성 동행형,ct_5082aae98cb9d3,부산,야경투어,T03,0.721688,1.0,72.168784,34
C2,감성 동행형,ct_74128602fb5dca,태안,북부코스,T01,0.720577,1.0,72.057669,35
C2,감성 동행형,ct_4be058672a95ae,시흥,테마형 정기코스,T01,0.716488,1.0,71.648775,36
C2,감성 동행형,ct_618497cad743bc,양구,방산나들이코스,T04,0.714435,1.0,71.443451,37
C2,감성 동행형,ct_956d44d9a821ed,양산,2025 6월 시티투어,T04,0.714435,1.0,71.443451,38
C2,감성 동행형,ct_14b70a907c3324,안산,대부도 해변코스(일반형 1코스),T01,0.707107,1.0,70.710678,39
C2,감성 동행형,ct_1d32ffebd246d5,홍성,"전통시장코스(홍성) 1,6일 운영",T05,0.707107,1.0,70.710678,40
C2,감성 동행형,ct_507ac7569b1306,서천,보랏빛코스,T04,0.707107,1.0,70.710678,41
C2,감성 동행형,ct_a0af2538872792,서천,전라권코스,T04,0.707107,1.0,70.710678,42
C2,감성 동행형,ct_a7d1b6cc26e056,안산,대부도 뱃길코스(일반형 1코스),T01,0.707107,1.0,70.710678,43
C2,감성 동행형,ct_aabd87818ef08f,서울,EG투어버스 I코스,T04,0.707107,1.0,70.710678,44
C2,감성 동행형,ct_b53b246e98a9cd,인천,석모도투어,T05,0.707107,1.0,70.710678,45
C2,감성 동행형,ct_b96c711c2cd94d,예산,예산군 버스투어,T04,0.707107,1.0,70.710678,46
C2,감성 동행형,ct_a11be8ffeee88a,태백,통리장 코스,T04,0.694365,1.0,69.436507,47
C2,감성 동행형,ct_6b62f6c5e28b9c,사천,바다투어,T06,0.693103,1.0,69.310328,48
C2,감성 동행형,ct_6ec0ad7a54e92d,서천,문화코스,T06,0.681005,1.0,68.100522,49
C2,감성 동행형,ct_3dd54d8970e115,의정부,의정부포레스트:오감이 깨어나는 숲 속 여행,T04,0.680414,1.0,68.041382,50
C2,감성 동행형,ct_1def3d2a58e430,부산,오렌지라인,T06,0.671156,1.0,67.115606,51
C2,감성 동행형,ct_7cdced2e0d065a,여주,시티투어,T06,0.668153,1.0,66.81531,52
C2,감성 동행형,ct_4e0d701d9aadd5,대구,테마(야경 4~10월),T03,0.666667,1.0,66.666667,53
C2,감성 동행형,ct_809907e22355c9,연천,연천명소코스,T05,0.666667,1.0,66.666667,54
C2,감성 동행형,ct_a8a8ecfbd0eefc,대전,"광역투어(다섯째주, 토)",T04,0.666667,1.0,66.666667,55
C2,감성 동행형,ct_d0cdc53f7d6755,춘천,월요일,T04,0.665133,1.0,66.513304,56
C2,감성 동행형,ct_edd6e5375f387f,부산,그린라인,T06,0.665133,1.0,66.513304,57
C2,감성 동행형,ct_dfc58b1c3324c1,춘천,금요일,T06,0.662266,1.0,66.226618,58
C2,감성 동행형,ct_ab2a31c9b0dd1c,안동,주간도심테마,T06,0.737865,0.875,64.563169,59
C2,감성 동행형,ct_566165b1b827e0,천안,토요일,T05,0.645497,1.0,64.549722,60
C2,감성 동행형,ct_ff41044d0b7080,부산,동부산테마노선,T01,0.643596,1.0,64.35959,61
C2,감성 동행형,ct_aa2937d4d2a2d0,목포,목포랑시티투어,T06,0.640513,1.0,64.051262,62
C2,감성 동행형,ct_23c35eeaf17398,곡성,읍권 순환버스,T06,0.639589,1.0,63.958899,63
C2,감성 동행형,ct_3e1bfccd397508,세종,봄꽃파닭A투어,T05,0.63901,1.0,63.900965,64
C2,감성 동행형,ct_a8b6f564bf7384,세종,봄꽃파닭B투어,T05,0.63901,1.0,63.900965,65
C2,감성 동행형,ct_ec6acb453717fd,안산,대부도 해변코스(일반형 2코스),T05,0.63901,1.0,63.900965,66
C2,감성 동행형,ct_98323d74dbd87a,제주,순환형코스,T06,0.635411,1.0,63.541071,67
C2,감성 동행형,ct_b97fea5cc3f414,광양,광양힐링코스,T06,0.629153,1.0,62.915287,68
C2,감성 동행형,ct_0ebeda6387230e,안산,대부도 뱃길코스(체험형 2코스),T01,0.622752,1.0,62.275237,69
C2,감성 동행형,ct_3aa92169f5cb7c,군산,(익산역 출발) 고군산시간여행코스,T06,0.617213,1.0,61.72134,70
C2,감성 동행형,ct_86dc46ed127655,청주,청주시티투어_정기투어_청남대 투어(수토일),T04,0.617213,1.0,61.72134,71
C2,감성 동행형,ct_c93b13bf48e761,영주,물돌이 코스,T05,0.616465,1.0,61.646471,72
C2,감성 동행형,ct_452018aaa6c847,춘천,화요일,T05,0.615457,1.0,61.545745,73
C2,감성 동행형,ct_008becedc70ab4,인천,무의도투어,T01,0.612372,1.0,61.237244,74
C2,감성 동행형,ct_30fd00f9cfda89,인천,선재영흥투어,T01,0.612372,1.0,61.237244,75
C2,감성 동행형,ct_68e342ed3c052f,익산,익산숨은보석찾기코스,T04,0.612372,1.0,61.237244,76
C2,감성 동행형,ct_a3932d2baa3d16,안산,안산 시내권코스(목요일),T05,0.612372,1.0,61.237244,77
C2,감성 동행형,ct_c188dbb343674a,서천,푸른빛코스,T05,0.612372,1.0,61.237244,78
C2,감성 동행형,ct_9857f916bfa916,대구,도심순환코스(12개 정류장),T06,0.609938,1.0,60.993755,79
C2,감성 동행형,ct_5e83dbf18d6227,울산,장생포 대왕암 코스,T01,0.609272,1.0,60.92718,80
C2,감성 동행형,ct_7dba0d730780c9,서천,동백코스(익산-군산 광역),T04,0.600099,1.0,60.00992,81
C2,감성 동행형,ct_61845aa89a1c1a,홍천,홍천시티투어,T06,0.599544,1.0,59.954377,82
C2,감성 동행형,ct_a407c821a8382e,서울,EG투어버스 H코스,T04,0.589256,1.0,58.925565,83
C2,감성 동행형,ct_e4444e050c482f,천안,일요일,T04,0.589256,1.0,58.925565,84
C2,감성 동행형,ct_037c18bb42946f,세종,천안연계투어,T07,0.583333,1.0,58.333333,85
C2,감성 동행형,ct_516add9e1cef4a,정선,와와정선 2층 투어버스,T02,0.583333,1.0,58.333333,86
C2,감성 동행형,ct_79a18eaed83932,양산,양산시 가을 시티투어 (역사문화코스),T07,0.583333,1.0,58.333333,87
C2,감성 동행형,ct_ca13864967c1fb,세종,세종관광명소B투어,T02,0.583333,1.0,58.333333,88
C2,감성 동행형,ct_ed3a5516a8c6ca,연천,안보자연코스,T02,0.583333,1.0,58.333333,89
C2,감성 동행형,ct_f6d09076696e6d,양구,힐링산책코스,T02,0.583333,1.0,58.333333,90
C2,감성 동행형,ct_53a12bc8caced9,화천,화천시티투어(평화누리호),T06,0.580948,1.0,58.09475,91
C2,감성 동행형,ct_c343406b7388f2,군산,고군산시간여행코스,T01,0.57735,1.0,57.735027,92
C2,감성 동행형,ct_0b7a755a267601,여수,2층야간코스,T03,0.559017,1.0,55.901699,93
C2,감성 동행형,ct_2be78db2f756ab,인천,바다노선,T02,0.545545,1.0,54.554473,94
C2,감성 동행형,ct_2d10b95a5e902e,대전,"광역투어(첫주, 일)",T06,0.545545,1.0,54.554473,95
C2,감성 동행형,ct_424fda831e8a80,인천,인천레트로노선,T04,0.545545,1.0,54.554473,96
C2,감성 동행형,ct_45e65111200294,대전,"광역투어(셋째주, 토)",T06,0.545545,1.0,54.554473,97
C2,감성 동행형,ct_2c5b83ca1acb5c,춘천,토요일,T06,0.535935,1.0,53.593542,98
C2,감성 동행형,ct_72a42eb150b5d4,춘천,일요일,T06,0.535935,1.0,53.593542,99
C2,감성 동행형,ct_bd2de54ec11e6b,양산,양산시 가을 시티투어 (자연관광코스),T04,0.707107,0.75,53.033009,100
C2,감성 동행형,ct_0f4dbe3b938a90,여수,2층주간코스,T02,0.53033,1.0,53.033009,101
C2,감성 동행형,ct_d756b69f16e800,청주,청주시티투어_정기투어_힐링로드 투어(토),T02,0.53033,1.0,53.033009,102
C2,감성 동행형,ct_5728bf247a42c1,제천,시티투어,T02,0.522233,1.0,52.223297,103
C2,감성 동행형,ct_2390c56fce5420,울산,태화강 국가정원 코스,T06,0.506024,1.0,50.602431,104
C2,감성 동행형,ct_166c38f36d6640,춘천,목요일,T05,0.5,1.0,50.0,105
C2,감성 동행형,ct_1fe72a79d47a7f,서울,EG투어버스 E코스,T07,0.5,1.0,50.0,106
C2,감성 동행형,ct_40252d247000a5,안동,야간도심테마,T03,0.5,1.0,50.0,107
C2,감성 동행형,ct_4309f65e431d83,아산,인생네컷 코스,T05,0.5,1.0,50.0,108
C2,감성 동행형,ct_6c466761af057c,대전,"광역투어(둘째주, 일)",T05,0.5,1.0,50.0,109
C2,감성 동행형,ct_5c692156a089c1,파주,2026 파주시티투어 당일코스(수요일),T05,0.49099,1.0,49.099025,110
C2,감성 동행형,ct_c3ec7bb154c2c1,대전,언택트세이프(B),T05,0.49099,1.0,49.099025,111
C2,감성 동행형,ct_506425657ddce1,완주,완주힐링로드 시티투어(서울권역),T06,0.490098,1.0,49.009803,112
C2,감성 동행형,ct_c68da356b898d6,여주,꽃섬투어,T02,0.489979,1.0,48.997894,113
C2,감성 동행형,ct_fe508b5dbba88f,세종,역사산책투어,T05,0.484481,1.0,48.44814,114
C2,감성 동행형,ct_a98893fa363590,양산,봄꽃체험코스,T04,0.721688,0.666667,48.112522,115
C2,감성 동행형,ct_6df930eb64d3ad,세종,세종관광명소A투어,T05,0.481125,1.0,48.112522,116
C2,감성 동행형,ct_36cdd5661df6fd,봉화,송이축제 문화유적탐방버스,T02,0.47629,1.0,47.628967,117
C2,감성 동행형,ct_4ba7f5cc1ffeda,부산,서부산생태투어,T05,0.47629,1.0,47.628967,118
C2,감성 동행형,ct_69c07f148cbc8b,봉화,은어축제 문화유적탐방버스,T02,0.47629,1.0,47.628967,119
C2,감성 동행형,ct_9845cf0683e6c7,화천,화천시티투어(백암산케이블카),T04,0.47629,1.0,47.628967,120
C2,감성 동행형,ct_a726fc60353090,청주,청주시티투어_정기투어_초정힐링 투어(토),T04,0.47629,1.0,47.628967,121
C2,감성 동행형,ct_bd00bd65a80b11,연천,역사자연코스,T05,0.47629,1.0,47.628967,122
C2,감성 동행형,ct_bdc4b066f6280d,안동,도산서원&예끼마을테마,T06,0.474579,1.0,47.4579,123
C2,감성 동행형,ct_0946c67481033f,세종,행복투어B,T05,0.471405,1.0,47.140452,124
C2,감성 동행형,ct_20eb1ae44f44d4,밀양,영남알프스권 투어 1,T06,0.471405,1.0,47.140452,125
C2,감성 동행형,ct_52fe5a29aee3e7,합천,합천광역시티투어 누비고,T05,0.471405,1.0,47.140452,126
C2,감성 동행형,ct_75d07d35d33328,진도,진도시티투어,T06,0.470317,1.0,47.031708,127
C2,감성 동행형,ct_6be92119035c7f,영광,"영광쉼,투어",T06,0.468293,1.0,46.829291,128
C2,감성 동행형,ct_07b4b0458851e1,서울,EG투어버스 J코스,T07,0.456435,1.0,45.643546,129
C2,감성 동행형,ct_5997fa12423936,대전,언택트세이프(A),T05,0.456435,1.0,45.643546,130
C2,감성 동행형,ct_59f67b28d9aad1,서울,EG투어버스 G코스,T05,0.456435,1.0,45.643546,131
C2,감성 동행형,ct_62dfed5cce4635,파주,2026 파주시티투어 당일코스(목요일),T05,0.456435,1.0,45.643546,132
C2,감성 동행형,ct_6b11aef24a24ef,순천,(테마투어)생태투어,T05,0.456435,1.0,45.643546,133
C2,감성 동행형,ct_7799bf62ca5138,대전,"광역투어(둘째주, 토)",T05,0.456435,1.0,45.643546,134
C2,감성 동행형,ct_d038c55e01951b,대전,대덕특구탐방,T05,0.456435,1.0,45.643546,135
C2,감성 동행형,ct_ebbc3131233e25,가평,가평순환버스B코스,T05,0.456435,1.0,45.643546,136
C2,감성 동행형,ct_77585e7300bc39,청주,청주시티투어_정기투어_트레킹 투어(토),T05,0.454859,1.0,45.485883,137
C2,감성 동행형,ct_3f9d81407b910a,대전,"광역투어(넷재주, 일)",T05,0.452911,1.0,45.291081,138
C2,감성 동행형,ct_da6b197f9d64eb,대구,테마-방방곡곡(사시사철),T05,0.452911,1.0,45.291081,139
C2,감성 동행형,ct_6f6ed56249f477,대전,"광역투어(첫주, 토)",T05,0.451848,1.0,45.184806,140
C2,감성 동행형,ct_d3a976675ffc53,대구,테마-방방곡곡(낙동강),T05,0.451848,1.0,45.184806,141
C2,감성 동행형,ct_fcbc8def0ff021,공주,여름코스,T07,0.447214,1.0,44.72136,142
C2,감성 동행형,ct_1d8d8a70616c41,경기광주,광주시티투어,T06,0.445566,1.0,44.556639,143
C2,감성 동행형,ct_c53b5abd9a30ab,대전,남부코스,T06,0.445566,1.0,44.556639,144
C2,감성 동행형,ct_ec90f983bc7ed6,안동,하회마을테마,T06,0.444649,1.0,44.464865,145
C2,감성 동행형,ct_68d8eff6357673,양구,해안DMZ트래킹 코스,T02,0.440352,1.0,44.035242,146
C2,감성 동행형,ct_ba3c89379bf8c1,서천,금빛코스,T06,0.436436,1.0,43.643578,147
C2,감성 동행형,ct_c543fc703f1159,익산,순환형1,T06,0.436436,1.0,43.643578,148
C2,감성 동행형,ct_0ed3eb88438a1d,인천,청라투어,T02,0.433013,1.0,43.30127,149
C2,감성 동행형,ct_2528f0bf880396,평창,남부권 코스,T02,0.433013,1.0,43.30127,150
C2,감성 동행형,ct_4b24fed6566e54,해남,해남시티투어,T05,0.433013,1.0,43.30127,151
C2,감성 동행형,ct_572b4d8191127a,영주,선비 코스,T07,0.433013,1.0,43.30127,152
C2,감성 동행형,ct_661e12e8488117,대전,힐링(장태산),T02,0.433013,1.0,43.30127,153
C2,감성 동행형,ct_8b988867d0e267,홍성,남당항 코스,T02,0.433013,1.0,43.30127,154
C2,감성 동행형,ct_c59f7d050e72e0,대전,생태교육,T05,0.433013,1.0,43.30127,155
C2,감성 동행형,ct_f558345dd00dbf,아산,역사기행 코스,T05,0.433013,1.0,43.30127,156
C2,감성 동행형,ct_f8bd00d4bc40b3,순천,(기획투어)나이트가든투어,T03,0.433013,1.0,43.30127,157
C2,감성 동행형,ct_fa87b733ddf357,아산,아산도심핫플코스,T05,0.433013,1.0,43.30127,158
C2,감성 동행형,ct_b8b6f8a37ebdf8,사천,별빛투어,T03,0.427593,1.0,42.759306,159
C2,감성 동행형,ct_03101958100a14,부여,부여테마여행,T06,0.420579,1.0,42.057912,160
C2,감성 동행형,ct_2c0d1fe873d818,천안,화요일,T07,0.416667,1.0,41.666667,161
C2,감성 동행형,ct_59c60fcaf04aa6,인천,교동도투어,T02,0.416667,1.0,41.666667,162
C2,감성 동행형,ct_cfd77d72cf4c59,나주,정기코스,T07,0.416667,1.0,41.666667,163
C2,감성 동행형,ct_ff36074cae8347,양주,자연친화코스1,T02,0.416667,1.0,41.666667,164
C2,감성 동행형,ct_e353674363d7f4,대전,대청호코스,T06,0.468293,0.875,40.975629,165
C2,감성 동행형,ct_2827a8d7943bdf,가평,가평순환버스A코스,T02,0.408248,1.0,40.824829,166
C2,감성 동행형,ct_82edd01ea220e6,화순,화순적벽 버스투어(적벽 셔틀버스),T05,0.408248,1.0,40.824829,167
C2,감성 동행형,ct_f0549cce13f623,대전,힐링(만인산),T05,0.408248,1.0,40.824829,168
C2,감성 동행형,ct_f55bded1011de2,대전,언택트세이프?,T05,0.408248,1.0,40.824829,169
C2,감성 동행형,ct_1d6ad4598dff93,대구,테마-방방곡곡(군위군 돋보기),T05,0.5,0.8,40.0,170
C2,감성 동행형,ct_49fb403c953735,광양,광양역사코스,T07,0.396526,1.0,39.652579,171
C2,감성 동행형,ct_0e4d7f0c7de8e2,대구,송해코스,T07,0.396297,1.0,39.629696,172
C2,감성 동행형,ct_6beed8d2daa9dc,세종,야경투어,T03,0.396297,1.0,39.629696,173
C2,감성 동행형,ct_88364cbd4a5650,곡성,압록권역 순환버스,T02,0.396297,1.0,39.629696,174
C2,감성 동행형,ct_a8b35f46bb8621,세종,행복투어A,T02,0.396297,1.0,39.629696,175
C2,감성 동행형,ct_f355a62ad61675,세종,정원투어,T02,0.396297,1.0,39.629696,176
C2,감성 동행형,ct_fc9f85899d40a4,안산,안산 시내권코스(토요일),T07,0.396297,1.0,39.629696,177
C2,감성 동행형,ct_d1e99a0d119f73,밀양,시내권 투어 1,T06,0.46188,0.857143,39.589733,178
C2,감성 동행형,ct_343d3a1d62c8a5,완주,완주힐링로드 시티투어(코레일연계 익산역),T06,0.390868,1.0,39.086798,179
C2,감성 동행형,ct_02181b9e7a671f,순천,(테마투어)성곽투어,T07,0.388889,1.0,38.888889,180
C2,감성 동행형,ct_1c691124e74222,대구,도동코스,T07,0.387298,1.0,38.729833,181
C2,감성 동행형,ct_1dab0b645e521d,완주,완주힐링로드시티투어 2코스,T06,0.381881,1.0,38.188131,182
C2,감성 동행형,ct_e613bd3839189c,익산,순환형2,T06,0.436436,0.857143,37.408781,183
C2,감성 동행형,ct_17e0dd4d30822e,밀양,삼랑진권 투어,T07,0.369274,1.0,36.927447,184
C2,감성 동행형,ct_0d96bb8740671d,대전,역사문화(동춘당),T07,0.365148,1.0,36.514837,185
C2,감성 동행형,ct_1b0e0fd1157aaa,아산,休캉스 코스,T07,0.365148,1.0,36.514837,186
C2,감성 동행형,ct_52149303f1b0d4,서울,EG투어버스 K 코스,T02,0.365148,1.0,36.514837,187
C2,감성 동행형,ct_6bfb1cb10f19bb,천안,목요일,T07,0.365148,1.0,36.514837,188
C2,감성 동행형,ct_8163a6f43e6f4a,아산,예술맛집 코스,T02,0.365148,1.0,36.514837,189
C2,감성 동행형,ct_8e34c83e5dbe39,이천,농촌체험코스(북부),T02,0.365148,1.0,36.514837,190
C2,감성 동행형,ct_a33d720535a1e1,순천,(테마투어)산사투어,T07,0.365148,1.0,36.514837,191
C2,감성 동행형,ct_b75e8d4cf1e318,대구,테마(야경 11~3월),T03,0.365148,1.0,36.514837,192
C2,감성 동행형,ct_d3c228b00ede2b,파주,2026 파주시티투어 당일코스(화요일),T02,0.365148,1.0,36.514837,193
C2,감성 동행형,ct_e588b4efe19ef3,평창,북부권 코스,T07,0.365148,1.0,36.514837,194
C2,감성 동행형,ct_78497ddd68fd45,사천,우주항공산업투어,T02,0.350667,1.0,35.066719,195
C2,감성 동행형,ct_cf9f8ad6cdda8f,대전,야경,T03,0.456435,0.75,34.23266,196
C2,감성 동행형,ct_f534f220e539af,파주,2026 파주시티투어 당일코스(일요일),T07,0.336788,1.0,33.678766,197
C2,감성 동행형,ct_658464b2619d71,양주,천일홍축제,T07,0.33541,1.0,33.54102,198
C2,감성 동행형,ct_c4d1ab4265b00c,양주,왕실축제,T07,0.33541,1.0,33.54102,199
C2,감성 동행형,ct_7350d2221bf4e5,대전,"광역투어(다섯째주, 일)",T07,0.331061,1.0,33.10611,200
C2,감성 동행형,ct_820bca31911e89,완주,완주힐링로드시티투어 1코스,T06,0.331061,1.0,33.10611,201
C2,감성 동행형,ct_104171b078b959,공주,가을코스,T07,0.322749,1.0,32.274861,202
C2,감성 동행형,ct_62ce3cfd4b2223,대구,현풍코스,T07,0.320256,1.0,32.025631,203
C2,감성 동행형,ct_82029ce72f5013,서울,EG투어버스 D코스,T02,0.320256,1.0,32.025631,204
C2,감성 동행형,ct_cba721781124d5,원주,원주시티투어(순환형),T02,0.31427,1.0,31.426968,205
C2,감성 동행형,ct_084dcff739bc51,김해,김해에반해,T06,0.308476,1.0,30.847635,206
C2,감성 동행형,ct_c0c761a6bb3927,서울,EG투어버스 C코스,T02,0.301511,1.0,30.151134,207
C2,감성 동행형,ct_3ed5105d35b251,서산,A코스,T07,0.29802,1.0,29.801978,208
C2,감성 동행형,ct_6e6a0f2ecaee7f,양주,기본코스,T07,0.29802,1.0,29.801978,209
C2,감성 동행형,ct_c825dbc2a63555,파주,2026 파주시티투어 1박2일코스(토요일~일요일),T06,0.288675,1.0,28.867513,210
C2,감성 동행형,ct_1c94bb0caf5c4f,안성,안성시티투어,T02,0.283069,1.0,28.306926,211
C2,감성 동행형,ct_7d1c2151bda037,순천,(테마투어)세계유산투어,T07,0.283069,1.0,28.306926,212
C2,감성 동행형,ct_636360ac200b66,대전,"광역투어(셋째주, 일)",T07,0.276385,1.0,27.63854,213
C2,감성 동행형,ct_10510d067f8caa,서울,EG투어버스 A코스,T02,0.273861,1.0,27.386128,214
C2,감성 동행형,ct_1a59c2f3801f38,대전,역사문화(효월드),T07,0.273861,1.0,27.386128,215
C2,감성 동행형,ct_9f8a8ca65b1ebb,파주,2026 파주시티투어 당일코스(토요일),T07,0.273861,1.0,27.386128,216
C2,감성 동행형,ct_d916d0f4237246,파주,2026 파주시티투어 당일코스(금요일),T02,0.273861,1.0,27.386128,217
C2,감성 동행형,ct_2d7ad6be7d0219,공주,봄코스,T07,0.259808,1.0,25.980762,218
C2,감성 동행형,ct_2749460936eb31,공주,반일코스,T07,0.258199,1.0,25.819889,219
C2,감성 동행형,ct_3764c5ee83c6b9,대전,"광역투어(넷재주, 토)",T07,0.258199,1.0,25.819889,220
C2,감성 동행형,ct_cec518ee1213c1,양주,서울우유견학코스,T07,0.258199,1.0,25.819889,221
C2,감성 동행형,ct_2921659630cea0,서울,EG투어버스 B코스,T02,0.204124,1.0,20.412415,222
C2,감성 동행형,ct_38e990a88a3094,춘천,수요일,T07,0.204124,1.0,20.412415,223
C2,감성 동행형,ct_4212deac479d6b,세종,역사문화투어,T07,0.204124,1.0,20.412415,224
C2,감성 동행형,ct_64b3f2e630ba51,여수,다크투어리즘코스,T07,0.204124,1.0,20.412415,225
C2,감성 동행형,ct_73908901775f5c,익산,세계유산코스,T07,0.204124,1.0,20.412415,226
C2,감성 동행형,ct_82e2c317c54d7e,양주,역사투어,T07,0.204124,1.0,20.412415,227
C2,감성 동행형,ct_a70933018dfe45,여수,이순신문화유적코스,T07,0.204124,1.0,20.412415,228
C2,감성 동행형,ct_b3b0773f44a533,안산,대부도 해변코스(체험형 1코스),T02,0.204124,1.0,20.412415,229
C2,감성 동행형,ct_ba06e511559567,홍성,역사·문화 코스,T07,0.204124,1.0,20.412415,230
C2,감성 동행형,ct_caab077d4954a7,김해,역사에반해,T07,0.204124,1.0,20.412415,231
C2,감성 동행형,ct_db611b0ecd14e4,대전,다크투어,T07,0.204124,1.0,20.412415,232
C2,감성 동행형,ct_e4521f5325216f,양주,박물관투어,T07,0.204124,1.0,20.412415,233
C2,감성 동행형,ct_f48a1e387a5d08,이천,농촌체험코스(중부),T02,0.204124,1.0,20.412415,234
C3,가족 체험형,ct_b8b6f8a37ebdf8,사천,별빛투어,T03,0.96985,1.0,96.985022,1
C3,가족 체험형,ct_0f4dbe3b938a90,여수,2층주간코스,T02,0.96959,1.0,96.958969,2
C3,가족 체험형,ct_75d07d35d33328,진도,진도시티투어,T06,0.967353,1.0,96.735303,3
C3,가족 체험형,ct_c68da356b898d6,여주,꽃섬투어,T02,0.964396,1.0,96.439594,4
C3,가족 체험형,ct_2be78db2f756ab,인천,바다노선,T02,0.944911,1.0,94.491118,5
C3,가족 체험형,ct_f6d09076696e6d,양구,힐링산책코스,T02,0.938194,1.0,93.819419,6
C3,가족 체험형,ct_82029ce72f5013,서울,EG투어버스 D코스,T02,0.936057,1.0,93.605658,7
C3,가족 체험형,ct_cba721781124d5,원주,원주시티투어(순환형),T02,0.918559,1.0,91.855865,8
C3,가족 체험형,ct_d756b69f16e800,청주,청주시티투어_정기투어_힐링로드 투어(토),T02,0.918559,1.0,91.855865,9
C3,가족 체험형,ct_c0c761a6bb3927,서울,EG투어버스 C코스,T02,0.913908,1.0,91.390769,10
C3,가족 체험형,ct_78497ddd68fd45,사천,우주항공산업투어,T02,0.91106,1.0,91.106009,11
C3,가족 체험형,ct_5728bf247a42c1,제천,시티투어,T02,0.904534,1.0,90.453403,12
C3,가족 체험형,ct_55438211f07ef0,임실,명소탐방 임실 시티투어,T04,0.894427,1.0,89.442719,13
C3,가족 체험형,ct_2921659630cea0,서울,EG투어버스 B코스,T02,0.883883,1.0,88.388348,14
C3,가족 체험형,ct_b3b0773f44a533,안산,대부도 해변코스(체험형 1코스),T02,0.883883,1.0,88.388348,15
C3,가족 체험형,ct_f48a1e387a5d08,이천,농촌체험코스(중부),T02,0.883883,1.0,88.388348,16
C3,가족 체험형,ct_10510d067f8caa,서울,EG투어버스 A코스,T02,0.869626,1.0,86.962636,17
C3,가족 체험형,ct_52149303f1b0d4,서울,EG투어버스 K 코스,T02,0.869626,1.0,86.962636,18
C3,가족 체험형,ct_8163a6f43e6f4a,아산,예술맛집 코스,T02,0.869626,1.0,86.962636,19
C3,가족 체험형,ct_8e34c83e5dbe39,이천,농촌체험코스(북부),T02,0.869626,1.0,86.962636,20
C3,가족 체험형,ct_b75e8d4cf1e318,대구,테마(야경 11~3월),T03,0.869626,1.0,86.962636,21
C3,가족 체험형,ct_d3c228b00ede2b,파주,2026 파주시티투어 당일코스(화요일),T02,0.869626,1.0,86.962636,22
C3,가족 체험형,ct_d916d0f4237246,파주,2026 파주시티투어 당일코스(금요일),T02,0.869626,1.0,86.962636,23
C3,가족 체험형,ct_86dc46ed127655,청주,청주시티투어_정기투어_청남대 투어(수토일),T04,0.868599,1.0,86.859904,24
C3,가족 체험형,ct_00435b9cca499b,포항,퐝랜드마크A코스,T04,0.866845,1.0,86.684512,25
C3,가족 체험형,ct_5e83dbf18d6227,울산,장생포 대왕암 코스,T01,0.866845,1.0,86.684512,26
C3,가족 체험형,ct_516add9e1cef4a,정선,와와정선 2층 투어버스,T02,0.866025,1.0,86.60254,27
C3,가족 체험형,ct_59c60fcaf04aa6,인천,교동도투어,T02,0.866025,1.0,86.60254,28
C3,가족 체험형,ct_ca13864967c1fb,세종,세종관광명소B투어,T02,0.866025,1.0,86.60254,29
C3,가족 체험형,ct_ed3a5516a8c6ca,연천,안보자연코스,T02,0.866025,1.0,86.60254,30
C3,가족 체험형,ct_ff36074cae8347,양주,자연친화코스1,T02,0.866025,1.0,86.60254,31
C3,가족 체험형,ct_2f8d9c4d57db08,서천,힐링코스,T06,0.852803,1.0,85.280287,32
C3,가족 체험형,ct_424fda831e8a80,인천,인천레트로노선,T04,0.85042,1.0,85.042006,33
C3,가족 체험형,ct_2390c56fce5420,울산,태화강 국가정원 코스,T06,0.84275,1.0,84.274983,34
C3,가족 체험형,ct_1c94bb0caf5c4f,안성,안성시티투어,T02,0.833494,1.0,83.349357,35
C3,가족 체험형,ct_6beed8d2daa9dc,세종,야경투어,T03,0.833494,1.0,83.349357,36
C3,가족 체험형,ct_88364cbd4a5650,곡성,압록권역 순환버스,T02,0.833494,1.0,83.349357,37
C3,가족 체험형,ct_a8b35f46bb8621,세종,행복투어A,T02,0.833494,1.0,83.349357,38
C3,가족 체험형,ct_f355a62ad61675,세종,정원투어,T02,0.833494,1.0,83.349357,39
C3,가족 체험형,ct_68d8eff6357673,양구,해안DMZ트래킹 코스,T02,0.83205,1.0,83.205029,40
C3,가족 체험형,ct_61845aa89a1c1a,홍천,홍천시티투어,T06,0.824644,1.0,82.464375,41
C3,가족 체험형,ct_14b70a907c3324,안산,대부도 해변코스(일반형 1코스),T01,0.816497,1.0,81.649658,42
C3,가족 체험형,ct_c53b5abd9a30ab,대전,남부코스,T06,0.814618,1.0,81.461828,43
C3,가족 체험형,ct_2827a8d7943bdf,가평,가평순환버스A코스,T02,0.813173,1.0,81.31728,44
C3,가족 체험형,ct_b97fea5cc3f414,광양,광양힐링코스,T06,0.802955,1.0,80.295507,45
C3,가족 체험형,ct_618497cad743bc,양구,방산나들이코스,T04,0.795495,1.0,79.549513,46
C3,가족 체험형,ct_84ffabae716404,홍성,죽도코스,T04,0.795495,1.0,79.549513,47
C3,가족 체험형,ct_330d0bc9cd3d05,서산,B코스,T04,0.790569,1.0,79.056942,48
C3,가족 체험형,ct_94cebe436c068a,서산,C코스,T04,0.790569,1.0,79.056942,49
C3,가족 체험형,ct_ff41dfabaec78b,여수,야경코스,T03,0.790569,1.0,79.056942,50
C3,가족 체험형,ct_d0cdc53f7d6755,춘천,월요일,T04,0.788241,1.0,78.824078,51
C3,가족 체험형,ct_0ebeda6387230e,안산,대부도 뱃길코스(체험형 2코스),T01,0.784465,1.0,78.446454,52
C3,가족 체험형,ct_53a12bc8caced9,화천,화천시티투어(평화누리호),T06,0.782624,1.0,78.262379,53
C3,가족 체험형,ct_a8823fdcbfa445,화성,바다와 하루,T01,0.774278,1.0,77.42781,54
C3,가족 체험형,ct_6ec0ad7a54e92d,서천,문화코스,T06,0.77407,1.0,77.407027,55
C3,가족 체험형,ct_36cdd5661df6fd,봉화,송이축제 문화유적탐방버스,T02,0.766032,1.0,76.603235,56
C3,가족 체험형,ct_3dd54d8970e115,의정부,의정부포레스트:오감이 깨어나는 숲 속 여행,T04,0.766032,1.0,76.603235,57
C3,가족 체험형,ct_68e342ed3c052f,익산,익산숨은보석찾기코스,T04,0.766032,1.0,76.603235,58
C3,가족 체험형,ct_69c07f148cbc8b,봉화,은어축제 문화유적탐방버스,T02,0.766032,1.0,76.603235,59
C3,가족 체험형,ct_9845cf0683e6c7,화천,화천시티투어(백암산케이블카),T04,0.766032,1.0,76.603235,60
C3,가족 체험형,ct_a726fc60353090,청주,청주시티투어_정기투어_초정힐링 투어(토),T04,0.766032,1.0,76.603235,61
C3,가족 체험형,ct_c83f7c6960b76b,부산,레드라인,T06,0.753778,1.0,75.377836,62
C3,가족 체험형,ct_0ed3eb88438a1d,인천,청라투어,T02,0.75,1.0,75.0,63
C3,가족 체험형,ct_2528f0bf880396,평창,남부권 코스,T02,0.75,1.0,75.0,64
C3,가족 체험형,ct_661e12e8488117,대전,힐링(장태산),T02,0.75,1.0,75.0,65
C3,가족 체험형,ct_8b988867d0e267,홍성,남당항 코스,T02,0.75,1.0,75.0,66
C3,가족 체험형,ct_c825dbc2a63555,파주,2026 파주시티투어 1박2일코스(토요일~일요일),T06,0.75,1.0,75.0,67
C3,가족 체험형,ct_e346ea988fedc3,포항,씨(SEA)하게 보는 포항코스,T04,0.742322,1.0,74.232181,68
C3,가족 체험형,ct_15ca3909485d66,서천,광역코스,T04,0.735436,1.0,73.543551,69
C3,가족 체험형,ct_6b62f6c5e28b9c,사천,바다투어,T06,0.728869,1.0,72.886899,70
C3,가족 체험형,ct_0946c67481033f,세종,행복투어B,T05,0.714435,1.0,71.443451,71
C3,가족 체험형,ct_20eb1ae44f44d4,밀양,영남알프스권 투어 1,T06,0.714435,1.0,71.443451,72
C3,가족 체험형,ct_507ac7569b1306,서천,보랏빛코스,T04,0.714435,1.0,71.443451,73
C3,가족 체험형,ct_52fe5a29aee3e7,합천,합천광역시티투어 누비고,T05,0.714435,1.0,71.443451,74
C3,가족 체험형,ct_a0af2538872792,서천,전라권코스,T04,0.714435,1.0,71.443451,75
C3,가족 체험형,ct_a407c821a8382e,서울,EG투어버스 H코스,T04,0.714435,1.0,71.443451,76
C3,가족 체험형,ct_aabd87818ef08f,서울,EG투어버스 I코스,T04,0.714435,1.0,71.443451,77
C3,가족 체험형,ct_e4444e050c482f,천안,일요일,T04,0.714435,1.0,71.443451,78
C3,가족 체험형,ct_956d44d9a821ed,양산,2025 6월 시티투어,T04,0.707107,1.0,70.710678,79
C3,가족 체험형,ct_dfc58b1c3324c1,춘천,금요일,T06,0.688247,1.0,68.82472,80
C3,가족 체험형,ct_36b90ac2b7ebec,태백,황지자유시장 코스,T04,0.6875,1.0,68.75,81
C3,가족 체험형,ct_e353674363d7f4,대전,대청호코스,T06,0.770552,0.875,67.423278,82
C3,가족 체험형,ct_2c5b83ca1acb5c,춘천,토요일,T06,0.672194,1.0,67.219362,83
C3,가족 체험형,ct_72a42eb150b5d4,춘천,일요일,T06,0.672194,1.0,67.219362,84
C3,가족 체험형,ct_aa87321b8b5003,창원,창원시티투어,T06,0.669518,1.0,66.951839,85
C3,가족 체험형,ct_1845f5c9950df4,목포,별빛물결시티투어,T03,0.668153,1.0,66.81531,86
C3,가족 체험형,ct_3aa92169f5cb7c,군산,(익산역 출발) 고군산시간여행코스,T06,0.668153,1.0,66.81531,87
C3,가족 체험형,ct_9d994e07488f57,삼척,종일코스,T04,0.668153,1.0,66.81531,88
C3,가족 체험형,ct_abd1e371e69550,정선,아리랑열차 연계형 시티투어2,T04,0.668153,1.0,66.81531,89
C3,가족 체험형,ct_ac7ca37140e6b6,포항,퐝랜드마크B코스,T04,0.668153,1.0,66.81531,90
C3,가족 체험형,ct_1dab0b645e521d,완주,완주힐링로드시티투어 2코스,T06,0.661438,1.0,66.143783,91
C3,가족 체험형,ct_7dba0d730780c9,서천,동백코스(익산-군산 광역),T04,0.661438,1.0,66.143783,92
C3,가족 체험형,ct_c543fc703f1159,익산,순환형1,T06,0.661438,1.0,66.143783,93
C3,가족 체험형,ct_aa2937d4d2a2d0,목포,목포랑시티투어,T06,0.658706,1.0,65.870648,94
C3,가족 체험형,ct_7cdced2e0d065a,여주,시티투어,T06,0.655789,1.0,65.578924,95
C3,가족 체험형,ct_8de53de429d379,포항,퐝순환코스,T04,0.649519,1.0,64.951905,96
C3,가족 체험형,ct_23c35eeaf17398,곡성,읍권 순환버스,T06,0.648181,1.0,64.818122,97
C3,가족 체험형,ct_1d8d8a70616c41,경기광주,광주시티투어,T06,0.64312,1.0,64.311969,98
C3,가족 체험형,ct_7d1c2151bda037,순천,(테마투어)세계유산투어,T07,0.637377,1.0,63.737744,99
C3,가족 체험형,ct_9857f916bfa916,대구,도심순환코스(12개 정류장),T06,0.633866,1.0,63.386569,100
C3,가족 체험형,ct_bdc4b066f6280d,안동,도산서원&예끼마을테마,T06,0.616496,1.0,61.64962,101
C3,가족 체험형,ct_edd6e5375f387f,부산,그린라인,T06,0.606339,1.0,60.633906,102
C3,가족 체험형,ct_a11be8ffeee88a,태백,통리장 코스,T04,0.601338,1.0,60.133779,103
C3,가족 체험형,ct_de90b5933f0b40,청도,시티투어,T04,0.601338,1.0,60.133779,104
C3,가족 체험형,ct_b6060e0e38a765,안산,대부도 뱃길코스(일반형 2코스),T01,0.600481,1.0,60.048058,105
C3,가족 체험형,ct_166c38f36d6640,춘천,목요일,T05,0.57735,1.0,57.735027,106
C3,가족 체험형,ct_1fe72a79d47a7f,서울,EG투어버스 E코스,T07,0.57735,1.0,57.735027,107
C3,가족 체험형,ct_2c0d1fe873d818,천안,화요일,T07,0.57735,1.0,57.735027,108
C3,가족 체험형,ct_40252d247000a5,안동,야간도심테마,T03,0.57735,1.0,57.735027,109
C3,가족 체험형,ct_4309f65e431d83,아산,인생네컷 코스,T05,0.57735,1.0,57.735027,110
C3,가족 체험형,ct_4e0d701d9aadd5,대구,테마(야경 4~10월),T03,0.57735,1.0,57.735027,111
C3,가족 체험형,ct_6c466761af057c,대전,"광역투어(둘째주, 일)",T05,0.57735,1.0,57.735027,112
C3,가족 체험형,ct_c410c248858e88,서울,EG투어버스 L코스,T04,0.57735,1.0,57.735027,113
C3,가족 체험형,ct_cfd77d72cf4c59,나주,정기코스,T07,0.57735,1.0,57.735027,114
C3,가족 체험형,ct_941018a965809c,광양,야경코스,T03,0.576022,1.0,57.602211,115
C3,가족 체험형,ct_7350d2221bf4e5,대전,"광역투어(다섯째주, 일)",T07,0.573415,1.0,57.341464,116
C3,가족 체험형,ct_820bca31911e89,완주,완주힐링로드시티투어 1코스,T06,0.573415,1.0,57.341464,117
C3,가족 체험형,ct_e613bd3839189c,익산,순환형2,T06,0.661438,0.857143,56.694671,118
C3,가족 체험형,ct_566165b1b827e0,천안,토요일,T05,0.559017,1.0,55.901699,119
C3,가족 체험형,ct_1a59c2f3801f38,대전,역사문화(효월드),T07,0.553399,1.0,55.339859,120
C3,가족 체험형,ct_59f67b28d9aad1,서울,EG투어버스 G코스,T05,0.553399,1.0,55.339859,121
C3,가족 체험형,ct_9f8a8ca65b1ebb,파주,2026 파주시티투어 당일코스(토요일),T07,0.553399,1.0,55.339859,122
C3,가족 체험형,ct_ebbc3131233e25,가평,가평순환버스B코스,T05,0.553399,1.0,55.339859,123
C3,가족 체험형,ct_a1bc285f9c2881,여수,제1코스,T04,0.548673,1.0,54.867264,124
C3,가족 체험형,ct_506425657ddce1,완주,완주힐링로드 시티투어(서울권역),T06,0.545705,1.0,54.570516,125
C3,가족 체험형,ct_a7d1b6cc26e056,안산,대부도 뱃길코스(일반형 1코스),T01,0.544331,1.0,54.433105,126
C3,가족 체험형,ct_4be058672a95ae,시흥,테마형 정기코스,T01,0.540433,1.0,54.043252,127
C3,가족 체험형,ct_a7f13a177e5633,여수,제2코스,T01,0.537853,1.0,53.785287,128
C3,가족 체험형,ct_bd2de54ec11e6b,양산,양산시 가을 시티투어 (자연관광코스),T04,0.714435,0.75,53.582588,129
C3,가족 체험형,ct_0af000fbdb8ad6,동해,관광문화코스,T04,0.53033,1.0,53.033009,130
C3,가족 체험형,ct_4ba7f5cc1ffeda,부산,서부산생태투어,T05,0.53033,1.0,53.033009,131
C3,가족 체험형,ct_bd00bd65a80b11,연천,역사자연코스,T05,0.53033,1.0,53.033009,132
C3,가족 체험형,ct_343d3a1d62c8a5,완주,완주힐링로드 시티투어(코레일연계 익산역),T06,0.523139,1.0,52.313884,133
C3,가족 체험형,ct_74128602fb5dca,태안,북부코스,T01,0.520031,1.0,52.003143,134
C3,가족 체험형,ct_658464b2619d71,양주,천일홍축제,T07,0.516398,1.0,51.639778,135
C3,가족 체험형,ct_c4d1ab4265b00c,양주,왕실축제,T07,0.516398,1.0,51.639778,136
C3,가족 체험형,ct_fe508b5dbba88f,세종,역사산책투어,T05,0.516398,1.0,51.639778,137
C3,가족 체험형,ct_d1e99a0d119f73,밀양,시내권 투어 1,T06,0.6,0.857143,51.428571,138
C3,가족 체험형,ct_084dcff739bc51,김해,김해에반해,T06,0.493197,1.0,49.319696,139
C3,가족 체험형,ct_77585e7300bc39,청주,청주시티투어_정기투어_트레킹 투어(토),T05,0.492399,1.0,49.239912,140
C3,가족 체험형,ct_17e0dd4d30822e,밀양,삼랑진권 투어,T07,0.479702,1.0,47.970161,141
C3,가족 체험형,ct_5c692156a089c1,파주,2026 파주시티투어 당일코스(수요일),T05,0.472456,1.0,47.245559,142
C3,가족 체험형,ct_ba3c89379bf8c1,서천,금빛코스,T06,0.472456,1.0,47.245559,143
C3,가족 체험형,ct_c3ec7bb154c2c1,대전,언택트세이프(B),T05,0.472456,1.0,47.245559,144
C3,가족 체험형,ct_4e89a607500203,태안,광역코스,T01,0.467707,1.0,46.770717,145
C3,가족 체험형,ct_1def3d2a58e430,부산,오렌지라인,T06,0.464991,1.0,46.499055,146
C3,가족 체험형,ct_1d6ad4598dff93,대구,테마-방방곡곡(군위군 돋보기),T05,0.57735,0.8,46.188022,147
C3,가족 체험형,ct_2749460936eb31,공주,반일코스,T07,0.447214,1.0,44.72136,148
C3,가족 체험형,ct_3764c5ee83c6b9,대전,"광역투어(넷재주, 토)",T07,0.447214,1.0,44.72136,149
C3,가족 체험형,ct_cec518ee1213c1,양주,서울우유견학코스,T07,0.447214,1.0,44.72136,150
C3,가족 체험형,ct_6be92119035c7f,영광,"영광쉼,투어",T06,0.446109,1.0,44.610891,151
C3,가족 체험형,ct_ec90f983bc7ed6,안동,하회마을테마,T06,0.420084,1.0,42.008403,152
C3,가족 체험형,ct_6df930eb64d3ad,세종,세종관광명소A투어,T05,0.416667,1.0,41.666667,153
C3,가족 체험형,ct_f534f220e539af,파주,2026 파주시티투어 당일코스(일요일),T07,0.416667,1.0,41.666667,154
C3,가족 체험형,ct_cf9f8ad6cdda8f,대전,야경,T03,0.553399,0.75,41.504894,155
C3,가족 체험형,ct_83465bf3a690f2,여수,야간테마코스(시간을달리는버스커),T03,0.413434,1.0,41.343443,156
C3,가족 체험형,ct_83afdb6c6bad30,시흥,순환형 2층버스,T01,0.412479,1.0,41.247896,157
C3,가족 체험형,ct_596ccaeb2861f9,태안,남부코스,T04,0.391312,1.0,39.13119,158
C3,가족 체험형,ct_987d7b91b042a8,완도,해양치유시티투어,T06,0.391312,1.0,39.13119,159
C3,가족 체험형,ct_b2af495e1760b5,안산,대부도 뱃길코스(체험형 1코스),T01,0.391312,1.0,39.13119,160
C3,가족 체험형,ct_c722d90ff66eb2,홍성,"전통시장코스(광천) 4,9일 운영",T04,0.387298,1.0,38.729833,161
C3,가족 체험형,ct_ff41044d0b7080,부산,동부산테마노선,T01,0.385872,1.0,38.587182,162
C3,가족 체험형,ct_02181b9e7a671f,순천,(테마투어)성곽투어,T07,0.3849,1.0,38.490018,163
C3,가족 체험형,ct_5082aae98cb9d3,부산,야경투어,T03,0.375,1.0,37.5,164
C3,가족 체험형,ct_c343406b7388f2,군산,고군산시간여행코스,T01,0.375,1.0,37.5,165
C3,가족 체험형,ct_c93b13bf48e761,영주,물돌이 코스,T05,0.371391,1.0,37.139068,166
C3,가족 체험형,ct_03101958100a14,부여,부여테마여행,T06,0.364232,1.0,36.42322,167
C3,가족 체험형,ct_8171ca90d9fa99,제주,야간코스(7월말~8월말 운영),T03,0.357217,1.0,35.721725,168
C3,가족 체험형,ct_008becedc70ab4,인천,무의도투어,T01,0.353553,1.0,35.355339,169
C3,가족 체험형,ct_30fd00f9cfda89,인천,선재영흥투어,T01,0.353553,1.0,35.355339,170
C3,가족 체험형,ct_3ed5105d35b251,서산,A코스,T07,0.344124,1.0,34.41236,171
C3,가족 체험형,ct_6e6a0f2ecaee7f,양주,기본코스,T07,0.344124,1.0,34.41236,172
C3,가족 체험형,ct_ab2a31c9b0dd1c,안동,주간도심테마,T06,0.365148,0.875,31.950483,173
C3,가족 체험형,ct_ec6acb453717fd,안산,대부도 해변코스(일반형 2코스),T05,0.316228,1.0,31.622777,174
C3,가족 체험형,ct_98323d74dbd87a,제주,순환형코스,T06,0.308158,1.0,30.815782,175
C3,가족 체험형,ct_1d32ffebd246d5,홍성,"전통시장코스(홍성) 1,6일 운영",T05,0.306186,1.0,30.618622,176
C3,가족 체험형,ct_b53b246e98a9cd,인천,석모도투어,T05,0.306186,1.0,30.618622,177
C3,가족 체험형,ct_b96c711c2cd94d,예산,예산군 버스투어,T04,0.306186,1.0,30.618622,178
C3,가족 체험형,ct_636360ac200b66,대전,"광역투어(셋째주, 일)",T07,0.304636,1.0,30.46359,179
C3,가족 체험형,ct_a3932d2baa3d16,안산,안산 시내권코스(목요일),T05,0.294628,1.0,29.462783,180
C3,가족 체험형,ct_c188dbb343674a,서천,푸른빛코스,T05,0.294628,1.0,29.462783,181
C3,가족 체험형,ct_0b7a755a267601,여수,2층야간코스,T03,0.290474,1.0,29.047375,182
C3,가족 체험형,ct_037c18bb42946f,세종,천안연계투어,T07,0.288675,1.0,28.867513,183
C3,가족 체험형,ct_79a18eaed83932,양산,양산시 가을 시티투어 (역사문화코스),T07,0.288675,1.0,28.867513,184
C3,가족 체험형,ct_809907e22355c9,연천,연천명소코스,T05,0.288675,1.0,28.867513,185
C3,가족 체험형,ct_a8a8ecfbd0eefc,대전,"광역투어(다섯째주, 토)",T04,0.288675,1.0,28.867513,186
C3,가족 체험형,ct_2d10b95a5e902e,대전,"광역투어(첫주, 일)",T06,0.283473,1.0,28.347335,187
C3,가족 체험형,ct_45e65111200294,대전,"광역투어(셋째주, 토)",T06,0.283473,1.0,28.347335,188
C3,가족 체험형,ct_452018aaa6c847,춘천,화요일,T05,0.266501,1.0,26.65009,189
C3,가족 체험형,ct_fcbc8def0ff021,공주,여름코스,T07,0.258199,1.0,25.819889,190
C3,가족 체험형,ct_49fb403c953735,광양,광양역사코스,T07,0.257551,1.0,25.755106,191
C3,가족 체험형,ct_4b24fed6566e54,해남,해남시티투어,T05,0.25,1.0,25.0,192
C3,가족 체험형,ct_572b4d8191127a,영주,선비 코스,T07,0.25,1.0,25.0,193
C3,가족 체험형,ct_c59f7d050e72e0,대전,생태교육,T05,0.25,1.0,25.0,194
C3,가족 체험형,ct_f558345dd00dbf,아산,역사기행 코스,T05,0.25,1.0,25.0,195
C3,가족 체험형,ct_f8bd00d4bc40b3,순천,(기획투어)나이트가든투어,T03,0.25,1.0,25.0,196
C3,가족 체험형,ct_fa87b733ddf357,아산,아산도심핫플코스,T05,0.25,1.0,25.0,197
C3,가족 체험형,ct_0e4d7f0c7de8e2,대구,송해코스,T07,0.245145,1.0,24.514517,198
C3,가족 체험형,ct_3f9d81407b910a,대전,"광역투어(넷재주, 일)",T05,0.245145,1.0,24.514517,199
C3,가족 체험형,ct_da6b197f9d64eb,대구,테마-방방곡곡(사시사철),T05,0.245145,1.0,24.514517,200
C3,가족 체험형,ct_fc9f85899d40a4,안산,안산 시내권코스(토요일),T07,0.245145,1.0,24.514517,201
C3,가족 체험형,ct_07b4b0458851e1,서울,EG투어버스 J코스,T07,0.237171,1.0,23.717082,202
C3,가족 체험형,ct_0d96bb8740671d,대전,역사문화(동춘당),T07,0.237171,1.0,23.717082,203
C3,가족 체험형,ct_1b0e0fd1157aaa,아산,休캉스 코스,T07,0.237171,1.0,23.717082,204
C3,가족 체험형,ct_3e1bfccd397508,세종,봄꽃파닭A투어,T05,0.237171,1.0,23.717082,205
C3,가족 체험형,ct_5997fa12423936,대전,언택트세이프(A),T05,0.237171,1.0,23.717082,206
C3,가족 체험형,ct_62dfed5cce4635,파주,2026 파주시티투어 당일코스(목요일),T05,0.237171,1.0,23.717082,207
C3,가족 체험형,ct_6b11aef24a24ef,순천,(테마투어)생태투어,T05,0.237171,1.0,23.717082,208
C3,가족 체험형,ct_6bfb1cb10f19bb,천안,목요일,T07,0.237171,1.0,23.717082,209
C3,가족 체험형,ct_7799bf62ca5138,대전,"광역투어(둘째주, 토)",T05,0.237171,1.0,23.717082,210
C3,가족 체험형,ct_a33d720535a1e1,순천,(테마투어)산사투어,T07,0.237171,1.0,23.717082,211
C3,가족 체험형,ct_a8b6f564bf7384,세종,봄꽃파닭B투어,T05,0.237171,1.0,23.717082,212
C3,가족 체험형,ct_d038c55e01951b,대전,대덕특구탐방,T05,0.237171,1.0,23.717082,213
C3,가족 체험형,ct_e588b4efe19ef3,평창,북부권 코스,T07,0.237171,1.0,23.717082,214
C3,가족 체험형,ct_104171b078b959,공주,가을코스,T07,0.223607,1.0,22.36068,215
C3,가족 체험형,ct_1c691124e74222,대구,도동코스,T07,0.223607,1.0,22.36068,216
C3,가족 체험형,ct_6f6ed56249f477,대전,"광역투어(첫주, 토)",T05,0.223607,1.0,22.36068,217
C3,가족 체험형,ct_d3a976675ffc53,대구,테마-방방곡곡(낙동강),T05,0.223607,1.0,22.36068,218
C3,가족 체험형,ct_62ce3cfd4b2223,대구,현풍코스,T07,0.208013,1.0,20.801257,219
C3,가족 체험형,ct_2d7ad6be7d0219,공주,봄코스,T07,0.2,1.0,20.0,220
C3,가족 체험형,ct_38e990a88a3094,춘천,수요일,T07,0.176777,1.0,17.67767,221
C3,가족 체험형,ct_4212deac479d6b,세종,역사문화투어,T07,0.176777,1.0,17.67767,222
C3,가족 체험형,ct_64b3f2e630ba51,여수,다크투어리즘코스,T07,0.176777,1.0,17.67767,223
C3,가족 체험형,ct_73908901775f5c,익산,세계유산코스,T07,0.176777,1.0,17.67767,224
C3,가족 체험형,ct_82e2c317c54d7e,양주,역사투어,T07,0.176777,1.0,17.67767,225
C3,가족 체험형,ct_82edd01ea220e6,화순,화순적벽 버스투어(적벽 셔틀버스),T05,0.176777,1.0,17.67767,226
C3,가족 체험형,ct_a70933018dfe45,여수,이순신문화유적코스,T07,0.176777,1.0,17.67767,227
C3,가족 체험형,ct_ba06e511559567,홍성,역사·문화 코스,T07,0.176777,1.0,17.67767,228
C3,가족 체험형,ct_caab077d4954a7,김해,역사에반해,T07,0.176777,1.0,17.67767,229
C3,가족 체험형,ct_db611b0ecd14e4,대전,다크투어,T07,0.176777,1.0,17.67767,230
C3,가족 체험형,ct_e4521f5325216f,양주,박물관투어,T07,0.176777,1.0,17.67767,231
C3,가족 체험형,ct_f0549cce13f623,대전,힐링(만인산),T05,0.176777,1.0,17.67767,232
C3,가족 체험형,ct_f55bded1011de2,대전,언택트세이프?,T05,0.176777,1.0,17.67767,233
C3,가족 체험형,ct_a98893fa363590,양산,봄꽃체험코스,T04,0.25,0.666667,16.666667,234
C4,문화 산책형,ct_2d10b95a5e902e,대전,"광역투어(첫주, 일)",T06,0.995341,1.0,99.53414,1
C4,문화 산책형,ct_45e65111200294,대전,"광역투어(셋째주, 토)",T06,0.995341,1.0,99.53414,2
C4,문화 산책형,ct_fcbc8def0ff021,공주,여름코스,T07,0.982147,1.0,98.214656,3
C4,문화 산책형,ct_037c18bb42946f,세종,천안연계투어,T07,0.979819,1.0,97.98192,4
C4,문화 산책형,ct_79a18eaed83932,양산,양산시 가을 시티투어 (역사문화코스),T07,0.979819,1.0,97.98192,5
C4,문화 산책형,ct_ec90f983bc7ed6,안동,하회마을테마,T06,0.975148,1.0,97.514781,6
C4,문화 산책형,ct_03101958100a14,부여,부여테마여행,T06,0.966283,1.0,96.62835,7
C4,문화 산책형,ct_a3932d2baa3d16,안산,안산 시내권코스(목요일),T05,0.96554,1.0,96.55402,8
C4,문화 산책형,ct_c188dbb343674a,서천,푸른빛코스,T05,0.96554,1.0,96.55402,9
C4,문화 산책형,ct_0e4d7f0c7de8e2,대구,송해코스,T07,0.964054,1.0,96.405361,10
C4,문화 산책형,ct_fc9f85899d40a4,안산,안산 시내권코스(토요일),T07,0.964054,1.0,96.405361,11
C4,문화 산책형,ct_0d96bb8740671d,대전,역사문화(동춘당),T07,0.962303,1.0,96.230317,12
C4,문화 산책형,ct_1b0e0fd1157aaa,아산,休캉스 코스,T07,0.962303,1.0,96.230317,13
C4,문화 산책형,ct_6bfb1cb10f19bb,천안,목요일,T07,0.962303,1.0,96.230317,14
C4,문화 산책형,ct_a33d720535a1e1,순천,(테마투어)산사투어,T07,0.962303,1.0,96.230317,15
C4,문화 산책형,ct_e588b4efe19ef3,평창,북부권 코스,T07,0.962303,1.0,96.230317,16
C4,문화 산책형,ct_572b4d8191127a,영주,선비 코스,T07,0.955836,1.0,95.583604,17
C4,문화 산책형,ct_ba3c89379bf8c1,서천,금빛코스,T06,0.951104,1.0,95.1104,18
C4,문화 산책형,ct_506425657ddce1,완주,완주힐링로드 시티투어(서울권역),T06,0.950953,1.0,95.09527,19
C4,문화 산책형,ct_104171b078b959,공주,가을코스,T07,0.942163,1.0,94.216306,20
C4,문화 산책형,ct_566165b1b827e0,천안,토요일,T05,0.942163,1.0,94.216306,21
C4,문화 산책형,ct_4b24fed6566e54,해남,해남시티투어,T05,0.936329,1.0,93.632918,22
C4,문화 산책형,ct_c59f7d050e72e0,대전,생태교육,T05,0.936329,1.0,93.632918,23
C4,문화 산책형,ct_f558345dd00dbf,아산,역사기행 코스,T05,0.936329,1.0,93.632918,24
C4,문화 산책형,ct_f8bd00d4bc40b3,순천,(기획투어)나이트가든투어,T03,0.936329,1.0,93.632918,25
C4,문화 산책형,ct_fa87b733ddf357,아산,아산도심핫플코스,T05,0.936329,1.0,93.632918,26
C4,문화 산책형,ct_6be92119035c7f,영광,"영광쉼,투어",T06,0.930342,1.0,93.034248,27
C4,문화 산책형,ct_aa2937d4d2a2d0,목포,목포랑시티투어,T06,0.925149,1.0,92.514915,28
C4,문화 산책형,ct_49fb403c953735,광양,광양역사코스,T07,0.924418,1.0,92.441818,29
C4,문화 산책형,ct_17e0dd4d30822e,밀양,삼랑진권 투어,T07,0.92327,1.0,92.327049,30
C4,문화 산책형,ct_343d3a1d62c8a5,완주,완주힐링로드 시티투어(코레일연계 익산역),T06,0.922033,1.0,92.203324,31
C4,문화 산책형,ct_f534f220e539af,파주,2026 파주시티투어 당일코스(일요일),T07,0.916822,1.0,91.682232,32
C4,문화 산책형,ct_987d7b91b042a8,완도,해양치유시티투어,T06,0.915992,1.0,91.599186,33
C4,문화 산책형,ct_2c0d1fe873d818,천안,화요일,T07,0.912245,1.0,91.224546,34
C4,문화 산책형,ct_cfd77d72cf4c59,나주,정기코스,T07,0.912245,1.0,91.224546,35
C4,문화 산책형,ct_4ba7f5cc1ffeda,부산,서부산생태투어,T05,0.910366,1.0,91.036648,36
C4,문화 산책형,ct_bd00bd65a80b11,연천,역사자연코스,T05,0.910366,1.0,91.036648,37
C4,문화 산책형,ct_1d32ffebd246d5,홍성,"전통시장코스(홍성) 1,6일 운영",T05,0.907855,1.0,90.785512,38
C4,문화 산책형,ct_b53b246e98a9cd,인천,석모도투어,T05,0.907855,1.0,90.785512,39
C4,문화 산책형,ct_b96c711c2cd94d,예산,예산군 버스투어,T04,0.907855,1.0,90.785512,40
C4,문화 산책형,ct_7cdced2e0d065a,여주,시티투어,T06,0.902992,1.0,90.299205,41
C4,문화 산책형,ct_3ed5105d35b251,서산,A코스,T07,0.899511,1.0,89.95112,42
C4,문화 산책형,ct_6e6a0f2ecaee7f,양주,기본코스,T07,0.899511,1.0,89.95112,43
C4,문화 산책형,ct_2d7ad6be7d0219,공주,봄코스,T07,0.889513,1.0,88.951272,44
C4,문화 산책형,ct_636360ac200b66,대전,"광역투어(셋째주, 일)",T07,0.88628,1.0,88.627981,45
C4,문화 산책형,ct_1d8d8a70616c41,경기광주,광주시티투어,T06,0.883185,1.0,88.318521,46
C4,문화 산책형,ct_658464b2619d71,양주,천일홍축제,T07,0.876377,1.0,87.637693,47
C4,문화 산책형,ct_c4d1ab4265b00c,양주,왕실축제,T07,0.876377,1.0,87.637693,48
C4,문화 산책형,ct_3f9d81407b910a,대전,"광역투어(넷재주, 일)",T05,0.872239,1.0,87.223898,49
C4,문화 산책형,ct_da6b197f9d64eb,대구,테마-방방곡곡(사시사철),T05,0.872239,1.0,87.223898,50
C4,문화 산책형,ct_1def3d2a58e430,부산,오렌지라인,T06,0.870768,1.0,87.076845,51
C4,문화 산책형,ct_a8a8ecfbd0eefc,대전,"광역투어(다섯째주, 토)",T04,0.867196,1.0,86.71963,52
C4,문화 산책형,ct_1c691124e74222,대구,도동코스,T07,0.863649,1.0,86.364947,53
C4,문화 산책형,ct_5c692156a089c1,파주,2026 파주시티투어 당일코스(수요일),T05,0.862629,1.0,86.262921,54
C4,문화 산책형,ct_c3ec7bb154c2c1,대전,언택트세이프(B),T05,0.862629,1.0,86.262921,55
C4,문화 산책형,ct_62ce3cfd4b2223,대구,현풍코스,T07,0.860226,1.0,86.02264,56
C4,문화 산책형,ct_084dcff739bc51,김해,김해에반해,T06,0.856244,1.0,85.624435,57
C4,문화 산책형,ct_07b4b0458851e1,서울,EG투어버스 J코스,T07,0.851268,1.0,85.126819,58
C4,문화 산책형,ct_dfc58b1c3324c1,춘천,금요일,T06,0.845809,1.0,84.580904,59
C4,문화 산책형,ct_809907e22355c9,연천,연천명소코스,T05,0.844672,1.0,84.467172,60
C4,문화 산책형,ct_3aa92169f5cb7c,군산,(익산역 출발) 고군산시간여행코스,T06,0.844575,1.0,84.457518,61
C4,문화 산책형,ct_7350d2221bf4e5,대전,"광역투어(다섯째주, 일)",T07,0.841964,1.0,84.196443,62
C4,문화 산책형,ct_820bca31911e89,완주,완주힐링로드시티투어 1코스,T06,0.841964,1.0,84.196443,63
C4,문화 산책형,ct_1dab0b645e521d,완주,완주힐링로드시티투어 2코스,T06,0.840511,1.0,84.051051,64
C4,문화 산책형,ct_98323d74dbd87a,제주,순환형코스,T06,0.839849,1.0,83.984922,65
C4,문화 산책형,ct_38e990a88a3094,춘천,수요일,T07,0.827606,1.0,82.760589,66
C4,문화 산책형,ct_4212deac479d6b,세종,역사문화투어,T07,0.827606,1.0,82.760589,67
C4,문화 산책형,ct_64b3f2e630ba51,여수,다크투어리즘코스,T07,0.827606,1.0,82.760589,68
C4,문화 산책형,ct_73908901775f5c,익산,세계유산코스,T07,0.827606,1.0,82.760589,69
C4,문화 산책형,ct_82e2c317c54d7e,양주,역사투어,T07,0.827606,1.0,82.760589,70
C4,문화 산책형,ct_956d44d9a821ed,양산,2025 6월 시티투어,T04,0.827606,1.0,82.760589,71
C4,문화 산책형,ct_a70933018dfe45,여수,이순신문화유적코스,T07,0.827606,1.0,82.760589,72
C4,문화 산책형,ct_ba06e511559567,홍성,역사·문화 코스,T07,0.827606,1.0,82.760589,73
C4,문화 산책형,ct_caab077d4954a7,김해,역사에반해,T07,0.827606,1.0,82.760589,74
C4,문화 산책형,ct_db611b0ecd14e4,대전,다크투어,T07,0.827606,1.0,82.760589,75
C4,문화 산책형,ct_e4521f5325216f,양주,박물관투어,T07,0.827606,1.0,82.760589,76
C4,문화 산책형,ct_5997fa12423936,대전,언택트세이프(A),T05,0.814257,1.0,81.425653,77
C4,문화 산책형,ct_62dfed5cce4635,파주,2026 파주시티투어 당일코스(목요일),T05,0.814257,1.0,81.425653,78
C4,문화 산책형,ct_6b11aef24a24ef,순천,(테마투어)생태투어,T05,0.814257,1.0,81.425653,79
C4,문화 산책형,ct_7799bf62ca5138,대전,"광역투어(둘째주, 토)",T05,0.814257,1.0,81.425653,80
C4,문화 산책형,ct_d038c55e01951b,대전,대덕특구탐방,T05,0.814257,1.0,81.425653,81
C4,문화 산책형,ct_a11be8ffeee88a,태백,통리장 코스,T04,0.813295,1.0,81.329462,82
C4,문화 산책형,ct_0946c67481033f,세종,행복투어B,T05,0.812291,1.0,81.229142,83
C4,문화 산책형,ct_20eb1ae44f44d4,밀양,영남알프스권 투어 1,T06,0.812291,1.0,81.229142,84
C4,문화 산책형,ct_52fe5a29aee3e7,합천,합천광역시티투어 누비고,T05,0.812291,1.0,81.229142,85
C4,문화 산책형,ct_2749460936eb31,공주,반일코스,T07,0.811307,1.0,81.130708,86
C4,문화 산책형,ct_3764c5ee83c6b9,대전,"광역투어(넷재주, 토)",T07,0.811307,1.0,81.130708,87
C4,문화 산책형,ct_53a12bc8caced9,화천,화천시티투어(평화누리호),T06,0.811307,1.0,81.130708,88
C4,문화 산책형,ct_cec518ee1213c1,양주,서울우유견학코스,T07,0.811307,1.0,81.130708,89
C4,문화 산책형,ct_1fe72a79d47a7f,서울,EG투어버스 E코스,T07,0.810885,1.0,81.088485,90
C4,문화 산책형,ct_02181b9e7a671f,순천,(테마투어)성곽투어,T07,0.799623,1.0,79.962256,91
C4,문화 산책형,ct_bdc4b066f6280d,안동,도산서원&예끼마을테마,T06,0.79852,1.0,79.852001,92
C4,문화 산책형,ct_b97fea5cc3f414,광양,광양힐링코스,T06,0.778681,1.0,77.868134,93
C4,문화 산책형,ct_1a59c2f3801f38,대전,역사문화(효월드),T07,0.777245,1.0,77.724487,94
C4,문화 산책형,ct_9f8a8ca65b1ebb,파주,2026 파주시티투어 당일코스(토요일),T07,0.777245,1.0,77.724487,95
C4,문화 산책형,ct_166c38f36d6640,춘천,목요일,T05,0.777098,1.0,77.709799,96
C4,문화 산책형,ct_40252d247000a5,안동,야간도심테마,T03,0.777098,1.0,77.709799,97
C4,문화 산책형,ct_4309f65e431d83,아산,인생네컷 코스,T05,0.777098,1.0,77.709799,98
C4,문화 산책형,ct_6c466761af057c,대전,"광역투어(둘째주, 일)",T05,0.777098,1.0,77.709799,99
C4,문화 산책형,ct_c543fc703f1159,익산,순환형1,T06,0.774154,1.0,77.415442,100
C4,문화 산책형,ct_452018aaa6c847,춘천,화요일,T05,0.773551,1.0,77.355095,101
C4,문화 산책형,ct_d1e99a0d119f73,밀양,시내권 투어 1,T06,0.901217,0.857143,77.247157,102
C4,문화 산책형,ct_ab2a31c9b0dd1c,안동,주간도심테마,T06,0.876116,0.875,76.660183,103
C4,문화 산책형,ct_36b90ac2b7ebec,태백,황지자유시장 코스,T04,0.760767,1.0,76.076746,104
C4,문화 산책형,ct_0b7a755a267601,여수,2층야간코스,T03,0.755497,1.0,75.549736,105
C4,문화 산책형,ct_c93b13bf48e761,영주,물돌이 코스,T05,0.749823,1.0,74.982284,106
C4,문화 산책형,ct_8171ca90d9fa99,제주,야간코스(7월말~8월말 운영),T03,0.740619,1.0,74.061865,107
C4,문화 산책형,ct_330d0bc9cd3d05,서산,B코스,T04,0.740233,1.0,74.023321,108
C4,문화 산책형,ct_94cebe436c068a,서산,C코스,T04,0.740233,1.0,74.023321,109
C4,문화 산책형,ct_ff41dfabaec78b,여수,야경코스,T03,0.740233,1.0,74.023321,110
C4,문화 산책형,ct_61845aa89a1c1a,홍천,홍천시티투어,T06,0.736391,1.0,73.639087,111
C4,문화 산책형,ct_7d1c2151bda037,순천,(테마투어)세계유산투어,T07,0.734517,1.0,73.451704,112
C4,문화 산책형,ct_596ccaeb2861f9,태안,남부코스,T04,0.732793,1.0,73.279349,113
C4,문화 산책형,ct_6f6ed56249f477,대전,"광역투어(첫주, 토)",T05,0.732793,1.0,73.279349,114
C4,문화 산책형,ct_d3a976675ffc53,대구,테마-방방곡곡(낙동강),T05,0.732793,1.0,73.279349,115
C4,문화 산책형,ct_941018a965809c,광양,야경코스,T03,0.72386,1.0,72.385952,116
C4,문화 산책형,ct_00435b9cca499b,포항,퐝랜드마크A코스,T04,0.723429,1.0,72.342929,117
C4,문화 산책형,ct_23c35eeaf17398,곡성,읍권 순환버스,T06,0.722776,1.0,72.277581,118
C4,문화 산책형,ct_de90b5933f0b40,청도,시티투어,T04,0.719453,1.0,71.945293,119
C4,문화 산책형,ct_83465bf3a690f2,여수,야간테마코스(시간을달리는버스커),T03,0.713099,1.0,71.30987,120
C4,문화 산책형,ct_a1bc285f9c2881,여수,제1코스,T04,0.710168,1.0,71.016752,121
C4,문화 산책형,ct_618497cad743bc,양구,방산나들이코스,T04,0.703465,1.0,70.346501,122
C4,문화 산책형,ct_c53b5abd9a30ab,대전,남부코스,T06,0.702534,1.0,70.253369,123
C4,문화 산책형,ct_9845cf0683e6c7,화천,화천시티투어(백암산케이블카),T04,0.689672,1.0,68.967157,124
C4,문화 산책형,ct_a726fc60353090,청주,청주시티투어_정기투어_초정힐링 투어(토),T04,0.689672,1.0,68.967157,125
C4,문화 산책형,ct_15ca3909485d66,서천,광역코스,T04,0.68861,1.0,68.860972,126
C4,문화 산책형,ct_6df930eb64d3ad,세종,세종관광명소A투어,T05,0.68274,1.0,68.274003,127
C4,문화 산책형,ct_2f8d9c4d57db08,서천,힐링코스,T06,0.673738,1.0,67.373792,128
C4,문화 산책형,ct_a407c821a8382e,서울,EG투어버스 H코스,T04,0.668946,1.0,66.894588,129
C4,문화 산책형,ct_e4444e050c482f,천안,일요일,T04,0.668946,1.0,66.894588,130
C4,문화 산책형,ct_e613bd3839189c,익산,순환형2,T06,0.774154,0.857143,66.356093,131
C4,문화 산책형,ct_36cdd5661df6fd,봉화,송이축제 문화유적탐방버스,T02,0.662085,1.0,66.208471,132
C4,문화 산책형,ct_69c07f148cbc8b,봉화,은어축제 문화유적탐방버스,T02,0.662085,1.0,66.208471,133
C4,문화 산책형,ct_86dc46ed127655,청주,청주시티투어_정기투어_청남대 투어(수토일),T04,0.656892,1.0,65.689181,134
C4,문화 산책형,ct_e346ea988fedc3,포항,씨(SEA)하게 보는 포항코스,T04,0.649728,1.0,64.972773,135
C4,문화 산책형,ct_aa87321b8b5003,창원,창원시티투어,T06,0.646897,1.0,64.689672,136
C4,문화 산책형,ct_c825dbc2a63555,파주,2026 파주시티투어 1박2일코스(토요일~일요일),T06,0.643726,1.0,64.372631,137
C4,문화 산책형,ct_6ec0ad7a54e92d,서천,문화코스,T06,0.638501,1.0,63.85007,138
C4,문화 산책형,ct_c83f7c6960b76b,부산,레드라인,T06,0.635206,1.0,63.520621,139
C4,문화 산책형,ct_fe508b5dbba88f,세종,역사산책투어,T05,0.634618,1.0,63.461778,140
C4,문화 산책형,ct_2c5b83ca1acb5c,춘천,토요일,T06,0.621902,1.0,62.190171,141
C4,문화 산책형,ct_72a42eb150b5d4,춘천,일요일,T06,0.621902,1.0,62.190171,142
C4,문화 산책형,ct_1d6ad4598dff93,대구,테마-방방곡곡(군위군 돋보기),T05,0.777098,0.8,62.167839,143
C4,문화 산책형,ct_9857f916bfa916,대구,도심순환코스(12개 정류장),T06,0.613291,1.0,61.329051,144
C4,문화 산책형,ct_59c60fcaf04aa6,인천,교동도투어,T02,0.608164,1.0,60.816364,145
C4,문화 산책형,ct_ff36074cae8347,양주,자연친화코스1,T02,0.608164,1.0,60.816364,146
C4,문화 산책형,ct_2390c56fce5420,울산,태화강 국가정원 코스,T06,0.6076,1.0,60.760027,147
C4,문화 산책형,ct_83afdb6c6bad30,시흥,순환형 2층버스,T01,0.606911,1.0,60.691098,148
C4,문화 산책형,ct_edd6e5375f387f,부산,그린라인,T06,0.59612,1.0,59.61196,149
C4,문화 산책형,ct_4e89a607500203,태안,광역코스,T01,0.594331,1.0,59.433068,150
C4,문화 산책형,ct_c343406b7388f2,군산,고군산시간여행코스,T01,0.585206,1.0,58.520574,151
C4,문화 산책형,ct_3e1bfccd397508,세종,봄꽃파닭A투어,T05,0.555175,1.0,55.517491,152
C4,문화 산책형,ct_a8b6f564bf7384,세종,봄꽃파닭B투어,T05,0.555175,1.0,55.517491,153
C4,문화 산책형,ct_4e0d701d9aadd5,대구,테마(야경 4~10월),T03,0.54059,1.0,54.05899,154
C4,문화 산책형,ct_1c94bb0caf5c4f,안성,안성시티투어,T02,0.527934,1.0,52.793412,155
C4,문화 산책형,ct_d756b69f16e800,청주,청주시티투어_정기투어_힐링로드 투어(토),T02,0.5256,1.0,52.560033,156
C4,문화 산책형,ct_0af000fbdb8ad6,동해,관광문화코스,T04,0.52415,1.0,52.41504,157
C4,문화 산책형,ct_68d8eff6357673,양구,해안DMZ트래킹 코스,T02,0.519382,1.0,51.938198,158
C4,문화 산책형,ct_e353674363d7f4,대전,대청호코스,T06,0.588584,0.875,51.501102,159
C4,문화 산책형,ct_5728bf247a42c1,제천,시티투어,T02,0.511694,1.0,51.169389,160
C4,문화 산책형,ct_7dba0d730780c9,서천,동백코스(익산-군산 광역),T04,0.50873,1.0,50.873005,161
C4,문화 산책형,ct_1845f5c9950df4,목포,별빛물결시티투어,T03,0.500489,1.0,50.0489,162
C4,문화 산책형,ct_abd1e371e69550,정선,아리랑열차 연계형 시티투어2,T04,0.500489,1.0,50.0489,163
C4,문화 산책형,ct_ac7ca37140e6b6,포항,퐝랜드마크B코스,T04,0.500489,1.0,50.0489,164
C4,문화 산책형,ct_68e342ed3c052f,익산,익산숨은보석찾기코스,T04,0.496564,1.0,49.656353,165
C4,문화 산책형,ct_82edd01ea220e6,화순,화순적벽 버스투어(적벽 셔틀버스),T05,0.496564,1.0,49.656353,166
C4,문화 산책형,ct_f0549cce13f623,대전,힐링(만인산),T05,0.496564,1.0,49.656353,167
C4,문화 산책형,ct_f55bded1011de2,대전,언택트세이프?,T05,0.496564,1.0,49.656353,168
C4,문화 산책형,ct_77585e7300bc39,청주,청주시티투어_정기투어_트레킹 투어(토),T05,0.491784,1.0,49.178418,169
C4,문화 산책형,ct_59f67b28d9aad1,서울,EG투어버스 G코스,T05,0.481152,1.0,48.115159,170
C4,문화 산책형,ct_ebbc3131233e25,가평,가평순환버스B코스,T05,0.481152,1.0,48.115159,171
C4,문화 산책형,ct_507ac7569b1306,서천,보랏빛코스,T04,0.477818,1.0,47.781848,172
C4,문화 산책형,ct_a0af2538872792,서천,전라권코스,T04,0.477818,1.0,47.781848,173
C4,문화 산책형,ct_aabd87818ef08f,서울,EG투어버스 I코스,T04,0.477818,1.0,47.781848,174
C4,문화 산책형,ct_0f4dbe3b938a90,여수,2층주간코스,T02,0.453928,1.0,45.392756,175
C4,문화 산책형,ct_10510d067f8caa,서울,EG투어버스 A코스,T02,0.44414,1.0,44.413993,176
C4,문화 산책형,ct_d916d0f4237246,파주,2026 파주시티투어 당일코스(금요일),T02,0.44414,1.0,44.413993,177
C4,문화 산책형,ct_ec6acb453717fd,안산,대부도 해변코스(일반형 2코스),T05,0.44414,1.0,44.413993,178
C4,문화 산책형,ct_d0cdc53f7d6755,춘천,월요일,T04,0.439993,1.0,43.999304,179
C4,문화 산책형,ct_c410c248858e88,서울,EG투어버스 L코스,T04,0.439229,1.0,43.92293,180
C4,문화 산책형,ct_75d07d35d33328,진도,진도시티투어,T06,0.425072,1.0,42.507199,181
C4,문화 산책형,ct_c722d90ff66eb2,홍성,"전통시장코스(광천) 4,9일 운영",T04,0.423079,1.0,42.307852,182
C4,문화 산책형,ct_424fda831e8a80,인천,인천레트로노선,T04,0.420255,1.0,42.025526,183
C4,문화 산책형,ct_84ffabae716404,홍성,죽도코스,T04,0.413803,1.0,41.380294,184
C4,문화 산책형,ct_4be058672a95ae,시흥,테마형 정기코스,T01,0.412315,1.0,41.231482,185
C4,문화 산책형,ct_0ed3eb88438a1d,인천,청라투어,T02,0.409644,1.0,40.964402,186
C4,문화 산책형,ct_2528f0bf880396,평창,남부권 코스,T02,0.409644,1.0,40.964402,187
C4,문화 산책형,ct_661e12e8488117,대전,힐링(장태산),T02,0.409644,1.0,40.964402,188
C4,문화 산책형,ct_8b988867d0e267,홍성,남당항 코스,T02,0.409644,1.0,40.964402,189
C4,문화 산책형,ct_9d994e07488f57,삼척,종일코스,T04,0.406647,1.0,40.664731,190
C4,문화 산책형,ct_5e83dbf18d6227,울산,장생포 대왕암 코스,T01,0.405826,1.0,40.582619,191
C4,문화 산책형,ct_74128602fb5dca,태안,북부코스,T01,0.405767,1.0,40.576717,192
C4,문화 산책형,ct_6b62f6c5e28b9c,사천,바다투어,T06,0.401448,1.0,40.144782,193
C4,문화 산책형,ct_55438211f07ef0,임실,명소탐방 임실 시티투어,T04,0.392568,1.0,39.256794,194
C4,문화 산책형,ct_3dd54d8970e115,의정부,의정부포레스트:오감이 깨어나는 숲 속 여행,T04,0.386216,1.0,38.621608,195
C4,문화 산책형,ct_516add9e1cef4a,정선,와와정선 2층 투어버스,T02,0.371656,1.0,37.165556,196
C4,문화 산책형,ct_ca13864967c1fb,세종,세종관광명소B투어,T02,0.371656,1.0,37.165556,197
C4,문화 산책형,ct_ed3a5516a8c6ca,연천,안보자연코스,T02,0.371656,1.0,37.165556,198
C4,문화 산책형,ct_2827a8d7943bdf,가평,가평순환버스A코스,T02,0.364147,1.0,36.414659,199
C4,문화 산책형,ct_78497ddd68fd45,사천,우주항공산업투어,T02,0.361901,1.0,36.190091,200
C4,문화 산책형,ct_cf9f8ad6cdda8f,대전,야경,T03,0.481152,0.75,36.086369,201
C4,문화 산책형,ct_bd2de54ec11e6b,양산,양산시 가을 시티투어 (자연관광코스),T04,0.477818,0.75,35.836386,202
C4,문화 산책형,ct_a98893fa363590,양산,봄꽃체험코스,T04,0.526685,0.666667,35.112344,203
C4,문화 산책형,ct_5082aae98cb9d3,부산,야경투어,T03,0.351123,1.0,35.112344,204
C4,문화 산책형,ct_6beed8d2daa9dc,세종,야경투어,T03,0.344305,1.0,34.430486,205
C4,문화 산책형,ct_88364cbd4a5650,곡성,압록권역 순환버스,T02,0.344305,1.0,34.430486,206
C4,문화 산책형,ct_a8b35f46bb8621,세종,행복투어A,T02,0.344305,1.0,34.430486,207
C4,문화 산책형,ct_f355a62ad61675,세종,정원투어,T02,0.344305,1.0,34.430486,208
C4,문화 산책형,ct_14b70a907c3324,안산,대부도 해변코스(일반형 1코스),T01,0.334473,1.0,33.447294,209
C4,문화 산책형,ct_cba721781124d5,원주,원주시티투어(순환형),T02,0.334473,1.0,33.447294,210
C4,문화 산책형,ct_b8b6f8a37ebdf8,사천,별빛투어,T03,0.301324,1.0,30.132378,211
C4,문화 산책형,ct_52149303f1b0d4,서울,EG투어버스 K 코스,T02,0.296093,1.0,29.609328,212
C4,문화 산책형,ct_8163a6f43e6f4a,아산,예술맛집 코스,T02,0.296093,1.0,29.609328,213
C4,문화 산책형,ct_8e34c83e5dbe39,이천,농촌체험코스(북부),T02,0.296093,1.0,29.609328,214
C4,문화 산책형,ct_b75e8d4cf1e318,대구,테마(야경 11~3월),T03,0.296093,1.0,29.609328,215
C4,문화 산책형,ct_d3c228b00ede2b,파주,2026 파주시티투어 당일코스(화요일),T02,0.296093,1.0,29.609328,216
C4,문화 산책형,ct_2be78db2f756ab,인천,바다노선,T02,0.287543,1.0,28.754307,217
C4,문화 산책형,ct_f6d09076696e6d,양구,힐링산책코스,T02,0.270295,1.0,27.029495,218
C4,문화 산책형,ct_a7f13a177e5633,여수,제2코스,T01,0.265793,1.0,26.579276,219
C4,문화 산책형,ct_c68da356b898d6,여주,꽃섬투어,T02,0.252838,1.0,25.283778,220
C4,문화 산책형,ct_8de53de429d379,포항,퐝순환코스,T04,0.236508,1.0,23.650808,221
C4,문화 산책형,ct_b6060e0e38a765,안산,대부도 뱃길코스(일반형 2코스),T01,0.215528,1.0,21.55282,222
C4,문화 산책형,ct_c0c761a6bb3927,서울,EG투어버스 C코스,T02,0.21393,1.0,21.392961,223
C4,문화 산책형,ct_a8823fdcbfa445,화성,바다와 하루,T01,0.201383,1.0,20.138311,224
C4,문화 산책형,ct_ff41044d0b7080,부산,동부산테마노선,T01,0.200724,1.0,20.072391,225
C4,문화 산책형,ct_a7d1b6cc26e056,안산,대부도 뱃길코스(일반형 1코스),T01,0.111491,1.0,11.149098,226
C4,문화 산책형,ct_2921659630cea0,서울,EG투어버스 B코스,T02,0.082761,1.0,8.276059,227
C4,문화 산책형,ct_b3b0773f44a533,안산,대부도 해변코스(체험형 1코스),T02,0.082761,1.0,8.276059,228
C4,문화 산책형,ct_f48a1e387a5d08,이천,농촌체험코스(중부),T02,0.082761,1.0,8.276059,229
C4,문화 산책형,ct_82029ce72f5013,서울,EG투어버스 D코스,T02,0.081153,1.0,8.115343,230
C4,문화 산책형,ct_b2af495e1760b5,안산,대부도 뱃길코스(체험형 1코스),T01,0.078514,1.0,7.851359,231
C4,문화 산책형,ct_0ebeda6387230e,안산,대부도 뱃길코스(체험형 2코스),T01,0.045907,1.0,4.590731,232
C4,문화 산책형,ct_008becedc70ab4,인천,무의도투어,T01,0.0,1.0,0.0,233
C4,문화 산책형,ct_30fd00f9cfda89,인천,선재영흥투어,T01,0.0,1.0,0.0,234
C5,조용한 휴식형,ct_8171ca90d9fa99,제주,야간코스(7월말~8월말 운영),T03,0.979958,1.0,97.995789,1
C5,조용한 휴식형,ct_ec6acb453717fd,안산,대부도 해변코스(일반형 2코스),T05,0.966092,1.0,96.609178,2
C5,조용한 휴식형,ct_0b7a755a267601,여수,2층야간코스,T03,0.957841,1.0,95.784149,3
C5,조용한 휴식형,ct_98323d74dbd87a,제주,순환형코스,T06,0.941438,1.0,94.143768,4
C5,조용한 휴식형,ct_c93b13bf48e761,영주,물돌이 코스,T05,0.932007,1.0,93.200703,5
C5,조용한 휴식형,ct_452018aaa6c847,춘천,화요일,T05,0.930484,1.0,93.048421,6
C5,조용한 휴식형,ct_6f6ed56249f477,대전,"광역투어(첫주, 토)",T05,0.927105,1.0,92.710507,7
C5,조용한 휴식형,ct_d3a976675ffc53,대구,테마-방방곡곡(낙동강),T05,0.927105,1.0,92.710507,8
C5,조용한 휴식형,ct_edd6e5375f387f,부산,그린라인,T06,0.926198,1.0,92.619822,9
C5,조용한 휴식형,ct_82edd01ea220e6,화순,화순적벽 버스투어(적벽 셔틀버스),T05,0.92582,1.0,92.58201,10
C5,조용한 휴식형,ct_f0549cce13f623,대전,힐링(만인산),T05,0.92582,1.0,92.58201,11
C5,조용한 휴식형,ct_f55bded1011de2,대전,언택트세이프?,T05,0.92582,1.0,92.58201,12
C5,조용한 휴식형,ct_1def3d2a58e430,부산,오렌지라인,T06,0.913223,1.0,91.322332,13
C5,조용한 휴식형,ct_6df930eb64d3ad,세종,세종관광명소A투어,T05,0.909241,1.0,90.924121,14
C5,조용한 휴식형,ct_4be058672a95ae,시흥,테마형 정기코스,T01,0.908514,1.0,90.851353,15
C5,조용한 휴식형,ct_74128602fb5dca,태안,북부코스,T01,0.907841,1.0,90.78413,16
C5,조용한 휴식형,ct_941018a965809c,광양,야경코스,T03,0.899735,1.0,89.973541,17
C5,조용한 휴식형,ct_3e1bfccd397508,세종,봄꽃파닭A투어,T05,0.897085,1.0,89.708523,18
C5,조용한 휴식형,ct_5997fa12423936,대전,언택트세이프(A),T05,0.897085,1.0,89.708523,19
C5,조용한 휴식형,ct_62dfed5cce4635,파주,2026 파주시티투어 당일코스(목요일),T05,0.897085,1.0,89.708523,20
C5,조용한 휴식형,ct_6b11aef24a24ef,순천,(테마투어)생태투어,T05,0.897085,1.0,89.708523,21
C5,조용한 휴식형,ct_7799bf62ca5138,대전,"광역투어(둘째주, 토)",T05,0.897085,1.0,89.708523,22
C5,조용한 휴식형,ct_a8b6f564bf7384,세종,봄꽃파닭B투어,T05,0.897085,1.0,89.708523,23
C5,조용한 휴식형,ct_d038c55e01951b,대전,대덕특구탐방,T05,0.897085,1.0,89.708523,24
C5,조용한 휴식형,ct_aa87321b8b5003,창원,창원시티투어,T06,0.895257,1.0,89.525652,25
C5,조용한 휴식형,ct_809907e22355c9,연천,연천명소코스,T05,0.881917,1.0,88.19171,26
C5,조용한 휴식형,ct_1845f5c9950df4,목포,별빛물결시티투어,T03,0.874818,1.0,87.481777,27
C5,조용한 휴식형,ct_abd1e371e69550,정선,아리랑열차 연계형 시티투어2,T04,0.874818,1.0,87.481777,28
C5,조용한 휴식형,ct_ac7ca37140e6b6,포항,퐝랜드마크B코스,T04,0.874818,1.0,87.481777,29
C5,조용한 휴식형,ct_83afdb6c6bad30,시흥,순환형 2층버스,T01,0.874386,1.0,87.438565,30
C5,조용한 휴식형,ct_fe508b5dbba88f,세종,역사산책투어,T05,0.873326,1.0,87.332606,31
C5,조용한 휴식형,ct_36b90ac2b7ebec,태백,황지자유시장 코스,T04,0.872872,1.0,87.287156,32
C5,조용한 휴식형,ct_5082aae98cb9d3,부산,야경투어,T03,0.872872,1.0,87.287156,33
C5,조용한 휴식형,ct_77585e7300bc39,청주,청주시티투어_정기투어_트레킹 투어(토),T05,0.859602,1.0,85.960238,34
C5,조용한 휴식형,ct_3f9d81407b910a,대전,"광역투어(넷재주, 일)",T05,0.855921,1.0,85.592099,35
C5,조용한 휴식형,ct_da6b197f9d64eb,대구,테마-방방곡곡(사시사철),T05,0.855921,1.0,85.592099,36
C5,조용한 휴식형,ct_83465bf3a690f2,여수,야간테마코스(시간을달리는버스커),T03,0.835711,1.0,83.571089,37
C5,조용한 휴식형,ct_9857f916bfa916,대구,도심순환코스(12개 정류장),T06,0.829925,1.0,82.9925,38
C5,조용한 휴식형,ct_596ccaeb2861f9,태안,남부코스,T04,0.829515,1.0,82.951506,39
C5,조용한 휴식형,ct_987d7b91b042a8,완도,해양치유시티투어,T06,0.829515,1.0,82.951506,40
C5,조용한 휴식형,ct_59f67b28d9aad1,서울,EG투어버스 G코스,T05,0.828079,1.0,82.807867,41
C5,조용한 휴식형,ct_ebbc3131233e25,가평,가평순환버스B코스,T05,0.828079,1.0,82.807867,42
C5,조용한 휴식형,ct_5c692156a089c1,파주,2026 파주시티투어 당일코스(수요일),T05,0.824786,1.0,82.47861,43
C5,조용한 휴식형,ct_c3ec7bb154c2c1,대전,언택트세이프(B),T05,0.824786,1.0,82.47861,44
C5,조용한 휴식형,ct_6b62f6c5e28b9c,사천,바다투어,T06,0.823329,1.0,82.332931,45
C5,조용한 휴식형,ct_23c35eeaf17398,곡성,읍권 순환버스,T06,0.822951,1.0,82.29512,46
C5,조용한 휴식형,ct_c83f7c6960b76b,부산,레드라인,T06,0.82244,1.0,82.243962,47
C5,조용한 휴식형,ct_166c38f36d6640,춘천,목요일,T05,0.818923,1.0,81.892302,48
C5,조용한 휴식형,ct_40252d247000a5,안동,야간도심테마,T03,0.818923,1.0,81.892302,49
C5,조용한 휴식형,ct_4309f65e431d83,아산,인생네컷 코스,T05,0.818923,1.0,81.892302,50
C5,조용한 휴식형,ct_4e0d701d9aadd5,대구,테마(야경 4~10월),T03,0.818923,1.0,81.892302,51
C5,조용한 휴식형,ct_6c466761af057c,대전,"광역투어(둘째주, 일)",T05,0.818923,1.0,81.892302,52
C5,조용한 휴식형,ct_a11be8ffeee88a,태백,통리장 코스,T04,0.816497,1.0,81.649658,53
C5,조용한 휴식형,ct_ab2a31c9b0dd1c,안동,주간도심테마,T06,0.916342,0.875,80.179919,54
C5,조용한 휴식형,ct_2c5b83ca1acb5c,춘천,토요일,T06,0.796288,1.0,79.628823,55
C5,조용한 휴식형,ct_72a42eb150b5d4,춘천,일요일,T06,0.796288,1.0,79.628823,56
C5,조용한 휴식형,ct_7dba0d730780c9,서천,동백코스(익산-군산 광역),T04,0.783547,1.0,78.354679,57
C5,조용한 휴식형,ct_a3932d2baa3d16,안산,안산 시내권코스(목요일),T05,0.771517,1.0,77.151675,58
C5,조용한 휴식형,ct_c188dbb343674a,서천,푸른빛코스,T05,0.771517,1.0,77.151675,59
C5,조용한 휴식형,ct_4b24fed6566e54,해남,해남시티투어,T05,0.763763,1.0,76.376262,60
C5,조용한 휴식형,ct_c59f7d050e72e0,대전,생태교육,T05,0.763763,1.0,76.376262,61
C5,조용한 휴식형,ct_f558345dd00dbf,아산,역사기행 코스,T05,0.763763,1.0,76.376262,62
C5,조용한 휴식형,ct_f8bd00d4bc40b3,순천,(기획투어)나이트가든투어,T03,0.763763,1.0,76.376262,63
C5,조용한 휴식형,ct_fa87b733ddf357,아산,아산도심핫플코스,T05,0.763763,1.0,76.376262,64
C5,조용한 휴식형,ct_2f8d9c4d57db08,서천,힐링코스,T06,0.744387,1.0,74.438737,65
C5,조용한 휴식형,ct_6be92119035c7f,영광,"영광쉼,투어",T06,0.743392,1.0,74.339194,66
C5,조용한 휴식형,ct_566165b1b827e0,천안,토요일,T05,0.731925,1.0,73.192505,67
C5,조용한 휴식형,ct_a7f13a177e5633,여수,제2코스,T01,0.730297,1.0,73.029674,68
C5,조용한 휴식형,ct_dfc58b1c3324c1,춘천,금요일,T06,0.725908,1.0,72.590795,69
C5,조용한 휴식형,ct_0af000fbdb8ad6,동해,관광문화코스,T04,0.720082,1.0,72.00823,70
C5,조용한 휴식형,ct_4ba7f5cc1ffeda,부산,서부산생태투어,T05,0.720082,1.0,72.00823,71
C5,조용한 휴식형,ct_bd00bd65a80b11,연천,역사자연코스,T05,0.720082,1.0,72.00823,72
C5,조용한 휴식형,ct_14b70a907c3324,안산,대부도 해변코스(일반형 1코스),T01,0.712697,1.0,71.269665,73
C5,조용한 휴식형,ct_1d32ffebd246d5,홍성,"전통시장코스(홍성) 1,6일 운영",T05,0.712697,1.0,71.269665,74
C5,조용한 휴식형,ct_b53b246e98a9cd,인천,석모도투어,T05,0.712697,1.0,71.269665,75
C5,조용한 휴식형,ct_b96c711c2cd94d,예산,예산군 버스투어,T04,0.712697,1.0,71.269665,76
C5,조용한 휴식형,ct_4e89a607500203,태안,광역코스,T01,0.699854,1.0,69.985421,77
C5,조용한 휴식형,ct_618497cad743bc,양구,방산나들이코스,T04,0.694365,1.0,69.436507,78
C5,조용한 휴식형,ct_84ffabae716404,홍성,죽도코스,T04,0.694365,1.0,69.436507,79
C5,조용한 휴식형,ct_330d0bc9cd3d05,서산,B코스,T04,0.690066,1.0,69.006556,80
C5,조용한 휴식형,ct_94cebe436c068a,서산,C코스,T04,0.690066,1.0,69.006556,81
C5,조용한 휴식형,ct_ff41dfabaec78b,여수,야경코스,T03,0.690066,1.0,69.006556,82
C5,조용한 휴식형,ct_6ec0ad7a54e92d,서천,문화코스,T06,0.675664,1.0,67.566392,83
C5,조용한 휴식형,ct_36cdd5661df6fd,봉화,송이축제 문화유적탐방버스,T02,0.668648,1.0,66.864785,84
C5,조용한 휴식형,ct_69c07f148cbc8b,봉화,은어축제 문화유적탐방버스,T02,0.668648,1.0,66.864785,85
C5,조용한 휴식형,ct_2d10b95a5e902e,대전,"광역투어(첫주, 일)",T06,0.659829,1.0,65.982888,86
C5,조용한 휴식형,ct_45e65111200294,대전,"광역투어(셋째주, 토)",T06,0.659829,1.0,65.982888,87
C5,조용한 휴식형,ct_1d6ad4598dff93,대구,테마-방방곡곡(군위군 돋보기),T05,0.818923,0.8,65.513842,88
C5,조용한 휴식형,ct_0ed3eb88438a1d,인천,청라투어,T02,0.654654,1.0,65.465367,89
C5,조용한 휴식형,ct_2528f0bf880396,평창,남부권 코스,T02,0.654654,1.0,65.465367,90
C5,조용한 휴식형,ct_661e12e8488117,대전,힐링(장태산),T02,0.654654,1.0,65.465367,91
C5,조용한 휴식형,ct_8b988867d0e267,홍성,남당항 코스,T02,0.654654,1.0,65.465367,92
C5,조용한 휴식형,ct_e346ea988fedc3,포항,씨(SEA)하게 보는 포항코스,T04,0.647952,1.0,64.79516,93
C5,조용한 휴식형,ct_0e4d7f0c7de8e2,대구,송해코스,T07,0.641941,1.0,64.194074,94
C5,조용한 휴식형,ct_15ca3909485d66,서천,광역코스,T04,0.641941,1.0,64.194074,95
C5,조용한 휴식형,ct_fc9f85899d40a4,안산,안산 시내권코스(토요일),T07,0.641941,1.0,64.194074,96
C5,조용한 휴식형,ct_03101958100a14,부여,부여테마여행,T06,0.635856,1.0,63.585586,97
C5,조용한 휴식형,ct_0946c67481033f,세종,행복투어B,T05,0.62361,1.0,62.360956,98
C5,조용한 휴식형,ct_20eb1ae44f44d4,밀양,영남알프스권 투어 1,T06,0.62361,1.0,62.360956,99
C5,조용한 휴식형,ct_507ac7569b1306,서천,보랏빛코스,T04,0.62361,1.0,62.360956,100
C5,조용한 휴식형,ct_52fe5a29aee3e7,합천,합천광역시티투어 누비고,T05,0.62361,1.0,62.360956,101
C5,조용한 휴식형,ct_a0af2538872792,서천,전라권코스,T04,0.62361,1.0,62.360956,102
C5,조용한 휴식형,ct_aabd87818ef08f,서울,EG투어버스 I코스,T04,0.62361,1.0,62.360956,103
C5,조용한 휴식형,ct_cf9f8ad6cdda8f,대전,야경,T03,0.828079,0.75,62.1059,104
C5,조용한 휴식형,ct_ba3c89379bf8c1,서천,금빛코스,T06,0.61859,1.0,61.858957,105
C5,조용한 휴식형,ct_956d44d9a821ed,양산,2025 6월 시티투어,T04,0.617213,1.0,61.72134,106
C5,조용한 휴식형,ct_b6060e0e38a765,안산,대부도 뱃길코스(일반형 2코스),T01,0.611499,1.0,61.149949,107
C5,조용한 휴식형,ct_00435b9cca499b,포항,퐝랜드마크A코스,T04,0.592157,1.0,59.215653,108
C5,조용한 휴식형,ct_e353674363d7f4,대전,대청호코스,T06,0.672593,0.875,58.851862,109
C5,조용한 휴식형,ct_2390c56fce5420,울산,태화강 국가정원 코스,T06,0.58849,1.0,58.848989,110
C5,조용한 휴식형,ct_61845aa89a1c1a,홍천,홍천시티투어,T06,0.58651,1.0,58.651028,111
C5,조용한 휴식형,ct_3aa92169f5cb7c,군산,(익산역 출발) 고군산시간여행코스,T06,0.583212,1.0,58.321184,112
C5,조용한 휴식형,ct_9d994e07488f57,삼척,종일코스,T04,0.583212,1.0,58.321184,113
C5,조용한 휴식형,ct_b97fea5cc3f414,광양,광양힐링코스,T06,0.57572,1.0,57.57201,114
C5,조용한 휴식형,ct_68d8eff6357673,양구,해안DMZ트래킹 코스,T02,0.574966,1.0,57.496616,115
C5,조용한 휴식형,ct_aa2937d4d2a2d0,목포,목포랑시티투어,T06,0.574966,1.0,57.496616,116
C5,조용한 휴식형,ct_7cdced2e0d065a,여주,시티투어,T06,0.57242,1.0,57.241978,117
C5,조용한 휴식형,ct_037c18bb42946f,세종,천안연계투어,T07,0.566947,1.0,56.694671,118
C5,조용한 휴식형,ct_79a18eaed83932,양산,양산시 가을 시티투어 (역사문화코스),T07,0.566947,1.0,56.694671,119
C5,조용한 휴식형,ct_1d8d8a70616c41,경기광주,광주시티투어,T06,0.561361,1.0,56.136089,120
C5,조용한 휴식형,ct_d0cdc53f7d6755,춘천,월요일,T04,0.555719,1.0,55.571893,121
C5,조용한 휴식형,ct_2827a8d7943bdf,가평,가평순환버스A코스,T02,0.555492,1.0,55.549206,122
C5,조용한 휴식형,ct_0d96bb8740671d,대전,역사문화(동춘당),T07,0.552052,1.0,55.205245,123
C5,조용한 휴식형,ct_1b0e0fd1157aaa,아산,休캉스 코스,T07,0.552052,1.0,55.205245,124
C5,조용한 휴식형,ct_6bfb1cb10f19bb,천안,목요일,T07,0.552052,1.0,55.205245,125
C5,조용한 휴식형,ct_a33d720535a1e1,순천,(테마투어)산사투어,T07,0.552052,1.0,55.205245,126
C5,조용한 휴식형,ct_e588b4efe19ef3,평창,북부권 코스,T07,0.552052,1.0,55.205245,127
C5,조용한 휴식형,ct_a8823fdcbfa445,화성,바다와 하루,T01,0.550689,1.0,55.068879,128
C5,조용한 휴식형,ct_d1e99a0d119f73,밀양,시내권 투어 1,T06,0.632832,0.857143,54.242733,129
C5,조용한 휴식형,ct_de90b5933f0b40,청도,시티투어,T04,0.524891,1.0,52.489066,130
C5,조용한 휴식형,ct_c53b5abd9a30ab,대전,남부코스,T06,0.523937,1.0,52.393683,131
C5,조용한 휴식형,ct_ec90f983bc7ed6,안동,하회마을테마,T06,0.519462,1.0,51.946248,132
C5,조용한 휴식형,ct_6beed8d2daa9dc,세종,야경투어,T03,0.513553,1.0,51.355259,133
C5,조용한 휴식형,ct_88364cbd4a5650,곡성,압록권역 순환버스,T02,0.513553,1.0,51.355259,134
C5,조용한 휴식형,ct_a8b35f46bb8621,세종,행복투어A,T02,0.513553,1.0,51.355259,135
C5,조용한 휴식형,ct_f355a62ad61675,세종,정원투어,T02,0.513553,1.0,51.355259,136
C5,조용한 휴식형,ct_a98893fa363590,양산,봄꽃체험코스,T04,0.763763,0.666667,50.917508,137
C5,조용한 휴식형,ct_fcbc8def0ff021,공주,여름코스,T07,0.507093,1.0,50.709255,138
C5,조용한 휴식형,ct_2c0d1fe873d818,천안,화요일,T07,0.503953,1.0,50.395263,139
C5,조용한 휴식형,ct_c410c248858e88,서울,EG투어버스 L코스,T04,0.503953,1.0,50.395263,140
C5,조용한 휴식형,ct_cfd77d72cf4c59,나주,정기코스,T07,0.503953,1.0,50.395263,141
C5,조용한 휴식형,ct_f6d09076696e6d,양구,힐링산책코스,T02,0.503953,1.0,50.395263,142
C5,조용한 휴식형,ct_c722d90ff66eb2,홍성,"전통시장코스(광천) 4,9일 운영",T04,0.478921,1.0,47.892074,143
C5,조용한 휴식형,ct_506425657ddce1,완주,완주힐링로드 시티투어(서울권역),T06,0.476331,1.0,47.633051,144
C5,조용한 휴식형,ct_a7d1b6cc26e056,안산,대부도 뱃길코스(일반형 1코스),T01,0.475131,1.0,47.51311,145
C5,조용한 휴식형,ct_bd2de54ec11e6b,양산,양산시 가을 시티투어 (자연관광코스),T04,0.62361,0.75,46.770717,146
C5,조용한 휴식형,ct_86dc46ed127655,청주,청주시티투어_정기투어_청남대 투어(수토일),T04,0.466569,1.0,46.656947,147
C5,조용한 휴식형,ct_a8a8ecfbd0eefc,대전,"광역투어(다섯째주, 토)",T04,0.461957,1.0,46.195658,148
C5,조용한 휴식형,ct_5728bf247a42c1,제천,시티투어,T02,0.460566,1.0,46.056619,149
C5,조용한 휴식형,ct_343d3a1d62c8a5,완주,완주힐링로드 시티투어(코레일연계 익산역),T06,0.456633,1.0,45.663301,150
C5,조용한 휴식형,ct_516add9e1cef4a,정선,와와정선 2층 투어버스,T02,0.440959,1.0,44.095855,151
C5,조용한 휴식형,ct_59c60fcaf04aa6,인천,교동도투어,T02,0.440959,1.0,44.095855,152
C5,조용한 휴식형,ct_ca13864967c1fb,세종,세종관광명소B투어,T02,0.440959,1.0,44.095855,153
C5,조용한 휴식형,ct_ed3a5516a8c6ca,연천,안보자연코스,T02,0.440959,1.0,44.095855,154
C5,조용한 휴식형,ct_ff36074cae8347,양주,자연친화코스1,T02,0.440959,1.0,44.095855,155
C5,조용한 휴식형,ct_104171b078b959,공주,가을코스,T07,0.439155,1.0,43.915503,156
C5,조용한 휴식형,ct_53a12bc8caced9,화천,화천시티투어(평화누리호),T06,0.439155,1.0,43.915503,157
C5,조용한 휴식형,ct_17e0dd4d30822e,밀양,삼랑진권 투어,T07,0.418718,1.0,41.871789,158
C5,조용한 휴식형,ct_52149303f1b0d4,서울,EG투어버스 K 코스,T02,0.414039,1.0,41.403934,159
C5,조용한 휴식형,ct_8163a6f43e6f4a,아산,예술맛집 코스,T02,0.414039,1.0,41.403934,160
C5,조용한 휴식형,ct_8e34c83e5dbe39,이천,농촌체험코스(북부),T02,0.414039,1.0,41.403934,161
C5,조용한 휴식형,ct_b75e8d4cf1e318,대구,테마(야경 11~3월),T03,0.414039,1.0,41.403934,162
C5,조용한 휴식형,ct_d3c228b00ede2b,파주,2026 파주시티투어 당일코스(화요일),T02,0.414039,1.0,41.403934,163
C5,조용한 휴식형,ct_3dd54d8970e115,의정부,의정부포레스트:오감이 깨어나는 숲 속 여행,T04,0.411476,1.0,41.14756,164
C5,조용한 휴식형,ct_0f4dbe3b938a90,여수,2층주간코스,T02,0.400892,1.0,40.089186,165
C5,조용한 휴식형,ct_572b4d8191127a,영주,선비 코스,T07,0.400066,1.0,40.006613,166
C5,조용한 휴식형,ct_49fb403c953735,광양,광양역사코스,T07,0.374682,1.0,37.468166,167
C5,조용한 휴식형,ct_1dab0b645e521d,완주,완주힐링로드시티투어 2코스,T06,0.371154,1.0,37.115374,168
C5,조용한 휴식형,ct_f534f220e539af,파주,2026 파주시티투어 당일코스(일요일),T07,0.363696,1.0,36.369648,169
C5,조용한 휴식형,ct_d756b69f16e800,청주,청주시티투어_정기투어_힐링로드 투어(토),T02,0.356348,1.0,35.634832,170
C5,조용한 휴식형,ct_b2af495e1760b5,안산,대부도 뱃길코스(체험형 1코스),T01,0.341565,1.0,34.156503,171
C5,조용한 휴식형,ct_a1bc285f9c2881,여수,제1코스,T04,0.338062,1.0,33.80617,172
C5,조용한 휴식형,ct_ff41044d0b7080,부산,동부산테마노선,T01,0.336817,1.0,33.681653,173
C5,조용한 휴식형,ct_c343406b7388f2,군산,고군산시간여행코스,T01,0.327327,1.0,32.732684,174
C5,조용한 휴식형,ct_78497ddd68fd45,사천,우주항공산업투어,T02,0.313276,1.0,31.327575,175
C5,조용한 휴식형,ct_658464b2619d71,양주,천일홍축제,T07,0.30989,1.0,30.988989,176
C5,조용한 휴식형,ct_c4d1ab4265b00c,양주,왕실축제,T07,0.30989,1.0,30.988989,177
C5,조용한 휴식형,ct_008becedc70ab4,인천,무의도투어,T01,0.308607,1.0,30.86067,178
C5,조용한 휴식형,ct_30fd00f9cfda89,인천,선재영흥투어,T01,0.308607,1.0,30.86067,179
C5,조용한 휴식형,ct_3ed5105d35b251,서산,A코스,T07,0.300376,1.0,30.03757,180
C5,조용한 휴식형,ct_6e6a0f2ecaee7f,양주,기본코스,T07,0.300376,1.0,30.03757,181
C5,조용한 휴식형,ct_55438211f07ef0,임실,명소탐방 임실 시티투어,T04,0.29277,1.0,29.277002,182
C5,조용한 휴식형,ct_2d7ad6be7d0219,공주,봄코스,T07,0.283683,1.0,28.368326,183
C5,조용한 휴식형,ct_7350d2221bf4e5,대전,"광역투어(다섯째주, 일)",T07,0.273009,1.0,27.300945,184
C5,조용한 휴식형,ct_820bca31911e89,완주,완주힐링로드시티투어 1코스,T06,0.273009,1.0,27.300945,185
C5,조용한 휴식형,ct_b8b6f8a37ebdf8,사천,별빛투어,T03,0.269358,1.0,26.935831,186
C5,조용한 휴식형,ct_636360ac200b66,대전,"광역투어(셋째주, 일)",T07,0.265908,1.0,26.590801,187
C5,조용한 휴식형,ct_5e83dbf18d6227,울산,장생포 대왕암 코스,T01,0.263181,1.0,26.318068,188
C5,조용한 휴식형,ct_0ebeda6387230e,안산,대부도 뱃길코스(체험형 2코스),T01,0.256776,1.0,25.67763,189
C5,조용한 휴식형,ct_8de53de429d379,포항,퐝순환코스,T04,0.251976,1.0,25.197632,190
C5,조용한 휴식형,ct_084dcff739bc51,김해,김해에반해,T06,0.251124,1.0,25.11236,191
C5,조용한 휴식형,ct_02181b9e7a671f,순천,(테마투어)성곽투어,T07,0.230978,1.0,23.097829,192
C5,조용한 휴식형,ct_75d07d35d33328,진도,진도시티투어,T06,0.214797,1.0,21.479714,193
C5,조용한 휴식형,ct_cba721781124d5,원주,원주시티투어(순환형),T02,0.20787,1.0,20.786985,194
C5,조용한 휴식형,ct_07b4b0458851e1,서울,EG투어버스 J코스,T07,0.20702,1.0,20.701967,195
C5,조용한 휴식형,ct_2be78db2f756ab,인천,바다노선,T02,0.206197,1.0,20.619652,196
C5,조용한 휴식형,ct_1c691124e74222,대구,도동코스,T07,0.19518,1.0,19.518001,197
C5,조용한 휴식형,ct_1fe72a79d47a7f,서울,EG투어버스 E코스,T07,0.188982,1.0,18.898224,198
C5,조용한 휴식형,ct_62ce3cfd4b2223,대구,현풍코스,T07,0.181568,1.0,18.156826,199
C5,조용한 휴식형,ct_bdc4b066f6280d,안동,도산서원&예끼마을테마,T06,0.179374,1.0,17.9374,200
C5,조용한 휴식형,ct_a407c821a8382e,서울,EG투어버스 H코스,T04,0.178174,1.0,17.817416,201
C5,조용한 휴식형,ct_e4444e050c482f,천안,일요일,T04,0.178174,1.0,17.817416,202
C5,조용한 휴식형,ct_c68da356b898d6,여주,꽃섬투어,T02,0.168359,1.0,16.835876,203
C5,조용한 휴식형,ct_c543fc703f1159,익산,순환형1,T06,0.164957,1.0,16.495722,204
C5,조용한 휴식형,ct_38e990a88a3094,춘천,수요일,T07,0.154303,1.0,15.430335,205
C5,조용한 휴식형,ct_4212deac479d6b,세종,역사문화투어,T07,0.154303,1.0,15.430335,206
C5,조용한 휴식형,ct_64b3f2e630ba51,여수,다크투어리즘코스,T07,0.154303,1.0,15.430335,207
C5,조용한 휴식형,ct_68e342ed3c052f,익산,익산숨은보석찾기코스,T04,0.154303,1.0,15.430335,208
C5,조용한 휴식형,ct_73908901775f5c,익산,세계유산코스,T07,0.154303,1.0,15.430335,209
C5,조용한 휴식형,ct_82e2c317c54d7e,양주,역사투어,T07,0.154303,1.0,15.430335,210
C5,조용한 휴식형,ct_9845cf0683e6c7,화천,화천시티투어(백암산케이블카),T04,0.154303,1.0,15.430335,211
C5,조용한 휴식형,ct_a70933018dfe45,여수,이순신문화유적코스,T07,0.154303,1.0,15.430335,212
C5,조용한 휴식형,ct_a726fc60353090,청주,청주시티투어_정기투어_초정힐링 투어(토),T04,0.154303,1.0,15.430335,213
C5,조용한 휴식형,ct_ba06e511559567,홍성,역사·문화 코스,T07,0.154303,1.0,15.430335,214
C5,조용한 휴식형,ct_caab077d4954a7,김해,역사에반해,T07,0.154303,1.0,15.430335,215
C5,조용한 휴식형,ct_db611b0ecd14e4,대전,다크투어,T07,0.154303,1.0,15.430335,216
C5,조용한 휴식형,ct_e4521f5325216f,양주,박물관투어,T07,0.154303,1.0,15.430335,217
C5,조용한 휴식형,ct_2749460936eb31,공주,반일코스,T07,0.146385,1.0,14.638501,218
C5,조용한 휴식형,ct_3764c5ee83c6b9,대전,"광역투어(넷재주, 토)",T07,0.146385,1.0,14.638501,219
C5,조용한 휴식형,ct_cec518ee1213c1,양주,서울우유견학코스,T07,0.146385,1.0,14.638501,220
C5,조용한 휴식형,ct_e613bd3839189c,익산,순환형2,T06,0.164957,0.857143,14.13919,221
C5,조용한 휴식형,ct_1a59c2f3801f38,대전,역사문화(효월드),T07,0.138013,1.0,13.801311,222
C5,조용한 휴식형,ct_9f8a8ca65b1ebb,파주,2026 파주시티투어 당일코스(토요일),T07,0.138013,1.0,13.801311,223
C5,조용한 휴식형,ct_7d1c2151bda037,순천,(테마투어)세계유산투어,T07,0.128388,1.0,12.838815,224
C5,조용한 휴식형,ct_424fda831e8a80,인천,인천레트로노선,T04,0.123718,1.0,12.371791,225
C5,조용한 휴식형,ct_c825dbc2a63555,파주,2026 파주시티투어 1박2일코스(토요일~일요일),T06,0.109109,1.0,10.910895,226
C5,조용한 휴식형,ct_1c94bb0caf5c4f,안성,안성시티투어,T02,0.085592,1.0,8.55921,227
C5,조용한 휴식형,ct_10510d067f8caa,서울,EG투어버스 A코스,T02,0.069007,1.0,6.900656,228
C5,조용한 휴식형,ct_d916d0f4237246,파주,2026 파주시티투어 당일코스(금요일),T02,0.069007,1.0,6.900656,229
C5,조용한 휴식형,ct_82029ce72f5013,서울,EG투어버스 D코스,T02,0.060523,1.0,6.052275,230
C5,조용한 휴식형,ct_c0c761a6bb3927,서울,EG투어버스 C코스,T02,0.037987,1.0,3.798686,231
C5,조용한 휴식형,ct_2921659630cea0,서울,EG투어버스 B코스,T02,0.0,1.0,0.0,232
C5,조용한 휴식형,ct_b3b0773f44a533,안산,대부도 해변코스(체험형 1코스),T02,0.0,1.0,0.0,233
C5,조용한 휴식형,ct_f48a1e387a5d08,이천,농촌체험코스(중부),T02,0.0,1.0,0.0,234
C6,미식 로컬형,ct_c722d90ff66eb2,홍성,"전통시장코스(광천) 4,9일 운영",T04,0.911078,1.0,91.107755,1
C6,미식 로컬형,ct_de90b5933f0b40,청도,시티투어,T04,0.878462,1.0,87.846206,2
C6,미식 로컬형,ct_a8a8ecfbd0eefc,대전,"광역투어(다섯째주, 토)",T04,0.855823,1.0,85.582321,3
C6,미식 로컬형,ct_c410c248858e88,서울,EG투어버스 L코스,T04,0.837218,1.0,83.721836,4
C6,미식 로컬형,ct_8de53de429d379,포항,퐝순환코스,T04,0.809311,1.0,80.931108,5
C6,미식 로컬형,ct_9d994e07488f57,삼척,종일코스,T04,0.775114,1.0,77.511358,6
C6,미식 로컬형,ct_68e342ed3c052f,익산,익산숨은보석찾기코스,T04,0.774731,1.0,77.473072,7
C6,미식 로컬형,ct_1d32ffebd246d5,홍성,"전통시장코스(홍성) 1,6일 운영",T05,0.74987,1.0,74.987019,8
C6,미식 로컬형,ct_a407c821a8382e,서울,EG투어버스 H코스,T04,0.74987,1.0,74.987019,9
C6,미식 로컬형,ct_b53b246e98a9cd,인천,석모도투어,T05,0.74987,1.0,74.987019,10
C6,미식 로컬형,ct_b96c711c2cd94d,예산,예산군 버스투어,T04,0.74987,1.0,74.987019,11
C6,미식 로컬형,ct_e4444e050c482f,천안,일요일,T04,0.74987,1.0,74.987019,12
C6,미식 로컬형,ct_596ccaeb2861f9,태안,남부코스,T04,0.734974,1.0,73.497409,13
C6,미식 로컬형,ct_0af000fbdb8ad6,동해,관광문화코스,T04,0.706372,1.0,70.637212,14
C6,미식 로컬형,ct_3dd54d8970e115,의정부,의정부포레스트:오감이 깨어나는 숲 속 여행,T04,0.706372,1.0,70.637212,15
C6,미식 로컬형,ct_956d44d9a821ed,양산,2025 6월 시티투어,T04,0.683586,1.0,68.358593,16
C6,미식 로컬형,ct_15ca3909485d66,서천,광역코스,T04,0.682533,1.0,68.253345,17
C6,미식 로컬형,ct_e346ea988fedc3,포항,씨(SEA)하게 보는 포항코스,T04,0.673948,1.0,67.394778,18
C6,미식 로컬형,ct_07b4b0458851e1,서울,EG투어버스 J코스,T07,0.67256,1.0,67.255962,19
C6,미식 로컬형,ct_7cdced2e0d065a,여주,시티투어,T06,0.656351,1.0,65.635099,20
C6,미식 로컬형,ct_037c18bb42946f,세종,천안연계투어,T07,0.641867,1.0,64.186741,21
C6,미식 로컬형,ct_1fe72a79d47a7f,서울,EG투어버스 E코스,T07,0.641867,1.0,64.186741,22
C6,미식 로컬형,ct_79a18eaed83932,양산,양산시 가을 시티투어 (역사문화코스),T07,0.641867,1.0,64.186741,23
C6,미식 로컬형,ct_424fda831e8a80,인천,인천레트로노선,T04,0.639436,1.0,63.943608,24
C6,미식 로컬형,ct_507ac7569b1306,서천,보랏빛코스,T04,0.63147,1.0,63.146963,25
C6,미식 로컬형,ct_a0af2538872792,서천,전라권코스,T04,0.63147,1.0,63.146963,26
C6,미식 로컬형,ct_aabd87818ef08f,서울,EG투어버스 I코스,T04,0.63147,1.0,63.146963,27
C6,미식 로컬형,ct_330d0bc9cd3d05,서산,B코스,T04,0.611418,1.0,61.141784,28
C6,미식 로컬형,ct_94cebe436c068a,서산,C코스,T04,0.611418,1.0,61.141784,29
C6,미식 로컬형,ct_ff41dfabaec78b,여수,야경코스,T03,0.611418,1.0,61.141784,30
C6,미식 로컬형,ct_00435b9cca499b,포항,퐝랜드마크A코스,T04,0.597538,1.0,59.753814,31
C6,미식 로컬형,ct_bdc4b066f6280d,안동,도산서원&예끼마을테마,T06,0.588043,1.0,58.804285,32
C6,미식 로컬형,ct_d0cdc53f7d6755,춘천,월요일,T04,0.574447,1.0,57.444669,33
C6,미식 로컬형,ct_1c691124e74222,대구,도동코스,T07,0.562039,1.0,56.203901,34
C6,미식 로컬형,ct_a1bc285f9c2881,여수,제1코스,T04,0.561623,1.0,56.162315,35
C6,미식 로컬형,ct_809907e22355c9,연천,연천명소코스,T05,0.558146,1.0,55.814557,36
C6,미식 로컬형,ct_84ffabae716404,홍성,죽도코스,T04,0.546869,1.0,54.686874,37
C6,미식 로컬형,ct_9845cf0683e6c7,화천,화천시티투어(백암산케이블카),T04,0.546869,1.0,54.686874,38
C6,미식 로컬형,ct_a3932d2baa3d16,안산,안산 시내권코스(목요일),T05,0.546869,1.0,54.686874,39
C6,미식 로컬형,ct_a726fc60353090,청주,청주시티투어_정기투어_초정힐링 투어(토),T04,0.546869,1.0,54.686874,40
C6,미식 로컬형,ct_c188dbb343674a,서천,푸른빛코스,T05,0.546869,1.0,54.686874,41
C6,미식 로컬형,ct_86dc46ed127655,청주,청주시티투어_정기투어_청남대 투어(수토일),T04,0.54258,1.0,54.257951,42
C6,미식 로컬형,ct_a11be8ffeee88a,태백,통리장 코스,T04,0.54258,1.0,54.257951,43
C6,미식 로컬형,ct_6ec0ad7a54e92d,서천,문화코스,T06,0.541643,1.0,54.164257,44
C6,미식 로컬형,ct_53a12bc8caced9,화천,화천시티투어(평화누리호),T06,0.540422,1.0,54.042213,45
C6,미식 로컬형,ct_566165b1b827e0,천안,토요일,T05,0.540422,1.0,54.042213,46
C6,미식 로컬형,ct_c83f7c6960b76b,부산,레드라인,T06,0.539242,1.0,53.924173,47
C6,미식 로컬형,ct_b97fea5cc3f414,광양,광양힐링코스,T06,0.521194,1.0,52.119372,48
C6,미식 로컬형,ct_dfc58b1c3324c1,춘천,금요일,T06,0.521194,1.0,52.119372,49
C6,미식 로컬형,ct_987d7b91b042a8,완도,해양치유시티투어,T06,0.518805,1.0,51.880524,50
C6,미식 로컬형,ct_2d10b95a5e902e,대전,"광역투어(첫주, 일)",T06,0.511549,1.0,51.154887,51
C6,미식 로컬형,ct_45e65111200294,대전,"광역투어(셋째주, 토)",T06,0.511549,1.0,51.154887,52
C6,미식 로컬형,ct_c543fc703f1159,익산,순환형1,T06,0.511549,1.0,51.154887,53
C6,미식 로컬형,ct_36b90ac2b7ebec,태백,황지자유시장 코스,T04,0.507537,1.0,50.753666,54
C6,미식 로컬형,ct_572b4d8191127a,영주,선비 코스,T07,0.499481,1.0,49.948052,55
C6,미식 로컬형,ct_4e89a607500203,태안,광역코스,T01,0.490905,1.0,49.090527,56
C6,미식 로컬형,ct_3e1bfccd397508,세종,봄꽃파닭A투어,T05,0.489134,1.0,48.913427,57
C6,미식 로컬형,ct_a8b6f564bf7384,세종,봄꽃파닭B투어,T05,0.489134,1.0,48.913427,58
C6,미식 로컬형,ct_a98893fa363590,양산,봄꽃체험코스,T04,0.725052,0.666667,48.336824,59
C6,미식 로컬형,ct_941018a965809c,광양,야경코스,T03,0.480659,1.0,48.065948,60
C6,미식 로컬형,ct_4e0d701d9aadd5,대구,테마(야경 4~10월),T03,0.474424,1.0,47.442374,61
C6,미식 로컬형,ct_516add9e1cef4a,정선,와와정선 2층 투어버스,T02,0.474424,1.0,47.442374,62
C6,미식 로컬형,ct_ca13864967c1fb,세종,세종관광명소B투어,T02,0.474424,1.0,47.442374,63
C6,미식 로컬형,ct_ed3a5516a8c6ca,연천,안보자연코스,T02,0.474424,1.0,47.442374,64
C6,미식 로컬형,ct_bd2de54ec11e6b,양산,양산시 가을 시티투어 (자연관광코스),T04,0.63147,0.75,47.360222,65
C6,미식 로컬형,ct_62ce3cfd4b2223,대구,현풍코스,T07,0.455812,1.0,45.581158,66
C6,미식 로컬형,ct_aa2937d4d2a2d0,목포,목포랑시티투어,T06,0.455812,1.0,45.581158,67
C6,미식 로컬형,ct_2f8d9c4d57db08,서천,힐링코스,T06,0.45344,1.0,45.343961,68
C6,미식 로컬형,ct_fcbc8def0ff021,공주,여름코스,T07,0.449299,1.0,44.929852,69
C6,미식 로컬형,ct_61845aa89a1c1a,홍천,홍천시티투어,T06,0.448802,1.0,44.880151,70
C6,미식 로컬형,ct_506425657ddce1,완주,완주힐링로드 시티투어(서울권역),T06,0.445489,1.0,44.548927,71
C6,미식 로컬형,ct_1845f5c9950df4,목포,별빛물결시티투어,T03,0.439231,1.0,43.923103,72
C6,미식 로컬형,ct_abd1e371e69550,정선,아리랑열차 연계형 시티투어2,T04,0.439231,1.0,43.923103,73
C6,미식 로컬형,ct_ac7ca37140e6b6,포항,퐝랜드마크B코스,T04,0.439231,1.0,43.923103,74
C6,미식 로컬형,ct_e613bd3839189c,익산,순환형2,T06,0.511549,0.857143,43.847046,75
C6,미식 로컬형,ct_aa87321b8b5003,창원,창원시티투어,T06,0.435171,1.0,43.51709,76
C6,미식 로컬형,ct_d756b69f16e800,청주,청주시티투어_정기투어_힐링로드 투어(토),T02,0.434135,1.0,43.413537,77
C6,미식 로컬형,ct_452018aaa6c847,춘천,화요일,T05,0.432829,1.0,43.282872,78
C6,미식 로컬형,ct_55438211f07ef0,임실,명소탐방 임실 시티투어,T04,0.432338,1.0,43.23377,79
C6,미식 로컬형,ct_23c35eeaf17398,곡성,읍권 순환버스,T06,0.414709,1.0,41.47088,80
C6,미식 로컬형,ct_8171ca90d9fa99,제주,야간코스(7월말~8월말 운영),T03,0.414402,1.0,41.440194,81
C6,미식 로컬형,ct_c93b13bf48e761,영주,물돌이 코스,T05,0.394941,1.0,39.494061,82
C6,미식 로컬형,ct_ab2a31c9b0dd1c,안동,주간도심테마,T06,0.441253,0.875,38.609622,83
C6,미식 로컬형,ct_ec90f983bc7ed6,안동,하회마을테마,T06,0.379037,1.0,37.903652,84
C6,미식 로컬형,ct_49fb403c953735,광양,광양역사코스,T07,0.371816,1.0,37.181611,85
C6,미식 로컬형,ct_1def3d2a58e430,부산,오렌지라인,T06,0.359619,1.0,35.961867,86
C6,미식 로컬형,ct_98323d74dbd87a,제주,순환형코스,T06,0.357489,1.0,35.748889,87
C6,미식 로컬형,ct_9857f916bfa916,대구,도심순환코스(12개 정류장),T06,0.351328,1.0,35.132783,88
C6,미식 로컬형,ct_5728bf247a42c1,제천,시티투어,T02,0.349778,1.0,34.977842,89
C6,미식 로컬형,ct_7dba0d730780c9,서천,동백코스(익산-군산 광역),T04,0.347122,1.0,34.712245,90
C6,미식 로컬형,ct_b2af495e1760b5,안산,대부도 뱃길코스(체험형 1코스),T01,0.302636,1.0,30.263639,91
C6,미식 로컬형,ct_f534f220e539af,파주,2026 파주시티투어 당일코스(일요일),T07,0.290021,1.0,29.002095,92
C6,미식 로컬형,ct_17e0dd4d30822e,밀양,삼랑진권 투어,T07,0.288552,1.0,28.855248,93
C6,미식 로컬형,ct_3ed5105d35b251,서산,A코스,T07,0.28832,1.0,28.831993,94
C6,미식 로컬형,ct_6e6a0f2ecaee7f,양주,기본코스,T07,0.28832,1.0,28.831993,95
C6,미식 로컬형,ct_658464b2619d71,양주,천일홍축제,T07,0.287052,1.0,28.705183,96
C6,미식 로컬형,ct_c4d1ab4265b00c,양주,왕실축제,T07,0.287052,1.0,28.705183,97
C6,미식 로컬형,ct_636360ac200b66,대전,"광역투어(셋째주, 일)",T07,0.286088,1.0,28.608828,98
C6,미식 로컬형,ct_084dcff739bc51,김해,김해에반해,T06,0.286075,1.0,28.60749,99
C6,미식 로컬형,ct_343d3a1d62c8a5,완주,완주힐링로드 시티투어(코레일연계 익산역),T06,0.285593,1.0,28.559289,100
C6,미식 로컬형,ct_7350d2221bf4e5,대전,"광역투어(다섯째주, 일)",T07,0.28221,1.0,28.220989,101
C6,미식 로컬형,ct_820bca31911e89,완주,완주힐링로드시티투어 1코스,T06,0.28221,1.0,28.220989,102
C6,미식 로컬형,ct_104171b078b959,공주,가을코스,T07,0.28102,1.0,28.101951,103
C6,미식 로컬형,ct_2749460936eb31,공주,반일코스,T07,0.28102,1.0,28.101951,104
C6,미식 로컬형,ct_3764c5ee83c6b9,대전,"광역투어(넷재주, 토)",T07,0.28102,1.0,28.101951,105
C6,미식 로컬형,ct_cec518ee1213c1,양주,서울우유견학코스,T07,0.28102,1.0,28.101951,106
C6,미식 로컬형,ct_2d7ad6be7d0219,공주,봄코스,T07,0.280354,1.0,28.035358,107
C6,미식 로컬형,ct_2c0d1fe873d818,천안,화요일,T07,0.279073,1.0,27.907279,108
C6,미식 로컬형,ct_cfd77d72cf4c59,나주,정기코스,T07,0.279073,1.0,27.907279,109
C6,미식 로컬형,ct_0d96bb8740671d,대전,역사문화(동춘당),T07,0.275138,1.0,27.513803,110
C6,미식 로컬형,ct_1a59c2f3801f38,대전,역사문화(효월드),T07,0.275138,1.0,27.513803,111
C6,미식 로컬형,ct_1b0e0fd1157aaa,아산,休캉스 코스,T07,0.275138,1.0,27.513803,112
C6,미식 로컬형,ct_6bfb1cb10f19bb,천안,목요일,T07,0.275138,1.0,27.513803,113
C6,미식 로컬형,ct_9f8a8ca65b1ebb,파주,2026 파주시티투어 당일코스(토요일),T07,0.275138,1.0,27.513803,114
C6,미식 로컬형,ct_a33d720535a1e1,순천,(테마투어)산사투어,T07,0.275138,1.0,27.513803,115
C6,미식 로컬형,ct_e588b4efe19ef3,평창,북부권 코스,T07,0.275138,1.0,27.513803,116
C6,미식 로컬형,ct_1dab0b645e521d,완주,완주힐링로드시티투어 2코스,T06,0.274044,1.0,27.404404,117
C6,미식 로컬형,ct_ba3c89379bf8c1,서천,금빛코스,T06,0.274044,1.0,27.404404,118
C6,미식 로컬형,ct_38e990a88a3094,춘천,수요일,T07,0.273434,1.0,27.343437,119
C6,미식 로컬형,ct_4212deac479d6b,세종,역사문화투어,T07,0.273434,1.0,27.343437,120
C6,미식 로컬형,ct_64b3f2e630ba51,여수,다크투어리즘코스,T07,0.273434,1.0,27.343437,121
C6,미식 로컬형,ct_73908901775f5c,익산,세계유산코스,T07,0.273434,1.0,27.343437,122
C6,미식 로컬형,ct_82e2c317c54d7e,양주,역사투어,T07,0.273434,1.0,27.343437,123
C6,미식 로컬형,ct_a70933018dfe45,여수,이순신문화유적코스,T07,0.273434,1.0,27.343437,124
C6,미식 로컬형,ct_ba06e511559567,홍성,역사·문화 코스,T07,0.273434,1.0,27.343437,125
C6,미식 로컬형,ct_caab077d4954a7,김해,역사에반해,T07,0.273434,1.0,27.343437,126
C6,미식 로컬형,ct_db611b0ecd14e4,대전,다크투어,T07,0.273434,1.0,27.343437,127
C6,미식 로컬형,ct_e4521f5325216f,양주,박물관투어,T07,0.273434,1.0,27.343437,128
C6,미식 로컬형,ct_03101958100a14,부여,부여테마여행,T06,0.272303,1.0,27.230347,129
C6,미식 로컬형,ct_02181b9e7a671f,순천,(테마투어)성곽투어,T07,0.26977,1.0,26.977036,130
C6,미식 로컬형,ct_0e4d7f0c7de8e2,대구,송해코스,T07,0.26543,1.0,26.542967,131
C6,미식 로컬형,ct_7d1c2151bda037,순천,(테마투어)세계유산투어,T07,0.26543,1.0,26.542967,132
C6,미식 로컬형,ct_fc9f85899d40a4,안산,안산 시내권코스(토요일),T07,0.26543,1.0,26.542967,133
C6,미식 로컬형,ct_1d8d8a70616c41,경기광주,광주시티투어,T06,0.26527,1.0,26.52703,134
C6,미식 로컬형,ct_2390c56fce5420,울산,태화강 국가정원 코스,T06,0.260709,1.0,26.070944,135
C6,미식 로컬형,ct_3aa92169f5cb7c,군산,(익산역 출발) 고군산시간여행코스,T06,0.258371,1.0,25.837119,136
C6,미식 로컬형,ct_75d07d35d33328,진도,진도시티투어,T06,0.252661,1.0,25.266144,137
C6,미식 로컬형,ct_6be92119035c7f,영광,"영광쉼,투어",T06,0.250921,1.0,25.092059,138
C6,미식 로컬형,ct_4ba7f5cc1ffeda,부산,서부산생태투어,T05,0.250648,1.0,25.064817,139
C6,미식 로컬형,ct_bd00bd65a80b11,연천,역사자연코스,T05,0.250648,1.0,25.064817,140
C6,미식 로컬형,ct_4b24fed6566e54,해남,해남시티투어,T05,0.241684,1.0,24.168412,141
C6,미식 로컬형,ct_c59f7d050e72e0,대전,생태교육,T05,0.241684,1.0,24.168412,142
C6,미식 로컬형,ct_c825dbc2a63555,파주,2026 파주시티투어 1박2일코스(토요일~일요일),T06,0.241684,1.0,24.168412,143
C6,미식 로컬형,ct_f558345dd00dbf,아산,역사기행 코스,T05,0.241684,1.0,24.168412,144
C6,미식 로컬형,ct_f8bd00d4bc40b3,순천,(기획투어)나이트가든투어,T03,0.241684,1.0,24.168412,145
C6,미식 로컬형,ct_fa87b733ddf357,아산,아산도심핫플코스,T05,0.241684,1.0,24.168412,146
C6,미식 로컬형,ct_0946c67481033f,세종,행복투어B,T05,0.236801,1.0,23.680111,147
C6,미식 로컬형,ct_20eb1ae44f44d4,밀양,영남알프스권 투어 1,T06,0.236801,1.0,23.680111,148
C6,미식 로컬형,ct_52fe5a29aee3e7,합천,합천광역시티투어 누비고,T05,0.236801,1.0,23.680111,149
C6,미식 로컬형,ct_2c5b83ca1acb5c,춘천,토요일,T06,0.228989,1.0,22.898916,150
C6,미식 로컬형,ct_72a42eb150b5d4,춘천,일요일,T06,0.228989,1.0,22.898916,151
C6,미식 로컬형,ct_d1e99a0d119f73,밀양,시내권 투어 1,T06,0.261019,0.857143,22.373044,152
C6,미식 로컬형,ct_5c692156a089c1,파주,2026 파주시티투어 당일코스(수요일),T05,0.219235,1.0,21.923523,153
C6,미식 로컬형,ct_c3ec7bb154c2c1,대전,언택트세이프(B),T05,0.219235,1.0,21.923523,154
C6,미식 로컬형,ct_c0c761a6bb3927,서울,EG투어버스 C코스,T02,0.218773,1.0,21.877339,155
C6,미식 로컬형,ct_c53b5abd9a30ab,대전,남부코스,T06,0.215532,1.0,21.553212,156
C6,미식 로컬형,ct_1c94bb0caf5c4f,안성,안성시티투어,T02,0.208552,1.0,20.855189,157
C6,미식 로컬형,ct_3f9d81407b910a,대전,"광역투어(넷재주, 일)",T05,0.208552,1.0,20.855189,158
C6,미식 로컬형,ct_da6b197f9d64eb,대구,테마-방방곡곡(사시사철),T05,0.208552,1.0,20.855189,159
C6,미식 로컬형,ct_618497cad743bc,양구,방산나들이코스,T04,0.205076,1.0,20.507578,160
C6,미식 로컬형,ct_166c38f36d6640,춘천,목요일,T05,0.195351,1.0,19.535095,161
C6,미식 로컬형,ct_40252d247000a5,안동,야간도심테마,T03,0.195351,1.0,19.535095,162
C6,미식 로컬형,ct_4309f65e431d83,아산,인생네컷 코스,T05,0.195351,1.0,19.535095,163
C6,미식 로컬형,ct_59c60fcaf04aa6,인천,교동도투어,T02,0.195351,1.0,19.535095,164
C6,미식 로컬형,ct_6c466761af057c,대전,"광역투어(둘째주, 일)",T05,0.195351,1.0,19.535095,165
C6,미식 로컬형,ct_ff36074cae8347,양주,자연친화코스1,T02,0.195351,1.0,19.535095,166
C6,미식 로컬형,ct_c343406b7388f2,군산,고군산시간여행코스,T01,0.193347,1.0,19.33473,167
C6,미식 로컬형,ct_10510d067f8caa,서울,EG투어버스 A코스,T02,0.183425,1.0,18.342535,168
C6,미식 로컬형,ct_5997fa12423936,대전,언택트세이프(A),T05,0.183425,1.0,18.342535,169
C6,미식 로컬형,ct_62dfed5cce4635,파주,2026 파주시티투어 당일코스(목요일),T05,0.183425,1.0,18.342535,170
C6,미식 로컬형,ct_6b11aef24a24ef,순천,(테마투어)생태투어,T05,0.183425,1.0,18.342535,171
C6,미식 로컬형,ct_7799bf62ca5138,대전,"광역투어(둘째주, 토)",T05,0.183425,1.0,18.342535,172
C6,미식 로컬형,ct_d038c55e01951b,대전,대덕특구탐방,T05,0.183425,1.0,18.342535,173
C6,미식 로컬형,ct_d916d0f4237246,파주,2026 파주시티투어 당일코스(금요일),T02,0.183425,1.0,18.342535,174
C6,미식 로컬형,ct_36cdd5661df6fd,봉화,송이축제 문화유적탐방버스,T02,0.18229,1.0,18.228958,175
C6,미식 로컬형,ct_69c07f148cbc8b,봉화,은어축제 문화유적탐방버스,T02,0.18229,1.0,18.228958,176
C6,미식 로컬형,ct_83465bf3a690f2,여수,야간테마코스(시간을달리는버스커),T03,0.176702,1.0,17.670158,177
C6,미식 로컬형,ct_0b7a755a267601,여수,2층야간코스,T03,0.162247,1.0,16.224669,178
C6,미식 로컬형,ct_5e83dbf18d6227,울산,장생포 대왕암 코스,T01,0.160315,1.0,16.031511,179
C6,미식 로컬형,ct_0f4dbe3b938a90,여수,2층주간코스,T02,0.157867,1.0,15.786741,180
C6,미식 로컬형,ct_1d6ad4598dff93,대구,테마-방방곡곡(군위군 돋보기),T05,0.195351,0.8,15.628076,181
C6,미식 로컬형,ct_6f6ed56249f477,대전,"광역투어(첫주, 토)",T05,0.151318,1.0,15.13182,182
C6,미식 로컬형,ct_d3a976675ffc53,대구,테마-방방곡곡(낙동강),T05,0.151318,1.0,15.13182,183
C6,미식 로컬형,ct_68d8eff6357673,양구,해안DMZ트래킹 코스,T02,0.147468,1.0,14.746845,184
C6,미식 로컬형,ct_b6060e0e38a765,안산,대부도 뱃길코스(일반형 2코스),T01,0.147062,1.0,14.706164,185
C6,미식 로컬형,ct_6df930eb64d3ad,세종,세종관광명소A투어,T05,0.14501,1.0,14.501047,186
C6,미식 로컬형,ct_fe508b5dbba88f,세종,역사산책투어,T05,0.137286,1.0,13.728566,187
C6,미식 로컬형,ct_e353674363d7f4,대전,대청호코스,T06,0.156825,0.875,13.72222,188
C6,미식 로컬형,ct_83afdb6c6bad30,시흥,순환형 2층버스,T01,0.136717,1.0,13.671719,189
C6,미식 로컬형,ct_cba721781124d5,원주,원주시티투어(순환형),T02,0.131556,1.0,13.155617,190
C6,미식 로컬형,ct_edd6e5375f387f,부산,그린라인,T06,0.128957,1.0,12.895742,191
C6,미식 로컬형,ct_78497ddd68fd45,사천,우주항공산업투어,T02,0.12811,1.0,12.810982,192
C6,미식 로컬형,ct_2be78db2f756ab,인천,바다노선,T02,0.127887,1.0,12.788722,193
C6,미식 로컬형,ct_c68da356b898d6,여주,꽃섬투어,T02,0.119337,1.0,11.933654,194
C6,미식 로컬형,ct_b8b6f8a37ebdf8,사천,별빛투어,T03,0.11933,1.0,11.932959,195
C6,미식 로컬형,ct_0ed3eb88438a1d,인천,청라투어,T02,0.096674,1.0,9.667365,196
C6,미식 로컬형,ct_2528f0bf880396,평창,남부권 코스,T02,0.096674,1.0,9.667365,197
C6,미식 로컬형,ct_661e12e8488117,대전,힐링(장태산),T02,0.096674,1.0,9.667365,198
C6,미식 로컬형,ct_8b988867d0e267,홍성,남당항 코스,T02,0.096674,1.0,9.667365,199
C6,미식 로컬형,ct_2827a8d7943bdf,가평,가평순환버스A코스,T02,0.095702,1.0,9.570203,200
C6,미식 로컬형,ct_6beed8d2daa9dc,세종,야경투어,T03,0.094796,1.0,9.479631,201
C6,미식 로컬형,ct_88364cbd4a5650,곡성,압록권역 순환버스,T02,0.094796,1.0,9.479631,202
C6,미식 로컬형,ct_a8b35f46bb8621,세종,행복투어A,T02,0.094796,1.0,9.479631,203
C6,미식 로컬형,ct_f355a62ad61675,세종,정원투어,T02,0.094796,1.0,9.479631,204
C6,미식 로컬형,ct_52149303f1b0d4,서울,EG투어버스 K 코스,T02,0.091713,1.0,9.171268,205
C6,미식 로컬형,ct_59f67b28d9aad1,서울,EG투어버스 G코스,T05,0.091713,1.0,9.171268,206
C6,미식 로컬형,ct_8163a6f43e6f4a,아산,예술맛집 코스,T02,0.091713,1.0,9.171268,207
C6,미식 로컬형,ct_8e34c83e5dbe39,이천,농촌체험코스(북부),T02,0.091713,1.0,9.171268,208
C6,미식 로컬형,ct_b75e8d4cf1e318,대구,테마(야경 11~3월),T03,0.091713,1.0,9.171268,209
C6,미식 로컬형,ct_d3c228b00ede2b,파주,2026 파주시티투어 당일코스(화요일),T02,0.091713,1.0,9.171268,210
C6,미식 로컬형,ct_ebbc3131233e25,가평,가평순환버스B코스,T05,0.091713,1.0,9.171268,211
C6,미식 로컬형,ct_77585e7300bc39,청주,청주시티투어_정기투어_트레킹 투어(토),T05,0.088857,1.0,8.88571,212
C6,미식 로컬형,ct_f6d09076696e6d,양구,힐링산책코스,T02,0.083722,1.0,8.372184,213
C6,미식 로컬형,ct_6b62f6c5e28b9c,사천,바다투어,T06,0.082897,1.0,8.289697,214
C6,미식 로컬형,ct_14b70a907c3324,안산,대부도 해변코스(일반형 1코스),T01,0.078934,1.0,7.89337,215
C6,미식 로컬형,ct_4be058672a95ae,시흥,테마형 정기코스,T01,0.069661,1.0,6.966078,216
C6,미식 로컬형,ct_cf9f8ad6cdda8f,대전,야경,T03,0.091713,0.75,6.878451,217
C6,미식 로컬형,ct_2921659630cea0,서울,EG투어버스 B코스,T02,0.068359,1.0,6.835859,218
C6,미식 로컬형,ct_82edd01ea220e6,화순,화순적벽 버스투어(적벽 셔틀버스),T05,0.068359,1.0,6.835859,219
C6,미식 로컬형,ct_b3b0773f44a533,안산,대부도 해변코스(체험형 1코스),T02,0.068359,1.0,6.835859,220
C6,미식 로컬형,ct_f0549cce13f623,대전,힐링(만인산),T05,0.068359,1.0,6.835859,221
C6,미식 로컬형,ct_f48a1e387a5d08,이천,농촌체험코스(중부),T02,0.068359,1.0,6.835859,222
C6,미식 로컬형,ct_f55bded1011de2,대전,언택트세이프?,T05,0.068359,1.0,6.835859,223
C6,미식 로컬형,ct_74128602fb5dca,태안,북부코스,T01,0.067031,1.0,6.703112,224
C6,미식 로컬형,ct_82029ce72f5013,서울,EG투어버스 D코스,T02,0.067031,1.0,6.703112,225
C6,미식 로컬형,ct_ff41044d0b7080,부산,동부산테마노선,T01,0.066318,1.0,6.631758,226
C6,미식 로컬형,ct_ec6acb453717fd,안산,대부도 해변코스(일반형 2코스),T05,0.061142,1.0,6.114178,227
C6,미식 로컬형,ct_a8823fdcbfa445,화성,바다와 하루,T01,0.055446,1.0,5.544614,228
C6,미식 로컬형,ct_5082aae98cb9d3,부산,야경투어,T03,0.048337,1.0,4.833682,229
C6,미식 로컬형,ct_a7f13a177e5633,여수,제2코스,T01,0.046219,1.0,4.621884,230
C6,미식 로컬형,ct_0ebeda6387230e,안산,대부도 뱃길코스(체험형 2코스),T01,0.037919,1.0,3.791852,231
C6,미식 로컬형,ct_a7d1b6cc26e056,안산,대부도 뱃길코스(일반형 1코스),T01,0.026311,1.0,2.631123,232
C6,미식 로컬형,ct_008becedc70ab4,인천,무의도투어,T01,0.0,1.0,0.0,233
C6,미식 로컬형,ct_30fd00f9cfda89,인천,선재영흥투어,T01,0.0,1.0,0.0,234
C7,K컬처 탐방형,ct_68e342ed3c052f,익산,익산숨은보석찾기코스,T04,0.947895,1.0,94.789465,1
C7,K컬처 탐방형,ct_424fda831e8a80,인천,인천레트로노선,T04,0.943456,1.0,94.345635,2
C7,K컬처 탐방형,ct_a407c821a8382e,서울,EG투어버스 H코스,T04,0.93979,1.0,93.978994,3
C7,K컬처 탐방형,ct_e4444e050c482f,천안,일요일,T04,0.93979,1.0,93.978994,4
C7,K컬처 탐방형,ct_00435b9cca499b,포항,퐝랜드마크A코스,T04,0.924047,1.0,92.404742,5
C7,K컬처 탐방형,ct_9845cf0683e6c7,화천,화천시티투어(백암산케이블카),T04,0.908671,1.0,90.867143,6
C7,K컬처 탐방형,ct_a726fc60353090,청주,청주시티투어_정기투어_초정힐링 투어(토),T04,0.908671,1.0,90.867143,7
C7,K컬처 탐방형,ct_55438211f07ef0,임실,명소탐방 임실 시티투어,T04,0.905454,1.0,90.545356,8
C7,K컬처 탐방형,ct_86dc46ed127655,청주,청주시티투어_정기투어_청남대 투어(수토일),T04,0.896912,1.0,89.691167,9
C7,K컬처 탐방형,ct_d756b69f16e800,청주,청주시티투어_정기투어_힐링로드 투어(토),T02,0.883176,1.0,88.317609,10
C7,K컬처 탐방형,ct_53a12bc8caced9,화천,화천시티투어(평화누리호),T06,0.880647,1.0,88.064662,11
C7,K컬처 탐방형,ct_330d0bc9cd3d05,서산,B코스,T04,0.877058,1.0,87.705802,12
C7,K컬처 탐방형,ct_94cebe436c068a,서산,C코스,T04,0.877058,1.0,87.705802,13
C7,K컬처 탐방형,ct_ff41dfabaec78b,여수,야경코스,T03,0.877058,1.0,87.705802,14
C7,K컬처 탐방형,ct_75d07d35d33328,진도,진도시티투어,T06,0.873608,1.0,87.360767,15
C7,K컬처 탐방형,ct_e346ea988fedc3,포항,씨(SEA)하게 보는 포항코스,T04,0.862918,1.0,86.291842,16
C7,K컬처 탐방형,ct_b97fea5cc3f414,광양,광양힐링코스,T06,0.846259,1.0,84.625873,17
C7,K컬처 탐방형,ct_956d44d9a821ed,양산,2025 6월 시티투어,T04,0.843299,1.0,84.329938,18
C7,K컬처 탐방형,ct_bdc4b066f6280d,안동,도산서원&예끼마을테마,T06,0.838968,1.0,83.896778,19
C7,K컬처 탐방형,ct_c543fc703f1159,익산,순환형1,T06,0.838628,1.0,83.862787,20
C7,K컬처 탐방형,ct_de90b5933f0b40,청도,시티투어,T04,0.837612,1.0,83.761173,21
C7,K컬처 탐방형,ct_1fe72a79d47a7f,서울,EG투어버스 E코스,T07,0.832666,1.0,83.26664,22
C7,K컬처 탐방형,ct_3dd54d8970e115,의정부,의정부포레스트:오감이 깨어나는 숲 속 여행,T04,0.830225,1.0,83.022497,23
C7,K컬처 탐방형,ct_7cdced2e0d065a,여주,시티투어,T06,0.825964,1.0,82.596375,24
C7,K컬처 탐방형,ct_8de53de429d379,포항,퐝순환코스,T04,0.82466,1.0,82.465999,25
C7,K컬처 탐방형,ct_15ca3909485d66,서천,광역코스,T04,0.821332,1.0,82.133172,26
C7,K컬처 탐방형,ct_61845aa89a1c1a,홍천,홍천시티투어,T06,0.819986,1.0,81.998572,27
C7,K컬처 탐방형,ct_2f8d9c4d57db08,서천,힐링코스,T06,0.816011,1.0,81.601111,28
C7,K컬처 탐방형,ct_5728bf247a42c1,제천,시티투어,T02,0.811155,1.0,81.115475,29
C7,K컬처 탐방형,ct_0f4dbe3b938a90,여수,2층주간코스,T02,0.809578,1.0,80.957808,30
C7,K컬처 탐방형,ct_c68da356b898d6,여주,꽃섬투어,T02,0.808845,1.0,80.884533,31
C7,K컬처 탐방형,ct_2be78db2f756ab,인천,바다노선,T02,0.807179,1.0,80.717932,32
C7,K컬처 탐방형,ct_516add9e1cef4a,정선,와와정선 2층 투어버스,T02,0.800641,1.0,80.064077,33
C7,K컬처 탐방형,ct_ca13864967c1fb,세종,세종관광명소B투어,T02,0.800641,1.0,80.064077,34
C7,K컬처 탐방형,ct_ed3a5516a8c6ca,연천,안보자연코스,T02,0.800641,1.0,80.064077,35
C7,K컬처 탐방형,ct_1c94bb0caf5c4f,안성,안성시티투어,T02,0.799575,1.0,79.957459,36
C7,K컬처 탐방형,ct_10510d067f8caa,서울,EG투어버스 A코스,T02,0.798123,1.0,79.81228,37
C7,K컬처 탐방형,ct_d916d0f4237246,파주,2026 파주시티투어 당일코스(금요일),T02,0.798123,1.0,79.81228,38
C7,K컬처 탐방형,ct_c0c761a6bb3927,서울,EG투어버스 C코스,T02,0.791799,1.0,79.179946,39
C7,K컬처 탐방형,ct_5e83dbf18d6227,울산,장생포 대왕암 코스,T01,0.790249,1.0,79.02487,40
C7,K컬처 탐방형,ct_9d994e07488f57,삼척,종일코스,T04,0.785724,1.0,78.572428,41
C7,K컬처 탐방형,ct_b8b6f8a37ebdf8,사천,별빛투어,T03,0.778598,1.0,77.859815,42
C7,K컬처 탐방형,ct_c825dbc2a63555,파주,2026 파주시티투어 1박2일코스(토요일~일요일),T06,0.77658,1.0,77.658027,43
C7,K컬처 탐방형,ct_84ffabae716404,홍성,죽도코스,T04,0.774659,1.0,77.465873,44
C7,K컬처 탐방형,ct_d0cdc53f7d6755,춘천,월요일,T04,0.773574,1.0,77.357371,45
C7,K컬처 탐방형,ct_aa2937d4d2a2d0,목포,목포랑시티투어,T06,0.773077,1.0,77.307692,46
C7,K컬처 탐방형,ct_6ec0ad7a54e92d,서천,문화코스,T06,0.772878,1.0,77.287848,47
C7,K컬처 탐방형,ct_a1bc285f9c2881,여수,제1코스,T04,0.769823,1.0,76.982349,48
C7,K컬처 탐방형,ct_c83f7c6960b76b,부산,레드라인,T06,0.76098,1.0,76.098023,49
C7,K컬처 탐방형,ct_59c60fcaf04aa6,인천,교동도투어,T02,0.752602,1.0,75.260232,50
C7,K컬처 탐방형,ct_ff36074cae8347,양주,자연친화코스1,T02,0.752602,1.0,75.260232,51
C7,K컬처 탐방형,ct_cba721781124d5,원주,원주시티투어(순환형),T02,0.751077,1.0,75.10771,52
C7,K컬처 탐방형,ct_dfc58b1c3324c1,춘천,금요일,T06,0.744453,1.0,74.445317,53
C7,K컬처 탐방형,ct_c410c248858e88,서울,EG투어버스 L코스,T04,0.73659,1.0,73.658951,54
C7,K컬처 탐방형,ct_507ac7569b1306,서천,보랏빛코스,T04,0.73598,1.0,73.598007,55
C7,K컬처 탐방형,ct_a0af2538872792,서천,전라권코스,T04,0.73598,1.0,73.598007,56
C7,K컬처 탐방형,ct_aabd87818ef08f,서울,EG투어버스 I코스,T04,0.73598,1.0,73.598007,57
C7,K컬처 탐방형,ct_c53b5abd9a30ab,대전,남부코스,T06,0.727747,1.0,72.774679,58
C7,K컬처 탐방형,ct_82029ce72f5013,서울,EG투어버스 D코스,T02,0.726923,1.0,72.692308,59
C7,K컬처 탐방형,ct_78497ddd68fd45,사천,우주항공산업투어,T02,0.725888,1.0,72.588821,60
C7,K컬처 탐방형,ct_2390c56fce5420,울산,태화강 국가정원 코스,T06,0.725519,1.0,72.551886,61
C7,K컬처 탐방형,ct_7d1c2151bda037,순천,(테마투어)세계유산투어,T07,0.723425,1.0,72.342463,62
C7,K컬처 탐방형,ct_e613bd3839189c,익산,순환형2,T06,0.838628,0.857143,71.882389,63
C7,K컬처 탐방형,ct_618497cad743bc,양구,방산나들이코스,T04,0.715824,1.0,71.582389,64
C7,K컬처 탐방형,ct_36b90ac2b7ebec,태백,황지자유시장 코스,T04,0.714177,1.0,71.41765,65
C7,K컬처 탐방형,ct_1dab0b645e521d,완주,완주힐링로드시티투어 2코스,T06,0.712834,1.0,71.283369,66
C7,K컬처 탐방형,ct_506425657ddce1,완주,완주힐링로드 시티투어(서울권역),T06,0.69958,1.0,69.957971,67
C7,K컬처 탐방형,ct_3aa92169f5cb7c,군산,(익산역 출발) 고군산시간여행코스,T06,0.696774,1.0,69.677436,68
C7,K컬처 탐방형,ct_f6d09076696e6d,양구,힐링산책코스,T02,0.696557,1.0,69.655747,69
C7,K컬처 탐방형,ct_2921659630cea0,서울,EG투어버스 B코스,T02,0.686406,1.0,68.640647,70
C7,K컬처 탐방형,ct_b3b0773f44a533,안산,대부도 해변코스(체험형 1코스),T02,0.686406,1.0,68.640647,71
C7,K컬처 탐방형,ct_f48a1e387a5d08,이천,농촌체험코스(중부),T02,0.686406,1.0,68.640647,72
C7,K컬처 탐방형,ct_566165b1b827e0,천안,토요일,T05,0.682191,1.0,68.219104,73
C7,K컬처 탐방형,ct_7350d2221bf4e5,대전,"광역투어(다섯째주, 일)",T07,0.676628,1.0,67.662847,74
C7,K컬처 탐방형,ct_820bca31911e89,완주,완주힐링로드시티투어 1코스,T06,0.676628,1.0,67.662847,75
C7,K컬처 탐방형,ct_1a59c2f3801f38,대전,역사문화(효월드),T07,0.675335,1.0,67.533467,76
C7,K컬처 탐방형,ct_9f8a8ca65b1ebb,파주,2026 파주시티투어 당일코스(토요일),T07,0.675335,1.0,67.533467,77
C7,K컬처 탐방형,ct_0946c67481033f,세종,행복투어B,T05,0.668043,1.0,66.804345,78
C7,K컬처 탐방형,ct_20eb1ae44f44d4,밀양,영남알프스권 투어 1,T06,0.668043,1.0,66.804345,79
C7,K컬처 탐방형,ct_52fe5a29aee3e7,합천,합천광역시티투어 누비고,T05,0.668043,1.0,66.804345,80
C7,K컬처 탐방형,ct_1d8d8a70616c41,경기광주,광주시티투어,T06,0.661156,1.0,66.115558,81
C7,K컬처 탐방형,ct_a11be8ffeee88a,태백,통리장 코스,T04,0.659712,1.0,65.971189,82
C7,K컬처 탐방형,ct_a8a8ecfbd0eefc,대전,"광역투어(다섯째주, 토)",T04,0.656525,1.0,65.652543,83
C7,K컬처 탐방형,ct_68d8eff6357673,양구,해안DMZ트래킹 코스,T02,0.653846,1.0,65.384615,84
C7,K컬처 탐방형,ct_2c0d1fe873d818,천안,화요일,T07,0.640513,1.0,64.051262,85
C7,K컬처 탐방형,ct_cfd77d72cf4c59,나주,정기코스,T07,0.640513,1.0,64.051262,86
C7,K컬처 탐방형,ct_52149303f1b0d4,서울,EG투어버스 K 코스,T02,0.640252,1.0,64.025235,87
C7,K컬처 탐방형,ct_8163a6f43e6f4a,아산,예술맛집 코스,T02,0.640252,1.0,64.025235,88
C7,K컬처 탐방형,ct_8e34c83e5dbe39,이천,농촌체험코스(북부),T02,0.640252,1.0,64.025235,89
C7,K컬처 탐방형,ct_b75e8d4cf1e318,대구,테마(야경 11~3월),T03,0.640252,1.0,64.025235,90
C7,K컬처 탐방형,ct_d3c228b00ede2b,파주,2026 파주시티투어 당일코스(화요일),T02,0.640252,1.0,64.025235,91
C7,K컬처 탐방형,ct_658464b2619d71,양주,천일홍축제,T07,0.637342,1.0,63.734224,92
C7,K컬처 탐방형,ct_c4d1ab4265b00c,양주,왕실축제,T07,0.637342,1.0,63.734224,93
C7,K컬처 탐방형,ct_36cdd5661df6fd,봉화,송이축제 문화유적탐방버스,T02,0.634109,1.0,63.410884,94
C7,K컬처 탐방형,ct_69c07f148cbc8b,봉화,은어축제 문화유적탐방버스,T02,0.634109,1.0,63.410884,95
C7,K컬처 탐방형,ct_c722d90ff66eb2,홍성,"전통시장코스(광천) 4,9일 운영",T04,0.630181,1.0,63.018109,96
C7,K컬처 탐방형,ct_084dcff739bc51,김해,김해에반해,T06,0.629226,1.0,62.922584,97
C7,K컬처 탐방형,ct_aa87321b8b5003,창원,창원시티투어,T06,0.627398,1.0,62.739849,98
C7,K컬처 탐방형,ct_941018a965809c,광양,야경코스,T03,0.622222,1.0,62.222233,99
C7,K컬처 탐방형,ct_0af000fbdb8ad6,동해,관광문화코스,T04,0.621034,1.0,62.103443,100
C7,K컬처 탐방형,ct_23c35eeaf17398,곡성,읍권 순환버스,T06,0.61842,1.0,61.841955,101
C7,K컬처 탐방형,ct_343d3a1d62c8a5,완주,완주힐링로드 시티투어(코레일연계 익산역),T06,0.617924,1.0,61.792381,102
C7,K컬처 탐방형,ct_0ebeda6387230e,안산,대부도 뱃길코스(체험형 2코스),T01,0.6092,1.0,60.919969,103
C7,K컬처 탐방형,ct_1845f5c9950df4,목포,별빛물결시티투어,T03,0.607824,1.0,60.782444,104
C7,K컬처 탐방형,ct_abd1e371e69550,정선,아리랑열차 연계형 시티투어2,T04,0.607824,1.0,60.782444,105
C7,K컬처 탐방형,ct_ac7ca37140e6b6,포항,퐝랜드마크B코스,T04,0.607824,1.0,60.782444,106
C7,K컬처 탐방형,ct_2749460936eb31,공주,반일코스,T07,0.60777,1.0,60.77702,107
C7,K컬처 탐방형,ct_3764c5ee83c6b9,대전,"광역투어(넷재주, 토)",T07,0.60777,1.0,60.77702,108
C7,K컬처 탐방형,ct_cec518ee1213c1,양주,서울우유견학코스,T07,0.60777,1.0,60.77702,109
C7,K컬처 탐방형,ct_07b4b0458851e1,서울,EG투어버스 J코스,T07,0.60517,1.0,60.517003,110
C7,K컬처 탐방형,ct_6beed8d2daa9dc,세종,야경투어,T03,0.60376,1.0,60.376041,111
C7,K컬처 탐방형,ct_88364cbd4a5650,곡성,압록권역 순환버스,T02,0.60376,1.0,60.376041,112
C7,K컬처 탐방형,ct_a8b35f46bb8621,세종,행복투어A,T02,0.60376,1.0,60.376041,113
C7,K컬처 탐방형,ct_f355a62ad61675,세종,정원투어,T02,0.60376,1.0,60.376041,114
C7,K컬처 탐방형,ct_17e0dd4d30822e,밀양,삼랑진권 투어,T07,0.597226,1.0,59.722552,115
C7,K컬처 탐방형,ct_596ccaeb2861f9,태안,남부코스,T04,0.589165,1.0,58.916499,116
C7,K컬처 탐방형,ct_14b70a907c3324,안산,대부도 해변코스(일반형 1코스),T01,0.588784,1.0,58.878406,117
C7,K컬처 탐방형,ct_4e89a607500203,태안,광역코스,T01,0.585587,1.0,58.558696,118
C7,K컬처 탐방형,ct_2827a8d7943bdf,가평,가평순환버스A코스,T02,0.584426,1.0,58.442608,119
C7,K컬처 탐방형,ct_ec90f983bc7ed6,안동,하회마을테마,T06,0.578668,1.0,57.866805,120
C7,K컬처 탐방형,ct_1d32ffebd246d5,홍성,"전통시장코스(홍성) 1,6일 운영",T05,0.577461,1.0,57.746129,121
C7,K컬처 탐방형,ct_b53b246e98a9cd,인천,석모도투어,T05,0.577461,1.0,57.746129,122
C7,K컬처 탐방형,ct_b96c711c2cd94d,예산,예산군 버스투어,T04,0.577461,1.0,57.746129,123
C7,K컬처 탐방형,ct_037c18bb42946f,세종,천안연계투어,T07,0.576461,1.0,57.646135,124
C7,K컬처 탐방형,ct_79a18eaed83932,양산,양산시 가을 시티투어 (역사문화코스),T07,0.576461,1.0,57.646135,125
C7,K컬처 탐방형,ct_a8823fdcbfa445,화성,바다와 하루,T01,0.575838,1.0,57.583771,126
C7,K컬처 탐방형,ct_f534f220e539af,파주,2026 파주시티투어 당일코스(일요일),T07,0.563945,1.0,56.39452,127
C7,K컬처 탐방형,ct_02181b9e7a671f,순천,(테마투어)성곽투어,T07,0.560449,1.0,56.044854,128
C7,K컬처 탐방형,ct_1c691124e74222,대구,도동코스,T07,0.558156,1.0,55.815631,129
C7,K컬처 탐방형,ct_7dba0d730780c9,서천,동백코스(익산-군산 광역),T04,0.555591,1.0,55.559096,130
C7,K컬처 탐방형,ct_9857f916bfa916,대구,도심순환코스(12개 정류장),T06,0.553193,1.0,55.319253,131
C7,K컬처 탐방형,ct_bd2de54ec11e6b,양산,양산시 가을 시티투어 (자연관광코스),T04,0.73598,0.75,55.198505,132
C7,K컬처 탐방형,ct_987d7b91b042a8,완도,해양치유시티투어,T06,0.551955,1.0,55.195457,133
C7,K컬처 탐방형,ct_ba3c89379bf8c1,서천,금빛코스,T06,0.545108,1.0,54.510812,134
C7,K컬처 탐방형,ct_4e0d701d9aadd5,대구,테마(야경 4~10월),T03,0.544436,1.0,54.443572,135
C7,K컬처 탐방형,ct_2c5b83ca1acb5c,춘천,토요일,T06,0.543319,1.0,54.331893,136
C7,K컬처 탐방형,ct_72a42eb150b5d4,춘천,일요일,T06,0.543319,1.0,54.331893,137
C7,K컬처 탐방형,ct_4ba7f5cc1ffeda,부산,서부산생태투어,T05,0.542588,1.0,54.258797,138
C7,K컬처 탐방형,ct_bd00bd65a80b11,연천,역사자연코스,T05,0.542588,1.0,54.258797,139
C7,K컬처 탐방형,ct_e353674363d7f4,대전,대청호코스,T06,0.607394,0.875,53.14695,140
C7,K컬처 탐방형,ct_d1e99a0d119f73,밀양,시내권 투어 1,T06,0.615717,0.857143,52.775762,141
C7,K컬처 탐방형,ct_0ed3eb88438a1d,인천,청라투어,T02,0.526965,1.0,52.696519,142
C7,K컬처 탐방형,ct_2528f0bf880396,평창,남부권 코스,T02,0.526965,1.0,52.696519,143
C7,K컬처 탐방형,ct_572b4d8191127a,영주,선비 코스,T07,0.526965,1.0,52.696519,144
C7,K컬처 탐방형,ct_661e12e8488117,대전,힐링(장태산),T02,0.526965,1.0,52.696519,145
C7,K컬처 탐방형,ct_8b988867d0e267,홍성,남당항 코스,T02,0.526965,1.0,52.696519,146
C7,K컬처 탐방형,ct_3ed5105d35b251,서산,A코스,T07,0.521754,1.0,52.175351,147
C7,K컬처 탐방형,ct_6e6a0f2ecaee7f,양주,기본코스,T07,0.521754,1.0,52.175351,148
C7,K컬처 탐방형,ct_6b62f6c5e28b9c,사천,바다투어,T06,0.508947,1.0,50.89471,149
C7,K컬처 탐방형,ct_62ce3cfd4b2223,대구,현풍코스,T07,0.507692,1.0,50.769231,150
C7,K컬처 탐방형,ct_2d10b95a5e902e,대전,"광역투어(첫주, 일)",T06,0.503177,1.0,50.317672,151
C7,K컬처 탐방형,ct_45e65111200294,대전,"광역투어(셋째주, 토)",T06,0.503177,1.0,50.317672,152
C7,K컬처 탐방형,ct_636360ac200b66,대전,"광역투어(셋째주, 일)",T07,0.497289,1.0,49.728869,153
C7,K컬처 탐방형,ct_1def3d2a58e430,부산,오렌지라인,T06,0.496516,1.0,49.651593,154
C7,K컬처 탐방형,ct_166c38f36d6640,춘천,목요일,T05,0.496397,1.0,49.639728,155
C7,K컬처 탐방형,ct_40252d247000a5,안동,야간도심테마,T03,0.496397,1.0,49.639728,156
C7,K컬처 탐방형,ct_4309f65e431d83,아산,인생네컷 코스,T05,0.496397,1.0,49.639728,157
C7,K컬처 탐방형,ct_6c466761af057c,대전,"광역투어(둘째주, 일)",T05,0.496397,1.0,49.639728,158
C7,K컬처 탐방형,ct_fcbc8def0ff021,공주,여름코스,T07,0.494119,1.0,49.411926,159
C7,K컬처 탐방형,ct_a3932d2baa3d16,안산,안산 시내권코스(목요일),T05,0.49029,1.0,49.029034,160
C7,K컬처 탐방형,ct_c188dbb343674a,서천,푸른빛코스,T05,0.49029,1.0,49.029034,161
C7,K컬처 탐방형,ct_49fb403c953735,광양,광양역사코스,T07,0.489546,1.0,48.954601,162
C7,K컬처 탐방형,ct_c343406b7388f2,군산,고군산시간여행코스,T01,0.485363,1.0,48.536267,163
C7,K컬처 탐방형,ct_b6060e0e38a765,안산,대부도 뱃길코스(일반형 2코스),T01,0.484086,1.0,48.408599,164
C7,K컬처 탐방형,ct_6be92119035c7f,영광,"영광쉼,투어",T06,0.481416,1.0,48.141576,165
C7,K컬처 탐방형,ct_03101958100a14,부여,부여테마여행,T06,0.466038,1.0,46.603818,166
C7,K컬처 탐방형,ct_5c692156a089c1,파주,2026 파주시티투어 당일코스(수요일),T05,0.450762,1.0,45.076248,167
C7,K컬처 탐방형,ct_c3ec7bb154c2c1,대전,언택트세이프(B),T05,0.450762,1.0,45.076248,168
C7,K컬처 탐방형,ct_edd6e5375f387f,부산,그린라인,T06,0.450691,1.0,45.069077,169
C7,K컬처 탐방형,ct_809907e22355c9,연천,연천명소코스,T05,0.432346,1.0,43.234602,170
C7,K컬처 탐방형,ct_b2af495e1760b5,안산,대부도 뱃길코스(체험형 1코스),T01,0.42792,1.0,42.791983,171
C7,K컬처 탐방형,ct_2d7ad6be7d0219,공주,봄코스,T07,0.416025,1.0,41.602515,172
C7,K컬처 탐방형,ct_38e990a88a3094,춘천,수요일,T07,0.411844,1.0,41.184388,173
C7,K컬처 탐방형,ct_4212deac479d6b,세종,역사문화투어,T07,0.411844,1.0,41.184388,174
C7,K컬처 탐방형,ct_64b3f2e630ba51,여수,다크투어리즘코스,T07,0.411844,1.0,41.184388,175
C7,K컬처 탐방형,ct_73908901775f5c,익산,세계유산코스,T07,0.411844,1.0,41.184388,176
C7,K컬처 탐방형,ct_82e2c317c54d7e,양주,역사투어,T07,0.411844,1.0,41.184388,177
C7,K컬처 탐방형,ct_a70933018dfe45,여수,이순신문화유적코스,T07,0.411844,1.0,41.184388,178
C7,K컬처 탐방형,ct_ba06e511559567,홍성,역사·문화 코스,T07,0.411844,1.0,41.184388,179
C7,K컬처 탐방형,ct_caab077d4954a7,김해,역사에반해,T07,0.411844,1.0,41.184388,180
C7,K컬처 탐방형,ct_db611b0ecd14e4,대전,다크투어,T07,0.411844,1.0,41.184388,181
C7,K컬처 탐방형,ct_e4521f5325216f,양주,박물관투어,T07,0.411844,1.0,41.184388,182
C7,K컬처 탐방형,ct_104171b078b959,공주,가을코스,T07,0.409315,1.0,40.931462,183
C7,K컬처 탐방형,ct_83465bf3a690f2,여수,야간테마코스(시간을달리는버스커),T03,0.40797,1.0,40.796984,184
C7,K컬처 탐방형,ct_ab2a31c9b0dd1c,안동,주간도심테마,T06,0.46586,0.875,40.76276,185
C7,K컬처 탐방형,ct_a7d1b6cc26e056,안산,대부도 뱃길코스(일반형 1코스),T01,0.40762,1.0,40.761973,186
C7,K컬처 탐방형,ct_8171ca90d9fa99,제주,야간코스(7월말~8월말 운영),T03,0.401958,1.0,40.195835,187
C7,K컬처 탐방형,ct_1d6ad4598dff93,대구,테마-방방곡곡(군위군 돋보기),T05,0.496397,0.8,39.711782,188
C7,K컬처 탐방형,ct_0d96bb8740671d,대전,역사문화(동춘당),T07,0.394676,1.0,39.467611,189
C7,K컬처 탐방형,ct_1b0e0fd1157aaa,아산,休캉스 코스,T07,0.394676,1.0,39.467611,190
C7,K컬처 탐방형,ct_6bfb1cb10f19bb,천안,목요일,T07,0.394676,1.0,39.467611,191
C7,K컬처 탐방형,ct_a33d720535a1e1,순천,(테마투어)산사투어,T07,0.394676,1.0,39.467611,192
C7,K컬처 탐방형,ct_e588b4efe19ef3,평창,북부권 코스,T07,0.394676,1.0,39.467611,193
C7,K컬처 탐방형,ct_c93b13bf48e761,영주,물돌이 코스,T05,0.39142,1.0,39.141991,194
C7,K컬처 탐방형,ct_fe508b5dbba88f,세종,역사산책투어,T05,0.379541,1.0,37.954088,195
C7,K컬처 탐방형,ct_a7f13a177e5633,여수,제2코스,T01,0.377906,1.0,37.790632,196
C7,K컬처 탐방형,ct_0e4d7f0c7de8e2,대구,송해코스,T07,0.375311,1.0,37.531052,197
C7,K컬처 탐방형,ct_fc9f85899d40a4,안산,안산 시내권코스(토요일),T07,0.375311,1.0,37.531052,198
C7,K컬처 탐방형,ct_ff41044d0b7080,부산,동부산테마노선,T01,0.366252,1.0,36.625165,199
C7,K컬처 탐방형,ct_98323d74dbd87a,제주,순환형코스,T06,0.363848,1.0,36.384779,200
C7,K컬처 탐방형,ct_59f67b28d9aad1,서울,EG투어버스 G코스,T05,0.359594,1.0,35.959379,201
C7,K컬처 탐방형,ct_ebbc3131233e25,가평,가평순환버스B코스,T05,0.359594,1.0,35.959379,202
C7,K컬처 탐방형,ct_83afdb6c6bad30,시흥,순환형 2층버스,T01,0.359546,1.0,35.954625,203
C7,K컬처 탐방형,ct_4be058672a95ae,시흥,테마형 정기코스,T01,0.357513,1.0,35.751305,204
C7,K컬처 탐방형,ct_74128602fb5dca,태안,북부코스,T01,0.342308,1.0,34.230769,205
C7,K컬처 탐방형,ct_452018aaa6c847,춘천,화요일,T05,0.337048,1.0,33.704807,206
C7,K컬처 탐방형,ct_4b24fed6566e54,해남,해남시티투어,T05,0.33282,1.0,33.282012,207
C7,K컬처 탐방형,ct_c59f7d050e72e0,대전,생태교육,T05,0.33282,1.0,33.282012,208
C7,K컬처 탐방형,ct_f558345dd00dbf,아산,역사기행 코스,T05,0.33282,1.0,33.282012,209
C7,K컬처 탐방형,ct_f8bd00d4bc40b3,순천,(기획투어)나이트가든투어,T03,0.33282,1.0,33.282012,210
C7,K컬처 탐방형,ct_fa87b733ddf357,아산,아산도심핫플코스,T05,0.33282,1.0,33.282012,211
C7,K컬처 탐방형,ct_6df930eb64d3ad,세종,세종관광명소A투어,T05,0.31433,1.0,31.433011,212
C7,K컬처 탐방형,ct_77585e7300bc39,청주,청주시티투어_정기투어_트레킹 투어(토),T05,0.309552,1.0,30.955174,213
C7,K컬처 탐방형,ct_3e1bfccd397508,세종,봄꽃파닭A투어,T05,0.289429,1.0,28.942915,214
C7,K컬처 탐방형,ct_a8b6f564bf7384,세종,봄꽃파닭B투어,T05,0.289429,1.0,28.942915,215
C7,K컬처 탐방형,ct_3f9d81407b910a,대전,"광역투어(넷재주, 일)",T05,0.277403,1.0,27.740343,216
C7,K컬처 탐방형,ct_da6b197f9d64eb,대구,테마-방방곡곡(사시사철),T05,0.277403,1.0,27.740343,217
C7,K컬처 탐방형,ct_a98893fa363590,양산,봄꽃체험코스,T04,0.416025,0.666667,27.73501,218
C7,K컬처 탐방형,ct_008becedc70ab4,인천,무의도투어,T01,0.274563,1.0,27.456259,219
C7,K컬처 탐방형,ct_30fd00f9cfda89,인천,선재영흥투어,T01,0.274563,1.0,27.456259,220
C7,K컬처 탐방형,ct_cf9f8ad6cdda8f,대전,야경,T03,0.359594,0.75,26.969534,221
C7,K컬처 탐방형,ct_0b7a755a267601,여수,2층야간코스,T03,0.254221,1.0,25.422078,222
C7,K컬처 탐방형,ct_5997fa12423936,대전,언택트세이프(A),T05,0.236806,1.0,23.680567,223
C7,K컬처 탐방형,ct_62dfed5cce4635,파주,2026 파주시티투어 당일코스(목요일),T05,0.236806,1.0,23.680567,224
C7,K컬처 탐방형,ct_6b11aef24a24ef,순천,(테마투어)생태투어,T05,0.236806,1.0,23.680567,225
C7,K컬처 탐방형,ct_7799bf62ca5138,대전,"광역투어(둘째주, 토)",T05,0.236806,1.0,23.680567,226
C7,K컬처 탐방형,ct_d038c55e01951b,대전,대덕특구탐방,T05,0.236806,1.0,23.680567,227
C7,K컬처 탐방형,ct_5082aae98cb9d3,부산,야경투어,T03,0.235748,1.0,23.574758,228
C7,K컬처 탐방형,ct_6f6ed56249f477,대전,"광역투어(첫주, 토)",T05,0.186052,1.0,18.60521,229
C7,K컬처 탐방형,ct_d3a976675ffc53,대구,테마-방방곡곡(낙동강),T05,0.186052,1.0,18.60521,230
C7,K컬처 탐방형,ct_ec6acb453717fd,안산,대부도 해변코스(일반형 2코스),T05,0.175412,1.0,17.54116,231
C7,K컬처 탐방형,ct_82edd01ea220e6,화순,화순적벽 버스투어(적벽 셔틀버스),T05,0.058835,1.0,5.883484,232
C7,K컬처 탐방형,ct_f0549cce13f623,대전,힐링(만인산),T05,0.058835,1.0,5.883484,233
C7,K컬처 탐방형,ct_f55bded1011de2,대전,언택트세이프?,T05,0.058835,1.0,5.883484,234
C8,웰니스 쇼핑형,ct_596ccaeb2861f9,태안,남부코스,T04,0.955173,1.0,95.517312,1
C8,웰니스 쇼핑형,ct_9d994e07488f57,삼척,종일코스,T04,0.914655,1.0,91.465546,2
C8,웰니스 쇼핑형,ct_c722d90ff66eb2,홍성,"전통시장코스(광천) 4,9일 운영",T04,0.877191,1.0,87.719119,3
C8,웰니스 쇼핑형,ct_e346ea988fedc3,포항,씨(SEA)하게 보는 포항코스,T04,0.867516,1.0,86.751628,4
C8,웰니스 쇼핑형,ct_941018a965809c,광양,야경코스,T03,0.839124,1.0,83.912429,5
C8,웰니스 쇼핑형,ct_c83f7c6960b76b,부산,레드라인,T06,0.828509,1.0,82.850918,6
C8,웰니스 쇼핑형,ct_4e89a607500203,태안,광역코스,T01,0.827863,1.0,82.786333,7
C8,웰니스 쇼핑형,ct_0af000fbdb8ad6,동해,관광문화코스,T04,0.824314,1.0,82.431417,8
C8,웰니스 쇼핑형,ct_c410c248858e88,서울,EG투어버스 L코스,T04,0.822082,1.0,82.208213,9
C8,웰니스 쇼핑형,ct_84ffabae716404,홍성,죽도코스,T04,0.82137,1.0,82.137019,10
C8,웰니스 쇼핑형,ct_de90b5933f0b40,청도,시티투어,T04,0.814511,1.0,81.45107,11
C8,웰니스 쇼핑형,ct_8de53de429d379,포항,퐝순환코스,T04,0.800448,1.0,80.044839,12
C8,웰니스 쇼핑형,ct_330d0bc9cd3d05,서산,B코스,T04,0.797852,1.0,79.785203,13
C8,웰니스 쇼핑형,ct_94cebe436c068a,서산,C코스,T04,0.797852,1.0,79.785203,14
C8,웰니스 쇼핑형,ct_ff41dfabaec78b,여수,야경코스,T03,0.797852,1.0,79.785203,15
C8,웰니스 쇼핑형,ct_1d32ffebd246d5,홍성,"전통시장코스(홍성) 1,6일 운영",T05,0.795463,1.0,79.546295,16
C8,웰니스 쇼핑형,ct_b53b246e98a9cd,인천,석모도투어,T05,0.795463,1.0,79.546295,17
C8,웰니스 쇼핑형,ct_b96c711c2cd94d,예산,예산군 버스투어,T04,0.795463,1.0,79.546295,18
C8,웰니스 쇼핑형,ct_1845f5c9950df4,목포,별빛물결시티투어,T03,0.794482,1.0,79.448175,19
C8,웰니스 쇼핑형,ct_abd1e371e69550,정선,아리랑열차 연계형 시티투어2,T04,0.794482,1.0,79.448175,20
C8,웰니스 쇼핑형,ct_ac7ca37140e6b6,포항,퐝랜드마크B코스,T04,0.794482,1.0,79.448175,21
C8,웰니스 쇼핑형,ct_36b90ac2b7ebec,태백,황지자유시장 코스,T04,0.793131,1.0,79.313061,22
C8,웰니스 쇼핑형,ct_8171ca90d9fa99,제주,야간코스(7월말~8월말 운영),T03,0.780166,1.0,78.016559,23
C8,웰니스 쇼핑형,ct_3e1bfccd397508,세종,봄꽃파닭A투어,T05,0.758354,1.0,75.835441,24
C8,웰니스 쇼핑형,ct_a8b6f564bf7384,세종,봄꽃파닭B투어,T05,0.758354,1.0,75.835441,25
C8,웰니스 쇼핑형,ct_987d7b91b042a8,완도,해양치유시티투어,T06,0.754084,1.0,75.408404,26
C8,웰니스 쇼핑형,ct_809907e22355c9,연천,연천명소코스,T05,0.74997,1.0,74.996966,27
C8,웰니스 쇼핑형,ct_a8a8ecfbd0eefc,대전,"광역투어(다섯째주, 토)",T04,0.74997,1.0,74.996966,28
C8,웰니스 쇼핑형,ct_aa87321b8b5003,창원,창원시티투어,T06,0.741589,1.0,74.158911,29
C8,웰니스 쇼핑형,ct_15ca3909485d66,서천,광역코스,T04,0.725063,1.0,72.506347,30
C8,웰니스 쇼핑형,ct_507ac7569b1306,서천,보랏빛코스,T04,0.713877,1.0,71.387701,31
C8,웰니스 쇼핑형,ct_a0af2538872792,서천,전라권코스,T04,0.713877,1.0,71.387701,32
C8,웰니스 쇼핑형,ct_aabd87818ef08f,서울,EG투어버스 I코스,T04,0.713877,1.0,71.387701,33
C8,웰니스 쇼핑형,ct_a11be8ffeee88a,태백,통리장 코스,T04,0.694337,1.0,69.433699,34
C8,웰니스 쇼핑형,ct_452018aaa6c847,춘천,화요일,T05,0.692362,1.0,69.236163,35
C8,웰니스 쇼핑형,ct_4e0d701d9aadd5,대구,테마(야경 4~10월),T03,0.69228,1.0,69.227969,36
C8,웰니스 쇼핑형,ct_956d44d9a821ed,양산,2025 6월 시티투어,T04,0.688891,1.0,68.889113,37
C8,웰니스 쇼핑형,ct_2f8d9c4d57db08,서천,힐링코스,T06,0.676384,1.0,67.638406,38
C8,웰니스 쇼핑형,ct_00435b9cca499b,포항,퐝랜드마크A코스,T04,0.674105,1.0,67.410519,39
C8,웰니스 쇼핑형,ct_3dd54d8970e115,의정부,의정부포레스트:오감이 깨어나는 숲 속 여행,T04,0.671227,1.0,67.122725,40
C8,웰니스 쇼핑형,ct_c93b13bf48e761,영주,물돌이 코스,T05,0.663343,1.0,66.33428,41
C8,웰니스 쇼핑형,ct_a3932d2baa3d16,안산,안산 시내권코스(목요일),T05,0.659451,1.0,65.945133,42
C8,웰니스 쇼핑형,ct_c188dbb343674a,서천,푸른빛코스,T05,0.659451,1.0,65.945133,43
C8,웰니스 쇼핑형,ct_98323d74dbd87a,제주,순환형코스,T06,0.657623,1.0,65.762348,44
C8,웰니스 쇼핑형,ct_ab2a31c9b0dd1c,안동,주간도심테마,T06,0.734288,0.875,64.25017,45
C8,웰니스 쇼핑형,ct_1def3d2a58e430,부산,오렌지라인,T06,0.641767,1.0,64.176702,46
C8,웰니스 쇼핑형,ct_6ec0ad7a54e92d,서천,문화코스,T06,0.640872,1.0,64.087202,47
C8,웰니스 쇼핑형,ct_d0cdc53f7d6755,춘천,월요일,T04,0.636159,1.0,63.615921,48
C8,웰니스 쇼핑형,ct_7cdced2e0d065a,여주,시티투어,T06,0.63215,1.0,63.215006,49
C8,웰니스 쇼핑형,ct_b2af495e1760b5,안산,대부도 뱃길코스(체험형 1코스),T01,0.631196,1.0,63.119627,50
C8,웰니스 쇼핑형,ct_566165b1b827e0,천안,토요일,T05,0.62561,1.0,62.561047,51
C8,웰니스 쇼핑형,ct_83afdb6c6bad30,시흥,순환형 2층버스,T01,0.624124,1.0,62.412358,52
C8,웰니스 쇼핑형,ct_037c18bb42946f,세종,천안연계투어,T07,0.620167,1.0,62.016722,53
C8,웰니스 쇼핑형,ct_79a18eaed83932,양산,양산시 가을 시티투어 (역사문화코스),T07,0.620167,1.0,62.016722,54
C8,웰니스 쇼핑형,ct_dfc58b1c3324c1,춘천,금요일,T06,0.618939,1.0,61.893912,55
C8,웰니스 쇼핑형,ct_23c35eeaf17398,곡성,읍권 순환버스,T06,0.612348,1.0,61.234767,56
C8,웰니스 쇼핑형,ct_5082aae98cb9d3,부산,야경투어,T03,0.612022,1.0,61.202204,57
C8,웰니스 쇼핑형,ct_b6060e0e38a765,안산,대부도 뱃길코스(일반형 2코스),T01,0.612012,1.0,61.201224,58
C8,웰니스 쇼핑형,ct_a1bc285f9c2881,여수,제1코스,T04,0.609519,1.0,60.951888,59
C8,웰니스 쇼핑형,ct_83465bf3a690f2,여수,야간테마코스(시간을달리는버스커),T03,0.602274,1.0,60.227354,60
C8,웰니스 쇼핑형,ct_74128602fb5dca,태안,북부코스,T01,0.599302,1.0,59.930157,61
C8,웰니스 쇼핑형,ct_4be058672a95ae,시흥,테마형 정기코스,T01,0.594012,1.0,59.401188,62
C8,웰니스 쇼핑형,ct_ec6acb453717fd,안산,대부도 해변코스(일반형 2코스),T05,0.592464,1.0,59.246438,63
C8,웰니스 쇼핑형,ct_9857f916bfa916,대구,도심순환코스(12개 정류장),T06,0.586924,1.0,58.692385,64
C8,웰니스 쇼핑형,ct_a98893fa363590,양산,봄꽃체험코스,T04,0.874317,0.666667,58.287814,65
C8,웰니스 쇼핑형,ct_a7f13a177e5633,여수,제2코스,T01,0.576248,1.0,57.624779,66
C8,웰니스 쇼핑형,ct_7dba0d730780c9,서천,동백코스(익산-군산 광역),T04,0.575946,1.0,57.594604,67
C8,웰니스 쇼핑형,ct_2d10b95a5e902e,대전,"광역투어(첫주, 일)",T06,0.566504,1.0,56.65043,68
C8,웰니스 쇼핑형,ct_45e65111200294,대전,"광역투어(셋째주, 토)",T06,0.566504,1.0,56.65043,69
C8,웰니스 쇼핑형,ct_68e342ed3c052f,익산,익산숨은보석찾기코스,T04,0.565244,1.0,56.5244,70
C8,웰니스 쇼핑형,ct_edd6e5375f387f,부산,그린라인,T06,0.557397,1.0,55.739664,71
C8,웰니스 쇼핑형,ct_55438211f07ef0,임실,명소탐방 임실 시티투어,T04,0.547409,1.0,54.740916,72
C8,웰니스 쇼핑형,ct_0b7a755a267601,여수,2층야간코스,T03,0.54502,1.0,54.501952,73
C8,웰니스 쇼핑형,ct_b97fea5cc3f414,광양,광양힐링코스,T06,0.544437,1.0,54.443719,74
C8,웰니스 쇼핑형,ct_bd2de54ec11e6b,양산,양산시 가을 시티투어 (자연관광코스),T04,0.713877,0.75,53.540776,75
C8,웰니스 쇼핑형,ct_6b62f6c5e28b9c,사천,바다투어,T06,0.531231,1.0,53.123075,76
C8,웰니스 쇼핑형,ct_a407c821a8382e,서울,EG투어버스 H코스,T04,0.530309,1.0,53.030864,77
C8,웰니스 쇼핑형,ct_e4444e050c482f,천안,일요일,T04,0.530309,1.0,53.030864,78
C8,웰니스 쇼핑형,ct_aa2937d4d2a2d0,목포,목포랑시티투어,T06,0.52309,1.0,52.308981,79
C8,웰니스 쇼핑형,ct_86dc46ed127655,청주,청주시티투어_정기투어_청남대 투어(수토일),T04,0.520753,1.0,52.075274,80
C8,웰니스 쇼핑형,ct_516add9e1cef4a,정선,와와정선 2층 투어버스,T02,0.504787,1.0,50.478727,81
C8,웰니스 쇼핑형,ct_ca13864967c1fb,세종,세종관광명소B투어,T02,0.504787,1.0,50.478727,82
C8,웰니스 쇼핑형,ct_ed3a5516a8c6ca,연천,안보자연코스,T02,0.504787,1.0,50.478727,83
C8,웰니스 쇼핑형,ct_618497cad743bc,양구,방산나들이코스,T04,0.50342,1.0,50.342044,84
C8,웰니스 쇼핑형,ct_61845aa89a1c1a,홍천,홍천시티투어,T06,0.500504,1.0,50.050386,85
C8,웰니스 쇼핑형,ct_14b70a907c3324,안산,대부도 해변코스(일반형 1코스),T01,0.499714,1.0,49.971391,86
C8,웰니스 쇼핑형,ct_53a12bc8caced9,화천,화천시티투어(평화누리호),T06,0.480379,1.0,48.037947,87
C8,웰니스 쇼핑형,ct_6f6ed56249f477,대전,"광역투어(첫주, 토)",T05,0.480379,1.0,48.037947,88
C8,웰니스 쇼핑형,ct_d3a976675ffc53,대구,테마-방방곡곡(낙동강),T05,0.480379,1.0,48.037947,89
C8,웰니스 쇼핑형,ct_a7d1b6cc26e056,안산,대부도 뱃길코스(일반형 1코스),T01,0.479317,1.0,47.931742,90
C8,웰니스 쇼핑형,ct_a8823fdcbfa445,화성,바다와 하루,T01,0.478532,1.0,47.853164,91
C8,웰니스 쇼핑형,ct_07b4b0458851e1,서울,EG투어버스 J코스,T07,0.473972,1.0,47.39715,92
C8,웰니스 쇼핑형,ct_5997fa12423936,대전,언택트세이프(A),T05,0.473972,1.0,47.39715,93
C8,웰니스 쇼핑형,ct_62dfed5cce4635,파주,2026 파주시티투어 당일코스(목요일),T05,0.473972,1.0,47.39715,94
C8,웰니스 쇼핑형,ct_6b11aef24a24ef,순천,(테마투어)생태투어,T05,0.473972,1.0,47.39715,95
C8,웰니스 쇼핑형,ct_7799bf62ca5138,대전,"광역투어(둘째주, 토)",T05,0.473972,1.0,47.39715,96
C8,웰니스 쇼핑형,ct_d038c55e01951b,대전,대덕특구탐방,T05,0.473972,1.0,47.39715,97
C8,웰니스 쇼핑형,ct_2c5b83ca1acb5c,춘천,토요일,T06,0.470168,1.0,47.016836,98
C8,웰니스 쇼핑형,ct_72a42eb150b5d4,춘천,일요일,T06,0.470168,1.0,47.016836,99
C8,웰니스 쇼핑형,ct_6df930eb64d3ad,세종,세종관광명소A투어,T05,0.466303,1.0,46.630251,100
C8,웰니스 쇼핑형,ct_3f9d81407b910a,대전,"광역투어(넷재주, 일)",T05,0.460513,1.0,46.051328,101
C8,웰니스 쇼핑형,ct_da6b197f9d64eb,대구,테마-방방곡곡(사시사철),T05,0.460513,1.0,46.051328,102
C8,웰니스 쇼핑형,ct_82edd01ea220e6,화순,화순적벽 버스투어(적벽 셔틀버스),T05,0.459261,1.0,45.926075,103
C8,웰니스 쇼핑형,ct_f0549cce13f623,대전,힐링(만인산),T05,0.459261,1.0,45.926075,104
C8,웰니스 쇼핑형,ct_f55bded1011de2,대전,언택트세이프?,T05,0.459261,1.0,45.926075,105
C8,웰니스 쇼핑형,ct_424fda831e8a80,인천,인천레트로노선,T04,0.453203,1.0,45.320344,106
C8,웰니스 쇼핑형,ct_fe508b5dbba88f,세종,역사산책투어,T05,0.445046,1.0,44.504553,107
C8,웰니스 쇼핑형,ct_5c692156a089c1,파주,2026 파주시티투어 당일코스(수요일),T05,0.443762,1.0,44.37617,108
C8,웰니스 쇼핑형,ct_c3ec7bb154c2c1,대전,언택트세이프(B),T05,0.443762,1.0,44.37617,109
C8,웰니스 쇼핑형,ct_fcbc8def0ff021,공주,여름코스,T07,0.438596,1.0,43.859559,110
C8,웰니스 쇼핑형,ct_3aa92169f5cb7c,군산,(익산역 출발) 고군산시간여행코스,T06,0.433961,1.0,43.396062,111
C8,웰니스 쇼핑형,ct_166c38f36d6640,춘천,목요일,T05,0.432675,1.0,43.267481,112
C8,웰니스 쇼핑형,ct_1fe72a79d47a7f,서울,EG투어버스 E코스,T07,0.432675,1.0,43.267481,113
C8,웰니스 쇼핑형,ct_40252d247000a5,안동,야간도심테마,T03,0.432675,1.0,43.267481,114
C8,웰니스 쇼핑형,ct_4309f65e431d83,아산,인생네컷 코스,T05,0.432675,1.0,43.267481,115
C8,웰니스 쇼핑형,ct_6c466761af057c,대전,"광역투어(둘째주, 일)",T05,0.432675,1.0,43.267481,116
C8,웰니스 쇼핑형,ct_ff41044d0b7080,부산,동부산테마노선,T01,0.428412,1.0,42.84119,117
C8,웰니스 쇼핑형,ct_77585e7300bc39,청주,청주시티투어_정기투어_트레킹 투어(토),T05,0.426413,1.0,42.64129,118
C8,웰니스 쇼핑형,ct_4b24fed6566e54,해남,해남시티투어,T05,0.424668,1.0,42.466836,119
C8,웰니스 쇼핑형,ct_572b4d8191127a,영주,선비 코스,T07,0.424668,1.0,42.466836,120
C8,웰니스 쇼핑형,ct_c59f7d050e72e0,대전,생태교육,T05,0.424668,1.0,42.466836,121
C8,웰니스 쇼핑형,ct_f558345dd00dbf,아산,역사기행 코스,T05,0.424668,1.0,42.466836,122
C8,웰니스 쇼핑형,ct_f8bd00d4bc40b3,순천,(기획투어)나이트가든투어,T03,0.424668,1.0,42.466836,123
C8,웰니스 쇼핑형,ct_fa87b733ddf357,아산,아산도심핫플코스,T05,0.424668,1.0,42.466836,124
C8,웰니스 쇼핑형,ct_6be92119035c7f,영광,"영광쉼,투어",T06,0.413342,1.0,41.334183,125
C8,웰니스 쇼핑형,ct_506425657ddce1,완주,완주힐링로드 시티투어(서울권역),T06,0.411989,1.0,41.198882,126
C8,웰니스 쇼핑형,ct_59f67b28d9aad1,서울,EG투어버스 G코스,T05,0.410775,1.0,41.07753,127
C8,웰니스 쇼핑형,ct_ebbc3131233e25,가평,가평순환버스B코스,T05,0.410775,1.0,41.07753,128
C8,웰니스 쇼핑형,ct_008becedc70ab4,인천,무의도투어,T01,0.406269,1.0,40.626913,129
C8,웰니스 쇼핑형,ct_30fd00f9cfda89,인천,선재영흥투어,T01,0.406269,1.0,40.626913,130
C8,웰니스 쇼핑형,ct_4ba7f5cc1ffeda,부산,서부산생태투어,T05,0.400381,1.0,40.038117,131
C8,웰니스 쇼핑형,ct_bd00bd65a80b11,연천,역사자연코스,T05,0.400381,1.0,40.038117,132
C8,웰니스 쇼핑형,ct_d756b69f16e800,청주,청주시티투어_정기투어_힐링로드 투어(토),T02,0.397731,1.0,39.773148,133
C8,웰니스 쇼핑형,ct_5728bf247a42c1,제천,시티투어,T02,0.391659,1.0,39.165888,134
C8,웰니스 쇼핑형,ct_c343406b7388f2,군산,고군산시간여행코스,T01,0.387198,1.0,38.719762,135
C8,웰니스 쇼핑형,ct_bdc4b066f6280d,안동,도산서원&예끼마을테마,T06,0.386036,1.0,38.603615,136
C8,웰니스 쇼핑형,ct_ec90f983bc7ed6,안동,하회마을테마,T06,0.384777,1.0,38.477653,137
C8,웰니스 쇼핑형,ct_1c691124e74222,대구,도동코스,T07,0.379835,1.0,37.983493,138
C8,웰니스 쇼핑형,ct_2390c56fce5420,울산,태화강 국가정원 코스,T06,0.377257,1.0,37.725731,139
C8,웰니스 쇼핑형,ct_0e4d7f0c7de8e2,대구,송해코스,T07,0.37233,1.0,37.232989,140
C8,웰니스 쇼핑형,ct_fc9f85899d40a4,안산,안산 시내권코스(토요일),T07,0.37233,1.0,37.232989,141
C8,웰니스 쇼핑형,ct_03101958100a14,부여,부여테마여행,T06,0.368801,1.0,36.880061,142
C8,웰니스 쇼핑형,ct_ba3c89379bf8c1,서천,금빛코스,T06,0.358786,1.0,35.878606,143
C8,웰니스 쇼핑형,ct_f6d09076696e6d,양구,힐링산책코스,T02,0.353351,1.0,35.335109,144
C8,웰니스 쇼핑형,ct_36cdd5661df6fd,봉화,송이축제 문화유적탐방버스,T02,0.353278,1.0,35.32775,145
C8,웰니스 쇼핑형,ct_69c07f148cbc8b,봉화,은어축제 문화유적탐방버스,T02,0.353278,1.0,35.32775,146
C8,웰니스 쇼핑형,ct_9845cf0683e6c7,화천,화천시티투어(백암산케이블카),T04,0.353278,1.0,35.32775,147
C8,웰니스 쇼핑형,ct_a726fc60353090,청주,청주시티투어_정기투어_초정힐링 투어(토),T04,0.353278,1.0,35.32775,148
C8,웰니스 쇼핑형,ct_0946c67481033f,세종,행복투어B,T05,0.34674,1.0,34.674026,149
C8,웰니스 쇼핑형,ct_20eb1ae44f44d4,밀양,영남알프스권 투어 1,T06,0.34674,1.0,34.674026,150
C8,웰니스 쇼핑형,ct_52fe5a29aee3e7,합천,합천광역시티투어 누비고,T05,0.34674,1.0,34.674026,151
C8,웰니스 쇼핑형,ct_1d6ad4598dff93,대구,테마-방방곡곡(군위군 돋보기),T05,0.432675,0.8,34.613985,152
C8,웰니스 쇼핑형,ct_49fb403c953735,광양,광양역사코스,T07,0.341418,1.0,34.141777,153
C8,웰니스 쇼핑형,ct_0ebeda6387230e,안산,대부도 뱃길코스(체험형 2코스),T01,0.338036,1.0,33.803635,154
C8,웰니스 쇼핑형,ct_0d96bb8740671d,대전,역사문화(동춘당),T07,0.33178,1.0,33.178005,155
C8,웰니스 쇼핑형,ct_1b0e0fd1157aaa,아산,休캉스 코스,T07,0.33178,1.0,33.178005,156
C8,웰니스 쇼핑형,ct_6bfb1cb10f19bb,천안,목요일,T07,0.33178,1.0,33.178005,157
C8,웰니스 쇼핑형,ct_a33d720535a1e1,순천,(테마투어)산사투어,T07,0.33178,1.0,33.178005,158
C8,웰니스 쇼핑형,ct_e588b4efe19ef3,평창,북부권 코스,T07,0.33178,1.0,33.178005,159
C8,웰니스 쇼핑형,ct_1d8d8a70616c41,경기광주,광주시티투어,T06,0.325593,1.0,32.559304,160
C8,웰니스 쇼핑형,ct_0ed3eb88438a1d,인천,청라투어,T02,0.324746,1.0,32.474639,161
C8,웰니스 쇼핑형,ct_2528f0bf880396,평창,남부권 코스,T02,0.324746,1.0,32.474639,162
C8,웰니스 쇼핑형,ct_661e12e8488117,대전,힐링(장태산),T02,0.324746,1.0,32.474639,163
C8,웰니스 쇼핑형,ct_8b988867d0e267,홍성,남당항 코스,T02,0.324746,1.0,32.474639,164
C8,웰니스 쇼핑형,ct_c543fc703f1159,익산,순환형1,T06,0.321019,1.0,32.10191,165
C8,웰니스 쇼핑형,ct_5e83dbf18d6227,울산,장생포 대왕암 코스,T01,0.320106,1.0,32.010582,166
C8,웰니스 쇼핑형,ct_d1e99a0d119f73,밀양,시내권 투어 1,T06,0.359719,0.857143,30.833064,167
C8,웰니스 쇼핑형,ct_cf9f8ad6cdda8f,대전,야경,T03,0.410775,0.75,30.808148,168
C8,웰니스 쇼핑형,ct_e353674363d7f4,대전,대청호코스,T06,0.348504,0.875,30.494091,169
C8,웰니스 쇼핑형,ct_2c0d1fe873d818,천안,화요일,T07,0.302872,1.0,30.287236,170
C8,웰니스 쇼핑형,ct_cfd77d72cf4c59,나주,정기코스,T07,0.302872,1.0,30.287236,171
C8,웰니스 쇼핑형,ct_68d8eff6357673,양구,해안DMZ트래킹 코스,T02,0.297919,1.0,29.79187,172
C8,웰니스 쇼핑형,ct_c53b5abd9a30ab,대전,남부코스,T06,0.29132,1.0,29.132009,173
C8,웰니스 쇼핑형,ct_62ce3cfd4b2223,대구,현풍코스,T07,0.29099,1.0,29.099036,174
C8,웰니스 쇼핑형,ct_0f4dbe3b938a90,여수,2층주간코스,T02,0.29065,1.0,29.064993,175
C8,웰니스 쇼핑형,ct_343d3a1d62c8a5,완주,완주힐링로드 시티투어(코레일연계 익산역),T06,0.28289,1.0,28.288951,176
C8,웰니스 쇼핑형,ct_104171b078b959,공주,가을코스,T07,0.27929,1.0,27.929039,177
C8,웰니스 쇼핑형,ct_2827a8d7943bdf,가평,가평순환버스A코스,T02,0.275556,1.0,27.555645,178
C8,웰니스 쇼핑형,ct_e613bd3839189c,익산,순환형2,T06,0.321019,0.857143,27.515923,179
C8,웰니스 쇼핑형,ct_17e0dd4d30822e,밀양,삼랑진권 투어,T07,0.266293,1.0,26.629294,180
C8,웰니스 쇼핑형,ct_2be78db2f756ab,인천,바다노선,T02,0.254927,1.0,25.492694,181
C8,웰니스 쇼핑형,ct_6beed8d2daa9dc,세종,야경투어,T03,0.254752,1.0,25.475203,182
C8,웰니스 쇼핑형,ct_88364cbd4a5650,곡성,압록권역 순환버스,T02,0.254752,1.0,25.475203,183
C8,웰니스 쇼핑형,ct_a8b35f46bb8621,세종,행복투어A,T02,0.254752,1.0,25.475203,184
C8,웰니스 쇼핑형,ct_f355a62ad61675,세종,정원투어,T02,0.254752,1.0,25.475203,185
C8,웰니스 쇼핑형,ct_02181b9e7a671f,순천,(테마투어)성곽투어,T07,0.245182,1.0,24.518239,186
C8,웰니스 쇼핑형,ct_59c60fcaf04aa6,인천,교동도투어,T02,0.245182,1.0,24.518239,187
C8,웰니스 쇼핑형,ct_ff36074cae8347,양주,자연친화코스1,T02,0.245182,1.0,24.518239,188
C8,웰니스 쇼핑형,ct_75d07d35d33328,진도,진도시티투어,T06,0.244193,1.0,24.419322,189
C8,웰니스 쇼핑형,ct_f534f220e539af,파주,2026 파주시티투어 당일코스(일요일),T07,0.241478,1.0,24.147809,190
C8,웰니스 쇼핑형,ct_1dab0b645e521d,완주,완주힐링로드시티투어 2코스,T06,0.236043,1.0,23.604346,191
C8,웰니스 쇼핑형,ct_658464b2619d71,양주,천일홍축제,T07,0.212848,1.0,21.284786,192
C8,웰니스 쇼핑형,ct_c4d1ab4265b00c,양주,왕실축제,T07,0.212848,1.0,21.284786,193
C8,웰니스 쇼핑형,ct_3ed5105d35b251,서산,A코스,T07,0.212044,1.0,21.204396,194
C8,웰니스 쇼핑형,ct_6e6a0f2ecaee7f,양주,기본코스,T07,0.212044,1.0,21.204396,195
C8,웰니스 쇼핑형,ct_c68da356b898d6,여주,꽃섬투어,T02,0.208147,1.0,20.814697,196
C8,웰니스 쇼핑형,ct_52149303f1b0d4,서울,EG투어버스 K 코스,T02,0.205388,1.0,20.538765,197
C8,웰니스 쇼핑형,ct_8163a6f43e6f4a,아산,예술맛집 코스,T02,0.205388,1.0,20.538765,198
C8,웰니스 쇼핑형,ct_8e34c83e5dbe39,이천,농촌체험코스(북부),T02,0.205388,1.0,20.538765,199
C8,웰니스 쇼핑형,ct_b75e8d4cf1e318,대구,테마(야경 11~3월),T03,0.205388,1.0,20.538765,200
C8,웰니스 쇼핑형,ct_d3c228b00ede2b,파주,2026 파주시티투어 당일코스(화요일),T02,0.205388,1.0,20.538765,201
C8,웰니스 쇼핑형,ct_2d7ad6be7d0219,공주,봄코스,T07,0.20484,1.0,20.484003,202
C8,웰니스 쇼핑형,ct_636360ac200b66,대전,"광역투어(셋째주, 일)",T07,0.195685,1.0,19.568454,203
C8,웰니스 쇼핑형,ct_b8b6f8a37ebdf8,사천,별빛투어,T03,0.193819,1.0,19.381868,204
C8,웰니스 쇼핑형,ct_7350d2221bf4e5,대전,"광역투어(다섯째주, 일)",T07,0.192725,1.0,19.272533,205
C8,웰니스 쇼핑형,ct_820bca31911e89,완주,완주힐링로드시티투어 1코스,T06,0.192725,1.0,19.272533,206
C8,웰니스 쇼핑형,ct_084dcff739bc51,김해,김해에반해,T06,0.184805,1.0,18.480454,207
C8,웰니스 쇼핑형,ct_78497ddd68fd45,사천,우주항공산업투어,T02,0.165518,1.0,16.551803,208
C8,웰니스 쇼핑형,ct_38e990a88a3094,춘천,수요일,T07,0.141311,1.0,14.1311,209
C8,웰니스 쇼핑형,ct_4212deac479d6b,세종,역사문화투어,T07,0.141311,1.0,14.1311,210
C8,웰니스 쇼핑형,ct_64b3f2e630ba51,여수,다크투어리즘코스,T07,0.141311,1.0,14.1311,211
C8,웰니스 쇼핑형,ct_73908901775f5c,익산,세계유산코스,T07,0.141311,1.0,14.1311,212
C8,웰니스 쇼핑형,ct_82e2c317c54d7e,양주,역사투어,T07,0.141311,1.0,14.1311,213
C8,웰니스 쇼핑형,ct_a70933018dfe45,여수,이순신문화유적코스,T07,0.141311,1.0,14.1311,214
C8,웰니스 쇼핑형,ct_ba06e511559567,홍성,역사·문화 코스,T07,0.141311,1.0,14.1311,215
C8,웰니스 쇼핑형,ct_caab077d4954a7,김해,역사에반해,T07,0.141311,1.0,14.1311,216
C8,웰니스 쇼핑형,ct_db611b0ecd14e4,대전,다크투어,T07,0.141311,1.0,14.1311,217
C8,웰니스 쇼핑형,ct_e4521f5325216f,양주,박물관투어,T07,0.141311,1.0,14.1311,218
C8,웰니스 쇼핑형,ct_2749460936eb31,공주,반일코스,T07,0.134059,1.0,13.405939,219
C8,웰니스 쇼핑형,ct_3764c5ee83c6b9,대전,"광역투어(넷재주, 토)",T07,0.134059,1.0,13.405939,220
C8,웰니스 쇼핑형,ct_cec518ee1213c1,양주,서울우유견학코스,T07,0.134059,1.0,13.405939,221
C8,웰니스 쇼핑형,ct_1a59c2f3801f38,대전,역사문화(효월드),T07,0.126392,1.0,12.63924,222
C8,웰니스 쇼핑형,ct_9f8a8ca65b1ebb,파주,2026 파주시티투어 당일코스(토요일),T07,0.126392,1.0,12.63924,223
C8,웰니스 쇼핑형,ct_7d1c2151bda037,순천,(테마투어)세계유산투어,T07,0.117578,1.0,11.757786,224
C8,웰니스 쇼핑형,ct_cba721781124d5,원주,원주시티투어(순환형),T02,0.11558,1.0,11.558009,225
C8,웰니스 쇼핑형,ct_c0c761a6bb3927,서울,EG투어버스 C코스,T02,0.113062,1.0,11.306218,226
C8,웰니스 쇼핑형,ct_c825dbc2a63555,파주,2026 파주시티투어 1박2일코스(토요일~일요일),T06,0.099922,1.0,9.992197,227
C8,웰니스 쇼핑형,ct_82029ce72f5013,서울,EG투어버스 D코스,T02,0.079676,1.0,7.967593,228
C8,웰니스 쇼핑형,ct_1c94bb0caf5c4f,안성,안성시티투어,T02,0.078385,1.0,7.838524,229
C8,웰니스 쇼핑형,ct_10510d067f8caa,서울,EG투어버스 A코스,T02,0.063196,1.0,6.31962,230
C8,웰니스 쇼핑형,ct_d916d0f4237246,파주,2026 파주시티투어 당일코스(금요일),T02,0.063196,1.0,6.31962,231
C8,웰니스 쇼핑형,ct_2921659630cea0,서울,EG투어버스 B코스,T02,0.0,1.0,0.0,232
C8,웰니스 쇼핑형,ct_b3b0773f44a533,안산,대부도 해변코스(체험형 1코스),T02,0.0,1.0,0.0,233
C8,웰니스 쇼핑형,ct_f48a1e387a5d08,이천,농촌체험코스(중부),T02,0.0,1.0,0.0,234
C9,자연 해양형,ct_a7f13a177e5633,여수,제2코스,T01,0.981111,1.0,98.111108,1
C9,자연 해양형,ct_b6060e0e38a765,안산,대부도 뱃길코스(일반형 2코스),T01,0.9754,1.0,97.539978,2
C9,자연 해양형,ct_5082aae98cb9d3,부산,야경투어,T03,0.946232,1.0,94.623218,3
C9,자연 해양형,ct_a7d1b6cc26e056,안산,대부도 뱃길코스(일반형 1코스),T01,0.923895,1.0,92.389526,4
C9,자연 해양형,ct_74128602fb5dca,태안,북부코스,T01,0.90869,1.0,90.869015,5
C9,자연 해양형,ct_4e89a607500203,태안,광역코스,T01,0.904086,1.0,90.4086,6
C9,자연 해양형,ct_83afdb6c6bad30,시흥,순환형 2층버스,T01,0.903268,1.0,90.326771,7
C9,자연 해양형,ct_a8823fdcbfa445,화성,바다와 하루,T01,0.898171,1.0,89.817078,8
C9,자연 해양형,ct_4be058672a95ae,시흥,테마형 정기코스,T01,0.897747,1.0,89.774659,9
C9,자연 해양형,ct_941018a965809c,광양,야경코스,T03,0.869212,1.0,86.921237,10
C9,자연 해양형,ct_b2af495e1760b5,안산,대부도 뱃길코스(체험형 1코스),T01,0.851625,1.0,85.162539,11
C9,자연 해양형,ct_14b70a907c3324,안산,대부도 해변코스(일반형 1코스),T01,0.840197,1.0,84.019743,12
C9,자연 해양형,ct_83465bf3a690f2,여수,야간테마코스(시간을달리는버스커),T03,0.840061,1.0,84.006119,13
C9,자연 해양형,ct_008becedc70ab4,인천,무의도투어,T01,0.836359,1.0,83.635899,14
C9,자연 해양형,ct_30fd00f9cfda89,인천,선재영흥투어,T01,0.836359,1.0,83.635899,15
C9,자연 해양형,ct_6b62f6c5e28b9c,사천,바다투어,T06,0.827615,1.0,82.761515,16
C9,자연 해양형,ct_ec6acb453717fd,안산,대부도 해변코스(일반형 2코스),T05,0.822868,1.0,82.286845,17
C9,자연 해양형,ct_84ffabae716404,홍성,죽도코스,T04,0.819632,1.0,81.963181,18
C9,자연 해양형,ct_ff41044d0b7080,부산,동부산테마노선,T01,0.819501,1.0,81.950128,19
C9,자연 해양형,ct_c83f7c6960b76b,부산,레드라인,T06,0.813104,1.0,81.310425,20
C9,자연 해양형,ct_1845f5c9950df4,목포,별빛물결시티투어,T03,0.809252,1.0,80.92518,21
C9,자연 해양형,ct_abd1e371e69550,정선,아리랑열차 연계형 시티투어2,T04,0.809252,1.0,80.92518,22
C9,자연 해양형,ct_ac7ca37140e6b6,포항,퐝랜드마크B코스,T04,0.809252,1.0,80.92518,23
C9,자연 해양형,ct_e346ea988fedc3,포항,씨(SEA)하게 보는 포항코스,T04,0.797081,1.0,79.708127,24
C9,자연 해양형,ct_36b90ac2b7ebec,태백,황지자유시장 코스,T04,0.768814,1.0,76.881365,25
C9,자연 해양형,ct_edd6e5375f387f,부산,그린라인,T06,0.763071,1.0,76.307092,26
C9,자연 해양형,ct_0ebeda6387230e,안산,대부도 뱃길코스(체험형 2코스),T01,0.760843,1.0,76.084273,27
C9,자연 해양형,ct_330d0bc9cd3d05,서산,B코스,T04,0.748062,1.0,74.806222,28
C9,자연 해양형,ct_94cebe436c068a,서산,C코스,T04,0.748062,1.0,74.806222,29
C9,자연 해양형,ct_ff41dfabaec78b,여수,야경코스,T03,0.748062,1.0,74.806222,30
C9,자연 해양형,ct_618497cad743bc,양구,방산나들이코스,T04,0.74436,1.0,74.43595,31
C9,자연 해양형,ct_8171ca90d9fa99,제주,야간코스(7월말~8월말 운영),T03,0.738794,1.0,73.87943,32
C9,자연 해양형,ct_aa87321b8b5003,창원,창원시티투어,T06,0.718438,1.0,71.843846,33
C9,자연 해양형,ct_596ccaeb2861f9,태안,남부코스,T04,0.708806,1.0,70.880623,34
C9,자연 해양형,ct_2f8d9c4d57db08,서천,힐링코스,T06,0.690951,1.0,69.095052,35
C9,자연 해양형,ct_9d994e07488f57,삼척,종일코스,T04,0.689128,1.0,68.912849,36
C9,자연 해양형,ct_55438211f07ef0,임실,명소탐방 임실 시티투어,T04,0.671779,1.0,67.177904,37
C9,자연 해양형,ct_987d7b91b042a8,완도,해양치유시티투어,T06,0.6612,1.0,66.119984,38
C9,자연 해양형,ct_f6d09076696e6d,양구,힐링산책코스,T02,0.641911,1.0,64.19112,39
C9,자연 해양형,ct_5e83dbf18d6227,울산,장생포 대왕암 코스,T01,0.624093,1.0,62.409318,40
C9,자연 해양형,ct_0b7a755a267601,여수,2층야간코스,T03,0.623006,1.0,62.300605,41
C9,자연 해양형,ct_1def3d2a58e430,부산,오렌지라인,T06,0.615985,1.0,61.598464,42
C9,자연 해양형,ct_c343406b7388f2,군산,고군산시간여행코스,T01,0.615051,1.0,61.505092,43
C9,자연 해양형,ct_98323d74dbd87a,제주,순환형코스,T06,0.590467,1.0,59.046741,44
C9,자연 해양형,ct_ab2a31c9b0dd1c,안동,주간도심테마,T06,0.669436,0.875,58.575614,45
C9,자연 해양형,ct_3aa92169f5cb7c,군산,(익산역 출발) 고군산시간여행코스,T06,0.575327,1.0,57.532745,46
C9,자연 해양형,ct_a1bc285f9c2881,여수,제1코스,T04,0.571089,1.0,57.108888,47
C9,자연 해양형,ct_00435b9cca499b,포항,퐝랜드마크A코스,T04,0.559901,1.0,55.990074,48
C9,자연 해양형,ct_2be78db2f756ab,인천,바다노선,T02,0.549875,1.0,54.98748,49
C9,자연 해양형,ct_8de53de429d379,포항,퐝순환코스,T04,0.539479,1.0,53.947856,50
C9,자연 해양형,ct_c93b13bf48e761,영주,물돌이 코스,T05,0.533722,1.0,53.372187,51
C9,자연 해양형,ct_4e0d701d9aadd5,대구,테마(야경 4~10월),T03,0.53265,1.0,53.264972,52
C9,자연 해양형,ct_3e1bfccd397508,세종,봄꽃파닭A투어,T05,0.531124,1.0,53.112418,53
C9,자연 해양형,ct_a8b6f564bf7384,세종,봄꽃파닭B투어,T05,0.531124,1.0,53.112418,54
C9,자연 해양형,ct_9857f916bfa916,대구,도심순환코스(12개 정류장),T06,0.523811,1.0,52.381146,55
C9,자연 해양형,ct_452018aaa6c847,춘천,화요일,T05,0.519474,1.0,51.947375,56
C9,자연 해양형,ct_7dba0d730780c9,서천,동백코스(익산-군산 광역),T04,0.514111,1.0,51.411059,57
C9,자연 해양형,ct_23c35eeaf17398,곡성,읍권 순환버스,T06,0.514082,1.0,51.408199,58
C9,자연 해양형,ct_77585e7300bc39,청주,청주시티투어_정기투어_트레킹 투어(토),T05,0.50941,1.0,50.941013,59
C9,자연 해양형,ct_6df930eb64d3ad,세종,세종관광명소A투어,T05,0.5086,1.0,50.85998,60
C9,자연 해양형,ct_fe508b5dbba88f,세종,역사산책투어,T05,0.506956,1.0,50.695591,61
C9,자연 해양형,ct_a11be8ffeee88a,태백,통리장 코스,T04,0.505782,1.0,50.578238,62
C9,자연 해양형,ct_82edd01ea220e6,화순,화순적벽 버스투어(적벽 셔틀버스),T05,0.501815,1.0,50.181539,63
C9,자연 해양형,ct_f0549cce13f623,대전,힐링(만인산),T05,0.501815,1.0,50.181539,64
C9,자연 해양형,ct_f55bded1011de2,대전,언택트세이프?,T05,0.501815,1.0,50.181539,65
C9,자연 해양형,ct_59f67b28d9aad1,서울,EG투어버스 G코스,T05,0.501202,1.0,50.120169,66
C9,자연 해양형,ct_ebbc3131233e25,가평,가평순환버스B코스,T05,0.501202,1.0,50.120169,67
C9,자연 해양형,ct_809907e22355c9,연천,연천명소코스,T05,0.498506,1.0,49.850551,68
C9,자연 해양형,ct_0f4dbe3b938a90,여수,2층주간코스,T02,0.497358,1.0,49.735825,69
C9,자연 해양형,ct_0af000fbdb8ad6,동해,관광문화코스,T04,0.49624,1.0,49.623967,70
C9,자연 해양형,ct_2c5b83ca1acb5c,춘천,토요일,T06,0.495211,1.0,49.521132,71
C9,자연 해양형,ct_72a42eb150b5d4,춘천,일요일,T06,0.495211,1.0,49.521132,72
C9,자연 해양형,ct_6f6ed56249f477,대전,"광역투어(첫주, 토)",T05,0.486643,1.0,48.664308,73
C9,자연 해양형,ct_d3a976675ffc53,대구,테마-방방곡곡(낙동강),T05,0.486643,1.0,48.664308,74
C9,자연 해양형,ct_c68da356b898d6,여주,꽃섬투어,T02,0.474522,1.0,47.452209,75
C9,자연 해양형,ct_166c38f36d6640,춘천,목요일,T05,0.47119,1.0,47.119014,76
C9,자연 해양형,ct_40252d247000a5,안동,야간도심테마,T03,0.47119,1.0,47.119014,77
C9,자연 해양형,ct_4309f65e431d83,아산,인생네컷 코스,T05,0.47119,1.0,47.119014,78
C9,자연 해양형,ct_6c466761af057c,대전,"광역투어(둘째주, 일)",T05,0.47119,1.0,47.119014,79
C9,자연 해양형,ct_6ec0ad7a54e92d,서천,문화코스,T06,0.470861,1.0,47.086084,80
C9,자연 해양형,ct_aa2937d4d2a2d0,목포,목포랑시티투어,T06,0.469107,1.0,46.910719,81
C9,자연 해양형,ct_5997fa12423936,대전,언택트세이프(A),T05,0.463799,1.0,46.379858,82
C9,자연 해양형,ct_62dfed5cce4635,파주,2026 파주시티투어 당일코스(목요일),T05,0.463799,1.0,46.379858,83
C9,자연 해양형,ct_6b11aef24a24ef,순천,(테마투어)생태투어,T05,0.463799,1.0,46.379858,84
C9,자연 해양형,ct_7799bf62ca5138,대전,"광역투어(둘째주, 토)",T05,0.463799,1.0,46.379858,85
C9,자연 해양형,ct_d038c55e01951b,대전,대덕특구탐방,T05,0.463799,1.0,46.379858,86
C9,자연 해양형,ct_507ac7569b1306,서천,보랏빛코스,T04,0.463557,1.0,46.355721,87
C9,자연 해양형,ct_a0af2538872792,서천,전라권코스,T04,0.463557,1.0,46.355721,88
C9,자연 해양형,ct_aabd87818ef08f,서울,EG투어버스 I코스,T04,0.463557,1.0,46.355721,89
C9,자연 해양형,ct_dfc58b1c3324c1,춘천,금요일,T06,0.458583,1.0,45.858266,90
C9,자연 해양형,ct_15ca3909485d66,서천,광역코스,T04,0.45465,1.0,45.464993,91
C9,자연 해양형,ct_5c692156a089c1,파주,2026 파주시티투어 당일코스(수요일),T05,0.451523,1.0,45.152321,92
C9,자연 해양형,ct_c3ec7bb154c2c1,대전,언택트세이프(B),T05,0.451523,1.0,45.152321,93
C9,자연 해양형,ct_0ed3eb88438a1d,인천,청라투어,T02,0.437632,1.0,43.763238,94
C9,자연 해양형,ct_2528f0bf880396,평창,남부권 코스,T02,0.437632,1.0,43.763238,95
C9,자연 해양형,ct_661e12e8488117,대전,힐링(장태산),T02,0.437632,1.0,43.763238,96
C9,자연 해양형,ct_8b988867d0e267,홍성,남당항 코스,T02,0.437632,1.0,43.763238,97
C9,자연 해양형,ct_3f9d81407b910a,대전,"광역투어(넷재주, 일)",T05,0.436093,1.0,43.609279,98
C9,자연 해양형,ct_da6b197f9d64eb,대구,테마-방방곡곡(사시사철),T05,0.436093,1.0,43.609279,99
C9,자연 해양형,ct_566165b1b827e0,천안,토요일,T05,0.433747,1.0,43.374709,100
C9,자연 해양형,ct_d0cdc53f7d6755,춘천,월요일,T04,0.433172,1.0,43.317184,101
C9,자연 해양형,ct_36cdd5661df6fd,봉화,송이축제 문화유적탐방버스,T02,0.423755,1.0,42.375522,102
C9,자연 해양형,ct_69c07f148cbc8b,봉화,은어축제 문화유적탐방버스,T02,0.423755,1.0,42.375522,103
C9,자연 해양형,ct_956d44d9a821ed,양산,2025 6월 시티투어,T04,0.418179,1.0,41.81795,104
C9,자연 해양형,ct_a3932d2baa3d16,안산,안산 시내권코스(목요일),T05,0.418179,1.0,41.81795,105
C9,자연 해양형,ct_c188dbb343674a,서천,푸른빛코스,T05,0.418179,1.0,41.81795,106
C9,자연 해양형,ct_1d32ffebd246d5,홍성,"전통시장코스(홍성) 1,6일 운영",T05,0.41527,1.0,41.527,107
C9,자연 해양형,ct_b53b246e98a9cd,인천,석모도투어,T05,0.41527,1.0,41.527,108
C9,자연 해양형,ct_b96c711c2cd94d,예산,예산군 버스투어,T04,0.41527,1.0,41.527,109
C9,자연 해양형,ct_2390c56fce5420,울산,태화강 국가정원 코스,T06,0.403503,1.0,40.350313,110
C9,자연 해양형,ct_61845aa89a1c1a,홍천,홍천시티투어,T06,0.403157,1.0,40.31573,111
C9,자연 해양형,ct_c410c248858e88,서울,EG투어버스 L코스,T04,0.402902,1.0,40.290171,112
C9,자연 해양형,ct_b97fea5cc3f414,광양,광양힐링코스,T06,0.396172,1.0,39.6172,113
C9,자연 해양형,ct_4ba7f5cc1ffeda,부산,서부산생태투어,T05,0.395877,1.0,39.587659,114
C9,자연 해양형,ct_bd00bd65a80b11,연천,역사자연코스,T05,0.395877,1.0,39.587659,115
C9,자연 해양형,ct_6be92119035c7f,영광,"영광쉼,투어",T06,0.39526,1.0,39.526026,116
C9,자연 해양형,ct_2827a8d7943bdf,가평,가평순환버스A코스,T02,0.394761,1.0,39.476144,117
C9,자연 해양형,ct_68d8eff6357673,양구,해안DMZ트래킹 코스,T02,0.393656,1.0,39.365638,118
C9,자연 해양형,ct_de90b5933f0b40,청도,시티투어,T04,0.385659,1.0,38.565906,119
C9,자연 해양형,ct_b8b6f8a37ebdf8,사천,별빛투어,T03,0.382933,1.0,38.293264,120
C9,자연 해양형,ct_e353674363d7f4,대전,대청호코스,T06,0.433635,0.875,37.943066,121
C9,자연 해양형,ct_4b24fed6566e54,해남,해남시티투어,T05,0.378493,1.0,37.849287,122
C9,자연 해양형,ct_c59f7d050e72e0,대전,생태교육,T05,0.378493,1.0,37.849287,123
C9,자연 해양형,ct_f558345dd00dbf,아산,역사기행 코스,T05,0.378493,1.0,37.849287,124
C9,자연 해양형,ct_f8bd00d4bc40b3,순천,(기획투어)나이트가든투어,T03,0.378493,1.0,37.849287,125
C9,자연 해양형,ct_fa87b733ddf357,아산,아산도심핫플코스,T05,0.378493,1.0,37.849287,126
C9,자연 해양형,ct_1d6ad4598dff93,대구,테마-방방곡곡(군위군 돋보기),T05,0.47119,0.8,37.695211,127
C9,자연 해양형,ct_0946c67481033f,세종,행복투어B,T05,0.37664,1.0,37.664023,128
C9,자연 해양형,ct_20eb1ae44f44d4,밀양,영남알프스권 투어 1,T06,0.37664,1.0,37.664023,129
C9,자연 해양형,ct_52fe5a29aee3e7,합천,합천광역시티투어 누비고,T05,0.37664,1.0,37.664023,130
C9,자연 해양형,ct_cf9f8ad6cdda8f,대전,야경,T03,0.501202,0.75,37.590127,131
C9,자연 해양형,ct_6beed8d2daa9dc,세종,야경투어,T03,0.375782,1.0,37.578208,132
C9,자연 해양형,ct_88364cbd4a5650,곡성,압록권역 순환버스,T02,0.375782,1.0,37.578208,133
C9,자연 해양형,ct_a8b35f46bb8621,세종,행복투어A,T02,0.375782,1.0,37.578208,134
C9,자연 해양형,ct_f355a62ad61675,세종,정원투어,T02,0.375782,1.0,37.578208,135
C9,자연 해양형,ct_516add9e1cef4a,정선,와와정선 2층 투어버스,T02,0.375586,1.0,37.558634,136
C9,자연 해양형,ct_ca13864967c1fb,세종,세종관광명소B투어,T02,0.375586,1.0,37.558634,137
C9,자연 해양형,ct_ed3a5516a8c6ca,연천,안보자연코스,T02,0.375586,1.0,37.558634,138
C9,자연 해양형,ct_c722d90ff66eb2,홍성,"전통시장코스(광천) 4,9일 운영",T04,0.372582,1.0,37.258205,139
C9,자연 해양형,ct_7cdced2e0d065a,여주,시티투어,T06,0.372317,1.0,37.231733,140
C9,자연 해양형,ct_3dd54d8970e115,의정부,의정부포레스트:오감이 깨어나는 숲 속 여행,T04,0.367998,1.0,36.799796,141
C9,자연 해양형,ct_86dc46ed127655,청주,청주시티투어_정기투어_청남대 투어(수토일),T04,0.36037,1.0,36.036994,142
C9,자연 해양형,ct_5728bf247a42c1,제천,시티투어,T02,0.360191,1.0,36.019092,143
C9,자연 해양형,ct_bd2de54ec11e6b,양산,양산시 가을 시티투어 (자연관광코스),T04,0.463557,0.75,34.76679,144
C9,자연 해양형,ct_c53b5abd9a30ab,대전,남부코스,T06,0.34484,1.0,34.483965,145
C9,자연 해양형,ct_75d07d35d33328,진도,진도시티투어,T06,0.344457,1.0,34.445711,146
C9,자연 해양형,ct_2d10b95a5e902e,대전,"광역투어(첫주, 일)",T06,0.344231,1.0,34.423057,147
C9,자연 해양형,ct_45e65111200294,대전,"광역투어(셋째주, 토)",T06,0.344231,1.0,34.423057,148
C9,자연 해양형,ct_52149303f1b0d4,서울,EG투어버스 K 코스,T02,0.329147,1.0,32.914738,149
C9,자연 해양형,ct_8163a6f43e6f4a,아산,예술맛집 코스,T02,0.329147,1.0,32.914738,150
C9,자연 해양형,ct_8e34c83e5dbe39,이천,농촌체험코스(북부),T02,0.329147,1.0,32.914738,151
C9,자연 해양형,ct_b75e8d4cf1e318,대구,테마(야경 11~3월),T03,0.329147,1.0,32.914738,152
C9,자연 해양형,ct_d3c228b00ede2b,파주,2026 파주시티투어 당일코스(화요일),T02,0.329147,1.0,32.914738,153
C9,자연 해양형,ct_ba3c89379bf8c1,서천,금빛코스,T06,0.326348,1.0,32.634846,154
C9,자연 해양형,ct_1d8d8a70616c41,경기광주,광주시티투어,T06,0.324555,1.0,32.455496,155
C9,자연 해양형,ct_a98893fa363590,양산,봄꽃체험코스,T04,0.484944,0.666667,32.3296,156
C9,자연 해양형,ct_03101958100a14,부여,부여테마여행,T06,0.319374,1.0,31.937402,157
C9,자연 해양형,ct_59c60fcaf04aa6,인천,교동도투어,T02,0.314127,1.0,31.412676,158
C9,자연 해양형,ct_ff36074cae8347,양주,자연친화코스1,T02,0.314127,1.0,31.412676,159
C9,자연 해양형,ct_53a12bc8caced9,화천,화천시티투어(평화누리호),T06,0.312086,1.0,31.208632,160
C9,자연 해양형,ct_d756b69f16e800,청주,청주시티투어_정기투어_힐링로드 투어(토),T02,0.309038,1.0,30.903814,161
C9,자연 해양형,ct_037c18bb42946f,세종,천안연계투어,T07,0.307298,1.0,30.729792,162
C9,자연 해양형,ct_79a18eaed83932,양산,양산시 가을 시티투어 (역사문화코스),T07,0.307298,1.0,30.729792,163
C9,자연 해양형,ct_0e4d7f0c7de8e2,대구,송해코스,T07,0.306193,1.0,30.619281,164
C9,자연 해양형,ct_fc9f85899d40a4,안산,안산 시내권코스(토요일),T07,0.306193,1.0,30.619281,165
C9,자연 해양형,ct_d1e99a0d119f73,밀양,시내권 투어 1,T06,0.357203,0.857143,30.61737,166
C9,자연 해양형,ct_a8a8ecfbd0eefc,대전,"광역투어(다섯째주, 토)",T04,0.284535,1.0,28.453511,167
C9,자연 해양형,ct_2c0d1fe873d818,천안,화요일,T07,0.279983,1.0,27.998255,168
C9,자연 해양형,ct_cfd77d72cf4c59,나주,정기코스,T07,0.279983,1.0,27.998255,169
C9,자연 해양형,ct_82029ce72f5013,서울,EG투어버스 D코스,T02,0.27884,1.0,27.883994,170
C9,자연 해양형,ct_02181b9e7a671f,순천,(테마투어)성곽투어,T07,0.27543,1.0,27.542998,171
C9,자연 해양형,ct_506425657ddce1,완주,완주힐링로드 시티투어(서울권역),T06,0.272525,1.0,27.252533,172
C9,자연 해양형,ct_78497ddd68fd45,사천,우주항공산업투어,T02,0.271684,1.0,27.168405,173
C9,자연 해양형,ct_ec90f983bc7ed6,안동,하회마을테마,T06,0.269967,1.0,26.996673,174
C9,자연 해양형,ct_0d96bb8740671d,대전,역사문화(동춘당),T07,0.254341,1.0,25.434116,175
C9,자연 해양형,ct_1b0e0fd1157aaa,아산,休캉스 코스,T07,0.254341,1.0,25.434116,176
C9,자연 해양형,ct_6bfb1cb10f19bb,천안,목요일,T07,0.254341,1.0,25.434116,177
C9,자연 해양형,ct_a33d720535a1e1,순천,(테마투어)산사투어,T07,0.254341,1.0,25.434116,178
C9,자연 해양형,ct_e588b4efe19ef3,평창,북부권 코스,T07,0.254341,1.0,25.434116,179
C9,자연 해양형,ct_fcbc8def0ff021,공주,여름코스,T07,0.24737,1.0,24.737005,180
C9,자연 해양형,ct_343d3a1d62c8a5,완주,완주힐링로드 시티투어(코레일연계 익산역),T06,0.244594,1.0,24.459357,181
C9,자연 해양형,ct_49fb403c953735,광양,광양역사코스,T07,0.229081,1.0,22.908091,182
C9,자연 해양형,ct_1dab0b645e521d,완주,완주힐링로드시티투어 2코스,T06,0.223526,1.0,22.352634,183
C9,자연 해양형,ct_17e0dd4d30822e,밀양,삼랑진권 투어,T07,0.216868,1.0,21.686768,184
C9,자연 해양형,ct_cba721781124d5,원주,원주시티투어(순환형),T02,0.215683,1.0,21.568287,185
C9,자연 해양형,ct_68e342ed3c052f,익산,익산숨은보석찾기코스,T04,0.211878,1.0,21.187761,186
C9,자연 해양형,ct_424fda831e8a80,인천,인천레트로노선,T04,0.201174,1.0,20.117371,187
C9,자연 해양형,ct_572b4d8191127a,영주,선비 코스,T07,0.193189,1.0,19.318907,188
C9,자연 해양형,ct_a407c821a8382e,서울,EG투어버스 H코스,T04,0.193149,1.0,19.314884,189
C9,자연 해양형,ct_e4444e050c482f,천안,일요일,T04,0.193149,1.0,19.314884,190
C9,자연 해양형,ct_104171b078b959,공주,가을코스,T07,0.190426,1.0,19.042555,191
C9,자연 해양형,ct_f534f220e539af,파주,2026 파주시티투어 당일코스(일요일),T07,0.177419,1.0,17.741853,192
C9,자연 해양형,ct_658464b2619d71,양주,천일홍축제,T07,0.164913,1.0,16.491337,193
C9,자연 해양형,ct_c4d1ab4265b00c,양주,왕실축제,T07,0.164913,1.0,16.491337,194
C9,자연 해양형,ct_9845cf0683e6c7,화천,화천시티투어(백암산케이블카),T04,0.161696,1.0,16.169607,195
C9,자연 해양형,ct_a726fc60353090,청주,청주시티투어_정기투어_초정힐링 투어(토),T04,0.161696,1.0,16.169607,196
C9,자연 해양형,ct_7350d2221bf4e5,대전,"광역투어(다섯째주, 일)",T07,0.155376,1.0,15.537615,197
C9,자연 해양형,ct_820bca31911e89,완주,완주힐링로드시티투어 1코스,T06,0.155376,1.0,15.537615,198
C9,자연 해양형,ct_1fe72a79d47a7f,서울,EG투어버스 E코스,T07,0.150235,1.0,15.023454,199
C9,자연 해양형,ct_bdc4b066f6280d,안동,도산서원&예끼마을테마,T06,0.145837,1.0,14.583714,200
C9,자연 해양형,ct_c0c761a6bb3927,서울,EG투어버스 C코스,T02,0.142069,1.0,14.206917,201
C9,자연 해양형,ct_c543fc703f1159,익산,순환형1,T06,0.138586,1.0,13.858633,202
C9,자연 해양형,ct_3ed5105d35b251,서산,A코스,T07,0.132962,1.0,13.296184,203
C9,자연 해양형,ct_6e6a0f2ecaee7f,양주,기본코스,T07,0.132962,1.0,13.296184,204
C9,자연 해양형,ct_084dcff739bc51,김해,김해에반해,T06,0.130281,1.0,13.028118,205
C9,자연 해양형,ct_10510d067f8caa,서울,EG투어버스 A코스,T02,0.11969,1.0,11.968996,206
C9,자연 해양형,ct_d916d0f4237246,파주,2026 파주시티투어 당일코스(금요일),T02,0.11969,1.0,11.968996,207
C9,자연 해양형,ct_e613bd3839189c,익산,순환형2,T06,0.138586,0.857143,11.878829,208
C9,자연 해양형,ct_2921659630cea0,서울,EG투어버스 B코스,T02,0.11709,1.0,11.709026,209
C9,자연 해양형,ct_b3b0773f44a533,안산,대부도 해변코스(체험형 1코스),T02,0.11709,1.0,11.709026,210
C9,자연 해양형,ct_f48a1e387a5d08,이천,농촌체험코스(중부),T02,0.11709,1.0,11.709026,211
C9,자연 해양형,ct_1c94bb0caf5c4f,안성,안성시티투어,T02,0.115982,1.0,11.598212,212
C9,자연 해양형,ct_07b4b0458851e1,서울,EG투어버스 J코스,T07,0.112209,1.0,11.220933,213
C9,자연 해양형,ct_636360ac200b66,대전,"광역투어(셋째주, 일)",T07,0.109126,1.0,10.91256,214
C9,자연 해양형,ct_c825dbc2a63555,파주,2026 파주시티투어 1박2일코스(토요일~일요일),T06,0.106451,1.0,10.645112,215
C9,자연 해양형,ct_2d7ad6be7d0219,공주,봄코스,T07,0.104086,1.0,10.408554,216
C9,자연 해양형,ct_7d1c2151bda037,순천,(테마투어)세계유산투어,T07,0.092786,1.0,9.27857,217
C9,자연 해양형,ct_1c691124e74222,대구,도동코스,T07,0.089923,1.0,8.992318,218
C9,자연 해양형,ct_1a59c2f3801f38,대전,역사문화(효월드),T07,0.082287,1.0,8.228684,219
C9,자연 해양형,ct_9f8a8ca65b1ebb,파주,2026 파주시티투어 당일코스(토요일),T07,0.082287,1.0,8.228684,220
C9,자연 해양형,ct_62ce3cfd4b2223,대구,현풍코스,T07,0.06889,1.0,6.888987,221
C9,자연 해양형,ct_2749460936eb31,공주,반일코스,T07,0.068765,1.0,6.876478,222
C9,자연 해양형,ct_3764c5ee83c6b9,대전,"광역투어(넷재주, 토)",T07,0.068765,1.0,6.876478,223
C9,자연 해양형,ct_cec518ee1213c1,양주,서울우유견학코스,T07,0.068765,1.0,6.876478,224
C9,자연 해양형,ct_38e990a88a3094,춘천,수요일,T07,0.033454,1.0,3.345436,225
C9,자연 해양형,ct_4212deac479d6b,세종,역사문화투어,T07,0.033454,1.0,3.345436,226
C9,자연 해양형,ct_64b3f2e630ba51,여수,다크투어리즘코스,T07,0.033454,1.0,3.345436,227
C9,자연 해양형,ct_73908901775f5c,익산,세계유산코스,T07,0.033454,1.0,3.345436,228
C9,자연 해양형,ct_82e2c317c54d7e,양주,역사투어,T07,0.033454,1.0,3.345436,229
C9,자연 해양형,ct_a70933018dfe45,여수,이순신문화유적코스,T07,0.033454,1.0,3.345436,230
C9,자연 해양형,ct_ba06e511559567,홍성,역사·문화 코스,T07,0.033454,1.0,3.345436,231
C9,자연 해양형,ct_caab077d4954a7,김해,역사에반해,T07,0.033454,1.0,3.345436,232
C9,자연 해양형,ct_db611b0ecd14e4,대전,다크투어,T07,0.033454,1.0,3.345436,233
C9,자연 해양형,ct_e4521f5325216f,양주,박물관투어,T07,0.033454,1.0,3.345436,234
C10,역사 전통체험형,ct_aa2937d4d2a2d0,목포,목포랑시티투어,T06,0.971171,1.0,97.117135,1
C10,역사 전통체험형,ct_330d0bc9cd3d05,서산,B코스,T04,0.958706,1.0,95.870624,2
C10,역사 전통체험형,ct_94cebe436c068a,서산,C코스,T04,0.958706,1.0,95.870624,3
C10,역사 전통체험형,ct_ff41dfabaec78b,여수,야경코스,T03,0.958706,1.0,95.870624,4
C10,역사 전통체험형,ct_3aa92169f5cb7c,군산,(익산역 출발) 고군산시간여행코스,T06,0.9561,1.0,95.610049,5
C10,역사 전통체험형,ct_618497cad743bc,양구,방산나들이코스,T04,0.932524,1.0,93.252356,6
C10,역사 전통체험형,ct_00435b9cca499b,포항,퐝랜드마크A코스,T04,0.918661,1.0,91.866098,7
C10,역사 전통체험형,ct_7cdced2e0d065a,여주,시티투어,T06,0.912211,1.0,91.221145,8
C10,역사 전통체험형,ct_e346ea988fedc3,포항,씨(SEA)하게 보는 포항코스,T04,0.904111,1.0,90.411132,9
C10,역사 전통체험형,ct_36b90ac2b7ebec,태백,황지자유시장 코스,T04,0.901929,1.0,90.192936,10
C10,역사 전통체험형,ct_506425657ddce1,완주,완주힐링로드 시티투어(서울권역),T06,0.897059,1.0,89.705882,11
C10,역사 전통체험형,ct_53a12bc8caced9,화천,화천시티투어(평화누리호),T06,0.894838,1.0,89.483814,12
C10,역사 전통체험형,ct_566165b1b827e0,천안,토요일,T05,0.894838,1.0,89.483814,13
C10,역사 전통체험형,ct_2f8d9c4d57db08,서천,힐링코스,T06,0.891976,1.0,89.197627,14
C10,역사 전통체험형,ct_987d7b91b042a8,완도,해양치유시티투어,T06,0.888059,1.0,88.805906,15
C10,역사 전통체험형,ct_956d44d9a821ed,양산,2025 6월 시티투어,T04,0.87893,1.0,87.893025,16
C10,역사 전통체험형,ct_1d8d8a70616c41,경기광주,광주시티투어,T06,0.878684,1.0,87.868416,17
C10,역사 전통체험형,ct_b97fea5cc3f414,광양,광양힐링코스,T06,0.876353,1.0,87.635344,18
C10,역사 전통체험형,ct_dfc58b1c3324c1,춘천,금요일,T06,0.876353,1.0,87.635344,19
C10,역사 전통체험형,ct_2c0d1fe873d818,천안,화요일,T07,0.875175,1.0,87.517505,20
C10,역사 전통체험형,ct_cfd77d72cf4c59,나주,정기코스,T07,0.875175,1.0,87.517505,21
C10,역사 전통체험형,ct_a1bc285f9c2881,여수,제1코스,T04,0.8728,1.0,87.280011,22
C10,역사 전통체험형,ct_941018a965809c,광양,야경코스,T03,0.871324,1.0,87.132353,23
C10,역사 전통체험형,ct_343d3a1d62c8a5,완주,완주힐링로드 시티투어(코레일연계 익산역),T06,0.862036,1.0,86.203632,24
C10,역사 전통체험형,ct_ec90f983bc7ed6,안동,하회마을테마,T06,0.86178,1.0,86.178018,25
C10,역사 전통체험형,ct_1dab0b645e521d,완주,완주힐링로드시티투어 2코스,T06,0.859405,1.0,85.940484,26
C10,역사 전통체험형,ct_ba3c89379bf8c1,서천,금빛코스,T06,0.859405,1.0,85.940484,27
C10,역사 전통체험형,ct_c83f7c6960b76b,부산,레드라인,T06,0.859245,1.0,85.92451,28
C10,역사 전통체험형,ct_0946c67481033f,세종,행복투어B,T05,0.854002,1.0,85.400226,29
C10,역사 전통체험형,ct_20eb1ae44f44d4,밀양,영남알프스권 투어 1,T06,0.854002,1.0,85.400226,30
C10,역사 전통체험형,ct_52fe5a29aee3e7,합천,합천광역시티투어 누비고,T05,0.854002,1.0,85.400226,31
C10,역사 전통체험형,ct_61845aa89a1c1a,홍천,홍천시티투어,T06,0.851875,1.0,85.187522,32
C10,역사 전통체험형,ct_4ba7f5cc1ffeda,부산,서부산생태투어,T05,0.850347,1.0,85.034715,33
C10,역사 전통체험형,ct_bd00bd65a80b11,연천,역사자연코스,T05,0.850347,1.0,85.034715,34
C10,역사 전통체험형,ct_17e0dd4d30822e,밀양,삼랑진권 투어,T07,0.846731,1.0,84.673109,35
C10,역사 전통체험형,ct_1def3d2a58e430,부산,오렌지라인,T06,0.838777,1.0,83.877726,36
C10,역사 전통체험형,ct_6be92119035c7f,영광,"영광쉼,투어",T06,0.831152,1.0,83.115201,37
C10,역사 전통체험형,ct_658464b2619d71,양주,천일홍축제,T07,0.829747,1.0,82.974719,38
C10,역사 전통체험형,ct_c4d1ab4265b00c,양주,왕실축제,T07,0.829747,1.0,82.974719,39
C10,역사 전통체험형,ct_7350d2221bf4e5,대전,"광역투어(다섯째주, 일)",T07,0.828119,1.0,82.811935,40
C10,역사 전통체험형,ct_820bca31911e89,완주,완주힐링로드시티투어 1코스,T06,0.828119,1.0,82.811935,41
C10,역사 전통체험형,ct_03101958100a14,부여,부여테마여행,T06,0.827445,1.0,82.744463,42
C10,역사 전통체험형,ct_bdc4b066f6280d,안동,도산서원&예끼마을테마,T06,0.827357,1.0,82.735668,43
C10,역사 전통체험형,ct_2d10b95a5e902e,대전,"광역투어(첫주, 일)",T06,0.825029,1.0,82.502865,44
C10,역사 전통체험형,ct_45e65111200294,대전,"광역투어(셋째주, 토)",T06,0.825029,1.0,82.502865,45
C10,역사 전통체험형,ct_c543fc703f1159,익산,순환형1,T06,0.825029,1.0,82.502865,46
C10,역사 전통체험형,ct_037c18bb42946f,세종,천안연계투어,T07,0.822665,1.0,82.266455,47
C10,역사 전통체험형,ct_1fe72a79d47a7f,서울,EG투어버스 E코스,T07,0.822665,1.0,82.266455,48
C10,역사 전통체험형,ct_79a18eaed83932,양산,양산시 가을 시티투어 (역사문화코스),T07,0.822665,1.0,82.266455,49
C10,역사 전통체험형,ct_f534f220e539af,파주,2026 파주시티투어 당일코스(일요일),T07,0.818558,1.0,81.855773,50
C10,역사 전통체험형,ct_86dc46ed127655,청주,청주시티투어_정기투어_청남대 투어(수토일),T04,0.818357,1.0,81.83572,51
C10,역사 전통체험형,ct_a11be8ffeee88a,태백,통리장 코스,T04,0.818357,1.0,81.83572,52
C10,역사 전통체험형,ct_c53b5abd9a30ab,대전,남부코스,T06,0.816292,1.0,81.629239,53
C10,역사 전통체험형,ct_83465bf3a690f2,여수,야간테마코스(시간을달리는버스커),T03,0.815374,1.0,81.537439,54
C10,역사 전통체험형,ct_9845cf0683e6c7,화천,화천시티투어(백암산케이블카),T04,0.807473,1.0,80.747251,55
C10,역사 전통체험형,ct_a3932d2baa3d16,안산,안산 시내권코스(목요일),T05,0.807473,1.0,80.747251,56
C10,역사 전통체험형,ct_a726fc60353090,청주,청주시티투어_정기투어_초정힐링 투어(토),T04,0.807473,1.0,80.747251,57
C10,역사 전통체험형,ct_c188dbb343674a,서천,푸른빛코스,T05,0.807473,1.0,80.747251,58
C10,역사 전통체험형,ct_084dcff739bc51,김해,김해에반해,T06,0.80742,1.0,80.742038,59
C10,역사 전통체험형,ct_fcbc8def0ff021,공주,여름코스,T07,0.806264,1.0,80.626377,60
C10,역사 전통체험형,ct_4e89a607500203,태안,광역코스,T01,0.802152,1.0,80.215211,61
C10,역사 전통체험형,ct_55438211f07ef0,임실,명소탐방 임실 시티투어,T04,0.799931,1.0,79.993106,62
C10,역사 전통체험형,ct_02181b9e7a671f,순천,(테마투어)성곽투어,T07,0.793492,1.0,79.349205,63
C10,역사 전통체험형,ct_15ca3909485d66,서천,광역코스,T04,0.790771,1.0,79.077061,64
C10,역사 전통체험형,ct_5e83dbf18d6227,울산,장생포 대왕암 코스,T01,0.790688,1.0,79.068831,65
C10,역사 전통체험형,ct_5c692156a089c1,파주,2026 파주시티투어 당일코스(수요일),T05,0.790652,1.0,79.065245,66
C10,역사 전통체험형,ct_c3ec7bb154c2c1,대전,언택트세이프(B),T05,0.790652,1.0,79.065245,67
C10,역사 전통체험형,ct_49fb403c953735,광양,광양역사코스,T07,0.789145,1.0,78.914504,68
C10,역사 전통체험형,ct_572b4d8191127a,영주,선비 코스,T07,0.788241,1.0,78.824078,69
C10,역사 전통체험형,ct_aa87321b8b5003,창원,창원시티투어,T06,0.782543,1.0,78.254333,70
C10,역사 전통체험형,ct_1d32ffebd246d5,홍성,"전통시장코스(홍성) 1,6일 운영",T05,0.779741,1.0,77.974119,71
C10,역사 전통체험형,ct_a407c821a8382e,서울,EG투어버스 H코스,T04,0.779741,1.0,77.974119,72
C10,역사 전통체험형,ct_b53b246e98a9cd,인천,석모도투어,T05,0.779741,1.0,77.974119,73
C10,역사 전통체험형,ct_b96c711c2cd94d,예산,예산군 버스투어,T04,0.779741,1.0,77.974119,74
C10,역사 전통체험형,ct_e4444e050c482f,천안,일요일,T04,0.779741,1.0,77.974119,75
C10,역사 전통체험형,ct_3ed5105d35b251,서산,A코스,T07,0.778981,1.0,77.898084,76
C10,역사 전통체험형,ct_6e6a0f2ecaee7f,양주,기본코스,T07,0.778981,1.0,77.898084,77
C10,역사 전통체험형,ct_0e4d7f0c7de8e2,대구,송해코스,T07,0.778879,1.0,77.887932,78
C10,역사 전통체험형,ct_7d1c2151bda037,순천,(테마투어)세계유산투어,T07,0.778879,1.0,77.887932,79
C10,역사 전통체험형,ct_fc9f85899d40a4,안산,안산 시내권코스(토요일),T07,0.778879,1.0,77.887932,80
C10,역사 전통체험형,ct_0d96bb8740671d,대전,역사문화(동춘당),T07,0.776552,1.0,77.655205,81
C10,역사 전통체험형,ct_1a59c2f3801f38,대전,역사문화(효월드),T07,0.776552,1.0,77.655205,82
C10,역사 전통체험형,ct_1b0e0fd1157aaa,아산,休캉스 코스,T07,0.776552,1.0,77.655205,83
C10,역사 전통체험형,ct_6bfb1cb10f19bb,천안,목요일,T07,0.776552,1.0,77.655205,84
C10,역사 전통체험형,ct_9f8a8ca65b1ebb,파주,2026 파주시티투어 당일코스(토요일),T07,0.776552,1.0,77.655205,85
C10,역사 전통체험형,ct_a33d720535a1e1,순천,(테마투어)산사투어,T07,0.776552,1.0,77.655205,86
C10,역사 전통체험형,ct_e588b4efe19ef3,평창,북부권 코스,T07,0.776552,1.0,77.655205,87
C10,역사 전통체험형,ct_0f4dbe3b938a90,여수,2층주간코스,T02,0.773553,1.0,77.355277,88
C10,역사 전통체험형,ct_166c38f36d6640,춘천,목요일,T05,0.770154,1.0,77.015405,89
C10,역사 전통체험형,ct_40252d247000a5,안동,야간도심테마,T03,0.770154,1.0,77.015405,90
C10,역사 전통체험형,ct_4309f65e431d83,아산,인생네컷 코스,T05,0.770154,1.0,77.015405,91
C10,역사 전통체험형,ct_59c60fcaf04aa6,인천,교동도투어,T02,0.770154,1.0,77.015405,92
C10,역사 전통체험형,ct_6c466761af057c,대전,"광역투어(둘째주, 일)",T05,0.770154,1.0,77.015405,93
C10,역사 전통체험형,ct_ff36074cae8347,양주,자연친화코스1,T02,0.770154,1.0,77.015405,94
C10,역사 전통체험형,ct_de90b5933f0b40,청도,시티투어,T04,0.769742,1.0,76.974192,95
C10,역사 전통체험형,ct_23c35eeaf17398,곡성,읍권 순환버스,T06,0.767456,1.0,76.745617,96
C10,역사 전통체험형,ct_596ccaeb2861f9,태안,남부코스,T04,0.766036,1.0,76.603568,97
C10,역사 전통체험형,ct_36cdd5661df6fd,봉화,송이축제 문화유적탐방버스,T02,0.764598,1.0,76.459786,98
C10,역사 전통체험형,ct_69c07f148cbc8b,봉화,은어축제 문화유적탐방버스,T02,0.764598,1.0,76.459786,99
C10,역사 전통체험형,ct_6ec0ad7a54e92d,서천,문화코스,T06,0.764368,1.0,76.436844,100
C10,역사 전통체험형,ct_2390c56fce5420,울산,태화강 국가정원 코스,T06,0.760356,1.0,76.035631,101
C10,역사 전통체험형,ct_104171b078b959,공주,가을코스,T07,0.759257,1.0,75.92566,102
C10,역사 전통체험형,ct_2749460936eb31,공주,반일코스,T07,0.759257,1.0,75.92566,103
C10,역사 전통체험형,ct_3764c5ee83c6b9,대전,"광역투어(넷재주, 토)",T07,0.759257,1.0,75.92566,104
C10,역사 전통체험형,ct_cec518ee1213c1,양주,서울우유견학코스,T07,0.759257,1.0,75.92566,105
C10,역사 전통체험형,ct_4b24fed6566e54,해남,해남시티투어,T05,0.757924,1.0,75.792383,106
C10,역사 전통체험형,ct_c59f7d050e72e0,대전,생태교육,T05,0.757924,1.0,75.792383,107
C10,역사 전통체험형,ct_c825dbc2a63555,파주,2026 파주시티투어 1박2일코스(토요일~일요일),T06,0.757924,1.0,75.792383,108
C10,역사 전통체험형,ct_f558345dd00dbf,아산,역사기행 코스,T05,0.757924,1.0,75.792383,109
C10,역사 전통체험형,ct_f8bd00d4bc40b3,순천,(기획투어)나이트가든투어,T03,0.757924,1.0,75.792383,110
C10,역사 전통체험형,ct_fa87b733ddf357,아산,아산도심핫플코스,T05,0.757924,1.0,75.792383,111
C10,역사 전통체험형,ct_636360ac200b66,대전,"광역투어(셋째주, 일)",T07,0.754683,1.0,75.468309,112
C10,역사 전통체험형,ct_a8a8ecfbd0eefc,대전,"광역투어(다섯째주, 토)",T04,0.752651,1.0,75.265055,113
C10,역사 전통체험형,ct_83afdb6c6bad30,시흥,순환형 2층버스,T01,0.750306,1.0,75.030631,114
C10,역사 전통체험형,ct_d1e99a0d119f73,밀양,시내권 투어 1,T06,0.873128,0.857143,74.839564,115
C10,역사 전통체험형,ct_98323d74dbd87a,제주,순환형코스,T06,0.744723,1.0,74.472323,116
C10,역사 전통체험형,ct_c343406b7388f2,군산,고군산시간여행코스,T01,0.742765,1.0,74.276535,117
C10,역사 전통체험형,ct_d756b69f16e800,청주,청주시티투어_정기투어_힐링로드 투어(토),T02,0.742611,1.0,74.261066,118
C10,역사 전통체험형,ct_84ffabae716404,홍성,죽도코스,T04,0.739588,1.0,73.958765,119
C10,역사 전통체험형,ct_8171ca90d9fa99,제주,야간코스(7월말~8월말 운영),T03,0.736422,1.0,73.642224,120
C10,역사 전통체험형,ct_edd6e5375f387f,부산,그린라인,T06,0.735294,1.0,73.529412,121
C10,역사 전통체험형,ct_75d07d35d33328,진도,진도시티투어,T06,0.734723,1.0,73.472345,122
C10,역사 전통체험형,ct_ab2a31c9b0dd1c,안동,주간도심테마,T06,0.830264,0.875,72.648096,123
C10,역사 전통체험형,ct_5728bf247a42c1,제천,시티투어,T02,0.722132,1.0,72.213152,124
C10,역사 전통체험형,ct_07b4b0458851e1,서울,EG투어버스 J코스,T07,0.71903,1.0,71.902968,125
C10,역사 전통체험형,ct_1c691124e74222,대구,도동코스,T07,0.718582,1.0,71.858214,126
C10,역사 전통체험형,ct_809907e22355c9,연천,연천명소코스,T05,0.717644,1.0,71.764354,127
C10,역사 전통체험형,ct_2d7ad6be7d0219,공주,봄코스,T07,0.71548,1.0,71.548009,128
C10,역사 전통체험형,ct_1845f5c9950df4,목포,별빛물결시티투어,T03,0.713024,1.0,71.30241,129
C10,역사 전통체험형,ct_abd1e371e69550,정선,아리랑열차 연계형 시티투어2,T04,0.713024,1.0,71.30241,130
C10,역사 전통체험형,ct_ac7ca37140e6b6,포항,퐝랜드마크B코스,T04,0.713024,1.0,71.30241,131
C10,역사 전통체험형,ct_2be78db2f756ab,인천,바다노선,T02,0.710441,1.0,71.044134,132
C10,역사 전통체험형,ct_1c94bb0caf5c4f,안성,안성시티투어,T02,0.707532,1.0,70.75316,133
C10,역사 전통체험형,ct_3f9d81407b910a,대전,"광역투어(넷재주, 일)",T05,0.707532,1.0,70.75316,134
C10,역사 전통체험형,ct_da6b197f9d64eb,대구,테마-방방곡곡(사시사철),T05,0.707532,1.0,70.75316,135
C10,역사 전통체험형,ct_e613bd3839189c,익산,순환형2,T06,0.825029,0.857143,70.716741,136
C10,역사 전통체험형,ct_62ce3cfd4b2223,대구,현풍코스,T07,0.706306,1.0,70.630643,137
C10,역사 전통체험형,ct_2c5b83ca1acb5c,춘천,토요일,T06,0.698704,1.0,69.870386,138
C10,역사 전통체험형,ct_72a42eb150b5d4,춘천,일요일,T06,0.698704,1.0,69.870386,139
C10,역사 전통체험형,ct_14b70a907c3324,안산,대부도 해변코스(일반형 1코스),T01,0.693103,1.0,69.310328,140
C10,역사 전통체험형,ct_68d8eff6357673,양구,해안DMZ트래킹 코스,T02,0.68949,1.0,68.948961,141
C10,역사 전통체험형,ct_0b7a755a267601,여수,2층야간코스,T03,0.684933,1.0,68.493282,142
C10,역사 전통체험형,ct_9857f916bfa916,대구,도심순환코스(12개 정류장),T06,0.681559,1.0,68.155855,143
C10,역사 전통체험형,ct_6b62f6c5e28b9c,사천,바다투어,T06,0.68111,1.0,68.111021,144
C10,역사 전통체험형,ct_68e342ed3c052f,익산,익산숨은보석찾기코스,T04,0.678849,1.0,67.884857,145
C10,역사 전통체험형,ct_c93b13bf48e761,영주,물돌이 코스,T05,0.675566,1.0,67.556602,146
C10,역사 전통체험형,ct_c68da356b898d6,여주,꽃섬투어,T02,0.668955,1.0,66.895506,147
C10,역사 전통체험형,ct_38e990a88a3094,춘천,수요일,T07,0.664557,1.0,66.455702,148
C10,역사 전통체험형,ct_4212deac479d6b,세종,역사문화투어,T07,0.664557,1.0,66.455702,149
C10,역사 전통체험형,ct_64b3f2e630ba51,여수,다크투어리즘코스,T07,0.664557,1.0,66.455702,150
C10,역사 전통체험형,ct_73908901775f5c,익산,세계유산코스,T07,0.664557,1.0,66.455702,151
C10,역사 전통체험형,ct_82e2c317c54d7e,양주,역사투어,T07,0.664557,1.0,66.455702,152
C10,역사 전통체험형,ct_a70933018dfe45,여수,이순신문화유적코스,T07,0.664557,1.0,66.455702,153
C10,역사 전통체험형,ct_ba06e511559567,홍성,역사·문화 코스,T07,0.664557,1.0,66.455702,154
C10,역사 전통체험형,ct_caab077d4954a7,김해,역사에반해,T07,0.664557,1.0,66.455702,155
C10,역사 전통체험형,ct_db611b0ecd14e4,대전,다크투어,T07,0.664557,1.0,66.455702,156
C10,역사 전통체험형,ct_e4521f5325216f,양주,박물관투어,T07,0.664557,1.0,66.455702,157
C10,역사 전통체험형,ct_9d994e07488f57,삼척,종일코스,T04,0.664409,1.0,66.440882,158
C10,역사 전통체험형,ct_10510d067f8caa,서울,EG투어버스 A코스,T02,0.661507,1.0,66.15073,159
C10,역사 전통체험형,ct_5997fa12423936,대전,언택트세이프(A),T05,0.661507,1.0,66.15073,160
C10,역사 전통체험형,ct_62dfed5cce4635,파주,2026 파주시티투어 당일코스(목요일),T05,0.661507,1.0,66.15073,161
C10,역사 전통체험형,ct_6b11aef24a24ef,순천,(테마투어)생태투어,T05,0.661507,1.0,66.15073,162
C10,역사 전통체험형,ct_7799bf62ca5138,대전,"광역투어(둘째주, 토)",T05,0.661507,1.0,66.15073,163
C10,역사 전통체험형,ct_d038c55e01951b,대전,대덕특구탐방,T05,0.661507,1.0,66.15073,164
C10,역사 전통체험형,ct_d916d0f4237246,파주,2026 파주시티투어 당일코스(금요일),T02,0.661507,1.0,66.15073,165
C10,역사 전통체험형,ct_f6d09076696e6d,양구,힐링산책코스,T02,0.656381,1.0,65.638129,166
C10,역사 전통체험형,ct_424fda831e8a80,인천,인천레트로노선,T04,0.653148,1.0,65.314768,167
C10,역사 전통체험형,ct_452018aaa6c847,춘천,화요일,T05,0.652823,1.0,65.282321,168
C10,역사 전통체험형,ct_b8b6f8a37ebdf8,사천,별빛투어,T03,0.643656,1.0,64.365629,169
C10,역사 전통체험형,ct_a8823fdcbfa445,화성,바다와 하루,T01,0.643355,1.0,64.335471,170
C10,역사 전통체험형,ct_fe508b5dbba88f,세종,역사산책투어,T05,0.64188,1.0,64.18799,171
C10,역사 전통체험형,ct_6df930eb64d3ad,세종,세종관광명소A투어,T05,0.636656,1.0,63.665602,172
C10,역사 전통체험형,ct_4be058672a95ae,시흥,테마형 정기코스,T01,0.633525,1.0,63.3525,173
C10,역사 전통체험형,ct_d0cdc53f7d6755,춘천,월요일,T04,0.632353,1.0,63.235294,174
C10,역사 전통체험형,ct_507ac7569b1306,서천,보랏빛코스,T04,0.631219,1.0,63.121906,175
C10,역사 전통체험형,ct_a0af2538872792,서천,전라권코스,T04,0.631219,1.0,63.121906,176
C10,역사 전통체험형,ct_aabd87818ef08f,서울,EG투어버스 I코스,T04,0.631219,1.0,63.121906,177
C10,역사 전통체험형,ct_74128602fb5dca,태안,북부코스,T01,0.626427,1.0,62.642654,178
C10,역사 전통체험형,ct_e353674363d7f4,대전,대청호코스,T06,0.713119,0.875,62.397876,179
C10,역사 전통체험형,ct_7dba0d730780c9,서천,동백코스(익산-군산 광역),T04,0.618771,1.0,61.877149,180
C10,역사 전통체험형,ct_1d6ad4598dff93,대구,테마-방방곡곡(군위군 돋보기),T05,0.770154,0.8,61.612324,181
C10,역사 전통체험형,ct_78497ddd68fd45,사천,우주항공산업투어,T02,0.612674,1.0,61.267437,182
C10,역사 전통체험형,ct_4e0d701d9aadd5,대구,테마(야경 4~10월),T03,0.612623,1.0,61.262254,183
C10,역사 전통체험형,ct_516add9e1cef4a,정선,와와정선 2층 투어버스,T02,0.612623,1.0,61.262254,184
C10,역사 전통체험형,ct_ca13864967c1fb,세종,세종관광명소B투어,T02,0.612623,1.0,61.262254,185
C10,역사 전통체험형,ct_ed3a5516a8c6ca,연천,안보자연코스,T02,0.612623,1.0,61.262254,186
C10,역사 전통체험형,ct_b6060e0e38a765,안산,대부도 뱃길코스(일반형 2코스),T01,0.611679,1.0,61.167931,187
C10,역사 전통체험형,ct_a7f13a177e5633,여수,제2코스,T01,0.601512,1.0,60.151245,188
C10,역사 전통체험형,ct_cba721781124d5,원주,원주시티투어(순환형),T02,0.598214,1.0,59.821414,189
C10,역사 전통체험형,ct_6f6ed56249f477,대전,"광역투어(첫주, 토)",T05,0.596559,1.0,59.655876,190
C10,역사 전통체험형,ct_d3a976675ffc53,대구,테마-방방곡곡(낙동강),T05,0.596559,1.0,59.655876,191
C10,역사 전통체험형,ct_0af000fbdb8ad6,동해,관광문화코스,T04,0.593099,1.0,59.309927,192
C10,역사 전통체험형,ct_3dd54d8970e115,의정부,의정부포레스트:오감이 깨어나는 숲 속 여행,T04,0.593099,1.0,59.309927,193
C10,역사 전통체험형,ct_0ed3eb88438a1d,인천,청라투어,T02,0.576022,1.0,57.602211,194
C10,역사 전통체험형,ct_2528f0bf880396,평창,남부권 코스,T02,0.576022,1.0,57.602211,195
C10,역사 전통체험형,ct_661e12e8488117,대전,힐링(장태산),T02,0.576022,1.0,57.602211,196
C10,역사 전통체험형,ct_8b988867d0e267,홍성,남당항 코스,T02,0.576022,1.0,57.602211,197
C10,역사 전통체험형,ct_2827a8d7943bdf,가평,가평순환버스A코스,T02,0.570233,1.0,57.02328,198
C10,역사 전통체험형,ct_6beed8d2daa9dc,세종,야경투어,T03,0.564836,1.0,56.483615,199
C10,역사 전통체험형,ct_88364cbd4a5650,곡성,압록권역 순환버스,T02,0.564836,1.0,56.483615,200
C10,역사 전통체험형,ct_a8b35f46bb8621,세종,행복투어A,T02,0.564836,1.0,56.483615,201
C10,역사 전통체험형,ct_f355a62ad61675,세종,정원투어,T02,0.564836,1.0,56.483615,202
C10,역사 전통체험형,ct_5082aae98cb9d3,부산,야경투어,T03,0.560864,1.0,56.086363,203
C10,역사 전통체험형,ct_c410c248858e88,서울,EG투어버스 L코스,T04,0.560112,1.0,56.011203,204
C10,역사 전통체험형,ct_8de53de429d379,포항,퐝순환코스,T04,0.55136,1.0,55.136028,205
C10,역사 전통체험형,ct_0ebeda6387230e,안산,대부도 뱃길코스(체험형 2코스),T01,0.546999,1.0,54.699922,206
C10,역사 전통체험형,ct_52149303f1b0d4,서울,EG투어버스 K 코스,T02,0.546463,1.0,54.646255,207
C10,역사 전통체험형,ct_59f67b28d9aad1,서울,EG투어버스 G코스,T05,0.546463,1.0,54.646255,208
C10,역사 전통체험형,ct_8163a6f43e6f4a,아산,예술맛집 코스,T02,0.546463,1.0,54.646255,209
C10,역사 전통체험형,ct_8e34c83e5dbe39,이천,농촌체험코스(북부),T02,0.546463,1.0,54.646255,210
C10,역사 전통체험형,ct_b75e8d4cf1e318,대구,테마(야경 11~3월),T03,0.546463,1.0,54.646255,211
C10,역사 전통체험형,ct_d3c228b00ede2b,파주,2026 파주시티투어 당일코스(화요일),T02,0.546463,1.0,54.646255,212
C10,역사 전통체험형,ct_ebbc3131233e25,가평,가평순환버스B코스,T05,0.546463,1.0,54.646255,213
C10,역사 전통체험형,ct_ec6acb453717fd,안산,대부도 해변코스(일반형 2코스),T05,0.536875,1.0,53.687549,214
C10,역사 전통체험형,ct_ff41044d0b7080,부산,동부산테마노선,T01,0.535529,1.0,53.55294,215
C10,역사 전통체험형,ct_77585e7300bc39,청주,청주시티투어_정기투어_트레킹 투어(토),T05,0.529448,1.0,52.944786,216
C10,역사 전통체험형,ct_a7d1b6cc26e056,안산,대부도 뱃길코스(일반형 1코스),T01,0.528079,1.0,52.807869,217
C10,역사 전통체험형,ct_c0c761a6bb3927,서울,EG투어버스 C코스,T02,0.517195,1.0,51.719541,218
C10,역사 전통체험형,ct_3e1bfccd397508,세종,봄꽃파닭A투어,T05,0.48894,1.0,48.894018,219
C10,역사 전통체험형,ct_a8b6f564bf7384,세종,봄꽃파닭B투어,T05,0.48894,1.0,48.894018,220
C10,역사 전통체험형,ct_c722d90ff66eb2,홍성,"전통시장코스(광천) 4,9일 운영",T04,0.477496,1.0,47.749602,221
C10,역사 전통체험형,ct_82029ce72f5013,서울,EG투어버스 D코스,T02,0.475075,1.0,47.507516,222
C10,역사 전통체험형,ct_bd2de54ec11e6b,양산,양산시 가을 시티투어 (자연관광코스),T04,0.631219,0.75,47.341429,223
C10,역사 전통체험형,ct_b2af495e1760b5,안산,대부도 뱃길코스(체험형 1코스),T01,0.454198,1.0,45.419815,224
C10,역사 전통체험형,ct_cf9f8ad6cdda8f,대전,야경,T03,0.546463,0.75,40.984692,225
C10,역사 전통체험형,ct_2921659630cea0,서울,EG투어버스 B코스,T02,0.407309,1.0,40.730914,226
C10,역사 전통체험형,ct_82edd01ea220e6,화순,화순적벽 버스투어(적벽 셔틀버스),T05,0.407309,1.0,40.730914,227
C10,역사 전통체험형,ct_b3b0773f44a533,안산,대부도 해변코스(체험형 1코스),T02,0.407309,1.0,40.730914,228
C10,역사 전통체험형,ct_f0549cce13f623,대전,힐링(만인산),T05,0.407309,1.0,40.730914,229
C10,역사 전통체험형,ct_f48a1e387a5d08,이천,농촌체험코스(중부),T02,0.407309,1.0,40.730914,230
C10,역사 전통체험형,ct_f55bded1011de2,대전,언택트세이프?,T05,0.407309,1.0,40.730914,231
C10,역사 전통체험형,ct_008becedc70ab4,인천,무의도투어,T01,0.385872,1.0,38.587182,232
C10,역사 전통체험형,ct_30fd00f9cfda89,인천,선재영흥투어,T01,0.385872,1.0,38.587182,233
C10,역사 전통체험형,ct_a98893fa363590,양산,봄꽃체험코스,T04,0.485071,0.666667,32.338083,234
