source_index,baseline_cluster,cosine_cluster,assigned_cosine,margin_to_second
1,G09,GC09,0.8381222469552341,0.42744408274943463
2,G10,GC10,0.9655927797734348,0.06544392142761513
3,G06,GC03,0.9044958023987766,0.2666813945578197
4,G08,GC05,0.8636959476067174,0.13425978322226917
5,G04,GC04,0.968165397646474,0.21488738708545507
6,G05,GC05,0.9207906651920749,0.07892883228329506
7,G10,GC10,0.9424082704453347,0.3255654624638866
8,G10,GC10,0.8968003750428443,0.09628802703290351
9,G09,GC09,0.7771474850068719,0.40097047359615184
10,G10,GC10,0.982762160580999,0.319927604763941
11,G10,GC09,0.8698945613933801,0.0874495629875287
12,G09,GC09,0.8381222469552341,0.42744408274943463
13,G09,GC09,0.971957924683411,0.37594044454343145
14,G01,GC08,0.9533458189089106,0.17429799890219966
15,G01,GC08,0.9994249585196648,0.47414197468619124
16,G10,GC10,0.9424082704453347,0.3255654624638866
17,G05,GC05,0.9666525424113166,0.3288381345703597
18,G09,GC09,0.8669418913908332,0.2926549091794376
19,G09,GC09,0.971957924683411,0.37594044454343145
20,G03,GC02,0.9441506495926124,0.08446416763911413
21,G09,GC09,0.971957924683411,0.37594044454343145
22,G07,GC07,0.7267385849642738,0.35338913739640604
23,G09,GC09,0.7771474850068719,0.40097047359615184
24,G07,GC07,0.9985759975932954,0.36041453142304425
26,G05,GC05,0.9282544378589607,0.24270772840029464
27,G10,GC09,0.8698945613933801,0.0874495629875287
28,G09,GC09,0.8669418913908332,0.2926549091794376
29,G09,GC09,0.6430059553530669,0.14972920389077016
30,G09,GC09,0.7771474850068719,0.40097047359615184
31,G03,GC02,0.9441506495926124,0.08446416763911413
32,G03,GC03,0.9760999801239335,0.1817500379290079
33,G07,GC07,0.7267385849642738,0.35338913739640604
34,G10,GC10,0.8970403307396814,0.2885871798501579
35,G09,GC09,0.8381222469552341,0.42744408274943463
36,G05,GC05,0.9999882223456044,0.43132191835929334
37,G05,GC05,0.9207906651920749,0.07892883228329506
38,G10,GC10,0.9655927797734348,0.06544392142761513
39,G10,GC09,0.8698945613933801,0.0874495629875287
40,G02,GC01,0.999623156571507,0.4534339436723924
41,G01,GC08,0.9533458189089106,0.17429799890219966
42,G02,GC01,0.9188134565648362,0.4018493462058377
43,G02,GC01,0.9526343565497732,0.17250413743869542
44,G02,GC01,0.9526343565497732,0.17250413743869542
45,G06,GC06,0.9463175863222385,0.12280423622110082
46,G07,GC07,0.9321859184064071,0.08586144444503008
47,G07,GC07,0.7922711120742614,0.3846798423169094
48,G03,GC03,0.9844167850320632,0.48101812538306044
49,G03,GC02,0.9994394332183293,0.3820798962225841
50,G03,GC03,0.999905298419327,0.36715158669550463
51,G03,GC03,0.9760999801239335,0.1817500379290079
52,G03,GC03,0.9957256100521445,0.2844162709100527
53,G02,GC01,0.9526343565497732,0.17250413743869542
54,G08,GC06,0.9756574976104712,0.3898462953996178
55,G02,GC01,0.9526343565497732,0.17250413743869542
56,G01,GC08,0.9994249585196648,0.47414197468619124
57,G09,GC09,0.971957924683411,0.37594044454343145
58,G02,GC01,0.999623156571507,0.4534339436723924
59,G08,GC06,0.9330814976864774,0.30976601750344346
60,G10,GC10,0.9328735775488933,0.3238519663423901
61,G01,GC08,0.9994249585196648,0.47414197468619124
62,G01,GC08,0.9994249585196648,0.47414197468619124
63,G10,GC09,0.99088874015345,0.14768695304343504
64,G07,GC07,0.9985759975932954,0.36041453142304425
65,G07,GC07,0.9985759975932954,0.36041453142304425
66,G07,GC07,0.9985759975932954,0.36041453142304425
67,G07,GC07,0.9985759975932954,0.36041453142304425
68,G10,GC09,0.99088874015345,0.14768695304343504
69,G07,GC07,0.9985759975932954,0.36041453142304425
70,G05,GC05,0.9999882223456044,0.43132191835929334
71,G05,GC05,0.9999882223456044,0.43132191835929334
72,G07,GC07,0.9985759975932954,0.36041453142304425
73,G07,GC07,0.9985759975932954,0.36041453142304425
74,G01,GC08,0.9994249585196648,0.47414197468619124
75,G01,GC08,0.9994249585196648,0.47414197468619124
76,G10,GC09,0.99088874015345,0.14768695304343504
77,G10,GC09,0.99088874015345,0.14768695304343504
78,G01,GC08,0.9994249585196648,0.47414197468619124
79,G01,GC08,0.9994249585196648,0.47414197468619124
80,G05,GC05,0.9999882223456044,0.43132191835929334
81,G05,GC05,0.9999882223456044,0.43132191835929334
82,G10,GC09,0.99088874015345,0.14768695304343504
83,G07,GC07,0.9985759975932954,0.36041453142304425
84,G05,GC05,0.9999882223456044,0.43132191835929334
85,G05,GC05,0.9999882223456044,0.43132191835929334
86,G01,GC08,0.9994249585196648,0.47414197468619124
87,G01,GC08,0.9994249585196648,0.47414197468619124
88,G05,GC05,0.9999882223456044,0.43132191835929334
89,G07,GC07,0.9985759975932954,0.36041453142304425
90,G01,GC08,0.9994249585196648,0.47414197468619124
91,G01,GC08,0.9994249585196648,0.47414197468619124
92,G07,GC07,0.9985759975932954,0.36041453142304425
93,G10,GC09,0.99088874015345,0.14768695304343504
94,G07,GC07,0.9985759975932954,0.36041453142304425
95,G05,GC05,0.9999882223456044,0.43132191835929334
96,G07,GC07,0.9985759975932954,0.36041453142304425
97,G07,GC07,0.9985759975932954,0.36041453142304425
98,G07,GC07,0.9985759975932954,0.36041453142304425
99,G07,GC07,0.9985759975932954,0.36041453142304425
100,G07,GC07,0.9985759975932954,0.36041453142304425
101,G01,GC08,0.9994249585196648,0.47414197468619124
102,G07,GC07,0.9985759975932954,0.36041453142304425
103,G01,GC08,0.9994249585196648,0.47414197468619124
104,G07,GC07,0.9985759975932954,0.36041453142304425
105,G07,GC07,0.9985759975932954,0.36041453142304425
106,G07,GC07,0.9985759975932954,0.36041453142304425
107,G07,GC07,0.9985759975932954,0.36041453142304425
108,G07,GC07,0.9985759975932954,0.36041453142304425
109,G10,GC09,0.99088874015345,0.14768695304343504
110,G07,GC07,0.9985759975932954,0.36041453142304425
111,G07,GC07,0.9985759975932954,0.36041453142304425
112,G07,GC07,0.9985759975932954,0.36041453142304425
113,G07,GC07,0.9985759975932954,0.36041453142304425
114,G07,GC07,0.9985759975932954,0.36041453142304425
115,G07,GC07,0.9985759975932954,0.36041453142304425
116,G07,GC07,0.9985759975932954,0.36041453142304425
117,G07,GC07,0.9985759975932954,0.36041453142304425
118,G07,GC07,0.9985759975932954,0.36041453142304425
119,G07,GC07,0.9985759975932954,0.36041453142304425
120,G07,GC07,0.9985759975932954,0.36041453142304425
121,G05,GC05,0.9999882223456044,0.43132191835929334
122,G05,GC05,0.9999882223456044,0.43132191835929334
123,G07,GC07,0.9985759975932954,0.36041453142304425
124,G10,GC09,0.99088874015345,0.14768695304343504
125,G07,GC07,0.9985759975932954,0.36041453142304425
126,G07,GC07,0.9985759975932954,0.36041453142304425
127,G10,GC09,0.99088874015345,0.14768695304343504
128,G05,GC05,0.9999882223456044,0.43132191835929334
129,G07,GC07,0.9985759975932954,0.36041453142304425
130,G03,GC02,0.9994394332183293,0.3820798962225841
131,G07,GC07,0.9985759975932954,0.36041453142304425
132,G03,GC02,0.9994394332183293,0.3820798962225841
133,G05,GC05,0.9999882223456044,0.43132191835929334
134,G05,GC05,0.9999882223456044,0.43132191835929334
135,G07,GC07,0.9985759975932954,0.36041453142304425
136,G10,GC09,0.99088874015345,0.14768695304343504
137,G07,GC07,0.9985759975932954,0.36041453142304425
138,G07,GC07,0.9985759975932954,0.36041453142304425
139,G07,GC07,0.9985759975932954,0.36041453142304425
140,G10,GC09,0.99088874015345,0.14768695304343504
141,G07,GC07,0.9985759975932954,0.36041453142304425
142,G07,GC07,0.9985759975932954,0.36041453142304425
143,G10,GC09,0.99088874015345,0.14768695304343504
144,G07,GC07,0.9985759975932954,0.36041453142304425
145,G05,GC05,0.9999882223456044,0.43132191835929334
146,G07,GC07,0.9985759975932954,0.36041453142304425
147,G07,GC07,0.9985759975932954,0.36041453142304425
148,G07,GC07,0.9985759975932954,0.36041453142304425
149,G07,GC07,0.9985759975932954,0.36041453142304425
150,G07,GC07,0.9985759975932954,0.36041453142304425
151,G10,GC09,0.99088874015345,0.14768695304343504
152,G07,GC07,0.9985759975932954,0.36041453142304425
153,G07,GC07,0.9985759975932954,0.36041453142304425
154,G05,GC05,0.9999882223456044,0.43132191835929334
155,G07,GC07,0.9985759975932954,0.36041453142304425
156,G05,GC05,0.9999882223456044,0.43132191835929334
157,G07,GC07,0.9985759975932954,0.36041453142304425
158,G07,GC07,0.9985759975932954,0.36041453142304425
159,G10,GC09,0.99088874015345,0.14768695304343504
160,G03,GC02,0.9994394332183293,0.3820798962225841
161,G10,GC09,0.99088874015345,0.14768695304343504
162,G07,GC07,0.9985759975932954,0.36041453142304425
163,G10,GC09,0.99088874015345,0.14768695304343504
164,G03,GC02,0.9994394332183293,0.3820798962225841
165,G07,GC07,0.9985759975932954,0.36041453142304425
166,G03,GC02,0.9994394332183293,0.3820798962225841
167,G07,GC07,0.9985759975932954,0.36041453142304425
168,G10,GC09,0.99088874015345,0.14768695304343504
169,G05,GC05,0.9999882223456044,0.43132191835929334
170,G05,GC05,0.9999882223456044,0.43132191835929334
171,G10,GC09,0.99088874015345,0.14768695304343504
172,G10,GC09,0.99088874015345,0.14768695304343504
173,G10,GC09,0.99088874015345,0.14768695304343504
174,G10,GC09,0.99088874015345,0.14768695304343504
175,G01,GC08,0.9994249585196648,0.47414197468619124
176,G01,GC08,0.9994249585196648,0.47414197468619124
177,G07,GC07,0.9985759975932954,0.36041453142304425
178,G07,GC07,0.9985759975932954,0.36041453142304425
179,G07,GC07,0.9985759975932954,0.36041453142304425
180,G07,GC07,0.9985759975932954,0.36041453142304425
181,G07,GC07,0.9985759975932954,0.36041453142304425
182,G10,GC09,0.99088874015345,0.14768695304343504
183,G10,GC09,0.99088874015345,0.14768695304343504
184,G10,GC09,0.99088874015345,0.14768695304343504
185,G05,GC05,0.9999882223456044,0.43132191835929334
186,G07,GC07,0.9985759975932954,0.36041453142304425
187,G07,GC07,0.9985759975932954,0.36041453142304425
188,G05,GC05,0.9999882223456044,0.43132191835929334
189,G07,GC07,0.9985759975932954,0.36041453142304425
190,G05,GC05,0.9999882223456044,0.43132191835929334
191,G05,GC05,0.9999882223456044,0.43132191835929334
192,G07,GC07,0.9985759975932954,0.36041453142304425
193,G07,GC07,0.9985759975932954,0.36041453142304425
194,G07,GC07,0.9985759975932954,0.36041453142304425
195,G07,GC07,0.9985759975932954,0.36041453142304425
196,G10,GC09,0.99088874015345,0.14768695304343504
197,G01,GC08,0.9994249585196648,0.47414197468619124
198,G07,GC07,0.9985759975932954,0.36041453142304425
199,G05,GC05,0.9999882223456044,0.43132191835929334
200,G07,GC07,0.9985759975932954,0.36041453142304425
201,G07,GC07,0.9985759975932954,0.36041453142304425
202,G10,GC09,0.99088874015345,0.14768695304343504
203,G10,GC09,0.99088874015345,0.14768695304343504
204,G10,GC09,0.99088874015345,0.14768695304343504
205,G07,GC07,0.9985759975932954,0.36041453142304425
206,G07,GC07,0.9985759975932954,0.36041453142304425
207,G10,GC09,0.99088874015345,0.14768695304343504
208,G07,GC07,0.9985759975932954,0.36041453142304425
209,G07,GC07,0.9985759975932954,0.36041453142304425
210,G10,GC09,0.99088874015345,0.14768695304343504
211,G05,GC05,0.9999882223456044,0.43132191835929334
212,G05,GC05,0.9999882223456044,0.43132191835929334
213,G07,GC07,0.9985759975932954,0.36041453142304425
214,G10,GC09,0.99088874015345,0.14768695304343504
215,G10,GC09,0.99088874015345,0.14768695304343504
216,G07,GC07,0.9985759975932954,0.36041453142304425
217,G07,GC07,0.9985759975932954,0.36041453142304425
218,G10,GC09,0.99088874015345,0.14768695304343504
219,G07,GC07,0.9985759975932954,0.36041453142304425
220,G05,GC05,0.9999882223456044,0.43132191835929334
221,G07,GC07,0.9985759975932954,0.36041453142304425
222,G10,GC09,0.99088874015345,0.14768695304343504
223,G10,GC09,0.99088874015345,0.14768695304343504
224,G03,GC02,0.9994394332183293,0.3820798962225841
225,G05,GC05,0.9999882223456044,0.43132191835929334
226,G07,GC07,0.9985759975932954,0.36041453142304425
227,G07,GC07,0.9985759975932954,0.36041453142304425
228,G05,GC05,0.9999882223456044,0.43132191835929334
229,G07,GC07,0.9985759975932954,0.36041453142304425
230,G10,GC09,0.99088874015345,0.14768695304343504
231,G07,GC07,0.9985759975932954,0.36041453142304425
232,G07,GC07,0.9985759975932954,0.36041453142304425
233,G05,GC05,0.9999882223456044,0.43132191835929334
234,G07,GC07,0.9985759975932954,0.36041453142304425
235,G07,GC07,0.9985759975932954,0.36041453142304425
236,G10,GC09,0.99088874015345,0.14768695304343504
237,G10,GC09,0.99088874015345,0.14768695304343504
238,G05,GC05,0.9999882223456044,0.43132191835929334
239,G07,GC07,0.9985759975932954,0.36041453142304425
240,G10,GC09,0.99088874015345,0.14768695304343504
241,G07,GC07,0.9985759975932954,0.36041453142304425
242,G07,GC07,0.9985759975932954,0.36041453142304425
243,G07,GC07,0.9985759975932954,0.36041453142304425
244,G05,GC05,0.9999882223456044,0.43132191835929334
245,G10,GC09,0.99088874015345,0.14768695304343504
246,G07,GC07,0.9985759975932954,0.36041453142304425
247,G07,GC07,0.9985759975932954,0.36041453142304425
248,G05,GC05,0.9999882223456044,0.43132191835929334
249,G07,GC07,0.9985759975932954,0.36041453142304425
250,G07,GC07,0.9985759975932954,0.36041453142304425
251,G10,GC09,0.99088874015345,0.14768695304343504
252,G07,GC07,0.9985759975932954,0.36041453142304425
253,G10,GC09,0.99088874015345,0.14768695304343504
254,G03,GC02,0.9994394332183293,0.3820798962225841
255,G07,GC07,0.9985759975932954,0.36041453142304425
256,G05,GC05,0.9999882223456044,0.43132191835929334
257,G05,GC05,0.9999882223456044,0.43132191835929334
258,G10,GC09,0.99088874015345,0.14768695304343504
259,G10,GC09,0.99088874015345,0.14768695304343504
260,G10,GC09,0.99088874015345,0.14768695304343504
261,G10,GC09,0.99088874015345,0.14768695304343504
262,G10,GC09,0.99088874015345,0.14768695304343504
263,G10,GC09,0.99088874015345,0.14768695304343504
264,G10,GC09,0.99088874015345,0.14768695304343504
265,G10,GC09,0.99088874015345,0.14768695304343504
266,G10,GC09,0.99088874015345,0.14768695304343504
267,G05,GC05,0.9999882223456044,0.43132191835929334
268,G05,GC05,0.9999882223456044,0.43132191835929334
269,G07,GC07,0.9985759975932954,0.36041453142304425
270,G10,GC09,0.99088874015345,0.14768695304343504
271,G07,GC07,0.9985759975932954,0.36041453142304425
272,G07,GC07,0.9985759975932954,0.36041453142304425
273,G07,GC07,0.9985759975932954,0.36041453142304425
274,G05,GC05,0.9999882223456044,0.43132191835929334
275,G07,GC07,0.9985759975932954,0.36041453142304425
276,G05,GC05,0.9999882223456044,0.43132191835929334
277,G07,GC07,0.9985759975932954,0.36041453142304425
278,G03,GC02,0.9994394332183293,0.3820798962225841
279,G01,GC08,0.9994249585196648,0.47414197468619124
280,G05,GC05,0.9999882223456044,0.43132191835929334
281,G10,GC09,0.99088874015345,0.14768695304343504
282,G10,GC09,0.99088874015345,0.14768695304343504
283,G05,GC05,0.9999882223456044,0.43132191835929334
284,G05,GC05,0.9999882223456044,0.43132191835929334
285,G10,GC09,0.99088874015345,0.14768695304343504
286,G07,GC07,0.9985759975932954,0.36041453142304425
287,G10,GC09,0.99088874015345,0.14768695304343504
288,G05,GC05,0.9999882223456044,0.43132191835929334
289,G05,GC05,0.9999882223456044,0.43132191835929334
290,G07,GC07,0.9985759975932954,0.36041453142304425
291,G10,GC09,0.99088874015345,0.14768695304343504
292,G05,GC05,0.9999882223456044,0.43132191835929334
293,G07,GC07,0.9985759975932954,0.36041453142304425
294,G07,GC07,0.9985759975932954,0.36041453142304425
295,G05,GC05,0.9999882223456044,0.43132191835929334
296,G10,GC09,0.99088874015345,0.14768695304343504
297,G07,GC07,0.9985759975932954,0.36041453142304425
298,G03,GC02,0.9994394332183293,0.3820798962225841
299,G07,GC07,0.9985759975932954,0.36041453142304425
300,G05,GC05,0.9999882223456044,0.43132191835929334
301,G07,GC07,0.9985759975932954,0.36041453142304425
302,G05,GC05,0.9999882223456044,0.43132191835929334
303,G07,GC07,0.9985759975932954,0.36041453142304425
304,G05,GC05,0.9999882223456044,0.43132191835929334
305,G07,GC07,0.9985759975932954,0.36041453142304425
306,G05,GC05,0.9999882223456044,0.43132191835929334
307,G05,GC05,0.9999882223456044,0.43132191835929334
308,G05,GC05,0.9999882223456044,0.43132191835929334
309,G05,GC05,0.9999882223456044,0.43132191835929334
310,G07,GC07,0.9985759975932954,0.36041453142304425
311,G10,GC09,0.99088874015345,0.14768695304343504
312,G10,GC09,0.99088874015345,0.14768695304343504
313,G05,GC05,0.9999882223456044,0.43132191835929334
314,G05,GC05,0.9999882223456044,0.43132191835929334
315,G05,GC05,0.9999882223456044,0.43132191835929334
316,G10,GC09,0.99088874015345,0.14768695304343504
317,G07,GC07,0.9985759975932954,0.36041453142304425
318,G07,GC07,0.9985759975932954,0.36041453142304425
319,G07,GC07,0.9985759975932954,0.36041453142304425
320,G07,GC07,0.9985759975932954,0.36041453142304425
321,G01,GC08,0.9994249585196648,0.47414197468619124
322,G05,GC05,0.9999882223456044,0.43132191835929334
323,G07,GC07,0.9985759975932954,0.36041453142304425
324,G07,GC07,0.9985759975932954,0.36041453142304425
325,G10,GC09,0.99088874015345,0.14768695304343504
326,G10,GC09,0.99088874015345,0.14768695304343504
327,G10,GC09,0.99088874015345,0.14768695304343504
328,G10,GC09,0.99088874015345,0.14768695304343504
329,G10,GC09,0.99088874015345,0.14768695304343504
330,G10,GC09,0.99088874015345,0.14768695304343504
331,G07,GC07,0.9985759975932954,0.36041453142304425
332,G07,GC07,0.9985759975932954,0.36041453142304425
333,G07,GC07,0.9985759975932954,0.36041453142304425
334,G10,GC09,0.99088874015345,0.14768695304343504
335,G07,GC07,0.9985759975932954,0.36041453142304425
336,G03,GC02,0.9994394332183293,0.3820798962225841
337,G05,GC05,0.9999882223456044,0.43132191835929334
338,G05,GC05,0.9999882223456044,0.43132191835929334
339,G05,GC05,0.9999882223456044,0.43132191835929334
340,G07,GC07,0.9985759975932954,0.36041453142304425
341,G07,GC07,0.9985759975932954,0.36041453142304425
342,G01,GC08,0.9994249585196648,0.47414197468619124
343,G01,GC08,0.9994249585196648,0.47414197468619124
344,G07,GC07,0.9985759975932954,0.36041453142304425
345,G07,GC07,0.9985759975932954,0.36041453142304425
346,G07,GC07,0.9985759975932954,0.36041453142304425
347,G07,GC07,0.9985759975932954,0.36041453142304425
348,G07,GC07,0.9985759975932954,0.36041453142304425
349,G10,GC09,0.99088874015345,0.14768695304343504
350,G10,GC09,0.99088874015345,0.14768695304343504
351,G10,GC09,0.99088874015345,0.14768695304343504
352,G03,GC02,0.9994394332183293,0.3820798962225841
353,G07,GC07,0.9985759975932954,0.36041453142304425
354,G10,GC09,0.99088874015345,0.14768695304343504
355,G07,GC07,0.9985759975932954,0.36041453142304425
356,G07,GC07,0.9985759975932954,0.36041453142304425
357,G05,GC05,0.9999882223456044,0.43132191835929334
358,G07,GC07,0.9985759975932954,0.36041453142304425
359,G05,GC05,0.9999882223456044,0.43132191835929334
360,G07,GC07,0.9985759975932954,0.36041453142304425
361,G05,GC05,0.9999882223456044,0.43132191835929334
362,G10,GC09,0.99088874015345,0.14768695304343504
363,G07,GC07,0.9985759975932954,0.36041453142304425
364,G03,GC02,0.9994394332183293,0.3820798962225841
365,G07,GC07,0.9985759975932954,0.36041453142304425
366,G03,GC02,0.9994394332183293,0.3820798962225841
367,G10,GC09,0.99088874015345,0.14768695304343504
368,G03,GC02,0.9994394332183293,0.3820798962225841
369,G07,GC07,0.9985759975932954,0.36041453142304425
370,G05,GC05,0.9999882223456044,0.43132191835929334
371,G10,GC09,0.99088874015345,0.14768695304343504
372,G05,GC05,0.9999882223456044,0.43132191835929334
373,G10,GC09,0.99088874015345,0.14768695304343504
374,G05,GC05,0.9999882223456044,0.43132191835929334
375,G10,GC09,0.99088874015345,0.14768695304343504
376,G10,GC09,0.99088874015345,0.14768695304343504
377,G07,GC07,0.9985759975932954,0.36041453142304425
378,G07,GC07,0.9985759975932954,0.36041453142304425
379,G10,GC09,0.99088874015345,0.14768695304343504
380,G03,GC02,0.9994394332183293,0.3820798962225841
381,G07,GC07,0.9985759975932954,0.36041453142304425
382,G05,GC05,0.9999882223456044,0.43132191835929334
383,G07,GC07,0.9985759975932954,0.36041453142304425
384,G10,GC09,0.99088874015345,0.14768695304343504
385,G07,GC07,0.9985759975932954,0.36041453142304425
386,G10,GC09,0.99088874015345,0.14768695304343504
387,G05,GC05,0.9999882223456044,0.43132191835929334
388,G05,GC05,0.9999882223456044,0.43132191835929334
389,G10,GC09,0.99088874015345,0.14768695304343504
390,G07,GC07,0.9985759975932954,0.36041453142304425
391,G05,GC05,0.9999882223456044,0.43132191835929334
392,G07,GC07,0.9985759975932954,0.36041453142304425
393,G10,GC09,0.99088874015345,0.14768695304343504
394,G10,GC09,0.99088874015345,0.14768695304343504
395,G10,GC09,0.99088874015345,0.14768695304343504
396,G05,GC05,0.9999882223456044,0.43132191835929334
397,G07,GC07,0.9985759975932954,0.36041453142304425
398,G05,GC05,0.9999882223456044,0.43132191835929334
399,G07,GC07,0.9985759975932954,0.36041453142304425
400,G07,GC07,0.9985759975932954,0.36041453142304425
401,G10,GC09,0.99088874015345,0.14768695304343504
402,G10,GC09,0.99088874015345,0.14768695304343504
403,G07,GC07,0.9985759975932954,0.36041453142304425
404,G07,GC07,0.9985759975932954,0.36041453142304425
405,G10,GC09,0.99088874015345,0.14768695304343504
406,G10,GC09,0.99088874015345,0.14768695304343504
407,G10,GC09,0.99088874015345,0.14768695304343504
408,G05,GC05,0.9999882223456044,0.43132191835929334
409,G10,GC09,0.99088874015345,0.14768695304343504
410,G05,GC05,0.9999882223456044,0.43132191835929334
411,G05,GC05,0.9999882223456044,0.43132191835929334
412,G10,GC09,0.99088874015345,0.14768695304343504
413,G05,GC05,0.9999882223456044,0.43132191835929334
414,G10,GC09,0.99088874015345,0.14768695304343504
415,G10,GC09,0.99088874015345,0.14768695304343504
416,G07,GC07,0.9985759975932954,0.36041453142304425
417,G05,GC05,0.9999882223456044,0.43132191835929334
418,G01,GC08,0.9994249585196648,0.47414197468619124
419,G07,GC07,0.9985759975932954,0.36041453142304425
420,G07,GC07,0.9985759975932954,0.36041453142304425
421,G10,GC09,0.99088874015345,0.14768695304343504
422,G07,GC07,0.9985759975932954,0.36041453142304425
423,G05,GC05,0.9999882223456044,0.43132191835929334
424,G07,GC07,0.9985759975932954,0.36041453142304425
425,G05,GC05,0.9999882223456044,0.43132191835929334
426,G10,GC09,0.99088874015345,0.14768695304343504
427,G07,GC07,0.9985759975932954,0.36041453142304425
428,G07,GC07,0.9985759975932954,0.36041453142304425
429,G07,GC07,0.9985759975932954,0.36041453142304425
430,G07,GC07,0.9985759975932954,0.36041453142304425
431,G10,GC09,0.99088874015345,0.14768695304343504
432,G10,GC09,0.99088874015345,0.14768695304343504
433,G07,GC07,0.9985759975932954,0.36041453142304425
434,G10,GC09,0.99088874015345,0.14768695304343504
435,G10,GC09,0.99088874015345,0.14768695304343504
436,G10,GC09,0.99088874015345,0.14768695304343504
437,G10,GC09,0.99088874015345,0.14768695304343504
438,G07,GC07,0.9985759975932954,0.36041453142304425
439,G07,GC07,0.9985759975932954,0.36041453142304425
440,G07,GC07,0.9985759975932954,0.36041453142304425
441,G10,GC09,0.99088874015345,0.14768695304343504
442,G10,GC09,0.99088874015345,0.14768695304343504
443,G05,GC05,0.9999882223456044,0.43132191835929334
444,G10,GC09,0.99088874015345,0.14768695304343504
445,G07,GC07,0.9985759975932954,0.36041453142304425
446,G07,GC07,0.9985759975932954,0.36041453142304425
447,G05,GC05,0.9999882223456044,0.43132191835929334
448,G10,GC09,0.99088874015345,0.14768695304343504
449,G07,GC07,0.9985759975932954,0.36041453142304425
450,G07,GC07,0.9985759975932954,0.36041453142304425
451,G07,GC07,0.9985759975932954,0.36041453142304425
452,G07,GC07,0.9985759975932954,0.36041453142304425
453,G07,GC07,0.9985759975932954,0.36041453142304425
454,G07,GC07,0.9985759975932954,0.36041453142304425
455,G10,GC09,0.99088874015345,0.14768695304343504
456,G10,GC09,0.99088874015345,0.14768695304343504
457,G10,GC09,0.99088874015345,0.14768695304343504
458,G05,GC05,0.9999882223456044,0.43132191835929334
459,G07,GC07,0.9985759975932954,0.36041453142304425
460,G05,GC05,0.9999882223456044,0.43132191835929334
461,G10,GC09,0.99088874015345,0.14768695304343504
462,G07,GC07,0.9985759975932954,0.36041453142304425
463,G10,GC09,0.99088874015345,0.14768695304343504
464,G07,GC07,0.9985759975932954,0.36041453142304425
465,G05,GC05,0.9999882223456044,0.43132191835929334
466,G05,GC05,0.9999882223456044,0.43132191835929334
467,G07,GC07,0.9985759975932954,0.36041453142304425
468,G07,GC07,0.9985759975932954,0.36041453142304425
469,G10,GC09,0.99088874015345,0.14768695304343504
470,G10,GC09,0.99088874015345,0.14768695304343504
471,G05,GC05,0.9999882223456044,0.43132191835929334
472,G05,GC05,0.9999882223456044,0.43132191835929334
473,G10,GC09,0.99088874015345,0.14768695304343504
474,G07,GC07,0.9985759975932954,0.36041453142304425
475,G10,GC09,0.99088874015345,0.14768695304343504
476,G10,GC09,0.99088874015345,0.14768695304343504
477,G07,GC07,0.9985759975932954,0.36041453142304425
478,G05,GC05,0.9999882223456044,0.43132191835929334
479,G07,GC07,0.9985759975932954,0.36041453142304425
480,G10,GC09,0.99088874015345,0.14768695304343504
481,G05,GC05,0.9999882223456044,0.43132191835929334
482,G05,GC05,0.9999882223456044,0.43132191835929334
483,G07,GC07,0.9985759975932954,0.36041453142304425
484,G07,GC07,0.9985759975932954,0.36041453142304425
485,G07,GC07,0.9985759975932954,0.36041453142304425
486,G10,GC09,0.99088874015345,0.14768695304343504
487,G10,GC09,0.99088874015345,0.14768695304343504
488,G05,GC05,0.9999882223456044,0.43132191835929334
489,G05,GC05,0.9999882223456044,0.43132191835929334
490,G01,GC08,0.9994249585196648,0.47414197468619124
491,G03,GC02,0.9994394332183293,0.3820798962225841
492,G10,GC09,0.99088874015345,0.14768695304343504
493,G01,GC08,0.9994249585196648,0.47414197468619124
494,G05,GC05,0.9999882223456044,0.43132191835929334
495,G10,GC09,0.99088874015345,0.14768695304343504
496,G07,GC07,0.9985759975932954,0.36041453142304425
497,G07,GC07,0.9985759975932954,0.36041453142304425
498,G07,GC07,0.9985759975932954,0.36041453142304425
499,G05,GC05,0.9999882223456044,0.43132191835929334
500,G10,GC09,0.99088874015345,0.14768695304343504
502,G03,GC02,0.9994394332183293,0.3820798962225841
503,G03,GC02,0.9994394332183293,0.3820798962225841
504,G03,GC02,0.9994394332183293,0.3820798962225841
505,G01,GC08,0.9994249585196648,0.47414197468619124
506,G01,GC08,0.9994249585196648,0.47414197468619124
507,G01,GC08,0.9994249585196648,0.47414197468619124
508,G01,GC08,0.9994249585196648,0.47414197468619124
509,G03,GC02,0.9994394332183293,0.3820798962225841
510,G01,GC08,0.9994249585196648,0.47414197468619124
511,G01,GC08,0.9994249585196648,0.47414197468619124
512,G01,GC08,0.9994249585196648,0.47414197468619124
513,G03,GC02,0.9994394332183293,0.3820798962225841
514,G01,GC08,0.9994249585196648,0.47414197468619124
515,G03,GC02,0.9994394332183293,0.3820798962225841
516,G03,GC02,0.9994394332183293,0.3820798962225841
517,G03,GC02,0.9994394332183293,0.3820798962225841
518,G10,GC09,0.99088874015345,0.14768695304343504
519,G03,GC02,0.9994394332183293,0.3820798962225841
520,G07,GC07,0.9985759975932954,0.36041453142304425
521,G05,GC05,0.9999882223456044,0.43132191835929334
522,G03,GC02,0.9994394332183293,0.3820798962225841
523,G03,GC02,0.9994394332183293,0.3820798962225841
524,G01,GC08,0.9994249585196648,0.47414197468619124
525,G03,GC02,0.9994394332183293,0.3820798962225841
526,G01,GC08,0.9994249585196648,0.47414197468619124
527,G01,GC08,0.9994249585196648,0.47414197468619124
528,G10,GC09,0.99088874015345,0.14768695304343504
529,G03,GC02,0.9994394332183293,0.3820798962225841
530,G01,GC08,0.9994249585196648,0.47414197468619124
531,G01,GC08,0.9994249585196648,0.47414197468619124
532,G10,GC09,0.99088874015345,0.14768695304343504
533,G01,GC08,0.9994249585196648,0.47414197468619124
534,G01,GC08,0.9994249585196648,0.47414197468619124
535,G01,GC08,0.9994249585196648,0.47414197468619124
536,G10,GC09,0.99088874015345,0.14768695304343504
537,G03,GC02,0.9994394332183293,0.3820798962225841
538,G03,GC02,0.9994394332183293,0.3820798962225841
539,G10,GC09,0.99088874015345,0.14768695304343504
540,G01,GC08,0.9994249585196648,0.47414197468619124
541,G01,GC08,0.9994249585196648,0.47414197468619124
542,G01,GC08,0.9994249585196648,0.47414197468619124
543,G05,GC05,0.9999882223456044,0.43132191835929334
544,G01,GC08,0.9994249585196648,0.47414197468619124
545,G07,GC07,0.9985759975932954,0.36041453142304425
546,G01,GC08,0.9994249585196648,0.47414197468619124
547,G01,GC08,0.9994249585196648,0.47414197468619124
548,G01,GC08,0.9994249585196648,0.47414197468619124
549,G01,GC08,0.9994249585196648,0.47414197468619124
550,G05,GC05,0.9999882223456044,0.43132191835929334
551,G03,GC02,0.9994394332183293,0.3820798962225841
552,G05,GC05,0.9999882223456044,0.43132191835929334
553,G05,GC05,0.9999882223456044,0.43132191835929334
554,G01,GC08,0.9994249585196648,0.47414197468619124
555,G03,GC02,0.9994394332183293,0.3820798962225841
556,G03,GC02,0.9994394332183293,0.3820798962225841
557,G01,GC08,0.9994249585196648,0.47414197468619124
558,G05,GC05,0.9999882223456044,0.43132191835929334
559,G01,GC08,0.9994249585196648,0.47414197468619124
560,G01,GC08,0.9994249585196648,0.47414197468619124
561,G03,GC02,0.9994394332183293,0.3820798962225841
562,G01,GC08,0.9994249585196648,0.47414197468619124
563,G01,GC08,0.9994249585196648,0.47414197468619124
564,G05,GC05,0.9999882223456044,0.43132191835929334
565,G01,GC08,0.9994249585196648,0.47414197468619124
566,G01,GC08,0.9994249585196648,0.47414197468619124
567,G07,GC07,0.9985759975932954,0.36041453142304425
568,G01,GC08,0.9994249585196648,0.47414197468619124
569,G03,GC02,0.9994394332183293,0.3820798962225841
570,G03,GC02,0.9994394332183293,0.3820798962225841
571,G05,GC05,0.9999882223456044,0.43132191835929334
572,G01,GC08,0.9994249585196648,0.47414197468619124
573,G03,GC02,0.9994394332183293,0.3820798962225841
574,G03,GC02,0.9994394332183293,0.3820798962225841
575,G03,GC02,0.9994394332183293,0.3820798962225841
576,G03,GC02,0.9994394332183293,0.3820798962225841
577,G03,GC02,0.9994394332183293,0.3820798962225841
578,G03,GC02,0.9994394332183293,0.3820798962225841
579,G01,GC08,0.9994249585196648,0.47414197468619124
580,G01,GC08,0.9994249585196648,0.47414197468619124
581,G07,GC07,0.9985759975932954,0.36041453142304425
582,G03,GC02,0.9994394332183293,0.3820798962225841
583,G01,GC08,0.9994249585196648,0.47414197468619124
584,G03,GC02,0.9994394332183293,0.3820798962225841
585,G03,GC02,0.9994394332183293,0.3820798962225841
586,G03,GC02,0.9994394332183293,0.3820798962225841
587,G03,GC02,0.9994394332183293,0.3820798962225841
588,G03,GC02,0.9994394332183293,0.3820798962225841
589,G05,GC05,0.9999882223456044,0.43132191835929334
590,G01,GC08,0.9994249585196648,0.47414197468619124
591,G07,GC07,0.9985759975932954,0.36041453142304425
592,G10,GC09,0.99088874015345,0.14768695304343504
593,G10,GC09,0.99088874015345,0.14768695304343504
594,G07,GC07,0.9985759975932954,0.36041453142304425
595,G01,GC08,0.9994249585196648,0.47414197468619124
596,G03,GC02,0.9994394332183293,0.3820798962225841
597,G07,GC07,0.9985759975932954,0.36041453142304425
598,G01,GC08,0.9994249585196648,0.47414197468619124
599,G10,GC09,0.99088874015345,0.14768695304343504
600,G03,GC02,0.9994394332183293,0.3820798962225841
601,G03,GC02,0.9994394332183293,0.3820798962225841
602,G03,GC02,0.9994394332183293,0.3820798962225841
603,G03,GC02,0.9994394332183293,0.3820798962225841
604,G05,GC05,0.9999882223456044,0.43132191835929334
605,G10,GC09,0.99088874015345,0.14768695304343504
606,G01,GC08,0.9994249585196648,0.47414197468619124
607,G07,GC07,0.9985759975932954,0.36041453142304425
608,G03,GC02,0.9994394332183293,0.3820798962225841
609,G01,GC08,0.9994249585196648,0.47414197468619124
610,G03,GC02,0.9994394332183293,0.3820798962225841
611,G10,GC09,0.99088874015345,0.14768695304343504
612,G07,GC07,0.9985759975932954,0.36041453142304425
613,G01,GC08,0.9994249585196648,0.47414197468619124
614,G03,GC02,0.9994394332183293,0.3820798962225841
615,G03,GC02,0.9994394332183293,0.3820798962225841
616,G03,GC02,0.9994394332183293,0.3820798962225841
617,G03,GC02,0.9994394332183293,0.3820798962225841
618,G01,GC08,0.9994249585196648,0.47414197468619124
619,G05,GC05,0.9999882223456044,0.43132191835929334
620,G01,GC08,0.9994249585196648,0.47414197468619124
621,G07,GC07,0.9985759975932954,0.36041453142304425
622,G10,GC09,0.99088874015345,0.14768695304343504
623,G01,GC08,0.9994249585196648,0.47414197468619124
624,G10,GC09,0.99088874015345,0.14768695304343504
625,G01,GC08,0.9994249585196648,0.47414197468619124
626,G05,GC05,0.9999882223456044,0.43132191835929334
627,G03,GC02,0.9994394332183293,0.3820798962225841
628,G03,GC02,0.9994394332183293,0.3820798962225841
629,G03,GC02,0.9994394332183293,0.3820798962225841
630,G03,GC02,0.9994394332183293,0.3820798962225841
631,G03,GC02,0.9994394332183293,0.3820798962225841
632,G03,GC02,0.9994394332183293,0.3820798962225841
633,G03,GC02,0.9994394332183293,0.3820798962225841
634,G01,GC08,0.9994249585196648,0.47414197468619124
635,G01,GC08,0.9994249585196648,0.47414197468619124
636,G05,GC05,0.9999882223456044,0.43132191835929334
637,G01,GC08,0.9994249585196648,0.47414197468619124
638,G01,GC08,0.9994249585196648,0.47414197468619124
639,G05,GC05,0.9999882223456044,0.43132191835929334
640,G01,GC08,0.9994249585196648,0.47414197468619124
641,G01,GC08,0.9994249585196648,0.47414197468619124
642,G07,GC07,0.9985759975932954,0.36041453142304425
643,G05,GC05,0.9999882223456044,0.43132191835929334
644,G01,GC08,0.9994249585196648,0.47414197468619124
645,G07,GC07,0.9985759975932954,0.36041453142304425
646,G01,GC08,0.9994249585196648,0.47414197468619124
647,G07,GC07,0.9985759975932954,0.36041453142304425
648,G10,GC09,0.99088874015345,0.14768695304343504
649,G03,GC02,0.9994394332183293,0.3820798962225841
650,G03,GC02,0.9994394332183293,0.3820798962225841
651,G03,GC02,0.9994394332183293,0.3820798962225841
652,G03,GC02,0.9994394332183293,0.3820798962225841
653,G03,GC02,0.9994394332183293,0.3820798962225841
654,G10,GC09,0.99088874015345,0.14768695304343504
655,G10,GC09,0.99088874015345,0.14768695304343504
656,G03,GC02,0.9994394332183293,0.3820798962225841
657,G01,GC08,0.9994249585196648,0.47414197468619124
658,G07,GC07,0.9985759975932954,0.36041453142304425
659,G10,GC09,0.99088874015345,0.14768695304343504
660,G03,GC02,0.9994394332183293,0.3820798962225841
661,G03,GC02,0.9994394332183293,0.3820798962225841
662,G03,GC02,0.9994394332183293,0.3820798962225841
663,G03,GC02,0.9994394332183293,0.3820798962225841
664,G03,GC02,0.9994394332183293,0.3820798962225841
665,G10,GC09,0.99088874015345,0.14768695304343504
666,G03,GC02,0.9994394332183293,0.3820798962225841
667,G03,GC02,0.9994394332183293,0.3820798962225841
668,G05,GC05,0.9999882223456044,0.43132191835929334
669,G10,GC09,0.99088874015345,0.14768695304343504
670,G05,GC05,0.9999882223456044,0.43132191835929334
671,G07,GC07,0.9985759975932954,0.36041453142304425
672,G05,GC05,0.9999882223456044,0.43132191835929334
673,G07,GC07,0.9985759975932954,0.36041453142304425
674,G05,GC05,0.9999882223456044,0.43132191835929334
675,G05,GC05,0.9999882223456044,0.43132191835929334
676,G01,GC08,0.9994249585196648,0.47414197468619124
677,G05,GC05,0.9999882223456044,0.43132191835929334
678,G03,GC02,0.9994394332183293,0.3820798962225841
679,G03,GC02,0.9994394332183293,0.3820798962225841
680,G03,GC02,0.9994394332183293,0.3820798962225841
681,G03,GC02,0.9994394332183293,0.3820798962225841
682,G03,GC02,0.9994394332183293,0.3820798962225841
683,G03,GC02,0.9994394332183293,0.3820798962225841
684,G03,GC02,0.9994394332183293,0.3820798962225841
685,G03,GC02,0.9994394332183293,0.3820798962225841
686,G03,GC02,0.9994394332183293,0.3820798962225841
687,G10,GC09,0.99088874015345,0.14768695304343504
688,G10,GC09,0.99088874015345,0.14768695304343504
689,G07,GC07,0.9985759975932954,0.36041453142304425
690,G01,GC08,0.9994249585196648,0.47414197468619124
691,G01,GC08,0.9994249585196648,0.47414197468619124
692,G05,GC05,0.9999882223456044,0.43132191835929334
693,G03,GC02,0.9994394332183293,0.3820798962225841
694,G10,GC09,0.99088874015345,0.14768695304343504
695,G05,GC05,0.9999882223456044,0.43132191835929334
696,G05,GC05,0.9999882223456044,0.43132191835929334
697,G10,GC09,0.99088874015345,0.14768695304343504
698,G10,GC09,0.99088874015345,0.14768695304343504
699,G01,GC08,0.9994249585196648,0.47414197468619124
700,G05,GC05,0.9999882223456044,0.43132191835929334
701,G01,GC08,0.9994249585196648,0.47414197468619124
702,G10,GC09,0.99088874015345,0.14768695304343504
703,G10,GC09,0.99088874015345,0.14768695304343504
704,G07,GC07,0.9985759975932954,0.36041453142304425
705,G07,GC07,0.9985759975932954,0.36041453142304425
706,G10,GC09,0.99088874015345,0.14768695304343504
707,G07,GC07,0.9985759975932954,0.36041453142304425
708,G01,GC08,0.9994249585196648,0.47414197468619124
709,G01,GC08,0.9994249585196648,0.47414197468619124
710,G03,GC02,0.9994394332183293,0.3820798962225841
711,G03,GC02,0.9994394332183293,0.3820798962225841
712,G03,GC02,0.9994394332183293,0.3820798962225841
713,G03,GC02,0.9994394332183293,0.3820798962225841
714,G03,GC02,0.9994394332183293,0.3820798962225841
715,G03,GC02,0.9994394332183293,0.3820798962225841
716,G01,GC08,0.9994249585196648,0.47414197468619124
717,G10,GC09,0.99088874015345,0.14768695304343504
718,G01,GC08,0.9994249585196648,0.47414197468619124
719,G03,GC02,0.9994394332183293,0.3820798962225841
720,G05,GC05,0.9999882223456044,0.43132191835929334
721,G10,GC09,0.99088874015345,0.14768695304343504
722,G07,GC07,0.9985759975932954,0.36041453142304425
723,G01,GC08,0.9994249585196648,0.47414197468619124
724,G10,GC09,0.99088874015345,0.14768695304343504
725,G05,GC05,0.9999882223456044,0.43132191835929334
726,G03,GC02,0.9994394332183293,0.3820798962225841
727,G03,GC02,0.9994394332183293,0.3820798962225841
728,G03,GC02,0.9994394332183293,0.3820798962225841
729,G03,GC02,0.9994394332183293,0.3820798962225841
730,G03,GC02,0.9994394332183293,0.3820798962225841
731,G03,GC02,0.9994394332183293,0.3820798962225841
732,G03,GC02,0.9994394332183293,0.3820798962225841
733,G03,GC02,0.9994394332183293,0.3820798962225841
734,G03,GC02,0.9994394332183293,0.3820798962225841
735,G03,GC02,0.9994394332183293,0.3820798962225841
736,G03,GC02,0.9994394332183293,0.3820798962225841
737,G03,GC02,0.9994394332183293,0.3820798962225841
738,G03,GC02,0.9994394332183293,0.3820798962225841
739,G03,GC02,0.9994394332183293,0.3820798962225841
740,G03,GC02,0.9994394332183293,0.3820798962225841
741,G05,GC05,0.9999882223456044,0.43132191835929334
742,G05,GC05,0.9999882223456044,0.43132191835929334
743,G01,GC08,0.9994249585196648,0.47414197468619124
744,G07,GC07,0.9985759975932954,0.36041453142304425
745,G05,GC05,0.9999882223456044,0.43132191835929334
746,G10,GC09,0.99088874015345,0.14768695304343504
747,G05,GC05,0.9999882223456044,0.43132191835929334
748,G10,GC09,0.99088874015345,0.14768695304343504
749,G10,GC09,0.99088874015345,0.14768695304343504
750,G10,GC09,0.99088874015345,0.14768695304343504
751,G05,GC05,0.9999882223456044,0.43132191835929334
752,G10,GC09,0.99088874015345,0.14768695304343504
753,G10,GC09,0.99088874015345,0.14768695304343504
754,G01,GC08,0.9994249585196648,0.47414197468619124
755,G03,GC02,0.9994394332183293,0.3820798962225841
756,G01,GC08,0.9994249585196648,0.47414197468619124
757,G01,GC08,0.9994249585196648,0.47414197468619124
758,G01,GC08,0.9994249585196648,0.47414197468619124
759,G05,GC05,0.9999882223456044,0.43132191835929334
760,G05,GC05,0.9999882223456044,0.43132191835929334
761,G03,GC02,0.9994394332183293,0.3820798962225841
762,G03,GC02,0.9994394332183293,0.3820798962225841
763,G03,GC02,0.9994394332183293,0.3820798962225841
764,G03,GC02,0.9994394332183293,0.3820798962225841
765,G03,GC02,0.9994394332183293,0.3820798962225841
766,G03,GC02,0.9994394332183293,0.3820798962225841
767,G03,GC02,0.9994394332183293,0.3820798962225841
768,G05,GC05,0.9999882223456044,0.43132191835929334
769,G10,GC09,0.99088874015345,0.14768695304343504
770,G01,GC08,0.9994249585196648,0.47414197468619124
771,G05,GC05,0.9999882223456044,0.43132191835929334
772,G10,GC09,0.99088874015345,0.14768695304343504
773,G10,GC09,0.99088874015345,0.14768695304343504
774,G05,GC05,0.9999882223456044,0.43132191835929334
775,G01,GC08,0.9994249585196648,0.47414197468619124
776,G10,GC09,0.99088874015345,0.14768695304343504
777,G05,GC05,0.9999882223456044,0.43132191835929334
778,G01,GC08,0.9994249585196648,0.47414197468619124
779,G10,GC09,0.99088874015345,0.14768695304343504
780,G05,GC05,0.9999882223456044,0.43132191835929334
781,G10,GC09,0.99088874015345,0.14768695304343504
782,G01,GC08,0.9994249585196648,0.47414197468619124
783,G10,GC09,0.99088874015345,0.14768695304343504
784,G01,GC08,0.9994249585196648,0.47414197468619124
785,G10,GC09,0.99088874015345,0.14768695304343504
786,G03,GC02,0.9994394332183293,0.3820798962225841
787,G05,GC05,0.9999882223456044,0.43132191835929334
788,G07,GC07,0.9985759975932954,0.36041453142304425
789,G05,GC05,0.9999882223456044,0.43132191835929334
790,G05,GC05,0.9999882223456044,0.43132191835929334
791,G03,GC02,0.9994394332183293,0.3820798962225841
792,G03,GC02,0.9994394332183293,0.3820798962225841
793,G03,GC02,0.9994394332183293,0.3820798962225841
794,G03,GC02,0.9994394332183293,0.3820798962225841
795,G03,GC02,0.9994394332183293,0.3820798962225841
796,G03,GC02,0.9994394332183293,0.3820798962225841
797,G03,GC02,0.9994394332183293,0.3820798962225841
798,G03,GC02,0.9994394332183293,0.3820798962225841
799,G03,GC02,0.9994394332183293,0.3820798962225841
800,G03,GC02,0.9994394332183293,0.3820798962225841
801,G03,GC02,0.9994394332183293,0.3820798962225841
802,G03,GC02,0.9994394332183293,0.3820798962225841
803,G03,GC02,0.9994394332183293,0.3820798962225841
804,G03,GC02,0.9994394332183293,0.3820798962225841
805,G03,GC02,0.9994394332183293,0.3820798962225841
806,G03,GC02,0.9994394332183293,0.3820798962225841
807,G01,GC08,0.9994249585196648,0.47414197468619124
808,G05,GC05,0.9999882223456044,0.43132191835929334
809,G05,GC05,0.9999882223456044,0.43132191835929334
810,G03,GC02,0.9994394332183293,0.3820798962225841
811,G01,GC08,0.9994249585196648,0.47414197468619124
812,G05,GC05,0.9999882223456044,0.43132191835929334
813,G03,GC02,0.9994394332183293,0.3820798962225841
814,G07,GC07,0.9985759975932954,0.36041453142304425
815,G10,GC09,0.99088874015345,0.14768695304343504
816,G05,GC05,0.9999882223456044,0.43132191835929334
817,G10,GC09,0.99088874015345,0.14768695304343504
818,G05,GC05,0.9999882223456044,0.43132191835929334
819,G10,GC09,0.99088874015345,0.14768695304343504
820,G03,GC02,0.9994394332183293,0.3820798962225841
821,G01,GC08,0.9994249585196648,0.47414197468619124
822,G01,GC08,0.9994249585196648,0.47414197468619124
823,G03,GC02,0.9994394332183293,0.3820798962225841
824,G05,GC05,0.9999882223456044,0.43132191835929334
825,G10,GC09,0.99088874015345,0.14768695304343504
826,G03,GC02,0.9994394332183293,0.3820798962225841
827,G07,GC07,0.9985759975932954,0.36041453142304425
828,G03,GC02,0.9994394332183293,0.3820798962225841
829,G05,GC05,0.9999882223456044,0.43132191835929334
830,G03,GC02,0.9994394332183293,0.3820798962225841
831,G03,GC02,0.9994394332183293,0.3820798962225841
832,G03,GC02,0.9994394332183293,0.3820798962225841
833,G03,GC02,0.9994394332183293,0.3820798962225841
834,G03,GC02,0.9994394332183293,0.3820798962225841
835,G03,GC02,0.9994394332183293,0.3820798962225841
836,G03,GC02,0.9994394332183293,0.3820798962225841
837,G03,GC02,0.9994394332183293,0.3820798962225841
838,G03,GC02,0.9994394332183293,0.3820798962225841
839,G03,GC02,0.9994394332183293,0.3820798962225841
840,G03,GC02,0.9994394332183293,0.3820798962225841
841,G03,GC02,0.9994394332183293,0.3820798962225841
842,G03,GC02,0.9994394332183293,0.3820798962225841
843,G03,GC02,0.9994394332183293,0.3820798962225841
844,G03,GC02,0.9994394332183293,0.3820798962225841
845,G05,GC05,0.9999882223456044,0.43132191835929334
846,G03,GC02,0.9994394332183293,0.3820798962225841
847,G10,GC09,0.99088874015345,0.14768695304343504
848,G03,GC02,0.9994394332183293,0.3820798962225841
849,G10,GC09,0.99088874015345,0.14768695304343504
850,G10,GC09,0.99088874015345,0.14768695304343504
851,G05,GC05,0.9999882223456044,0.43132191835929334
852,G01,GC08,0.9994249585196648,0.47414197468619124
853,G07,GC07,0.9985759975932954,0.36041453142304425
854,G10,GC09,0.99088874015345,0.14768695304343504
855,G05,GC05,0.9999882223456044,0.43132191835929334
856,G10,GC09,0.99088874015345,0.14768695304343504
857,G10,GC09,0.99088874015345,0.14768695304343504
858,G05,GC05,0.9999882223456044,0.43132191835929334
859,G10,GC09,0.99088874015345,0.14768695304343504
860,G07,GC07,0.9985759975932954,0.36041453142304425
861,G10,GC09,0.99088874015345,0.14768695304343504
862,G10,GC09,0.99088874015345,0.14768695304343504
863,G03,GC02,0.9994394332183293,0.3820798962225841
864,G10,GC09,0.99088874015345,0.14768695304343504
865,G03,GC02,0.9994394332183293,0.3820798962225841
866,G07,GC07,0.9985759975932954,0.36041453142304425
867,G10,GC09,0.99088874015345,0.14768695304343504
868,G07,GC07,0.9985759975932954,0.36041453142304425
869,G07,GC07,0.9985759975932954,0.36041453142304425
870,G03,GC02,0.9994394332183293,0.3820798962225841
871,G10,GC09,0.99088874015345,0.14768695304343504
872,G03,GC02,0.9994394332183293,0.3820798962225841
873,G03,GC02,0.9994394332183293,0.3820798962225841
874,G03,GC02,0.9994394332183293,0.3820798962225841
875,G03,GC02,0.9994394332183293,0.3820798962225841
876,G03,GC02,0.9994394332183293,0.3820798962225841
877,G03,GC02,0.9994394332183293,0.3820798962225841
878,G03,GC02,0.9994394332183293,0.3820798962225841
879,G03,GC02,0.9994394332183293,0.3820798962225841
880,G03,GC02,0.9994394332183293,0.3820798962225841
881,G03,GC02,0.9994394332183293,0.3820798962225841
882,G03,GC02,0.9994394332183293,0.3820798962225841
883,G03,GC02,0.9994394332183293,0.3820798962225841
884,G03,GC02,0.9994394332183293,0.3820798962225841
885,G03,GC02,0.9994394332183293,0.3820798962225841
886,G03,GC02,0.9994394332183293,0.3820798962225841
887,G03,GC02,0.9994394332183293,0.3820798962225841
888,G05,GC05,0.9999882223456044,0.43132191835929334
889,G10,GC09,0.99088874015345,0.14768695304343504
890,G01,GC08,0.9994249585196648,0.47414197468619124
891,G07,GC07,0.9985759975932954,0.36041453142304425
892,G01,GC08,0.9994249585196648,0.47414197468619124
893,G07,GC07,0.9985759975932954,0.36041453142304425
894,G07,GC07,0.9985759975932954,0.36041453142304425
895,G05,GC05,0.9999882223456044,0.43132191835929334
896,G01,GC08,0.9994249585196648,0.47414197468619124
897,G05,GC05,0.9999882223456044,0.43132191835929334
898,G10,GC09,0.99088874015345,0.14768695304343504
899,G10,GC09,0.99088874015345,0.14768695304343504
900,G01,GC08,0.9994249585196648,0.47414197468619124
901,G03,GC02,0.9994394332183293,0.3820798962225841
902,G10,GC09,0.99088874015345,0.14768695304343504
903,G03,GC02,0.9994394332183293,0.3820798962225841
904,G07,GC07,0.9985759975932954,0.36041453142304425
905,G10,GC09,0.99088874015345,0.14768695304343504
906,G10,GC09,0.99088874015345,0.14768695304343504
907,G01,GC08,0.9994249585196648,0.47414197468619124
908,G10,GC09,0.99088874015345,0.14768695304343504
909,G05,GC05,0.9999882223456044,0.43132191835929334
910,G01,GC08,0.9994249585196648,0.47414197468619124
911,G05,GC05,0.9999882223456044,0.43132191835929334
912,G07,GC07,0.9985759975932954,0.36041453142304425
913,G01,GC08,0.9994249585196648,0.47414197468619124
914,G03,GC02,0.9994394332183293,0.3820798962225841
915,G01,GC08,0.9994249585196648,0.47414197468619124
916,G01,GC08,0.9994249585196648,0.47414197468619124
917,G07,GC07,0.9985759975932954,0.36041453142304425
918,G05,GC05,0.9999882223456044,0.43132191835929334
919,G07,GC07,0.9985759975932954,0.36041453142304425
920,G10,GC09,0.99088874015345,0.14768695304343504
921,G03,GC02,0.9994394332183293,0.3820798962225841
922,G05,GC05,0.9999882223456044,0.43132191835929334
923,G01,GC08,0.9994249585196648,0.47414197468619124
924,G03,GC02,0.9994394332183293,0.3820798962225841
925,G10,GC09,0.99088874015345,0.14768695304343504
926,G05,GC05,0.9999882223456044,0.43132191835929334
927,G07,GC07,0.9985759975932954,0.36041453142304425
928,G07,GC07,0.9985759975932954,0.36041453142304425
929,G01,GC08,0.9994249585196648,0.47414197468619124
930,G05,GC05,0.9999882223456044,0.43132191835929334
931,G05,GC05,0.9999882223456044,0.43132191835929334
932,G05,GC05,0.9999882223456044,0.43132191835929334
933,G05,GC05,0.9999882223456044,0.43132191835929334
934,G10,GC09,0.99088874015345,0.14768695304343504
935,G10,GC09,0.99088874015345,0.14768695304343504
936,G07,GC07,0.9985759975932954,0.36041453142304425
937,G07,GC07,0.9985759975932954,0.36041453142304425
938,G10,GC09,0.99088874015345,0.14768695304343504
939,G05,GC05,0.9999882223456044,0.43132191835929334
940,G10,GC09,0.99088874015345,0.14768695304343504
941,G05,GC05,0.9999882223456044,0.43132191835929334
942,G10,GC09,0.99088874015345,0.14768695304343504
943,G07,GC07,0.9985759975932954,0.36041453142304425
944,G10,GC09,0.99088874015345,0.14768695304343504
945,G01,GC08,0.9994249585196648,0.47414197468619124
946,G03,GC02,0.9994394332183293,0.3820798962225841
947,G05,GC05,0.9999882223456044,0.43132191835929334
948,G03,GC02,0.9994394332183293,0.3820798962225841
949,G03,GC02,0.9994394332183293,0.3820798962225841
950,G03,GC02,0.9994394332183293,0.3820798962225841
951,G03,GC02,0.9994394332183293,0.3820798962225841
952,G03,GC02,0.9994394332183293,0.3820798962225841
953,G03,GC02,0.9994394332183293,0.3820798962225841
954,G03,GC02,0.9994394332183293,0.3820798962225841
955,G03,GC02,0.9994394332183293,0.3820798962225841
956,G03,GC02,0.9994394332183293,0.3820798962225841
957,G03,GC02,0.9994394332183293,0.3820798962225841
958,G03,GC02,0.9994394332183293,0.3820798962225841
959,G03,GC02,0.9994394332183293,0.3820798962225841
960,G03,GC02,0.9994394332183293,0.3820798962225841
961,G03,GC02,0.9994394332183293,0.3820798962225841
962,G03,GC02,0.9994394332183293,0.3820798962225841
963,G03,GC02,0.9994394332183293,0.3820798962225841
964,G03,GC02,0.9994394332183293,0.3820798962225841
965,G03,GC02,0.9994394332183293,0.3820798962225841
966,G03,GC02,0.9994394332183293,0.3820798962225841
967,G03,GC02,0.9994394332183293,0.3820798962225841
968,G03,GC02,0.9994394332183293,0.3820798962225841
969,G10,GC09,0.99088874015345,0.14768695304343504
970,G01,GC08,0.9994249585196648,0.47414197468619124
971,G05,GC05,0.9999882223456044,0.43132191835929334
972,G05,GC05,0.9999882223456044,0.43132191835929334
973,G10,GC09,0.99088874015345,0.14768695304343504
974,G10,GC09,0.99088874015345,0.14768695304343504
975,G07,GC07,0.9985759975932954,0.36041453142304425
976,G07,GC07,0.9985759975932954,0.36041453142304425
977,G03,GC02,0.9994394332183293,0.3820798962225841
978,G07,GC07,0.9985759975932954,0.36041453142304425
979,G07,GC07,0.9985759975932954,0.36041453142304425
980,G07,GC07,0.9985759975932954,0.36041453142304425
981,G10,GC09,0.99088874015345,0.14768695304343504
982,G10,GC09,0.99088874015345,0.14768695304343504
983,G10,GC09,0.99088874015345,0.14768695304343504
984,G01,GC08,0.9994249585196648,0.47414197468619124
985,G05,GC05,0.9999882223456044,0.43132191835929334
986,G05,GC05,0.9999882223456044,0.43132191835929334
987,G01,GC08,0.9994249585196648,0.47414197468619124
988,G05,GC05,0.9999882223456044,0.43132191835929334
989,G01,GC08,0.9994249585196648,0.47414197468619124
990,G01,GC08,0.9994249585196648,0.47414197468619124
991,G03,GC02,0.9994394332183293,0.3820798962225841
992,G05,GC05,0.9999882223456044,0.43132191835929334
993,G10,GC09,0.99088874015345,0.14768695304343504
994,G07,GC07,0.9985759975932954,0.36041453142304425
995,G01,GC08,0.9994249585196648,0.47414197468619124
996,G10,GC09,0.99088874015345,0.14768695304343504
997,G10,GC09,0.99088874015345,0.14768695304343504
998,G10,GC09,0.99088874015345,0.14768695304343504
999,G10,GC09,0.99088874015345,0.14768695304343504
1000,G10,GC09,0.99088874015345,0.14768695304343504
1001,G05,GC05,0.9999882223456044,0.43132191835929334
1002,G10,GC09,0.99088874015345,0.14768695304343504
1003,G01,GC08,0.9994249585196648,0.47414197468619124
1004,G10,GC09,0.99088874015345,0.14768695304343504
1005,G07,GC07,0.9985759975932954,0.36041453142304425
1006,G10,GC09,0.99088874015345,0.14768695304343504
1007,G07,GC07,0.9985759975932954,0.36041453142304425
1008,G03,GC02,0.9994394332183293,0.3820798962225841
1009,G07,GC07,0.9985759975932954,0.36041453142304425
1010,G07,GC07,0.9985759975932954,0.36041453142304425
1011,G03,GC02,0.9994394332183293,0.3820798962225841
1012,G10,GC09,0.99088874015345,0.14768695304343504
1013,G03,GC02,0.9994394332183293,0.3820798962225841
1014,G05,GC05,0.9999882223456044,0.43132191835929334
1015,G05,GC05,0.9999882223456044,0.43132191835929334
1016,G10,GC09,0.99088874015345,0.14768695304343504
1017,G07,GC07,0.9985759975932954,0.36041453142304425
1018,G05,GC05,0.9999882223456044,0.43132191835929334
1019,G03,GC02,0.9994394332183293,0.3820798962225841
1020,G03,GC02,0.9994394332183293,0.3820798962225841
1021,G03,GC02,0.9994394332183293,0.3820798962225841
1022,G03,GC02,0.9994394332183293,0.3820798962225841
1023,G03,GC02,0.9994394332183293,0.3820798962225841
1024,G03,GC02,0.9994394332183293,0.3820798962225841
1025,G03,GC02,0.9994394332183293,0.3820798962225841
1026,G03,GC02,0.9994394332183293,0.3820798962225841
1027,G03,GC02,0.9994394332183293,0.3820798962225841
1028,G03,GC02,0.9994394332183293,0.3820798962225841
1029,G03,GC02,0.9994394332183293,0.3820798962225841
1030,G03,GC02,0.9994394332183293,0.3820798962225841
1031,G03,GC02,0.9994394332183293,0.3820798962225841
1032,G03,GC02,0.9994394332183293,0.3820798962225841
1033,G03,GC02,0.9994394332183293,0.3820798962225841
1034,G03,GC02,0.9994394332183293,0.3820798962225841
1035,G03,GC02,0.9994394332183293,0.3820798962225841
1036,G03,GC02,0.9994394332183293,0.3820798962225841
1037,G03,GC02,0.9994394332183293,0.3820798962225841
1038,G07,GC07,0.9985759975932954,0.36041453142304425
1039,G03,GC02,0.9994394332183293,0.3820798962225841
1040,G05,GC05,0.9999882223456044,0.43132191835929334
1041,G03,GC02,0.9994394332183293,0.3820798962225841
1042,G07,GC07,0.9985759975932954,0.36041453142304425
1043,G01,GC08,0.9994249585196648,0.47414197468619124
1044,G10,GC09,0.99088874015345,0.14768695304343504
1045,G05,GC05,0.9999882223456044,0.43132191835929334
1046,G01,GC08,0.9994249585196648,0.47414197468619124
1047,G05,GC05,0.9999882223456044,0.43132191835929334
1048,G05,GC05,0.9999882223456044,0.43132191835929334
1049,G10,GC09,0.99088874015345,0.14768695304343504
1050,G05,GC05,0.9999882223456044,0.43132191835929334
1051,G03,GC02,0.9994394332183293,0.3820798962225841
1052,G03,GC02,0.9994394332183293,0.3820798962225841
1053,G05,GC05,0.9999882223456044,0.43132191835929334
1054,G01,GC08,0.9994249585196648,0.47414197468619124
1055,G10,GC09,0.99088874015345,0.14768695304343504
1056,G10,GC09,0.99088874015345,0.14768695304343504
1057,G07,GC07,0.9985759975932954,0.36041453142304425
1058,G10,GC09,0.99088874015345,0.14768695304343504
1059,G07,GC07,0.9985759975932954,0.36041453142304425
1060,G07,GC07,0.9985759975932954,0.36041453142304425
1061,G05,GC05,0.9999882223456044,0.43132191835929334
1062,G05,GC05,0.9999882223456044,0.43132191835929334
1063,G10,GC09,0.99088874015345,0.14768695304343504
1064,G07,GC07,0.9985759975932954,0.36041453142304425
1065,G07,GC07,0.9985759975932954,0.36041453142304425
1066,G07,GC07,0.9985759975932954,0.36041453142304425
1067,G10,GC09,0.99088874015345,0.14768695304343504
1068,G05,GC05,0.9999882223456044,0.43132191835929334
1069,G05,GC05,0.9999882223456044,0.43132191835929334
1070,G07,GC07,0.9985759975932954,0.36041453142304425
1071,G07,GC07,0.9985759975932954,0.36041453142304425
1072,G05,GC05,0.9999882223456044,0.43132191835929334
1073,G05,GC05,0.9999882223456044,0.43132191835929334
1074,G01,GC08,0.9994249585196648,0.47414197468619124
1075,G05,GC05,0.9999882223456044,0.43132191835929334
1076,G10,GC09,0.99088874015345,0.14768695304343504
1077,G10,GC09,0.99088874015345,0.14768695304343504
1078,G10,GC09,0.99088874015345,0.14768695304343504
1079,G10,GC09,0.99088874015345,0.14768695304343504
1080,G05,GC05,0.9999882223456044,0.43132191835929334
1081,G10,GC09,0.99088874015345,0.14768695304343504
1082,G05,GC05,0.9999882223456044,0.43132191835929334
1083,G03,GC02,0.9994394332183293,0.3820798962225841
1084,G07,GC07,0.9985759975932954,0.36041453142304425
1085,G03,GC02,0.9994394332183293,0.3820798962225841
1086,G03,GC02,0.9994394332183293,0.3820798962225841
1087,G05,GC05,0.9999882223456044,0.43132191835929334
1088,G05,GC05,0.9999882223456044,0.43132191835929334
1089,G03,GC02,0.9994394332183293,0.3820798962225841
1090,G03,GC02,0.9994394332183293,0.3820798962225841
1091,G03,GC02,0.9994394332183293,0.3820798962225841
1092,G03,GC02,0.9994394332183293,0.3820798962225841
1093,G03,GC02,0.9994394332183293,0.3820798962225841
1094,G03,GC02,0.9994394332183293,0.3820798962225841
1095,G03,GC02,0.9994394332183293,0.3820798962225841
1096,G03,GC02,0.9994394332183293,0.3820798962225841
1097,G03,GC02,0.9994394332183293,0.3820798962225841
1098,G03,GC02,0.9994394332183293,0.3820798962225841
1099,G03,GC02,0.9994394332183293,0.3820798962225841
1100,G03,GC02,0.9994394332183293,0.3820798962225841
1101,G03,GC02,0.9994394332183293,0.3820798962225841
1102,G03,GC02,0.9994394332183293,0.3820798962225841
1103,G03,GC02,0.9994394332183293,0.3820798962225841
1104,G03,GC02,0.9994394332183293,0.3820798962225841
1105,G03,GC02,0.9994394332183293,0.3820798962225841
1106,G10,GC09,0.99088874015345,0.14768695304343504
1107,G03,GC02,0.9994394332183293,0.3820798962225841
1108,G10,GC09,0.99088874015345,0.14768695304343504
1109,G05,GC05,0.9999882223456044,0.43132191835929334
1110,G03,GC02,0.9994394332183293,0.3820798962225841
1111,G07,GC07,0.9985759975932954,0.36041453142304425
1112,G03,GC02,0.9994394332183293,0.3820798962225841
1113,G10,GC09,0.99088874015345,0.14768695304343504
1114,G05,GC05,0.9999882223456044,0.43132191835929334
1115,G10,GC09,0.99088874015345,0.14768695304343504
1116,G03,GC02,0.9994394332183293,0.3820798962225841
1117,G03,GC02,0.9994394332183293,0.3820798962225841
1118,G03,GC02,0.9994394332183293,0.3820798962225841
1119,G10,GC09,0.99088874015345,0.14768695304343504
1120,G05,GC05,0.9999882223456044,0.43132191835929334
1121,G10,GC09,0.99088874015345,0.14768695304343504
1122,G10,GC09,0.99088874015345,0.14768695304343504
1123,G05,GC05,0.9999882223456044,0.43132191835929334
1124,G05,GC05,0.9999882223456044,0.43132191835929334
1125,G05,GC05,0.9999882223456044,0.43132191835929334
1126,G10,GC09,0.99088874015345,0.14768695304343504
1127,G10,GC09,0.99088874015345,0.14768695304343504
1128,G10,GC09,0.99088874015345,0.14768695304343504
1129,G03,GC02,0.9994394332183293,0.3820798962225841
1130,G05,GC05,0.9999882223456044,0.43132191835929334
1131,G10,GC09,0.99088874015345,0.14768695304343504
1132,G05,GC05,0.9999882223456044,0.43132191835929334
1133,G05,GC05,0.9999882223456044,0.43132191835929334
1134,G05,GC05,0.9999882223456044,0.43132191835929334
1135,G07,GC07,0.9985759975932954,0.36041453142304425
1136,G05,GC05,0.9999882223456044,0.43132191835929334
1137,G10,GC09,0.99088874015345,0.14768695304343504
1138,G10,GC09,0.99088874015345,0.14768695304343504
1139,G10,GC09,0.99088874015345,0.14768695304343504
1140,G05,GC05,0.9999882223456044,0.43132191835929334
1141,G03,GC02,0.9994394332183293,0.3820798962225841
1142,G01,GC08,0.9994249585196648,0.47414197468619124
1143,G05,GC05,0.9999882223456044,0.43132191835929334
1144,G07,GC07,0.9985759975932954,0.36041453142304425
1145,G03,GC02,0.9994394332183293,0.3820798962225841
1146,G10,GC09,0.99088874015345,0.14768695304343504
1147,G03,GC02,0.9994394332183293,0.3820798962225841
1148,G01,GC08,0.9994249585196648,0.47414197468619124
1149,G01,GC08,0.9994249585196648,0.47414197468619124
1150,G10,GC09,0.99088874015345,0.14768695304343504
1151,G07,GC07,0.9985759975932954,0.36041453142304425
1152,G10,GC09,0.99088874015345,0.14768695304343504
1153,G01,GC08,0.9994249585196648,0.47414197468619124
1154,G10,GC09,0.99088874015345,0.14768695304343504
1155,G03,GC02,0.9994394332183293,0.3820798962225841
1156,G03,GC02,0.9994394332183293,0.3820798962225841
1157,G07,GC07,0.9985759975932954,0.36041453142304425
1158,G05,GC05,0.9999882223456044,0.43132191835929334
1159,G10,GC09,0.99088874015345,0.14768695304343504
1160,G05,GC05,0.9999882223456044,0.43132191835929334
1161,G03,GC02,0.9994394332183293,0.3820798962225841
1162,G10,GC09,0.99088874015345,0.14768695304343504
1163,G10,GC09,0.99088874015345,0.14768695304343504
1164,G03,GC02,0.9994394332183293,0.3820798962225841
1165,G03,GC02,0.9994394332183293,0.3820798962225841
1166,G03,GC02,0.9994394332183293,0.3820798962225841
1167,G03,GC02,0.9994394332183293,0.3820798962225841
1168,G03,GC02,0.9994394332183293,0.3820798962225841
1169,G03,GC02,0.9994394332183293,0.3820798962225841
1170,G03,GC02,0.9994394332183293,0.3820798962225841
1171,G03,GC02,0.9994394332183293,0.3820798962225841
1172,G03,GC02,0.9994394332183293,0.3820798962225841
1173,G03,GC02,0.9994394332183293,0.3820798962225841
1174,G03,GC02,0.9994394332183293,0.3820798962225841
1175,G03,GC02,0.9994394332183293,0.3820798962225841
1176,G03,GC02,0.9994394332183293,0.3820798962225841
1177,G03,GC02,0.9994394332183293,0.3820798962225841
1178,G03,GC02,0.9994394332183293,0.3820798962225841
1179,G03,GC02,0.9994394332183293,0.3820798962225841
1180,G03,GC02,0.9994394332183293,0.3820798962225841
1181,G03,GC02,0.9994394332183293,0.3820798962225841
1182,G10,GC09,0.99088874015345,0.14768695304343504
1183,G01,GC08,0.9994249585196648,0.47414197468619124
1184,G07,GC07,0.9985759975932954,0.36041453142304425
1185,G07,GC07,0.9985759975932954,0.36041453142304425
1186,G10,GC09,0.99088874015345,0.14768695304343504
1187,G03,GC02,0.9994394332183293,0.3820798962225841
1188,G10,GC09,0.99088874015345,0.14768695304343504
1189,G05,GC05,0.9999882223456044,0.43132191835929334
1190,G05,GC05,0.9999882223456044,0.43132191835929334
1191,G05,GC05,0.9999882223456044,0.43132191835929334
1192,G10,GC09,0.99088874015345,0.14768695304343504
1193,G01,GC08,0.9994249585196648,0.47414197468619124
1194,G05,GC05,0.9999882223456044,0.43132191835929334
1195,G05,GC05,0.9999882223456044,0.43132191835929334
1196,G01,GC08,0.9994249585196648,0.47414197468619124
1197,G10,GC09,0.99088874015345,0.14768695304343504
1198,G05,GC05,0.9999882223456044,0.43132191835929334
1199,G07,GC07,0.9985759975932954,0.36041453142304425
1200,G05,GC05,0.9999882223456044,0.43132191835929334
1201,G10,GC09,0.99088874015345,0.14768695304343504
1202,G01,GC08,0.9994249585196648,0.47414197468619124
1203,G10,GC09,0.99088874015345,0.14768695304343504
1204,G01,GC08,0.9994249585196648,0.47414197468619124
1205,G10,GC09,0.99088874015345,0.14768695304343504
1206,G10,GC09,0.99088874015345,0.14768695304343504
1207,G10,GC09,0.99088874015345,0.14768695304343504
1208,G03,GC02,0.9994394332183293,0.3820798962225841
1209,G07,GC07,0.9985759975932954,0.36041453142304425
1210,G05,GC05,0.9999882223456044,0.43132191835929334
1211,G10,GC09,0.99088874015345,0.14768695304343504
1212,G05,GC05,0.9999882223456044,0.43132191835929334
1213,G07,GC07,0.9985759975932954,0.36041453142304425
1214,G10,GC09,0.99088874015345,0.14768695304343504
1215,G07,GC07,0.9985759975932954,0.36041453142304425
1216,G10,GC09,0.99088874015345,0.14768695304343504
1217,G01,GC08,0.9994249585196648,0.47414197468619124
1218,G05,GC05,0.9999882223456044,0.43132191835929334
1219,G10,GC09,0.99088874015345,0.14768695304343504
1220,G01,GC08,0.9994249585196648,0.47414197468619124
1221,G01,GC08,0.9994249585196648,0.47414197468619124
1222,G10,GC09,0.99088874015345,0.14768695304343504
1223,G05,GC05,0.9999882223456044,0.43132191835929334
1224,G10,GC09,0.99088874015345,0.14768695304343504
1225,G07,GC07,0.9985759975932954,0.36041453142304425
1226,G03,GC02,0.9994394332183293,0.3820798962225841
1227,G07,GC07,0.9985759975932954,0.36041453142304425
1228,G01,GC08,0.9994249585196648,0.47414197468619124
1229,G10,GC09,0.99088874015345,0.14768695304343504
1230,G10,GC09,0.99088874015345,0.14768695304343504
1231,G07,GC07,0.9985759975932954,0.36041453142304425
1232,G01,GC08,0.9994249585196648,0.47414197468619124
1233,G03,GC02,0.9994394332183293,0.3820798962225841
1234,G07,GC07,0.9985759975932954,0.36041453142304425
1235,G07,GC07,0.9985759975932954,0.36041453142304425
1236,G03,GC02,0.9994394332183293,0.3820798962225841
1237,G10,GC09,0.99088874015345,0.14768695304343504
1238,G03,GC02,0.9994394332183293,0.3820798962225841
1239,G03,GC02,0.9994394332183293,0.3820798962225841
1240,G10,GC09,0.99088874015345,0.14768695304343504
1241,G03,GC02,0.9994394332183293,0.3820798962225841
1242,G10,GC09,0.99088874015345,0.14768695304343504
1243,G01,GC08,0.9994249585196648,0.47414197468619124
1244,G01,GC08,0.9994249585196648,0.47414197468619124
1245,G07,GC07,0.9985759975932954,0.36041453142304425
1246,G10,GC09,0.99088874015345,0.14768695304343504
1247,G07,GC07,0.9985759975932954,0.36041453142304425
1248,G03,GC02,0.9994394332183293,0.3820798962225841
1249,G01,GC08,0.9994249585196648,0.47414197468619124
1250,G05,GC05,0.9999882223456044,0.43132191835929334
1251,G01,GC08,0.9994249585196648,0.47414197468619124
1252,G07,GC07,0.9985759975932954,0.36041453142304425
1253,G10,GC09,0.99088874015345,0.14768695304343504
1254,G03,GC02,0.9994394332183293,0.3820798962225841
1255,G03,GC02,0.9994394332183293,0.3820798962225841
1256,G03,GC02,0.9994394332183293,0.3820798962225841
1257,G03,GC02,0.9994394332183293,0.3820798962225841
1258,G03,GC02,0.9994394332183293,0.3820798962225841
1259,G03,GC02,0.9994394332183293,0.3820798962225841
1260,G03,GC02,0.9994394332183293,0.3820798962225841
1261,G03,GC02,0.9994394332183293,0.3820798962225841
1262,G03,GC02,0.9994394332183293,0.3820798962225841
1263,G03,GC02,0.9994394332183293,0.3820798962225841
1264,G03,GC02,0.9994394332183293,0.3820798962225841
1265,G03,GC02,0.9994394332183293,0.3820798962225841
1266,G03,GC02,0.9994394332183293,0.3820798962225841
1267,G03,GC02,0.9994394332183293,0.3820798962225841
1268,G03,GC02,0.9994394332183293,0.3820798962225841
1269,G03,GC02,0.9994394332183293,0.3820798962225841
1270,G03,GC02,0.9994394332183293,0.3820798962225841
1271,G03,GC02,0.9994394332183293,0.3820798962225841
1272,G03,GC02,0.9994394332183293,0.3820798962225841
1273,G03,GC02,0.9994394332183293,0.3820798962225841
1274,G03,GC02,0.9994394332183293,0.3820798962225841
1275,G05,GC05,0.9999882223456044,0.43132191835929334
1276,G10,GC09,0.99088874015345,0.14768695304343504
1277,G05,GC05,0.9999882223456044,0.43132191835929334
1278,G07,GC07,0.9985759975932954,0.36041453142304425
1279,G10,GC09,0.99088874015345,0.14768695304343504
1280,G01,GC08,0.9994249585196648,0.47414197468619124
1281,G10,GC09,0.99088874015345,0.14768695304343504
1282,G10,GC09,0.99088874015345,0.14768695304343504
1283,G10,GC09,0.99088874015345,0.14768695304343504
1284,G05,GC05,0.9999882223456044,0.43132191835929334
1285,G10,GC09,0.99088874015345,0.14768695304343504
1286,G10,GC09,0.99088874015345,0.14768695304343504
1287,G10,GC09,0.99088874015345,0.14768695304343504
1288,G10,GC09,0.99088874015345,0.14768695304343504
1289,G07,GC07,0.9985759975932954,0.36041453142304425
1290,G10,GC09,0.99088874015345,0.14768695304343504
1291,G10,GC09,0.99088874015345,0.14768695304343504
1292,G07,GC07,0.9985759975932954,0.36041453142304425
1293,G07,GC07,0.9985759975932954,0.36041453142304425
1294,G03,GC02,0.9994394332183293,0.3820798962225841
1295,G03,GC02,0.9994394332183293,0.3820798962225841
1296,G10,GC09,0.99088874015345,0.14768695304343504
1297,G07,GC07,0.9985759975932954,0.36041453142304425
1298,G05,GC05,0.9999882223456044,0.43132191835929334
1299,G01,GC08,0.9994249585196648,0.47414197468619124
1300,G03,GC02,0.9994394332183293,0.3820798962225841
1301,G01,GC08,0.9994249585196648,0.47414197468619124
1302,G10,GC09,0.99088874015345,0.14768695304343504
1303,G03,GC02,0.9994394332183293,0.3820798962225841
1304,G05,GC05,0.9999882223456044,0.43132191835929334
1305,G10,GC09,0.99088874015345,0.14768695304343504
1306,G10,GC09,0.99088874015345,0.14768695304343504
1307,G05,GC05,0.9999882223456044,0.43132191835929334
1308,G10,GC09,0.99088874015345,0.14768695304343504
1309,G10,GC09,0.99088874015345,0.14768695304343504
1310,G10,GC09,0.99088874015345,0.14768695304343504
1311,G05,GC05,0.9999882223456044,0.43132191835929334
1312,G07,GC07,0.9985759975932954,0.36041453142304425
1313,G10,GC09,0.99088874015345,0.14768695304343504
1314,G10,GC09,0.99088874015345,0.14768695304343504
1315,G07,GC07,0.9985759975932954,0.36041453142304425
1316,G01,GC08,0.9994249585196648,0.47414197468619124
1317,G10,GC09,0.99088874015345,0.14768695304343504
1318,G07,GC07,0.9985759975932954,0.36041453142304425
1319,G03,GC02,0.9994394332183293,0.3820798962225841
1320,G07,GC07,0.9985759975932954,0.36041453142304425
1321,G07,GC07,0.9985759975932954,0.36041453142304425
1322,G03,GC02,0.9994394332183293,0.3820798962225841
1323,G10,GC09,0.99088874015345,0.14768695304343504
1324,G07,GC07,0.9985759975932954,0.36041453142304425
1325,G05,GC05,0.9999882223456044,0.43132191835929334
1326,G03,GC02,0.9994394332183293,0.3820798962225841
1327,G10,GC09,0.99088874015345,0.14768695304343504
1328,G10,GC09,0.99088874015345,0.14768695304343504
1329,G07,GC07,0.9985759975932954,0.36041453142304425
1330,G10,GC09,0.99088874015345,0.14768695304343504
1331,G03,GC02,0.9994394332183293,0.3820798962225841
1332,G03,GC02,0.9994394332183293,0.3820798962225841
1333,G03,GC02,0.9994394332183293,0.3820798962225841
1334,G03,GC02,0.9994394332183293,0.3820798962225841
1335,G03,GC02,0.9994394332183293,0.3820798962225841
1336,G03,GC02,0.9994394332183293,0.3820798962225841
1337,G03,GC02,0.9994394332183293,0.3820798962225841
1338,G03,GC02,0.9994394332183293,0.3820798962225841
1339,G03,GC02,0.9994394332183293,0.3820798962225841
1340,G03,GC02,0.9994394332183293,0.3820798962225841
1341,G03,GC02,0.9994394332183293,0.3820798962225841
1342,G03,GC02,0.9994394332183293,0.3820798962225841
1343,G03,GC02,0.9994394332183293,0.3820798962225841
1344,G07,GC07,0.9985759975932954,0.36041453142304425
1345,G05,GC05,0.9999882223456044,0.43132191835929334
1346,G10,GC09,0.99088874015345,0.14768695304343504
1347,G05,GC05,0.9999882223456044,0.43132191835929334
1348,G10,GC09,0.99088874015345,0.14768695304343504
1349,G03,GC02,0.9994394332183293,0.3820798962225841
1350,G05,GC05,0.9999882223456044,0.43132191835929334
1351,G05,GC05,0.9999882223456044,0.43132191835929334
1352,G05,GC05,0.9999882223456044,0.43132191835929334
1353,G05,GC05,0.9999882223456044,0.43132191835929334
1354,G01,GC08,0.9994249585196648,0.47414197468619124
1355,G01,GC08,0.9994249585196648,0.47414197468619124
1356,G05,GC05,0.9999882223456044,0.43132191835929334
1357,G03,GC02,0.9994394332183293,0.3820798962225841
1358,G01,GC08,0.9994249585196648,0.47414197468619124
1359,G01,GC08,0.9994249585196648,0.47414197468619124
1360,G10,GC09,0.99088874015345,0.14768695304343504
1361,G05,GC05,0.9999882223456044,0.43132191835929334
1362,G01,GC08,0.9994249585196648,0.47414197468619124
1363,G05,GC05,0.9999882223456044,0.43132191835929334
1364,G07,GC07,0.9985759975932954,0.36041453142304425
1365,G05,GC05,0.9999882223456044,0.43132191835929334
1366,G05,GC05,0.9999882223456044,0.43132191835929334
1367,G10,GC09,0.99088874015345,0.14768695304343504
1368,G03,GC02,0.9994394332183293,0.3820798962225841
1369,G01,GC08,0.9994249585196648,0.47414197468619124
1370,G07,GC07,0.9985759975932954,0.36041453142304425
1371,G07,GC07,0.9985759975932954,0.36041453142304425
1372,G07,GC07,0.9985759975932954,0.36041453142304425
1373,G05,GC05,0.9999882223456044,0.43132191835929334
1374,G07,GC07,0.9985759975932954,0.36041453142304425
1375,G05,GC05,0.9999882223456044,0.43132191835929334
1376,G10,GC09,0.99088874015345,0.14768695304343504
1377,G07,GC07,0.9985759975932954,0.36041453142304425
1378,G10,GC09,0.99088874015345,0.14768695304343504
1379,G10,GC09,0.99088874015345,0.14768695304343504
1380,G07,GC07,0.9985759975932954,0.36041453142304425
1381,G05,GC05,0.9999882223456044,0.43132191835929334
1382,G10,GC09,0.99088874015345,0.14768695304343504
1383,G07,GC07,0.9985759975932954,0.36041453142304425
1384,G10,GC09,0.99088874015345,0.14768695304343504
1385,G10,GC09,0.99088874015345,0.14768695304343504
1386,G03,GC02,0.9994394332183293,0.3820798962225841
1387,G05,GC05,0.9999882223456044,0.43132191835929334
1388,G10,GC09,0.99088874015345,0.14768695304343504
1389,G07,GC07,0.9985759975932954,0.36041453142304425
1390,G05,GC05,0.9999882223456044,0.43132191835929334
1391,G03,GC02,0.9994394332183293,0.3820798962225841
1392,G03,GC02,0.9994394332183293,0.3820798962225841
1393,G05,GC05,0.9999882223456044,0.43132191835929334
1394,G10,GC09,0.99088874015345,0.14768695304343504
1395,G07,GC07,0.9985759975932954,0.36041453142304425
1396,G10,GC09,0.99088874015345,0.14768695304343504
1397,G03,GC02,0.9994394332183293,0.3820798962225841
1398,G05,GC05,0.9999882223456044,0.43132191835929334
1399,G05,GC05,0.9999882223456044,0.43132191835929334
1400,G07,GC07,0.9985759975932954,0.36041453142304425
1401,G05,GC05,0.9999882223456044,0.43132191835929334
1402,G10,GC09,0.99088874015345,0.14768695304343504
1403,G05,GC05,0.9999882223456044,0.43132191835929334
1404,G10,GC09,0.99088874015345,0.14768695304343504
1405,G07,GC07,0.9985759975932954,0.36041453142304425
1406,G07,GC07,0.9985759975932954,0.36041453142304425
1407,G10,GC09,0.99088874015345,0.14768695304343504
1408,G10,GC09,0.99088874015345,0.14768695304343504
1409,G05,GC05,0.9999882223456044,0.43132191835929334
1410,G07,GC07,0.9985759975932954,0.36041453142304425
1411,G05,GC05,0.9999882223456044,0.43132191835929334
1412,G03,GC02,0.9994394332183293,0.3820798962225841
1413,G07,GC07,0.9985759975932954,0.36041453142304425
1414,G10,GC09,0.99088874015345,0.14768695304343504
1415,G10,GC09,0.99088874015345,0.14768695304343504
1416,G07,GC07,0.9985759975932954,0.36041453142304425
1417,G07,GC07,0.9985759975932954,0.36041453142304425
1418,G10,GC09,0.99088874015345,0.14768695304343504
1419,G01,GC08,0.9994249585196648,0.47414197468619124
1420,G03,GC02,0.9994394332183293,0.3820798962225841
1421,G03,GC02,0.9994394332183293,0.3820798962225841
1422,G03,GC02,0.9994394332183293,0.3820798962225841
1423,G03,GC02,0.9994394332183293,0.3820798962225841
1424,G10,GC09,0.99088874015345,0.14768695304343504
1425,G05,GC05,0.9999882223456044,0.43132191835929334
1426,G03,GC02,0.9994394332183293,0.3820798962225841
1427,G05,GC05,0.9999882223456044,0.43132191835929334
1428,G10,GC09,0.99088874015345,0.14768695304343504
1429,G10,GC09,0.99088874015345,0.14768695304343504
1430,G05,GC05,0.9999882223456044,0.43132191835929334
1431,G07,GC07,0.9985759975932954,0.36041453142304425
1432,G05,GC05,0.9999882223456044,0.43132191835929334
1433,G07,GC07,0.9985759975932954,0.36041453142304425
1434,G05,GC05,0.9999882223456044,0.43132191835929334
1435,G01,GC08,0.9994249585196648,0.47414197468619124
1436,G07,GC07,0.9985759975932954,0.36041453142304425
1437,G05,GC05,0.9999882223456044,0.43132191835929334
1438,G01,GC08,0.9994249585196648,0.47414197468619124
1439,G05,GC05,0.9999882223456044,0.43132191835929334
1440,G05,GC05,0.9999882223456044,0.43132191835929334
1441,G10,GC09,0.99088874015345,0.14768695304343504
1442,G03,GC02,0.9994394332183293,0.3820798962225841
1443,G07,GC07,0.9985759975932954,0.36041453142304425
1444,G07,GC07,0.9985759975932954,0.36041453142304425
1445,G07,GC07,0.9985759975932954,0.36041453142304425
2009,G10,GC10,0.8970403307396814,0.2885871798501579
2010,G10,GC10,0.9424082704453347,0.3255654624638866
2011,G09,GC09,0.7771474850068719,0.40097047359615184
2012,G10,GC10,0.9655927797734348,0.06544392142761513
2013,G06,GC03,0.9575893498832853,0.3904412208008027
2014,G08,GC05,0.8413937334020571,0.10213788693044601
2016,G03,GC02,0.9441506495926124,0.08446416763911413
2017,G03,GC02,0.9994394332183293,0.3820798962225841
2018,G03,GC02,0.9994394332183293,0.3820798962225841
2019,G03,GC02,0.9994394332183293,0.3820798962225841
2020,G07,GC07,0.9504947721920489,0.6331579719867226
2021,G03,GC02,0.9441506495926124,0.08446416763911413
2022,G02,GC01,0.9188134565648362,0.4018493462058377
2024,G06,GC06,0.9463175863222385,0.12280423622110082
2025,G03,GC03,0.9760999801239335,0.1817500379290079
2026,G04,GC04,0.993248024428308,0.5281386209309471
2027,G06,GC06,0.9463175863222385,0.12280423622110082
2028,G08,GC05,0.9000715730613211,0.19180369338630687
2029,G07,GC07,0.9985759975932954,0.36041453142304425
2030,G06,GC06,0.9861430538792424,0.26561036244133074
2031,G01,GC08,0.9533458189089106,0.17429799890219966
2032,G06,GC06,0.9950100638225778,0.44998691676414615
2033,G01,GC08,0.9533458189089106,0.17429799890219966
2034,G03,GC02,0.9441506495926124,0.08446416763911413
2035,G05,GC05,0.9207906651920749,0.07892883228329506
2036,G07,GC07,0.9985759975932954,0.36041453142304425
2037,G01,GC08,0.9533458189089106,0.17429799890219966
2038,G01,GC08,0.9533458189089106,0.17429799890219966
2039,G05,GC05,0.9207906651920749,0.07892883228329506
2040,G05,GC05,0.9810250360601188,0.3720034248536156
2041,G06,GC06,0.9950100638225778,0.44998691676414615
2042,G06,GC06,0.9985709028449605,0.36275825558364594
2043,G03,GC02,0.9441506495926124,0.08446416763911413
2044,G07,GC07,0.9321859184064071,0.08586144444503008
2045,G10,GC10,0.99449283017111,0.21899019378399187
2046,G10,GC10,0.9655927797734348,0.06544392142761513
2047,G03,GC02,0.9441506495926124,0.08446416763911413
2048,G07,GC07,0.7922711120742614,0.3846798423169094
2049,G03,GC03,0.9844167850320632,0.48101812538306044
2050,G04,GC04,0.968165397646474,0.21488738708545507
2051,G03,GC03,0.999905298419327,0.36715158669550463
2052,G06,GC06,0.9861430538792424,0.26561036244133074
2053,G07,GC07,0.9504947721920489,0.6331579719867226
2054,G09,GC09,0.971957924683411,0.37594044454343145
2055,G05,GC05,0.9999882223456044,0.43132191835929334
2056,G05,GC05,0.9999882223456044,0.43132191835929334
2057,G10,GC09,0.99088874015345,0.14768695304343504
2058,G09,GC09,0.971957924683411,0.37594044454343145
2059,G05,GC05,0.9999882223456044,0.43132191835929334
2060,G09,GC09,0.971957924683411,0.37594044454343145
2061,G05,GC05,0.9207906651920749,0.07892883228329506
2062,G05,GC05,0.9859443723991026,0.2913245372520169
2063,G03,GC03,0.9760999801239335,0.1817500379290079
2064,G03,GC03,0.999905298419327,0.36715158669550463
2065,G04,GC04,0.968165397646474,0.21488738708545507
2066,G06,GC06,0.9861430538792424,0.26561036244133074
2067,G05,GC05,0.9282544378589607,0.24270772840029464
2068,G10,GC10,0.982762160580999,0.319927604763941
2069,G10,GC10,0.99449283017111,0.21899019378399187
2070,G07,GC07,0.9985759975932954,0.36041453142304425
2071,G10,GC10,0.9089721877984432,0.27115777995748636
2072,G10,GC09,0.99088874015345,0.14768695304343504
2073,G09,GC09,0.8381222469552341,0.42744408274943463
2074,G04,GC04,0.993248024428308,0.5281386209309471
2075,G03,GC03,0.9760999801239335,0.1817500379290079
2076,G09,GC09,0.8381222469552341,0.42744408274943463
2077,G09,GC09,0.971957924683411,0.37594044454343145
2078,G07,GC07,0.9985759975932954,0.36041453142304425
2079,G02,GC01,0.970548626548891,0.5530225804497865
2080,G03,GC02,0.9441506495926124,0.08446416763911413
2081,G03,GC03,0.9760999801239335,0.1817500379290079
2082,G10,GC10,0.9655927797734348,0.06544392142761513
2083,G02,GC01,0.9526343565497732,0.17250413743869542
2084,G10,GC09,0.99088874015345,0.14768695304343504
2085,G03,GC02,0.9441506495926124,0.08446416763911413
2086,G07,GC07,0.9985759975932954,0.36041453142304425
2087,G02,GC01,0.970548626548891,0.5530225804497865
2088,G10,GC10,0.982762160580999,0.319927604763941
2089,G05,GC05,0.9207906651920749,0.07892883228329506
2090,G09,GC09,0.8381222469552341,0.42744408274943463
2091,G09,GC09,0.971957924683411,0.37594044454343145
2092,G07,GC07,0.9504947721920489,0.6331579719867226
2093,G03,GC03,0.9760999801239335,0.1817500379290079
2094,G07,GC07,0.9504947721920489,0.6331579719867226
2095,G04,GC04,0.968165397646474,0.21488738708545507
2096,G03,GC02,0.9441506495926124,0.08446416763911413
2097,G05,GC05,0.9999882223456044,0.43132191835929334
2098,G07,GC07,0.9985759975932954,0.36041453142304425
2099,G01,GC08,0.9533458189089106,0.17429799890219966
2100,G10,GC10,0.9655927797734348,0.06544392142761513
2101,G09,GC09,0.8381222469552341,0.42744408274943463
2102,G07,GC07,0.9504947721920489,0.6331579719867226
2103,G03,GC03,0.9760999801239335,0.1817500379290079
2104,G01,GC08,0.9994249585196648,0.47414197468619124
2105,G10,GC09,0.99088874015345,0.14768695304343504
2106,G02,GC01,0.999623156571507,0.4534339436723924
2107,G08,GC06,0.9580542192913453,0.3528273946926509
2108,G07,GC07,0.9504947721920489,0.6331579719867226
2109,G03,GC02,0.9441506495926124,0.08446416763911413
2110,G02,GC01,0.9526343565497732,0.17250413743869542
2111,G07,GC07,0.9985759975932954,0.36041453142304425
2112,G05,GC05,0.9666525424113166,0.3288381345703597
2113,G09,GC09,0.8381222469552341,0.42744408274943463
2114,G10,GC09,0.99088874015345,0.14768695304343504
2115,G07,GC07,0.9985759975932954,0.36041453142304425
2116,G07,GC07,0.7922711120742614,0.3846798423169094
2117,G07,GC07,0.7922711120742614,0.3846798423169094
2118,G04,GC04,0.993248024428308,0.5281386209309471
2119,G10,GC10,0.8970403307396814,0.2885871798501579
2120,G07,GC07,0.9504947721920489,0.6331579719867226
2121,G07,GC07,0.9504947721920489,0.6331579719867226
2122,G10,GC10,0.938371550757818,0.23220620337463893
2123,G03,GC02,0.9441506495926124,0.08446416763911413
2124,G10,GC10,0.8968003750428443,0.09628802703290351
2125,G10,GC09,0.99088874015345,0.14768695304343504
2126,G09,GC09,0.971957924683411,0.37594044454343145
2127,G03,GC03,0.9760999801239335,0.1817500379290079
2128,G04,GC04,0.993248024428308,0.5281386209309471
2129,G06,GC06,0.9861430538792424,0.26561036244133074
2130,G10,GC10,0.9655927797734348,0.06544392142761513
2131,G03,GC03,0.9760999801239335,0.1817500379290079
2132,G07,GC07,0.9321859184064071,0.08586144444503008
2133,G10,GC09,0.8698945613933801,0.0874495629875287
2134,G02,GC01,0.970548626548891,0.5530225804497865
2135,G06,GC06,0.9861430538792424,0.26561036244133074
2136,G09,GC09,0.971957924683411,0.37594044454343145
2137,G10,GC10,0.9655927797734348,0.06544392142761513
2138,G10,GC10,0.99449283017111,0.21899019378399187
2139,G08,GC06,0.9580542192913453,0.3528273946926509
2140,G10,GC09,0.99088874015345,0.14768695304343504
2141,G01,GC08,0.9533458189089106,0.17429799890219966
2142,G04,GC04,0.993248024428308,0.5281386209309471
2143,G03,GC02,0.9441506495926124,0.08446416763911413
2144,G04,GC04,0.968165397646474,0.21488738708545507
2145,G09,GC09,0.971957924683411,0.37594044454343145
2146,G01,GC08,0.9533458189089106,0.17429799890219966
2147,G02,GC01,0.9188134565648362,0.4018493462058377
2148,G07,GC07,0.9985759975932954,0.36041453142304425
2149,G10,GC10,0.99449283017111,0.21899019378399187
2150,G09,GC09,0.8381222469552341,0.42744408274943463
2151,G07,GC07,0.9504947721920489,0.6331579719867226
2152,G10,GC10,0.9655927797734348,0.06544392142761513
2153,G03,GC02,0.9441506495926124,0.08446416763911413
2154,G06,GC06,0.9463175863222385,0.12280423622110082
2155,G06,GC06,0.9985709028449605,0.36275825558364594
2156,G06,GC06,0.9950100638225778,0.44998691676414615
2157,G10,GC10,0.99449283017111,0.21899019378399187
2158,G10,GC10,0.938371550757818,0.23220620337463893
2159,G05,GC05,0.9207906651920749,0.07892883228329506
2160,G01,GC08,0.9533458189089106,0.17429799890219966
2161,G10,GC09,0.99088874015345,0.14768695304343504
2162,G06,GC06,0.9861430538792424,0.26561036244133074
2163,G05,GC05,0.9859443723991026,0.2913245372520169
2164,G01,GC08,0.9533458189089106,0.17429799890219966
2165,G10,GC10,0.99449283017111,0.21899019378399187
2166,G03,GC02,0.9441506495926124,0.08446416763911413
2167,G10,GC10,0.9424082704453347,0.3255654624638866
2168,G10,GC10,0.8968003750428443,0.09628802703290351
2169,G10,GC10,0.9655927797734348,0.06544392142761513
2170,G10,GC09,0.99088874015345,0.14768695304343504
2171,G09,GC09,0.8381222469552341,0.42744408274943463
2172,G02,GC01,0.999623156571507,0.4534339436723924
2173,G02,GC01,0.999623156571507,0.4534339436723924
2174,G03,GC03,0.9760999801239335,0.1817500379290079
2175,G04,GC04,0.968165397646474,0.21488738708545507
2176,G10,GC09,0.99088874015345,0.14768695304343504
2177,G06,GC06,0.9985709028449605,0.36275825558364594
2178,G08,GC06,0.9756574976104712,0.3898462953996178
2179,G04,GC04,0.993248024428308,0.5281386209309471
2180,G10,GC10,0.9328735775488933,0.3238519663423901
2181,G10,GC09,0.99088874015345,0.14768695304343504
2182,G03,GC02,0.9441506495926124,0.08446416763911413
2183,G06,GC06,0.9463175863222385,0.12280423622110082
2184,G02,GC01,0.9526343565497732,0.17250413743869542
2185,G07,GC07,0.9321859184064071,0.08586144444503008
2186,G06,GC06,0.9463175863222385,0.12280423622110082
2187,G07,GC07,0.9985759975932954,0.36041453142304425
2188,G02,GC01,0.999623156571507,0.4534339436723924
2189,G02,GC01,0.9526343565497732,0.17250413743869542
2190,G10,GC10,0.9655927797734348,0.06544392142761513
2191,G05,GC05,0.9207906651920749,0.07892883228329506
2192,G06,GC06,0.9950100638225778,0.44998691676414615
2193,G10,GC09,0.99088874015345,0.14768695304343504
2194,G03,GC02,0.9441506495926124,0.08446416763911413
2195,G05,GC05,0.9207906651920749,0.07892883228329506
2196,G07,GC07,0.9321859184064071,0.08586144444503008
2197,G10,GC10,0.982762160580999,0.319927604763941
2198,G02,GC01,0.999623156571507,0.4534339436723924
2199,G06,GC06,0.9861430538792424,0.26561036244133074
2200,G10,GC10,0.9144273577863667,0.33847263977668796
2201,G05,GC05,0.9207906651920749,0.07892883228329506
2202,G05,GC05,0.9207906651920749,0.07892883228329506
2203,G06,GC06,0.9950100638225778,0.44998691676414615
2204,G07,GC07,0.9985759975932954,0.36041453142304425
2205,G05,GC05,0.9810250360601188,0.3720034248536156
2206,G09,GC09,0.8381222469552341,0.42744408274943463
2207,G10,GC10,0.9655927797734348,0.06544392142761513
2208,G08,GC06,0.9580542192913453,0.3528273946926509
2209,G03,GC02,0.9441506495926124,0.08446416763911413
2210,G05,GC05,0.9207906651920749,0.07892883228329506
2211,G10,GC10,0.9089721877984432,0.27115777995748636
2212,G10,GC09,0.99088874015345,0.14768695304343504
2213,G03,GC02,0.9441506495926124,0.08446416763911413
2214,G07,GC07,0.9504947721920489,0.6331579719867226
2215,G04,GC04,0.968165397646474,0.21488738708545507
2216,G10,GC10,0.938371550757818,0.23220620337463893
2217,G10,GC10,0.8968003750428443,0.09628802703290351
2218,G10,GC10,0.99449283017111,0.21899019378399187
2219,G10,GC10,0.9424082704453347,0.3255654624638866
2220,G03,GC02,0.9441506495926124,0.08446416763911413
2221,G10,GC10,0.9424082704453347,0.3255654624638866
2222,G09,GC09,0.8669418913908332,0.2926549091794376
2223,G07,GC07,0.866071244122677,0.31089964131820647
2224,G10,GC10,0.9655927797734348,0.06544392142761513
2225,G05,GC05,0.9999882223456044,0.43132191835929334
2226,G10,GC10,0.9655927797734348,0.06544392142761513
2227,G04,GC04,0.993248024428308,0.5281386209309471
2228,G04,GC04,0.7529538060362797,0.23645723616579428
2229,G02,GC01,0.8672990588998807,0.2880276520691881
2230,G03,GC02,0.9309491168919528,0.5233578471346008
2231,G08,GC10,0.85303770440229,0.16749099494362396
2232,G08,GC05,0.8636959476067174,0.13425978322226917
2233,G05,GC05,0.9207906651920749,0.07892883228329506
2234,G10,GC10,0.9655927797734348,0.06544392142761513
2235,G06,GC06,0.9861430538792424,0.26561036244133074
2236,G07,GC07,0.9985759975932954,0.36041453142304425
2237,G06,GC06,0.9463175863222385,0.12280423622110082
2238,G03,GC02,0.9441506495926124,0.08446416763911413
2239,G02,GC01,0.970548626548891,0.5530225804497865
2240,G03,GC02,0.9994394332183293,0.3820798962225841
2241,G07,GC07,0.9504947721920489,0.6331579719867226
2242,G02,GC01,0.9188134565648362,0.4018493462058377
2243,G06,GC06,0.9861430538792424,0.26561036244133074
2244,G01,GC08,0.9533458189089106,0.17429799890219966
2245,G10,GC10,0.9655927797734348,0.06544392142761513
2246,G05,GC05,0.9999882223456044,0.43132191835929334
2247,G07,GC07,0.9321859184064071,0.08586144444503008
2248,G02,GC01,0.970548626548891,0.5530225804497865
2249,G07,GC07,0.9321859184064071,0.08586144444503008
2250,G06,GC06,0.9861430538792424,0.26561036244133074
2251,G02,GC01,0.999623156571507,0.4534339436723924
2252,G06,GC06,0.9463175863222385,0.12280423622110082
2253,G07,GC07,0.9985759975932954,0.36041453142304425
2254,G07,GC07,0.9321859184064071,0.08586144444503008
2255,G10,GC10,0.982762160580999,0.319927604763941
2256,G07,GC07,0.9504947721920489,0.6331579719867226
2257,G03,GC02,0.9994394332183293,0.3820798962225841
2258,G10,GC10,0.9655927797734348,0.06544392142761513
2259,G10,GC10,0.938371550757818,0.23220620337463893
2260,G09,GC09,0.971957924683411,0.37594044454343145
2261,G04,GC04,0.968165397646474,0.21488738708545507
2262,G06,GC03,0.9044958023987766,0.2666813945578197
2263,G06,GC06,0.9985709028449605,0.36275825558364594
2264,G05,GC05,0.9859443723991026,0.2913245372520169
2265,G07,GC07,0.9321859184064071,0.08586144444503008
2266,G06,GC06,0.9861430538792424,0.26561036244133074
2267,G07,GC07,0.9321859184064071,0.08586144444503008
2268,G10,GC10,0.9309852026494446,0.38943221604902567
2269,G07,GC07,0.9504947721920489,0.6331579719867226
2270,G07,GC07,0.9985759975932954,0.36041453142304425
2271,G10,GC10,0.9309852026494446,0.38943221604902567
2272,G06,GC06,0.9861430538792424,0.26561036244133074
2273,G10,GC10,0.9655927797734348,0.06544392142761513
2274,G10,GC10,0.9424082704453347,0.3255654624638866
2275,G02,GC01,0.999623156571507,0.4534339436723924
2276,G10,GC09,0.99088874015345,0.14768695304343504
2277,G09,GC09,0.8669418913908332,0.2926549091794376
2278,G07,GC07,0.9321859184064071,0.08586144444503008
2279,G10,GC09,0.99088874015345,0.14768695304343504
2280,G09,GC09,0.8669418913908332,0.2926549091794376
2281,G06,GC06,0.9861430538792424,0.26561036244133074
2282,G06,GC06,0.9861430538792424,0.26561036244133074
2283,G09,GC09,0.8669418913908332,0.2926549091794376
2284,G08,GC06,0.9756574976104712,0.3898462953996178
2285,G07,GC07,0.9985759975932954,0.36041453142304425
2286,G09,GC09,0.8669418913908332,0.2926549091794376
2287,G10,GC09,0.99088874015345,0.14768695304343504
2288,G04,GC04,0.993248024428308,0.5281386209309471
2289,G10,GC10,0.8970403307396814,0.2885871798501579
2290,G06,GC06,0.9950100638225778,0.44998691676414615
2291,G05,GC05,0.9207906651920749,0.07892883228329506
2292,G10,GC10,0.938371550757818,0.23220620337463893
2293,G10,GC10,0.8968003750428443,0.09628802703290351
2294,G04,GC04,0.968165397646474,0.21488738708545507
2295,G10,GC10,0.8968003750428443,0.09628802703290351
2296,G10,GC10,0.982762160580999,0.319927604763941
2297,G10,GC09,0.99088874015345,0.14768695304343504
2298,G10,GC09,0.8698945613933801,0.0874495629875287
2299,G10,GC10,0.9655927797734348,0.06544392142761513
2300,G07,GC07,0.9321859184064071,0.08586144444503008
2301,G10,GC10,0.8968003750428443,0.09628802703290351
2302,G09,GC09,0.971957924683411,0.37594044454343145
2303,G05,GC05,0.9999882223456044,0.43132191835929334
2304,G10,GC09,0.8698945613933801,0.0874495629875287
2305,G09,GC09,0.971957924683411,0.37594044454343145
2306,G07,GC07,0.7922711120742614,0.3846798423169094
2307,G10,GC09,0.8698945613933801,0.0874495629875287
2308,G06,GC06,0.9861430538792424,0.26561036244133074
2309,G08,GC06,0.9756574976104712,0.3898462953996178
2310,G10,GC10,0.8968003750428443,0.09628802703290351
2311,G10,GC09,0.99088874015345,0.14768695304343504
2312,G10,GC09,0.99088874015345,0.14768695304343504
2313,G09,GC09,0.8669418913908332,0.2926549091794376
2314,G02,GC01,0.970548626548891,0.5530225804497865
2315,G05,GC05,0.9207906651920749,0.07892883228329506
2316,G02,GC01,0.8379534875047023,0.16234089949458852
2317,G06,GC06,0.9950100638225778,0.44998691676414615
2318,G07,GC07,0.9985759975932954,0.36041453142304425
2319,G02,GC01,0.8888688246425881,0.41000047310754784
2320,G05,GC05,0.9999882223456044,0.43132191835929334
2321,G05,GC05,0.9207906651920749,0.07892883228329506
2322,G02,GC01,0.8379534875047023,0.16234089949458852
2323,G06,GC06,0.9463175863222385,0.12280423622110082
2324,G02,GC01,0.9526343565497732,0.17250413743869542
2325,G05,GC05,0.9859443723991026,0.2913245372520169
2326,G03,GC02,0.9441506495926124,0.08446416763911413
2327,G01,GC08,0.9533458189089106,0.17429799890219966
2328,G05,GC05,0.9859443723991026,0.2913245372520169
2329,G09,GC09,0.8381222469552341,0.42744408274943463
2330,G10,GC10,0.9089721877984432,0.27115777995748636
2331,G05,GC05,0.9207906651920749,0.07892883228329506
2332,G04,GC04,0.968165397646474,0.21488738708545507
2333,G10,GC09,0.99088874015345,0.14768695304343504
2334,G04,GC04,0.993248024428308,0.5281386209309471
2335,G07,GC07,0.9985759975932954,0.36041453142304425
2336,G10,GC10,0.9655927797734348,0.06544392142761513
2337,G06,GC06,0.999237282247183,0.43080326478081354
2338,G05,GC05,0.9207906651920749,0.07892883228329506
2339,G01,GC08,0.9533458189089106,0.17429799890219966
2340,G05,GC05,0.9810250360601188,0.3720034248536156
2341,G05,GC05,0.9666525424113166,0.3288381345703597
2342,G06,GC06,0.9463175863222385,0.12280423622110082
2343,G04,GC04,0.968165397646474,0.21488738708545507
2344,G03,GC02,0.9994394332183293,0.3820798962225841
2345,G10,GC10,0.9309852026494446,0.38943221604902567
2346,G07,GC07,0.9321859184064071,0.08586144444503008
2347,G05,GC05,0.9666525424113166,0.3288381345703597
2348,G06,GC06,0.9463175863222385,0.12280423622110082
2349,G10,GC10,0.9655927797734348,0.06544392142761513
2350,G10,GC10,0.982762160580999,0.319927604763941
2351,G05,GC05,0.9810250360601188,0.3720034248536156
2352,G03,GC02,0.9441506495926124,0.08446416763911413
2353,G07,GC07,0.9985759975932954,0.36041453142304425
2354,G06,GC03,0.9044958023987766,0.2666813945578197
2355,G06,GC06,0.9463175863222385,0.12280423622110082
2356,G06,GC03,0.9044958023987766,0.2666813945578197
2357,G10,GC10,0.9655927797734348,0.06544392142761513
2358,G05,GC05,0.9999882223456044,0.43132191835929334
2359,G05,GC05,0.9999882223456044,0.43132191835929334
2360,G07,GC07,0.9321859184064071,0.08586144444503008
2361,G06,GC06,0.9985709028449605,0.36275825558364594
2362,G06,GC06,0.9439138876571653,0.40704971708986093
2363,G05,GC05,0.9999882223456044,0.43132191835929334
2364,G07,GC07,0.9985759975932954,0.36041453142304425
2365,G08,GC06,0.9756574976104712,0.3898462953996178
2366,G06,GC06,0.999237282247183,0.43080326478081354
2367,G10,GC09,0.99088874015345,0.14768695304343504
2368,G06,GC06,0.9463175863222385,0.12280423622110082
2369,G04,GC04,0.8975656160578065,0.4899743463004545
2370,G10,GC10,0.982762160580999,0.319927604763941
2371,G01,GC08,0.9533458189089106,0.17429799890219966
2372,G02,GC01,0.999623156571507,0.4534339436723924
2373,G05,GC05,0.9999882223456044,0.43132191835929334
2374,G09,GC09,0.8381222469552341,0.42744408274943463
2375,G06,GC06,0.9950100638225778,0.44998691676414615
2376,G02,GC01,0.970548626548891,0.5530225804497865
2377,G02,GC01,0.999623156571507,0.4534339436723924
2378,G06,GC06,0.9950100638225778,0.44998691676414615
2379,G10,GC10,0.982762160580999,0.319927604763941
2380,G05,GC05,0.9282544378589607,0.24270772840029464
2381,G05,GC05,0.9666525424113166,0.3288381345703597
2382,G08,GC06,0.9580542192913453,0.3528273946926509
2383,G07,GC07,0.9321859184064071,0.08586144444503008
2384,G07,GC07,0.9504947721920489,0.6331579719867226
2385,G05,GC05,0.9207906651920749,0.07892883228329506
2386,G10,GC10,0.99449283017111,0.21899019378399187
2387,G06,GC06,0.9950100638225778,0.44998691676414615
2388,G04,GC04,0.993248024428308,0.5281386209309471
2389,G10,GC10,0.9655927797734348,0.06544392142761513
2390,G05,GC05,0.9207906651920749,0.07892883228329506
2391,G07,GC07,0.9985759975932954,0.36041453142304425
2392,G04,GC04,0.968165397646474,0.21488738708545507
2393,G10,GC09,0.99088874015345,0.14768695304343504
2394,G07,GC07,0.9504947721920489,0.6331579719867226
2395,G05,GC05,0.9859443723991026,0.2913245372520169
2396,G07,GC07,0.9985759975932954,0.36041453142304425
2397,G03,GC02,0.9994394332183293,0.3820798962225841
2398,G02,GC01,0.970548626548891,0.5530225804497865
2399,G02,GC01,0.999623156571507,0.4534339436723924
2400,G05,GC05,0.9207906651920749,0.07892883228329506
2401,G09,GC09,0.971957924683411,0.37594044454343145
2402,G10,GC10,0.99449283017111,0.21899019378399187
2403,G10,GC10,0.99449283017111,0.21899019378399187
2404,G06,GC06,0.999237282247183,0.43080326478081354
2405,G07,GC07,0.9985759975932954,0.36041453142304425
2406,G06,GC06,0.9463175863222385,0.12280423622110082
2407,G07,GC07,0.9985759975932954,0.36041453142304425
2408,G10,GC09,0.99088874015345,0.14768695304343504
2409,G07,GC07,0.9504947721920489,0.6331579719867226
2410,G08,GC06,0.9580542192913453,0.3528273946926509
2411,G06,GC06,0.9950100638225778,0.44998691676414615
2412,G05,GC05,0.9938838022001353,0.4267356731176527
2413,G05,GC05,0.9207906651920749,0.07892883228329506
2414,G02,GC01,0.999623156571507,0.4534339436723924
2415,G10,GC10,0.99449283017111,0.21899019378399187
2416,G02,GC01,0.9526343565497732,0.17250413743869542
2417,G04,GC04,0.993248024428308,0.5281386209309471
2418,G08,GC06,0.7351587388239389,0.11184325864090494
2419,G07,GC07,0.9985759975932954,0.36041453142304425
2420,G02,GC01,0.999623156571507,0.4534339436723924
2421,G06,GC06,0.9861430538792424,0.26561036244133074
2422,G09,GC09,0.971957924683411,0.37594044454343145
2423,G07,GC07,0.9321859184064071,0.08586144444503008
2424,G10,GC10,0.99449283017111,0.21899019378399187
2425,G07,GC07,0.9504947721920489,0.6331579719867226
2426,G08,GC06,0.9756574976104712,0.3898462953996178
2427,G07,GC07,0.9985759975932954,0.36041453142304425
2428,G04,GC04,0.968165397646474,0.21488738708545507
2429,G09,GC09,0.971957924683411,0.37594044454343145
2430,G03,GC03,0.9760999801239335,0.1817500379290079
2431,G02,GC01,0.784314876140141,0.1364630237986223
2432,G07,GC07,0.9985759975932954,0.36041453142304425
2433,G02,GC01,0.9526343565497732,0.17250413743869542
2434,G08,GC06,0.9756574976104712,0.3898462953996178
2435,G09,GC09,0.8381222469552341,0.42744408274943463
2436,G10,GC10,0.9655927797734348,0.06544392142761513
2437,G07,GC07,0.9504947721920489,0.6331579719867226
2438,G07,GC07,0.9321859184064071,0.08586144444503008
2439,G06,GC06,0.9985709028449605,0.36275825558364594
2440,G05,GC05,0.9999882223456044,0.43132191835929334
2441,G07,GC07,0.9985759975932954,0.36041453142304425
2442,G06,GC06,0.9463175863222385,0.12280423622110082
2443,G10,GC10,0.982762160580999,0.319927604763941
2444,G07,GC07,0.9321859184064071,0.08586144444503008
2445,G08,GC05,0.9000715730613211,0.19180369338630687
2446,G08,GC05,0.9000715730613211,0.19180369338630687
2447,G08,GC05,0.9000715730613211,0.19180369338630687
2448,G08,GC05,0.9000715730613211,0.19180369338630687
2449,G10,GC09,0.99088874015345,0.14768695304343504
2450,G06,GC06,0.999237282247183,0.43080326478081354
2451,G04,GC04,0.968165397646474,0.21488738708545507
2452,G06,GC03,0.9044958023987766,0.2666813945578197
2453,G05,GC05,0.9859443723991026,0.2913245372520169
2454,G04,GC04,0.968165397646474,0.21488738708545507
2455,G07,GC07,0.9504947721920489,0.6331579719867226
2456,G06,GC06,0.999237282247183,0.43080326478081354
2457,G10,GC09,0.99088874015345,0.14768695304343504
2458,G03,GC03,0.9844167850320632,0.48101812538306044
2459,G09,GC09,0.8381222469552341,0.42744408274943463
2460,G03,GC02,0.9441506495926124,0.08446416763911413
2461,G08,GC05,0.9000715730613211,0.19180369338630687
2462,G08,GC06,0.9756574976104712,0.3898462953996178
2463,G10,GC10,0.938371550757818,0.23220620337463893
2464,G05,GC05,0.9282544378589607,0.24270772840029464
2465,G08,GC05,0.8636959476067174,0.13425978322226917
2466,G10,GC09,0.99088874015345,0.14768695304343504
2467,G05,GC05,0.9859443723991026,0.2913245372520169
2468,G10,GC10,0.9655927797734348,0.06544392142761513
2469,G06,GC06,0.9861430538792424,0.26561036244133074
2470,G05,GC05,0.9207906651920749,0.07892883228329506
2471,G07,GC07,0.9985759975932954,0.36041453142304425
2472,G07,GC07,0.9504947721920489,0.6331579719867226
2473,G04,GC04,0.993248024428308,0.5281386209309471
2474,G06,GC06,0.9861430538792424,0.26561036244133074
2475,G05,GC05,0.9999882223456044,0.43132191835929334
2476,G06,GC06,0.9861430538792424,0.26561036244133074
2477,G07,GC07,0.9985759975932954,0.36041453142304425
2478,G05,GC05,0.9207906651920749,0.07892883228329506
2479,G05,GC05,0.9810250360601188,0.3720034248536156
2480,G02,GC01,0.9188134565648362,0.4018493462058377
2481,G06,GC06,0.9463175863222385,0.12280423622110082
2482,G07,GC07,0.9321859184064071,0.08586144444503008
2483,G03,GC02,0.9441506495926124,0.08446416763911413
2484,G08,GC06,0.9756574976104712,0.3898462953996178
2485,G07,GC07,0.9504947721920489,0.6331579719867226
2486,G06,GC06,0.999237282247183,0.43080326478081354
2487,G06,GC06,0.999237282247183,0.43080326478081354
2488,G06,GC06,0.9463175863222385,0.12280423622110082
2489,G06,GC06,0.9463175863222385,0.12280423622110082
2490,G07,GC07,0.9985759975932954,0.36041453142304425
2491,G07,GC07,0.7922711120742614,0.3846798423169094
2492,G02,GC01,0.970548626548891,0.5530225804497865
2493,G02,GC01,0.9526343565497732,0.17250413743869542
2494,G06,GC06,0.9861430538792424,0.26561036244133074
2495,G10,GC10,0.99449283017111,0.21899019378399187
2496,G03,GC03,0.9760999801239335,0.1817500379290079
2497,G10,GC10,0.9089721877984432,0.27115777995748636
2498,G04,GC04,0.8975656160578065,0.4899743463004545
2499,G08,GC06,0.9756574976104712,0.3898462953996178
2500,G10,GC10,0.9655927797734348,0.06544392142761513
2501,G10,GC10,0.9655927797734348,0.06544392142761513
2502,G02,GC01,0.9526343565497732,0.17250413743869542
2503,G07,GC07,0.9321859184064071,0.08586144444503008
2504,G01,GC08,0.9533458189089106,0.17429799890219966
2505,G01,GC08,0.9533458189089106,0.17429799890219966
2506,G04,GC04,0.993248024428308,0.5281386209309471
2507,G02,GC01,0.970548626548891,0.5530225804497865
2508,G04,GC04,0.993248024428308,0.5281386209309471
2509,G08,GC06,0.7351587388239389,0.11184325864090494
2510,G08,GC06,0.7152870482424685,0.06357384053339254
2511,G08,GC06,0.9330814976864774,0.30976601750344346
2512,G06,GC06,0.9463175863222385,0.12280423622110082
2513,G04,GC04,0.8975656160578065,0.4899743463004545
2514,G01,GC08,0.9533458189089106,0.17429799890219966
2515,G07,GC07,0.9985759975932954,0.36041453142304425
2516,G07,GC07,0.9504947721920489,0.6331579719867226
2517,G10,GC09,0.99088874015345,0.14768695304343504
2518,G10,GC10,0.9655927797734348,0.06544392142761513
2519,G07,GC07,0.9504947721920489,0.6331579719867226
2520,G04,GC04,0.993248024428308,0.5281386209309471
2521,G08,GC06,0.7152870482424685,0.06357384053339254
2522,G04,GC04,0.993248024428308,0.5281386209309471
2523,G01,GC08,0.9533458189089106,0.17429799890219966
2524,G07,GC07,0.9985759975932954,0.36041453142304425
2525,G02,GC01,0.999623156571507,0.4534339436723924
2526,G04,GC04,0.993248024428308,0.5281386209309471
2527,G10,GC10,0.982762160580999,0.319927604763941
2528,G08,GC06,0.9756574976104712,0.3898462953996178
2529,G09,GC09,0.971957924683411,0.37594044454343145
2530,G07,GC07,0.7922711120742614,0.3846798423169094
2531,G04,GC04,0.968165397646474,0.21488738708545507
2532,G05,GC05,0.9666525424113166,0.3288381345703597
2533,G05,GC05,0.9999882223456044,0.43132191835929334
2534,G07,GC07,0.9985759975932954,0.36041453142304425
2535,G10,GC10,0.938371550757818,0.23220620337463893
2536,G09,GC09,0.8381222469552341,0.42744408274943463
2537,G04,GC04,0.968165397646474,0.21488738708545507
2538,G10,GC10,0.982762160580999,0.319927604763941
2539,G10,GC09,0.99088874015345,0.14768695304343504
2540,G03,GC02,0.8047927881979722,0.28829621832748675
2541,G01,GC08,0.9533458189089106,0.17429799890219966
2542,G02,GC01,0.784314876140141,0.1364630237986223
2543,G07,GC07,0.9985759975932954,0.36041453142304425
2544,G06,GC06,0.9861430538792424,0.26561036244133074
2545,G06,GC06,0.9463175863222385,0.12280423622110082
2546,G06,GC03,0.9044958023987766,0.2666813945578197
2547,G10,GC10,0.9655927797734348,0.06544392142761513
2548,G06,GC06,0.9463175863222385,0.12280423622110082
2549,G10,GC09,0.99088874015345,0.14768695304343504
2550,G10,GC10,0.99449283017111,0.21899019378399187
2551,G09,GC09,0.971957924683411,0.37594044454343145
2552,G07,GC07,0.9504947721920489,0.6331579719867226
2553,G10,GC09,0.99088874015345,0.14768695304343504
2554,G07,GC07,0.9321859184064071,0.08586144444503008
2555,G09,GC09,0.971957924683411,0.37594044454343145
2556,G09,GC09,0.6686047414031415,0.14981218718484135
2557,G04,GC04,0.993248024428308,0.5281386209309471
2558,G02,GC01,0.999623156571507,0.4534339436723924
2559,G07,GC07,0.9985759975932954,0.36041453142304425
2560,G10,GC09,0.99088874015345,0.14768695304343504
2561,G04,GC04,0.993248024428308,0.5281386209309471
2562,G07,GC07,0.9504947721920489,0.6331579719867226
2563,G06,GC06,0.9463175863222385,0.12280423622110082
2564,G01,GC08,0.9533458189089106,0.17429799890219966
2565,G01,GC08,0.9994249585196648,0.47414197468619124
2566,G10,GC10,0.9655927797734348,0.06544392142761513
2567,G09,GC09,0.971957924683411,0.37594044454343145
2568,G05,GC05,0.9282544378589607,0.24270772840029464
2569,G05,GC05,0.9282544378589607,0.24270772840029464
2570,G07,GC07,0.9504947721920489,0.6331579719867226
2571,G04,GC04,0.993248024428308,0.5281386209309471
2572,G04,GC04,0.968165397646474,0.21488738708545507
2573,G07,GC07,0.9321859184064071,0.08586144444503008
2574,G06,GC06,0.9463175863222385,0.12280423622110082
2575,G07,GC07,0.9321859184064071,0.08586144444503008
2576,G04,GC04,0.993248024428308,0.5281386209309471
2577,G06,GC06,0.9861430538792424,0.26561036244133074
2578,G01,GC08,0.9994249585196648,0.47414197468619124
2579,G07,GC07,0.9504947721920489,0.6331579719867226
2580,G04,GC04,0.968165397646474,0.21488738708545507
2581,G07,GC07,0.9321859184064071,0.08586144444503008
2582,G02,GC01,0.9526343565497732,0.17250413743869542
2583,G07,GC07,0.7922711120742614,0.3846798423169094
2584,G01,GC08,0.9994249585196648,0.47414197468619124
2585,G04,GC04,0.968165397646474,0.21488738708545507
2586,G05,GC05,0.9999882223456044,0.43132191835929334
2587,G04,GC04,0.968165397646474,0.21488738708545507
2588,G08,GC06,0.9756574976104712,0.3898462953996178
2589,G09,GC09,0.6686047414031415,0.14981218718484135
2590,G10,GC09,0.99088874015345,0.14768695304343504
2591,G09,GC09,0.971957924683411,0.37594044454343145
2592,G07,GC07,0.9504947721920489,0.6331579719867226
2593,G05,GC05,0.9859443723991026,0.2913245372520169
2594,G07,GC07,0.9985759975932954,0.36041453142304425
2595,G07,GC07,0.9985759975932954,0.36041453142304425
2596,G09,GC09,0.971957924683411,0.37594044454343145
2597,G03,GC03,0.9760999801239335,0.1817500379290079
2598,G02,GC01,0.9526343565497732,0.17250413743869542
2599,G05,GC05,0.9207906651920749,0.07892883228329506
2600,G04,GC04,0.968165397646474,0.21488738708545507
2601,G10,GC10,0.9655927797734348,0.06544392142761513
2602,G10,GC10,0.9655927797734348,0.06544392142761513
2603,G01,GC08,0.9533458189089106,0.17429799890219966
2604,G03,GC02,0.9441506495926124,0.08446416763911413
2605,G09,GC09,0.971957924683411,0.37594044454343145
2606,G10,GC10,0.99449283017111,0.21899019378399187
2607,G04,GC04,0.968165397646474,0.21488738708545507
2608,G09,GC09,0.971957924683411,0.37594044454343145
2609,G01,GC08,0.9533458189089106,0.17429799890219966
2610,G10,GC10,0.9655927797734348,0.06544392142761513
2611,G02,GC01,0.970548626548891,0.5530225804497865
2612,G10,GC09,0.99088874015345,0.14768695304343504
2613,G07,GC07,0.9321859184064071,0.08586144444503008
2614,G05,GC05,0.9999882223456044,0.43132191835929334
2615,G07,GC07,0.9321859184064071,0.08586144444503008
2616,G08,GC06,0.9580542192913453,0.3528273946926509
2617,G07,GC07,0.9985759975932954,0.36041453142304425
2618,G10,GC10,0.9655927797734348,0.06544392142761513
2619,G09,GC09,0.8381222469552341,0.42744408274943463
2620,G07,GC07,0.6074501106821558,0.0909535408116704
2621,G07,GC07,0.7922711120742614,0.3846798423169094
2622,G04,GC04,0.968165397646474,0.21488738708545507
2623,G09,GC09,0.8381222469552341,0.42744408274943463
2624,G04,GC04,0.968165397646474,0.21488738708545507
2625,G05,GC05,0.9999882223456044,0.43132191835929334
2626,G07,GC07,0.9985759975932954,0.36041453142304425
2627,G08,GC05,0.8636959476067174,0.13425978322226917
2628,G09,GC09,0.8381222469552341,0.42744408274943463
2629,G07,GC07,0.9985759975932954,0.36041453142304425
2630,G09,GC09,0.971957924683411,0.37594044454343145
2631,G07,GC07,0.7922711120742614,0.3846798423169094
2632,G01,GC08,0.9566933140744047,0.6693262474009961
2633,G07,GC07,0.7922711120742614,0.3846798423169094
2634,G04,GC04,0.968165397646474,0.21488738708545507
2635,G04,GC04,0.968165397646474,0.21488738708545507
2636,G09,GC09,0.8381222469552341,0.42744408274943463
2637,G08,GC06,0.9580542192913453,0.3528273946926509
2638,G09,GC09,0.8381222469552341,0.42744408274943463
2639,G06,GC06,0.9861430538792424,0.26561036244133074
2640,G09,GC09,0.8381222469552341,0.42744408274943463
2641,G02,GC01,0.9526343565497732,0.17250413743869542
2642,G09,GC09,0.8381222469552341,0.42744408274943463
2643,G08,GC06,0.9441077542697743,0.3278348561887323
2644,G09,GC09,0.8381222469552341,0.42744408274943463
2645,G06,GC06,0.9950100638225778,0.44998691676414615
2646,G07,GC07,0.9985759975932954,0.36041453142304425
2647,G05,GC05,0.9282544378589607,0.24270772840029464
2648,G09,GC09,0.971957924683411,0.37594044454343145
2649,G09,GC09,0.6686047414031415,0.14981218718484135
2650,G08,GC06,0.9330814976864774,0.30976601750344346
2651,G06,GC06,0.9861430538792424,0.26561036244133074
2652,G08,GC06,0.9441077542697743,0.3278348561887323
2653,G08,GC06,0.9330814976864774,0.30976601750344346
2654,G09,GC09,0.971957924683411,0.37594044454343145
2655,G06,GC06,0.9861430538792424,0.26561036244133074
2656,G09,GC09,0.8381222469552341,0.42744408274943463
2657,G04,GC04,0.8975656160578065,0.4899743463004545
2658,G01,GC08,0.9533458189089106,0.17429799890219966
2659,G10,GC10,0.9655927797734348,0.06544392142761513
2660,G10,GC09,0.99088874015345,0.14768695304343504
2661,G09,GC09,0.6686047414031415,0.14981218718484135
2662,G02,GC01,0.9526343565497732,0.17250413743869542
2663,G09,GC09,0.8381222469552341,0.42744408274943463
2664,G08,GC06,0.7493917250345774,0.11288255986507711
2665,G08,GC06,0.9330814976864774,0.30976601750344346
2666,G08,GC10,0.8153248927594405,0.10705701308442628
2667,G06,GC06,0.9861430538792424,0.26561036244133074
2668,G04,GC04,0.993248024428308,0.5281386209309471
2669,G09,GC09,0.971957924683411,0.37594044454343145
2670,G04,GC04,0.8975656160578065,0.4899743463004545
2671,G04,GC04,0.968165397646474,0.21488738708545507
2672,G08,GC06,0.7442477264270045,0.11254116261766067
2673,G04,GC04,0.968165397646474,0.21488738708545507
2674,G07,GC07,0.7922711120742614,0.3846798423169094
2675,G08,GC06,0.9756574976104712,0.3898462953996178
2676,G10,GC09,0.99088874015345,0.14768695304343504
2677,G01,GC08,0.9994249585196648,0.47414197468619124
2678,G03,GC02,0.9441506495926124,0.08446416763911413
2679,G08,GC06,0.9580542192913453,0.3528273946926509
2680,G04,GC04,0.8975656160578065,0.4899743463004545
2681,G09,GC08,0.5755401948438911,0.05951158760165476
2682,G02,GC01,0.9526343565497732,0.17250413743869542
2683,G09,GC09,0.8381222469552341,0.42744408274943463
2684,G07,GC07,0.7922711120742614,0.3846798423169094
2685,G04,GC04,0.8975656160578065,0.4899743463004545
2686,G06,GC06,0.9861430538792424,0.26561036244133074
2687,G04,GC04,0.993248024428308,0.5281386209309471
2688,G09,GC08,0.5755401948438911,0.05951158760165476
2689,G07,GC07,0.9321859184064071,0.08586144444503008
2690,G09,GC09,0.7771474850068719,0.40097047359615184
2691,G09,GC09,0.6430059553530669,0.14972920389077016
2692,G09,GC09,0.971957924683411,0.37594044454343145
2693,G04,GC04,0.8975656160578065,0.4899743463004545
2694,G09,GC09,0.971957924683411,0.37594044454343145
2695,G07,GC07,0.9504947721920489,0.6331579719867226
2696,G07,GC07,0.7922711120742614,0.3846798423169094
2697,G03,GC02,0.9309491168919528,0.5233578471346008
2698,G04,GC04,0.968165397646474,0.21488738708545507
2699,G10,GC09,0.99088874015345,0.14768695304343504
2700,G09,GC09,0.971957924683411,0.37594044454343145
2701,G09,GC09,0.971957924683411,0.37594044454343145
2702,G04,GC04,0.968165397646474,0.21488738708545507
2703,G09,GC09,0.971957924683411,0.37594044454343145
2704,G09,GC09,0.8381222469552341,0.42744408274943463
2705,G06,GC06,0.9861430538792424,0.26561036244133074
2706,G07,GC07,0.9504947721920489,0.6331579719867226
2707,G08,GC06,0.9580542192913453,0.3528273946926509
2708,G09,GC09,0.971957924683411,0.37594044454343145
2709,G04,GC04,0.968165397646474,0.21488738708545507
2710,G07,GC07,0.9504947721920489,0.6331579719867226
2711,G02,GC01,0.9526343565497732,0.17250413743869542
2712,G03,GC02,0.9441506495926124,0.08446416763911413
2713,G09,GC09,0.8381222469552341,0.42744408274943463
2714,G04,GC04,0.993248024428308,0.5281386209309471
2715,G01,GC08,0.9566933140744047,0.6693262474009961
2716,G10,GC09,0.99088874015345,0.14768695304343504
2717,G09,GC09,0.971957924683411,0.37594044454343145
2718,G09,GC09,0.971957924683411,0.37594044454343145
2719,G07,GC07,0.7922711120742614,0.3846798423169094
2720,G04,GC04,0.8975656160578065,0.4899743463004545
2721,G04,GC04,0.8975656160578065,0.4899743463004545
2722,G09,GC09,0.8381222469552341,0.42744408274943463
2723,G05,GC05,0.9666525424113166,0.3288381345703597
2724,G05,GC05,0.9207906651920749,0.07892883228329506
2725,G04,GC04,0.968165397646474,0.21488738708545507
2726,G08,GC06,0.916898456116774,0.28519189230743014
2727,G08,GC06,0.7549805154097632,0.11318694544481589
2728,G09,GC09,0.971957924683411,0.37594044454343145
2729,G08,GC06,0.9756574976104712,0.3898462953996178
2730,G01,GC08,0.9533458189089106,0.17429799890219966
2731,G10,GC09,0.99088874015345,0.14768695304343504
2732,G07,GC07,0.9504947721920489,0.6331579719867226
2733,G04,GC04,0.968165397646474,0.21488738708545507
2734,G05,GC05,0.9999882223456044,0.43132191835929334
2735,G06,GC06,0.9950100638225778,0.44998691676414615
2736,G08,GC06,0.9580542192913453,0.3528273946926509
2737,G09,GC09,0.971957924683411,0.37594044454343145
2738,G09,GC09,0.6686047414031415,0.14981218718484135
2739,G08,GC06,0.916898456116774,0.28519189230743014
2740,G01,GC08,0.9566933140744047,0.6693262474009961
2741,G02,GC01,0.9188134565648362,0.4018493462058377
2742,G05,GC05,0.9282544378589607,0.24270772840029464
2743,G08,GC06,0.7351587388239389,0.11184325864090494
2744,G09,GC09,0.971957924683411,0.37594044454343145
2745,G04,GC04,0.968165397646474,0.21488738708545507
2746,G07,GC07,0.9504947721920489,0.6331579719867226
2747,G01,GC08,0.9566933140744047,0.6693262474009961
2748,G08,GC06,0.7152870482424685,0.06357384053339254
2749,G09,GC09,0.8669418913908332,0.2926549091794376
2750,G07,GC07,0.9504947721920489,0.6331579719867226
2751,G08,GC06,0.9756574976104712,0.3898462953996178
2752,G07,GC07,0.9985759975932954,0.36041453142304425
2753,G09,GC09,0.8381222469552341,0.42744408274943463
2754,G05,GC05,0.9207906651920749,0.07892883228329506
2755,G07,GC07,0.9985759975932954,0.36041453142304425
2756,G07,GC07,0.9321859184064071,0.08586144444503008
2757,G07,GC07,0.9985759975932954,0.36041453142304425
2758,G05,GC05,0.9999882223456044,0.43132191835929334
2759,G09,GC09,0.8381222469552341,0.42744408274943463
2760,G08,GC06,0.9756574976104712,0.3898462953996178
2761,G09,GC09,0.8381222469552341,0.42744408274943463
2762,G03,GC02,0.9441506495926124,0.08446416763911413
2763,G10,GC09,0.99088874015345,0.14768695304343504
2764,G07,GC07,0.9504947721920489,0.6331579719867226
2765,G09,GC09,0.971957924683411,0.37594044454343145
2766,G09,GC09,0.8381222469552341,0.42744408274943463
2767,G04,GC04,0.993248024428308,0.5281386209309471
2768,G07,GC07,0.6074501106821558,0.0909535408116704
2769,G06,GC06,0.9861430538792424,0.26561036244133074
2770,G07,GC07,0.9985759975932954,0.36041453142304425
2771,G03,GC02,0.9994394332183293,0.3820798962225841
2772,G06,GC06,0.9463175863222385,0.12280423622110082
2773,G07,GC07,0.7922711120742614,0.3846798423169094
2774,G10,GC09,0.99088874015345,0.14768695304343504
2775,G09,GC09,0.971957924683411,0.37594044454343145
2776,G08,GC06,0.7526886918621928,0.11307242536639939
2777,G07,GC07,0.9504947721920489,0.6331579719867226
2778,G01,GC08,0.9533458189089106,0.17429799890219966
2779,G09,GC09,0.8381222469552341,0.42744408274943463
2780,G09,GC09,0.8381222469552341,0.42744408274943463
2781,G09,GC09,0.8381222469552341,0.42744408274943463
2782,G06,GC06,0.9861430538792424,0.26561036244133074
2783,G06,GC06,0.9950100638225778,0.44998691676414615
2784,G09,GC09,0.6686047414031415,0.14981218718484135
2785,G07,GC07,0.9504947721920489,0.6331579719867226
2786,G03,GC02,0.9994394332183293,0.3820798962225841
2787,G10,GC09,0.99088874015345,0.14768695304343504
2788,G10,GC09,0.99088874015345,0.14768695304343504
2789,G07,GC07,0.9985759975932954,0.36041453142304425
2790,G07,GC07,0.9985759975932954,0.36041453142304425
2791,G07,GC07,0.7922711120742614,0.3846798423169094
2792,G10,GC10,0.99449283017111,0.21899019378399187
2793,G04,GC04,0.7529538060362797,0.23645723616579428
2794,G05,GC05,0.9999882223456044,0.43132191835929334
2795,G05,GC05,0.9999882223456044,0.43132191835929334
2796,G10,GC10,0.9655927797734348,0.06544392142761513
2797,G06,GC06,0.9463175863222385,0.12280423622110082
2798,G07,GC07,0.9985759975932954,0.36041453142304425
2799,G07,GC07,0.9321859184064071,0.08586144444503008
2800,G09,GC09,0.8381222469552341,0.42744408274943463
2801,G09,GC09,0.8381222469552341,0.42744408274943463
2802,G09,GC09,0.8381222469552341,0.42744408274943463
2803,G07,GC07,0.9985759975932954,0.36041453142304425
2804,G07,GC07,0.9321859184064071,0.08586144444503008
2805,G10,GC09,0.99088874015345,0.14768695304343504
2806,G06,GC06,0.9861430538792424,0.26561036244133074
2807,G05,GC05,0.9999882223456044,0.43132191835929334
2808,G07,GC07,0.9321859184064071,0.08586144444503008
2809,G10,GC10,0.99449283017111,0.21899019378399187
2810,G04,GC04,0.968165397646474,0.21488738708545507
2811,G06,GC06,0.9950100638225778,0.44998691676414615
2812,G05,GC05,0.9999882223456044,0.43132191835929334
2813,G02,GC01,0.9526343565497732,0.17250413743869542
2814,G05,GC05,0.9999882223456044,0.43132191835929334
2815,G06,GC06,0.9950100638225778,0.44998691676414615
2816,G07,GC07,0.9504947721920489,0.6331579719867226
2817,G06,GC06,0.9950100638225778,0.44998691676414615
2818,G07,GC07,0.9985759975932954,0.36041453142304425
2819,G08,GC06,0.9756574976104712,0.3898462953996178
2820,G07,GC07,0.9321859184064071,0.08586144444503008
2821,G05,GC05,0.9207906651920749,0.07892883228329506
2822,G06,GC06,0.9950100638225778,0.44998691676414615
2823,G01,GC08,0.9533458189089106,0.17429799890219966
2824,G10,GC09,0.99088874015345,0.14768695304343504
2825,G08,GC06,0.9580542192913453,0.3528273946926509
2826,G10,GC10,0.99449283017111,0.21899019378399187
2827,G06,GC06,0.9950100638225778,0.44998691676414615
2828,G09,GC09,0.8381222469552341,0.42744408274943463
2829,G09,GC09,0.971957924683411,0.37594044454343145
2830,G05,GC05,0.9207906651920749,0.07892883228329506
2831,G02,GC01,0.9526343565497732,0.17250413743869542
2832,G10,GC09,0.99088874015345,0.14768695304343504
2833,G06,GC06,0.9861430538792424,0.26561036244133074
2834,G01,GC08,0.9994249585196648,0.47414197468619124
2835,G04,GC04,0.968165397646474,0.21488738708545507
2836,G03,GC02,0.9994394332183293,0.3820798962225841
2837,G07,GC07,0.9985759975932954,0.36041453142304425
2838,G07,GC07,0.9321859184064071,0.08586144444503008
2839,G10,GC09,0.99088874015345,0.14768695304343504
2840,G07,GC07,0.9985759975932954,0.36041453142304425
2842,G05,GC05,0.9999882223456044,0.43132191835929334
2843,G09,GC09,0.971957924683411,0.37594044454343145
2844,G07,GC07,0.9504947721920489,0.6331579719867226
2845,G10,GC10,0.99449283017111,0.21899019378399187
2846,G05,GC05,0.9207906651920749,0.07892883228329506
2847,G06,GC06,0.9950100638225778,0.44998691676414615
2848,G05,GC05,0.9859443723991026,0.2913245372520169
2849,G05,GC05,0.9207906651920749,0.07892883228329506
2850,G06,GC06,0.9861430538792424,0.26561036244133074
2851,G08,GC06,0.9756574976104712,0.3898462953996178
2852,G10,GC09,0.99088874015345,0.14768695304343504
2853,G07,GC07,0.9321859184064071,0.08586144444503008
2854,G06,GC06,0.9950100638225778,0.44998691676414615
2855,G10,GC10,0.982762160580999,0.319927604763941
2856,G09,GC09,0.6686047414031415,0.14981218718484135
2857,G10,GC10,0.8968003750428443,0.09628802703290351
2858,G07,GC07,0.7922711120742614,0.3846798423169094
2859,G08,GC06,0.9580542192913453,0.3528273946926509
2860,G06,GC06,0.9463175863222385,0.12280423622110082
2861,G05,GC05,0.9999882223456044,0.43132191835929334
2862,G07,GC07,0.9504947721920489,0.6331579719867226
2863,G03,GC02,0.9441506495926124,0.08446416763911413
2864,G07,GC07,0.9321859184064071,0.08586144444503008
2865,G10,GC09,0.99088874015345,0.14768695304343504
2866,G04,GC04,0.968165397646474,0.21488738708545507
2867,G04,GC04,0.968165397646474,0.21488738708545507
2868,G05,GC05,0.9999882223456044,0.43132191835929334
2869,G10,GC10,0.9655927797734348,0.06544392142761513
2870,G04,GC04,0.993248024428308,0.5281386209309471
2871,G09,GC09,0.8381222469552341,0.42744408274943463
2872,G07,GC07,0.9504947721920489,0.6331579719867226
2873,G10,GC10,0.9655927797734348,0.06544392142761513
2874,G10,GC10,0.982762160580999,0.319927604763941
2875,G06,GC03,0.9298687568648496,0.3208471456583464
2876,G05,GC05,0.9666525424113166,0.3288381345703597
2877,G05,GC05,0.9666525424113166,0.3288381345703597
2878,G05,GC05,0.9859443723991026,0.2913245372520169
2879,G07,GC07,0.7922711120742614,0.3846798423169094
2880,G04,GC04,0.8975656160578065,0.4899743463004545
2881,G07,GC07,0.9321859184064071,0.08586144444503008
2882,G10,GC10,0.9586300851458205,0.38646772567661236
2883,G06,GC06,0.9463175863222385,0.12280423622110082
2884,G10,GC10,0.9144273577863667,0.33847263977668796
2885,G09,GC09,0.971957924683411,0.37594044454343145
2886,G03,GC03,0.9844167850320632,0.48101812538306044
2887,G03,GC03,0.999905298419327,0.36715158669550463
2888,G03,GC03,0.9760999801239335,0.1817500379290079
2889,G08,GC10,0.85303770440229,0.16749099494362396
2890,G09,GC09,0.971957924683411,0.37594044454343145
2891,G06,GC03,0.9575893498832853,0.3904412208008027
2892,G04,GC04,0.993248024428308,0.5281386209309471
2893,G07,GC07,0.9504947721920489,0.6331579719867226
2894,G08,GC05,0.8413937334020571,0.10213788693044601
2895,G07,GC07,0.9985759975932954,0.36041453142304425
2896,G10,GC09,0.99088874015345,0.14768695304343504
2897,G10,GC10,0.938371550757818,0.23220620337463893
2898,G09,GC09,0.971957924683411,0.37594044454343145
2899,G05,GC05,0.9859443723991026,0.2913245372520169
2900,G03,GC03,0.9760999801239335,0.1817500379290079
2901,G07,GC07,0.9985759975932954,0.36041453142304425
2902,G07,GC07,0.9504947721920489,0.6331579719867226
2903,G03,GC03,0.9760999801239335,0.1817500379290079
2904,G03,GC03,0.999905298419327,0.36715158669550463
2905,G03,GC03,0.9844167850320632,0.48101812538306044
2906,G07,GC07,0.9321859184064071,0.08586144444503008
2907,G06,GC06,0.9463175863222385,0.12280423622110082
2908,G04,GC04,0.968165397646474,0.21488738708545507
2909,G03,GC03,0.9844167850320632,0.48101812538306044
2910,G06,GC06,0.9861430538792424,0.26561036244133074
2911,G07,GC07,0.9985759975932954,0.36041453142304425
2912,G06,GC06,0.9861430538792424,0.26561036244133074
2913,G03,GC03,0.9760999801239335,0.1817500379290079
2914,G10,GC09,0.99088874015345,0.14768695304343504
2915,G10,GC09,0.8698945613933801,0.0874495629875287
2916,G10,GC10,0.99449283017111,0.21899019378399187
2917,G07,GC07,0.9504947721920489,0.6331579719867226
2918,G03,GC02,0.9994394332183293,0.3820798962225841
2919,G03,GC03,0.9760999801239335,0.1817500379290079
2920,G05,GC05,0.9999882223456044,0.43132191835929334
2921,G03,GC03,0.9760999801239335,0.1817500379290079
2922,G06,GC06,0.9463175863222385,0.12280423622110082
2923,G07,GC07,0.9321859184064071,0.08586144444503008
2924,G06,GC06,0.999237282247183,0.43080326478081354
2925,G05,GC05,0.9666525424113166,0.3288381345703597
2926,G10,GC10,0.99449283017111,0.21899019378399187
2927,G04,GC04,0.968165397646474,0.21488738708545507
2928,G10,GC10,0.99449283017111,0.21899019378399187
2929,G03,GC03,0.9844167850320632,0.48101812538306044
2930,G10,GC10,0.982762160580999,0.319927604763941
2931,G09,GC09,0.6686047414031415,0.14981218718484135
2932,G09,GC09,0.971957924683411,0.37594044454343145
2933,G05,GC05,0.9810250360601188,0.3720034248536156
2934,G03,GC03,0.9844167850320632,0.48101812538306044
2935,G05,GC05,0.9938838022001353,0.4267356731176527
2936,G05,GC05,0.9859443723991026,0.2913245372520169
2937,G05,GC05,0.9207906651920749,0.07892883228329506
2938,G10,GC10,0.99449283017111,0.21899019378399187
2939,G10,GC10,0.9655927797734348,0.06544392142761513
2940,G05,GC05,0.9859443723991026,0.2913245372520169
2941,G10,GC09,0.99088874015345,0.14768695304343504
2942,G07,GC07,0.9985759975932954,0.36041453142304425
2943,G05,GC05,0.9859443723991026,0.2913245372520169
2944,G03,GC03,0.9844167850320632,0.48101812538306044
2945,G03,GC03,0.999905298419327,0.36715158669550463
2946,G03,GC02,0.9441506495926124,0.08446416763911413
2947,G09,GC09,0.8381222469552341,0.42744408274943463
2948,G09,GC09,0.8381222469552341,0.42744408274943463
2949,G04,GC04,0.7529538060362797,0.23645723616579428
2950,G10,GC10,0.99449283017111,0.21899019378399187
2951,G03,GC03,0.999905298419327,0.36715158669550463
2952,G04,GC04,0.993248024428308,0.5281386209309471
2953,G03,GC03,0.9844167850320632,0.48101812538306044
2954,G03,GC03,0.9760999801239335,0.1817500379290079
2955,G10,GC10,0.9655927797734348,0.06544392142761513
2956,G10,GC10,0.99449283017111,0.21899019378399187
2957,G06,GC06,0.999237282247183,0.43080326478081354
2958,G03,GC03,0.9760999801239335,0.1817500379290079
2959,G10,GC10,0.9144273577863667,0.33847263977668796
2960,G06,GC06,0.9463175863222385,0.12280423622110082
2961,G10,GC10,0.9655927797734348,0.06544392142761513
2962,G07,GC07,0.9985759975932954,0.36041453142304425
2963,G06,GC06,0.9861430538792424,0.26561036244133074
2964,G07,GC07,0.9985759975932954,0.36041453142304425
2965,G03,GC03,0.999905298419327,0.36715158669550463
2966,G07,GC07,0.9504947721920489,0.6331579719867226
2967,G07,GC07,0.9504947721920489,0.6331579719867226
2968,G08,GC05,0.8636959476067174,0.13425978322226917
2969,G06,GC06,0.9463175863222385,0.12280423622110082
2970,G07,GC07,0.9321859184064071,0.08586144444503008
2971,G10,GC09,0.8698945613933801,0.0874495629875287
2972,G10,GC10,0.99449283017111,0.21899019378399187
2973,G10,GC10,0.9089721877984432,0.27115777995748636
2974,G06,GC06,0.999237282247183,0.43080326478081354
2975,G07,GC07,0.9321859184064071,0.08586144444503008
2976,G08,GC06,0.9060774093166594,0.2823743858503399
2977,G07,GC07,0.9504947721920489,0.6331579719867226
2978,G07,GC07,0.9504947721920489,0.6331579719867226
2979,G07,GC07,0.9321859184064071,0.08586144444503008
2980,G06,GC06,0.9985709028449605,0.36275825558364594
2981,G03,GC03,0.9760999801239335,0.1817500379290079
2982,G07,GC07,0.7922711120742614,0.3846798423169094
2983,G07,GC07,0.9504947721920489,0.6331579719867226
2984,G07,GC07,0.9985759975932954,0.36041453142304425
2985,G06,GC06,0.9950100638225778,0.44998691676414615
2986,G07,GC07,0.9321859184064071,0.08586144444503008
2987,G06,GC06,0.9463175863222385,0.12280423622110082
2988,G07,GC07,0.9504947721920489,0.6331579719867226
2989,G03,GC02,0.9441506495926124,0.08446416763911413
2990,G03,GC02,0.9441506495926124,0.08446416763911413
2991,G10,GC10,0.9655927797734348,0.06544392142761513
2992,G06,GC06,0.9463175863222385,0.12280423622110082
2993,G08,GC05,0.8636959476067174,0.13425978322226917
2994,G08,GC05,0.8636959476067174,0.13425978322226917
2995,G07,GC07,0.9504947721920489,0.6331579719867226
2996,G07,GC07,0.9504947721920489,0.6331579719867226
2997,G07,GC07,0.9985759975932954,0.36041453142304425
2998,G03,GC03,0.9760999801239335,0.1817500379290079
2999,G10,GC10,0.9655927797734348,0.06544392142761513
3000,G07,GC07,0.9985759975932954,0.36041453142304425
3001,G07,GC07,0.9985759975932954,0.36041453142304425
3002,G10,GC10,0.9328735775488933,0.3238519663423901
3003,G10,GC10,0.99449283017111,0.21899019378399187
3004,G09,GC09,0.8381222469552341,0.42744408274943463
3005,G09,GC09,0.6686047414031415,0.14981218718484135
3006,G10,GC10,0.99449283017111,0.21899019378399187
3007,G07,GC07,0.9321859184064071,0.08586144444503008
3008,G07,GC07,0.9504947721920489,0.6331579719867226
3009,G07,GC07,0.7922711120742614,0.3846798423169094
3010,G06,GC06,0.9463175863222385,0.12280423622110082
3011,G06,GC06,0.9861430538792424,0.26561036244133074
3012,G06,GC06,0.9463175863222385,0.12280423622110082
3013,G06,GC06,0.9463175863222385,0.12280423622110082
3014,G08,GC06,0.9449672502108197,0.3783477529992548
3015,G07,GC07,0.9985759975932954,0.36041453142304425
3016,G06,GC06,0.9861430538792424,0.26561036244133074
3017,G07,GC07,0.9504947721920489,0.6331579719867226
3018,G07,GC07,0.9504947721920489,0.6331579719867226
3019,G07,GC07,0.9504947721920489,0.6331579719867226
3020,G07,GC07,0.9504947721920489,0.6331579719867226
3021,G07,GC07,0.9504947721920489,0.6331579719867226
3022,G04,GC04,0.8975656160578065,0.4899743463004545
3023,G09,GC09,0.8381222469552341,0.42744408274943463
3024,G07,GC07,0.9985759975932954,0.36041453142304425
3025,G07,GC07,0.9985759975932954,0.36041453142304425
3026,G10,GC09,0.99088874015345,0.14768695304343504
3027,G07,GC07,0.7922711120742614,0.3846798423169094
3028,G09,GC09,0.971957924683411,0.37594044454343145
3029,G06,GC06,0.9861430538792424,0.26561036244133074
3030,G05,GC05,0.9810250360601188,0.3720034248536156
3031,G05,GC05,0.9859443723991026,0.2913245372520169
3032,G08,GC05,0.9000715730613211,0.19180369338630687
3033,G07,GC07,0.9985759975932954,0.36041453142304425
3034,G07,GC07,0.9321859184064071,0.08586144444503008
3035,G10,GC09,0.99088874015345,0.14768695304343504
3036,G05,GC05,0.9282544378589607,0.24270772840029464
3037,G07,GC07,0.9504947721920489,0.6331579719867226
3038,G08,GC05,0.9000715730613211,0.19180369338630687
3039,G05,GC05,0.9207906651920749,0.07892883228329506
3040,G09,GC09,0.971957924683411,0.37594044454343145
3041,G07,GC07,0.6074501106821558,0.0909535408116704
3042,G06,GC06,0.9861430538792424,0.26561036244133074
3043,G07,GC07,0.7922711120742614,0.3846798423169094
3044,G08,GC06,0.8841883309808859,0.24744652310822557
3045,G10,GC10,0.9328735775488933,0.3238519663423901
3046,G03,GC03,0.9844167850320632,0.48101812538306044
3047,G06,GC06,0.9861430538792424,0.26561036244133074
3048,G06,GC06,0.9463175863222385,0.12280423622110082
3049,G03,GC03,0.999905298419327,0.36715158669550463
3050,G07,GC07,0.9321859184064071,0.08586144444503008
3051,G09,GC09,0.971957924683411,0.37594044454343145
3052,G05,GC05,0.9999882223456044,0.43132191835929334
3053,G05,GC05,0.9859443723991026,0.2913245372520169
3054,G03,GC02,0.9441506495926124,0.08446416763911413
3055,G06,GC06,0.9861430538792424,0.26561036244133074
3056,G06,GC06,0.999237282247183,0.43080326478081354
3057,G06,GC06,0.9861430538792424,0.26561036244133074
3058,G07,GC07,0.9504947721920489,0.6331579719867226
3059,G07,GC07,0.9504947721920489,0.6331579719867226
3060,G07,GC07,0.9985759975932954,0.36041453142304425
3061,G06,GC06,0.9950100638225778,0.44998691676414615
3062,G07,GC07,0.9985759975932954,0.36041453142304425
3063,G06,GC06,0.9861430538792424,0.26561036244133074
3064,G05,GC05,0.9999882223456044,0.43132191835929334
3065,G06,GC06,0.9463175863222385,0.12280423622110082
3066,G07,GC07,0.9985759975932954,0.36041453142304425
3067,G07,GC07,0.9504947721920489,0.6331579719867226
3068,G07,GC07,0.9321859184064071,0.08586144444503008
3069,G03,GC02,0.9994394332183293,0.3820798962225841
3070,G03,GC02,0.9441506495926124,0.08446416763911413
3071,G10,GC10,0.99449283017111,0.21899019378399187
3072,G10,GC10,0.9655927797734348,0.06544392142761513
3073,G10,GC10,0.982762160580999,0.319927604763941
3074,G10,GC10,0.9586300851458205,0.38646772567661236
3075,G08,GC10,0.85303770440229,0.16749099494362396
3076,G03,GC02,0.9441506495926124,0.08446416763911413
3077,G10,GC10,0.99449283017111,0.21899019378399187
3078,G10,GC10,0.99449283017111,0.21899019378399187
3079,G08,GC05,0.9000715730613211,0.19180369338630687
3080,G07,GC07,0.7922711120742614,0.3846798423169094
3081,G07,GC07,0.9504947721920489,0.6331579719867226
3082,G07,GC07,0.9985759975932954,0.36041453142304425
3083,G07,GC07,0.9321859184064071,0.08586144444503008
3084,G07,GC07,0.9321859184064071,0.08586144444503008
3085,G05,GC05,0.9282544378589607,0.24270772840029464
3086,G06,GC06,0.9463175863222385,0.12280423622110082
3087,G05,GC05,0.9859443723991026,0.2913245372520169
3088,G03,GC02,0.9441506495926124,0.08446416763911413
3089,G03,GC03,0.9760999801239335,0.1817500379290079
3090,G03,GC03,0.9760999801239335,0.1817500379290079
3091,G03,GC02,0.9441506495926124,0.08446416763911413
3092,G07,GC07,0.9985759975932954,0.36041453142304425
3093,G05,GC05,0.9938838022001353,0.4267356731176527
3094,G07,GC07,0.9985759975932954,0.36041453142304425
3095,G03,GC02,0.9441506495926124,0.08446416763911413
3096,G05,GC05,0.9859443723991026,0.2913245372520169
3097,G07,GC07,0.9321859184064071,0.08586144444503008
3098,G03,GC03,0.9760999801239335,0.1817500379290079
3099,G03,GC03,0.9760999801239335,0.1817500379290079
3100,G06,GC06,0.9950100638225778,0.44998691676414615
3101,G08,GC05,0.8636959476067174,0.13425978322226917
3102,G07,GC07,0.9985759975932954,0.36041453142304425
3103,G08,GC05,0.9000715730613211,0.19180369338630687
3104,G06,GC06,0.9861430538792424,0.26561036244133074
3105,G04,GC04,0.968165397646474,0.21488738708545507
3106,G03,GC02,0.9994394332183293,0.3820798962225841
3107,G03,GC02,0.9994394332183293,0.3820798962225841
3108,G09,GC09,0.8381222469552341,0.42744408274943463
3109,G03,GC02,0.9441506495926124,0.08446416763911413
3110,G06,GC06,0.999237282247183,0.43080326478081354
3111,G03,GC03,0.9844167850320632,0.48101812538306044
3112,G07,GC07,0.9504947721920489,0.6331579719867226
3113,G03,GC03,0.999905298419327,0.36715158669550463
3114,G03,GC02,0.9441506495926124,0.08446416763911413
3115,G05,GC05,0.9999882223456044,0.43132191835929334
3116,G06,GC03,0.9044958023987766,0.2666813945578197
3117,G06,GC06,0.9861430538792424,0.26561036244133074
