PC1,PC2,PC3,PC4,PC5,PC6,PC7,source_index
-0.56599590829601,-0.29855940533703296,0.27605220002783293,-0.056095800718575124,-0.13405779968739456,-0.02286051725649463,-8.326672684688674e-17,1
0.04481950223155255,-0.3549341943439374,0.29416890420359587,0.0953700462864196,0.017674045896611458,-0.032022590360352786,0.0,2
0.6034426744239846,-0.06717455893432327,-0.31409017593016963,0.5369177706552472,0.21314499075819587,-0.012918844273535703,8.604228440844963e-16,3
1.5919450432868156,-0.251763340775013,-0.22702479775915765,0.0456816127876457,0.1401558112569634,-0.016731527410681415,-2.220446049250313e-16,4
0.06362334066286972,-0.11070793838154303,-0.27235461703782,-0.3333011980489612,-0.23949255482622603,0.006192902661505991,-3.885780586188048e-16,5
0.2324889993276288,-0.12629327842644383,-0.26734608396752224,-0.29142704166901195,-0.1975448606401336,0.003659961477063059,-3.608224830031759e-16,6
0.3221339448767597,-0.39000053501391485,0.3138805425407962,0.1689280046389268,0.09028092228654677,0.2796394036797264,0.0,7
0.046064401867274354,-0.36452088605589306,0.30569235645963444,0.10047015887485589,0.021702853448723695,0.2837803753893579,-2.7755575615628914e-17,8
-0.5647510086602882,-0.3081460970489886,0.2875756522838715,-0.05099568813013884,-0.13002899213528232,0.2929424484932161,-1.1102230246251565e-16,9
0.3208890452410379,-0.3804138433019592,0.30235709028475766,0.1638278920504905,0.08625211473443453,-0.036163562069984334,2.7755575615628914e-17,10
-0.12280125679748471,-0.34893554601099225,0.3006838233893367,0.058596002494906645,-0.02024484073736873,0.2863133165738009,-5.551115123125783e-17,11
-0.56599590829601,-0.29855940533703296,0.27605220002783293,-0.056095800718575124,-0.13405779968739456,-0.02286051725649463,-8.326672684688674e-17,12
-0.3232154578671538,-0.3209666603473588,0.2832530360320837,0.0041072425031078025,-0.073749030163276,-0.026502161191272893,-5.551115123125783e-17,13
-0.33202817009135394,0.019899362383423318,-0.10568093443160334,-0.28487978546044757,0.42467442129003374,-0.003619460728599049,2.7755575615628914e-17,14
-0.5748086205202102,0.042306617393749205,-0.11288177043585407,-0.34508282868213047,0.3643656517659152,2.218320617921113e-05,0.0,15
0.3221339448767597,-0.39000053501391485,0.3138805425407962,0.1689280046389268,0.09028092228654677,0.2796394036797264,0.0,16
0.8255095423617069,-0.18102570235371715,-0.24975717320474458,-0.1443738447556616,-0.05023341447659601,-0.005235193218977,-3.0531133177191805e-16,17
-0.321970558231432,-0.33055335205931446,0.29477648828812225,0.009207355091544085,-0.06972022261116376,0.2893008045584378,-8.326672684688674e-17,18
-0.3232154578671538,-0.3209666603473588,0.2832530360320837,0.0041072425031078025,-0.073749030163276,-0.026502161191272893,-5.551115123125783e-17,19
-0.1584435272748526,0.003143205037850866,-0.336687619763245,0.3479904173619476,0.023885850408565834,-0.001490748393052712,7.771561172376096e-16,20
-0.3232154578671538,-0.3209666603473588,0.2832530360320837,0.0041072425031078025,-0.073749030163276,-0.026502161191272893,-5.551115123125783e-17,21
-0.45876050537666635,0.44382509185477415,0.17254499608229204,-0.13354270168537052,-0.1794558011276171,0.3215129492261063,-1.3877787807814457e-16,22
-0.5647510086602882,-0.3081460970489886,0.2875756522838715,-0.05099568813013884,-0.13002899213528232,0.2929424484932161,-1.1102230246251565e-16,23
-0.018055653149584662,0.41262233460472614,0.1741297149317186,-0.029051123648761338,-0.07370045728181573,-0.0009191484430196226,-5.551115123125783e-17,24
1.0718893420951354,-0.20376515683725566,-0.2424495809768422,-0.08327825939819172,0.010969464631975494,-0.0089308264619594,-2.7755575615628914e-16,26
-0.12280125679748471,-0.34893554601099225,0.3006838233893367,0.058596002494906645,-0.02024484073736873,0.2863133165738009,-5.551115123125783e-17,27
-0.321970558231432,-0.33055335205931446,0.29477648828812225,0.009207355091544085,-0.06972022261116376,0.2893008045584378,-8.326672684688674e-17,28
-0.8757550395242429,-0.27944219351598976,0.27835131391990375,-0.12811635035457494,-0.2072850907433636,0.2976074284810475,-1.3877787807814457e-16,29
-0.5647510086602882,-0.3081460970489886,0.2875756522838715,-0.05099568813013884,-0.13002899213528232,0.2929424484932161,-1.1102230246251565e-16,30
-0.1584435272748526,0.003143205037850866,-0.336687619763245,0.3479904173619476,0.023885850408565834,-0.001490748393052712,7.771561172376096e-16,31
0.010422131389906455,-0.012442135007049923,-0.33167908669294727,0.3898645737418968,0.06583354459465826,-0.004023689577495645,8.049116928532385e-16,32
-0.45876050537666635,0.44382509185477415,0.17254499608229204,-0.13354270168537052,-0.1794558011276171,0.3215129492261063,-1.3877787807814457e-16,33
0.6390849449013526,-0.4192533099831664,0.32328126722241207,0.24752335578820625,0.1690142996122613,0.2748852206933179,2.7755575615628914e-17,34
-0.56599590829601,-0.29855940533703296,0.27605220002783293,-0.056095800718575124,-0.13405779968739456,-0.02286051725649463,-8.326672684688674e-17,35
0.5085585423371142,-0.15177292738446563,-0.25915789788636046,-0.22296919590494105,-0.12896679180231052,-0.00048101023256849097,-3.3306690738754696e-16,36
0.2324889993276288,-0.12629327842644383,-0.26734608396752224,-0.29142704166901195,-0.1975448606401336,0.003659961477063059,-3.608224830031759e-16,37
0.04481950223155255,-0.3549341943439374,0.29416890420359587,0.0953700462864196,0.017674045896611458,-0.032022590360352786,0.0,38
-0.12280125679748471,-0.34893554601099225,0.3006838233893367,0.058596002494906645,-0.02024484073736873,0.2863133165738009,-5.551115123125783e-17,39
0.03600679000735241,-0.014068171613155229,-0.09476506626009115,-0.19361698167713576,0.5160974973499212,-0.009139889897678942,8.326672684688674e-17,40
-0.33202817009135394,0.019899362383423318,-0.10568093443160334,-0.28487978546044757,0.42467442129003374,-0.003619460728599049,2.7755575615628914e-17,41
0.31207633301683774,-0.039547820571177034,-0.08657688017892937,-0.12515913591306485,0.5846755661877443,-0.013280861607310492,1.1102230246251565e-16,42
-0.13285886865740665,0.0015171684317455622,-0.0997735993303889,-0.23549113805708502,0.47414980316382876,-0.006606948713236009,5.551115123125783e-17,43
-0.13285886865740665,0.0015171684317455622,-0.0997735993303889,-0.23549113805708502,0.47414980316382876,-0.006606948713236009,5.551115123125783e-17,44
0.29738724207237716,0.38350874913296157,0.18348570942463194,0.0491702579389029,0.004658293731115256,-0.005650710247624531,-2.7755575615628914e-17,45
0.15081000551517443,0.39703699455982533,0.17913824800201636,0.01282303273118792,-0.031752763095723315,-0.003452089627462555,-2.7755575615628914e-17,46
-0.4600054050123882,0.4534117835667298,0.16102154382625344,-0.1386428142738068,-0.18348460867972935,0.005709983476395597,-1.1102230246251565e-16,47
0.2864916743993918,-0.03792178396507172,-0.3234909006117855,0.45832241950596775,0.13441161343248134,-0.008164661287127194,8.326672684688674e-16,48
-0.3576128287087999,0.021525398989528623,-0.34259495486445946,0.298601769958585,-0.025589531465229194,0.0014967395915842473,7.494005416219807e-16,49
0.15699936794710923,-0.025970380433913712,-0.3273316252703317,0.4262117989496118,0.10224460142149683,-0.00622231019765762,8.049116928532385e-16,50
0.010422131389906455,-0.012442135007049923,-0.33167908669294727,0.3898645737418968,0.06583354459465826,-0.004023689577495645,8.049116928532385e-16,51
0.08612330210229303,-0.01942892259120809,-0.329433799995988,0.40863643467336547,0.08463837195672431,-0.005159187549813477,8.049116928532385e-16,52
-0.13285886865740665,0.0015171684317455622,-0.0997735993303889,-0.23549113805708502,0.47414980316382876,-0.006606948713236009,5.551115123125783e-17,53
0.9902103482826811,0.3195651161490135,0.20403475099269644,0.22097181500200816,0.1767615621763858,-0.016042877566485016,5.551115123125783e-17,54
-0.13285886865740665,0.0015171684317455622,-0.0997735993303889,-0.23549113805708502,0.47414980316382876,-0.006606948713236009,5.551115123125783e-17,55
-0.5748086205202102,0.042306617393749205,-0.11288177043585407,-0.34508282868213047,0.3643656517659152,2.218320617921113e-05,0.0,56
-0.3232154578671538,-0.3209666603473588,0.2832530360320837,0.0041072425031078025,-0.073749030163276,-0.026502161191272893,-5.551115123125783e-17,57
0.03600679000735241,-0.014068171613155229,-0.09476506626009115,-0.19361698167713576,0.5160974973499212,-0.009139889897678942,8.326672684688674e-17,58
1.5102660494743612,0.27156693221125616,0.21945953421038097,0.34993168718784556,0.3059479088013737,-0.023843578515207027,1.1102230246251565e-16,59
0.5418859418738179,-0.40081060016847814,0.30891182896857655,0.2186291979066217,0.14114966056659947,-0.03947845833451456,5.551115123125783e-17,60
-0.5748086205202102,0.042306617393749205,-0.11288177043585407,-0.34508282868213047,0.3643656517659152,2.218320617921113e-05,0.0,61
-0.5748086205202102,0.042306617393749205,-0.11288177043585407,-0.34508282868213047,0.3643656517659152,2.218320617921113e-05,0.0,62
-0.12404615643320652,-0.3393488542990366,0.2891603711332981,0.053495889906470355,-0.024273648289480962,-0.029489649175909852,-2.7755575615628914e-17,63
-0.018055653149584662,0.41262233460472614,0.1741297149317186,-0.029051123648761338,-0.07370045728181573,-0.0009191484430196226,-5.551115123125783e-17,64
-0.018055653149584662,0.41262233460472614,0.1741297149317186,-0.029051123648761338,-0.07370045728181573,-0.0009191484430196226,-5.551115123125783e-17,65
-0.018055653149584662,0.41262233460472614,0.1741297149317186,-0.029051123648761338,-0.07370045728181573,-0.0009191484430196226,-5.551115123125783e-17,66
-0.018055653149584662,0.41262233460472614,0.1741297149317186,-0.029051123648761338,-0.07370045728181573,-0.0009191484430196226,-5.551115123125783e-17,67
-0.12404615643320652,-0.3393488542990366,0.2891603711332981,0.053495889906470355,-0.024273648289480962,-0.029489649175909852,-2.7755575615628914e-17,68
-0.018055653149584662,0.41262233460472614,0.1741297149317186,-0.029051123648761338,-0.07370045728181573,-0.0009191484430196226,-5.551115123125783e-17,69
0.5085585423371142,-0.15177292738446563,-0.25915789788636046,-0.22296919590494105,-0.12896679180231052,-0.00048101023256849097,-3.3306690738754696e-16,70
0.5085585423371142,-0.15177292738446563,-0.25915789788636046,-0.22296919590494105,-0.12896679180231052,-0.00048101023256849097,-3.3306690738754696e-16,71
-0.018055653149584662,0.41262233460472614,0.1741297149317186,-0.029051123648761338,-0.07370045728181573,-0.0009191484430196226,-5.551115123125783e-17,72
-0.018055653149584662,0.41262233460472614,0.1741297149317186,-0.029051123648761338,-0.07370045728181573,-0.0009191484430196226,-5.551115123125783e-17,73
-0.5748086205202102,0.042306617393749205,-0.11288177043585407,-0.34508282868213047,0.3643656517659152,2.218320617921113e-05,0.0,74
-0.5748086205202102,0.042306617393749205,-0.11288177043585407,-0.34508282868213047,0.3643656517659152,2.218320617921113e-05,0.0,75
-0.12404615643320652,-0.3393488542990366,0.2891603711332981,0.053495889906470355,-0.024273648289480962,-0.029489649175909852,-2.7755575615628914e-17,76
-0.12404615643320652,-0.3393488542990366,0.2891603711332981,0.053495889906470355,-0.024273648289480962,-0.029489649175909852,-2.7755575615628914e-17,77
-0.5748086205202102,0.042306617393749205,-0.11288177043585407,-0.34508282868213047,0.3643656517659152,2.218320617921113e-05,0.0,78
-0.5748086205202102,0.042306617393749205,-0.11288177043585407,-0.34508282868213047,0.3643656517659152,2.218320617921113e-05,0.0,79
0.5085585423371142,-0.15177292738446563,-0.25915789788636046,-0.22296919590494105,-0.12896679180231052,-0.00048101023256849097,-3.3306690738754696e-16,80
0.5085585423371142,-0.15177292738446563,-0.25915789788636046,-0.22296919590494105,-0.12896679180231052,-0.00048101023256849097,-3.3306690738754696e-16,81
-0.12404615643320652,-0.3393488542990366,0.2891603711332981,0.053495889906470355,-0.024273648289480962,-0.029489649175909852,-2.7755575615628914e-17,82
-0.018055653149584662,0.41262233460472614,0.1741297149317186,-0.029051123648761338,-0.07370045728181573,-0.0009191484430196226,-5.551115123125783e-17,83
0.5085585423371142,-0.15177292738446563,-0.25915789788636046,-0.22296919590494105,-0.12896679180231052,-0.00048101023256849097,-3.3306690738754696e-16,84
0.5085585423371142,-0.15177292738446563,-0.25915789788636046,-0.22296919590494105,-0.12896679180231052,-0.00048101023256849097,-3.3306690738754696e-16,85
-0.5748086205202102,0.042306617393749205,-0.11288177043585407,-0.34508282868213047,0.3643656517659152,2.218320617921113e-05,0.0,86
-0.5748086205202102,0.042306617393749205,-0.11288177043585407,-0.34508282868213047,0.3643656517659152,2.218320617921113e-05,0.0,87
0.5085585423371142,-0.15177292738446563,-0.25915789788636046,-0.22296919590494105,-0.12896679180231052,-0.00048101023256849097,-3.3306690738754696e-16,88
-0.018055653149584662,0.41262233460472614,0.1741297149317186,-0.029051123648761338,-0.07370045728181573,-0.0009191484430196226,-5.551115123125783e-17,89
-0.5748086205202102,0.042306617393749205,-0.11288177043585407,-0.34508282868213047,0.3643656517659152,2.218320617921113e-05,0.0,90
-0.5748086205202102,0.042306617393749205,-0.11288177043585407,-0.34508282868213047,0.3643656517659152,2.218320617921113e-05,0.0,91
-0.018055653149584662,0.41262233460472614,0.1741297149317186,-0.029051123648761338,-0.07370045728181573,-0.0009191484430196226,-5.551115123125783e-17,92
-0.12404615643320652,-0.3393488542990366,0.2891603711332981,0.053495889906470355,-0.024273648289480962,-0.029489649175909852,-2.7755575615628914e-17,93
-0.018055653149584662,0.41262233460472614,0.1741297149317186,-0.029051123648761338,-0.07370045728181573,-0.0009191484430196226,-5.551115123125783e-17,94
0.5085585423371142,-0.15177292738446563,-0.25915789788636046,-0.22296919590494105,-0.12896679180231052,-0.00048101023256849097,-3.3306690738754696e-16,95
-0.018055653149584662,0.41262233460472614,0.1741297149317186,-0.029051123648761338,-0.07370045728181573,-0.0009191484430196226,-5.551115123125783e-17,96
-0.018055653149584662,0.41262233460472614,0.1741297149317186,-0.029051123648761338,-0.07370045728181573,-0.0009191484430196226,-5.551115123125783e-17,97
-0.018055653149584662,0.41262233460472614,0.1741297149317186,-0.029051123648761338,-0.07370045728181573,-0.0009191484430196226,-5.551115123125783e-17,98
-0.018055653149584662,0.41262233460472614,0.1741297149317186,-0.029051123648761338,-0.07370045728181573,-0.0009191484430196226,-5.551115123125783e-17,99
-0.018055653149584662,0.41262233460472614,0.1741297149317186,-0.029051123648761338,-0.07370045728181573,-0.0009191484430196226,-5.551115123125783e-17,100
-0.5748086205202102,0.042306617393749205,-0.11288177043585407,-0.34508282868213047,0.3643656517659152,2.218320617921113e-05,0.0,101
-0.018055653149584662,0.41262233460472614,0.1741297149317186,-0.029051123648761338,-0.07370045728181573,-0.0009191484430196226,-5.551115123125783e-17,102
-0.5748086205202102,0.042306617393749205,-0.11288177043585407,-0.34508282868213047,0.3643656517659152,2.218320617921113e-05,0.0,103
-0.018055653149584662,0.41262233460472614,0.1741297149317186,-0.029051123648761338,-0.07370045728181573,-0.0009191484430196226,-5.551115123125783e-17,104
-0.018055653149584662,0.41262233460472614,0.1741297149317186,-0.029051123648761338,-0.07370045728181573,-0.0009191484430196226,-5.551115123125783e-17,105
-0.018055653149584662,0.41262233460472614,0.1741297149317186,-0.029051123648761338,-0.07370045728181573,-0.0009191484430196226,-5.551115123125783e-17,106
-0.018055653149584662,0.41262233460472614,0.1741297149317186,-0.029051123648761338,-0.07370045728181573,-0.0009191484430196226,-5.551115123125783e-17,107
-0.018055653149584662,0.41262233460472614,0.1741297149317186,-0.029051123648761338,-0.07370045728181573,-0.0009191484430196226,-5.551115123125783e-17,108
-0.12404615643320652,-0.3393488542990366,0.2891603711332981,0.053495889906470355,-0.024273648289480962,-0.029489649175909852,-2.7755575615628914e-17,109
-0.018055653149584662,0.41262233460472614,0.1741297149317186,-0.029051123648761338,-0.07370045728181573,-0.0009191484430196226,-5.551115123125783e-17,110
-0.018055653149584662,0.41262233460472614,0.1741297149317186,-0.029051123648761338,-0.07370045728181573,-0.0009191484430196226,-5.551115123125783e-17,111
-0.018055653149584662,0.41262233460472614,0.1741297149317186,-0.029051123648761338,-0.07370045728181573,-0.0009191484430196226,-5.551115123125783e-17,112
-0.018055653149584662,0.41262233460472614,0.1741297149317186,-0.029051123648761338,-0.07370045728181573,-0.0009191484430196226,-5.551115123125783e-17,113
-0.018055653149584662,0.41262233460472614,0.1741297149317186,-0.029051123648761338,-0.07370045728181573,-0.0009191484430196226,-5.551115123125783e-17,114
-0.018055653149584662,0.41262233460472614,0.1741297149317186,-0.029051123648761338,-0.07370045728181573,-0.0009191484430196226,-5.551115123125783e-17,115
-0.018055653149584662,0.41262233460472614,0.1741297149317186,-0.029051123648761338,-0.07370045728181573,-0.0009191484430196226,-5.551115123125783e-17,116
-0.018055653149584662,0.41262233460472614,0.1741297149317186,-0.029051123648761338,-0.07370045728181573,-0.0009191484430196226,-5.551115123125783e-17,117
-0.018055653149584662,0.41262233460472614,0.1741297149317186,-0.029051123648761338,-0.07370045728181573,-0.0009191484430196226,-5.551115123125783e-17,118
-0.018055653149584662,0.41262233460472614,0.1741297149317186,-0.029051123648761338,-0.07370045728181573,-0.0009191484430196226,-5.551115123125783e-17,119
-0.018055653149584662,0.41262233460472614,0.1741297149317186,-0.029051123648761338,-0.07370045728181573,-0.0009191484430196226,-5.551115123125783e-17,120
0.5085585423371142,-0.15177292738446563,-0.25915789788636046,-0.22296919590494105,-0.12896679180231052,-0.00048101023256849097,-3.3306690738754696e-16,121
0.5085585423371142,-0.15177292738446563,-0.25915789788636046,-0.22296919590494105,-0.12896679180231052,-0.00048101023256849097,-3.3306690738754696e-16,122
-0.018055653149584662,0.41262233460472614,0.1741297149317186,-0.029051123648761338,-0.07370045728181573,-0.0009191484430196226,-5.551115123125783e-17,123
-0.12404615643320652,-0.3393488542990366,0.2891603711332981,0.053495889906470355,-0.024273648289480962,-0.029489649175909852,-2.7755575615628914e-17,124
-0.018055653149584662,0.41262233460472614,0.1741297149317186,-0.029051123648761338,-0.07370045728181573,-0.0009191484430196226,-5.551115123125783e-17,125
-0.018055653149584662,0.41262233460472614,0.1741297149317186,-0.029051123648761338,-0.07370045728181573,-0.0009191484430196226,-5.551115123125783e-17,126
-0.12404615643320652,-0.3393488542990366,0.2891603711332981,0.053495889906470355,-0.024273648289480962,-0.029489649175909852,-2.7755575615628914e-17,127
0.5085585423371142,-0.15177292738446563,-0.25915789788636046,-0.22296919590494105,-0.12896679180231052,-0.00048101023256849097,-3.3306690738754696e-16,128
-0.018055653149584662,0.41262233460472614,0.1741297149317186,-0.029051123648761338,-0.07370045728181573,-0.0009191484430196226,-5.551115123125783e-17,129
-0.3576128287087999,0.021525398989528623,-0.34259495486445946,0.298601769958585,-0.025589531465229194,0.0014967395915842473,7.494005416219807e-16,130
-0.018055653149584662,0.41262233460472614,0.1741297149317186,-0.029051123648761338,-0.07370045728181573,-0.0009191484430196226,-5.551115123125783e-17,131
-0.3576128287087999,0.021525398989528623,-0.34259495486445946,0.298601769958585,-0.025589531465229194,0.0014967395915842473,7.494005416219807e-16,132
0.5085585423371142,-0.15177292738446563,-0.25915789788636046,-0.22296919590494105,-0.12896679180231052,-0.00048101023256849097,-3.3306690738754696e-16,133
0.5085585423371142,-0.15177292738446563,-0.25915789788636046,-0.22296919590494105,-0.12896679180231052,-0.00048101023256849097,-3.3306690738754696e-16,134
-0.018055653149584662,0.41262233460472614,0.1741297149317186,-0.029051123648761338,-0.07370045728181573,-0.0009191484430196226,-5.551115123125783e-17,135
-0.12404615643320652,-0.3393488542990366,0.2891603711332981,0.053495889906470355,-0.024273648289480962,-0.029489649175909852,-2.7755575615628914e-17,136
-0.018055653149584662,0.41262233460472614,0.1741297149317186,-0.029051123648761338,-0.07370045728181573,-0.0009191484430196226,-5.551115123125783e-17,137
-0.018055653149584662,0.41262233460472614,0.1741297149317186,-0.029051123648761338,-0.07370045728181573,-0.0009191484430196226,-5.551115123125783e-17,138
-0.018055653149584662,0.41262233460472614,0.1741297149317186,-0.029051123648761338,-0.07370045728181573,-0.0009191484430196226,-5.551115123125783e-17,139
-0.12404615643320652,-0.3393488542990366,0.2891603711332981,0.053495889906470355,-0.024273648289480962,-0.029489649175909852,-2.7755575615628914e-17,140
-0.018055653149584662,0.41262233460472614,0.1741297149317186,-0.029051123648761338,-0.07370045728181573,-0.0009191484430196226,-5.551115123125783e-17,141
-0.018055653149584662,0.41262233460472614,0.1741297149317186,-0.029051123648761338,-0.07370045728181573,-0.0009191484430196226,-5.551115123125783e-17,142
-0.12404615643320652,-0.3393488542990366,0.2891603711332981,0.053495889906470355,-0.024273648289480962,-0.029489649175909852,-2.7755575615628914e-17,143
-0.018055653149584662,0.41262233460472614,0.1741297149317186,-0.029051123648761338,-0.07370045728181573,-0.0009191484430196226,-5.551115123125783e-17,144
0.5085585423371142,-0.15177292738446563,-0.25915789788636046,-0.22296919590494105,-0.12896679180231052,-0.00048101023256849097,-3.3306690738754696e-16,145
-0.018055653149584662,0.41262233460472614,0.1741297149317186,-0.029051123648761338,-0.07370045728181573,-0.0009191484430196226,-5.551115123125783e-17,146
-0.018055653149584662,0.41262233460472614,0.1741297149317186,-0.029051123648761338,-0.07370045728181573,-0.0009191484430196226,-5.551115123125783e-17,147
-0.018055653149584662,0.41262233460472614,0.1741297149317186,-0.029051123648761338,-0.07370045728181573,-0.0009191484430196226,-5.551115123125783e-17,148
-0.018055653149584662,0.41262233460472614,0.1741297149317186,-0.029051123648761338,-0.07370045728181573,-0.0009191484430196226,-5.551115123125783e-17,149
-0.018055653149584662,0.41262233460472614,0.1741297149317186,-0.029051123648761338,-0.07370045728181573,-0.0009191484430196226,-5.551115123125783e-17,150
-0.12404615643320652,-0.3393488542990366,0.2891603711332981,0.053495889906470355,-0.024273648289480962,-0.029489649175909852,-2.7755575615628914e-17,151
-0.018055653149584662,0.41262233460472614,0.1741297149317186,-0.029051123648761338,-0.07370045728181573,-0.0009191484430196226,-5.551115123125783e-17,152
-0.018055653149584662,0.41262233460472614,0.1741297149317186,-0.029051123648761338,-0.07370045728181573,-0.0009191484430196226,-5.551115123125783e-17,153
0.5085585423371142,-0.15177292738446563,-0.25915789788636046,-0.22296919590494105,-0.12896679180231052,-0.00048101023256849097,-3.3306690738754696e-16,154
-0.018055653149584662,0.41262233460472614,0.1741297149317186,-0.029051123648761338,-0.07370045728181573,-0.0009191484430196226,-5.551115123125783e-17,155
0.5085585423371142,-0.15177292738446563,-0.25915789788636046,-0.22296919590494105,-0.12896679180231052,-0.00048101023256849097,-3.3306690738754696e-16,156
-0.018055653149584662,0.41262233460472614,0.1741297149317186,-0.029051123648761338,-0.07370045728181573,-0.0009191484430196226,-5.551115123125783e-17,157
-0.018055653149584662,0.41262233460472614,0.1741297149317186,-0.029051123648761338,-0.07370045728181573,-0.0009191484430196226,-5.551115123125783e-17,158
-0.12404615643320652,-0.3393488542990366,0.2891603711332981,0.053495889906470355,-0.024273648289480962,-0.029489649175909852,-2.7755575615628914e-17,159
-0.3576128287087999,0.021525398989528623,-0.34259495486445946,0.298601769958585,-0.025589531465229194,0.0014967395915842473,7.494005416219807e-16,160
-0.12404615643320652,-0.3393488542990366,0.2891603711332981,0.053495889906470355,-0.024273648289480962,-0.029489649175909852,-2.7755575615628914e-17,161
-0.018055653149584662,0.41262233460472614,0.1741297149317186,-0.029051123648761338,-0.07370045728181573,-0.0009191484430196226,-5.551115123125783e-17,162
-0.12404615643320652,-0.3393488542990366,0.2891603711332981,0.053495889906470355,-0.024273648289480962,-0.029489649175909852,-2.7755575615628914e-17,163
-0.3576128287087999,0.021525398989528623,-0.34259495486445946,0.298601769958585,-0.025589531465229194,0.0014967395915842473,7.494005416219807e-16,164
-0.018055653149584662,0.41262233460472614,0.1741297149317186,-0.029051123648761338,-0.07370045728181573,-0.0009191484430196226,-5.551115123125783e-17,165
-0.3576128287087999,0.021525398989528623,-0.34259495486445946,0.298601769958585,-0.025589531465229194,0.0014967395915842473,7.494005416219807e-16,166
-0.018055653149584662,0.41262233460472614,0.1741297149317186,-0.029051123648761338,-0.07370045728181573,-0.0009191484430196226,-5.551115123125783e-17,167
-0.12404615643320652,-0.3393488542990366,0.2891603711332981,0.053495889906470355,-0.024273648289480962,-0.029489649175909852,-2.7755575615628914e-17,168
0.5085585423371142,-0.15177292738446563,-0.25915789788636046,-0.22296919590494105,-0.12896679180231052,-0.00048101023256849097,-3.3306690738754696e-16,169
0.5085585423371142,-0.15177292738446563,-0.25915789788636046,-0.22296919590494105,-0.12896679180231052,-0.00048101023256849097,-3.3306690738754696e-16,170
-0.12404615643320652,-0.3393488542990366,0.2891603711332981,0.053495889906470355,-0.024273648289480962,-0.029489649175909852,-2.7755575615628914e-17,171
-0.12404615643320652,-0.3393488542990366,0.2891603711332981,0.053495889906470355,-0.024273648289480962,-0.029489649175909852,-2.7755575615628914e-17,172
-0.12404615643320652,-0.3393488542990366,0.2891603711332981,0.053495889906470355,-0.024273648289480962,-0.029489649175909852,-2.7755575615628914e-17,173
-0.12404615643320652,-0.3393488542990366,0.2891603711332981,0.053495889906470355,-0.024273648289480962,-0.029489649175909852,-2.7755575615628914e-17,174
-0.5748086205202102,0.042306617393749205,-0.11288177043585407,-0.34508282868213047,0.3643656517659152,2.218320617921113e-05,0.0,175
-0.5748086205202102,0.042306617393749205,-0.11288177043585407,-0.34508282868213047,0.3643656517659152,2.218320617921113e-05,0.0,176
-0.018055653149584662,0.41262233460472614,0.1741297149317186,-0.029051123648761338,-0.07370045728181573,-0.0009191484430196226,-5.551115123125783e-17,177
-0.018055653149584662,0.41262233460472614,0.1741297149317186,-0.029051123648761338,-0.07370045728181573,-0.0009191484430196226,-5.551115123125783e-17,178
-0.018055653149584662,0.41262233460472614,0.1741297149317186,-0.029051123648761338,-0.07370045728181573,-0.0009191484430196226,-5.551115123125783e-17,179
-0.018055653149584662,0.41262233460472614,0.1741297149317186,-0.029051123648761338,-0.07370045728181573,-0.0009191484430196226,-5.551115123125783e-17,180
-0.018055653149584662,0.41262233460472614,0.1741297149317186,-0.029051123648761338,-0.07370045728181573,-0.0009191484430196226,-5.551115123125783e-17,181
-0.12404615643320652,-0.3393488542990366,0.2891603711332981,0.053495889906470355,-0.024273648289480962,-0.029489649175909852,-2.7755575615628914e-17,182
-0.12404615643320652,-0.3393488542990366,0.2891603711332981,0.053495889906470355,-0.024273648289480962,-0.029489649175909852,-2.7755575615628914e-17,183
-0.12404615643320652,-0.3393488542990366,0.2891603711332981,0.053495889906470355,-0.024273648289480962,-0.029489649175909852,-2.7755575615628914e-17,184
0.5085585423371142,-0.15177292738446563,-0.25915789788636046,-0.22296919590494105,-0.12896679180231052,-0.00048101023256849097,-3.3306690738754696e-16,185
-0.018055653149584662,0.41262233460472614,0.1741297149317186,-0.029051123648761338,-0.07370045728181573,-0.0009191484430196226,-5.551115123125783e-17,186
-0.018055653149584662,0.41262233460472614,0.1741297149317186,-0.029051123648761338,-0.07370045728181573,-0.0009191484430196226,-5.551115123125783e-17,187
0.5085585423371142,-0.15177292738446563,-0.25915789788636046,-0.22296919590494105,-0.12896679180231052,-0.00048101023256849097,-3.3306690738754696e-16,188
-0.018055653149584662,0.41262233460472614,0.1741297149317186,-0.029051123648761338,-0.07370045728181573,-0.0009191484430196226,-5.551115123125783e-17,189
0.5085585423371142,-0.15177292738446563,-0.25915789788636046,-0.22296919590494105,-0.12896679180231052,-0.00048101023256849097,-3.3306690738754696e-16,190
0.5085585423371142,-0.15177292738446563,-0.25915789788636046,-0.22296919590494105,-0.12896679180231052,-0.00048101023256849097,-3.3306690738754696e-16,191
-0.018055653149584662,0.41262233460472614,0.1741297149317186,-0.029051123648761338,-0.07370045728181573,-0.0009191484430196226,-5.551115123125783e-17,192
-0.018055653149584662,0.41262233460472614,0.1741297149317186,-0.029051123648761338,-0.07370045728181573,-0.0009191484430196226,-5.551115123125783e-17,193
-0.018055653149584662,0.41262233460472614,0.1741297149317186,-0.029051123648761338,-0.07370045728181573,-0.0009191484430196226,-5.551115123125783e-17,194
-0.018055653149584662,0.41262233460472614,0.1741297149317186,-0.029051123648761338,-0.07370045728181573,-0.0009191484430196226,-5.551115123125783e-17,195
-0.12404615643320652,-0.3393488542990366,0.2891603711332981,0.053495889906470355,-0.024273648289480962,-0.029489649175909852,-2.7755575615628914e-17,196
-0.5748086205202102,0.042306617393749205,-0.11288177043585407,-0.34508282868213047,0.3643656517659152,2.218320617921113e-05,0.0,197
-0.018055653149584662,0.41262233460472614,0.1741297149317186,-0.029051123648761338,-0.07370045728181573,-0.0009191484430196226,-5.551115123125783e-17,198
0.5085585423371142,-0.15177292738446563,-0.25915789788636046,-0.22296919590494105,-0.12896679180231052,-0.00048101023256849097,-3.3306690738754696e-16,199
-0.018055653149584662,0.41262233460472614,0.1741297149317186,-0.029051123648761338,-0.07370045728181573,-0.0009191484430196226,-5.551115123125783e-17,200
-0.018055653149584662,0.41262233460472614,0.1741297149317186,-0.029051123648761338,-0.07370045728181573,-0.0009191484430196226,-5.551115123125783e-17,201
-0.12404615643320652,-0.3393488542990366,0.2891603711332981,0.053495889906470355,-0.024273648289480962,-0.029489649175909852,-2.7755575615628914e-17,202
-0.12404615643320652,-0.3393488542990366,0.2891603711332981,0.053495889906470355,-0.024273648289480962,-0.029489649175909852,-2.7755575615628914e-17,203
-0.12404615643320652,-0.3393488542990366,0.2891603711332981,0.053495889906470355,-0.024273648289480962,-0.029489649175909852,-2.7755575615628914e-17,204
-0.018055653149584662,0.41262233460472614,0.1741297149317186,-0.029051123648761338,-0.07370045728181573,-0.0009191484430196226,-5.551115123125783e-17,205
-0.018055653149584662,0.41262233460472614,0.1741297149317186,-0.029051123648761338,-0.07370045728181573,-0.0009191484430196226,-5.551115123125783e-17,206
-0.12404615643320652,-0.3393488542990366,0.2891603711332981,0.053495889906470355,-0.024273648289480962,-0.029489649175909852,-2.7755575615628914e-17,207
-0.018055653149584662,0.41262233460472614,0.1741297149317186,-0.029051123648761338,-0.07370045728181573,-0.0009191484430196226,-5.551115123125783e-17,208
-0.018055653149584662,0.41262233460472614,0.1741297149317186,-0.029051123648761338,-0.07370045728181573,-0.0009191484430196226,-5.551115123125783e-17,209
-0.12404615643320652,-0.3393488542990366,0.2891603711332981,0.053495889906470355,-0.024273648289480962,-0.029489649175909852,-2.7755575615628914e-17,210
0.5085585423371142,-0.15177292738446563,-0.25915789788636046,-0.22296919590494105,-0.12896679180231052,-0.00048101023256849097,-3.3306690738754696e-16,211
0.5085585423371142,-0.15177292738446563,-0.25915789788636046,-0.22296919590494105,-0.12896679180231052,-0.00048101023256849097,-3.3306690738754696e-16,212
-0.018055653149584662,0.41262233460472614,0.1741297149317186,-0.029051123648761338,-0.07370045728181573,-0.0009191484430196226,-5.551115123125783e-17,213
-0.12404615643320652,-0.3393488542990366,0.2891603711332981,0.053495889906470355,-0.024273648289480962,-0.029489649175909852,-2.7755575615628914e-17,214
-0.12404615643320652,-0.3393488542990366,0.2891603711332981,0.053495889906470355,-0.024273648289480962,-0.029489649175909852,-2.7755575615628914e-17,215
-0.018055653149584662,0.41262233460472614,0.1741297149317186,-0.029051123648761338,-0.07370045728181573,-0.0009191484430196226,-5.551115123125783e-17,216
-0.018055653149584662,0.41262233460472614,0.1741297149317186,-0.029051123648761338,-0.07370045728181573,-0.0009191484430196226,-5.551115123125783e-17,217
-0.12404615643320652,-0.3393488542990366,0.2891603711332981,0.053495889906470355,-0.024273648289480962,-0.029489649175909852,-2.7755575615628914e-17,218
-0.018055653149584662,0.41262233460472614,0.1741297149317186,-0.029051123648761338,-0.07370045728181573,-0.0009191484430196226,-5.551115123125783e-17,219
0.5085585423371142,-0.15177292738446563,-0.25915789788636046,-0.22296919590494105,-0.12896679180231052,-0.00048101023256849097,-3.3306690738754696e-16,220
-0.018055653149584662,0.41262233460472614,0.1741297149317186,-0.029051123648761338,-0.07370045728181573,-0.0009191484430196226,-5.551115123125783e-17,221
-0.12404615643320652,-0.3393488542990366,0.2891603711332981,0.053495889906470355,-0.024273648289480962,-0.029489649175909852,-2.7755575615628914e-17,222
-0.12404615643320652,-0.3393488542990366,0.2891603711332981,0.053495889906470355,-0.024273648289480962,-0.029489649175909852,-2.7755575615628914e-17,223
-0.3576128287087999,0.021525398989528623,-0.34259495486445946,0.298601769958585,-0.025589531465229194,0.0014967395915842473,7.494005416219807e-16,224
0.5085585423371142,-0.15177292738446563,-0.25915789788636046,-0.22296919590494105,-0.12896679180231052,-0.00048101023256849097,-3.3306690738754696e-16,225
-0.018055653149584662,0.41262233460472614,0.1741297149317186,-0.029051123648761338,-0.07370045728181573,-0.0009191484430196226,-5.551115123125783e-17,226
-0.018055653149584662,0.41262233460472614,0.1741297149317186,-0.029051123648761338,-0.07370045728181573,-0.0009191484430196226,-5.551115123125783e-17,227
0.5085585423371142,-0.15177292738446563,-0.25915789788636046,-0.22296919590494105,-0.12896679180231052,-0.00048101023256849097,-3.3306690738754696e-16,228
-0.018055653149584662,0.41262233460472614,0.1741297149317186,-0.029051123648761338,-0.07370045728181573,-0.0009191484430196226,-5.551115123125783e-17,229
-0.12404615643320652,-0.3393488542990366,0.2891603711332981,0.053495889906470355,-0.024273648289480962,-0.029489649175909852,-2.7755575615628914e-17,230
-0.018055653149584662,0.41262233460472614,0.1741297149317186,-0.029051123648761338,-0.07370045728181573,-0.0009191484430196226,-5.551115123125783e-17,231
-0.018055653149584662,0.41262233460472614,0.1741297149317186,-0.029051123648761338,-0.07370045728181573,-0.0009191484430196226,-5.551115123125783e-17,232
0.5085585423371142,-0.15177292738446563,-0.25915789788636046,-0.22296919590494105,-0.12896679180231052,-0.00048101023256849097,-3.3306690738754696e-16,233
-0.018055653149584662,0.41262233460472614,0.1741297149317186,-0.029051123648761338,-0.07370045728181573,-0.0009191484430196226,-5.551115123125783e-17,234
-0.018055653149584662,0.41262233460472614,0.1741297149317186,-0.029051123648761338,-0.07370045728181573,-0.0009191484430196226,-5.551115123125783e-17,235
-0.12404615643320652,-0.3393488542990366,0.2891603711332981,0.053495889906470355,-0.024273648289480962,-0.029489649175909852,-2.7755575615628914e-17,236
-0.12404615643320652,-0.3393488542990366,0.2891603711332981,0.053495889906470355,-0.024273648289480962,-0.029489649175909852,-2.7755575615628914e-17,237
0.5085585423371142,-0.15177292738446563,-0.25915789788636046,-0.22296919590494105,-0.12896679180231052,-0.00048101023256849097,-3.3306690738754696e-16,238
-0.018055653149584662,0.41262233460472614,0.1741297149317186,-0.029051123648761338,-0.07370045728181573,-0.0009191484430196226,-5.551115123125783e-17,239
-0.12404615643320652,-0.3393488542990366,0.2891603711332981,0.053495889906470355,-0.024273648289480962,-0.029489649175909852,-2.7755575615628914e-17,240
-0.018055653149584662,0.41262233460472614,0.1741297149317186,-0.029051123648761338,-0.07370045728181573,-0.0009191484430196226,-5.551115123125783e-17,241
-0.018055653149584662,0.41262233460472614,0.1741297149317186,-0.029051123648761338,-0.07370045728181573,-0.0009191484430196226,-5.551115123125783e-17,242
-0.018055653149584662,0.41262233460472614,0.1741297149317186,-0.029051123648761338,-0.07370045728181573,-0.0009191484430196226,-5.551115123125783e-17,243
0.5085585423371142,-0.15177292738446563,-0.25915789788636046,-0.22296919590494105,-0.12896679180231052,-0.00048101023256849097,-3.3306690738754696e-16,244
-0.12404615643320652,-0.3393488542990366,0.2891603711332981,0.053495889906470355,-0.024273648289480962,-0.029489649175909852,-2.7755575615628914e-17,245
-0.018055653149584662,0.41262233460472614,0.1741297149317186,-0.029051123648761338,-0.07370045728181573,-0.0009191484430196226,-5.551115123125783e-17,246
-0.018055653149584662,0.41262233460472614,0.1741297149317186,-0.029051123648761338,-0.07370045728181573,-0.0009191484430196226,-5.551115123125783e-17,247
0.5085585423371142,-0.15177292738446563,-0.25915789788636046,-0.22296919590494105,-0.12896679180231052,-0.00048101023256849097,-3.3306690738754696e-16,248
-0.018055653149584662,0.41262233460472614,0.1741297149317186,-0.029051123648761338,-0.07370045728181573,-0.0009191484430196226,-5.551115123125783e-17,249
-0.018055653149584662,0.41262233460472614,0.1741297149317186,-0.029051123648761338,-0.07370045728181573,-0.0009191484430196226,-5.551115123125783e-17,250
-0.12404615643320652,-0.3393488542990366,0.2891603711332981,0.053495889906470355,-0.024273648289480962,-0.029489649175909852,-2.7755575615628914e-17,251
-0.018055653149584662,0.41262233460472614,0.1741297149317186,-0.029051123648761338,-0.07370045728181573,-0.0009191484430196226,-5.551115123125783e-17,252
-0.12404615643320652,-0.3393488542990366,0.2891603711332981,0.053495889906470355,-0.024273648289480962,-0.029489649175909852,-2.7755575615628914e-17,253
-0.3576128287087999,0.021525398989528623,-0.34259495486445946,0.298601769958585,-0.025589531465229194,0.0014967395915842473,7.494005416219807e-16,254
-0.018055653149584662,0.41262233460472614,0.1741297149317186,-0.029051123648761338,-0.07370045728181573,-0.0009191484430196226,-5.551115123125783e-17,255
0.5085585423371142,-0.15177292738446563,-0.25915789788636046,-0.22296919590494105,-0.12896679180231052,-0.00048101023256849097,-3.3306690738754696e-16,256
0.5085585423371142,-0.15177292738446563,-0.25915789788636046,-0.22296919590494105,-0.12896679180231052,-0.00048101023256849097,-3.3306690738754696e-16,257
-0.12404615643320652,-0.3393488542990366,0.2891603711332981,0.053495889906470355,-0.024273648289480962,-0.029489649175909852,-2.7755575615628914e-17,258
-0.12404615643320652,-0.3393488542990366,0.2891603711332981,0.053495889906470355,-0.024273648289480962,-0.029489649175909852,-2.7755575615628914e-17,259
-0.12404615643320652,-0.3393488542990366,0.2891603711332981,0.053495889906470355,-0.024273648289480962,-0.029489649175909852,-2.7755575615628914e-17,260
-0.12404615643320652,-0.3393488542990366,0.2891603711332981,0.053495889906470355,-0.024273648289480962,-0.029489649175909852,-2.7755575615628914e-17,261
-0.12404615643320652,-0.3393488542990366,0.2891603711332981,0.053495889906470355,-0.024273648289480962,-0.029489649175909852,-2.7755575615628914e-17,262
-0.12404615643320652,-0.3393488542990366,0.2891603711332981,0.053495889906470355,-0.024273648289480962,-0.029489649175909852,-2.7755575615628914e-17,263
-0.12404615643320652,-0.3393488542990366,0.2891603711332981,0.053495889906470355,-0.024273648289480962,-0.029489649175909852,-2.7755575615628914e-17,264
-0.12404615643320652,-0.3393488542990366,0.2891603711332981,0.053495889906470355,-0.024273648289480962,-0.029489649175909852,-2.7755575615628914e-17,265
-0.12404615643320652,-0.3393488542990366,0.2891603711332981,0.053495889906470355,-0.024273648289480962,-0.029489649175909852,-2.7755575615628914e-17,266
0.5085585423371142,-0.15177292738446563,-0.25915789788636046,-0.22296919590494105,-0.12896679180231052,-0.00048101023256849097,-3.3306690738754696e-16,267
0.5085585423371142,-0.15177292738446563,-0.25915789788636046,-0.22296919590494105,-0.12896679180231052,-0.00048101023256849097,-3.3306690738754696e-16,268
-0.018055653149584662,0.41262233460472614,0.1741297149317186,-0.029051123648761338,-0.07370045728181573,-0.0009191484430196226,-5.551115123125783e-17,269
-0.12404615643320652,-0.3393488542990366,0.2891603711332981,0.053495889906470355,-0.024273648289480962,-0.029489649175909852,-2.7755575615628914e-17,270
-0.018055653149584662,0.41262233460472614,0.1741297149317186,-0.029051123648761338,-0.07370045728181573,-0.0009191484430196226,-5.551115123125783e-17,271
-0.018055653149584662,0.41262233460472614,0.1741297149317186,-0.029051123648761338,-0.07370045728181573,-0.0009191484430196226,-5.551115123125783e-17,272
-0.018055653149584662,0.41262233460472614,0.1741297149317186,-0.029051123648761338,-0.07370045728181573,-0.0009191484430196226,-5.551115123125783e-17,273
0.5085585423371142,-0.15177292738446563,-0.25915789788636046,-0.22296919590494105,-0.12896679180231052,-0.00048101023256849097,-3.3306690738754696e-16,274
-0.018055653149584662,0.41262233460472614,0.1741297149317186,-0.029051123648761338,-0.07370045728181573,-0.0009191484430196226,-5.551115123125783e-17,275
0.5085585423371142,-0.15177292738446563,-0.25915789788636046,-0.22296919590494105,-0.12896679180231052,-0.00048101023256849097,-3.3306690738754696e-16,276
-0.018055653149584662,0.41262233460472614,0.1741297149317186,-0.029051123648761338,-0.07370045728181573,-0.0009191484430196226,-5.551115123125783e-17,277
-0.3576128287087999,0.021525398989528623,-0.34259495486445946,0.298601769958585,-0.025589531465229194,0.0014967395915842473,7.494005416219807e-16,278
-0.5748086205202102,0.042306617393749205,-0.11288177043585407,-0.34508282868213047,0.3643656517659152,2.218320617921113e-05,0.0,279
0.5085585423371142,-0.15177292738446563,-0.25915789788636046,-0.22296919590494105,-0.12896679180231052,-0.00048101023256849097,-3.3306690738754696e-16,280
-0.12404615643320652,-0.3393488542990366,0.2891603711332981,0.053495889906470355,-0.024273648289480962,-0.029489649175909852,-2.7755575615628914e-17,281
-0.12404615643320652,-0.3393488542990366,0.2891603711332981,0.053495889906470355,-0.024273648289480962,-0.029489649175909852,-2.7755575615628914e-17,282
0.5085585423371142,-0.15177292738446563,-0.25915789788636046,-0.22296919590494105,-0.12896679180231052,-0.00048101023256849097,-3.3306690738754696e-16,283
0.5085585423371142,-0.15177292738446563,-0.25915789788636046,-0.22296919590494105,-0.12896679180231052,-0.00048101023256849097,-3.3306690738754696e-16,284
-0.12404615643320652,-0.3393488542990366,0.2891603711332981,0.053495889906470355,-0.024273648289480962,-0.029489649175909852,-2.7755575615628914e-17,285
-0.018055653149584662,0.41262233460472614,0.1741297149317186,-0.029051123648761338,-0.07370045728181573,-0.0009191484430196226,-5.551115123125783e-17,286
-0.12404615643320652,-0.3393488542990366,0.2891603711332981,0.053495889906470355,-0.024273648289480962,-0.029489649175909852,-2.7755575615628914e-17,287
0.5085585423371142,-0.15177292738446563,-0.25915789788636046,-0.22296919590494105,-0.12896679180231052,-0.00048101023256849097,-3.3306690738754696e-16,288
0.5085585423371142,-0.15177292738446563,-0.25915789788636046,-0.22296919590494105,-0.12896679180231052,-0.00048101023256849097,-3.3306690738754696e-16,289
-0.018055653149584662,0.41262233460472614,0.1741297149317186,-0.029051123648761338,-0.07370045728181573,-0.0009191484430196226,-5.551115123125783e-17,290
-0.12404615643320652,-0.3393488542990366,0.2891603711332981,0.053495889906470355,-0.024273648289480962,-0.029489649175909852,-2.7755575615628914e-17,291
0.5085585423371142,-0.15177292738446563,-0.25915789788636046,-0.22296919590494105,-0.12896679180231052,-0.00048101023256849097,-3.3306690738754696e-16,292
-0.018055653149584662,0.41262233460472614,0.1741297149317186,-0.029051123648761338,-0.07370045728181573,-0.0009191484430196226,-5.551115123125783e-17,293
-0.018055653149584662,0.41262233460472614,0.1741297149317186,-0.029051123648761338,-0.07370045728181573,-0.0009191484430196226,-5.551115123125783e-17,294
0.5085585423371142,-0.15177292738446563,-0.25915789788636046,-0.22296919590494105,-0.12896679180231052,-0.00048101023256849097,-3.3306690738754696e-16,295
-0.12404615643320652,-0.3393488542990366,0.2891603711332981,0.053495889906470355,-0.024273648289480962,-0.029489649175909852,-2.7755575615628914e-17,296
-0.018055653149584662,0.41262233460472614,0.1741297149317186,-0.029051123648761338,-0.07370045728181573,-0.0009191484430196226,-5.551115123125783e-17,297
-0.3576128287087999,0.021525398989528623,-0.34259495486445946,0.298601769958585,-0.025589531465229194,0.0014967395915842473,7.494005416219807e-16,298
-0.018055653149584662,0.41262233460472614,0.1741297149317186,-0.029051123648761338,-0.07370045728181573,-0.0009191484430196226,-5.551115123125783e-17,299
0.5085585423371142,-0.15177292738446563,-0.25915789788636046,-0.22296919590494105,-0.12896679180231052,-0.00048101023256849097,-3.3306690738754696e-16,300
-0.018055653149584662,0.41262233460472614,0.1741297149317186,-0.029051123648761338,-0.07370045728181573,-0.0009191484430196226,-5.551115123125783e-17,301
0.5085585423371142,-0.15177292738446563,-0.25915789788636046,-0.22296919590494105,-0.12896679180231052,-0.00048101023256849097,-3.3306690738754696e-16,302
-0.018055653149584662,0.41262233460472614,0.1741297149317186,-0.029051123648761338,-0.07370045728181573,-0.0009191484430196226,-5.551115123125783e-17,303
0.5085585423371142,-0.15177292738446563,-0.25915789788636046,-0.22296919590494105,-0.12896679180231052,-0.00048101023256849097,-3.3306690738754696e-16,304
-0.018055653149584662,0.41262233460472614,0.1741297149317186,-0.029051123648761338,-0.07370045728181573,-0.0009191484430196226,-5.551115123125783e-17,305
0.5085585423371142,-0.15177292738446563,-0.25915789788636046,-0.22296919590494105,-0.12896679180231052,-0.00048101023256849097,-3.3306690738754696e-16,306
0.5085585423371142,-0.15177292738446563,-0.25915789788636046,-0.22296919590494105,-0.12896679180231052,-0.00048101023256849097,-3.3306690738754696e-16,307
0.5085585423371142,-0.15177292738446563,-0.25915789788636046,-0.22296919590494105,-0.12896679180231052,-0.00048101023256849097,-3.3306690738754696e-16,308
0.5085585423371142,-0.15177292738446563,-0.25915789788636046,-0.22296919590494105,-0.12896679180231052,-0.00048101023256849097,-3.3306690738754696e-16,309
-0.018055653149584662,0.41262233460472614,0.1741297149317186,-0.029051123648761338,-0.07370045728181573,-0.0009191484430196226,-5.551115123125783e-17,310
-0.12404615643320652,-0.3393488542990366,0.2891603711332981,0.053495889906470355,-0.024273648289480962,-0.029489649175909852,-2.7755575615628914e-17,311
-0.12404615643320652,-0.3393488542990366,0.2891603711332981,0.053495889906470355,-0.024273648289480962,-0.029489649175909852,-2.7755575615628914e-17,312
0.5085585423371142,-0.15177292738446563,-0.25915789788636046,-0.22296919590494105,-0.12896679180231052,-0.00048101023256849097,-3.3306690738754696e-16,313
0.5085585423371142,-0.15177292738446563,-0.25915789788636046,-0.22296919590494105,-0.12896679180231052,-0.00048101023256849097,-3.3306690738754696e-16,314
0.5085585423371142,-0.15177292738446563,-0.25915789788636046,-0.22296919590494105,-0.12896679180231052,-0.00048101023256849097,-3.3306690738754696e-16,315
-0.12404615643320652,-0.3393488542990366,0.2891603711332981,0.053495889906470355,-0.024273648289480962,-0.029489649175909852,-2.7755575615628914e-17,316
-0.018055653149584662,0.41262233460472614,0.1741297149317186,-0.029051123648761338,-0.07370045728181573,-0.0009191484430196226,-5.551115123125783e-17,317
-0.018055653149584662,0.41262233460472614,0.1741297149317186,-0.029051123648761338,-0.07370045728181573,-0.0009191484430196226,-5.551115123125783e-17,318
-0.018055653149584662,0.41262233460472614,0.1741297149317186,-0.029051123648761338,-0.07370045728181573,-0.0009191484430196226,-5.551115123125783e-17,319
-0.018055653149584662,0.41262233460472614,0.1741297149317186,-0.029051123648761338,-0.07370045728181573,-0.0009191484430196226,-5.551115123125783e-17,320
-0.5748086205202102,0.042306617393749205,-0.11288177043585407,-0.34508282868213047,0.3643656517659152,2.218320617921113e-05,0.0,321
0.5085585423371142,-0.15177292738446563,-0.25915789788636046,-0.22296919590494105,-0.12896679180231052,-0.00048101023256849097,-3.3306690738754696e-16,322
-0.018055653149584662,0.41262233460472614,0.1741297149317186,-0.029051123648761338,-0.07370045728181573,-0.0009191484430196226,-5.551115123125783e-17,323
-0.018055653149584662,0.41262233460472614,0.1741297149317186,-0.029051123648761338,-0.07370045728181573,-0.0009191484430196226,-5.551115123125783e-17,324
-0.12404615643320652,-0.3393488542990366,0.2891603711332981,0.053495889906470355,-0.024273648289480962,-0.029489649175909852,-2.7755575615628914e-17,325
-0.12404615643320652,-0.3393488542990366,0.2891603711332981,0.053495889906470355,-0.024273648289480962,-0.029489649175909852,-2.7755575615628914e-17,326
-0.12404615643320652,-0.3393488542990366,0.2891603711332981,0.053495889906470355,-0.024273648289480962,-0.029489649175909852,-2.7755575615628914e-17,327
-0.12404615643320652,-0.3393488542990366,0.2891603711332981,0.053495889906470355,-0.024273648289480962,-0.029489649175909852,-2.7755575615628914e-17,328
-0.12404615643320652,-0.3393488542990366,0.2891603711332981,0.053495889906470355,-0.024273648289480962,-0.029489649175909852,-2.7755575615628914e-17,329
-0.12404615643320652,-0.3393488542990366,0.2891603711332981,0.053495889906470355,-0.024273648289480962,-0.029489649175909852,-2.7755575615628914e-17,330
-0.018055653149584662,0.41262233460472614,0.1741297149317186,-0.029051123648761338,-0.07370045728181573,-0.0009191484430196226,-5.551115123125783e-17,331
-0.018055653149584662,0.41262233460472614,0.1741297149317186,-0.029051123648761338,-0.07370045728181573,-0.0009191484430196226,-5.551115123125783e-17,332
-0.018055653149584662,0.41262233460472614,0.1741297149317186,-0.029051123648761338,-0.07370045728181573,-0.0009191484430196226,-5.551115123125783e-17,333
-0.12404615643320652,-0.3393488542990366,0.2891603711332981,0.053495889906470355,-0.024273648289480962,-0.029489649175909852,-2.7755575615628914e-17,334
-0.018055653149584662,0.41262233460472614,0.1741297149317186,-0.029051123648761338,-0.07370045728181573,-0.0009191484430196226,-5.551115123125783e-17,335
-0.3576128287087999,0.021525398989528623,-0.34259495486445946,0.298601769958585,-0.025589531465229194,0.0014967395915842473,7.494005416219807e-16,336
0.5085585423371142,-0.15177292738446563,-0.25915789788636046,-0.22296919590494105,-0.12896679180231052,-0.00048101023256849097,-3.3306690738754696e-16,337
0.5085585423371142,-0.15177292738446563,-0.25915789788636046,-0.22296919590494105,-0.12896679180231052,-0.00048101023256849097,-3.3306690738754696e-16,338
0.5085585423371142,-0.15177292738446563,-0.25915789788636046,-0.22296919590494105,-0.12896679180231052,-0.00048101023256849097,-3.3306690738754696e-16,339
-0.018055653149584662,0.41262233460472614,0.1741297149317186,-0.029051123648761338,-0.07370045728181573,-0.0009191484430196226,-5.551115123125783e-17,340
-0.018055653149584662,0.41262233460472614,0.1741297149317186,-0.029051123648761338,-0.07370045728181573,-0.0009191484430196226,-5.551115123125783e-17,341
-0.5748086205202102,0.042306617393749205,-0.11288177043585407,-0.34508282868213047,0.3643656517659152,2.218320617921113e-05,0.0,342
-0.5748086205202102,0.042306617393749205,-0.11288177043585407,-0.34508282868213047,0.3643656517659152,2.218320617921113e-05,0.0,343
-0.018055653149584662,0.41262233460472614,0.1741297149317186,-0.029051123648761338,-0.07370045728181573,-0.0009191484430196226,-5.551115123125783e-17,344
-0.018055653149584662,0.41262233460472614,0.1741297149317186,-0.029051123648761338,-0.07370045728181573,-0.0009191484430196226,-5.551115123125783e-17,345
-0.018055653149584662,0.41262233460472614,0.1741297149317186,-0.029051123648761338,-0.07370045728181573,-0.0009191484430196226,-5.551115123125783e-17,346
-0.018055653149584662,0.41262233460472614,0.1741297149317186,-0.029051123648761338,-0.07370045728181573,-0.0009191484430196226,-5.551115123125783e-17,347
-0.018055653149584662,0.41262233460472614,0.1741297149317186,-0.029051123648761338,-0.07370045728181573,-0.0009191484430196226,-5.551115123125783e-17,348
-0.12404615643320652,-0.3393488542990366,0.2891603711332981,0.053495889906470355,-0.024273648289480962,-0.029489649175909852,-2.7755575615628914e-17,349
-0.12404615643320652,-0.3393488542990366,0.2891603711332981,0.053495889906470355,-0.024273648289480962,-0.029489649175909852,-2.7755575615628914e-17,350
-0.12404615643320652,-0.3393488542990366,0.2891603711332981,0.053495889906470355,-0.024273648289480962,-0.029489649175909852,-2.7755575615628914e-17,351
-0.3576128287087999,0.021525398989528623,-0.34259495486445946,0.298601769958585,-0.025589531465229194,0.0014967395915842473,7.494005416219807e-16,352
-0.018055653149584662,0.41262233460472614,0.1741297149317186,-0.029051123648761338,-0.07370045728181573,-0.0009191484430196226,-5.551115123125783e-17,353
-0.12404615643320652,-0.3393488542990366,0.2891603711332981,0.053495889906470355,-0.024273648289480962,-0.029489649175909852,-2.7755575615628914e-17,354
-0.018055653149584662,0.41262233460472614,0.1741297149317186,-0.029051123648761338,-0.07370045728181573,-0.0009191484430196226,-5.551115123125783e-17,355
-0.018055653149584662,0.41262233460472614,0.1741297149317186,-0.029051123648761338,-0.07370045728181573,-0.0009191484430196226,-5.551115123125783e-17,356
0.5085585423371142,-0.15177292738446563,-0.25915789788636046,-0.22296919590494105,-0.12896679180231052,-0.00048101023256849097,-3.3306690738754696e-16,357
-0.018055653149584662,0.41262233460472614,0.1741297149317186,-0.029051123648761338,-0.07370045728181573,-0.0009191484430196226,-5.551115123125783e-17,358
0.5085585423371142,-0.15177292738446563,-0.25915789788636046,-0.22296919590494105,-0.12896679180231052,-0.00048101023256849097,-3.3306690738754696e-16,359
-0.018055653149584662,0.41262233460472614,0.1741297149317186,-0.029051123648761338,-0.07370045728181573,-0.0009191484430196226,-5.551115123125783e-17,360
0.5085585423371142,-0.15177292738446563,-0.25915789788636046,-0.22296919590494105,-0.12896679180231052,-0.00048101023256849097,-3.3306690738754696e-16,361
-0.12404615643320652,-0.3393488542990366,0.2891603711332981,0.053495889906470355,-0.024273648289480962,-0.029489649175909852,-2.7755575615628914e-17,362
-0.018055653149584662,0.41262233460472614,0.1741297149317186,-0.029051123648761338,-0.07370045728181573,-0.0009191484430196226,-5.551115123125783e-17,363
-0.3576128287087999,0.021525398989528623,-0.34259495486445946,0.298601769958585,-0.025589531465229194,0.0014967395915842473,7.494005416219807e-16,364
-0.018055653149584662,0.41262233460472614,0.1741297149317186,-0.029051123648761338,-0.07370045728181573,-0.0009191484430196226,-5.551115123125783e-17,365
-0.3576128287087999,0.021525398989528623,-0.34259495486445946,0.298601769958585,-0.025589531465229194,0.0014967395915842473,7.494005416219807e-16,366
-0.12404615643320652,-0.3393488542990366,0.2891603711332981,0.053495889906470355,-0.024273648289480962,-0.029489649175909852,-2.7755575615628914e-17,367
-0.3576128287087999,0.021525398989528623,-0.34259495486445946,0.298601769958585,-0.025589531465229194,0.0014967395915842473,7.494005416219807e-16,368
-0.018055653149584662,0.41262233460472614,0.1741297149317186,-0.029051123648761338,-0.07370045728181573,-0.0009191484430196226,-5.551115123125783e-17,369
0.5085585423371142,-0.15177292738446563,-0.25915789788636046,-0.22296919590494105,-0.12896679180231052,-0.00048101023256849097,-3.3306690738754696e-16,370
-0.12404615643320652,-0.3393488542990366,0.2891603711332981,0.053495889906470355,-0.024273648289480962,-0.029489649175909852,-2.7755575615628914e-17,371
0.5085585423371142,-0.15177292738446563,-0.25915789788636046,-0.22296919590494105,-0.12896679180231052,-0.00048101023256849097,-3.3306690738754696e-16,372
-0.12404615643320652,-0.3393488542990366,0.2891603711332981,0.053495889906470355,-0.024273648289480962,-0.029489649175909852,-2.7755575615628914e-17,373
0.5085585423371142,-0.15177292738446563,-0.25915789788636046,-0.22296919590494105,-0.12896679180231052,-0.00048101023256849097,-3.3306690738754696e-16,374
-0.12404615643320652,-0.3393488542990366,0.2891603711332981,0.053495889906470355,-0.024273648289480962,-0.029489649175909852,-2.7755575615628914e-17,375
-0.12404615643320652,-0.3393488542990366,0.2891603711332981,0.053495889906470355,-0.024273648289480962,-0.029489649175909852,-2.7755575615628914e-17,376
-0.018055653149584662,0.41262233460472614,0.1741297149317186,-0.029051123648761338,-0.07370045728181573,-0.0009191484430196226,-5.551115123125783e-17,377
-0.018055653149584662,0.41262233460472614,0.1741297149317186,-0.029051123648761338,-0.07370045728181573,-0.0009191484430196226,-5.551115123125783e-17,378
-0.12404615643320652,-0.3393488542990366,0.2891603711332981,0.053495889906470355,-0.024273648289480962,-0.029489649175909852,-2.7755575615628914e-17,379
-0.3576128287087999,0.021525398989528623,-0.34259495486445946,0.298601769958585,-0.025589531465229194,0.0014967395915842473,7.494005416219807e-16,380
-0.018055653149584662,0.41262233460472614,0.1741297149317186,-0.029051123648761338,-0.07370045728181573,-0.0009191484430196226,-5.551115123125783e-17,381
0.5085585423371142,-0.15177292738446563,-0.25915789788636046,-0.22296919590494105,-0.12896679180231052,-0.00048101023256849097,-3.3306690738754696e-16,382
-0.018055653149584662,0.41262233460472614,0.1741297149317186,-0.029051123648761338,-0.07370045728181573,-0.0009191484430196226,-5.551115123125783e-17,383
-0.12404615643320652,-0.3393488542990366,0.2891603711332981,0.053495889906470355,-0.024273648289480962,-0.029489649175909852,-2.7755575615628914e-17,384
-0.018055653149584662,0.41262233460472614,0.1741297149317186,-0.029051123648761338,-0.07370045728181573,-0.0009191484430196226,-5.551115123125783e-17,385
-0.12404615643320652,-0.3393488542990366,0.2891603711332981,0.053495889906470355,-0.024273648289480962,-0.029489649175909852,-2.7755575615628914e-17,386
0.5085585423371142,-0.15177292738446563,-0.25915789788636046,-0.22296919590494105,-0.12896679180231052,-0.00048101023256849097,-3.3306690738754696e-16,387
0.5085585423371142,-0.15177292738446563,-0.25915789788636046,-0.22296919590494105,-0.12896679180231052,-0.00048101023256849097,-3.3306690738754696e-16,388
-0.12404615643320652,-0.3393488542990366,0.2891603711332981,0.053495889906470355,-0.024273648289480962,-0.029489649175909852,-2.7755575615628914e-17,389
-0.018055653149584662,0.41262233460472614,0.1741297149317186,-0.029051123648761338,-0.07370045728181573,-0.0009191484430196226,-5.551115123125783e-17,390
0.5085585423371142,-0.15177292738446563,-0.25915789788636046,-0.22296919590494105,-0.12896679180231052,-0.00048101023256849097,-3.3306690738754696e-16,391
-0.018055653149584662,0.41262233460472614,0.1741297149317186,-0.029051123648761338,-0.07370045728181573,-0.0009191484430196226,-5.551115123125783e-17,392
-0.12404615643320652,-0.3393488542990366,0.2891603711332981,0.053495889906470355,-0.024273648289480962,-0.029489649175909852,-2.7755575615628914e-17,393
-0.12404615643320652,-0.3393488542990366,0.2891603711332981,0.053495889906470355,-0.024273648289480962,-0.029489649175909852,-2.7755575615628914e-17,394
-0.12404615643320652,-0.3393488542990366,0.2891603711332981,0.053495889906470355,-0.024273648289480962,-0.029489649175909852,-2.7755575615628914e-17,395
0.5085585423371142,-0.15177292738446563,-0.25915789788636046,-0.22296919590494105,-0.12896679180231052,-0.00048101023256849097,-3.3306690738754696e-16,396
-0.018055653149584662,0.41262233460472614,0.1741297149317186,-0.029051123648761338,-0.07370045728181573,-0.0009191484430196226,-5.551115123125783e-17,397
0.5085585423371142,-0.15177292738446563,-0.25915789788636046,-0.22296919590494105,-0.12896679180231052,-0.00048101023256849097,-3.3306690738754696e-16,398
-0.018055653149584662,0.41262233460472614,0.1741297149317186,-0.029051123648761338,-0.07370045728181573,-0.0009191484430196226,-5.551115123125783e-17,399
-0.018055653149584662,0.41262233460472614,0.1741297149317186,-0.029051123648761338,-0.07370045728181573,-0.0009191484430196226,-5.551115123125783e-17,400
-0.12404615643320652,-0.3393488542990366,0.2891603711332981,0.053495889906470355,-0.024273648289480962,-0.029489649175909852,-2.7755575615628914e-17,401
-0.12404615643320652,-0.3393488542990366,0.2891603711332981,0.053495889906470355,-0.024273648289480962,-0.029489649175909852,-2.7755575615628914e-17,402
-0.018055653149584662,0.41262233460472614,0.1741297149317186,-0.029051123648761338,-0.07370045728181573,-0.0009191484430196226,-5.551115123125783e-17,403
-0.018055653149584662,0.41262233460472614,0.1741297149317186,-0.029051123648761338,-0.07370045728181573,-0.0009191484430196226,-5.551115123125783e-17,404
-0.12404615643320652,-0.3393488542990366,0.2891603711332981,0.053495889906470355,-0.024273648289480962,-0.029489649175909852,-2.7755575615628914e-17,405
-0.12404615643320652,-0.3393488542990366,0.2891603711332981,0.053495889906470355,-0.024273648289480962,-0.029489649175909852,-2.7755575615628914e-17,406
-0.12404615643320652,-0.3393488542990366,0.2891603711332981,0.053495889906470355,-0.024273648289480962,-0.029489649175909852,-2.7755575615628914e-17,407
0.5085585423371142,-0.15177292738446563,-0.25915789788636046,-0.22296919590494105,-0.12896679180231052,-0.00048101023256849097,-3.3306690738754696e-16,408
-0.12404615643320652,-0.3393488542990366,0.2891603711332981,0.053495889906470355,-0.024273648289480962,-0.029489649175909852,-2.7755575615628914e-17,409
0.5085585423371142,-0.15177292738446563,-0.25915789788636046,-0.22296919590494105,-0.12896679180231052,-0.00048101023256849097,-3.3306690738754696e-16,410
0.5085585423371142,-0.15177292738446563,-0.25915789788636046,-0.22296919590494105,-0.12896679180231052,-0.00048101023256849097,-3.3306690738754696e-16,411
-0.12404615643320652,-0.3393488542990366,0.2891603711332981,0.053495889906470355,-0.024273648289480962,-0.029489649175909852,-2.7755575615628914e-17,412
0.5085585423371142,-0.15177292738446563,-0.25915789788636046,-0.22296919590494105,-0.12896679180231052,-0.00048101023256849097,-3.3306690738754696e-16,413
-0.12404615643320652,-0.3393488542990366,0.2891603711332981,0.053495889906470355,-0.024273648289480962,-0.029489649175909852,-2.7755575615628914e-17,414
-0.12404615643320652,-0.3393488542990366,0.2891603711332981,0.053495889906470355,-0.024273648289480962,-0.029489649175909852,-2.7755575615628914e-17,415
-0.018055653149584662,0.41262233460472614,0.1741297149317186,-0.029051123648761338,-0.07370045728181573,-0.0009191484430196226,-5.551115123125783e-17,416
0.5085585423371142,-0.15177292738446563,-0.25915789788636046,-0.22296919590494105,-0.12896679180231052,-0.00048101023256849097,-3.3306690738754696e-16,417
-0.5748086205202102,0.042306617393749205,-0.11288177043585407,-0.34508282868213047,0.3643656517659152,2.218320617921113e-05,0.0,418
-0.018055653149584662,0.41262233460472614,0.1741297149317186,-0.029051123648761338,-0.07370045728181573,-0.0009191484430196226,-5.551115123125783e-17,419
-0.018055653149584662,0.41262233460472614,0.1741297149317186,-0.029051123648761338,-0.07370045728181573,-0.0009191484430196226,-5.551115123125783e-17,420
-0.12404615643320652,-0.3393488542990366,0.2891603711332981,0.053495889906470355,-0.024273648289480962,-0.029489649175909852,-2.7755575615628914e-17,421
-0.018055653149584662,0.41262233460472614,0.1741297149317186,-0.029051123648761338,-0.07370045728181573,-0.0009191484430196226,-5.551115123125783e-17,422
0.5085585423371142,-0.15177292738446563,-0.25915789788636046,-0.22296919590494105,-0.12896679180231052,-0.00048101023256849097,-3.3306690738754696e-16,423
-0.018055653149584662,0.41262233460472614,0.1741297149317186,-0.029051123648761338,-0.07370045728181573,-0.0009191484430196226,-5.551115123125783e-17,424
0.5085585423371142,-0.15177292738446563,-0.25915789788636046,-0.22296919590494105,-0.12896679180231052,-0.00048101023256849097,-3.3306690738754696e-16,425
-0.12404615643320652,-0.3393488542990366,0.2891603711332981,0.053495889906470355,-0.024273648289480962,-0.029489649175909852,-2.7755575615628914e-17,426
-0.018055653149584662,0.41262233460472614,0.1741297149317186,-0.029051123648761338,-0.07370045728181573,-0.0009191484430196226,-5.551115123125783e-17,427
-0.018055653149584662,0.41262233460472614,0.1741297149317186,-0.029051123648761338,-0.07370045728181573,-0.0009191484430196226,-5.551115123125783e-17,428
-0.018055653149584662,0.41262233460472614,0.1741297149317186,-0.029051123648761338,-0.07370045728181573,-0.0009191484430196226,-5.551115123125783e-17,429
-0.018055653149584662,0.41262233460472614,0.1741297149317186,-0.029051123648761338,-0.07370045728181573,-0.0009191484430196226,-5.551115123125783e-17,430
-0.12404615643320652,-0.3393488542990366,0.2891603711332981,0.053495889906470355,-0.024273648289480962,-0.029489649175909852,-2.7755575615628914e-17,431
-0.12404615643320652,-0.3393488542990366,0.2891603711332981,0.053495889906470355,-0.024273648289480962,-0.029489649175909852,-2.7755575615628914e-17,432
-0.018055653149584662,0.41262233460472614,0.1741297149317186,-0.029051123648761338,-0.07370045728181573,-0.0009191484430196226,-5.551115123125783e-17,433
-0.12404615643320652,-0.3393488542990366,0.2891603711332981,0.053495889906470355,-0.024273648289480962,-0.029489649175909852,-2.7755575615628914e-17,434
-0.12404615643320652,-0.3393488542990366,0.2891603711332981,0.053495889906470355,-0.024273648289480962,-0.029489649175909852,-2.7755575615628914e-17,435
-0.12404615643320652,-0.3393488542990366,0.2891603711332981,0.053495889906470355,-0.024273648289480962,-0.029489649175909852,-2.7755575615628914e-17,436
-0.12404615643320652,-0.3393488542990366,0.2891603711332981,0.053495889906470355,-0.024273648289480962,-0.029489649175909852,-2.7755575615628914e-17,437
-0.018055653149584662,0.41262233460472614,0.1741297149317186,-0.029051123648761338,-0.07370045728181573,-0.0009191484430196226,-5.551115123125783e-17,438
-0.018055653149584662,0.41262233460472614,0.1741297149317186,-0.029051123648761338,-0.07370045728181573,-0.0009191484430196226,-5.551115123125783e-17,439
-0.018055653149584662,0.41262233460472614,0.1741297149317186,-0.029051123648761338,-0.07370045728181573,-0.0009191484430196226,-5.551115123125783e-17,440
-0.12404615643320652,-0.3393488542990366,0.2891603711332981,0.053495889906470355,-0.024273648289480962,-0.029489649175909852,-2.7755575615628914e-17,441
-0.12404615643320652,-0.3393488542990366,0.2891603711332981,0.053495889906470355,-0.024273648289480962,-0.029489649175909852,-2.7755575615628914e-17,442
0.5085585423371142,-0.15177292738446563,-0.25915789788636046,-0.22296919590494105,-0.12896679180231052,-0.00048101023256849097,-3.3306690738754696e-16,443
-0.12404615643320652,-0.3393488542990366,0.2891603711332981,0.053495889906470355,-0.024273648289480962,-0.029489649175909852,-2.7755575615628914e-17,444
-0.018055653149584662,0.41262233460472614,0.1741297149317186,-0.029051123648761338,-0.07370045728181573,-0.0009191484430196226,-5.551115123125783e-17,445
-0.018055653149584662,0.41262233460472614,0.1741297149317186,-0.029051123648761338,-0.07370045728181573,-0.0009191484430196226,-5.551115123125783e-17,446
0.5085585423371142,-0.15177292738446563,-0.25915789788636046,-0.22296919590494105,-0.12896679180231052,-0.00048101023256849097,-3.3306690738754696e-16,447
-0.12404615643320652,-0.3393488542990366,0.2891603711332981,0.053495889906470355,-0.024273648289480962,-0.029489649175909852,-2.7755575615628914e-17,448
-0.018055653149584662,0.41262233460472614,0.1741297149317186,-0.029051123648761338,-0.07370045728181573,-0.0009191484430196226,-5.551115123125783e-17,449
-0.018055653149584662,0.41262233460472614,0.1741297149317186,-0.029051123648761338,-0.07370045728181573,-0.0009191484430196226,-5.551115123125783e-17,450
-0.018055653149584662,0.41262233460472614,0.1741297149317186,-0.029051123648761338,-0.07370045728181573,-0.0009191484430196226,-5.551115123125783e-17,451
-0.018055653149584662,0.41262233460472614,0.1741297149317186,-0.029051123648761338,-0.07370045728181573,-0.0009191484430196226,-5.551115123125783e-17,452
-0.018055653149584662,0.41262233460472614,0.1741297149317186,-0.029051123648761338,-0.07370045728181573,-0.0009191484430196226,-5.551115123125783e-17,453
-0.018055653149584662,0.41262233460472614,0.1741297149317186,-0.029051123648761338,-0.07370045728181573,-0.0009191484430196226,-5.551115123125783e-17,454
-0.12404615643320652,-0.3393488542990366,0.2891603711332981,0.053495889906470355,-0.024273648289480962,-0.029489649175909852,-2.7755575615628914e-17,455
-0.12404615643320652,-0.3393488542990366,0.2891603711332981,0.053495889906470355,-0.024273648289480962,-0.029489649175909852,-2.7755575615628914e-17,456
-0.12404615643320652,-0.3393488542990366,0.2891603711332981,0.053495889906470355,-0.024273648289480962,-0.029489649175909852,-2.7755575615628914e-17,457
0.5085585423371142,-0.15177292738446563,-0.25915789788636046,-0.22296919590494105,-0.12896679180231052,-0.00048101023256849097,-3.3306690738754696e-16,458
-0.018055653149584662,0.41262233460472614,0.1741297149317186,-0.029051123648761338,-0.07370045728181573,-0.0009191484430196226,-5.551115123125783e-17,459
0.5085585423371142,-0.15177292738446563,-0.25915789788636046,-0.22296919590494105,-0.12896679180231052,-0.00048101023256849097,-3.3306690738754696e-16,460
-0.12404615643320652,-0.3393488542990366,0.2891603711332981,0.053495889906470355,-0.024273648289480962,-0.029489649175909852,-2.7755575615628914e-17,461
-0.018055653149584662,0.41262233460472614,0.1741297149317186,-0.029051123648761338,-0.07370045728181573,-0.0009191484430196226,-5.551115123125783e-17,462
-0.12404615643320652,-0.3393488542990366,0.2891603711332981,0.053495889906470355,-0.024273648289480962,-0.029489649175909852,-2.7755575615628914e-17,463
-0.018055653149584662,0.41262233460472614,0.1741297149317186,-0.029051123648761338,-0.07370045728181573,-0.0009191484430196226,-5.551115123125783e-17,464
0.5085585423371142,-0.15177292738446563,-0.25915789788636046,-0.22296919590494105,-0.12896679180231052,-0.00048101023256849097,-3.3306690738754696e-16,465
0.5085585423371142,-0.15177292738446563,-0.25915789788636046,-0.22296919590494105,-0.12896679180231052,-0.00048101023256849097,-3.3306690738754696e-16,466
-0.018055653149584662,0.41262233460472614,0.1741297149317186,-0.029051123648761338,-0.07370045728181573,-0.0009191484430196226,-5.551115123125783e-17,467
-0.018055653149584662,0.41262233460472614,0.1741297149317186,-0.029051123648761338,-0.07370045728181573,-0.0009191484430196226,-5.551115123125783e-17,468
-0.12404615643320652,-0.3393488542990366,0.2891603711332981,0.053495889906470355,-0.024273648289480962,-0.029489649175909852,-2.7755575615628914e-17,469
-0.12404615643320652,-0.3393488542990366,0.2891603711332981,0.053495889906470355,-0.024273648289480962,-0.029489649175909852,-2.7755575615628914e-17,470
0.5085585423371142,-0.15177292738446563,-0.25915789788636046,-0.22296919590494105,-0.12896679180231052,-0.00048101023256849097,-3.3306690738754696e-16,471
0.5085585423371142,-0.15177292738446563,-0.25915789788636046,-0.22296919590494105,-0.12896679180231052,-0.00048101023256849097,-3.3306690738754696e-16,472
-0.12404615643320652,-0.3393488542990366,0.2891603711332981,0.053495889906470355,-0.024273648289480962,-0.029489649175909852,-2.7755575615628914e-17,473
-0.018055653149584662,0.41262233460472614,0.1741297149317186,-0.029051123648761338,-0.07370045728181573,-0.0009191484430196226,-5.551115123125783e-17,474
-0.12404615643320652,-0.3393488542990366,0.2891603711332981,0.053495889906470355,-0.024273648289480962,-0.029489649175909852,-2.7755575615628914e-17,475
-0.12404615643320652,-0.3393488542990366,0.2891603711332981,0.053495889906470355,-0.024273648289480962,-0.029489649175909852,-2.7755575615628914e-17,476
-0.018055653149584662,0.41262233460472614,0.1741297149317186,-0.029051123648761338,-0.07370045728181573,-0.0009191484430196226,-5.551115123125783e-17,477
0.5085585423371142,-0.15177292738446563,-0.25915789788636046,-0.22296919590494105,-0.12896679180231052,-0.00048101023256849097,-3.3306690738754696e-16,478
-0.018055653149584662,0.41262233460472614,0.1741297149317186,-0.029051123648761338,-0.07370045728181573,-0.0009191484430196226,-5.551115123125783e-17,479
-0.12404615643320652,-0.3393488542990366,0.2891603711332981,0.053495889906470355,-0.024273648289480962,-0.029489649175909852,-2.7755575615628914e-17,480
0.5085585423371142,-0.15177292738446563,-0.25915789788636046,-0.22296919590494105,-0.12896679180231052,-0.00048101023256849097,-3.3306690738754696e-16,481
0.5085585423371142,-0.15177292738446563,-0.25915789788636046,-0.22296919590494105,-0.12896679180231052,-0.00048101023256849097,-3.3306690738754696e-16,482
-0.018055653149584662,0.41262233460472614,0.1741297149317186,-0.029051123648761338,-0.07370045728181573,-0.0009191484430196226,-5.551115123125783e-17,483
-0.018055653149584662,0.41262233460472614,0.1741297149317186,-0.029051123648761338,-0.07370045728181573,-0.0009191484430196226,-5.551115123125783e-17,484
-0.018055653149584662,0.41262233460472614,0.1741297149317186,-0.029051123648761338,-0.07370045728181573,-0.0009191484430196226,-5.551115123125783e-17,485
-0.12404615643320652,-0.3393488542990366,0.2891603711332981,0.053495889906470355,-0.024273648289480962,-0.029489649175909852,-2.7755575615628914e-17,486
-0.12404615643320652,-0.3393488542990366,0.2891603711332981,0.053495889906470355,-0.024273648289480962,-0.029489649175909852,-2.7755575615628914e-17,487
0.5085585423371142,-0.15177292738446563,-0.25915789788636046,-0.22296919590494105,-0.12896679180231052,-0.00048101023256849097,-3.3306690738754696e-16,488
0.5085585423371142,-0.15177292738446563,-0.25915789788636046,-0.22296919590494105,-0.12896679180231052,-0.00048101023256849097,-3.3306690738754696e-16,489
-0.5748086205202102,0.042306617393749205,-0.11288177043585407,-0.34508282868213047,0.3643656517659152,2.218320617921113e-05,0.0,490
-0.3576128287087999,0.021525398989528623,-0.34259495486445946,0.298601769958585,-0.025589531465229194,0.0014967395915842473,7.494005416219807e-16,491
-0.12404615643320652,-0.3393488542990366,0.2891603711332981,0.053495889906470355,-0.024273648289480962,-0.029489649175909852,-2.7755575615628914e-17,492
-0.5748086205202102,0.042306617393749205,-0.11288177043585407,-0.34508282868213047,0.3643656517659152,2.218320617921113e-05,0.0,493
0.5085585423371142,-0.15177292738446563,-0.25915789788636046,-0.22296919590494105,-0.12896679180231052,-0.00048101023256849097,-3.3306690738754696e-16,494
-0.12404615643320652,-0.3393488542990366,0.2891603711332981,0.053495889906470355,-0.024273648289480962,-0.029489649175909852,-2.7755575615628914e-17,495
-0.018055653149584662,0.41262233460472614,0.1741297149317186,-0.029051123648761338,-0.07370045728181573,-0.0009191484430196226,-5.551115123125783e-17,496
-0.018055653149584662,0.41262233460472614,0.1741297149317186,-0.029051123648761338,-0.07370045728181573,-0.0009191484430196226,-5.551115123125783e-17,497
-0.018055653149584662,0.41262233460472614,0.1741297149317186,-0.029051123648761338,-0.07370045728181573,-0.0009191484430196226,-5.551115123125783e-17,498
0.5085585423371142,-0.15177292738446563,-0.25915789788636046,-0.22296919590494105,-0.12896679180231052,-0.00048101023256849097,-3.3306690738754696e-16,499
-0.12404615643320652,-0.3393488542990366,0.2891603711332981,0.053495889906470355,-0.024273648289480962,-0.029489649175909852,-2.7755575615628914e-17,500
-0.3576128287087999,0.021525398989528623,-0.34259495486445946,0.298601769958585,-0.025589531465229194,0.0014967395915842473,7.494005416219807e-16,502
-0.3576128287087999,0.021525398989528623,-0.34259495486445946,0.298601769958585,-0.025589531465229194,0.0014967395915842473,7.494005416219807e-16,503
-0.3576128287087999,0.021525398989528623,-0.34259495486445946,0.298601769958585,-0.025589531465229194,0.0014967395915842473,7.494005416219807e-16,504
-0.5748086205202102,0.042306617393749205,-0.11288177043585407,-0.34508282868213047,0.3643656517659152,2.218320617921113e-05,0.0,505
-0.5748086205202102,0.042306617393749205,-0.11288177043585407,-0.34508282868213047,0.3643656517659152,2.218320617921113e-05,0.0,506
-0.5748086205202102,0.042306617393749205,-0.11288177043585407,-0.34508282868213047,0.3643656517659152,2.218320617921113e-05,0.0,507
-0.5748086205202102,0.042306617393749205,-0.11288177043585407,-0.34508282868213047,0.3643656517659152,2.218320617921113e-05,0.0,508
-0.3576128287087999,0.021525398989528623,-0.34259495486445946,0.298601769958585,-0.025589531465229194,0.0014967395915842473,7.494005416219807e-16,509
-0.5748086205202102,0.042306617393749205,-0.11288177043585407,-0.34508282868213047,0.3643656517659152,2.218320617921113e-05,0.0,510
-0.5748086205202102,0.042306617393749205,-0.11288177043585407,-0.34508282868213047,0.3643656517659152,2.218320617921113e-05,0.0,511
-0.5748086205202102,0.042306617393749205,-0.11288177043585407,-0.34508282868213047,0.3643656517659152,2.218320617921113e-05,0.0,512
-0.3576128287087999,0.021525398989528623,-0.34259495486445946,0.298601769958585,-0.025589531465229194,0.0014967395915842473,7.494005416219807e-16,513
-0.5748086205202102,0.042306617393749205,-0.11288177043585407,-0.34508282868213047,0.3643656517659152,2.218320617921113e-05,0.0,514
-0.3576128287087999,0.021525398989528623,-0.34259495486445946,0.298601769958585,-0.025589531465229194,0.0014967395915842473,7.494005416219807e-16,515
-0.3576128287087999,0.021525398989528623,-0.34259495486445946,0.298601769958585,-0.025589531465229194,0.0014967395915842473,7.494005416219807e-16,516
-0.3576128287087999,0.021525398989528623,-0.34259495486445946,0.298601769958585,-0.025589531465229194,0.0014967395915842473,7.494005416219807e-16,517
-0.12404615643320652,-0.3393488542990366,0.2891603711332981,0.053495889906470355,-0.024273648289480962,-0.029489649175909852,-2.7755575615628914e-17,518
-0.3576128287087999,0.021525398989528623,-0.34259495486445946,0.298601769958585,-0.025589531465229194,0.0014967395915842473,7.494005416219807e-16,519
-0.018055653149584662,0.41262233460472614,0.1741297149317186,-0.029051123648761338,-0.07370045728181573,-0.0009191484430196226,-5.551115123125783e-17,520
0.5085585423371142,-0.15177292738446563,-0.25915789788636046,-0.22296919590494105,-0.12896679180231052,-0.00048101023256849097,-3.3306690738754696e-16,521
-0.3576128287087999,0.021525398989528623,-0.34259495486445946,0.298601769958585,-0.025589531465229194,0.0014967395915842473,7.494005416219807e-16,522
-0.3576128287087999,0.021525398989528623,-0.34259495486445946,0.298601769958585,-0.025589531465229194,0.0014967395915842473,7.494005416219807e-16,523
-0.5748086205202102,0.042306617393749205,-0.11288177043585407,-0.34508282868213047,0.3643656517659152,2.218320617921113e-05,0.0,524
-0.3576128287087999,0.021525398989528623,-0.34259495486445946,0.298601769958585,-0.025589531465229194,0.0014967395915842473,7.494005416219807e-16,525
-0.5748086205202102,0.042306617393749205,-0.11288177043585407,-0.34508282868213047,0.3643656517659152,2.218320617921113e-05,0.0,526
-0.5748086205202102,0.042306617393749205,-0.11288177043585407,-0.34508282868213047,0.3643656517659152,2.218320617921113e-05,0.0,527
-0.12404615643320652,-0.3393488542990366,0.2891603711332981,0.053495889906470355,-0.024273648289480962,-0.029489649175909852,-2.7755575615628914e-17,528
-0.3576128287087999,0.021525398989528623,-0.34259495486445946,0.298601769958585,-0.025589531465229194,0.0014967395915842473,7.494005416219807e-16,529
-0.5748086205202102,0.042306617393749205,-0.11288177043585407,-0.34508282868213047,0.3643656517659152,2.218320617921113e-05,0.0,530
-0.5748086205202102,0.042306617393749205,-0.11288177043585407,-0.34508282868213047,0.3643656517659152,2.218320617921113e-05,0.0,531
-0.12404615643320652,-0.3393488542990366,0.2891603711332981,0.053495889906470355,-0.024273648289480962,-0.029489649175909852,-2.7755575615628914e-17,532
-0.5748086205202102,0.042306617393749205,-0.11288177043585407,-0.34508282868213047,0.3643656517659152,2.218320617921113e-05,0.0,533
-0.5748086205202102,0.042306617393749205,-0.11288177043585407,-0.34508282868213047,0.3643656517659152,2.218320617921113e-05,0.0,534
-0.5748086205202102,0.042306617393749205,-0.11288177043585407,-0.34508282868213047,0.3643656517659152,2.218320617921113e-05,0.0,535
-0.12404615643320652,-0.3393488542990366,0.2891603711332981,0.053495889906470355,-0.024273648289480962,-0.029489649175909852,-2.7755575615628914e-17,536
-0.3576128287087999,0.021525398989528623,-0.34259495486445946,0.298601769958585,-0.025589531465229194,0.0014967395915842473,7.494005416219807e-16,537
-0.3576128287087999,0.021525398989528623,-0.34259495486445946,0.298601769958585,-0.025589531465229194,0.0014967395915842473,7.494005416219807e-16,538
-0.12404615643320652,-0.3393488542990366,0.2891603711332981,0.053495889906470355,-0.024273648289480962,-0.029489649175909852,-2.7755575615628914e-17,539
-0.5748086205202102,0.042306617393749205,-0.11288177043585407,-0.34508282868213047,0.3643656517659152,2.218320617921113e-05,0.0,540
-0.5748086205202102,0.042306617393749205,-0.11288177043585407,-0.34508282868213047,0.3643656517659152,2.218320617921113e-05,0.0,541
-0.5748086205202102,0.042306617393749205,-0.11288177043585407,-0.34508282868213047,0.3643656517659152,2.218320617921113e-05,0.0,542
0.5085585423371142,-0.15177292738446563,-0.25915789788636046,-0.22296919590494105,-0.12896679180231052,-0.00048101023256849097,-3.3306690738754696e-16,543
-0.5748086205202102,0.042306617393749205,-0.11288177043585407,-0.34508282868213047,0.3643656517659152,2.218320617921113e-05,0.0,544
-0.018055653149584662,0.41262233460472614,0.1741297149317186,-0.029051123648761338,-0.07370045728181573,-0.0009191484430196226,-5.551115123125783e-17,545
-0.5748086205202102,0.042306617393749205,-0.11288177043585407,-0.34508282868213047,0.3643656517659152,2.218320617921113e-05,0.0,546
-0.5748086205202102,0.042306617393749205,-0.11288177043585407,-0.34508282868213047,0.3643656517659152,2.218320617921113e-05,0.0,547
-0.5748086205202102,0.042306617393749205,-0.11288177043585407,-0.34508282868213047,0.3643656517659152,2.218320617921113e-05,0.0,548
-0.5748086205202102,0.042306617393749205,-0.11288177043585407,-0.34508282868213047,0.3643656517659152,2.218320617921113e-05,0.0,549
0.5085585423371142,-0.15177292738446563,-0.25915789788636046,-0.22296919590494105,-0.12896679180231052,-0.00048101023256849097,-3.3306690738754696e-16,550
-0.3576128287087999,0.021525398989528623,-0.34259495486445946,0.298601769958585,-0.025589531465229194,0.0014967395915842473,7.494005416219807e-16,551
0.5085585423371142,-0.15177292738446563,-0.25915789788636046,-0.22296919590494105,-0.12896679180231052,-0.00048101023256849097,-3.3306690738754696e-16,552
0.5085585423371142,-0.15177292738446563,-0.25915789788636046,-0.22296919590494105,-0.12896679180231052,-0.00048101023256849097,-3.3306690738754696e-16,553
-0.5748086205202102,0.042306617393749205,-0.11288177043585407,-0.34508282868213047,0.3643656517659152,2.218320617921113e-05,0.0,554
-0.3576128287087999,0.021525398989528623,-0.34259495486445946,0.298601769958585,-0.025589531465229194,0.0014967395915842473,7.494005416219807e-16,555
-0.3576128287087999,0.021525398989528623,-0.34259495486445946,0.298601769958585,-0.025589531465229194,0.0014967395915842473,7.494005416219807e-16,556
-0.5748086205202102,0.042306617393749205,-0.11288177043585407,-0.34508282868213047,0.3643656517659152,2.218320617921113e-05,0.0,557
0.5085585423371142,-0.15177292738446563,-0.25915789788636046,-0.22296919590494105,-0.12896679180231052,-0.00048101023256849097,-3.3306690738754696e-16,558
-0.5748086205202102,0.042306617393749205,-0.11288177043585407,-0.34508282868213047,0.3643656517659152,2.218320617921113e-05,0.0,559
-0.5748086205202102,0.042306617393749205,-0.11288177043585407,-0.34508282868213047,0.3643656517659152,2.218320617921113e-05,0.0,560
-0.3576128287087999,0.021525398989528623,-0.34259495486445946,0.298601769958585,-0.025589531465229194,0.0014967395915842473,7.494005416219807e-16,561
-0.5748086205202102,0.042306617393749205,-0.11288177043585407,-0.34508282868213047,0.3643656517659152,2.218320617921113e-05,0.0,562
-0.5748086205202102,0.042306617393749205,-0.11288177043585407,-0.34508282868213047,0.3643656517659152,2.218320617921113e-05,0.0,563
0.5085585423371142,-0.15177292738446563,-0.25915789788636046,-0.22296919590494105,-0.12896679180231052,-0.00048101023256849097,-3.3306690738754696e-16,564
-0.5748086205202102,0.042306617393749205,-0.11288177043585407,-0.34508282868213047,0.3643656517659152,2.218320617921113e-05,0.0,565
-0.5748086205202102,0.042306617393749205,-0.11288177043585407,-0.34508282868213047,0.3643656517659152,2.218320617921113e-05,0.0,566
-0.018055653149584662,0.41262233460472614,0.1741297149317186,-0.029051123648761338,-0.07370045728181573,-0.0009191484430196226,-5.551115123125783e-17,567
-0.5748086205202102,0.042306617393749205,-0.11288177043585407,-0.34508282868213047,0.3643656517659152,2.218320617921113e-05,0.0,568
-0.3576128287087999,0.021525398989528623,-0.34259495486445946,0.298601769958585,-0.025589531465229194,0.0014967395915842473,7.494005416219807e-16,569
-0.3576128287087999,0.021525398989528623,-0.34259495486445946,0.298601769958585,-0.025589531465229194,0.0014967395915842473,7.494005416219807e-16,570
0.5085585423371142,-0.15177292738446563,-0.25915789788636046,-0.22296919590494105,-0.12896679180231052,-0.00048101023256849097,-3.3306690738754696e-16,571
-0.5748086205202102,0.042306617393749205,-0.11288177043585407,-0.34508282868213047,0.3643656517659152,2.218320617921113e-05,0.0,572
-0.3576128287087999,0.021525398989528623,-0.34259495486445946,0.298601769958585,-0.025589531465229194,0.0014967395915842473,7.494005416219807e-16,573
-0.3576128287087999,0.021525398989528623,-0.34259495486445946,0.298601769958585,-0.025589531465229194,0.0014967395915842473,7.494005416219807e-16,574
-0.3576128287087999,0.021525398989528623,-0.34259495486445946,0.298601769958585,-0.025589531465229194,0.0014967395915842473,7.494005416219807e-16,575
-0.3576128287087999,0.021525398989528623,-0.34259495486445946,0.298601769958585,-0.025589531465229194,0.0014967395915842473,7.494005416219807e-16,576
-0.3576128287087999,0.021525398989528623,-0.34259495486445946,0.298601769958585,-0.025589531465229194,0.0014967395915842473,7.494005416219807e-16,577
-0.3576128287087999,0.021525398989528623,-0.34259495486445946,0.298601769958585,-0.025589531465229194,0.0014967395915842473,7.494005416219807e-16,578
-0.5748086205202102,0.042306617393749205,-0.11288177043585407,-0.34508282868213047,0.3643656517659152,2.218320617921113e-05,0.0,579
-0.5748086205202102,0.042306617393749205,-0.11288177043585407,-0.34508282868213047,0.3643656517659152,2.218320617921113e-05,0.0,580
-0.018055653149584662,0.41262233460472614,0.1741297149317186,-0.029051123648761338,-0.07370045728181573,-0.0009191484430196226,-5.551115123125783e-17,581
-0.3576128287087999,0.021525398989528623,-0.34259495486445946,0.298601769958585,-0.025589531465229194,0.0014967395915842473,7.494005416219807e-16,582
-0.5748086205202102,0.042306617393749205,-0.11288177043585407,-0.34508282868213047,0.3643656517659152,2.218320617921113e-05,0.0,583
-0.3576128287087999,0.021525398989528623,-0.34259495486445946,0.298601769958585,-0.025589531465229194,0.0014967395915842473,7.494005416219807e-16,584
-0.3576128287087999,0.021525398989528623,-0.34259495486445946,0.298601769958585,-0.025589531465229194,0.0014967395915842473,7.494005416219807e-16,585
-0.3576128287087999,0.021525398989528623,-0.34259495486445946,0.298601769958585,-0.025589531465229194,0.0014967395915842473,7.494005416219807e-16,586
-0.3576128287087999,0.021525398989528623,-0.34259495486445946,0.298601769958585,-0.025589531465229194,0.0014967395915842473,7.494005416219807e-16,587
-0.3576128287087999,0.021525398989528623,-0.34259495486445946,0.298601769958585,-0.025589531465229194,0.0014967395915842473,7.494005416219807e-16,588
0.5085585423371142,-0.15177292738446563,-0.25915789788636046,-0.22296919590494105,-0.12896679180231052,-0.00048101023256849097,-3.3306690738754696e-16,589
-0.5748086205202102,0.042306617393749205,-0.11288177043585407,-0.34508282868213047,0.3643656517659152,2.218320617921113e-05,0.0,590
-0.018055653149584662,0.41262233460472614,0.1741297149317186,-0.029051123648761338,-0.07370045728181573,-0.0009191484430196226,-5.551115123125783e-17,591
-0.12404615643320652,-0.3393488542990366,0.2891603711332981,0.053495889906470355,-0.024273648289480962,-0.029489649175909852,-2.7755575615628914e-17,592
-0.12404615643320652,-0.3393488542990366,0.2891603711332981,0.053495889906470355,-0.024273648289480962,-0.029489649175909852,-2.7755575615628914e-17,593
-0.018055653149584662,0.41262233460472614,0.1741297149317186,-0.029051123648761338,-0.07370045728181573,-0.0009191484430196226,-5.551115123125783e-17,594
-0.5748086205202102,0.042306617393749205,-0.11288177043585407,-0.34508282868213047,0.3643656517659152,2.218320617921113e-05,0.0,595
-0.3576128287087999,0.021525398989528623,-0.34259495486445946,0.298601769958585,-0.025589531465229194,0.0014967395915842473,7.494005416219807e-16,596
-0.018055653149584662,0.41262233460472614,0.1741297149317186,-0.029051123648761338,-0.07370045728181573,-0.0009191484430196226,-5.551115123125783e-17,597
-0.5748086205202102,0.042306617393749205,-0.11288177043585407,-0.34508282868213047,0.3643656517659152,2.218320617921113e-05,0.0,598
-0.12404615643320652,-0.3393488542990366,0.2891603711332981,0.053495889906470355,-0.024273648289480962,-0.029489649175909852,-2.7755575615628914e-17,599
-0.3576128287087999,0.021525398989528623,-0.34259495486445946,0.298601769958585,-0.025589531465229194,0.0014967395915842473,7.494005416219807e-16,600
-0.3576128287087999,0.021525398989528623,-0.34259495486445946,0.298601769958585,-0.025589531465229194,0.0014967395915842473,7.494005416219807e-16,601
-0.3576128287087999,0.021525398989528623,-0.34259495486445946,0.298601769958585,-0.025589531465229194,0.0014967395915842473,7.494005416219807e-16,602
-0.3576128287087999,0.021525398989528623,-0.34259495486445946,0.298601769958585,-0.025589531465229194,0.0014967395915842473,7.494005416219807e-16,603
0.5085585423371142,-0.15177292738446563,-0.25915789788636046,-0.22296919590494105,-0.12896679180231052,-0.00048101023256849097,-3.3306690738754696e-16,604
-0.12404615643320652,-0.3393488542990366,0.2891603711332981,0.053495889906470355,-0.024273648289480962,-0.029489649175909852,-2.7755575615628914e-17,605
-0.5748086205202102,0.042306617393749205,-0.11288177043585407,-0.34508282868213047,0.3643656517659152,2.218320617921113e-05,0.0,606
-0.018055653149584662,0.41262233460472614,0.1741297149317186,-0.029051123648761338,-0.07370045728181573,-0.0009191484430196226,-5.551115123125783e-17,607
-0.3576128287087999,0.021525398989528623,-0.34259495486445946,0.298601769958585,-0.025589531465229194,0.0014967395915842473,7.494005416219807e-16,608
-0.5748086205202102,0.042306617393749205,-0.11288177043585407,-0.34508282868213047,0.3643656517659152,2.218320617921113e-05,0.0,609
-0.3576128287087999,0.021525398989528623,-0.34259495486445946,0.298601769958585,-0.025589531465229194,0.0014967395915842473,7.494005416219807e-16,610
-0.12404615643320652,-0.3393488542990366,0.2891603711332981,0.053495889906470355,-0.024273648289480962,-0.029489649175909852,-2.7755575615628914e-17,611
-0.018055653149584662,0.41262233460472614,0.1741297149317186,-0.029051123648761338,-0.07370045728181573,-0.0009191484430196226,-5.551115123125783e-17,612
-0.5748086205202102,0.042306617393749205,-0.11288177043585407,-0.34508282868213047,0.3643656517659152,2.218320617921113e-05,0.0,613
-0.3576128287087999,0.021525398989528623,-0.34259495486445946,0.298601769958585,-0.025589531465229194,0.0014967395915842473,7.494005416219807e-16,614
-0.3576128287087999,0.021525398989528623,-0.34259495486445946,0.298601769958585,-0.025589531465229194,0.0014967395915842473,7.494005416219807e-16,615
-0.3576128287087999,0.021525398989528623,-0.34259495486445946,0.298601769958585,-0.025589531465229194,0.0014967395915842473,7.494005416219807e-16,616
-0.3576128287087999,0.021525398989528623,-0.34259495486445946,0.298601769958585,-0.025589531465229194,0.0014967395915842473,7.494005416219807e-16,617
-0.5748086205202102,0.042306617393749205,-0.11288177043585407,-0.34508282868213047,0.3643656517659152,2.218320617921113e-05,0.0,618
0.5085585423371142,-0.15177292738446563,-0.25915789788636046,-0.22296919590494105,-0.12896679180231052,-0.00048101023256849097,-3.3306690738754696e-16,619
-0.5748086205202102,0.042306617393749205,-0.11288177043585407,-0.34508282868213047,0.3643656517659152,2.218320617921113e-05,0.0,620
-0.018055653149584662,0.41262233460472614,0.1741297149317186,-0.029051123648761338,-0.07370045728181573,-0.0009191484430196226,-5.551115123125783e-17,621
-0.12404615643320652,-0.3393488542990366,0.2891603711332981,0.053495889906470355,-0.024273648289480962,-0.029489649175909852,-2.7755575615628914e-17,622
-0.5748086205202102,0.042306617393749205,-0.11288177043585407,-0.34508282868213047,0.3643656517659152,2.218320617921113e-05,0.0,623
-0.12404615643320652,-0.3393488542990366,0.2891603711332981,0.053495889906470355,-0.024273648289480962,-0.029489649175909852,-2.7755575615628914e-17,624
-0.5748086205202102,0.042306617393749205,-0.11288177043585407,-0.34508282868213047,0.3643656517659152,2.218320617921113e-05,0.0,625
0.5085585423371142,-0.15177292738446563,-0.25915789788636046,-0.22296919590494105,-0.12896679180231052,-0.00048101023256849097,-3.3306690738754696e-16,626
-0.3576128287087999,0.021525398989528623,-0.34259495486445946,0.298601769958585,-0.025589531465229194,0.0014967395915842473,7.494005416219807e-16,627
-0.3576128287087999,0.021525398989528623,-0.34259495486445946,0.298601769958585,-0.025589531465229194,0.0014967395915842473,7.494005416219807e-16,628
-0.3576128287087999,0.021525398989528623,-0.34259495486445946,0.298601769958585,-0.025589531465229194,0.0014967395915842473,7.494005416219807e-16,629
-0.3576128287087999,0.021525398989528623,-0.34259495486445946,0.298601769958585,-0.025589531465229194,0.0014967395915842473,7.494005416219807e-16,630
-0.3576128287087999,0.021525398989528623,-0.34259495486445946,0.298601769958585,-0.025589531465229194,0.0014967395915842473,7.494005416219807e-16,631
-0.3576128287087999,0.021525398989528623,-0.34259495486445946,0.298601769958585,-0.025589531465229194,0.0014967395915842473,7.494005416219807e-16,632
-0.3576128287087999,0.021525398989528623,-0.34259495486445946,0.298601769958585,-0.025589531465229194,0.0014967395915842473,7.494005416219807e-16,633
-0.5748086205202102,0.042306617393749205,-0.11288177043585407,-0.34508282868213047,0.3643656517659152,2.218320617921113e-05,0.0,634
-0.5748086205202102,0.042306617393749205,-0.11288177043585407,-0.34508282868213047,0.3643656517659152,2.218320617921113e-05,0.0,635
0.5085585423371142,-0.15177292738446563,-0.25915789788636046,-0.22296919590494105,-0.12896679180231052,-0.00048101023256849097,-3.3306690738754696e-16,636
-0.5748086205202102,0.042306617393749205,-0.11288177043585407,-0.34508282868213047,0.3643656517659152,2.218320617921113e-05,0.0,637
-0.5748086205202102,0.042306617393749205,-0.11288177043585407,-0.34508282868213047,0.3643656517659152,2.218320617921113e-05,0.0,638
0.5085585423371142,-0.15177292738446563,-0.25915789788636046,-0.22296919590494105,-0.12896679180231052,-0.00048101023256849097,-3.3306690738754696e-16,639
-0.5748086205202102,0.042306617393749205,-0.11288177043585407,-0.34508282868213047,0.3643656517659152,2.218320617921113e-05,0.0,640
-0.5748086205202102,0.042306617393749205,-0.11288177043585407,-0.34508282868213047,0.3643656517659152,2.218320617921113e-05,0.0,641
-0.018055653149584662,0.41262233460472614,0.1741297149317186,-0.029051123648761338,-0.07370045728181573,-0.0009191484430196226,-5.551115123125783e-17,642
0.5085585423371142,-0.15177292738446563,-0.25915789788636046,-0.22296919590494105,-0.12896679180231052,-0.00048101023256849097,-3.3306690738754696e-16,643
-0.5748086205202102,0.042306617393749205,-0.11288177043585407,-0.34508282868213047,0.3643656517659152,2.218320617921113e-05,0.0,644
-0.018055653149584662,0.41262233460472614,0.1741297149317186,-0.029051123648761338,-0.07370045728181573,-0.0009191484430196226,-5.551115123125783e-17,645
-0.5748086205202102,0.042306617393749205,-0.11288177043585407,-0.34508282868213047,0.3643656517659152,2.218320617921113e-05,0.0,646
-0.018055653149584662,0.41262233460472614,0.1741297149317186,-0.029051123648761338,-0.07370045728181573,-0.0009191484430196226,-5.551115123125783e-17,647
-0.12404615643320652,-0.3393488542990366,0.2891603711332981,0.053495889906470355,-0.024273648289480962,-0.029489649175909852,-2.7755575615628914e-17,648
-0.3576128287087999,0.021525398989528623,-0.34259495486445946,0.298601769958585,-0.025589531465229194,0.0014967395915842473,7.494005416219807e-16,649
-0.3576128287087999,0.021525398989528623,-0.34259495486445946,0.298601769958585,-0.025589531465229194,0.0014967395915842473,7.494005416219807e-16,650
-0.3576128287087999,0.021525398989528623,-0.34259495486445946,0.298601769958585,-0.025589531465229194,0.0014967395915842473,7.494005416219807e-16,651
-0.3576128287087999,0.021525398989528623,-0.34259495486445946,0.298601769958585,-0.025589531465229194,0.0014967395915842473,7.494005416219807e-16,652
-0.3576128287087999,0.021525398989528623,-0.34259495486445946,0.298601769958585,-0.025589531465229194,0.0014967395915842473,7.494005416219807e-16,653
-0.12404615643320652,-0.3393488542990366,0.2891603711332981,0.053495889906470355,-0.024273648289480962,-0.029489649175909852,-2.7755575615628914e-17,654
-0.12404615643320652,-0.3393488542990366,0.2891603711332981,0.053495889906470355,-0.024273648289480962,-0.029489649175909852,-2.7755575615628914e-17,655
-0.3576128287087999,0.021525398989528623,-0.34259495486445946,0.298601769958585,-0.025589531465229194,0.0014967395915842473,7.494005416219807e-16,656
-0.5748086205202102,0.042306617393749205,-0.11288177043585407,-0.34508282868213047,0.3643656517659152,2.218320617921113e-05,0.0,657
-0.018055653149584662,0.41262233460472614,0.1741297149317186,-0.029051123648761338,-0.07370045728181573,-0.0009191484430196226,-5.551115123125783e-17,658
-0.12404615643320652,-0.3393488542990366,0.2891603711332981,0.053495889906470355,-0.024273648289480962,-0.029489649175909852,-2.7755575615628914e-17,659
-0.3576128287087999,0.021525398989528623,-0.34259495486445946,0.298601769958585,-0.025589531465229194,0.0014967395915842473,7.494005416219807e-16,660
-0.3576128287087999,0.021525398989528623,-0.34259495486445946,0.298601769958585,-0.025589531465229194,0.0014967395915842473,7.494005416219807e-16,661
-0.3576128287087999,0.021525398989528623,-0.34259495486445946,0.298601769958585,-0.025589531465229194,0.0014967395915842473,7.494005416219807e-16,662
-0.3576128287087999,0.021525398989528623,-0.34259495486445946,0.298601769958585,-0.025589531465229194,0.0014967395915842473,7.494005416219807e-16,663
-0.3576128287087999,0.021525398989528623,-0.34259495486445946,0.298601769958585,-0.025589531465229194,0.0014967395915842473,7.494005416219807e-16,664
-0.12404615643320652,-0.3393488542990366,0.2891603711332981,0.053495889906470355,-0.024273648289480962,-0.029489649175909852,-2.7755575615628914e-17,665
-0.3576128287087999,0.021525398989528623,-0.34259495486445946,0.298601769958585,-0.025589531465229194,0.0014967395915842473,7.494005416219807e-16,666
-0.3576128287087999,0.021525398989528623,-0.34259495486445946,0.298601769958585,-0.025589531465229194,0.0014967395915842473,7.494005416219807e-16,667
0.5085585423371142,-0.15177292738446563,-0.25915789788636046,-0.22296919590494105,-0.12896679180231052,-0.00048101023256849097,-3.3306690738754696e-16,668
-0.12404615643320652,-0.3393488542990366,0.2891603711332981,0.053495889906470355,-0.024273648289480962,-0.029489649175909852,-2.7755575615628914e-17,669
0.5085585423371142,-0.15177292738446563,-0.25915789788636046,-0.22296919590494105,-0.12896679180231052,-0.00048101023256849097,-3.3306690738754696e-16,670
-0.018055653149584662,0.41262233460472614,0.1741297149317186,-0.029051123648761338,-0.07370045728181573,-0.0009191484430196226,-5.551115123125783e-17,671
0.5085585423371142,-0.15177292738446563,-0.25915789788636046,-0.22296919590494105,-0.12896679180231052,-0.00048101023256849097,-3.3306690738754696e-16,672
-0.018055653149584662,0.41262233460472614,0.1741297149317186,-0.029051123648761338,-0.07370045728181573,-0.0009191484430196226,-5.551115123125783e-17,673
0.5085585423371142,-0.15177292738446563,-0.25915789788636046,-0.22296919590494105,-0.12896679180231052,-0.00048101023256849097,-3.3306690738754696e-16,674
0.5085585423371142,-0.15177292738446563,-0.25915789788636046,-0.22296919590494105,-0.12896679180231052,-0.00048101023256849097,-3.3306690738754696e-16,675
-0.5748086205202102,0.042306617393749205,-0.11288177043585407,-0.34508282868213047,0.3643656517659152,2.218320617921113e-05,0.0,676
0.5085585423371142,-0.15177292738446563,-0.25915789788636046,-0.22296919590494105,-0.12896679180231052,-0.00048101023256849097,-3.3306690738754696e-16,677
-0.3576128287087999,0.021525398989528623,-0.34259495486445946,0.298601769958585,-0.025589531465229194,0.0014967395915842473,7.494005416219807e-16,678
-0.3576128287087999,0.021525398989528623,-0.34259495486445946,0.298601769958585,-0.025589531465229194,0.0014967395915842473,7.494005416219807e-16,679
-0.3576128287087999,0.021525398989528623,-0.34259495486445946,0.298601769958585,-0.025589531465229194,0.0014967395915842473,7.494005416219807e-16,680
-0.3576128287087999,0.021525398989528623,-0.34259495486445946,0.298601769958585,-0.025589531465229194,0.0014967395915842473,7.494005416219807e-16,681
-0.3576128287087999,0.021525398989528623,-0.34259495486445946,0.298601769958585,-0.025589531465229194,0.0014967395915842473,7.494005416219807e-16,682
-0.3576128287087999,0.021525398989528623,-0.34259495486445946,0.298601769958585,-0.025589531465229194,0.0014967395915842473,7.494005416219807e-16,683
-0.3576128287087999,0.021525398989528623,-0.34259495486445946,0.298601769958585,-0.025589531465229194,0.0014967395915842473,7.494005416219807e-16,684
-0.3576128287087999,0.021525398989528623,-0.34259495486445946,0.298601769958585,-0.025589531465229194,0.0014967395915842473,7.494005416219807e-16,685
-0.3576128287087999,0.021525398989528623,-0.34259495486445946,0.298601769958585,-0.025589531465229194,0.0014967395915842473,7.494005416219807e-16,686
-0.12404615643320652,-0.3393488542990366,0.2891603711332981,0.053495889906470355,-0.024273648289480962,-0.029489649175909852,-2.7755575615628914e-17,687
-0.12404615643320652,-0.3393488542990366,0.2891603711332981,0.053495889906470355,-0.024273648289480962,-0.029489649175909852,-2.7755575615628914e-17,688
-0.018055653149584662,0.41262233460472614,0.1741297149317186,-0.029051123648761338,-0.07370045728181573,-0.0009191484430196226,-5.551115123125783e-17,689
-0.5748086205202102,0.042306617393749205,-0.11288177043585407,-0.34508282868213047,0.3643656517659152,2.218320617921113e-05,0.0,690
-0.5748086205202102,0.042306617393749205,-0.11288177043585407,-0.34508282868213047,0.3643656517659152,2.218320617921113e-05,0.0,691
0.5085585423371142,-0.15177292738446563,-0.25915789788636046,-0.22296919590494105,-0.12896679180231052,-0.00048101023256849097,-3.3306690738754696e-16,692
-0.3576128287087999,0.021525398989528623,-0.34259495486445946,0.298601769958585,-0.025589531465229194,0.0014967395915842473,7.494005416219807e-16,693
-0.12404615643320652,-0.3393488542990366,0.2891603711332981,0.053495889906470355,-0.024273648289480962,-0.029489649175909852,-2.7755575615628914e-17,694
0.5085585423371142,-0.15177292738446563,-0.25915789788636046,-0.22296919590494105,-0.12896679180231052,-0.00048101023256849097,-3.3306690738754696e-16,695
0.5085585423371142,-0.15177292738446563,-0.25915789788636046,-0.22296919590494105,-0.12896679180231052,-0.00048101023256849097,-3.3306690738754696e-16,696
-0.12404615643320652,-0.3393488542990366,0.2891603711332981,0.053495889906470355,-0.024273648289480962,-0.029489649175909852,-2.7755575615628914e-17,697
-0.12404615643320652,-0.3393488542990366,0.2891603711332981,0.053495889906470355,-0.024273648289480962,-0.029489649175909852,-2.7755575615628914e-17,698
-0.5748086205202102,0.042306617393749205,-0.11288177043585407,-0.34508282868213047,0.3643656517659152,2.218320617921113e-05,0.0,699
0.5085585423371142,-0.15177292738446563,-0.25915789788636046,-0.22296919590494105,-0.12896679180231052,-0.00048101023256849097,-3.3306690738754696e-16,700
-0.5748086205202102,0.042306617393749205,-0.11288177043585407,-0.34508282868213047,0.3643656517659152,2.218320617921113e-05,0.0,701
-0.12404615643320652,-0.3393488542990366,0.2891603711332981,0.053495889906470355,-0.024273648289480962,-0.029489649175909852,-2.7755575615628914e-17,702
-0.12404615643320652,-0.3393488542990366,0.2891603711332981,0.053495889906470355,-0.024273648289480962,-0.029489649175909852,-2.7755575615628914e-17,703
-0.018055653149584662,0.41262233460472614,0.1741297149317186,-0.029051123648761338,-0.07370045728181573,-0.0009191484430196226,-5.551115123125783e-17,704
-0.018055653149584662,0.41262233460472614,0.1741297149317186,-0.029051123648761338,-0.07370045728181573,-0.0009191484430196226,-5.551115123125783e-17,705
-0.12404615643320652,-0.3393488542990366,0.2891603711332981,0.053495889906470355,-0.024273648289480962,-0.029489649175909852,-2.7755575615628914e-17,706
-0.018055653149584662,0.41262233460472614,0.1741297149317186,-0.029051123648761338,-0.07370045728181573,-0.0009191484430196226,-5.551115123125783e-17,707
-0.5748086205202102,0.042306617393749205,-0.11288177043585407,-0.34508282868213047,0.3643656517659152,2.218320617921113e-05,0.0,708
-0.5748086205202102,0.042306617393749205,-0.11288177043585407,-0.34508282868213047,0.3643656517659152,2.218320617921113e-05,0.0,709
-0.3576128287087999,0.021525398989528623,-0.34259495486445946,0.298601769958585,-0.025589531465229194,0.0014967395915842473,7.494005416219807e-16,710
-0.3576128287087999,0.021525398989528623,-0.34259495486445946,0.298601769958585,-0.025589531465229194,0.0014967395915842473,7.494005416219807e-16,711
-0.3576128287087999,0.021525398989528623,-0.34259495486445946,0.298601769958585,-0.025589531465229194,0.0014967395915842473,7.494005416219807e-16,712
-0.3576128287087999,0.021525398989528623,-0.34259495486445946,0.298601769958585,-0.025589531465229194,0.0014967395915842473,7.494005416219807e-16,713
-0.3576128287087999,0.021525398989528623,-0.34259495486445946,0.298601769958585,-0.025589531465229194,0.0014967395915842473,7.494005416219807e-16,714
-0.3576128287087999,0.021525398989528623,-0.34259495486445946,0.298601769958585,-0.025589531465229194,0.0014967395915842473,7.494005416219807e-16,715
-0.5748086205202102,0.042306617393749205,-0.11288177043585407,-0.34508282868213047,0.3643656517659152,2.218320617921113e-05,0.0,716
-0.12404615643320652,-0.3393488542990366,0.2891603711332981,0.053495889906470355,-0.024273648289480962,-0.029489649175909852,-2.7755575615628914e-17,717
-0.5748086205202102,0.042306617393749205,-0.11288177043585407,-0.34508282868213047,0.3643656517659152,2.218320617921113e-05,0.0,718
-0.3576128287087999,0.021525398989528623,-0.34259495486445946,0.298601769958585,-0.025589531465229194,0.0014967395915842473,7.494005416219807e-16,719
0.5085585423371142,-0.15177292738446563,-0.25915789788636046,-0.22296919590494105,-0.12896679180231052,-0.00048101023256849097,-3.3306690738754696e-16,720
-0.12404615643320652,-0.3393488542990366,0.2891603711332981,0.053495889906470355,-0.024273648289480962,-0.029489649175909852,-2.7755575615628914e-17,721
-0.018055653149584662,0.41262233460472614,0.1741297149317186,-0.029051123648761338,-0.07370045728181573,-0.0009191484430196226,-5.551115123125783e-17,722
-0.5748086205202102,0.042306617393749205,-0.11288177043585407,-0.34508282868213047,0.3643656517659152,2.218320617921113e-05,0.0,723
-0.12404615643320652,-0.3393488542990366,0.2891603711332981,0.053495889906470355,-0.024273648289480962,-0.029489649175909852,-2.7755575615628914e-17,724
0.5085585423371142,-0.15177292738446563,-0.25915789788636046,-0.22296919590494105,-0.12896679180231052,-0.00048101023256849097,-3.3306690738754696e-16,725
-0.3576128287087999,0.021525398989528623,-0.34259495486445946,0.298601769958585,-0.025589531465229194,0.0014967395915842473,7.494005416219807e-16,726
-0.3576128287087999,0.021525398989528623,-0.34259495486445946,0.298601769958585,-0.025589531465229194,0.0014967395915842473,7.494005416219807e-16,727
-0.3576128287087999,0.021525398989528623,-0.34259495486445946,0.298601769958585,-0.025589531465229194,0.0014967395915842473,7.494005416219807e-16,728
-0.3576128287087999,0.021525398989528623,-0.34259495486445946,0.298601769958585,-0.025589531465229194,0.0014967395915842473,7.494005416219807e-16,729
-0.3576128287087999,0.021525398989528623,-0.34259495486445946,0.298601769958585,-0.025589531465229194,0.0014967395915842473,7.494005416219807e-16,730
-0.3576128287087999,0.021525398989528623,-0.34259495486445946,0.298601769958585,-0.025589531465229194,0.0014967395915842473,7.494005416219807e-16,731
-0.3576128287087999,0.021525398989528623,-0.34259495486445946,0.298601769958585,-0.025589531465229194,0.0014967395915842473,7.494005416219807e-16,732
-0.3576128287087999,0.021525398989528623,-0.34259495486445946,0.298601769958585,-0.025589531465229194,0.0014967395915842473,7.494005416219807e-16,733
-0.3576128287087999,0.021525398989528623,-0.34259495486445946,0.298601769958585,-0.025589531465229194,0.0014967395915842473,7.494005416219807e-16,734
-0.3576128287087999,0.021525398989528623,-0.34259495486445946,0.298601769958585,-0.025589531465229194,0.0014967395915842473,7.494005416219807e-16,735
-0.3576128287087999,0.021525398989528623,-0.34259495486445946,0.298601769958585,-0.025589531465229194,0.0014967395915842473,7.494005416219807e-16,736
-0.3576128287087999,0.021525398989528623,-0.34259495486445946,0.298601769958585,-0.025589531465229194,0.0014967395915842473,7.494005416219807e-16,737
-0.3576128287087999,0.021525398989528623,-0.34259495486445946,0.298601769958585,-0.025589531465229194,0.0014967395915842473,7.494005416219807e-16,738
-0.3576128287087999,0.021525398989528623,-0.34259495486445946,0.298601769958585,-0.025589531465229194,0.0014967395915842473,7.494005416219807e-16,739
-0.3576128287087999,0.021525398989528623,-0.34259495486445946,0.298601769958585,-0.025589531465229194,0.0014967395915842473,7.494005416219807e-16,740
0.5085585423371142,-0.15177292738446563,-0.25915789788636046,-0.22296919590494105,-0.12896679180231052,-0.00048101023256849097,-3.3306690738754696e-16,741
0.5085585423371142,-0.15177292738446563,-0.25915789788636046,-0.22296919590494105,-0.12896679180231052,-0.00048101023256849097,-3.3306690738754696e-16,742
-0.5748086205202102,0.042306617393749205,-0.11288177043585407,-0.34508282868213047,0.3643656517659152,2.218320617921113e-05,0.0,743
-0.018055653149584662,0.41262233460472614,0.1741297149317186,-0.029051123648761338,-0.07370045728181573,-0.0009191484430196226,-5.551115123125783e-17,744
0.5085585423371142,-0.15177292738446563,-0.25915789788636046,-0.22296919590494105,-0.12896679180231052,-0.00048101023256849097,-3.3306690738754696e-16,745
-0.12404615643320652,-0.3393488542990366,0.2891603711332981,0.053495889906470355,-0.024273648289480962,-0.029489649175909852,-2.7755575615628914e-17,746
0.5085585423371142,-0.15177292738446563,-0.25915789788636046,-0.22296919590494105,-0.12896679180231052,-0.00048101023256849097,-3.3306690738754696e-16,747
-0.12404615643320652,-0.3393488542990366,0.2891603711332981,0.053495889906470355,-0.024273648289480962,-0.029489649175909852,-2.7755575615628914e-17,748
-0.12404615643320652,-0.3393488542990366,0.2891603711332981,0.053495889906470355,-0.024273648289480962,-0.029489649175909852,-2.7755575615628914e-17,749
-0.12404615643320652,-0.3393488542990366,0.2891603711332981,0.053495889906470355,-0.024273648289480962,-0.029489649175909852,-2.7755575615628914e-17,750
0.5085585423371142,-0.15177292738446563,-0.25915789788636046,-0.22296919590494105,-0.12896679180231052,-0.00048101023256849097,-3.3306690738754696e-16,751
-0.12404615643320652,-0.3393488542990366,0.2891603711332981,0.053495889906470355,-0.024273648289480962,-0.029489649175909852,-2.7755575615628914e-17,752
-0.12404615643320652,-0.3393488542990366,0.2891603711332981,0.053495889906470355,-0.024273648289480962,-0.029489649175909852,-2.7755575615628914e-17,753
-0.5748086205202102,0.042306617393749205,-0.11288177043585407,-0.34508282868213047,0.3643656517659152,2.218320617921113e-05,0.0,754
-0.3576128287087999,0.021525398989528623,-0.34259495486445946,0.298601769958585,-0.025589531465229194,0.0014967395915842473,7.494005416219807e-16,755
-0.5748086205202102,0.042306617393749205,-0.11288177043585407,-0.34508282868213047,0.3643656517659152,2.218320617921113e-05,0.0,756
-0.5748086205202102,0.042306617393749205,-0.11288177043585407,-0.34508282868213047,0.3643656517659152,2.218320617921113e-05,0.0,757
-0.5748086205202102,0.042306617393749205,-0.11288177043585407,-0.34508282868213047,0.3643656517659152,2.218320617921113e-05,0.0,758
0.5085585423371142,-0.15177292738446563,-0.25915789788636046,-0.22296919590494105,-0.12896679180231052,-0.00048101023256849097,-3.3306690738754696e-16,759
0.5085585423371142,-0.15177292738446563,-0.25915789788636046,-0.22296919590494105,-0.12896679180231052,-0.00048101023256849097,-3.3306690738754696e-16,760
-0.3576128287087999,0.021525398989528623,-0.34259495486445946,0.298601769958585,-0.025589531465229194,0.0014967395915842473,7.494005416219807e-16,761
-0.3576128287087999,0.021525398989528623,-0.34259495486445946,0.298601769958585,-0.025589531465229194,0.0014967395915842473,7.494005416219807e-16,762
-0.3576128287087999,0.021525398989528623,-0.34259495486445946,0.298601769958585,-0.025589531465229194,0.0014967395915842473,7.494005416219807e-16,763
-0.3576128287087999,0.021525398989528623,-0.34259495486445946,0.298601769958585,-0.025589531465229194,0.0014967395915842473,7.494005416219807e-16,764
-0.3576128287087999,0.021525398989528623,-0.34259495486445946,0.298601769958585,-0.025589531465229194,0.0014967395915842473,7.494005416219807e-16,765
-0.3576128287087999,0.021525398989528623,-0.34259495486445946,0.298601769958585,-0.025589531465229194,0.0014967395915842473,7.494005416219807e-16,766
-0.3576128287087999,0.021525398989528623,-0.34259495486445946,0.298601769958585,-0.025589531465229194,0.0014967395915842473,7.494005416219807e-16,767
0.5085585423371142,-0.15177292738446563,-0.25915789788636046,-0.22296919590494105,-0.12896679180231052,-0.00048101023256849097,-3.3306690738754696e-16,768
-0.12404615643320652,-0.3393488542990366,0.2891603711332981,0.053495889906470355,-0.024273648289480962,-0.029489649175909852,-2.7755575615628914e-17,769
-0.5748086205202102,0.042306617393749205,-0.11288177043585407,-0.34508282868213047,0.3643656517659152,2.218320617921113e-05,0.0,770
0.5085585423371142,-0.15177292738446563,-0.25915789788636046,-0.22296919590494105,-0.12896679180231052,-0.00048101023256849097,-3.3306690738754696e-16,771
-0.12404615643320652,-0.3393488542990366,0.2891603711332981,0.053495889906470355,-0.024273648289480962,-0.029489649175909852,-2.7755575615628914e-17,772
-0.12404615643320652,-0.3393488542990366,0.2891603711332981,0.053495889906470355,-0.024273648289480962,-0.029489649175909852,-2.7755575615628914e-17,773
0.5085585423371142,-0.15177292738446563,-0.25915789788636046,-0.22296919590494105,-0.12896679180231052,-0.00048101023256849097,-3.3306690738754696e-16,774
-0.5748086205202102,0.042306617393749205,-0.11288177043585407,-0.34508282868213047,0.3643656517659152,2.218320617921113e-05,0.0,775
-0.12404615643320652,-0.3393488542990366,0.2891603711332981,0.053495889906470355,-0.024273648289480962,-0.029489649175909852,-2.7755575615628914e-17,776
0.5085585423371142,-0.15177292738446563,-0.25915789788636046,-0.22296919590494105,-0.12896679180231052,-0.00048101023256849097,-3.3306690738754696e-16,777
-0.5748086205202102,0.042306617393749205,-0.11288177043585407,-0.34508282868213047,0.3643656517659152,2.218320617921113e-05,0.0,778
-0.12404615643320652,-0.3393488542990366,0.2891603711332981,0.053495889906470355,-0.024273648289480962,-0.029489649175909852,-2.7755575615628914e-17,779
0.5085585423371142,-0.15177292738446563,-0.25915789788636046,-0.22296919590494105,-0.12896679180231052,-0.00048101023256849097,-3.3306690738754696e-16,780
-0.12404615643320652,-0.3393488542990366,0.2891603711332981,0.053495889906470355,-0.024273648289480962,-0.029489649175909852,-2.7755575615628914e-17,781
-0.5748086205202102,0.042306617393749205,-0.11288177043585407,-0.34508282868213047,0.3643656517659152,2.218320617921113e-05,0.0,782
-0.12404615643320652,-0.3393488542990366,0.2891603711332981,0.053495889906470355,-0.024273648289480962,-0.029489649175909852,-2.7755575615628914e-17,783
-0.5748086205202102,0.042306617393749205,-0.11288177043585407,-0.34508282868213047,0.3643656517659152,2.218320617921113e-05,0.0,784
-0.12404615643320652,-0.3393488542990366,0.2891603711332981,0.053495889906470355,-0.024273648289480962,-0.029489649175909852,-2.7755575615628914e-17,785
-0.3576128287087999,0.021525398989528623,-0.34259495486445946,0.298601769958585,-0.025589531465229194,0.0014967395915842473,7.494005416219807e-16,786
0.5085585423371142,-0.15177292738446563,-0.25915789788636046,-0.22296919590494105,-0.12896679180231052,-0.00048101023256849097,-3.3306690738754696e-16,787
-0.018055653149584662,0.41262233460472614,0.1741297149317186,-0.029051123648761338,-0.07370045728181573,-0.0009191484430196226,-5.551115123125783e-17,788
0.5085585423371142,-0.15177292738446563,-0.25915789788636046,-0.22296919590494105,-0.12896679180231052,-0.00048101023256849097,-3.3306690738754696e-16,789
0.5085585423371142,-0.15177292738446563,-0.25915789788636046,-0.22296919590494105,-0.12896679180231052,-0.00048101023256849097,-3.3306690738754696e-16,790
-0.3576128287087999,0.021525398989528623,-0.34259495486445946,0.298601769958585,-0.025589531465229194,0.0014967395915842473,7.494005416219807e-16,791
-0.3576128287087999,0.021525398989528623,-0.34259495486445946,0.298601769958585,-0.025589531465229194,0.0014967395915842473,7.494005416219807e-16,792
-0.3576128287087999,0.021525398989528623,-0.34259495486445946,0.298601769958585,-0.025589531465229194,0.0014967395915842473,7.494005416219807e-16,793
-0.3576128287087999,0.021525398989528623,-0.34259495486445946,0.298601769958585,-0.025589531465229194,0.0014967395915842473,7.494005416219807e-16,794
-0.3576128287087999,0.021525398989528623,-0.34259495486445946,0.298601769958585,-0.025589531465229194,0.0014967395915842473,7.494005416219807e-16,795
-0.3576128287087999,0.021525398989528623,-0.34259495486445946,0.298601769958585,-0.025589531465229194,0.0014967395915842473,7.494005416219807e-16,796
-0.3576128287087999,0.021525398989528623,-0.34259495486445946,0.298601769958585,-0.025589531465229194,0.0014967395915842473,7.494005416219807e-16,797
-0.3576128287087999,0.021525398989528623,-0.34259495486445946,0.298601769958585,-0.025589531465229194,0.0014967395915842473,7.494005416219807e-16,798
-0.3576128287087999,0.021525398989528623,-0.34259495486445946,0.298601769958585,-0.025589531465229194,0.0014967395915842473,7.494005416219807e-16,799
-0.3576128287087999,0.021525398989528623,-0.34259495486445946,0.298601769958585,-0.025589531465229194,0.0014967395915842473,7.494005416219807e-16,800
-0.3576128287087999,0.021525398989528623,-0.34259495486445946,0.298601769958585,-0.025589531465229194,0.0014967395915842473,7.494005416219807e-16,801
-0.3576128287087999,0.021525398989528623,-0.34259495486445946,0.298601769958585,-0.025589531465229194,0.0014967395915842473,7.494005416219807e-16,802
-0.3576128287087999,0.021525398989528623,-0.34259495486445946,0.298601769958585,-0.025589531465229194,0.0014967395915842473,7.494005416219807e-16,803
-0.3576128287087999,0.021525398989528623,-0.34259495486445946,0.298601769958585,-0.025589531465229194,0.0014967395915842473,7.494005416219807e-16,804
-0.3576128287087999,0.021525398989528623,-0.34259495486445946,0.298601769958585,-0.025589531465229194,0.0014967395915842473,7.494005416219807e-16,805
-0.3576128287087999,0.021525398989528623,-0.34259495486445946,0.298601769958585,-0.025589531465229194,0.0014967395915842473,7.494005416219807e-16,806
-0.5748086205202102,0.042306617393749205,-0.11288177043585407,-0.34508282868213047,0.3643656517659152,2.218320617921113e-05,0.0,807
0.5085585423371142,-0.15177292738446563,-0.25915789788636046,-0.22296919590494105,-0.12896679180231052,-0.00048101023256849097,-3.3306690738754696e-16,808
0.5085585423371142,-0.15177292738446563,-0.25915789788636046,-0.22296919590494105,-0.12896679180231052,-0.00048101023256849097,-3.3306690738754696e-16,809
-0.3576128287087999,0.021525398989528623,-0.34259495486445946,0.298601769958585,-0.025589531465229194,0.0014967395915842473,7.494005416219807e-16,810
-0.5748086205202102,0.042306617393749205,-0.11288177043585407,-0.34508282868213047,0.3643656517659152,2.218320617921113e-05,0.0,811
0.5085585423371142,-0.15177292738446563,-0.25915789788636046,-0.22296919590494105,-0.12896679180231052,-0.00048101023256849097,-3.3306690738754696e-16,812
-0.3576128287087999,0.021525398989528623,-0.34259495486445946,0.298601769958585,-0.025589531465229194,0.0014967395915842473,7.494005416219807e-16,813
-0.018055653149584662,0.41262233460472614,0.1741297149317186,-0.029051123648761338,-0.07370045728181573,-0.0009191484430196226,-5.551115123125783e-17,814
-0.12404615643320652,-0.3393488542990366,0.2891603711332981,0.053495889906470355,-0.024273648289480962,-0.029489649175909852,-2.7755575615628914e-17,815
0.5085585423371142,-0.15177292738446563,-0.25915789788636046,-0.22296919590494105,-0.12896679180231052,-0.00048101023256849097,-3.3306690738754696e-16,816
-0.12404615643320652,-0.3393488542990366,0.2891603711332981,0.053495889906470355,-0.024273648289480962,-0.029489649175909852,-2.7755575615628914e-17,817
0.5085585423371142,-0.15177292738446563,-0.25915789788636046,-0.22296919590494105,-0.12896679180231052,-0.00048101023256849097,-3.3306690738754696e-16,818
-0.12404615643320652,-0.3393488542990366,0.2891603711332981,0.053495889906470355,-0.024273648289480962,-0.029489649175909852,-2.7755575615628914e-17,819
-0.3576128287087999,0.021525398989528623,-0.34259495486445946,0.298601769958585,-0.025589531465229194,0.0014967395915842473,7.494005416219807e-16,820
-0.5748086205202102,0.042306617393749205,-0.11288177043585407,-0.34508282868213047,0.3643656517659152,2.218320617921113e-05,0.0,821
-0.5748086205202102,0.042306617393749205,-0.11288177043585407,-0.34508282868213047,0.3643656517659152,2.218320617921113e-05,0.0,822
-0.3576128287087999,0.021525398989528623,-0.34259495486445946,0.298601769958585,-0.025589531465229194,0.0014967395915842473,7.494005416219807e-16,823
0.5085585423371142,-0.15177292738446563,-0.25915789788636046,-0.22296919590494105,-0.12896679180231052,-0.00048101023256849097,-3.3306690738754696e-16,824
-0.12404615643320652,-0.3393488542990366,0.2891603711332981,0.053495889906470355,-0.024273648289480962,-0.029489649175909852,-2.7755575615628914e-17,825
-0.3576128287087999,0.021525398989528623,-0.34259495486445946,0.298601769958585,-0.025589531465229194,0.0014967395915842473,7.494005416219807e-16,826
-0.018055653149584662,0.41262233460472614,0.1741297149317186,-0.029051123648761338,-0.07370045728181573,-0.0009191484430196226,-5.551115123125783e-17,827
-0.3576128287087999,0.021525398989528623,-0.34259495486445946,0.298601769958585,-0.025589531465229194,0.0014967395915842473,7.494005416219807e-16,828
0.5085585423371142,-0.15177292738446563,-0.25915789788636046,-0.22296919590494105,-0.12896679180231052,-0.00048101023256849097,-3.3306690738754696e-16,829
-0.3576128287087999,0.021525398989528623,-0.34259495486445946,0.298601769958585,-0.025589531465229194,0.0014967395915842473,7.494005416219807e-16,830
-0.3576128287087999,0.021525398989528623,-0.34259495486445946,0.298601769958585,-0.025589531465229194,0.0014967395915842473,7.494005416219807e-16,831
-0.3576128287087999,0.021525398989528623,-0.34259495486445946,0.298601769958585,-0.025589531465229194,0.0014967395915842473,7.494005416219807e-16,832
-0.3576128287087999,0.021525398989528623,-0.34259495486445946,0.298601769958585,-0.025589531465229194,0.0014967395915842473,7.494005416219807e-16,833
-0.3576128287087999,0.021525398989528623,-0.34259495486445946,0.298601769958585,-0.025589531465229194,0.0014967395915842473,7.494005416219807e-16,834
-0.3576128287087999,0.021525398989528623,-0.34259495486445946,0.298601769958585,-0.025589531465229194,0.0014967395915842473,7.494005416219807e-16,835
-0.3576128287087999,0.021525398989528623,-0.34259495486445946,0.298601769958585,-0.025589531465229194,0.0014967395915842473,7.494005416219807e-16,836
-0.3576128287087999,0.021525398989528623,-0.34259495486445946,0.298601769958585,-0.025589531465229194,0.0014967395915842473,7.494005416219807e-16,837
-0.3576128287087999,0.021525398989528623,-0.34259495486445946,0.298601769958585,-0.025589531465229194,0.0014967395915842473,7.494005416219807e-16,838
-0.3576128287087999,0.021525398989528623,-0.34259495486445946,0.298601769958585,-0.025589531465229194,0.0014967395915842473,7.494005416219807e-16,839
-0.3576128287087999,0.021525398989528623,-0.34259495486445946,0.298601769958585,-0.025589531465229194,0.0014967395915842473,7.494005416219807e-16,840
-0.3576128287087999,0.021525398989528623,-0.34259495486445946,0.298601769958585,-0.025589531465229194,0.0014967395915842473,7.494005416219807e-16,841
-0.3576128287087999,0.021525398989528623,-0.34259495486445946,0.298601769958585,-0.025589531465229194,0.0014967395915842473,7.494005416219807e-16,842
-0.3576128287087999,0.021525398989528623,-0.34259495486445946,0.298601769958585,-0.025589531465229194,0.0014967395915842473,7.494005416219807e-16,843
-0.3576128287087999,0.021525398989528623,-0.34259495486445946,0.298601769958585,-0.025589531465229194,0.0014967395915842473,7.494005416219807e-16,844
0.5085585423371142,-0.15177292738446563,-0.25915789788636046,-0.22296919590494105,-0.12896679180231052,-0.00048101023256849097,-3.3306690738754696e-16,845
-0.3576128287087999,0.021525398989528623,-0.34259495486445946,0.298601769958585,-0.025589531465229194,0.0014967395915842473,7.494005416219807e-16,846
-0.12404615643320652,-0.3393488542990366,0.2891603711332981,0.053495889906470355,-0.024273648289480962,-0.029489649175909852,-2.7755575615628914e-17,847
-0.3576128287087999,0.021525398989528623,-0.34259495486445946,0.298601769958585,-0.025589531465229194,0.0014967395915842473,7.494005416219807e-16,848
-0.12404615643320652,-0.3393488542990366,0.2891603711332981,0.053495889906470355,-0.024273648289480962,-0.029489649175909852,-2.7755575615628914e-17,849
-0.12404615643320652,-0.3393488542990366,0.2891603711332981,0.053495889906470355,-0.024273648289480962,-0.029489649175909852,-2.7755575615628914e-17,850
0.5085585423371142,-0.15177292738446563,-0.25915789788636046,-0.22296919590494105,-0.12896679180231052,-0.00048101023256849097,-3.3306690738754696e-16,851
-0.5748086205202102,0.042306617393749205,-0.11288177043585407,-0.34508282868213047,0.3643656517659152,2.218320617921113e-05,0.0,852
-0.018055653149584662,0.41262233460472614,0.1741297149317186,-0.029051123648761338,-0.07370045728181573,-0.0009191484430196226,-5.551115123125783e-17,853
-0.12404615643320652,-0.3393488542990366,0.2891603711332981,0.053495889906470355,-0.024273648289480962,-0.029489649175909852,-2.7755575615628914e-17,854
0.5085585423371142,-0.15177292738446563,-0.25915789788636046,-0.22296919590494105,-0.12896679180231052,-0.00048101023256849097,-3.3306690738754696e-16,855
-0.12404615643320652,-0.3393488542990366,0.2891603711332981,0.053495889906470355,-0.024273648289480962,-0.029489649175909852,-2.7755575615628914e-17,856
-0.12404615643320652,-0.3393488542990366,0.2891603711332981,0.053495889906470355,-0.024273648289480962,-0.029489649175909852,-2.7755575615628914e-17,857
0.5085585423371142,-0.15177292738446563,-0.25915789788636046,-0.22296919590494105,-0.12896679180231052,-0.00048101023256849097,-3.3306690738754696e-16,858
-0.12404615643320652,-0.3393488542990366,0.2891603711332981,0.053495889906470355,-0.024273648289480962,-0.029489649175909852,-2.7755575615628914e-17,859
-0.018055653149584662,0.41262233460472614,0.1741297149317186,-0.029051123648761338,-0.07370045728181573,-0.0009191484430196226,-5.551115123125783e-17,860
-0.12404615643320652,-0.3393488542990366,0.2891603711332981,0.053495889906470355,-0.024273648289480962,-0.029489649175909852,-2.7755575615628914e-17,861
-0.12404615643320652,-0.3393488542990366,0.2891603711332981,0.053495889906470355,-0.024273648289480962,-0.029489649175909852,-2.7755575615628914e-17,862
-0.3576128287087999,0.021525398989528623,-0.34259495486445946,0.298601769958585,-0.025589531465229194,0.0014967395915842473,7.494005416219807e-16,863
-0.12404615643320652,-0.3393488542990366,0.2891603711332981,0.053495889906470355,-0.024273648289480962,-0.029489649175909852,-2.7755575615628914e-17,864
-0.3576128287087999,0.021525398989528623,-0.34259495486445946,0.298601769958585,-0.025589531465229194,0.0014967395915842473,7.494005416219807e-16,865
-0.018055653149584662,0.41262233460472614,0.1741297149317186,-0.029051123648761338,-0.07370045728181573,-0.0009191484430196226,-5.551115123125783e-17,866
-0.12404615643320652,-0.3393488542990366,0.2891603711332981,0.053495889906470355,-0.024273648289480962,-0.029489649175909852,-2.7755575615628914e-17,867
-0.018055653149584662,0.41262233460472614,0.1741297149317186,-0.029051123648761338,-0.07370045728181573,-0.0009191484430196226,-5.551115123125783e-17,868
-0.018055653149584662,0.41262233460472614,0.1741297149317186,-0.029051123648761338,-0.07370045728181573,-0.0009191484430196226,-5.551115123125783e-17,869
-0.3576128287087999,0.021525398989528623,-0.34259495486445946,0.298601769958585,-0.025589531465229194,0.0014967395915842473,7.494005416219807e-16,870
-0.12404615643320652,-0.3393488542990366,0.2891603711332981,0.053495889906470355,-0.024273648289480962,-0.029489649175909852,-2.7755575615628914e-17,871
-0.3576128287087999,0.021525398989528623,-0.34259495486445946,0.298601769958585,-0.025589531465229194,0.0014967395915842473,7.494005416219807e-16,872
-0.3576128287087999,0.021525398989528623,-0.34259495486445946,0.298601769958585,-0.025589531465229194,0.0014967395915842473,7.494005416219807e-16,873
-0.3576128287087999,0.021525398989528623,-0.34259495486445946,0.298601769958585,-0.025589531465229194,0.0014967395915842473,7.494005416219807e-16,874
-0.3576128287087999,0.021525398989528623,-0.34259495486445946,0.298601769958585,-0.025589531465229194,0.0014967395915842473,7.494005416219807e-16,875
-0.3576128287087999,0.021525398989528623,-0.34259495486445946,0.298601769958585,-0.025589531465229194,0.0014967395915842473,7.494005416219807e-16,876
-0.3576128287087999,0.021525398989528623,-0.34259495486445946,0.298601769958585,-0.025589531465229194,0.0014967395915842473,7.494005416219807e-16,877
-0.3576128287087999,0.021525398989528623,-0.34259495486445946,0.298601769958585,-0.025589531465229194,0.0014967395915842473,7.494005416219807e-16,878
-0.3576128287087999,0.021525398989528623,-0.34259495486445946,0.298601769958585,-0.025589531465229194,0.0014967395915842473,7.494005416219807e-16,879
-0.3576128287087999,0.021525398989528623,-0.34259495486445946,0.298601769958585,-0.025589531465229194,0.0014967395915842473,7.494005416219807e-16,880
-0.3576128287087999,0.021525398989528623,-0.34259495486445946,0.298601769958585,-0.025589531465229194,0.0014967395915842473,7.494005416219807e-16,881
-0.3576128287087999,0.021525398989528623,-0.34259495486445946,0.298601769958585,-0.025589531465229194,0.0014967395915842473,7.494005416219807e-16,882
-0.3576128287087999,0.021525398989528623,-0.34259495486445946,0.298601769958585,-0.025589531465229194,0.0014967395915842473,7.494005416219807e-16,883
-0.3576128287087999,0.021525398989528623,-0.34259495486445946,0.298601769958585,-0.025589531465229194,0.0014967395915842473,7.494005416219807e-16,884
-0.3576128287087999,0.021525398989528623,-0.34259495486445946,0.298601769958585,-0.025589531465229194,0.0014967395915842473,7.494005416219807e-16,885
-0.3576128287087999,0.021525398989528623,-0.34259495486445946,0.298601769958585,-0.025589531465229194,0.0014967395915842473,7.494005416219807e-16,886
-0.3576128287087999,0.021525398989528623,-0.34259495486445946,0.298601769958585,-0.025589531465229194,0.0014967395915842473,7.494005416219807e-16,887
0.5085585423371142,-0.15177292738446563,-0.25915789788636046,-0.22296919590494105,-0.12896679180231052,-0.00048101023256849097,-3.3306690738754696e-16,888
-0.12404615643320652,-0.3393488542990366,0.2891603711332981,0.053495889906470355,-0.024273648289480962,-0.029489649175909852,-2.7755575615628914e-17,889
-0.5748086205202102,0.042306617393749205,-0.11288177043585407,-0.34508282868213047,0.3643656517659152,2.218320617921113e-05,0.0,890
-0.018055653149584662,0.41262233460472614,0.1741297149317186,-0.029051123648761338,-0.07370045728181573,-0.0009191484430196226,-5.551115123125783e-17,891
-0.5748086205202102,0.042306617393749205,-0.11288177043585407,-0.34508282868213047,0.3643656517659152,2.218320617921113e-05,0.0,892
-0.018055653149584662,0.41262233460472614,0.1741297149317186,-0.029051123648761338,-0.07370045728181573,-0.0009191484430196226,-5.551115123125783e-17,893
-0.018055653149584662,0.41262233460472614,0.1741297149317186,-0.029051123648761338,-0.07370045728181573,-0.0009191484430196226,-5.551115123125783e-17,894
0.5085585423371142,-0.15177292738446563,-0.25915789788636046,-0.22296919590494105,-0.12896679180231052,-0.00048101023256849097,-3.3306690738754696e-16,895
-0.5748086205202102,0.042306617393749205,-0.11288177043585407,-0.34508282868213047,0.3643656517659152,2.218320617921113e-05,0.0,896
0.5085585423371142,-0.15177292738446563,-0.25915789788636046,-0.22296919590494105,-0.12896679180231052,-0.00048101023256849097,-3.3306690738754696e-16,897
-0.12404615643320652,-0.3393488542990366,0.2891603711332981,0.053495889906470355,-0.024273648289480962,-0.029489649175909852,-2.7755575615628914e-17,898
-0.12404615643320652,-0.3393488542990366,0.2891603711332981,0.053495889906470355,-0.024273648289480962,-0.029489649175909852,-2.7755575615628914e-17,899
-0.5748086205202102,0.042306617393749205,-0.11288177043585407,-0.34508282868213047,0.3643656517659152,2.218320617921113e-05,0.0,900
-0.3576128287087999,0.021525398989528623,-0.34259495486445946,0.298601769958585,-0.025589531465229194,0.0014967395915842473,7.494005416219807e-16,901
-0.12404615643320652,-0.3393488542990366,0.2891603711332981,0.053495889906470355,-0.024273648289480962,-0.029489649175909852,-2.7755575615628914e-17,902
-0.3576128287087999,0.021525398989528623,-0.34259495486445946,0.298601769958585,-0.025589531465229194,0.0014967395915842473,7.494005416219807e-16,903
-0.018055653149584662,0.41262233460472614,0.1741297149317186,-0.029051123648761338,-0.07370045728181573,-0.0009191484430196226,-5.551115123125783e-17,904
-0.12404615643320652,-0.3393488542990366,0.2891603711332981,0.053495889906470355,-0.024273648289480962,-0.029489649175909852,-2.7755575615628914e-17,905
-0.12404615643320652,-0.3393488542990366,0.2891603711332981,0.053495889906470355,-0.024273648289480962,-0.029489649175909852,-2.7755575615628914e-17,906
-0.5748086205202102,0.042306617393749205,-0.11288177043585407,-0.34508282868213047,0.3643656517659152,2.218320617921113e-05,0.0,907
-0.12404615643320652,-0.3393488542990366,0.2891603711332981,0.053495889906470355,-0.024273648289480962,-0.029489649175909852,-2.7755575615628914e-17,908
0.5085585423371142,-0.15177292738446563,-0.25915789788636046,-0.22296919590494105,-0.12896679180231052,-0.00048101023256849097,-3.3306690738754696e-16,909
-0.5748086205202102,0.042306617393749205,-0.11288177043585407,-0.34508282868213047,0.3643656517659152,2.218320617921113e-05,0.0,910
0.5085585423371142,-0.15177292738446563,-0.25915789788636046,-0.22296919590494105,-0.12896679180231052,-0.00048101023256849097,-3.3306690738754696e-16,911
-0.018055653149584662,0.41262233460472614,0.1741297149317186,-0.029051123648761338,-0.07370045728181573,-0.0009191484430196226,-5.551115123125783e-17,912
-0.5748086205202102,0.042306617393749205,-0.11288177043585407,-0.34508282868213047,0.3643656517659152,2.218320617921113e-05,0.0,913
-0.3576128287087999,0.021525398989528623,-0.34259495486445946,0.298601769958585,-0.025589531465229194,0.0014967395915842473,7.494005416219807e-16,914
-0.5748086205202102,0.042306617393749205,-0.11288177043585407,-0.34508282868213047,0.3643656517659152,2.218320617921113e-05,0.0,915
-0.5748086205202102,0.042306617393749205,-0.11288177043585407,-0.34508282868213047,0.3643656517659152,2.218320617921113e-05,0.0,916
-0.018055653149584662,0.41262233460472614,0.1741297149317186,-0.029051123648761338,-0.07370045728181573,-0.0009191484430196226,-5.551115123125783e-17,917
0.5085585423371142,-0.15177292738446563,-0.25915789788636046,-0.22296919590494105,-0.12896679180231052,-0.00048101023256849097,-3.3306690738754696e-16,918
-0.018055653149584662,0.41262233460472614,0.1741297149317186,-0.029051123648761338,-0.07370045728181573,-0.0009191484430196226,-5.551115123125783e-17,919
-0.12404615643320652,-0.3393488542990366,0.2891603711332981,0.053495889906470355,-0.024273648289480962,-0.029489649175909852,-2.7755575615628914e-17,920
-0.3576128287087999,0.021525398989528623,-0.34259495486445946,0.298601769958585,-0.025589531465229194,0.0014967395915842473,7.494005416219807e-16,921
0.5085585423371142,-0.15177292738446563,-0.25915789788636046,-0.22296919590494105,-0.12896679180231052,-0.00048101023256849097,-3.3306690738754696e-16,922
-0.5748086205202102,0.042306617393749205,-0.11288177043585407,-0.34508282868213047,0.3643656517659152,2.218320617921113e-05,0.0,923
-0.3576128287087999,0.021525398989528623,-0.34259495486445946,0.298601769958585,-0.025589531465229194,0.0014967395915842473,7.494005416219807e-16,924
-0.12404615643320652,-0.3393488542990366,0.2891603711332981,0.053495889906470355,-0.024273648289480962,-0.029489649175909852,-2.7755575615628914e-17,925
0.5085585423371142,-0.15177292738446563,-0.25915789788636046,-0.22296919590494105,-0.12896679180231052,-0.00048101023256849097,-3.3306690738754696e-16,926
-0.018055653149584662,0.41262233460472614,0.1741297149317186,-0.029051123648761338,-0.07370045728181573,-0.0009191484430196226,-5.551115123125783e-17,927
-0.018055653149584662,0.41262233460472614,0.1741297149317186,-0.029051123648761338,-0.07370045728181573,-0.0009191484430196226,-5.551115123125783e-17,928
-0.5748086205202102,0.042306617393749205,-0.11288177043585407,-0.34508282868213047,0.3643656517659152,2.218320617921113e-05,0.0,929
0.5085585423371142,-0.15177292738446563,-0.25915789788636046,-0.22296919590494105,-0.12896679180231052,-0.00048101023256849097,-3.3306690738754696e-16,930
0.5085585423371142,-0.15177292738446563,-0.25915789788636046,-0.22296919590494105,-0.12896679180231052,-0.00048101023256849097,-3.3306690738754696e-16,931
0.5085585423371142,-0.15177292738446563,-0.25915789788636046,-0.22296919590494105,-0.12896679180231052,-0.00048101023256849097,-3.3306690738754696e-16,932
0.5085585423371142,-0.15177292738446563,-0.25915789788636046,-0.22296919590494105,-0.12896679180231052,-0.00048101023256849097,-3.3306690738754696e-16,933
-0.12404615643320652,-0.3393488542990366,0.2891603711332981,0.053495889906470355,-0.024273648289480962,-0.029489649175909852,-2.7755575615628914e-17,934
-0.12404615643320652,-0.3393488542990366,0.2891603711332981,0.053495889906470355,-0.024273648289480962,-0.029489649175909852,-2.7755575615628914e-17,935
-0.018055653149584662,0.41262233460472614,0.1741297149317186,-0.029051123648761338,-0.07370045728181573,-0.0009191484430196226,-5.551115123125783e-17,936
-0.018055653149584662,0.41262233460472614,0.1741297149317186,-0.029051123648761338,-0.07370045728181573,-0.0009191484430196226,-5.551115123125783e-17,937
-0.12404615643320652,-0.3393488542990366,0.2891603711332981,0.053495889906470355,-0.024273648289480962,-0.029489649175909852,-2.7755575615628914e-17,938
0.5085585423371142,-0.15177292738446563,-0.25915789788636046,-0.22296919590494105,-0.12896679180231052,-0.00048101023256849097,-3.3306690738754696e-16,939
-0.12404615643320652,-0.3393488542990366,0.2891603711332981,0.053495889906470355,-0.024273648289480962,-0.029489649175909852,-2.7755575615628914e-17,940
0.5085585423371142,-0.15177292738446563,-0.25915789788636046,-0.22296919590494105,-0.12896679180231052,-0.00048101023256849097,-3.3306690738754696e-16,941
-0.12404615643320652,-0.3393488542990366,0.2891603711332981,0.053495889906470355,-0.024273648289480962,-0.029489649175909852,-2.7755575615628914e-17,942
-0.018055653149584662,0.41262233460472614,0.1741297149317186,-0.029051123648761338,-0.07370045728181573,-0.0009191484430196226,-5.551115123125783e-17,943
-0.12404615643320652,-0.3393488542990366,0.2891603711332981,0.053495889906470355,-0.024273648289480962,-0.029489649175909852,-2.7755575615628914e-17,944
-0.5748086205202102,0.042306617393749205,-0.11288177043585407,-0.34508282868213047,0.3643656517659152,2.218320617921113e-05,0.0,945
-0.3576128287087999,0.021525398989528623,-0.34259495486445946,0.298601769958585,-0.025589531465229194,0.0014967395915842473,7.494005416219807e-16,946
0.5085585423371142,-0.15177292738446563,-0.25915789788636046,-0.22296919590494105,-0.12896679180231052,-0.00048101023256849097,-3.3306690738754696e-16,947
-0.3576128287087999,0.021525398989528623,-0.34259495486445946,0.298601769958585,-0.025589531465229194,0.0014967395915842473,7.494005416219807e-16,948
-0.3576128287087999,0.021525398989528623,-0.34259495486445946,0.298601769958585,-0.025589531465229194,0.0014967395915842473,7.494005416219807e-16,949
-0.3576128287087999,0.021525398989528623,-0.34259495486445946,0.298601769958585,-0.025589531465229194,0.0014967395915842473,7.494005416219807e-16,950
-0.3576128287087999,0.021525398989528623,-0.34259495486445946,0.298601769958585,-0.025589531465229194,0.0014967395915842473,7.494005416219807e-16,951
-0.3576128287087999,0.021525398989528623,-0.34259495486445946,0.298601769958585,-0.025589531465229194,0.0014967395915842473,7.494005416219807e-16,952
-0.3576128287087999,0.021525398989528623,-0.34259495486445946,0.298601769958585,-0.025589531465229194,0.0014967395915842473,7.494005416219807e-16,953
-0.3576128287087999,0.021525398989528623,-0.34259495486445946,0.298601769958585,-0.025589531465229194,0.0014967395915842473,7.494005416219807e-16,954
-0.3576128287087999,0.021525398989528623,-0.34259495486445946,0.298601769958585,-0.025589531465229194,0.0014967395915842473,7.494005416219807e-16,955
-0.3576128287087999,0.021525398989528623,-0.34259495486445946,0.298601769958585,-0.025589531465229194,0.0014967395915842473,7.494005416219807e-16,956
-0.3576128287087999,0.021525398989528623,-0.34259495486445946,0.298601769958585,-0.025589531465229194,0.0014967395915842473,7.494005416219807e-16,957
-0.3576128287087999,0.021525398989528623,-0.34259495486445946,0.298601769958585,-0.025589531465229194,0.0014967395915842473,7.494005416219807e-16,958
-0.3576128287087999,0.021525398989528623,-0.34259495486445946,0.298601769958585,-0.025589531465229194,0.0014967395915842473,7.494005416219807e-16,959
-0.3576128287087999,0.021525398989528623,-0.34259495486445946,0.298601769958585,-0.025589531465229194,0.0014967395915842473,7.494005416219807e-16,960
-0.3576128287087999,0.021525398989528623,-0.34259495486445946,0.298601769958585,-0.025589531465229194,0.0014967395915842473,7.494005416219807e-16,961
-0.3576128287087999,0.021525398989528623,-0.34259495486445946,0.298601769958585,-0.025589531465229194,0.0014967395915842473,7.494005416219807e-16,962
-0.3576128287087999,0.021525398989528623,-0.34259495486445946,0.298601769958585,-0.025589531465229194,0.0014967395915842473,7.494005416219807e-16,963
-0.3576128287087999,0.021525398989528623,-0.34259495486445946,0.298601769958585,-0.025589531465229194,0.0014967395915842473,7.494005416219807e-16,964
-0.3576128287087999,0.021525398989528623,-0.34259495486445946,0.298601769958585,-0.025589531465229194,0.0014967395915842473,7.494005416219807e-16,965
-0.3576128287087999,0.021525398989528623,-0.34259495486445946,0.298601769958585,-0.025589531465229194,0.0014967395915842473,7.494005416219807e-16,966
-0.3576128287087999,0.021525398989528623,-0.34259495486445946,0.298601769958585,-0.025589531465229194,0.0014967395915842473,7.494005416219807e-16,967
-0.3576128287087999,0.021525398989528623,-0.34259495486445946,0.298601769958585,-0.025589531465229194,0.0014967395915842473,7.494005416219807e-16,968
-0.12404615643320652,-0.3393488542990366,0.2891603711332981,0.053495889906470355,-0.024273648289480962,-0.029489649175909852,-2.7755575615628914e-17,969
-0.5748086205202102,0.042306617393749205,-0.11288177043585407,-0.34508282868213047,0.3643656517659152,2.218320617921113e-05,0.0,970
0.5085585423371142,-0.15177292738446563,-0.25915789788636046,-0.22296919590494105,-0.12896679180231052,-0.00048101023256849097,-3.3306690738754696e-16,971
0.5085585423371142,-0.15177292738446563,-0.25915789788636046,-0.22296919590494105,-0.12896679180231052,-0.00048101023256849097,-3.3306690738754696e-16,972
-0.12404615643320652,-0.3393488542990366,0.2891603711332981,0.053495889906470355,-0.024273648289480962,-0.029489649175909852,-2.7755575615628914e-17,973
-0.12404615643320652,-0.3393488542990366,0.2891603711332981,0.053495889906470355,-0.024273648289480962,-0.029489649175909852,-2.7755575615628914e-17,974
-0.018055653149584662,0.41262233460472614,0.1741297149317186,-0.029051123648761338,-0.07370045728181573,-0.0009191484430196226,-5.551115123125783e-17,975
-0.018055653149584662,0.41262233460472614,0.1741297149317186,-0.029051123648761338,-0.07370045728181573,-0.0009191484430196226,-5.551115123125783e-17,976
-0.3576128287087999,0.021525398989528623,-0.34259495486445946,0.298601769958585,-0.025589531465229194,0.0014967395915842473,7.494005416219807e-16,977
-0.018055653149584662,0.41262233460472614,0.1741297149317186,-0.029051123648761338,-0.07370045728181573,-0.0009191484430196226,-5.551115123125783e-17,978
-0.018055653149584662,0.41262233460472614,0.1741297149317186,-0.029051123648761338,-0.07370045728181573,-0.0009191484430196226,-5.551115123125783e-17,979
-0.018055653149584662,0.41262233460472614,0.1741297149317186,-0.029051123648761338,-0.07370045728181573,-0.0009191484430196226,-5.551115123125783e-17,980
-0.12404615643320652,-0.3393488542990366,0.2891603711332981,0.053495889906470355,-0.024273648289480962,-0.029489649175909852,-2.7755575615628914e-17,981
-0.12404615643320652,-0.3393488542990366,0.2891603711332981,0.053495889906470355,-0.024273648289480962,-0.029489649175909852,-2.7755575615628914e-17,982
-0.12404615643320652,-0.3393488542990366,0.2891603711332981,0.053495889906470355,-0.024273648289480962,-0.029489649175909852,-2.7755575615628914e-17,983
-0.5748086205202102,0.042306617393749205,-0.11288177043585407,-0.34508282868213047,0.3643656517659152,2.218320617921113e-05,0.0,984
0.5085585423371142,-0.15177292738446563,-0.25915789788636046,-0.22296919590494105,-0.12896679180231052,-0.00048101023256849097,-3.3306690738754696e-16,985
0.5085585423371142,-0.15177292738446563,-0.25915789788636046,-0.22296919590494105,-0.12896679180231052,-0.00048101023256849097,-3.3306690738754696e-16,986
-0.5748086205202102,0.042306617393749205,-0.11288177043585407,-0.34508282868213047,0.3643656517659152,2.218320617921113e-05,0.0,987
0.5085585423371142,-0.15177292738446563,-0.25915789788636046,-0.22296919590494105,-0.12896679180231052,-0.00048101023256849097,-3.3306690738754696e-16,988
-0.5748086205202102,0.042306617393749205,-0.11288177043585407,-0.34508282868213047,0.3643656517659152,2.218320617921113e-05,0.0,989
-0.5748086205202102,0.042306617393749205,-0.11288177043585407,-0.34508282868213047,0.3643656517659152,2.218320617921113e-05,0.0,990
-0.3576128287087999,0.021525398989528623,-0.34259495486445946,0.298601769958585,-0.025589531465229194,0.0014967395915842473,7.494005416219807e-16,991
0.5085585423371142,-0.15177292738446563,-0.25915789788636046,-0.22296919590494105,-0.12896679180231052,-0.00048101023256849097,-3.3306690738754696e-16,992
-0.12404615643320652,-0.3393488542990366,0.2891603711332981,0.053495889906470355,-0.024273648289480962,-0.029489649175909852,-2.7755575615628914e-17,993
-0.018055653149584662,0.41262233460472614,0.1741297149317186,-0.029051123648761338,-0.07370045728181573,-0.0009191484430196226,-5.551115123125783e-17,994
-0.5748086205202102,0.042306617393749205,-0.11288177043585407,-0.34508282868213047,0.3643656517659152,2.218320617921113e-05,0.0,995
-0.12404615643320652,-0.3393488542990366,0.2891603711332981,0.053495889906470355,-0.024273648289480962,-0.029489649175909852,-2.7755575615628914e-17,996
-0.12404615643320652,-0.3393488542990366,0.2891603711332981,0.053495889906470355,-0.024273648289480962,-0.029489649175909852,-2.7755575615628914e-17,997
-0.12404615643320652,-0.3393488542990366,0.2891603711332981,0.053495889906470355,-0.024273648289480962,-0.029489649175909852,-2.7755575615628914e-17,998
-0.12404615643320652,-0.3393488542990366,0.2891603711332981,0.053495889906470355,-0.024273648289480962,-0.029489649175909852,-2.7755575615628914e-17,999
-0.12404615643320652,-0.3393488542990366,0.2891603711332981,0.053495889906470355,-0.024273648289480962,-0.029489649175909852,-2.7755575615628914e-17,1000
0.5085585423371142,-0.15177292738446563,-0.25915789788636046,-0.22296919590494105,-0.12896679180231052,-0.00048101023256849097,-3.3306690738754696e-16,1001
-0.12404615643320652,-0.3393488542990366,0.2891603711332981,0.053495889906470355,-0.024273648289480962,-0.029489649175909852,-2.7755575615628914e-17,1002
-0.5748086205202102,0.042306617393749205,-0.11288177043585407,-0.34508282868213047,0.3643656517659152,2.218320617921113e-05,0.0,1003
-0.12404615643320652,-0.3393488542990366,0.2891603711332981,0.053495889906470355,-0.024273648289480962,-0.029489649175909852,-2.7755575615628914e-17,1004
-0.018055653149584662,0.41262233460472614,0.1741297149317186,-0.029051123648761338,-0.07370045728181573,-0.0009191484430196226,-5.551115123125783e-17,1005
-0.12404615643320652,-0.3393488542990366,0.2891603711332981,0.053495889906470355,-0.024273648289480962,-0.029489649175909852,-2.7755575615628914e-17,1006
-0.018055653149584662,0.41262233460472614,0.1741297149317186,-0.029051123648761338,-0.07370045728181573,-0.0009191484430196226,-5.551115123125783e-17,1007
-0.3576128287087999,0.021525398989528623,-0.34259495486445946,0.298601769958585,-0.025589531465229194,0.0014967395915842473,7.494005416219807e-16,1008
-0.018055653149584662,0.41262233460472614,0.1741297149317186,-0.029051123648761338,-0.07370045728181573,-0.0009191484430196226,-5.551115123125783e-17,1009
-0.018055653149584662,0.41262233460472614,0.1741297149317186,-0.029051123648761338,-0.07370045728181573,-0.0009191484430196226,-5.551115123125783e-17,1010
-0.3576128287087999,0.021525398989528623,-0.34259495486445946,0.298601769958585,-0.025589531465229194,0.0014967395915842473,7.494005416219807e-16,1011
-0.12404615643320652,-0.3393488542990366,0.2891603711332981,0.053495889906470355,-0.024273648289480962,-0.029489649175909852,-2.7755575615628914e-17,1012
-0.3576128287087999,0.021525398989528623,-0.34259495486445946,0.298601769958585,-0.025589531465229194,0.0014967395915842473,7.494005416219807e-16,1013
0.5085585423371142,-0.15177292738446563,-0.25915789788636046,-0.22296919590494105,-0.12896679180231052,-0.00048101023256849097,-3.3306690738754696e-16,1014
0.5085585423371142,-0.15177292738446563,-0.25915789788636046,-0.22296919590494105,-0.12896679180231052,-0.00048101023256849097,-3.3306690738754696e-16,1015
-0.12404615643320652,-0.3393488542990366,0.2891603711332981,0.053495889906470355,-0.024273648289480962,-0.029489649175909852,-2.7755575615628914e-17,1016
-0.018055653149584662,0.41262233460472614,0.1741297149317186,-0.029051123648761338,-0.07370045728181573,-0.0009191484430196226,-5.551115123125783e-17,1017
0.5085585423371142,-0.15177292738446563,-0.25915789788636046,-0.22296919590494105,-0.12896679180231052,-0.00048101023256849097,-3.3306690738754696e-16,1018
-0.3576128287087999,0.021525398989528623,-0.34259495486445946,0.298601769958585,-0.025589531465229194,0.0014967395915842473,7.494005416219807e-16,1019
-0.3576128287087999,0.021525398989528623,-0.34259495486445946,0.298601769958585,-0.025589531465229194,0.0014967395915842473,7.494005416219807e-16,1020
-0.3576128287087999,0.021525398989528623,-0.34259495486445946,0.298601769958585,-0.025589531465229194,0.0014967395915842473,7.494005416219807e-16,1021
-0.3576128287087999,0.021525398989528623,-0.34259495486445946,0.298601769958585,-0.025589531465229194,0.0014967395915842473,7.494005416219807e-16,1022
-0.3576128287087999,0.021525398989528623,-0.34259495486445946,0.298601769958585,-0.025589531465229194,0.0014967395915842473,7.494005416219807e-16,1023
-0.3576128287087999,0.021525398989528623,-0.34259495486445946,0.298601769958585,-0.025589531465229194,0.0014967395915842473,7.494005416219807e-16,1024
-0.3576128287087999,0.021525398989528623,-0.34259495486445946,0.298601769958585,-0.025589531465229194,0.0014967395915842473,7.494005416219807e-16,1025
-0.3576128287087999,0.021525398989528623,-0.34259495486445946,0.298601769958585,-0.025589531465229194,0.0014967395915842473,7.494005416219807e-16,1026
-0.3576128287087999,0.021525398989528623,-0.34259495486445946,0.298601769958585,-0.025589531465229194,0.0014967395915842473,7.494005416219807e-16,1027
-0.3576128287087999,0.021525398989528623,-0.34259495486445946,0.298601769958585,-0.025589531465229194,0.0014967395915842473,7.494005416219807e-16,1028
-0.3576128287087999,0.021525398989528623,-0.34259495486445946,0.298601769958585,-0.025589531465229194,0.0014967395915842473,7.494005416219807e-16,1029
-0.3576128287087999,0.021525398989528623,-0.34259495486445946,0.298601769958585,-0.025589531465229194,0.0014967395915842473,7.494005416219807e-16,1030
-0.3576128287087999,0.021525398989528623,-0.34259495486445946,0.298601769958585,-0.025589531465229194,0.0014967395915842473,7.494005416219807e-16,1031
-0.3576128287087999,0.021525398989528623,-0.34259495486445946,0.298601769958585,-0.025589531465229194,0.0014967395915842473,7.494005416219807e-16,1032
-0.3576128287087999,0.021525398989528623,-0.34259495486445946,0.298601769958585,-0.025589531465229194,0.0014967395915842473,7.494005416219807e-16,1033
-0.3576128287087999,0.021525398989528623,-0.34259495486445946,0.298601769958585,-0.025589531465229194,0.0014967395915842473,7.494005416219807e-16,1034
-0.3576128287087999,0.021525398989528623,-0.34259495486445946,0.298601769958585,-0.025589531465229194,0.0014967395915842473,7.494005416219807e-16,1035
-0.3576128287087999,0.021525398989528623,-0.34259495486445946,0.298601769958585,-0.025589531465229194,0.0014967395915842473,7.494005416219807e-16,1036
-0.3576128287087999,0.021525398989528623,-0.34259495486445946,0.298601769958585,-0.025589531465229194,0.0014967395915842473,7.494005416219807e-16,1037
-0.018055653149584662,0.41262233460472614,0.1741297149317186,-0.029051123648761338,-0.07370045728181573,-0.0009191484430196226,-5.551115123125783e-17,1038
-0.3576128287087999,0.021525398989528623,-0.34259495486445946,0.298601769958585,-0.025589531465229194,0.0014967395915842473,7.494005416219807e-16,1039
0.5085585423371142,-0.15177292738446563,-0.25915789788636046,-0.22296919590494105,-0.12896679180231052,-0.00048101023256849097,-3.3306690738754696e-16,1040
-0.3576128287087999,0.021525398989528623,-0.34259495486445946,0.298601769958585,-0.025589531465229194,0.0014967395915842473,7.494005416219807e-16,1041
-0.018055653149584662,0.41262233460472614,0.1741297149317186,-0.029051123648761338,-0.07370045728181573,-0.0009191484430196226,-5.551115123125783e-17,1042
-0.5748086205202102,0.042306617393749205,-0.11288177043585407,-0.34508282868213047,0.3643656517659152,2.218320617921113e-05,0.0,1043
-0.12404615643320652,-0.3393488542990366,0.2891603711332981,0.053495889906470355,-0.024273648289480962,-0.029489649175909852,-2.7755575615628914e-17,1044
0.5085585423371142,-0.15177292738446563,-0.25915789788636046,-0.22296919590494105,-0.12896679180231052,-0.00048101023256849097,-3.3306690738754696e-16,1045
-0.5748086205202102,0.042306617393749205,-0.11288177043585407,-0.34508282868213047,0.3643656517659152,2.218320617921113e-05,0.0,1046
0.5085585423371142,-0.15177292738446563,-0.25915789788636046,-0.22296919590494105,-0.12896679180231052,-0.00048101023256849097,-3.3306690738754696e-16,1047
0.5085585423371142,-0.15177292738446563,-0.25915789788636046,-0.22296919590494105,-0.12896679180231052,-0.00048101023256849097,-3.3306690738754696e-16,1048
-0.12404615643320652,-0.3393488542990366,0.2891603711332981,0.053495889906470355,-0.024273648289480962,-0.029489649175909852,-2.7755575615628914e-17,1049
0.5085585423371142,-0.15177292738446563,-0.25915789788636046,-0.22296919590494105,-0.12896679180231052,-0.00048101023256849097,-3.3306690738754696e-16,1050
-0.3576128287087999,0.021525398989528623,-0.34259495486445946,0.298601769958585,-0.025589531465229194,0.0014967395915842473,7.494005416219807e-16,1051
-0.3576128287087999,0.021525398989528623,-0.34259495486445946,0.298601769958585,-0.025589531465229194,0.0014967395915842473,7.494005416219807e-16,1052
0.5085585423371142,-0.15177292738446563,-0.25915789788636046,-0.22296919590494105,-0.12896679180231052,-0.00048101023256849097,-3.3306690738754696e-16,1053
-0.5748086205202102,0.042306617393749205,-0.11288177043585407,-0.34508282868213047,0.3643656517659152,2.218320617921113e-05,0.0,1054
-0.12404615643320652,-0.3393488542990366,0.2891603711332981,0.053495889906470355,-0.024273648289480962,-0.029489649175909852,-2.7755575615628914e-17,1055
-0.12404615643320652,-0.3393488542990366,0.2891603711332981,0.053495889906470355,-0.024273648289480962,-0.029489649175909852,-2.7755575615628914e-17,1056
-0.018055653149584662,0.41262233460472614,0.1741297149317186,-0.029051123648761338,-0.07370045728181573,-0.0009191484430196226,-5.551115123125783e-17,1057
-0.12404615643320652,-0.3393488542990366,0.2891603711332981,0.053495889906470355,-0.024273648289480962,-0.029489649175909852,-2.7755575615628914e-17,1058
-0.018055653149584662,0.41262233460472614,0.1741297149317186,-0.029051123648761338,-0.07370045728181573,-0.0009191484430196226,-5.551115123125783e-17,1059
-0.018055653149584662,0.41262233460472614,0.1741297149317186,-0.029051123648761338,-0.07370045728181573,-0.0009191484430196226,-5.551115123125783e-17,1060
0.5085585423371142,-0.15177292738446563,-0.25915789788636046,-0.22296919590494105,-0.12896679180231052,-0.00048101023256849097,-3.3306690738754696e-16,1061
0.5085585423371142,-0.15177292738446563,-0.25915789788636046,-0.22296919590494105,-0.12896679180231052,-0.00048101023256849097,-3.3306690738754696e-16,1062
-0.12404615643320652,-0.3393488542990366,0.2891603711332981,0.053495889906470355,-0.024273648289480962,-0.029489649175909852,-2.7755575615628914e-17,1063
-0.018055653149584662,0.41262233460472614,0.1741297149317186,-0.029051123648761338,-0.07370045728181573,-0.0009191484430196226,-5.551115123125783e-17,1064
-0.018055653149584662,0.41262233460472614,0.1741297149317186,-0.029051123648761338,-0.07370045728181573,-0.0009191484430196226,-5.551115123125783e-17,1065
-0.018055653149584662,0.41262233460472614,0.1741297149317186,-0.029051123648761338,-0.07370045728181573,-0.0009191484430196226,-5.551115123125783e-17,1066
-0.12404615643320652,-0.3393488542990366,0.2891603711332981,0.053495889906470355,-0.024273648289480962,-0.029489649175909852,-2.7755575615628914e-17,1067
0.5085585423371142,-0.15177292738446563,-0.25915789788636046,-0.22296919590494105,-0.12896679180231052,-0.00048101023256849097,-3.3306690738754696e-16,1068
0.5085585423371142,-0.15177292738446563,-0.25915789788636046,-0.22296919590494105,-0.12896679180231052,-0.00048101023256849097,-3.3306690738754696e-16,1069
-0.018055653149584662,0.41262233460472614,0.1741297149317186,-0.029051123648761338,-0.07370045728181573,-0.0009191484430196226,-5.551115123125783e-17,1070
-0.018055653149584662,0.41262233460472614,0.1741297149317186,-0.029051123648761338,-0.07370045728181573,-0.0009191484430196226,-5.551115123125783e-17,1071
0.5085585423371142,-0.15177292738446563,-0.25915789788636046,-0.22296919590494105,-0.12896679180231052,-0.00048101023256849097,-3.3306690738754696e-16,1072
0.5085585423371142,-0.15177292738446563,-0.25915789788636046,-0.22296919590494105,-0.12896679180231052,-0.00048101023256849097,-3.3306690738754696e-16,1073
-0.5748086205202102,0.042306617393749205,-0.11288177043585407,-0.34508282868213047,0.3643656517659152,2.218320617921113e-05,0.0,1074
0.5085585423371142,-0.15177292738446563,-0.25915789788636046,-0.22296919590494105,-0.12896679180231052,-0.00048101023256849097,-3.3306690738754696e-16,1075
-0.12404615643320652,-0.3393488542990366,0.2891603711332981,0.053495889906470355,-0.024273648289480962,-0.029489649175909852,-2.7755575615628914e-17,1076
-0.12404615643320652,-0.3393488542990366,0.2891603711332981,0.053495889906470355,-0.024273648289480962,-0.029489649175909852,-2.7755575615628914e-17,1077
-0.12404615643320652,-0.3393488542990366,0.2891603711332981,0.053495889906470355,-0.024273648289480962,-0.029489649175909852,-2.7755575615628914e-17,1078
-0.12404615643320652,-0.3393488542990366,0.2891603711332981,0.053495889906470355,-0.024273648289480962,-0.029489649175909852,-2.7755575615628914e-17,1079
0.5085585423371142,-0.15177292738446563,-0.25915789788636046,-0.22296919590494105,-0.12896679180231052,-0.00048101023256849097,-3.3306690738754696e-16,1080
-0.12404615643320652,-0.3393488542990366,0.2891603711332981,0.053495889906470355,-0.024273648289480962,-0.029489649175909852,-2.7755575615628914e-17,1081
0.5085585423371142,-0.15177292738446563,-0.25915789788636046,-0.22296919590494105,-0.12896679180231052,-0.00048101023256849097,-3.3306690738754696e-16,1082
-0.3576128287087999,0.021525398989528623,-0.34259495486445946,0.298601769958585,-0.025589531465229194,0.0014967395915842473,7.494005416219807e-16,1083
-0.018055653149584662,0.41262233460472614,0.1741297149317186,-0.029051123648761338,-0.07370045728181573,-0.0009191484430196226,-5.551115123125783e-17,1084
-0.3576128287087999,0.021525398989528623,-0.34259495486445946,0.298601769958585,-0.025589531465229194,0.0014967395915842473,7.494005416219807e-16,1085
-0.3576128287087999,0.021525398989528623,-0.34259495486445946,0.298601769958585,-0.025589531465229194,0.0014967395915842473,7.494005416219807e-16,1086
0.5085585423371142,-0.15177292738446563,-0.25915789788636046,-0.22296919590494105,-0.12896679180231052,-0.00048101023256849097,-3.3306690738754696e-16,1087
0.5085585423371142,-0.15177292738446563,-0.25915789788636046,-0.22296919590494105,-0.12896679180231052,-0.00048101023256849097,-3.3306690738754696e-16,1088
-0.3576128287087999,0.021525398989528623,-0.34259495486445946,0.298601769958585,-0.025589531465229194,0.0014967395915842473,7.494005416219807e-16,1089
-0.3576128287087999,0.021525398989528623,-0.34259495486445946,0.298601769958585,-0.025589531465229194,0.0014967395915842473,7.494005416219807e-16,1090
-0.3576128287087999,0.021525398989528623,-0.34259495486445946,0.298601769958585,-0.025589531465229194,0.0014967395915842473,7.494005416219807e-16,1091
-0.3576128287087999,0.021525398989528623,-0.34259495486445946,0.298601769958585,-0.025589531465229194,0.0014967395915842473,7.494005416219807e-16,1092
-0.3576128287087999,0.021525398989528623,-0.34259495486445946,0.298601769958585,-0.025589531465229194,0.0014967395915842473,7.494005416219807e-16,1093
-0.3576128287087999,0.021525398989528623,-0.34259495486445946,0.298601769958585,-0.025589531465229194,0.0014967395915842473,7.494005416219807e-16,1094
-0.3576128287087999,0.021525398989528623,-0.34259495486445946,0.298601769958585,-0.025589531465229194,0.0014967395915842473,7.494005416219807e-16,1095
-0.3576128287087999,0.021525398989528623,-0.34259495486445946,0.298601769958585,-0.025589531465229194,0.0014967395915842473,7.494005416219807e-16,1096
-0.3576128287087999,0.021525398989528623,-0.34259495486445946,0.298601769958585,-0.025589531465229194,0.0014967395915842473,7.494005416219807e-16,1097
-0.3576128287087999,0.021525398989528623,-0.34259495486445946,0.298601769958585,-0.025589531465229194,0.0014967395915842473,7.494005416219807e-16,1098
-0.3576128287087999,0.021525398989528623,-0.34259495486445946,0.298601769958585,-0.025589531465229194,0.0014967395915842473,7.494005416219807e-16,1099
-0.3576128287087999,0.021525398989528623,-0.34259495486445946,0.298601769958585,-0.025589531465229194,0.0014967395915842473,7.494005416219807e-16,1100
-0.3576128287087999,0.021525398989528623,-0.34259495486445946,0.298601769958585,-0.025589531465229194,0.0014967395915842473,7.494005416219807e-16,1101
-0.3576128287087999,0.021525398989528623,-0.34259495486445946,0.298601769958585,-0.025589531465229194,0.0014967395915842473,7.494005416219807e-16,1102
-0.3576128287087999,0.021525398989528623,-0.34259495486445946,0.298601769958585,-0.025589531465229194,0.0014967395915842473,7.494005416219807e-16,1103
-0.3576128287087999,0.021525398989528623,-0.34259495486445946,0.298601769958585,-0.025589531465229194,0.0014967395915842473,7.494005416219807e-16,1104
-0.3576128287087999,0.021525398989528623,-0.34259495486445946,0.298601769958585,-0.025589531465229194,0.0014967395915842473,7.494005416219807e-16,1105
-0.12404615643320652,-0.3393488542990366,0.2891603711332981,0.053495889906470355,-0.024273648289480962,-0.029489649175909852,-2.7755575615628914e-17,1106
-0.3576128287087999,0.021525398989528623,-0.34259495486445946,0.298601769958585,-0.025589531465229194,0.0014967395915842473,7.494005416219807e-16,1107
-0.12404615643320652,-0.3393488542990366,0.2891603711332981,0.053495889906470355,-0.024273648289480962,-0.029489649175909852,-2.7755575615628914e-17,1108
0.5085585423371142,-0.15177292738446563,-0.25915789788636046,-0.22296919590494105,-0.12896679180231052,-0.00048101023256849097,-3.3306690738754696e-16,1109
-0.3576128287087999,0.021525398989528623,-0.34259495486445946,0.298601769958585,-0.025589531465229194,0.0014967395915842473,7.494005416219807e-16,1110
-0.018055653149584662,0.41262233460472614,0.1741297149317186,-0.029051123648761338,-0.07370045728181573,-0.0009191484430196226,-5.551115123125783e-17,1111
-0.3576128287087999,0.021525398989528623,-0.34259495486445946,0.298601769958585,-0.025589531465229194,0.0014967395915842473,7.494005416219807e-16,1112
-0.12404615643320652,-0.3393488542990366,0.2891603711332981,0.053495889906470355,-0.024273648289480962,-0.029489649175909852,-2.7755575615628914e-17,1113
0.5085585423371142,-0.15177292738446563,-0.25915789788636046,-0.22296919590494105,-0.12896679180231052,-0.00048101023256849097,-3.3306690738754696e-16,1114
-0.12404615643320652,-0.3393488542990366,0.2891603711332981,0.053495889906470355,-0.024273648289480962,-0.029489649175909852,-2.7755575615628914e-17,1115
-0.3576128287087999,0.021525398989528623,-0.34259495486445946,0.298601769958585,-0.025589531465229194,0.0014967395915842473,7.494005416219807e-16,1116
-0.3576128287087999,0.021525398989528623,-0.34259495486445946,0.298601769958585,-0.025589531465229194,0.0014967395915842473,7.494005416219807e-16,1117
-0.3576128287087999,0.021525398989528623,-0.34259495486445946,0.298601769958585,-0.025589531465229194,0.0014967395915842473,7.494005416219807e-16,1118
-0.12404615643320652,-0.3393488542990366,0.2891603711332981,0.053495889906470355,-0.024273648289480962,-0.029489649175909852,-2.7755575615628914e-17,1119
0.5085585423371142,-0.15177292738446563,-0.25915789788636046,-0.22296919590494105,-0.12896679180231052,-0.00048101023256849097,-3.3306690738754696e-16,1120
-0.12404615643320652,-0.3393488542990366,0.2891603711332981,0.053495889906470355,-0.024273648289480962,-0.029489649175909852,-2.7755575615628914e-17,1121
-0.12404615643320652,-0.3393488542990366,0.2891603711332981,0.053495889906470355,-0.024273648289480962,-0.029489649175909852,-2.7755575615628914e-17,1122
0.5085585423371142,-0.15177292738446563,-0.25915789788636046,-0.22296919590494105,-0.12896679180231052,-0.00048101023256849097,-3.3306690738754696e-16,1123
0.5085585423371142,-0.15177292738446563,-0.25915789788636046,-0.22296919590494105,-0.12896679180231052,-0.00048101023256849097,-3.3306690738754696e-16,1124
0.5085585423371142,-0.15177292738446563,-0.25915789788636046,-0.22296919590494105,-0.12896679180231052,-0.00048101023256849097,-3.3306690738754696e-16,1125
-0.12404615643320652,-0.3393488542990366,0.2891603711332981,0.053495889906470355,-0.024273648289480962,-0.029489649175909852,-2.7755575615628914e-17,1126
-0.12404615643320652,-0.3393488542990366,0.2891603711332981,0.053495889906470355,-0.024273648289480962,-0.029489649175909852,-2.7755575615628914e-17,1127
-0.12404615643320652,-0.3393488542990366,0.2891603711332981,0.053495889906470355,-0.024273648289480962,-0.029489649175909852,-2.7755575615628914e-17,1128
-0.3576128287087999,0.021525398989528623,-0.34259495486445946,0.298601769958585,-0.025589531465229194,0.0014967395915842473,7.494005416219807e-16,1129
0.5085585423371142,-0.15177292738446563,-0.25915789788636046,-0.22296919590494105,-0.12896679180231052,-0.00048101023256849097,-3.3306690738754696e-16,1130
-0.12404615643320652,-0.3393488542990366,0.2891603711332981,0.053495889906470355,-0.024273648289480962,-0.029489649175909852,-2.7755575615628914e-17,1131
0.5085585423371142,-0.15177292738446563,-0.25915789788636046,-0.22296919590494105,-0.12896679180231052,-0.00048101023256849097,-3.3306690738754696e-16,1132
0.5085585423371142,-0.15177292738446563,-0.25915789788636046,-0.22296919590494105,-0.12896679180231052,-0.00048101023256849097,-3.3306690738754696e-16,1133
0.5085585423371142,-0.15177292738446563,-0.25915789788636046,-0.22296919590494105,-0.12896679180231052,-0.00048101023256849097,-3.3306690738754696e-16,1134
-0.018055653149584662,0.41262233460472614,0.1741297149317186,-0.029051123648761338,-0.07370045728181573,-0.0009191484430196226,-5.551115123125783e-17,1135
0.5085585423371142,-0.15177292738446563,-0.25915789788636046,-0.22296919590494105,-0.12896679180231052,-0.00048101023256849097,-3.3306690738754696e-16,1136
-0.12404615643320652,-0.3393488542990366,0.2891603711332981,0.053495889906470355,-0.024273648289480962,-0.029489649175909852,-2.7755575615628914e-17,1137
-0.12404615643320652,-0.3393488542990366,0.2891603711332981,0.053495889906470355,-0.024273648289480962,-0.029489649175909852,-2.7755575615628914e-17,1138
-0.12404615643320652,-0.3393488542990366,0.2891603711332981,0.053495889906470355,-0.024273648289480962,-0.029489649175909852,-2.7755575615628914e-17,1139
0.5085585423371142,-0.15177292738446563,-0.25915789788636046,-0.22296919590494105,-0.12896679180231052,-0.00048101023256849097,-3.3306690738754696e-16,1140
-0.3576128287087999,0.021525398989528623,-0.34259495486445946,0.298601769958585,-0.025589531465229194,0.0014967395915842473,7.494005416219807e-16,1141
-0.5748086205202102,0.042306617393749205,-0.11288177043585407,-0.34508282868213047,0.3643656517659152,2.218320617921113e-05,0.0,1142
0.5085585423371142,-0.15177292738446563,-0.25915789788636046,-0.22296919590494105,-0.12896679180231052,-0.00048101023256849097,-3.3306690738754696e-16,1143
-0.018055653149584662,0.41262233460472614,0.1741297149317186,-0.029051123648761338,-0.07370045728181573,-0.0009191484430196226,-5.551115123125783e-17,1144
-0.3576128287087999,0.021525398989528623,-0.34259495486445946,0.298601769958585,-0.025589531465229194,0.0014967395915842473,7.494005416219807e-16,1145
-0.12404615643320652,-0.3393488542990366,0.2891603711332981,0.053495889906470355,-0.024273648289480962,-0.029489649175909852,-2.7755575615628914e-17,1146
-0.3576128287087999,0.021525398989528623,-0.34259495486445946,0.298601769958585,-0.025589531465229194,0.0014967395915842473,7.494005416219807e-16,1147
-0.5748086205202102,0.042306617393749205,-0.11288177043585407,-0.34508282868213047,0.3643656517659152,2.218320617921113e-05,0.0,1148
-0.5748086205202102,0.042306617393749205,-0.11288177043585407,-0.34508282868213047,0.3643656517659152,2.218320617921113e-05,0.0,1149
-0.12404615643320652,-0.3393488542990366,0.2891603711332981,0.053495889906470355,-0.024273648289480962,-0.029489649175909852,-2.7755575615628914e-17,1150
-0.018055653149584662,0.41262233460472614,0.1741297149317186,-0.029051123648761338,-0.07370045728181573,-0.0009191484430196226,-5.551115123125783e-17,1151
-0.12404615643320652,-0.3393488542990366,0.2891603711332981,0.053495889906470355,-0.024273648289480962,-0.029489649175909852,-2.7755575615628914e-17,1152
-0.5748086205202102,0.042306617393749205,-0.11288177043585407,-0.34508282868213047,0.3643656517659152,2.218320617921113e-05,0.0,1153
-0.12404615643320652,-0.3393488542990366,0.2891603711332981,0.053495889906470355,-0.024273648289480962,-0.029489649175909852,-2.7755575615628914e-17,1154
-0.3576128287087999,0.021525398989528623,-0.34259495486445946,0.298601769958585,-0.025589531465229194,0.0014967395915842473,7.494005416219807e-16,1155
-0.3576128287087999,0.021525398989528623,-0.34259495486445946,0.298601769958585,-0.025589531465229194,0.0014967395915842473,7.494005416219807e-16,1156
-0.018055653149584662,0.41262233460472614,0.1741297149317186,-0.029051123648761338,-0.07370045728181573,-0.0009191484430196226,-5.551115123125783e-17,1157
0.5085585423371142,-0.15177292738446563,-0.25915789788636046,-0.22296919590494105,-0.12896679180231052,-0.00048101023256849097,-3.3306690738754696e-16,1158
-0.12404615643320652,-0.3393488542990366,0.2891603711332981,0.053495889906470355,-0.024273648289480962,-0.029489649175909852,-2.7755575615628914e-17,1159
0.5085585423371142,-0.15177292738446563,-0.25915789788636046,-0.22296919590494105,-0.12896679180231052,-0.00048101023256849097,-3.3306690738754696e-16,1160
-0.3576128287087999,0.021525398989528623,-0.34259495486445946,0.298601769958585,-0.025589531465229194,0.0014967395915842473,7.494005416219807e-16,1161
-0.12404615643320652,-0.3393488542990366,0.2891603711332981,0.053495889906470355,-0.024273648289480962,-0.029489649175909852,-2.7755575615628914e-17,1162
-0.12404615643320652,-0.3393488542990366,0.2891603711332981,0.053495889906470355,-0.024273648289480962,-0.029489649175909852,-2.7755575615628914e-17,1163
-0.3576128287087999,0.021525398989528623,-0.34259495486445946,0.298601769958585,-0.025589531465229194,0.0014967395915842473,7.494005416219807e-16,1164
-0.3576128287087999,0.021525398989528623,-0.34259495486445946,0.298601769958585,-0.025589531465229194,0.0014967395915842473,7.494005416219807e-16,1165
-0.3576128287087999,0.021525398989528623,-0.34259495486445946,0.298601769958585,-0.025589531465229194,0.0014967395915842473,7.494005416219807e-16,1166
-0.3576128287087999,0.021525398989528623,-0.34259495486445946,0.298601769958585,-0.025589531465229194,0.0014967395915842473,7.494005416219807e-16,1167
-0.3576128287087999,0.021525398989528623,-0.34259495486445946,0.298601769958585,-0.025589531465229194,0.0014967395915842473,7.494005416219807e-16,1168
-0.3576128287087999,0.021525398989528623,-0.34259495486445946,0.298601769958585,-0.025589531465229194,0.0014967395915842473,7.494005416219807e-16,1169
-0.3576128287087999,0.021525398989528623,-0.34259495486445946,0.298601769958585,-0.025589531465229194,0.0014967395915842473,7.494005416219807e-16,1170
-0.3576128287087999,0.021525398989528623,-0.34259495486445946,0.298601769958585,-0.025589531465229194,0.0014967395915842473,7.494005416219807e-16,1171
-0.3576128287087999,0.021525398989528623,-0.34259495486445946,0.298601769958585,-0.025589531465229194,0.0014967395915842473,7.494005416219807e-16,1172
-0.3576128287087999,0.021525398989528623,-0.34259495486445946,0.298601769958585,-0.025589531465229194,0.0014967395915842473,7.494005416219807e-16,1173
-0.3576128287087999,0.021525398989528623,-0.34259495486445946,0.298601769958585,-0.025589531465229194,0.0014967395915842473,7.494005416219807e-16,1174
-0.3576128287087999,0.021525398989528623,-0.34259495486445946,0.298601769958585,-0.025589531465229194,0.0014967395915842473,7.494005416219807e-16,1175
-0.3576128287087999,0.021525398989528623,-0.34259495486445946,0.298601769958585,-0.025589531465229194,0.0014967395915842473,7.494005416219807e-16,1176
-0.3576128287087999,0.021525398989528623,-0.34259495486445946,0.298601769958585,-0.025589531465229194,0.0014967395915842473,7.494005416219807e-16,1177
-0.3576128287087999,0.021525398989528623,-0.34259495486445946,0.298601769958585,-0.025589531465229194,0.0014967395915842473,7.494005416219807e-16,1178
-0.3576128287087999,0.021525398989528623,-0.34259495486445946,0.298601769958585,-0.025589531465229194,0.0014967395915842473,7.494005416219807e-16,1179
-0.3576128287087999,0.021525398989528623,-0.34259495486445946,0.298601769958585,-0.025589531465229194,0.0014967395915842473,7.494005416219807e-16,1180
-0.3576128287087999,0.021525398989528623,-0.34259495486445946,0.298601769958585,-0.025589531465229194,0.0014967395915842473,7.494005416219807e-16,1181
-0.12404615643320652,-0.3393488542990366,0.2891603711332981,0.053495889906470355,-0.024273648289480962,-0.029489649175909852,-2.7755575615628914e-17,1182
-0.5748086205202102,0.042306617393749205,-0.11288177043585407,-0.34508282868213047,0.3643656517659152,2.218320617921113e-05,0.0,1183
-0.018055653149584662,0.41262233460472614,0.1741297149317186,-0.029051123648761338,-0.07370045728181573,-0.0009191484430196226,-5.551115123125783e-17,1184
-0.018055653149584662,0.41262233460472614,0.1741297149317186,-0.029051123648761338,-0.07370045728181573,-0.0009191484430196226,-5.551115123125783e-17,1185
-0.12404615643320652,-0.3393488542990366,0.2891603711332981,0.053495889906470355,-0.024273648289480962,-0.029489649175909852,-2.7755575615628914e-17,1186
-0.3576128287087999,0.021525398989528623,-0.34259495486445946,0.298601769958585,-0.025589531465229194,0.0014967395915842473,7.494005416219807e-16,1187
-0.12404615643320652,-0.3393488542990366,0.2891603711332981,0.053495889906470355,-0.024273648289480962,-0.029489649175909852,-2.7755575615628914e-17,1188
0.5085585423371142,-0.15177292738446563,-0.25915789788636046,-0.22296919590494105,-0.12896679180231052,-0.00048101023256849097,-3.3306690738754696e-16,1189
0.5085585423371142,-0.15177292738446563,-0.25915789788636046,-0.22296919590494105,-0.12896679180231052,-0.00048101023256849097,-3.3306690738754696e-16,1190
0.5085585423371142,-0.15177292738446563,-0.25915789788636046,-0.22296919590494105,-0.12896679180231052,-0.00048101023256849097,-3.3306690738754696e-16,1191
-0.12404615643320652,-0.3393488542990366,0.2891603711332981,0.053495889906470355,-0.024273648289480962,-0.029489649175909852,-2.7755575615628914e-17,1192
-0.5748086205202102,0.042306617393749205,-0.11288177043585407,-0.34508282868213047,0.3643656517659152,2.218320617921113e-05,0.0,1193
0.5085585423371142,-0.15177292738446563,-0.25915789788636046,-0.22296919590494105,-0.12896679180231052,-0.00048101023256849097,-3.3306690738754696e-16,1194
0.5085585423371142,-0.15177292738446563,-0.25915789788636046,-0.22296919590494105,-0.12896679180231052,-0.00048101023256849097,-3.3306690738754696e-16,1195
-0.5748086205202102,0.042306617393749205,-0.11288177043585407,-0.34508282868213047,0.3643656517659152,2.218320617921113e-05,0.0,1196
-0.12404615643320652,-0.3393488542990366,0.2891603711332981,0.053495889906470355,-0.024273648289480962,-0.029489649175909852,-2.7755575615628914e-17,1197
0.5085585423371142,-0.15177292738446563,-0.25915789788636046,-0.22296919590494105,-0.12896679180231052,-0.00048101023256849097,-3.3306690738754696e-16,1198
-0.018055653149584662,0.41262233460472614,0.1741297149317186,-0.029051123648761338,-0.07370045728181573,-0.0009191484430196226,-5.551115123125783e-17,1199
0.5085585423371142,-0.15177292738446563,-0.25915789788636046,-0.22296919590494105,-0.12896679180231052,-0.00048101023256849097,-3.3306690738754696e-16,1200
-0.12404615643320652,-0.3393488542990366,0.2891603711332981,0.053495889906470355,-0.024273648289480962,-0.029489649175909852,-2.7755575615628914e-17,1201
-0.5748086205202102,0.042306617393749205,-0.11288177043585407,-0.34508282868213047,0.3643656517659152,2.218320617921113e-05,0.0,1202
-0.12404615643320652,-0.3393488542990366,0.2891603711332981,0.053495889906470355,-0.024273648289480962,-0.029489649175909852,-2.7755575615628914e-17,1203
-0.5748086205202102,0.042306617393749205,-0.11288177043585407,-0.34508282868213047,0.3643656517659152,2.218320617921113e-05,0.0,1204
-0.12404615643320652,-0.3393488542990366,0.2891603711332981,0.053495889906470355,-0.024273648289480962,-0.029489649175909852,-2.7755575615628914e-17,1205
-0.12404615643320652,-0.3393488542990366,0.2891603711332981,0.053495889906470355,-0.024273648289480962,-0.029489649175909852,-2.7755575615628914e-17,1206
-0.12404615643320652,-0.3393488542990366,0.2891603711332981,0.053495889906470355,-0.024273648289480962,-0.029489649175909852,-2.7755575615628914e-17,1207
-0.3576128287087999,0.021525398989528623,-0.34259495486445946,0.298601769958585,-0.025589531465229194,0.0014967395915842473,7.494005416219807e-16,1208
-0.018055653149584662,0.41262233460472614,0.1741297149317186,-0.029051123648761338,-0.07370045728181573,-0.0009191484430196226,-5.551115123125783e-17,1209
0.5085585423371142,-0.15177292738446563,-0.25915789788636046,-0.22296919590494105,-0.12896679180231052,-0.00048101023256849097,-3.3306690738754696e-16,1210
-0.12404615643320652,-0.3393488542990366,0.2891603711332981,0.053495889906470355,-0.024273648289480962,-0.029489649175909852,-2.7755575615628914e-17,1211
0.5085585423371142,-0.15177292738446563,-0.25915789788636046,-0.22296919590494105,-0.12896679180231052,-0.00048101023256849097,-3.3306690738754696e-16,1212
-0.018055653149584662,0.41262233460472614,0.1741297149317186,-0.029051123648761338,-0.07370045728181573,-0.0009191484430196226,-5.551115123125783e-17,1213
-0.12404615643320652,-0.3393488542990366,0.2891603711332981,0.053495889906470355,-0.024273648289480962,-0.029489649175909852,-2.7755575615628914e-17,1214
-0.018055653149584662,0.41262233460472614,0.1741297149317186,-0.029051123648761338,-0.07370045728181573,-0.0009191484430196226,-5.551115123125783e-17,1215
-0.12404615643320652,-0.3393488542990366,0.2891603711332981,0.053495889906470355,-0.024273648289480962,-0.029489649175909852,-2.7755575615628914e-17,1216
-0.5748086205202102,0.042306617393749205,-0.11288177043585407,-0.34508282868213047,0.3643656517659152,2.218320617921113e-05,0.0,1217
0.5085585423371142,-0.15177292738446563,-0.25915789788636046,-0.22296919590494105,-0.12896679180231052,-0.00048101023256849097,-3.3306690738754696e-16,1218
-0.12404615643320652,-0.3393488542990366,0.2891603711332981,0.053495889906470355,-0.024273648289480962,-0.029489649175909852,-2.7755575615628914e-17,1219
-0.5748086205202102,0.042306617393749205,-0.11288177043585407,-0.34508282868213047,0.3643656517659152,2.218320617921113e-05,0.0,1220
-0.5748086205202102,0.042306617393749205,-0.11288177043585407,-0.34508282868213047,0.3643656517659152,2.218320617921113e-05,0.0,1221
-0.12404615643320652,-0.3393488542990366,0.2891603711332981,0.053495889906470355,-0.024273648289480962,-0.029489649175909852,-2.7755575615628914e-17,1222
0.5085585423371142,-0.15177292738446563,-0.25915789788636046,-0.22296919590494105,-0.12896679180231052,-0.00048101023256849097,-3.3306690738754696e-16,1223
-0.12404615643320652,-0.3393488542990366,0.2891603711332981,0.053495889906470355,-0.024273648289480962,-0.029489649175909852,-2.7755575615628914e-17,1224
-0.018055653149584662,0.41262233460472614,0.1741297149317186,-0.029051123648761338,-0.07370045728181573,-0.0009191484430196226,-5.551115123125783e-17,1225
-0.3576128287087999,0.021525398989528623,-0.34259495486445946,0.298601769958585,-0.025589531465229194,0.0014967395915842473,7.494005416219807e-16,1226
-0.018055653149584662,0.41262233460472614,0.1741297149317186,-0.029051123648761338,-0.07370045728181573,-0.0009191484430196226,-5.551115123125783e-17,1227
-0.5748086205202102,0.042306617393749205,-0.11288177043585407,-0.34508282868213047,0.3643656517659152,2.218320617921113e-05,0.0,1228
-0.12404615643320652,-0.3393488542990366,0.2891603711332981,0.053495889906470355,-0.024273648289480962,-0.029489649175909852,-2.7755575615628914e-17,1229
-0.12404615643320652,-0.3393488542990366,0.2891603711332981,0.053495889906470355,-0.024273648289480962,-0.029489649175909852,-2.7755575615628914e-17,1230
-0.018055653149584662,0.41262233460472614,0.1741297149317186,-0.029051123648761338,-0.07370045728181573,-0.0009191484430196226,-5.551115123125783e-17,1231
-0.5748086205202102,0.042306617393749205,-0.11288177043585407,-0.34508282868213047,0.3643656517659152,2.218320617921113e-05,0.0,1232
-0.3576128287087999,0.021525398989528623,-0.34259495486445946,0.298601769958585,-0.025589531465229194,0.0014967395915842473,7.494005416219807e-16,1233
-0.018055653149584662,0.41262233460472614,0.1741297149317186,-0.029051123648761338,-0.07370045728181573,-0.0009191484430196226,-5.551115123125783e-17,1234
-0.018055653149584662,0.41262233460472614,0.1741297149317186,-0.029051123648761338,-0.07370045728181573,-0.0009191484430196226,-5.551115123125783e-17,1235
-0.3576128287087999,0.021525398989528623,-0.34259495486445946,0.298601769958585,-0.025589531465229194,0.0014967395915842473,7.494005416219807e-16,1236
-0.12404615643320652,-0.3393488542990366,0.2891603711332981,0.053495889906470355,-0.024273648289480962,-0.029489649175909852,-2.7755575615628914e-17,1237
-0.3576128287087999,0.021525398989528623,-0.34259495486445946,0.298601769958585,-0.025589531465229194,0.0014967395915842473,7.494005416219807e-16,1238
-0.3576128287087999,0.021525398989528623,-0.34259495486445946,0.298601769958585,-0.025589531465229194,0.0014967395915842473,7.494005416219807e-16,1239
-0.12404615643320652,-0.3393488542990366,0.2891603711332981,0.053495889906470355,-0.024273648289480962,-0.029489649175909852,-2.7755575615628914e-17,1240
-0.3576128287087999,0.021525398989528623,-0.34259495486445946,0.298601769958585,-0.025589531465229194,0.0014967395915842473,7.494005416219807e-16,1241
-0.12404615643320652,-0.3393488542990366,0.2891603711332981,0.053495889906470355,-0.024273648289480962,-0.029489649175909852,-2.7755575615628914e-17,1242
-0.5748086205202102,0.042306617393749205,-0.11288177043585407,-0.34508282868213047,0.3643656517659152,2.218320617921113e-05,0.0,1243
-0.5748086205202102,0.042306617393749205,-0.11288177043585407,-0.34508282868213047,0.3643656517659152,2.218320617921113e-05,0.0,1244
-0.018055653149584662,0.41262233460472614,0.1741297149317186,-0.029051123648761338,-0.07370045728181573,-0.0009191484430196226,-5.551115123125783e-17,1245
-0.12404615643320652,-0.3393488542990366,0.2891603711332981,0.053495889906470355,-0.024273648289480962,-0.029489649175909852,-2.7755575615628914e-17,1246
-0.018055653149584662,0.41262233460472614,0.1741297149317186,-0.029051123648761338,-0.07370045728181573,-0.0009191484430196226,-5.551115123125783e-17,1247
-0.3576128287087999,0.021525398989528623,-0.34259495486445946,0.298601769958585,-0.025589531465229194,0.0014967395915842473,7.494005416219807e-16,1248
-0.5748086205202102,0.042306617393749205,-0.11288177043585407,-0.34508282868213047,0.3643656517659152,2.218320617921113e-05,0.0,1249
0.5085585423371142,-0.15177292738446563,-0.25915789788636046,-0.22296919590494105,-0.12896679180231052,-0.00048101023256849097,-3.3306690738754696e-16,1250
-0.5748086205202102,0.042306617393749205,-0.11288177043585407,-0.34508282868213047,0.3643656517659152,2.218320617921113e-05,0.0,1251
-0.018055653149584662,0.41262233460472614,0.1741297149317186,-0.029051123648761338,-0.07370045728181573,-0.0009191484430196226,-5.551115123125783e-17,1252
-0.12404615643320652,-0.3393488542990366,0.2891603711332981,0.053495889906470355,-0.024273648289480962,-0.029489649175909852,-2.7755575615628914e-17,1253
-0.3576128287087999,0.021525398989528623,-0.34259495486445946,0.298601769958585,-0.025589531465229194,0.0014967395915842473,7.494005416219807e-16,1254
-0.3576128287087999,0.021525398989528623,-0.34259495486445946,0.298601769958585,-0.025589531465229194,0.0014967395915842473,7.494005416219807e-16,1255
-0.3576128287087999,0.021525398989528623,-0.34259495486445946,0.298601769958585,-0.025589531465229194,0.0014967395915842473,7.494005416219807e-16,1256
-0.3576128287087999,0.021525398989528623,-0.34259495486445946,0.298601769958585,-0.025589531465229194,0.0014967395915842473,7.494005416219807e-16,1257
-0.3576128287087999,0.021525398989528623,-0.34259495486445946,0.298601769958585,-0.025589531465229194,0.0014967395915842473,7.494005416219807e-16,1258
-0.3576128287087999,0.021525398989528623,-0.34259495486445946,0.298601769958585,-0.025589531465229194,0.0014967395915842473,7.494005416219807e-16,1259
-0.3576128287087999,0.021525398989528623,-0.34259495486445946,0.298601769958585,-0.025589531465229194,0.0014967395915842473,7.494005416219807e-16,1260
-0.3576128287087999,0.021525398989528623,-0.34259495486445946,0.298601769958585,-0.025589531465229194,0.0014967395915842473,7.494005416219807e-16,1261
-0.3576128287087999,0.021525398989528623,-0.34259495486445946,0.298601769958585,-0.025589531465229194,0.0014967395915842473,7.494005416219807e-16,1262
-0.3576128287087999,0.021525398989528623,-0.34259495486445946,0.298601769958585,-0.025589531465229194,0.0014967395915842473,7.494005416219807e-16,1263
-0.3576128287087999,0.021525398989528623,-0.34259495486445946,0.298601769958585,-0.025589531465229194,0.0014967395915842473,7.494005416219807e-16,1264
-0.3576128287087999,0.021525398989528623,-0.34259495486445946,0.298601769958585,-0.025589531465229194,0.0014967395915842473,7.494005416219807e-16,1265
-0.3576128287087999,0.021525398989528623,-0.34259495486445946,0.298601769958585,-0.025589531465229194,0.0014967395915842473,7.494005416219807e-16,1266
-0.3576128287087999,0.021525398989528623,-0.34259495486445946,0.298601769958585,-0.025589531465229194,0.0014967395915842473,7.494005416219807e-16,1267
-0.3576128287087999,0.021525398989528623,-0.34259495486445946,0.298601769958585,-0.025589531465229194,0.0014967395915842473,7.494005416219807e-16,1268
-0.3576128287087999,0.021525398989528623,-0.34259495486445946,0.298601769958585,-0.025589531465229194,0.0014967395915842473,7.494005416219807e-16,1269
-0.3576128287087999,0.021525398989528623,-0.34259495486445946,0.298601769958585,-0.025589531465229194,0.0014967395915842473,7.494005416219807e-16,1270
-0.3576128287087999,0.021525398989528623,-0.34259495486445946,0.298601769958585,-0.025589531465229194,0.0014967395915842473,7.494005416219807e-16,1271
-0.3576128287087999,0.021525398989528623,-0.34259495486445946,0.298601769958585,-0.025589531465229194,0.0014967395915842473,7.494005416219807e-16,1272
-0.3576128287087999,0.021525398989528623,-0.34259495486445946,0.298601769958585,-0.025589531465229194,0.0014967395915842473,7.494005416219807e-16,1273
-0.3576128287087999,0.021525398989528623,-0.34259495486445946,0.298601769958585,-0.025589531465229194,0.0014967395915842473,7.494005416219807e-16,1274
0.5085585423371142,-0.15177292738446563,-0.25915789788636046,-0.22296919590494105,-0.12896679180231052,-0.00048101023256849097,-3.3306690738754696e-16,1275
-0.12404615643320652,-0.3393488542990366,0.2891603711332981,0.053495889906470355,-0.024273648289480962,-0.029489649175909852,-2.7755575615628914e-17,1276
0.5085585423371142,-0.15177292738446563,-0.25915789788636046,-0.22296919590494105,-0.12896679180231052,-0.00048101023256849097,-3.3306690738754696e-16,1277
-0.018055653149584662,0.41262233460472614,0.1741297149317186,-0.029051123648761338,-0.07370045728181573,-0.0009191484430196226,-5.551115123125783e-17,1278
-0.12404615643320652,-0.3393488542990366,0.2891603711332981,0.053495889906470355,-0.024273648289480962,-0.029489649175909852,-2.7755575615628914e-17,1279
-0.5748086205202102,0.042306617393749205,-0.11288177043585407,-0.34508282868213047,0.3643656517659152,2.218320617921113e-05,0.0,1280
-0.12404615643320652,-0.3393488542990366,0.2891603711332981,0.053495889906470355,-0.024273648289480962,-0.029489649175909852,-2.7755575615628914e-17,1281
-0.12404615643320652,-0.3393488542990366,0.2891603711332981,0.053495889906470355,-0.024273648289480962,-0.029489649175909852,-2.7755575615628914e-17,1282
-0.12404615643320652,-0.3393488542990366,0.2891603711332981,0.053495889906470355,-0.024273648289480962,-0.029489649175909852,-2.7755575615628914e-17,1283
0.5085585423371142,-0.15177292738446563,-0.25915789788636046,-0.22296919590494105,-0.12896679180231052,-0.00048101023256849097,-3.3306690738754696e-16,1284
-0.12404615643320652,-0.3393488542990366,0.2891603711332981,0.053495889906470355,-0.024273648289480962,-0.029489649175909852,-2.7755575615628914e-17,1285
-0.12404615643320652,-0.3393488542990366,0.2891603711332981,0.053495889906470355,-0.024273648289480962,-0.029489649175909852,-2.7755575615628914e-17,1286
-0.12404615643320652,-0.3393488542990366,0.2891603711332981,0.053495889906470355,-0.024273648289480962,-0.029489649175909852,-2.7755575615628914e-17,1287
-0.12404615643320652,-0.3393488542990366,0.2891603711332981,0.053495889906470355,-0.024273648289480962,-0.029489649175909852,-2.7755575615628914e-17,1288
-0.018055653149584662,0.41262233460472614,0.1741297149317186,-0.029051123648761338,-0.07370045728181573,-0.0009191484430196226,-5.551115123125783e-17,1289
-0.12404615643320652,-0.3393488542990366,0.2891603711332981,0.053495889906470355,-0.024273648289480962,-0.029489649175909852,-2.7755575615628914e-17,1290
-0.12404615643320652,-0.3393488542990366,0.2891603711332981,0.053495889906470355,-0.024273648289480962,-0.029489649175909852,-2.7755575615628914e-17,1291
-0.018055653149584662,0.41262233460472614,0.1741297149317186,-0.029051123648761338,-0.07370045728181573,-0.0009191484430196226,-5.551115123125783e-17,1292
-0.018055653149584662,0.41262233460472614,0.1741297149317186,-0.029051123648761338,-0.07370045728181573,-0.0009191484430196226,-5.551115123125783e-17,1293
-0.3576128287087999,0.021525398989528623,-0.34259495486445946,0.298601769958585,-0.025589531465229194,0.0014967395915842473,7.494005416219807e-16,1294
-0.3576128287087999,0.021525398989528623,-0.34259495486445946,0.298601769958585,-0.025589531465229194,0.0014967395915842473,7.494005416219807e-16,1295
-0.12404615643320652,-0.3393488542990366,0.2891603711332981,0.053495889906470355,-0.024273648289480962,-0.029489649175909852,-2.7755575615628914e-17,1296
-0.018055653149584662,0.41262233460472614,0.1741297149317186,-0.029051123648761338,-0.07370045728181573,-0.0009191484430196226,-5.551115123125783e-17,1297
0.5085585423371142,-0.15177292738446563,-0.25915789788636046,-0.22296919590494105,-0.12896679180231052,-0.00048101023256849097,-3.3306690738754696e-16,1298
-0.5748086205202102,0.042306617393749205,-0.11288177043585407,-0.34508282868213047,0.3643656517659152,2.218320617921113e-05,0.0,1299
-0.3576128287087999,0.021525398989528623,-0.34259495486445946,0.298601769958585,-0.025589531465229194,0.0014967395915842473,7.494005416219807e-16,1300
-0.5748086205202102,0.042306617393749205,-0.11288177043585407,-0.34508282868213047,0.3643656517659152,2.218320617921113e-05,0.0,1301
-0.12404615643320652,-0.3393488542990366,0.2891603711332981,0.053495889906470355,-0.024273648289480962,-0.029489649175909852,-2.7755575615628914e-17,1302
-0.3576128287087999,0.021525398989528623,-0.34259495486445946,0.298601769958585,-0.025589531465229194,0.0014967395915842473,7.494005416219807e-16,1303
0.5085585423371142,-0.15177292738446563,-0.25915789788636046,-0.22296919590494105,-0.12896679180231052,-0.00048101023256849097,-3.3306690738754696e-16,1304
-0.12404615643320652,-0.3393488542990366,0.2891603711332981,0.053495889906470355,-0.024273648289480962,-0.029489649175909852,-2.7755575615628914e-17,1305
-0.12404615643320652,-0.3393488542990366,0.2891603711332981,0.053495889906470355,-0.024273648289480962,-0.029489649175909852,-2.7755575615628914e-17,1306
0.5085585423371142,-0.15177292738446563,-0.25915789788636046,-0.22296919590494105,-0.12896679180231052,-0.00048101023256849097,-3.3306690738754696e-16,1307
-0.12404615643320652,-0.3393488542990366,0.2891603711332981,0.053495889906470355,-0.024273648289480962,-0.029489649175909852,-2.7755575615628914e-17,1308
-0.12404615643320652,-0.3393488542990366,0.2891603711332981,0.053495889906470355,-0.024273648289480962,-0.029489649175909852,-2.7755575615628914e-17,1309
-0.12404615643320652,-0.3393488542990366,0.2891603711332981,0.053495889906470355,-0.024273648289480962,-0.029489649175909852,-2.7755575615628914e-17,1310
0.5085585423371142,-0.15177292738446563,-0.25915789788636046,-0.22296919590494105,-0.12896679180231052,-0.00048101023256849097,-3.3306690738754696e-16,1311
-0.018055653149584662,0.41262233460472614,0.1741297149317186,-0.029051123648761338,-0.07370045728181573,-0.0009191484430196226,-5.551115123125783e-17,1312
-0.12404615643320652,-0.3393488542990366,0.2891603711332981,0.053495889906470355,-0.024273648289480962,-0.029489649175909852,-2.7755575615628914e-17,1313
-0.12404615643320652,-0.3393488542990366,0.2891603711332981,0.053495889906470355,-0.024273648289480962,-0.029489649175909852,-2.7755575615628914e-17,1314
-0.018055653149584662,0.41262233460472614,0.1741297149317186,-0.029051123648761338,-0.07370045728181573,-0.0009191484430196226,-5.551115123125783e-17,1315
-0.5748086205202102,0.042306617393749205,-0.11288177043585407,-0.34508282868213047,0.3643656517659152,2.218320617921113e-05,0.0,1316
-0.12404615643320652,-0.3393488542990366,0.2891603711332981,0.053495889906470355,-0.024273648289480962,-0.029489649175909852,-2.7755575615628914e-17,1317
-0.018055653149584662,0.41262233460472614,0.1741297149317186,-0.029051123648761338,-0.07370045728181573,-0.0009191484430196226,-5.551115123125783e-17,1318
-0.3576128287087999,0.021525398989528623,-0.34259495486445946,0.298601769958585,-0.025589531465229194,0.0014967395915842473,7.494005416219807e-16,1319
-0.018055653149584662,0.41262233460472614,0.1741297149317186,-0.029051123648761338,-0.07370045728181573,-0.0009191484430196226,-5.551115123125783e-17,1320
-0.018055653149584662,0.41262233460472614,0.1741297149317186,-0.029051123648761338,-0.07370045728181573,-0.0009191484430196226,-5.551115123125783e-17,1321
-0.3576128287087999,0.021525398989528623,-0.34259495486445946,0.298601769958585,-0.025589531465229194,0.0014967395915842473,7.494005416219807e-16,1322
-0.12404615643320652,-0.3393488542990366,0.2891603711332981,0.053495889906470355,-0.024273648289480962,-0.029489649175909852,-2.7755575615628914e-17,1323
-0.018055653149584662,0.41262233460472614,0.1741297149317186,-0.029051123648761338,-0.07370045728181573,-0.0009191484430196226,-5.551115123125783e-17,1324
0.5085585423371142,-0.15177292738446563,-0.25915789788636046,-0.22296919590494105,-0.12896679180231052,-0.00048101023256849097,-3.3306690738754696e-16,1325
-0.3576128287087999,0.021525398989528623,-0.34259495486445946,0.298601769958585,-0.025589531465229194,0.0014967395915842473,7.494005416219807e-16,1326
-0.12404615643320652,-0.3393488542990366,0.2891603711332981,0.053495889906470355,-0.024273648289480962,-0.029489649175909852,-2.7755575615628914e-17,1327
-0.12404615643320652,-0.3393488542990366,0.2891603711332981,0.053495889906470355,-0.024273648289480962,-0.029489649175909852,-2.7755575615628914e-17,1328
-0.018055653149584662,0.41262233460472614,0.1741297149317186,-0.029051123648761338,-0.07370045728181573,-0.0009191484430196226,-5.551115123125783e-17,1329
-0.12404615643320652,-0.3393488542990366,0.2891603711332981,0.053495889906470355,-0.024273648289480962,-0.029489649175909852,-2.7755575615628914e-17,1330
-0.3576128287087999,0.021525398989528623,-0.34259495486445946,0.298601769958585,-0.025589531465229194,0.0014967395915842473,7.494005416219807e-16,1331
-0.3576128287087999,0.021525398989528623,-0.34259495486445946,0.298601769958585,-0.025589531465229194,0.0014967395915842473,7.494005416219807e-16,1332
-0.3576128287087999,0.021525398989528623,-0.34259495486445946,0.298601769958585,-0.025589531465229194,0.0014967395915842473,7.494005416219807e-16,1333
-0.3576128287087999,0.021525398989528623,-0.34259495486445946,0.298601769958585,-0.025589531465229194,0.0014967395915842473,7.494005416219807e-16,1334
-0.3576128287087999,0.021525398989528623,-0.34259495486445946,0.298601769958585,-0.025589531465229194,0.0014967395915842473,7.494005416219807e-16,1335
-0.3576128287087999,0.021525398989528623,-0.34259495486445946,0.298601769958585,-0.025589531465229194,0.0014967395915842473,7.494005416219807e-16,1336
-0.3576128287087999,0.021525398989528623,-0.34259495486445946,0.298601769958585,-0.025589531465229194,0.0014967395915842473,7.494005416219807e-16,1337
-0.3576128287087999,0.021525398989528623,-0.34259495486445946,0.298601769958585,-0.025589531465229194,0.0014967395915842473,7.494005416219807e-16,1338
-0.3576128287087999,0.021525398989528623,-0.34259495486445946,0.298601769958585,-0.025589531465229194,0.0014967395915842473,7.494005416219807e-16,1339
-0.3576128287087999,0.021525398989528623,-0.34259495486445946,0.298601769958585,-0.025589531465229194,0.0014967395915842473,7.494005416219807e-16,1340
-0.3576128287087999,0.021525398989528623,-0.34259495486445946,0.298601769958585,-0.025589531465229194,0.0014967395915842473,7.494005416219807e-16,1341
-0.3576128287087999,0.021525398989528623,-0.34259495486445946,0.298601769958585,-0.025589531465229194,0.0014967395915842473,7.494005416219807e-16,1342
-0.3576128287087999,0.021525398989528623,-0.34259495486445946,0.298601769958585,-0.025589531465229194,0.0014967395915842473,7.494005416219807e-16,1343
-0.018055653149584662,0.41262233460472614,0.1741297149317186,-0.029051123648761338,-0.07370045728181573,-0.0009191484430196226,-5.551115123125783e-17,1344
0.5085585423371142,-0.15177292738446563,-0.25915789788636046,-0.22296919590494105,-0.12896679180231052,-0.00048101023256849097,-3.3306690738754696e-16,1345
-0.12404615643320652,-0.3393488542990366,0.2891603711332981,0.053495889906470355,-0.024273648289480962,-0.029489649175909852,-2.7755575615628914e-17,1346
0.5085585423371142,-0.15177292738446563,-0.25915789788636046,-0.22296919590494105,-0.12896679180231052,-0.00048101023256849097,-3.3306690738754696e-16,1347
-0.12404615643320652,-0.3393488542990366,0.2891603711332981,0.053495889906470355,-0.024273648289480962,-0.029489649175909852,-2.7755575615628914e-17,1348
-0.3576128287087999,0.021525398989528623,-0.34259495486445946,0.298601769958585,-0.025589531465229194,0.0014967395915842473,7.494005416219807e-16,1349
0.5085585423371142,-0.15177292738446563,-0.25915789788636046,-0.22296919590494105,-0.12896679180231052,-0.00048101023256849097,-3.3306690738754696e-16,1350
0.5085585423371142,-0.15177292738446563,-0.25915789788636046,-0.22296919590494105,-0.12896679180231052,-0.00048101023256849097,-3.3306690738754696e-16,1351
0.5085585423371142,-0.15177292738446563,-0.25915789788636046,-0.22296919590494105,-0.12896679180231052,-0.00048101023256849097,-3.3306690738754696e-16,1352
0.5085585423371142,-0.15177292738446563,-0.25915789788636046,-0.22296919590494105,-0.12896679180231052,-0.00048101023256849097,-3.3306690738754696e-16,1353
-0.5748086205202102,0.042306617393749205,-0.11288177043585407,-0.34508282868213047,0.3643656517659152,2.218320617921113e-05,0.0,1354
-0.5748086205202102,0.042306617393749205,-0.11288177043585407,-0.34508282868213047,0.3643656517659152,2.218320617921113e-05,0.0,1355
0.5085585423371142,-0.15177292738446563,-0.25915789788636046,-0.22296919590494105,-0.12896679180231052,-0.00048101023256849097,-3.3306690738754696e-16,1356
-0.3576128287087999,0.021525398989528623,-0.34259495486445946,0.298601769958585,-0.025589531465229194,0.0014967395915842473,7.494005416219807e-16,1357
-0.5748086205202102,0.042306617393749205,-0.11288177043585407,-0.34508282868213047,0.3643656517659152,2.218320617921113e-05,0.0,1358
-0.5748086205202102,0.042306617393749205,-0.11288177043585407,-0.34508282868213047,0.3643656517659152,2.218320617921113e-05,0.0,1359
-0.12404615643320652,-0.3393488542990366,0.2891603711332981,0.053495889906470355,-0.024273648289480962,-0.029489649175909852,-2.7755575615628914e-17,1360
0.5085585423371142,-0.15177292738446563,-0.25915789788636046,-0.22296919590494105,-0.12896679180231052,-0.00048101023256849097,-3.3306690738754696e-16,1361
-0.5748086205202102,0.042306617393749205,-0.11288177043585407,-0.34508282868213047,0.3643656517659152,2.218320617921113e-05,0.0,1362
0.5085585423371142,-0.15177292738446563,-0.25915789788636046,-0.22296919590494105,-0.12896679180231052,-0.00048101023256849097,-3.3306690738754696e-16,1363
-0.018055653149584662,0.41262233460472614,0.1741297149317186,-0.029051123648761338,-0.07370045728181573,-0.0009191484430196226,-5.551115123125783e-17,1364
0.5085585423371142,-0.15177292738446563,-0.25915789788636046,-0.22296919590494105,-0.12896679180231052,-0.00048101023256849097,-3.3306690738754696e-16,1365
0.5085585423371142,-0.15177292738446563,-0.25915789788636046,-0.22296919590494105,-0.12896679180231052,-0.00048101023256849097,-3.3306690738754696e-16,1366
-0.12404615643320652,-0.3393488542990366,0.2891603711332981,0.053495889906470355,-0.024273648289480962,-0.029489649175909852,-2.7755575615628914e-17,1367
-0.3576128287087999,0.021525398989528623,-0.34259495486445946,0.298601769958585,-0.025589531465229194,0.0014967395915842473,7.494005416219807e-16,1368
-0.5748086205202102,0.042306617393749205,-0.11288177043585407,-0.34508282868213047,0.3643656517659152,2.218320617921113e-05,0.0,1369
-0.018055653149584662,0.41262233460472614,0.1741297149317186,-0.029051123648761338,-0.07370045728181573,-0.0009191484430196226,-5.551115123125783e-17,1370
-0.018055653149584662,0.41262233460472614,0.1741297149317186,-0.029051123648761338,-0.07370045728181573,-0.0009191484430196226,-5.551115123125783e-17,1371
-0.018055653149584662,0.41262233460472614,0.1741297149317186,-0.029051123648761338,-0.07370045728181573,-0.0009191484430196226,-5.551115123125783e-17,1372
0.5085585423371142,-0.15177292738446563,-0.25915789788636046,-0.22296919590494105,-0.12896679180231052,-0.00048101023256849097,-3.3306690738754696e-16,1373
-0.018055653149584662,0.41262233460472614,0.1741297149317186,-0.029051123648761338,-0.07370045728181573,-0.0009191484430196226,-5.551115123125783e-17,1374
0.5085585423371142,-0.15177292738446563,-0.25915789788636046,-0.22296919590494105,-0.12896679180231052,-0.00048101023256849097,-3.3306690738754696e-16,1375
-0.12404615643320652,-0.3393488542990366,0.2891603711332981,0.053495889906470355,-0.024273648289480962,-0.029489649175909852,-2.7755575615628914e-17,1376
-0.018055653149584662,0.41262233460472614,0.1741297149317186,-0.029051123648761338,-0.07370045728181573,-0.0009191484430196226,-5.551115123125783e-17,1377
-0.12404615643320652,-0.3393488542990366,0.2891603711332981,0.053495889906470355,-0.024273648289480962,-0.029489649175909852,-2.7755575615628914e-17,1378
-0.12404615643320652,-0.3393488542990366,0.2891603711332981,0.053495889906470355,-0.024273648289480962,-0.029489649175909852,-2.7755575615628914e-17,1379
-0.018055653149584662,0.41262233460472614,0.1741297149317186,-0.029051123648761338,-0.07370045728181573,-0.0009191484430196226,-5.551115123125783e-17,1380
0.5085585423371142,-0.15177292738446563,-0.25915789788636046,-0.22296919590494105,-0.12896679180231052,-0.00048101023256849097,-3.3306690738754696e-16,1381
-0.12404615643320652,-0.3393488542990366,0.2891603711332981,0.053495889906470355,-0.024273648289480962,-0.029489649175909852,-2.7755575615628914e-17,1382
-0.018055653149584662,0.41262233460472614,0.1741297149317186,-0.029051123648761338,-0.07370045728181573,-0.0009191484430196226,-5.551115123125783e-17,1383
-0.12404615643320652,-0.3393488542990366,0.2891603711332981,0.053495889906470355,-0.024273648289480962,-0.029489649175909852,-2.7755575615628914e-17,1384
-0.12404615643320652,-0.3393488542990366,0.2891603711332981,0.053495889906470355,-0.024273648289480962,-0.029489649175909852,-2.7755575615628914e-17,1385
-0.3576128287087999,0.021525398989528623,-0.34259495486445946,0.298601769958585,-0.025589531465229194,0.0014967395915842473,7.494005416219807e-16,1386
0.5085585423371142,-0.15177292738446563,-0.25915789788636046,-0.22296919590494105,-0.12896679180231052,-0.00048101023256849097,-3.3306690738754696e-16,1387
-0.12404615643320652,-0.3393488542990366,0.2891603711332981,0.053495889906470355,-0.024273648289480962,-0.029489649175909852,-2.7755575615628914e-17,1388
-0.018055653149584662,0.41262233460472614,0.1741297149317186,-0.029051123648761338,-0.07370045728181573,-0.0009191484430196226,-5.551115123125783e-17,1389
0.5085585423371142,-0.15177292738446563,-0.25915789788636046,-0.22296919590494105,-0.12896679180231052,-0.00048101023256849097,-3.3306690738754696e-16,1390
-0.3576128287087999,0.021525398989528623,-0.34259495486445946,0.298601769958585,-0.025589531465229194,0.0014967395915842473,7.494005416219807e-16,1391
-0.3576128287087999,0.021525398989528623,-0.34259495486445946,0.298601769958585,-0.025589531465229194,0.0014967395915842473,7.494005416219807e-16,1392
0.5085585423371142,-0.15177292738446563,-0.25915789788636046,-0.22296919590494105,-0.12896679180231052,-0.00048101023256849097,-3.3306690738754696e-16,1393
-0.12404615643320652,-0.3393488542990366,0.2891603711332981,0.053495889906470355,-0.024273648289480962,-0.029489649175909852,-2.7755575615628914e-17,1394
-0.018055653149584662,0.41262233460472614,0.1741297149317186,-0.029051123648761338,-0.07370045728181573,-0.0009191484430196226,-5.551115123125783e-17,1395
-0.12404615643320652,-0.3393488542990366,0.2891603711332981,0.053495889906470355,-0.024273648289480962,-0.029489649175909852,-2.7755575615628914e-17,1396
-0.3576128287087999,0.021525398989528623,-0.34259495486445946,0.298601769958585,-0.025589531465229194,0.0014967395915842473,7.494005416219807e-16,1397
0.5085585423371142,-0.15177292738446563,-0.25915789788636046,-0.22296919590494105,-0.12896679180231052,-0.00048101023256849097,-3.3306690738754696e-16,1398
0.5085585423371142,-0.15177292738446563,-0.25915789788636046,-0.22296919590494105,-0.12896679180231052,-0.00048101023256849097,-3.3306690738754696e-16,1399
-0.018055653149584662,0.41262233460472614,0.1741297149317186,-0.029051123648761338,-0.07370045728181573,-0.0009191484430196226,-5.551115123125783e-17,1400
0.5085585423371142,-0.15177292738446563,-0.25915789788636046,-0.22296919590494105,-0.12896679180231052,-0.00048101023256849097,-3.3306690738754696e-16,1401
-0.12404615643320652,-0.3393488542990366,0.2891603711332981,0.053495889906470355,-0.024273648289480962,-0.029489649175909852,-2.7755575615628914e-17,1402
0.5085585423371142,-0.15177292738446563,-0.25915789788636046,-0.22296919590494105,-0.12896679180231052,-0.00048101023256849097,-3.3306690738754696e-16,1403
-0.12404615643320652,-0.3393488542990366,0.2891603711332981,0.053495889906470355,-0.024273648289480962,-0.029489649175909852,-2.7755575615628914e-17,1404
-0.018055653149584662,0.41262233460472614,0.1741297149317186,-0.029051123648761338,-0.07370045728181573,-0.0009191484430196226,-5.551115123125783e-17,1405
-0.018055653149584662,0.41262233460472614,0.1741297149317186,-0.029051123648761338,-0.07370045728181573,-0.0009191484430196226,-5.551115123125783e-17,1406
-0.12404615643320652,-0.3393488542990366,0.2891603711332981,0.053495889906470355,-0.024273648289480962,-0.029489649175909852,-2.7755575615628914e-17,1407
-0.12404615643320652,-0.3393488542990366,0.2891603711332981,0.053495889906470355,-0.024273648289480962,-0.029489649175909852,-2.7755575615628914e-17,1408
0.5085585423371142,-0.15177292738446563,-0.25915789788636046,-0.22296919590494105,-0.12896679180231052,-0.00048101023256849097,-3.3306690738754696e-16,1409
-0.018055653149584662,0.41262233460472614,0.1741297149317186,-0.029051123648761338,-0.07370045728181573,-0.0009191484430196226,-5.551115123125783e-17,1410
0.5085585423371142,-0.15177292738446563,-0.25915789788636046,-0.22296919590494105,-0.12896679180231052,-0.00048101023256849097,-3.3306690738754696e-16,1411
-0.3576128287087999,0.021525398989528623,-0.34259495486445946,0.298601769958585,-0.025589531465229194,0.0014967395915842473,7.494005416219807e-16,1412
-0.018055653149584662,0.41262233460472614,0.1741297149317186,-0.029051123648761338,-0.07370045728181573,-0.0009191484430196226,-5.551115123125783e-17,1413
-0.12404615643320652,-0.3393488542990366,0.2891603711332981,0.053495889906470355,-0.024273648289480962,-0.029489649175909852,-2.7755575615628914e-17,1414
-0.12404615643320652,-0.3393488542990366,0.2891603711332981,0.053495889906470355,-0.024273648289480962,-0.029489649175909852,-2.7755575615628914e-17,1415
-0.018055653149584662,0.41262233460472614,0.1741297149317186,-0.029051123648761338,-0.07370045728181573,-0.0009191484430196226,-5.551115123125783e-17,1416
-0.018055653149584662,0.41262233460472614,0.1741297149317186,-0.029051123648761338,-0.07370045728181573,-0.0009191484430196226,-5.551115123125783e-17,1417
-0.12404615643320652,-0.3393488542990366,0.2891603711332981,0.053495889906470355,-0.024273648289480962,-0.029489649175909852,-2.7755575615628914e-17,1418
-0.5748086205202102,0.042306617393749205,-0.11288177043585407,-0.34508282868213047,0.3643656517659152,2.218320617921113e-05,0.0,1419
-0.3576128287087999,0.021525398989528623,-0.34259495486445946,0.298601769958585,-0.025589531465229194,0.0014967395915842473,7.494005416219807e-16,1420
-0.3576128287087999,0.021525398989528623,-0.34259495486445946,0.298601769958585,-0.025589531465229194,0.0014967395915842473,7.494005416219807e-16,1421
-0.3576128287087999,0.021525398989528623,-0.34259495486445946,0.298601769958585,-0.025589531465229194,0.0014967395915842473,7.494005416219807e-16,1422
-0.3576128287087999,0.021525398989528623,-0.34259495486445946,0.298601769958585,-0.025589531465229194,0.0014967395915842473,7.494005416219807e-16,1423
-0.12404615643320652,-0.3393488542990366,0.2891603711332981,0.053495889906470355,-0.024273648289480962,-0.029489649175909852,-2.7755575615628914e-17,1424
0.5085585423371142,-0.15177292738446563,-0.25915789788636046,-0.22296919590494105,-0.12896679180231052,-0.00048101023256849097,-3.3306690738754696e-16,1425
-0.3576128287087999,0.021525398989528623,-0.34259495486445946,0.298601769958585,-0.025589531465229194,0.0014967395915842473,7.494005416219807e-16,1426
0.5085585423371142,-0.15177292738446563,-0.25915789788636046,-0.22296919590494105,-0.12896679180231052,-0.00048101023256849097,-3.3306690738754696e-16,1427
-0.12404615643320652,-0.3393488542990366,0.2891603711332981,0.053495889906470355,-0.024273648289480962,-0.029489649175909852,-2.7755575615628914e-17,1428
-0.12404615643320652,-0.3393488542990366,0.2891603711332981,0.053495889906470355,-0.024273648289480962,-0.029489649175909852,-2.7755575615628914e-17,1429
0.5085585423371142,-0.15177292738446563,-0.25915789788636046,-0.22296919590494105,-0.12896679180231052,-0.00048101023256849097,-3.3306690738754696e-16,1430
-0.018055653149584662,0.41262233460472614,0.1741297149317186,-0.029051123648761338,-0.07370045728181573,-0.0009191484430196226,-5.551115123125783e-17,1431
0.5085585423371142,-0.15177292738446563,-0.25915789788636046,-0.22296919590494105,-0.12896679180231052,-0.00048101023256849097,-3.3306690738754696e-16,1432
-0.018055653149584662,0.41262233460472614,0.1741297149317186,-0.029051123648761338,-0.07370045728181573,-0.0009191484430196226,-5.551115123125783e-17,1433
0.5085585423371142,-0.15177292738446563,-0.25915789788636046,-0.22296919590494105,-0.12896679180231052,-0.00048101023256849097,-3.3306690738754696e-16,1434
-0.5748086205202102,0.042306617393749205,-0.11288177043585407,-0.34508282868213047,0.3643656517659152,2.218320617921113e-05,0.0,1435
-0.018055653149584662,0.41262233460472614,0.1741297149317186,-0.029051123648761338,-0.07370045728181573,-0.0009191484430196226,-5.551115123125783e-17,1436
0.5085585423371142,-0.15177292738446563,-0.25915789788636046,-0.22296919590494105,-0.12896679180231052,-0.00048101023256849097,-3.3306690738754696e-16,1437
-0.5748086205202102,0.042306617393749205,-0.11288177043585407,-0.34508282868213047,0.3643656517659152,2.218320617921113e-05,0.0,1438
0.5085585423371142,-0.15177292738446563,-0.25915789788636046,-0.22296919590494105,-0.12896679180231052,-0.00048101023256849097,-3.3306690738754696e-16,1439
0.5085585423371142,-0.15177292738446563,-0.25915789788636046,-0.22296919590494105,-0.12896679180231052,-0.00048101023256849097,-3.3306690738754696e-16,1440
-0.12404615643320652,-0.3393488542990366,0.2891603711332981,0.053495889906470355,-0.024273648289480962,-0.029489649175909852,-2.7755575615628914e-17,1441
-0.3576128287087999,0.021525398989528623,-0.34259495486445946,0.298601769958585,-0.025589531465229194,0.0014967395915842473,7.494005416219807e-16,1442
-0.018055653149584662,0.41262233460472614,0.1741297149317186,-0.029051123648761338,-0.07370045728181573,-0.0009191484430196226,-5.551115123125783e-17,1443
-0.018055653149584662,0.41262233460472614,0.1741297149317186,-0.029051123648761338,-0.07370045728181573,-0.0009191484430196226,-5.551115123125783e-17,1444
-0.018055653149584662,0.41262233460472614,0.1741297149317186,-0.029051123648761338,-0.07370045728181573,-0.0009191484430196226,-5.551115123125783e-17,1445
0.6390849449013526,-0.4192533099831664,0.32328126722241207,0.24752335578820625,0.1690142996122613,0.2748852206933179,2.7755575615628914e-17,2009
0.3221339448767597,-0.39000053501391485,0.3138805425407962,0.1689280046389268,0.09028092228654677,0.2796394036797264,0.0,2010
-0.5647510086602882,-0.3081460970489886,0.2875756522838715,-0.05099568813013884,-0.13002899213528232,0.2929424484932161,-1.1102230246251565e-16,2011
0.04481950223155255,-0.3549341943439374,0.29416890420359587,0.0953700462864196,0.017674045896611458,-0.032022590360352786,0.0,2012
0.40246932145605546,-0.04862586128474769,-0.3200510189609413,0.4870817668346665,0.1632214668368004,-0.009904295982703794,8.326672684688674e-16,2013
1.8392414869758957,-0.2745873962831879,-0.21969001799293705,0.10700450127262656,0.2015863926741822,-0.020440910075808616,-1.942890293094024e-16,2014
-0.1584435272748526,0.003143205037850866,-0.336687619763245,0.3479904173619476,0.023885850408565834,-0.001490748393052712,7.771561172376096e-16,2016
-0.3576128287087999,0.021525398989528623,-0.34259495486445946,0.298601769958585,-0.025589531465229194,0.0014967395915842473,7.494005416219807e-16,2017
-0.3576128287087999,0.021525398989528623,-0.34259495486445946,0.298601769958585,-0.025589531465229194,0.0014967395915842473,7.494005416219807e-16,2018
-0.3576128287087999,0.021525398989528623,-0.34259495486445946,0.298601769958585,-0.025589531465229194,0.0014967395915842473,7.494005416219807e-16,2019
-0.21722495458353192,0.4310045285564039,0.16822237983050417,-0.0784397710521239,-0.12317583915561076,0.0020683395416173367,-8.326672684688674e-17,2020
-0.1584435272748526,0.003143205037850866,-0.336687619763245,0.3479904173619476,0.023885850408565834,-0.001490748393052712,7.771561172376096e-16,2021
0.31207633301683774,-0.039547820571177034,-0.08657688017892937,-0.12515913591306485,0.5846755661877443,-0.013280861607310492,1.1102230246251565e-16,2022
0.29738724207237716,0.38350874913296157,0.18348570942463194,0.0491702579389029,0.004658293731115256,-0.005650710247624531,-2.7755575615628914e-17,2024
0.010422131389906455,-0.012442135007049923,-0.33167908669294727,0.3898645737418968,0.06583354459465826,-0.004023689577495645,8.049116928532385e-16,2025
-0.13554596077107756,-0.09232574442986527,-0.27826195213903443,-0.38268984545232376,-0.2889679367000211,0.009180390646142952,-4.163336342344337e-16,2026
0.29738724207237716,0.38350874913296157,0.18348570942463194,0.0491702579389029,0.004658293731115256,-0.005650710247624531,-2.7755575615628914e-17,2027
1.2734713501078172,-0.22237002988636195,-0.23647068531805748,-0.03329132544340292,0.06104418374535959,-0.011954504420967557,-2.498001805406602e-16,2028
-0.018055653149584662,0.41262233460472614,0.1741297149317186,-0.029051123648761338,-0.07370045728181573,-0.0009191484430196226,-5.551115123125783e-17,2029
0.4268795485246598,0.37155734560180353,0.18732643408317814,0.08128087849525883,0.03682530574209975,-0.007593061337094104,0.0,2030
-0.33202817009135394,0.019899362383423318,-0.10568093443160334,-0.28487978546044757,0.42467442129003374,-0.003619460728599049,2.7755575615628914e-17,2031
0.7438305485492526,0.342304570632552,0.19672715876479402,0.15987622964453826,0.11555868306781428,-0.012347244323502614,2.7755575615628914e-17,2032
-0.33202817009135394,0.019899362383423318,-0.10568093443160334,-0.28487978546044757,0.42467442129003374,-0.003619460728599049,2.7755575615628914e-17,2033
-0.1584435272748526,0.003143205037850866,-0.336687619763245,0.3479904173619476,0.023885850408565834,-0.001490748393052712,7.771561172376096e-16,2034
0.2324889993276288,-0.12629327842644383,-0.26734608396752224,-0.29142704166901195,-0.1975448606401336,0.003659961477063059,-3.608224830031759e-16,2035
-0.018055653149584662,0.41262233460472614,0.1741297149317186,-0.029051123648761338,-0.07370045728181573,-0.0009191484430196226,-5.551115123125783e-17,2036
-0.33202817009135394,0.019899362383423318,-0.10568093443160334,-0.28487978546044757,0.42467442129003374,-0.003619460728599049,2.7755575615628914e-17,2037
-0.33202817009135394,0.019899362383423318,-0.10568093443160334,-0.28487978546044757,0.42467442129003374,-0.003619460728599049,2.7755575615628914e-17,2038
0.2324889993276288,-0.12629327842644383,-0.26734608396752224,-0.29142704166901195,-0.1975448606401336,0.003659961477063059,-3.608224830031759e-16,2039
0.7295554389698942,-0.17216968425098456,-0.25260315920254156,-0.16816789004880986,-0.07406924597014558,-0.0037959064970987176,-3.0531133177191805e-16,2040
0.7438305485492526,0.342304570632552,0.19672715876479402,0.15987622964453826,0.11555868306781428,-0.012347244323502614,2.7755575615628914e-17,2041
0.5428571955813234,0.3608532682821276,0.19076631573402233,0.11004022582395759,0.0656351591464188,-0.009332696032670704,0.0,2042
-0.1584435272748526,0.003143205037850866,-0.336687619763245,0.3479904173619476,0.023885850408565834,-0.001490748393052712,7.771561172376096e-16,2043
0.15081000551517443,0.39703699455982533,0.17913824800201636,0.01282303273118792,-0.031752763095723315,-0.003452089627462555,-2.7755575615628914e-17,2044
0.1913967387887553,-0.3684624397708012,0.2985163656262114,0.1317172714941346,0.05408510272345003,-0.03422121098051476,0.0,2045
0.04481950223155255,-0.3549341943439374,0.29416890420359587,0.0953700462864196,0.017674045896611458,-0.032022590360352786,0.0,2046
-0.1584435272748526,0.003143205037850866,-0.336687619763245,0.3479904173619476,0.023885850408565834,-0.001490748393052712,7.771561172376096e-16,2047
-0.4600054050123882,0.4534117835667298,0.16102154382625344,-0.1386428142738068,-0.18348460867972935,0.005709983476395597,-1.1102230246251565e-16,2048
0.2864916743993918,-0.03792178396507172,-0.3234909006117855,0.45832241950596775,0.13441161343248134,-0.008164661287127194,8.326672684688674e-16,2049
0.06362334066286972,-0.11070793838154303,-0.27235461703782,-0.3333011980489612,-0.23949255482622603,0.006192902661505991,-3.885780586188048e-16,2050
0.15699936794710923,-0.025970380433913712,-0.3273316252703317,0.4262117989496118,0.10224460142149683,-0.00622231019765762,8.049116928532385e-16,2051
0.4268795485246598,0.37155734560180353,0.18732643408317814,0.08128087849525883,0.03682530574209975,-0.007593061337094104,0.0,2052
-0.21722495458353192,0.4310045285564039,0.16822237983050417,-0.0784397710521239,-0.12317583915561076,0.0020683395416173367,-8.326672684688674e-17,2053
-0.3232154578671538,-0.3209666603473588,0.2832530360320837,0.0041072425031078025,-0.073749030163276,-0.026502161191272893,-5.551115123125783e-17,2054
0.5085585423371142,-0.15177292738446563,-0.25915789788636046,-0.22296919590494105,-0.12896679180231052,-0.00048101023256849097,-3.3306690738754696e-16,2055
0.5085585423371142,-0.15177292738446563,-0.25915789788636046,-0.22296919590494105,-0.12896679180231052,-0.00048101023256849097,-3.3306690738754696e-16,2056
-0.12404615643320652,-0.3393488542990366,0.2891603711332981,0.053495889906470355,-0.024273648289480962,-0.029489649175909852,-2.7755575615628914e-17,2057
-0.3232154578671538,-0.3209666603473588,0.2832530360320837,0.0041072425031078025,-0.073749030163276,-0.026502161191272893,-5.551115123125783e-17,2058
0.5085585423371142,-0.15177292738446563,-0.25915789788636046,-0.22296919590494105,-0.12896679180231052,-0.00048101023256849097,-3.3306690738754696e-16,2059
-0.3232154578671538,-0.3209666603473588,0.2832530360320837,0.0041072425031078025,-0.073749030163276,-0.026502161191272893,-5.551115123125783e-17,2060
0.2324889993276288,-0.12629327842644383,-0.26734608396752224,-0.29142704166901195,-0.1975448606401336,0.003659961477063059,-3.608224830031759e-16,2061
0.3790662358848315,-0.1398215238533076,-0.26299862254490664,-0.25507981646129696,-0.16113380381329503,0.0014613408569010816,-3.608224830031759e-16,2062
0.010422131389906455,-0.012442135007049923,-0.33167908669294727,0.3898645737418968,0.06583354459465826,-0.004023689577495645,8.049116928532385e-16,2063
0.15699936794710923,-0.025970380433913712,-0.3273316252703317,0.4262117989496118,0.10224460142149683,-0.00622231019765762,8.049116928532385e-16,2064
0.06362334066286972,-0.11070793838154303,-0.27235461703782,-0.3333011980489612,-0.23949255482622603,0.006192902661505991,-3.885780586188048e-16,2065
0.4268795485246598,0.37155734560180353,0.18732643408317814,0.08128087849525883,0.03682530574209975,-0.007593061337094104,0.0,2066
1.0718893420951354,-0.20376515683725566,-0.2424495809768422,-0.08327825939819172,0.010969464631975494,-0.0089308264619594,-2.7755575615628914e-16,2067
0.3208890452410379,-0.3804138433019592,0.30235709028475766,0.1638278920504905,0.08625211473443453,-0.036163562069984334,2.7755575615628914e-17,2068
0.1913967387887553,-0.3684624397708012,0.2985163656262114,0.1317172714941346,0.05408510272345003,-0.03422121098051476,0.0,2069
-0.018055653149584662,0.41262233460472614,0.1741297149317186,-0.029051123648761338,-0.07370045728181573,-0.0009191484430196226,-5.551115123125783e-17,2070
0.6378400452656308,-0.40966661827121076,0.3117578149663735,0.24242324319976996,0.16498549206014906,-0.04091774505639284,5.551115123125783e-17,2071
-0.12404615643320652,-0.3393488542990366,0.2891603711332981,0.053495889906470355,-0.024273648289480962,-0.029489649175909852,-2.7755575615628914e-17,2072
-0.56599590829601,-0.29855940533703296,0.27605220002783293,-0.056095800718575124,-0.13405779968739456,-0.02286051725649463,-8.326672684688674e-17,2073
-0.13554596077107756,-0.09232574442986527,-0.27826195213903443,-0.38268984545232376,-0.2889679367000211,0.009180390646142952,-4.163336342344337e-16,2074
0.010422131389906455,-0.012442135007049923,-0.33167908669294727,0.3898645737418968,0.06583354459465826,-0.004023689577495645,8.049116928532385e-16,2075
-0.56599590829601,-0.29855940533703296,0.27605220002783293,-0.056095800718575124,-0.13405779968739456,-0.02286051725649463,-8.326672684688674e-17,2076
-0.3232154578671538,-0.3209666603473588,0.2832530360320837,0.0041072425031078025,-0.073749030163276,-0.026502161191272893,-5.551115123125783e-17,2077
-0.018055653149584662,0.41262233460472614,0.1741297149317186,-0.029051123648761338,-0.07370045728181573,-0.0009191484430196226,-5.551115123125783e-17,2078
0.18258402656455514,-0.027596417040019017,-0.09041760483747557,-0.15726975646942076,0.5525085541767598,-0.011338510517840917,8.326672684688674e-17,2079
-0.1584435272748526,0.003143205037850866,-0.336687619763245,0.3479904173619476,0.023885850408565834,-0.001490748393052712,7.771561172376096e-16,2080
0.010422131389906455,-0.012442135007049923,-0.33167908669294727,0.3898645737418968,0.06583354459465826,-0.004023689577495645,8.049116928532385e-16,2081
0.04481950223155255,-0.3549341943439374,0.29416890420359587,0.0953700462864196,0.017674045896611458,-0.032022590360352786,0.0,2082
-0.13285886865740665,0.0015171684317455622,-0.0997735993303889,-0.23549113805708502,0.47414980316382876,-0.006606948713236009,5.551115123125783e-17,2083
-0.12404615643320652,-0.3393488542990366,0.2891603711332981,0.053495889906470355,-0.024273648289480962,-0.029489649175909852,-2.7755575615628914e-17,2084
-0.1584435272748526,0.003143205037850866,-0.336687619763245,0.3479904173619476,0.023885850408565834,-0.001490748393052712,7.771561172376096e-16,2085
-0.018055653149584662,0.41262233460472614,0.1741297149317186,-0.029051123648761338,-0.07370045728181573,-0.0009191484430196226,-5.551115123125783e-17,2086
0.18258402656455514,-0.027596417040019017,-0.09041760483747557,-0.15726975646942076,0.5525085541767598,-0.011338510517840917,8.326672684688674e-17,2087
0.3208890452410379,-0.3804138433019592,0.30235709028475766,0.1638278920504905,0.08625211473443453,-0.036163562069984334,2.7755575615628914e-17,2088
0.2324889993276288,-0.12629327842644383,-0.26734608396752224,-0.29142704166901195,-0.1975448606401336,0.003659961477063059,-3.608224830031759e-16,2089
-0.56599590829601,-0.29855940533703296,0.27605220002783293,-0.056095800718575124,-0.13405779968739456,-0.02286051725649463,-8.326672684688674e-17,2090
-0.3232154578671538,-0.3209666603473588,0.2832530360320837,0.0041072425031078025,-0.073749030163276,-0.026502161191272893,-5.551115123125783e-17,2091
-0.21722495458353192,0.4310045285564039,0.16822237983050417,-0.0784397710521239,-0.12317583915561076,0.0020683395416173367,-8.326672684688674e-17,2092
0.010422131389906455,-0.012442135007049923,-0.33167908669294727,0.3898645737418968,0.06583354459465826,-0.004023689577495645,8.049116928532385e-16,2093
-0.21722495458353192,0.4310045285564039,0.16822237983050417,-0.0784397710521239,-0.12317583915561076,0.0020683395416173367,-8.326672684688674e-17,2094
0.06362334066286972,-0.11070793838154303,-0.27235461703782,-0.3333011980489612,-0.23949255482622603,0.006192902661505991,-3.885780586188048e-16,2095
-0.1584435272748526,0.003143205037850866,-0.336687619763245,0.3479904173619476,0.023885850408565834,-0.001490748393052712,7.771561172376096e-16,2096
0.5085585423371142,-0.15177292738446563,-0.25915789788636046,-0.22296919590494105,-0.12896679180231052,-0.00048101023256849097,-3.3306690738754696e-16,2097
-0.018055653149584662,0.41262233460472614,0.1741297149317186,-0.029051123648761338,-0.07370045728181573,-0.0009191484430196226,-5.551115123125783e-17,2098
-0.33202817009135394,0.019899362383423318,-0.10568093443160334,-0.28487978546044757,0.42467442129003374,-0.003619460728599049,2.7755575615628914e-17,2099
0.04481950223155255,-0.3549341943439374,0.29416890420359587,0.0953700462864196,0.017674045896611458,-0.032022590360352786,0.0,2100
-0.56599590829601,-0.29855940533703296,0.27605220002783293,-0.056095800718575124,-0.13405779968739456,-0.02286051725649463,-8.326672684688674e-17,2101
-0.21722495458353192,0.4310045285564039,0.16822237983050417,-0.0784397710521239,-0.12317583915561076,0.0020683395416173367,-8.326672684688674e-17,2102
0.010422131389906455,-0.012442135007049923,-0.33167908669294727,0.3898645737418968,0.06583354459465826,-0.004023689577495645,8.049116928532385e-16,2103
-0.5748086205202102,0.042306617393749205,-0.11288177043585407,-0.34508282868213047,0.3643656517659152,2.218320617921113e-05,0.0,2104
-0.12404615643320652,-0.3393488542990366,0.2891603711332981,0.053495889906470355,-0.024273648289480962,-0.029489649175909852,-2.7755575615628914e-17,2105
0.03600679000735241,-0.014068171613155229,-0.09476506626009115,-0.19361698167713576,0.5160974973499212,-0.009139889897678942,8.326672684688674e-17,2106
1.1917923562953627,0.3009602430999072,0.21001364665148112,0.27095874895679695,0.22683628128976988,-0.01906655552549317,8.326672684688674e-17,2107
-0.21722495458353192,0.4310045285564039,0.16822237983050417,-0.0784397710521239,-0.12317583915561076,0.0020683395416173367,-8.326672684688674e-17,2108
-0.1584435272748526,0.003143205037850866,-0.336687619763245,0.3479904173619476,0.023885850408565834,-0.001490748393052712,7.771561172376096e-16,2109
-0.13285886865740665,0.0015171684317455622,-0.0997735993303889,-0.23549113805708502,0.47414980316382876,-0.006606948713236009,5.551115123125783e-17,2110
-0.018055653149584662,0.41262233460472614,0.1741297149317186,-0.029051123648761338,-0.07370045728181573,-0.0009191484430196226,-5.551115123125783e-17,2111
0.8255095423617069,-0.18102570235371715,-0.24975717320474458,-0.1443738447556616,-0.05023341447659601,-0.005235193218977,-3.0531133177191805e-16,2112
-0.56599590829601,-0.29855940533703296,0.27605220002783293,-0.056095800718575124,-0.13405779968739456,-0.02286051725649463,-8.326672684688674e-17,2113
-0.12404615643320652,-0.3393488542990366,0.2891603711332981,0.053495889906470355,-0.024273648289480962,-0.029489649175909852,-2.7755575615628914e-17,2114
-0.018055653149584662,0.41262233460472614,0.1741297149317186,-0.029051123648761338,-0.07370045728181573,-0.0009191484430196226,-5.551115123125783e-17,2115
-0.4600054050123882,0.4534117835667298,0.16102154382625344,-0.1386428142738068,-0.18348460867972935,0.005709983476395597,-1.1102230246251565e-16,2116
-0.4600054050123882,0.4534117835667298,0.16102154382625344,-0.1386428142738068,-0.18348460867972935,0.005709983476395597,-1.1102230246251565e-16,2117
-0.13554596077107756,-0.09232574442986527,-0.27826195213903443,-0.38268984545232376,-0.2889679367000211,0.009180390646142952,-4.163336342344337e-16,2118
0.6390849449013526,-0.4192533099831664,0.32328126722241207,0.24752335578820625,0.1690142996122613,0.2748852206933179,2.7755575615628914e-17,2119
-0.21722495458353192,0.4310045285564039,0.16822237983050417,-0.0784397710521239,-0.12317583915561076,0.0020683395416173367,-8.326672684688674e-17,2120
-0.21722495458353192,0.4310045285564039,0.16822237983050417,-0.0784397710521239,-0.12317583915561076,0.0020683395416173367,-8.326672684688674e-17,2121
0.19264163842447712,-0.3780491314827568,0.31003981788225,0.13681738408257088,0.05811391027556227,0.28158175476919595,-2.7755575615628914e-17,2122
-0.1584435272748526,0.003143205037850866,-0.336687619763245,0.3479904173619476,0.023885850408565834,-0.001490748393052712,7.771561172376096e-16,2123
0.046064401867274354,-0.36452088605589306,0.30569235645963444,0.10047015887485589,0.021702853448723695,0.2837803753893579,-2.7755575615628914e-17,2124
-0.12404615643320652,-0.3393488542990366,0.2891603711332981,0.053495889906470355,-0.024273648289480962,-0.029489649175909852,-2.7755575615628914e-17,2125
-0.3232154578671538,-0.3209666603473588,0.2832530360320837,0.0041072425031078025,-0.073749030163276,-0.026502161191272893,-5.551115123125783e-17,2126
0.010422131389906455,-0.012442135007049923,-0.33167908669294727,0.3898645737418968,0.06583354459465826,-0.004023689577495645,8.049116928532385e-16,2127
-0.13554596077107756,-0.09232574442986527,-0.27826195213903443,-0.38268984545232376,-0.2889679367000211,0.009180390646142952,-4.163336342344337e-16,2128
0.4268795485246598,0.37155734560180353,0.18732643408317814,0.08128087849525883,0.03682530574209975,-0.007593061337094104,0.0,2129
0.04481950223155255,-0.3549341943439374,0.29416890420359587,0.0953700462864196,0.017674045896611458,-0.032022590360352786,0.0,2130
0.010422131389906455,-0.012442135007049923,-0.33167908669294727,0.3898645737418968,0.06583354459465826,-0.004023689577495645,8.049116928532385e-16,2131
0.15081000551517443,0.39703699455982533,0.17913824800201636,0.01282303273118792,-0.031752763095723315,-0.003452089627462555,-2.7755575615628914e-17,2132
-0.12280125679748471,-0.34893554601099225,0.3006838233893367,0.058596002494906645,-0.02024484073736873,0.2863133165738009,-5.551115123125783e-17,2133
0.18258402656455514,-0.027596417040019017,-0.09041760483747557,-0.15726975646942076,0.5525085541767598,-0.011338510517840917,8.326672684688674e-17,2134
0.4268795485246598,0.37155734560180353,0.18732643408317814,0.08128087849525883,0.03682530574209975,-0.007593061337094104,0.0,2135
-0.3232154578671538,-0.3209666603473588,0.2832530360320837,0.0041072425031078025,-0.073749030163276,-0.026502161191272893,-5.551115123125783e-17,2136
0.04481950223155255,-0.3549341943439374,0.29416890420359587,0.0953700462864196,0.017674045896611458,-0.032022590360352786,0.0,2137
0.1913967387887553,-0.3684624397708012,0.2985163656262114,0.1317172714941346,0.05408510272345003,-0.03422121098051476,0.0,2138
1.1917923562953627,0.3009602430999072,0.21001364665148112,0.27095874895679695,0.22683628128976988,-0.01906655552549317,8.326672684688674e-17,2139
-0.12404615643320652,-0.3393488542990366,0.2891603711332981,0.053495889906470355,-0.024273648289480962,-0.029489649175909852,-2.7755575615628914e-17,2140
-0.33202817009135394,0.019899362383423318,-0.10568093443160334,-0.28487978546044757,0.42467442129003374,-0.003619460728599049,2.7755575615628914e-17,2141
-0.13554596077107756,-0.09232574442986527,-0.27826195213903443,-0.38268984545232376,-0.2889679367000211,0.009180390646142952,-4.163336342344337e-16,2142
-0.1584435272748526,0.003143205037850866,-0.336687619763245,0.3479904173619476,0.023885850408565834,-0.001490748393052712,7.771561172376096e-16,2143
0.06362334066286972,-0.11070793838154303,-0.27235461703782,-0.3333011980489612,-0.23949255482622603,0.006192902661505991,-3.885780586188048e-16,2144
-0.3232154578671538,-0.3209666603473588,0.2832530360320837,0.0041072425031078025,-0.073749030163276,-0.026502161191272893,-5.551115123125783e-17,2145
-0.33202817009135394,0.019899362383423318,-0.10568093443160334,-0.28487978546044757,0.42467442129003374,-0.003619460728599049,2.7755575615628914e-17,2146
0.31207633301683774,-0.039547820571177034,-0.08657688017892937,-0.12515913591306485,0.5846755661877443,-0.013280861607310492,1.1102230246251565e-16,2147
-0.018055653149584662,0.41262233460472614,0.1741297149317186,-0.029051123648761338,-0.07370045728181573,-0.0009191484430196226,-5.551115123125783e-17,2148
0.1913967387887553,-0.3684624397708012,0.2985163656262114,0.1317172714941346,0.05408510272345003,-0.03422121098051476,0.0,2149
-0.56599590829601,-0.29855940533703296,0.27605220002783293,-0.056095800718575124,-0.13405779968739456,-0.02286051725649463,-8.326672684688674e-17,2150
-0.21722495458353192,0.4310045285564039,0.16822237983050417,-0.0784397710521239,-0.12317583915561076,0.0020683395416173367,-8.326672684688674e-17,2151
0.04481950223155255,-0.3549341943439374,0.29416890420359587,0.0953700462864196,0.017674045896611458,-0.032022590360352786,0.0,2152
-0.1584435272748526,0.003143205037850866,-0.336687619763245,0.3479904173619476,0.023885850408565834,-0.001490748393052712,7.771561172376096e-16,2153
0.29738724207237716,0.38350874913296157,0.18348570942463194,0.0491702579389029,0.004658293731115256,-0.005650710247624531,-2.7755575615628914e-17,2154
0.5428571955813234,0.3608532682821276,0.19076631573402233,0.11004022582395759,0.0656351591464188,-0.009332696032670704,0.0,2155
0.7438305485492526,0.342304570632552,0.19672715876479402,0.15987622964453826,0.11555868306781428,-0.012347244323502614,2.7755575615628914e-17,2156
0.1913967387887553,-0.3684624397708012,0.2985163656262114,0.1317172714941346,0.05408510272345003,-0.03422121098051476,0.0,2157
0.19264163842447712,-0.3780491314827568,0.31003981788225,0.13681738408257088,0.05811391027556227,0.28158175476919595,-2.7755575615628914e-17,2158
0.2324889993276288,-0.12629327842644383,-0.26734608396752224,-0.29142704166901195,-0.1975448606401336,0.003659961477063059,-3.608224830031759e-16,2159
-0.33202817009135394,0.019899362383423318,-0.10568093443160334,-0.28487978546044757,0.42467442129003374,-0.003619460728599049,2.7755575615628914e-17,2160
-0.12404615643320652,-0.3393488542990366,0.2891603711332981,0.053495889906470355,-0.024273648289480962,-0.029489649175909852,-2.7755575615628914e-17,2161
0.4268795485246598,0.37155734560180353,0.18732643408317814,0.08128087849525883,0.03682530574209975,-0.007593061337094104,0.0,2162
0.3790662358848315,-0.1398215238533076,-0.26299862254490664,-0.25507981646129696,-0.16113380381329503,0.0014613408569010816,-3.608224830031759e-16,2163
-0.33202817009135394,0.019899362383423318,-0.10568093443160334,-0.28487978546044757,0.42467442129003374,-0.003619460728599049,2.7755575615628914e-17,2164
0.1913967387887553,-0.3684624397708012,0.2985163656262114,0.1317172714941346,0.05408510272345003,-0.03422121098051476,0.0,2165
-0.1584435272748526,0.003143205037850866,-0.336687619763245,0.3479904173619476,0.023885850408565834,-0.001490748393052712,7.771561172376096e-16,2166
0.3221339448767597,-0.39000053501391485,0.3138805425407962,0.1689280046389268,0.09028092228654677,0.2796394036797264,0.0,2167
0.046064401867274354,-0.36452088605589306,0.30569235645963444,0.10047015887485589,0.021702853448723695,0.2837803753893579,-2.7755575615628914e-17,2168
0.04481950223155255,-0.3549341943439374,0.29416890420359587,0.0953700462864196,0.017674045896611458,-0.032022590360352786,0.0,2169
-0.12404615643320652,-0.3393488542990366,0.2891603711332981,0.053495889906470355,-0.024273648289480962,-0.029489649175909852,-2.7755575615628914e-17,2170
-0.56599590829601,-0.29855940533703296,0.27605220002783293,-0.056095800718575124,-0.13405779968739456,-0.02286051725649463,-8.326672684688674e-17,2171
0.03600679000735241,-0.014068171613155229,-0.09476506626009115,-0.19361698167713576,0.5160974973499212,-0.009139889897678942,8.326672684688674e-17,2172
0.03600679000735241,-0.014068171613155229,-0.09476506626009115,-0.19361698167713576,0.5160974973499212,-0.009139889897678942,8.326672684688674e-17,2173
0.010422131389906455,-0.012442135007049923,-0.33167908669294727,0.3898645737418968,0.06583354459465826,-0.004023689577495645,8.049116928532385e-16,2174
0.06362334066286972,-0.11070793838154303,-0.27235461703782,-0.3333011980489612,-0.23949255482622603,0.006192902661505991,-3.885780586188048e-16,2175
-0.12404615643320652,-0.3393488542990366,0.2891603711332981,0.053495889906470355,-0.024273648289480962,-0.029489649175909852,-2.7755575615628914e-17,2176
0.5428571955813234,0.3608532682821276,0.19076631573402233,0.11004022582395759,0.0656351591464188,-0.009332696032670704,0.0,2177
0.9902103482826811,0.3195651161490135,0.20403475099269644,0.22097181500200816,0.1767615621763858,-0.016042877566485016,5.551115123125783e-17,2178
-0.13554596077107756,-0.09232574442986527,-0.27826195213903443,-0.38268984545232376,-0.2889679367000211,0.009180390646142952,-4.163336342344337e-16,2179
0.5418859418738179,-0.40081060016847814,0.30891182896857655,0.2186291979066217,0.14114966056659947,-0.03947845833451456,5.551115123125783e-17,2180
-0.12404615643320652,-0.3393488542990366,0.2891603711332981,0.053495889906470355,-0.024273648289480962,-0.029489649175909852,-2.7755575615628914e-17,2181
-0.1584435272748526,0.003143205037850866,-0.336687619763245,0.3479904173619476,0.023885850408565834,-0.001490748393052712,7.771561172376096e-16,2182
0.29738724207237716,0.38350874913296157,0.18348570942463194,0.0491702579389029,0.004658293731115256,-0.005650710247624531,-2.7755575615628914e-17,2183
-0.13285886865740665,0.0015171684317455622,-0.0997735993303889,-0.23549113805708502,0.47414980316382876,-0.006606948713236009,5.551115123125783e-17,2184
0.15081000551517443,0.39703699455982533,0.17913824800201636,0.01282303273118792,-0.031752763095723315,-0.003452089627462555,-2.7755575615628914e-17,2185
0.29738724207237716,0.38350874913296157,0.18348570942463194,0.0491702579389029,0.004658293731115256,-0.005650710247624531,-2.7755575615628914e-17,2186
-0.018055653149584662,0.41262233460472614,0.1741297149317186,-0.029051123648761338,-0.07370045728181573,-0.0009191484430196226,-5.551115123125783e-17,2187
0.03600679000735241,-0.014068171613155229,-0.09476506626009115,-0.19361698167713576,0.5160974973499212,-0.009139889897678942,8.326672684688674e-17,2188
-0.13285886865740665,0.0015171684317455622,-0.0997735993303889,-0.23549113805708502,0.47414980316382876,-0.006606948713236009,5.551115123125783e-17,2189
0.04481950223155255,-0.3549341943439374,0.29416890420359587,0.0953700462864196,0.017674045896611458,-0.032022590360352786,0.0,2190
0.2324889993276288,-0.12629327842644383,-0.26734608396752224,-0.29142704166901195,-0.1975448606401336,0.003659961477063059,-3.608224830031759e-16,2191
0.7438305485492526,0.342304570632552,0.19672715876479402,0.15987622964453826,0.11555868306781428,-0.012347244323502614,2.7755575615628914e-17,2192
-0.12404615643320652,-0.3393488542990366,0.2891603711332981,0.053495889906470355,-0.024273648289480962,-0.029489649175909852,-2.7755575615628914e-17,2193
-0.1584435272748526,0.003143205037850866,-0.336687619763245,0.3479904173619476,0.023885850408565834,-0.001490748393052712,7.771561172376096e-16,2194
0.2324889993276288,-0.12629327842644383,-0.26734608396752224,-0.29142704166901195,-0.1975448606401336,0.003659961477063059,-3.608224830031759e-16,2195
0.15081000551517443,0.39703699455982533,0.17913824800201636,0.01282303273118792,-0.031752763095723315,-0.003452089627462555,-2.7755575615628914e-17,2196
0.3208890452410379,-0.3804138433019592,0.30235709028475766,0.1638278920504905,0.08625211473443453,-0.036163562069984334,2.7755575615628914e-17,2197
0.03600679000735241,-0.014068171613155229,-0.09476506626009115,-0.19361698167713576,0.5160974973499212,-0.009139889897678942,8.326672684688674e-17,2198
0.4268795485246598,0.37155734560180353,0.18732643408317814,0.08128087849525883,0.03682530574209975,-0.007593061337094104,0.0,2199
0.5431308415095397,-0.4103972918804338,0.3204352812246151,0.22372931049505798,0.1451784681187117,0.27632450741519615,2.7755575615628914e-17,2200
0.2324889993276288,-0.12629327842644383,-0.26734608396752224,-0.29142704166901195,-0.1975448606401336,0.003659961477063059,-3.608224830031759e-16,2201
0.2324889993276288,-0.12629327842644383,-0.26734608396752224,-0.29142704166901195,-0.1975448606401336,0.003659961477063059,-3.608224830031759e-16,2202
0.7438305485492526,0.342304570632552,0.19672715876479402,0.15987622964453826,0.11555868306781428,-0.012347244323502614,2.7755575615628914e-17,2203
-0.018055653149584662,0.41262233460472614,0.1741297149317186,-0.029051123648761338,-0.07370045728181573,-0.0009191484430196226,-5.551115123125783e-17,2204
0.7295554389698942,-0.17216968425098456,-0.25260315920254156,-0.16816789004880986,-0.07406924597014558,-0.0037959064970987176,-3.0531133177191805e-16,2205
-0.56599590829601,-0.29855940533703296,0.27605220002783293,-0.056095800718575124,-0.13405779968739456,-0.02286051725649463,-8.326672684688674e-17,2206
0.04481950223155255,-0.3549341943439374,0.29416890420359587,0.0953700462864196,0.017674045896611458,-0.032022590360352786,0.0,2207
1.1917923562953627,0.3009602430999072,0.21001364665148112,0.27095874895679695,0.22683628128976988,-0.01906655552549317,8.326672684688674e-17,2208
-0.1584435272748526,0.003143205037850866,-0.336687619763245,0.3479904173619476,0.023885850408565834,-0.001490748393052712,7.771561172376096e-16,2209
0.2324889993276288,-0.12629327842644383,-0.26734608396752224,-0.29142704166901195,-0.1975448606401336,0.003659961477063059,-3.608224830031759e-16,2210
0.6378400452656308,-0.40966661827121076,0.3117578149663735,0.24242324319976996,0.16498549206014906,-0.04091774505639284,5.551115123125783e-17,2211
-0.12404615643320652,-0.3393488542990366,0.2891603711332981,0.053495889906470355,-0.024273648289480962,-0.029489649175909852,-2.7755575615628914e-17,2212
-0.1584435272748526,0.003143205037850866,-0.336687619763245,0.3479904173619476,0.023885850408565834,-0.001490748393052712,7.771561172376096e-16,2213
-0.21722495458353192,0.4310045285564039,0.16822237983050417,-0.0784397710521239,-0.12317583915561076,0.0020683395416173367,-8.326672684688674e-17,2214
0.06362334066286972,-0.11070793838154303,-0.27235461703782,-0.3333011980489612,-0.23949255482622603,0.006192902661505991,-3.885780586188048e-16,2215
0.19264163842447712,-0.3780491314827568,0.31003981788225,0.13681738408257088,0.05811391027556227,0.28158175476919595,-2.7755575615628914e-17,2216
0.046064401867274354,-0.36452088605589306,0.30569235645963444,0.10047015887485589,0.021702853448723695,0.2837803753893579,-2.7755575615628914e-17,2217
0.1913967387887553,-0.3684624397708012,0.2985163656262114,0.1317172714941346,0.05408510272345003,-0.03422121098051476,0.0,2218
0.3221339448767597,-0.39000053501391485,0.3138805425407962,0.1689280046389268,0.09028092228654677,0.2796394036797264,0.0,2219
-0.1584435272748526,0.003143205037850866,-0.336687619763245,0.3479904173619476,0.023885850408565834,-0.001490748393052712,7.771561172376096e-16,2220
0.3221339448767597,-0.39000053501391485,0.3138805425407962,0.1689280046389268,0.09028092228654677,0.2796394036797264,0.0,2221
-0.321970558231432,-0.33055335205931446,0.29477648828812225,0.009207355091544085,-0.06972022261116376,0.2893008045584378,-8.326672684688674e-17,2222
-0.01681075351386286,0.4030356428927705,0.1856531671877572,-0.02395101106032505,-0.0696716497297035,0.31488381730669107,-8.326672684688674e-17,2223
0.04481950223155255,-0.3549341943439374,0.29416890420359587,0.0953700462864196,0.017674045896611458,-0.032022590360352786,0.0,2224
0.5085585423371142,-0.15177292738446563,-0.25915789788636046,-0.22296919590494105,-0.12896679180231052,-0.00048101023256849097,-3.3306690738754696e-16,2225
0.04481950223155255,-0.3549341943439374,0.29416890420359587,0.0953700462864196,0.017674045896611458,-0.032022590360352786,0.0,2226
-0.13554596077107756,-0.09232574442986527,-0.27826195213903443,-0.38268984545232376,-0.2889679367000211,0.009180390646142952,-4.163336342344337e-16,2227
-0.6893304420638885,-0.04121458588654053,-0.29468712650725293,-0.5200135508984428,-0.42653280483222095,0.017487014568752627,-4.718447854656915e-16,2228
0.42805398007350137,-0.05025189789085299,-0.08313699852808518,-0.09639978858436608,0.6134854195920634,-0.01502049630288709,1.1102230246251565e-16,2229
-0.600393279137656,0.04393265399985451,-0.3497957908687102,0.23839872673690207,-0.08589830098934778,0.005138383526362507,7.216449660063518e-16,2230
0.8842198449990591,-0.43240607275474924,0.31906540719427595,0.3035188285572399,0.22618837116872056,-0.04461337829937524,8.326672684688674e-17,2231
1.5919450432868156,-0.251763340775013,-0.22702479775915765,0.0456816127876457,0.1401558112569634,-0.016731527410681415,-2.220446049250313e-16,2232
0.2324889993276288,-0.12629327842644383,-0.26734608396752224,-0.29142704166901195,-0.1975448606401336,0.003659961477063059,-3.608224830031759e-16,2233
0.04481950223155255,-0.3549341943439374,0.29416890420359587,0.0953700462864196,0.017674045896611458,-0.032022590360352786,0.0,2234
0.4268795485246598,0.37155734560180353,0.18732643408317814,0.08128087849525883,0.03682530574209975,-0.007593061337094104,0.0,2235
-0.018055653149584662,0.41262233460472614,0.1741297149317186,-0.029051123648761338,-0.07370045728181573,-0.0009191484430196226,-5.551115123125783e-17,2236
0.29738724207237716,0.38350874913296157,0.18348570942463194,0.0491702579389029,0.004658293731115256,-0.005650710247624531,-2.7755575615628914e-17,2237
-0.1584435272748526,0.003143205037850866,-0.336687619763245,0.3479904173619476,0.023885850408565834,-0.001490748393052712,7.771561172376096e-16,2238
0.18258402656455514,-0.027596417040019017,-0.09041760483747557,-0.15726975646942076,0.5525085541767598,-0.011338510517840917,8.326672684688674e-17,2239
-0.3576128287087999,0.021525398989528623,-0.34259495486445946,0.298601769958585,-0.025589531465229194,0.0014967395915842473,7.494005416219807e-16,2240
-0.21722495458353192,0.4310045285564039,0.16822237983050417,-0.0784397710521239,-0.12317583915561076,0.0020683395416173367,-8.326672684688674e-17,2241
0.31207633301683774,-0.039547820571177034,-0.08657688017892937,-0.12515913591306485,0.5846755661877443,-0.013280861607310492,1.1102230246251565e-16,2242
0.4268795485246598,0.37155734560180353,0.18732643408317814,0.08128087849525883,0.03682530574209975,-0.007593061337094104,0.0,2243
-0.33202817009135394,0.019899362383423318,-0.10568093443160334,-0.28487978546044757,0.42467442129003374,-0.003619460728599049,2.7755575615628914e-17,2244
0.04481950223155255,-0.3549341943439374,0.29416890420359587,0.0953700462864196,0.017674045896611458,-0.032022590360352786,0.0,2245
0.5085585423371142,-0.15177292738446563,-0.25915789788636046,-0.22296919590494105,-0.12896679180231052,-0.00048101023256849097,-3.3306690738754696e-16,2246
0.15081000551517443,0.39703699455982533,0.17913824800201636,0.01282303273118792,-0.031752763095723315,-0.003452089627462555,-2.7755575615628914e-17,2247
0.18258402656455514,-0.027596417040019017,-0.09041760483747557,-0.15726975646942076,0.5525085541767598,-0.011338510517840917,8.326672684688674e-17,2248
0.15081000551517443,0.39703699455982533,0.17913824800201636,0.01282303273118792,-0.031752763095723315,-0.003452089627462555,-2.7755575615628914e-17,2249
0.4268795485246598,0.37155734560180353,0.18732643408317814,0.08128087849525883,0.03682530574209975,-0.007593061337094104,0.0,2250
0.03600679000735241,-0.014068171613155229,-0.09476506626009115,-0.19361698167713576,0.5160974973499212,-0.009139889897678942,8.326672684688674e-17,2251
0.29738724207237716,0.38350874913296157,0.18348570942463194,0.0491702579389029,0.004658293731115256,-0.005650710247624531,-2.7755575615628914e-17,2252
-0.018055653149584662,0.41262233460472614,0.1741297149317186,-0.029051123648761338,-0.07370045728181573,-0.0009191484430196226,-5.551115123125783e-17,2253
0.15081000551517443,0.39703699455982533,0.17913824800201636,0.01282303273118792,-0.031752763095723315,-0.003452089627462555,-2.7755575615628914e-17,2254
0.3208890452410379,-0.3804138433019592,0.30235709028475766,0.1638278920504905,0.08625211473443453,-0.036163562069984334,2.7755575615628914e-17,2255
-0.21722495458353192,0.4310045285564039,0.16822237983050417,-0.0784397710521239,-0.12317583915561076,0.0020683395416173367,-8.326672684688674e-17,2256
-0.3576128287087999,0.021525398989528623,-0.34259495486445946,0.298601769958585,-0.025589531465229194,0.0014967395915842473,7.494005416219807e-16,2257
0.04481950223155255,-0.3549341943439374,0.29416890420359587,0.0953700462864196,0.017674045896611458,-0.032022590360352786,0.0,2258
0.19264163842447712,-0.3780491314827568,0.31003981788225,0.13681738408257088,0.05811391027556227,0.28158175476919595,-2.7755575615628914e-17,2259
-0.3232154578671538,-0.3209666603473588,0.2832530360320837,0.0041072425031078025,-0.073749030163276,-0.026502161191272893,-5.551115123125783e-17,2260
0.06362334066286972,-0.11070793838154303,-0.27235461703782,-0.3333011980489612,-0.23949255482622603,0.006192902661505991,-3.885780586188048e-16,2261
0.6034426744239846,-0.06717455893432327,-0.31409017593016963,0.5369177706552472,0.21314499075819587,-0.012918844273535703,8.604228440844963e-16,2262
0.5428571955813234,0.3608532682821276,0.19076631573402233,0.11004022582395759,0.0656351591464188,-0.009332696032670704,0.0,2263
0.3790662358848315,-0.1398215238533076,-0.26299862254490664,-0.25507981646129696,-0.16113380381329503,0.0014613408569010816,-3.608224830031759e-16,2264
0.15081000551517443,0.39703699455982533,0.17913824800201636,0.01282303273118792,-0.031752763095723315,-0.003452089627462555,-2.7755575615628914e-17,2265
0.4268795485246598,0.37155734560180353,0.18732643408317814,0.08128087849525883,0.03682530574209975,-0.007593061337094104,0.0,2266
0.15081000551517443,0.39703699455982533,0.17913824800201636,0.01282303273118792,-0.031752763095723315,-0.003452089627462555,-2.7755575615628914e-17,2267
0.4381115919334234,-0.4007046123335908,0.3173204241916404,0.19768735196762557,0.11909077569086582,0.2778997689841498,0.0,2268
-0.21722495458353192,0.4310045285564039,0.16822237983050417,-0.0784397710521239,-0.12317583915561076,0.0020683395416173367,-8.326672684688674e-17,2269
-0.018055653149584662,0.41262233460472614,0.1741297149317186,-0.029051123648761338,-0.07370045728181573,-0.0009191484430196226,-5.551115123125783e-17,2270
0.4381115919334234,-0.4007046123335908,0.3173204241916404,0.19768735196762557,0.11909077569086582,0.2778997689841498,0.0,2271
0.4268795485246598,0.37155734560180353,0.18732643408317814,0.08128087849525883,0.03682530574209975,-0.007593061337094104,0.0,2272
0.04481950223155255,-0.3549341943439374,0.29416890420359587,0.0953700462864196,0.017674045896611458,-0.032022590360352786,0.0,2273
0.3221339448767597,-0.39000053501391485,0.3138805425407962,0.1689280046389268,0.09028092228654677,0.2796394036797264,0.0,2274
0.03600679000735241,-0.014068171613155229,-0.09476506626009115,-0.19361698167713576,0.5160974973499212,-0.009139889897678942,8.326672684688674e-17,2275
-0.12404615643320652,-0.3393488542990366,0.2891603711332981,0.053495889906470355,-0.024273648289480962,-0.029489649175909852,-2.7755575615628914e-17,2276
-0.321970558231432,-0.33055335205931446,0.29477648828812225,0.009207355091544085,-0.06972022261116376,0.2893008045584378,-8.326672684688674e-17,2277
0.15081000551517443,0.39703699455982533,0.17913824800201636,0.01282303273118792,-0.031752763095723315,-0.003452089627462555,-2.7755575615628914e-17,2278
-0.12404615643320652,-0.3393488542990366,0.2891603711332981,0.053495889906470355,-0.024273648289480962,-0.029489649175909852,-2.7755575615628914e-17,2279
-0.321970558231432,-0.33055335205931446,0.29477648828812225,0.009207355091544085,-0.06972022261116376,0.2893008045584378,-8.326672684688674e-17,2280
0.4268795485246598,0.37155734560180353,0.18732643408317814,0.08128087849525883,0.03682530574209975,-0.007593061337094104,0.0,2281
0.4268795485246598,0.37155734560180353,0.18732643408317814,0.08128087849525883,0.03682530574209975,-0.007593061337094104,0.0,2282
-0.321970558231432,-0.33055335205931446,0.29477648828812225,0.009207355091544085,-0.06972022261116376,0.2893008045584378,-8.326672684688674e-17,2283
0.9902103482826811,0.3195651161490135,0.20403475099269644,0.22097181500200816,0.1767615621763858,-0.016042877566485016,5.551115123125783e-17,2284
-0.018055653149584662,0.41262233460472614,0.1741297149317186,-0.029051123648761338,-0.07370045728181573,-0.0009191484430196226,-5.551115123125783e-17,2285
-0.321970558231432,-0.33055335205931446,0.29477648828812225,0.009207355091544085,-0.06972022261116376,0.2893008045584378,-8.326672684688674e-17,2286
-0.12404615643320652,-0.3393488542990366,0.2891603711332981,0.053495889906470355,-0.024273648289480962,-0.029489649175909852,-2.7755575615628914e-17,2287
-0.13554596077107756,-0.09232574442986527,-0.27826195213903443,-0.38268984545232376,-0.2889679367000211,0.009180390646142952,-4.163336342344337e-16,2288
0.6390849449013526,-0.4192533099831664,0.32328126722241207,0.24752335578820625,0.1690142996122613,0.2748852206933179,2.7755575615628914e-17,2289
0.7438305485492526,0.342304570632552,0.19672715876479402,0.15987622964453826,0.11555868306781428,-0.012347244323502614,2.7755575615628914e-17,2290
0.2324889993276288,-0.12629327842644383,-0.26734608396752224,-0.29142704166901195,-0.1975448606401336,0.003659961477063059,-3.608224830031759e-16,2291
0.19264163842447712,-0.3780491314827568,0.31003981788225,0.13681738408257088,0.05811391027556227,0.28158175476919595,-2.7755575615628914e-17,2292
0.046064401867274354,-0.36452088605589306,0.30569235645963444,0.10047015887485589,0.021702853448723695,0.2837803753893579,-2.7755575615628914e-17,2293
0.06362334066286972,-0.11070793838154303,-0.27235461703782,-0.3333011980489612,-0.23949255482622603,0.006192902661505991,-3.885780586188048e-16,2294
0.046064401867274354,-0.36452088605589306,0.30569235645963444,0.10047015887485589,0.021702853448723695,0.2837803753893579,-2.7755575615628914e-17,2295
0.3208890452410379,-0.3804138433019592,0.30235709028475766,0.1638278920504905,0.08625211473443453,-0.036163562069984334,2.7755575615628914e-17,2296
-0.12404615643320652,-0.3393488542990366,0.2891603711332981,0.053495889906470355,-0.024273648289480962,-0.029489649175909852,-2.7755575615628914e-17,2297
-0.12280125679748471,-0.34893554601099225,0.3006838233893367,0.058596002494906645,-0.02024484073736873,0.2863133165738009,-5.551115123125783e-17,2298
0.04481950223155255,-0.3549341943439374,0.29416890420359587,0.0953700462864196,0.017674045896611458,-0.032022590360352786,0.0,2299
0.15081000551517443,0.39703699455982533,0.17913824800201636,0.01282303273118792,-0.031752763095723315,-0.003452089627462555,-2.7755575615628914e-17,2300
0.046064401867274354,-0.36452088605589306,0.30569235645963444,0.10047015887485589,0.021702853448723695,0.2837803753893579,-2.7755575615628914e-17,2301
-0.3232154578671538,-0.3209666603473588,0.2832530360320837,0.0041072425031078025,-0.073749030163276,-0.026502161191272893,-5.551115123125783e-17,2302
0.5085585423371142,-0.15177292738446563,-0.25915789788636046,-0.22296919590494105,-0.12896679180231052,-0.00048101023256849097,-3.3306690738754696e-16,2303
-0.12280125679748471,-0.34893554601099225,0.3006838233893367,0.058596002494906645,-0.02024484073736873,0.2863133165738009,-5.551115123125783e-17,2304
-0.3232154578671538,-0.3209666603473588,0.2832530360320837,0.0041072425031078025,-0.073749030163276,-0.026502161191272893,-5.551115123125783e-17,2305
-0.4600054050123882,0.4534117835667298,0.16102154382625344,-0.1386428142738068,-0.18348460867972935,0.005709983476395597,-1.1102230246251565e-16,2306
-0.12280125679748471,-0.34893554601099225,0.3006838233893367,0.058596002494906645,-0.02024484073736873,0.2863133165738009,-5.551115123125783e-17,2307
0.4268795485246598,0.37155734560180353,0.18732643408317814,0.08128087849525883,0.03682530574209975,-0.007593061337094104,0.0,2308
0.9902103482826811,0.3195651161490135,0.20403475099269644,0.22097181500200816,0.1767615621763858,-0.016042877566485016,5.551115123125783e-17,2309
0.046064401867274354,-0.36452088605589306,0.30569235645963444,0.10047015887485589,0.021702853448723695,0.2837803753893579,-2.7755575615628914e-17,2310
-0.12404615643320652,-0.3393488542990366,0.2891603711332981,0.053495889906470355,-0.024273648289480962,-0.029489649175909852,-2.7755575615628914e-17,2311
-0.12404615643320652,-0.3393488542990366,0.2891603711332981,0.053495889906470355,-0.024273648289480962,-0.029489649175909852,-2.7755575615628914e-17,2312
-0.321970558231432,-0.33055335205931446,0.29477648828812225,0.009207355091544085,-0.06972022261116376,0.2893008045584378,-8.326672684688674e-17,2313
0.18258402656455514,-0.027596417040019017,-0.09041760483747557,-0.15726975646942076,0.5525085541767598,-0.011338510517840917,8.326672684688674e-17,2314
0.2324889993276288,-0.12629327842644383,-0.26734608396752224,-0.29142704166901195,-0.1975448606401336,0.003659961477063059,-3.608224830031759e-16,2315
-0.13161396902168487,-0.008069523280210052,-0.08825014707435032,-0.23039102546864873,0.478178610715941,0.3091960170364747,2.7755575615628914e-17,2316
0.7438305485492526,0.342304570632552,0.19672715876479402,0.15987622964453826,0.11555868306781428,-0.012347244323502614,2.7755575615628914e-17,2317
-0.018055653149584662,0.41262233460472614,0.1741297149317186,-0.029051123648761338,-0.07370045728181573,-0.0009191484430196226,-5.551115123125783e-17,2318
0.03725168964307421,-0.023654863325110843,-0.08324161400405256,-0.18851686908869947,0.5201263049020334,0.3066630758520318,5.551115123125783e-17,2319
0.5085585423371142,-0.15177292738446563,-0.25915789788636046,-0.22296919590494105,-0.12896679180231052,-0.00048101023256849097,-3.3306690738754696e-16,2320
0.2324889993276288,-0.12629327842644383,-0.26734608396752224,-0.29142704166901195,-0.1975448606401336,0.003659961477063059,-3.608224830031759e-16,2321
-0.13161396902168487,-0.008069523280210052,-0.08825014707435032,-0.23039102546864873,0.478178610715941,0.3091960170364747,2.7755575615628914e-17,2322
0.29738724207237716,0.38350874913296157,0.18348570942463194,0.0491702579389029,0.004658293731115256,-0.005650710247624531,-2.7755575615628914e-17,2323
-0.13285886865740665,0.0015171684317455622,-0.0997735993303889,-0.23549113805708502,0.47414980316382876,-0.006606948713236009,5.551115123125783e-17,2324
0.3790662358848315,-0.1398215238533076,-0.26299862254490664,-0.25507981646129696,-0.16113380381329503,0.0014613408569010816,-3.608224830031759e-16,2325
-0.1584435272748526,0.003143205037850866,-0.336687619763245,0.3479904173619476,0.023885850408565834,-0.001490748393052712,7.771561172376096e-16,2326
-0.33202817009135394,0.019899362383423318,-0.10568093443160334,-0.28487978546044757,0.42467442129003374,-0.003619460728599049,2.7755575615628914e-17,2327
0.3790662358848315,-0.1398215238533076,-0.26299862254490664,-0.25507981646129696,-0.16113380381329503,0.0014613408569010816,-3.608224830031759e-16,2328
-0.56599590829601,-0.29855940533703296,0.27605220002783293,-0.056095800718575124,-0.13405779968739456,-0.02286051725649463,-8.326672684688674e-17,2329
0.6378400452656308,-0.40966661827121076,0.3117578149663735,0.24242324319976996,0.16498549206014906,-0.04091774505639284,5.551115123125783e-17,2330
0.2324889993276288,-0.12629327842644383,-0.26734608396752224,-0.29142704166901195,-0.1975448606401336,0.003659961477063059,-3.608224830031759e-16,2331
0.06362334066286972,-0.11070793838154303,-0.27235461703782,-0.3333011980489612,-0.23949255482622603,0.006192902661505991,-3.885780586188048e-16,2332
-0.12404615643320652,-0.3393488542990366,0.2891603711332981,0.053495889906470355,-0.024273648289480962,-0.029489649175909852,-2.7755575615628914e-17,2333
-0.13554596077107756,-0.09232574442986527,-0.27826195213903443,-0.38268984545232376,-0.2889679367000211,0.009180390646142952,-4.163336342344337e-16,2334
-0.018055653149584662,0.41262233460472614,0.1741297149317186,-0.029051123648761338,-0.07370045728181573,-0.0009191484430196226,-5.551115123125783e-17,2335
0.04481950223155255,-0.3549341943439374,0.29416890420359587,0.0953700462864196,0.017674045896611458,-0.032022590360352786,0.0,2336
0.6478764451574397,0.3511605887352846,0.19388117276699704,0.13608218435139,0.09172285157426471,-0.010907957601624331,2.7755575615628914e-17,2337
0.2324889993276288,-0.12629327842644383,-0.26734608396752224,-0.29142704166901195,-0.1975448606401336,0.003659961477063059,-3.608224830031759e-16,2338
-0.33202817009135394,0.019899362383423318,-0.10568093443160334,-0.28487978546044757,0.42467442129003374,-0.003619460728599049,2.7755575615628914e-17,2339
0.7295554389698942,-0.17216968425098456,-0.25260315920254156,-0.16816789004880986,-0.07406924597014558,-0.0037959064970987176,-3.0531133177191805e-16,2340
0.8255095423617069,-0.18102570235371715,-0.24975717320474458,-0.1443738447556616,-0.05023341447659601,-0.005235193218977,-3.0531133177191805e-16,2341
0.29738724207237716,0.38350874913296157,0.18348570942463194,0.0491702579389029,0.004658293731115256,-0.005650710247624531,-2.7755575615628914e-17,2342
0.06362334066286972,-0.11070793838154303,-0.27235461703782,-0.3333011980489612,-0.23949255482622603,0.006192902661505991,-3.885780586188048e-16,2343
-0.3576128287087999,0.021525398989528623,-0.34259495486445946,0.298601769958585,-0.025589531465229194,0.0014967395915842473,7.494005416219807e-16,2344
0.4381115919334234,-0.4007046123335908,0.3173204241916404,0.19768735196762557,0.11909077569086582,0.2778997689841498,0.0,2345
0.15081000551517443,0.39703699455982533,0.17913824800201636,0.01282303273118792,-0.031752763095723315,-0.003452089627462555,-2.7755575615628914e-17,2346
0.8255095423617069,-0.18102570235371715,-0.24975717320474458,-0.1443738447556616,-0.05023341447659601,-0.005235193218977,-3.0531133177191805e-16,2347
0.29738724207237716,0.38350874913296157,0.18348570942463194,0.0491702579389029,0.004658293731115256,-0.005650710247624531,-2.7755575615628914e-17,2348
0.04481950223155255,-0.3549341943439374,0.29416890420359587,0.0953700462864196,0.017674045896611458,-0.032022590360352786,0.0,2349
0.3208890452410379,-0.3804138433019592,0.30235709028475766,0.1638278920504905,0.08625211473443453,-0.036163562069984334,2.7755575615628914e-17,2350
0.7295554389698942,-0.17216968425098456,-0.25260315920254156,-0.16816789004880986,-0.07406924597014558,-0.0037959064970987176,-3.0531133177191805e-16,2351
-0.1584435272748526,0.003143205037850866,-0.336687619763245,0.3479904173619476,0.023885850408565834,-0.001490748393052712,7.771561172376096e-16,2352
-0.018055653149584662,0.41262233460472614,0.1741297149317186,-0.029051123648761338,-0.07370045728181573,-0.0009191484430196226,-5.551115123125783e-17,2353
0.6034426744239846,-0.06717455893432327,-0.31409017593016963,0.5369177706552472,0.21314499075819587,-0.012918844273535703,8.604228440844963e-16,2354
0.29738724207237716,0.38350874913296157,0.18348570942463194,0.0491702579389029,0.004658293731115256,-0.005650710247624531,-2.7755575615628914e-17,2355
0.6034426744239846,-0.06717455893432327,-0.31409017593016963,0.5369177706552472,0.21314499075819587,-0.012918844273535703,8.604228440844963e-16,2356
0.04481950223155255,-0.3549341943439374,0.29416890420359587,0.0953700462864196,0.017674045896611458,-0.032022590360352786,0.0,2357
0.5085585423371142,-0.15177292738446563,-0.25915789788636046,-0.22296919590494105,-0.12896679180231052,-0.00048101023256849097,-3.3306690738754696e-16,2358
0.5085585423371142,-0.15177292738446563,-0.25915789788636046,-0.22296919590494105,-0.12896679180231052,-0.00048101023256849097,-3.3306690738754696e-16,2359
0.15081000551517443,0.39703699455982533,0.17913824800201636,0.01282303273118792,-0.031752763095723315,-0.003452089627462555,-2.7755575615628914e-17,2360
0.5428571955813234,0.3608532682821276,0.19076631573402233,0.11004022582395759,0.0656351591464188,-0.009332696032670704,0.0,2361
0.6491213447931615,0.34157389702332897,0.2054046250230356,0.14118229693982629,0.09575165912637695,0.3048950081480864,0.0,2362
0.5085585423371142,-0.15177292738446563,-0.25915789788636046,-0.22296919590494105,-0.12896679180231052,-0.00048101023256849097,-3.3306690738754696e-16,2363
-0.018055653149584662,0.41262233460472614,0.1741297149317186,-0.029051123648761338,-0.07370045728181573,-0.0009191484430196226,-5.551115123125783e-17,2364
0.9902103482826811,0.3195651161490135,0.20403475099269644,0.22097181500200816,0.1767615621763858,-0.016042877566485016,5.551115123125783e-17,2365
0.6478764451574397,0.3511605887352846,0.19388117276699704,0.13608218435139,0.09172285157426471,-0.010907957601624331,2.7755575615628914e-17,2366
-0.12404615643320652,-0.3393488542990366,0.2891603711332981,0.053495889906470355,-0.024273648289480962,-0.029489649175909852,-2.7755575615628914e-17,2367
0.29738724207237716,0.38350874913296157,0.18348570942463194,0.0491702579389029,0.004658293731115256,-0.005650710247624531,-2.7755575615628914e-17,2368
-0.37832641119993377,-0.06991848941953938,-0.28546278814328513,-0.44289288867400667,-0.34927670622413964,0.01282203458092121,-4.440892098500626e-16,2369
0.3208890452410379,-0.3804138433019592,0.30235709028475766,0.1638278920504905,0.08625211473443453,-0.036163562069984334,2.7755575615628914e-17,2370
-0.33202817009135394,0.019899362383423318,-0.10568093443160334,-0.28487978546044757,0.42467442129003374,-0.003619460728599049,2.7755575615628914e-17,2371
0.03600679000735241,-0.014068171613155229,-0.09476506626009115,-0.19361698167713576,0.5160974973499212,-0.009139889897678942,8.326672684688674e-17,2372
0.5085585423371142,-0.15177292738446563,-0.25915789788636046,-0.22296919590494105,-0.12896679180231052,-0.00048101023256849097,-3.3306690738754696e-16,2373
-0.56599590829601,-0.29855940533703296,0.27605220002783293,-0.056095800718575124,-0.13405779968739456,-0.02286051725649463,-8.326672684688674e-17,2374
0.7438305485492526,0.342304570632552,0.19672715876479402,0.15987622964453826,0.11555868306781428,-0.012347244323502614,2.7755575615628914e-17,2375
0.18258402656455514,-0.027596417040019017,-0.09041760483747557,-0.15726975646942076,0.5525085541767598,-0.011338510517840917,8.326672684688674e-17,2376
0.03600679000735241,-0.014068171613155229,-0.09476506626009115,-0.19361698167713576,0.5160974973499212,-0.009139889897678942,8.326672684688674e-17,2377
0.7438305485492526,0.342304570632552,0.19672715876479402,0.15987622964453826,0.11555868306781428,-0.012347244323502614,2.7755575615628914e-17,2378
0.3208890452410379,-0.3804138433019592,0.30235709028475766,0.1638278920504905,0.08625211473443453,-0.036163562069984334,2.7755575615628914e-17,2379
1.0718893420951354,-0.20376515683725566,-0.2424495809768422,-0.08327825939819172,0.010969464631975494,-0.0089308264619594,-2.7755575615628914e-16,2380
0.8255095423617069,-0.18102570235371715,-0.24975717320474458,-0.1443738447556616,-0.05023341447659601,-0.005235193218977,-3.0531133177191805e-16,2381
1.1917923562953627,0.3009602430999072,0.21001364665148112,0.27095874895679695,0.22683628128976988,-0.01906655552549317,8.326672684688674e-17,2382
0.15081000551517443,0.39703699455982533,0.17913824800201636,0.01282303273118792,-0.031752763095723315,-0.003452089627462555,-2.7755575615628914e-17,2383
-0.21722495458353192,0.4310045285564039,0.16822237983050417,-0.0784397710521239,-0.12317583915561076,0.0020683395416173367,-8.326672684688674e-17,2384
0.2324889993276288,-0.12629327842644383,-0.26734608396752224,-0.29142704166901195,-0.1975448606401336,0.003659961477063059,-3.608224830031759e-16,2385
0.1913967387887553,-0.3684624397708012,0.2985163656262114,0.1317172714941346,0.05408510272345003,-0.03422121098051476,0.0,2386
0.7438305485492526,0.342304570632552,0.19672715876479402,0.15987622964453826,0.11555868306781428,-0.012347244323502614,2.7755575615628914e-17,2387
-0.13554596077107756,-0.09232574442986527,-0.27826195213903443,-0.38268984545232376,-0.2889679367000211,0.009180390646142952,-4.163336342344337e-16,2388
0.04481950223155255,-0.3549341943439374,0.29416890420359587,0.0953700462864196,0.017674045896611458,-0.032022590360352786,0.0,2389
0.2324889993276288,-0.12629327842644383,-0.26734608396752224,-0.29142704166901195,-0.1975448606401336,0.003659961477063059,-3.608224830031759e-16,2390
-0.018055653149584662,0.41262233460472614,0.1741297149317186,-0.029051123648761338,-0.07370045728181573,-0.0009191484430196226,-5.551115123125783e-17,2391
0.06362334066286972,-0.11070793838154303,-0.27235461703782,-0.3333011980489612,-0.23949255482622603,0.006192902661505991,-3.885780586188048e-16,2392
-0.12404615643320652,-0.3393488542990366,0.2891603711332981,0.053495889906470355,-0.024273648289480962,-0.029489649175909852,-2.7755575615628914e-17,2393
-0.21722495458353192,0.4310045285564039,0.16822237983050417,-0.0784397710521239,-0.12317583915561076,0.0020683395416173367,-8.326672684688674e-17,2394
0.3790662358848315,-0.1398215238533076,-0.26299862254490664,-0.25507981646129696,-0.16113380381329503,0.0014613408569010816,-3.608224830031759e-16,2395
-0.018055653149584662,0.41262233460472614,0.1741297149317186,-0.029051123648761338,-0.07370045728181573,-0.0009191484430196226,-5.551115123125783e-17,2396
-0.3576128287087999,0.021525398989528623,-0.34259495486445946,0.298601769958585,-0.025589531465229194,0.0014967395915842473,7.494005416219807e-16,2397
0.18258402656455514,-0.027596417040019017,-0.09041760483747557,-0.15726975646942076,0.5525085541767598,-0.011338510517840917,8.326672684688674e-17,2398
0.03600679000735241,-0.014068171613155229,-0.09476506626009115,-0.19361698167713576,0.5160974973499212,-0.009139889897678942,8.326672684688674e-17,2399
0.2324889993276288,-0.12629327842644383,-0.26734608396752224,-0.29142704166901195,-0.1975448606401336,0.003659961477063059,-3.608224830031759e-16,2400
-0.3232154578671538,-0.3209666603473588,0.2832530360320837,0.0041072425031078025,-0.073749030163276,-0.026502161191272893,-5.551115123125783e-17,2401
0.1913967387887553,-0.3684624397708012,0.2985163656262114,0.1317172714941346,0.05408510272345003,-0.03422121098051476,0.0,2402
0.1913967387887553,-0.3684624397708012,0.2985163656262114,0.1317172714941346,0.05408510272345003,-0.03422121098051476,0.0,2403
0.6478764451574397,0.3511605887352846,0.19388117276699704,0.13608218435139,0.09172285157426471,-0.010907957601624331,2.7755575615628914e-17,2404
-0.018055653149584662,0.41262233460472614,0.1741297149317186,-0.029051123648761338,-0.07370045728181573,-0.0009191484430196226,-5.551115123125783e-17,2405
0.29738724207237716,0.38350874913296157,0.18348570942463194,0.0491702579389029,0.004658293731115256,-0.005650710247624531,-2.7755575615628914e-17,2406
-0.018055653149584662,0.41262233460472614,0.1741297149317186,-0.029051123648761338,-0.07370045728181573,-0.0009191484430196226,-5.551115123125783e-17,2407
-0.12404615643320652,-0.3393488542990366,0.2891603711332981,0.053495889906470355,-0.024273648289480962,-0.029489649175909852,-2.7755575615628914e-17,2408
-0.21722495458353192,0.4310045285564039,0.16822237983050417,-0.0784397710521239,-0.12317583915561076,0.0020683395416173367,-8.326672684688674e-17,2409
1.1917923562953627,0.3009602430999072,0.21001364665148112,0.27095874895679695,0.22683628128976988,-0.01906655552549317,8.326672684688674e-17,2410
0.7438305485492526,0.342304570632552,0.19672715876479402,0.15987622964453826,0.11555868306781428,-0.012347244323502614,2.7755575615628914e-17,2411
0.6245361893937778,-0.1624770047041416,-0.25571801623551627,-0.1942098485762423,-0.10015693839799147,-0.00222064492814509,-3.3306690738754696e-16,2412
0.2324889993276288,-0.12629327842644383,-0.26734608396752224,-0.29142704166901195,-0.1975448606401336,0.003659961477063059,-3.608224830031759e-16,2413
0.03600679000735241,-0.014068171613155229,-0.09476506626009115,-0.19361698167713576,0.5160974973499212,-0.009139889897678942,8.326672684688674e-17,2414
0.1913967387887553,-0.3684624397708012,0.2985163656262114,0.1317172714941346,0.05408510272345003,-0.03422121098051476,0.0,2415
-0.13285886865740665,0.0015171684317455622,-0.0997735993303889,-0.23549113805708502,0.47414980316382876,-0.006606948713236009,5.551115123125783e-17,2416
-0.13554596077107756,-0.09232574442986527,-0.27826195213903443,-0.38268984545232376,-0.2889679367000211,0.009180390646142952,-4.163336342344337e-16,2417
1.3954628339665391,-0.1395382339617244,-0.05444378005172656,0.14349167277952188,0.8537981692470182,-0.029531378785423414,2.220446049250313e-16,2418
-0.018055653149584662,0.41262233460472614,0.1741297149317186,-0.029051123648761338,-0.07370045728181573,-0.0009191484430196226,-5.551115123125783e-17,2419
0.03600679000735241,-0.014068171613155229,-0.09476506626009115,-0.19361698167713576,0.5160974973499212,-0.009139889897678942,8.326672684688674e-17,2420
0.4268795485246598,0.37155734560180353,0.18732643408317814,0.08128087849525883,0.03682530574209975,-0.007593061337094104,0.0,2421
-0.3232154578671538,-0.3209666603473588,0.2832530360320837,0.0041072425031078025,-0.073749030163276,-0.026502161191272893,-5.551115123125783e-17,2422
0.15081000551517443,0.39703699455982533,0.17913824800201636,0.01282303273118792,-0.031752763095723315,-0.003452089627462555,-2.7755575615628914e-17,2423
0.1913967387887553,-0.3684624397708012,0.2985163656262114,0.1317172714941346,0.05408510272345003,-0.03422121098051476,0.0,2424
-0.21722495458353192,0.4310045285564039,0.16822237983050417,-0.0784397710521239,-0.12317583915561076,0.0020683395416173367,-8.326672684688674e-17,2425
0.9902103482826811,0.3195651161490135,0.20403475099269644,0.22097181500200816,0.1767615621763858,-0.016042877566485016,5.551115123125783e-17,2426
-0.018055653149584662,0.41262233460472614,0.1741297149317186,-0.029051123648761338,-0.07370045728181573,-0.0009191484430196226,-5.551115123125783e-17,2427
0.06362334066286972,-0.11070793838154303,-0.27235461703782,-0.3333011980489612,-0.23949255482622603,0.006192902661505991,-3.885780586188048e-16,2428
-0.3232154578671538,-0.3209666603473588,0.2832530360320837,0.0041072425031078025,-0.073749030163276,-0.026502161191272893,-5.551115123125783e-17,2429
0.010422131389906455,-0.012442135007049923,-0.33167908669294727,0.3898645737418968,0.06583354459465826,-0.004023689577495645,8.049116928532385e-16,2430
0.6290273330414305,-0.06880059554042857,-0.07717615549731349,-0.04656378476378541,0.6634089435134588,-0.018035044593718998,1.3877787807814457e-16,2431
-0.018055653149584662,0.41262233460472614,0.1741297149317186,-0.029051123648761338,-0.07370045728181573,-0.0009191484430196226,-5.551115123125783e-17,2432
-0.13285886865740665,0.0015171684317455622,-0.0997735993303889,-0.23549113805708502,0.47414980316382876,-0.006606948713236009,5.551115123125783e-17,2433
0.9902103482826811,0.3195651161490135,0.20403475099269644,0.22097181500200816,0.1767615621763858,-0.016042877566485016,5.551115123125783e-17,2434
-0.56599590829601,-0.29855940533703296,0.27605220002783293,-0.056095800718575124,-0.13405779968739456,-0.02286051725649463,-8.326672684688674e-17,2435
0.04481950223155255,-0.3549341943439374,0.29416890420359587,0.0953700462864196,0.017674045896611458,-0.032022590360352786,0.0,2436
-0.21722495458353192,0.4310045285564039,0.16822237983050417,-0.0784397710521239,-0.12317583915561076,0.0020683395416173367,-8.326672684688674e-17,2437
0.15081000551517443,0.39703699455982533,0.17913824800201636,0.01282303273118792,-0.031752763095723315,-0.003452089627462555,-2.7755575615628914e-17,2438
0.5428571955813234,0.3608532682821276,0.19076631573402233,0.11004022582395759,0.0656351591464188,-0.009332696032670704,0.0,2439
0.5085585423371142,-0.15177292738446563,-0.25915789788636046,-0.22296919590494105,-0.12896679180231052,-0.00048101023256849097,-3.3306690738754696e-16,2440
-0.018055653149584662,0.41262233460472614,0.1741297149317186,-0.029051123648761338,-0.07370045728181573,-0.0009191484430196226,-5.551115123125783e-17,2441
0.29738724207237716,0.38350874913296157,0.18348570942463194,0.0491702579389029,0.004658293731115256,-0.005650710247624531,-2.7755575615628914e-17,2442
0.3208890452410379,-0.3804138433019592,0.30235709028475766,0.1638278920504905,0.08625211473443453,-0.036163562069984334,2.7755575615628914e-17,2443
0.15081000551517443,0.39703699455982533,0.17913824800201636,0.01282303273118792,-0.031752763095723315,-0.003452089627462555,-2.7755575615628914e-17,2444
1.2734713501078172,-0.22237002988636195,-0.23647068531805748,-0.03329132544340292,0.06104418374535959,-0.011954504420967557,-2.498001805406602e-16,2445
1.2734713501078172,-0.22237002988636195,-0.23647068531805748,-0.03329132544340292,0.06104418374535959,-0.011954504420967557,-2.498001805406602e-16,2446
1.2734713501078172,-0.22237002988636195,-0.23647068531805748,-0.03329132544340292,0.06104418374535959,-0.011954504420967557,-2.498001805406602e-16,2447
1.2734713501078172,-0.22237002988636195,-0.23647068531805748,-0.03329132544340292,0.06104418374535959,-0.011954504420967557,-2.498001805406602e-16,2448
-0.12404615643320652,-0.3393488542990366,0.2891603711332981,0.053495889906470355,-0.024273648289480962,-0.029489649175909852,-2.7755575615628914e-17,2449
0.6478764451574397,0.3511605887352846,0.19388117276699704,0.13608218435139,0.09172285157426471,-0.010907957601624331,2.7755575615628914e-17,2450
0.06362334066286972,-0.11070793838154303,-0.27235461703782,-0.3333011980489612,-0.23949255482622603,0.006192902661505991,-3.885780586188048e-16,2451
0.6034426744239846,-0.06717455893432327,-0.31409017593016963,0.5369177706552472,0.21314499075819587,-0.012918844273535703,8.604228440844963e-16,2452
0.3790662358848315,-0.1398215238533076,-0.26299862254490664,-0.25507981646129696,-0.16113380381329503,0.0014613408569010816,-3.608224830031759e-16,2453
0.06362334066286972,-0.11070793838154303,-0.27235461703782,-0.3333011980489612,-0.23949255482622603,0.006192902661505991,-3.885780586188048e-16,2454
-0.21722495458353192,0.4310045285564039,0.16822237983050417,-0.0784397710521239,-0.12317583915561076,0.0020683395416173367,-8.326672684688674e-17,2455
0.6478764451574397,0.3511605887352846,0.19388117276699704,0.13608218435139,0.09172285157426471,-0.010907957601624331,2.7755575615628914e-17,2456
-0.12404615643320652,-0.3393488542990366,0.2891603711332981,0.053495889906470355,-0.024273648289480962,-0.029489649175909852,-2.7755575615628914e-17,2457
0.2864916743993918,-0.03792178396507172,-0.3234909006117855,0.45832241950596775,0.13441161343248134,-0.008164661287127194,8.326672684688674e-16,2458
-0.56599590829601,-0.29855940533703296,0.27605220002783293,-0.056095800718575124,-0.13405779968739456,-0.02286051725649463,-8.326672684688674e-17,2459
-0.1584435272748526,0.003143205037850866,-0.336687619763245,0.3479904173619476,0.023885850408565834,-0.001490748393052712,7.771561172376096e-16,2460
1.2734713501078172,-0.22237002988636195,-0.23647068531805748,-0.03329132544340292,0.06104418374535959,-0.011954504420967557,-2.498001805406602e-16,2461
0.9902103482826811,0.3195651161490135,0.20403475099269644,0.22097181500200816,0.1767615621763858,-0.016042877566485016,5.551115123125783e-17,2462
0.19264163842447712,-0.3780491314827568,0.31003981788225,0.13681738408257088,0.05811391027556227,0.28158175476919595,-2.7755575615628914e-17,2463
1.0718893420951354,-0.20376515683725566,-0.2424495809768422,-0.08327825939819172,0.010969464631975494,-0.0089308264619594,-2.7755575615628914e-16,2464
1.5919450432868156,-0.251763340775013,-0.22702479775915765,0.0456816127876457,0.1401558112569634,-0.016731527410681415,-2.220446049250313e-16,2465
-0.12404615643320652,-0.3393488542990366,0.2891603711332981,0.053495889906470355,-0.024273648289480962,-0.029489649175909852,-2.7755575615628914e-17,2466
0.3790662358848315,-0.1398215238533076,-0.26299862254490664,-0.25507981646129696,-0.16113380381329503,0.0014613408569010816,-3.608224830031759e-16,2467
0.04481950223155255,-0.3549341943439374,0.29416890420359587,0.0953700462864196,0.017674045896611458,-0.032022590360352786,0.0,2468
0.4268795485246598,0.37155734560180353,0.18732643408317814,0.08128087849525883,0.03682530574209975,-0.007593061337094104,0.0,2469
0.2324889993276288,-0.12629327842644383,-0.26734608396752224,-0.29142704166901195,-0.1975448606401336,0.003659961477063059,-3.608224830031759e-16,2470
-0.018055653149584662,0.41262233460472614,0.1741297149317186,-0.029051123648761338,-0.07370045728181573,-0.0009191484430196226,-5.551115123125783e-17,2471
-0.21722495458353192,0.4310045285564039,0.16822237983050417,-0.0784397710521239,-0.12317583915561076,0.0020683395416173367,-8.326672684688674e-17,2472
-0.13554596077107756,-0.09232574442986527,-0.27826195213903443,-0.38268984545232376,-0.2889679367000211,0.009180390646142952,-4.163336342344337e-16,2473
0.4268795485246598,0.37155734560180353,0.18732643408317814,0.08128087849525883,0.03682530574209975,-0.007593061337094104,0.0,2474
0.5085585423371142,-0.15177292738446563,-0.25915789788636046,-0.22296919590494105,-0.12896679180231052,-0.00048101023256849097,-3.3306690738754696e-16,2475
0.4268795485246598,0.37155734560180353,0.18732643408317814,0.08128087849525883,0.03682530574209975,-0.007593061337094104,0.0,2476
-0.018055653149584662,0.41262233460472614,0.1741297149317186,-0.029051123648761338,-0.07370045728181573,-0.0009191484430196226,-5.551115123125783e-17,2477
0.2324889993276288,-0.12629327842644383,-0.26734608396752224,-0.29142704166901195,-0.1975448606401336,0.003659961477063059,-3.608224830031759e-16,2478
0.7295554389698942,-0.17216968425098456,-0.25260315920254156,-0.16816789004880986,-0.07406924597014558,-0.0037959064970987176,-3.0531133177191805e-16,2479
0.31207633301683774,-0.039547820571177034,-0.08657688017892937,-0.12515913591306485,0.5846755661877443,-0.013280861607310492,1.1102230246251565e-16,2480
0.29738724207237716,0.38350874913296157,0.18348570942463194,0.0491702579389029,0.004658293731115256,-0.005650710247624531,-2.7755575615628914e-17,2481
0.15081000551517443,0.39703699455982533,0.17913824800201636,0.01282303273118792,-0.031752763095723315,-0.003452089627462555,-2.7755575615628914e-17,2482
-0.1584435272748526,0.003143205037850866,-0.336687619763245,0.3479904173619476,0.023885850408565834,-0.001490748393052712,7.771561172376096e-16,2483
0.9902103482826811,0.3195651161490135,0.20403475099269644,0.22097181500200816,0.1767615621763858,-0.016042877566485016,5.551115123125783e-17,2484
-0.21722495458353192,0.4310045285564039,0.16822237983050417,-0.0784397710521239,-0.12317583915561076,0.0020683395416173367,-8.326672684688674e-17,2485
0.6478764451574397,0.3511605887352846,0.19388117276699704,0.13608218435139,0.09172285157426471,-0.010907957601624331,2.7755575615628914e-17,2486
0.6478764451574397,0.3511605887352846,0.19388117276699704,0.13608218435139,0.09172285157426471,-0.010907957601624331,2.7755575615628914e-17,2487
0.29738724207237716,0.38350874913296157,0.18348570942463194,0.0491702579389029,0.004658293731115256,-0.005650710247624531,-2.7755575615628914e-17,2488
0.29738724207237716,0.38350874913296157,0.18348570942463194,0.0491702579389029,0.004658293731115256,-0.005650710247624531,-2.7755575615628914e-17,2489
-0.018055653149584662,0.41262233460472614,0.1741297149317186,-0.029051123648761338,-0.07370045728181573,-0.0009191484430196226,-5.551115123125783e-17,2490
-0.4600054050123882,0.4534117835667298,0.16102154382625344,-0.1386428142738068,-0.18348460867972935,0.005709983476395597,-1.1102230246251565e-16,2491
0.18258402656455514,-0.027596417040019017,-0.09041760483747557,-0.15726975646942076,0.5525085541767598,-0.011338510517840917,8.326672684688674e-17,2492
-0.13285886865740665,0.0015171684317455622,-0.0997735993303889,-0.23549113805708502,0.47414980316382876,-0.006606948713236009,5.551115123125783e-17,2493
0.4268795485246598,0.37155734560180353,0.18732643408317814,0.08128087849525883,0.03682530574209975,-0.007593061337094104,0.0,2494
0.1913967387887553,-0.3684624397708012,0.2985163656262114,0.1317172714941346,0.05408510272345003,-0.03422121098051476,0.0,2495
0.010422131389906455,-0.012442135007049923,-0.33167908669294727,0.3898645737418968,0.06583354459465826,-0.004023689577495645,8.049116928532385e-16,2496
0.6378400452656308,-0.40966661827121076,0.3117578149663735,0.24242324319976996,0.16498549206014906,-0.04091774505639284,5.551115123125783e-17,2497
-0.37832641119993377,-0.06991848941953938,-0.28546278814328513,-0.44289288867400667,-0.34927670622413964,0.01282203458092121,-4.440892098500626e-16,2498
0.9902103482826811,0.3195651161490135,0.20403475099269644,0.22097181500200816,0.1767615621763858,-0.016042877566485016,5.551115123125783e-17,2499
0.04481950223155255,-0.3549341943439374,0.29416890420359587,0.0953700462864196,0.017674045896611458,-0.032022590360352786,0.0,2500
0.04481950223155255,-0.3549341943439374,0.29416890420359587,0.0953700462864196,0.017674045896611458,-0.032022590360352786,0.0,2501
-0.13285886865740665,0.0015171684317455622,-0.0997735993303889,-0.23549113805708502,0.47414980316382876,-0.006606948713236009,5.551115123125783e-17,2502
0.15081000551517443,0.39703699455982533,0.17913824800201636,0.01282303273118792,-0.031752763095723315,-0.003452089627462555,-2.7755575615628914e-17,2503
-0.33202817009135394,0.019899362383423318,-0.10568093443160334,-0.28487978546044757,0.42467442129003374,-0.003619460728599049,2.7755575615628914e-17,2504
-0.33202817009135394,0.019899362383423318,-0.10568093443160334,-0.28487978546044757,0.42467442129003374,-0.003619460728599049,2.7755575615628914e-17,2505
-0.13554596077107756,-0.09232574442986527,-0.27826195213903443,-0.38268984545232376,-0.2889679367000211,0.009180390646142952,-4.163336342344337e-16,2506
0.18258402656455514,-0.027596417040019017,-0.09041760483747557,-0.15726975646942076,0.5525085541767598,-0.011338510517840917,8.326672684688674e-17,2507
-0.13554596077107756,-0.09232574442986527,-0.27826195213903443,-0.38268984545232376,-0.2889679367000211,0.009180390646142952,-4.163336342344337e-16,2508
1.3954628339665391,-0.1395382339617244,-0.05444378005172656,0.14349167277952188,0.8537981692470182,-0.029531378785423414,2.220446049250313e-16,2509
1.0769891407875407,-0.11014492307307337,-0.06388966761062641,0.06451873454847326,0.7746865417354144,-0.024754355795709556,1.942890293094024e-16,2510
1.5102660494743612,0.27156693221125616,0.21945953421038097,0.34993168718784556,0.3059479088013737,-0.023843578515207027,1.1102230246251565e-16,2511
0.29738724207237716,0.38350874913296157,0.18348570942463194,0.0491702579389029,0.004658293731115256,-0.005650710247624531,-2.7755575615628914e-17,2512
-0.37832641119993377,-0.06991848941953938,-0.28546278814328513,-0.44289288867400667,-0.34927670622413964,0.01282203458092121,-4.440892098500626e-16,2513
-0.33202817009135394,0.019899362383423318,-0.10568093443160334,-0.28487978546044757,0.42467442129003374,-0.003619460728599049,2.7755575615628914e-17,2514
-0.018055653149584662,0.41262233460472614,0.1741297149317186,-0.029051123648761338,-0.07370045728181573,-0.0009191484430196226,-5.551115123125783e-17,2515
-0.21722495458353192,0.4310045285564039,0.16822237983050417,-0.0784397710521239,-0.12317583915561076,0.0020683395416173367,-8.326672684688674e-17,2516
-0.12404615643320652,-0.3393488542990366,0.2891603711332981,0.053495889906470355,-0.024273648289480962,-0.029489649175909852,-2.7755575615628914e-17,2517
0.04481950223155255,-0.3549341943439374,0.29416890420359587,0.0953700462864196,0.017674045896611458,-0.032022590360352786,0.0,2518
-0.21722495458353192,0.4310045285564039,0.16822237983050417,-0.0784397710521239,-0.12317583915561076,0.0020683395416173367,-8.326672684688674e-17,2519
-0.13554596077107756,-0.09232574442986527,-0.27826195213903443,-0.38268984545232376,-0.2889679367000211,0.009180390646142952,-4.163336342344337e-16,2520
1.0769891407875407,-0.11014492307307337,-0.06388966761062641,0.06451873454847326,0.7746865417354144,-0.024754355795709556,1.942890293094024e-16,2521
-0.13554596077107756,-0.09232574442986527,-0.27826195213903443,-0.38268984545232376,-0.2889679367000211,0.009180390646142952,-4.163336342344337e-16,2522
-0.33202817009135394,0.019899362383423318,-0.10568093443160334,-0.28487978546044757,0.42467442129003374,-0.003619460728599049,2.7755575615628914e-17,2523
-0.018055653149584662,0.41262233460472614,0.1741297149317186,-0.029051123648761338,-0.07370045728181573,-0.0009191484430196226,-5.551115123125783e-17,2524
0.03600679000735241,-0.014068171613155229,-0.09476506626009115,-0.19361698167713576,0.5160974973499212,-0.009139889897678942,8.326672684688674e-17,2525
-0.13554596077107756,-0.09232574442986527,-0.27826195213903443,-0.38268984545232376,-0.2889679367000211,0.009180390646142952,-4.163336342344337e-16,2526
0.3208890452410379,-0.3804138433019592,0.30235709028475766,0.1638278920504905,0.08625211473443453,-0.036163562069984334,2.7755575615628914e-17,2527
0.9902103482826811,0.3195651161490135,0.20403475099269644,0.22097181500200816,0.1767615621763858,-0.016042877566485016,5.551115123125783e-17,2528
-0.3232154578671538,-0.3209666603473588,0.2832530360320837,0.0041072425031078025,-0.073749030163276,-0.026502161191272893,-5.551115123125783e-17,2529
-0.4600054050123882,0.4534117835667298,0.16102154382625344,-0.1386428142738068,-0.18348460867972935,0.005709983476395597,-1.1102230246251565e-16,2530
0.06362334066286972,-0.11070793838154303,-0.27235461703782,-0.3333011980489612,-0.23949255482622603,0.006192902661505991,-3.885780586188048e-16,2531
0.8255095423617069,-0.18102570235371715,-0.24975717320474458,-0.1443738447556616,-0.05023341447659601,-0.005235193218977,-3.0531133177191805e-16,2532
0.5085585423371142,-0.15177292738446563,-0.25915789788636046,-0.22296919590494105,-0.12896679180231052,-0.00048101023256849097,-3.3306690738754696e-16,2533
-0.018055653149584662,0.41262233460472614,0.1741297149317186,-0.029051123648761338,-0.07370045728181573,-0.0009191484430196226,-5.551115123125783e-17,2534
0.19264163842447712,-0.3780491314827568,0.31003981788225,0.13681738408257088,0.05811391027556227,0.28158175476919595,-2.7755575615628914e-17,2535
-0.56599590829601,-0.29855940533703296,0.27605220002783293,-0.056095800718575124,-0.13405779968739456,-0.02286051725649463,-8.326672684688674e-17,2536
0.06362334066286972,-0.11070793838154303,-0.27235461703782,-0.3333011980489612,-0.23949255482622603,0.006192902661505991,-3.885780586188048e-16,2537
0.3208890452410379,-0.3804138433019592,0.30235709028475766,0.1638278920504905,0.08625211473443453,-0.036163562069984334,2.7755575615628914e-17,2538
-0.12404615643320652,-0.3393488542990366,0.2891603711332981,0.053495889906470355,-0.024273648289480962,-0.029489649175909852,-2.7755575615628914e-17,2539
-0.9113973100016108,0.07263655753285336,-0.35902012923267795,0.16127806451246596,-0.16315439959742906,0.009803363514193926,6.938893903907228e-16,2540
-0.33202817009135394,0.019899362383423318,-0.10568093443160334,-0.28487978546044757,0.42467442129003374,-0.003619460728599049,2.7755575615628914e-17,2541
0.6290273330414305,-0.06880059554042857,-0.07717615549731349,-0.04656378476378541,0.6634089435134588,-0.018035044593718998,1.3877787807814457e-16,2542
-0.018055653149584662,0.41262233460472614,0.1741297149317186,-0.029051123648761338,-0.07370045728181573,-0.0009191484430196226,-5.551115123125783e-17,2543
0.4268795485246598,0.37155734560180353,0.18732643408317814,0.08128087849525883,0.03682530574209975,-0.007593061337094104,0.0,2544
0.29738724207237716,0.38350874913296157,0.18348570942463194,0.0491702579389029,0.004658293731115256,-0.005650710247624531,-2.7755575615628914e-17,2545
0.6034426744239846,-0.06717455893432327,-0.31409017593016963,0.5369177706552472,0.21314499075819587,-0.012918844273535703,8.604228440844963e-16,2546
0.04481950223155255,-0.3549341943439374,0.29416890420359587,0.0953700462864196,0.017674045896611458,-0.032022590360352786,0.0,2547
0.29738724207237716,0.38350874913296157,0.18348570942463194,0.0491702579389029,0.004658293731115256,-0.005650710247624531,-2.7755575615628914e-17,2548
-0.12404615643320652,-0.3393488542990366,0.2891603711332981,0.053495889906470355,-0.024273648289480962,-0.029489649175909852,-2.7755575615628914e-17,2549
0.1913967387887553,-0.3684624397708012,0.2985163656262114,0.1317172714941346,0.05408510272345003,-0.03422121098051476,0.0,2550
-0.3232154578671538,-0.3209666603473588,0.2832530360320837,0.0041072425031078025,-0.073749030163276,-0.026502161191272893,-5.551115123125783e-17,2551
-0.21722495458353192,0.4310045285564039,0.16822237983050417,-0.0784397710521239,-0.12317583915561076,0.0020683395416173367,-8.326672684688674e-17,2552
-0.12404615643320652,-0.3393488542990366,0.2891603711332981,0.053495889906470355,-0.024273648289480962,-0.029489649175909852,-2.7755575615628914e-17,2553
0.15081000551517443,0.39703699455982533,0.17913824800201636,0.01282303273118792,-0.031752763095723315,-0.003452089627462555,-2.7755575615628914e-17,2554
-0.3232154578671538,-0.3209666603473588,0.2832530360320837,0.0041072425031078025,-0.073749030163276,-0.026502161191272893,-5.551115123125783e-17,2555
-0.8769999391599648,-0.2698555018040341,0.2668278616638652,-0.13321646294301123,-0.21131389829547584,-0.018195537268663214,-1.1102230246251565e-16,2556
-0.13554596077107756,-0.09232574442986527,-0.27826195213903443,-0.38268984545232376,-0.2889679367000211,0.009180390646142952,-4.163336342344337e-16,2557
0.03600679000735241,-0.014068171613155229,-0.09476506626009115,-0.19361698167713576,0.5160974973499212,-0.009139889897678942,8.326672684688674e-17,2558
-0.018055653149584662,0.41262233460472614,0.1741297149317186,-0.029051123648761338,-0.07370045728181573,-0.0009191484430196226,-5.551115123125783e-17,2559
-0.12404615643320652,-0.3393488542990366,0.2891603711332981,0.053495889906470355,-0.024273648289480962,-0.029489649175909852,-2.7755575615628914e-17,2560
-0.13554596077107756,-0.09232574442986527,-0.27826195213903443,-0.38268984545232376,-0.2889679367000211,0.009180390646142952,-4.163336342344337e-16,2561
-0.21722495458353192,0.4310045285564039,0.16822237983050417,-0.0784397710521239,-0.12317583915561076,0.0020683395416173367,-8.326672684688674e-17,2562
0.29738724207237716,0.38350874913296157,0.18348570942463194,0.0491702579389029,0.004658293731115256,-0.005650710247624531,-2.7755575615628914e-17,2563
-0.33202817009135394,0.019899362383423318,-0.10568093443160334,-0.28487978546044757,0.42467442129003374,-0.003619460728599049,2.7755575615628914e-17,2564
-0.5748086205202102,0.042306617393749205,-0.11288177043585407,-0.34508282868213047,0.3643656517659152,2.218320617921113e-05,0.0,2565
0.04481950223155255,-0.3549341943439374,0.29416890420359587,0.0953700462864196,0.017674045896611458,-0.032022590360352786,0.0,2566
-0.3232154578671538,-0.3209666603473588,0.2832530360320837,0.0041072425031078025,-0.073749030163276,-0.026502161191272893,-5.551115123125783e-17,2567
1.0718893420951354,-0.20376515683725566,-0.2424495809768422,-0.08327825939819172,0.010969464631975494,-0.0089308264619594,-2.7755575615628914e-16,2568
1.0718893420951354,-0.20376515683725566,-0.2424495809768422,-0.08327825939819172,0.010969464631975494,-0.0089308264619594,-2.7755575615628914e-16,2569
-0.21722495458353192,0.4310045285564039,0.16822237983050417,-0.0784397710521239,-0.12317583915561076,0.0020683395416173367,-8.326672684688674e-17,2570
-0.13554596077107756,-0.09232574442986527,-0.27826195213903443,-0.38268984545232376,-0.2889679367000211,0.009180390646142952,-4.163336342344337e-16,2571
0.06362334066286972,-0.11070793838154303,-0.27235461703782,-0.3333011980489612,-0.23949255482622603,0.006192902661505991,-3.885780586188048e-16,2572
0.15081000551517443,0.39703699455982533,0.17913824800201636,0.01282303273118792,-0.031752763095723315,-0.003452089627462555,-2.7755575615628914e-17,2573
0.29738724207237716,0.38350874913296157,0.18348570942463194,0.0491702579389029,0.004658293731115256,-0.005650710247624531,-2.7755575615628914e-17,2574
0.15081000551517443,0.39703699455982533,0.17913824800201636,0.01282303273118792,-0.031752763095723315,-0.003452089627462555,-2.7755575615628914e-17,2575
-0.13554596077107756,-0.09232574442986527,-0.27826195213903443,-0.38268984545232376,-0.2889679367000211,0.009180390646142952,-4.163336342344337e-16,2576
0.4268795485246598,0.37155734560180353,0.18732643408317814,0.08128087849525883,0.03682530574209975,-0.007593061337094104,0.0,2577
-0.5748086205202102,0.042306617393749205,-0.11288177043585407,-0.34508282868213047,0.3643656517659152,2.218320617921113e-05,0.0,2578
-0.21722495458353192,0.4310045285564039,0.16822237983050417,-0.0784397710521239,-0.12317583915561076,0.0020683395416173367,-8.326672684688674e-17,2579
0.06362334066286972,-0.11070793838154303,-0.27235461703782,-0.3333011980489612,-0.23949255482622603,0.006192902661505991,-3.885780586188048e-16,2580
0.15081000551517443,0.39703699455982533,0.17913824800201636,0.01282303273118792,-0.031752763095723315,-0.003452089627462555,-2.7755575615628914e-17,2581
-0.13285886865740665,0.0015171684317455622,-0.0997735993303889,-0.23549113805708502,0.47414980316382876,-0.006606948713236009,5.551115123125783e-17,2582
-0.4600054050123882,0.4534117835667298,0.16102154382625344,-0.1386428142738068,-0.18348460867972935,0.005709983476395597,-1.1102230246251565e-16,2583
-0.5748086205202102,0.042306617393749205,-0.11288177043585407,-0.34508282868213047,0.3643656517659152,2.218320617921113e-05,0.0,2584
0.06362334066286972,-0.11070793838154303,-0.27235461703782,-0.3333011980489612,-0.23949255482622603,0.006192902661505991,-3.885780586188048e-16,2585
0.5085585423371142,-0.15177292738446563,-0.25915789788636046,-0.22296919590494105,-0.12896679180231052,-0.00048101023256849097,-3.3306690738754696e-16,2586
0.06362334066286972,-0.11070793838154303,-0.27235461703782,-0.3333011980489612,-0.23949255482622603,0.006192902661505991,-3.885780586188048e-16,2587
0.9902103482826811,0.3195651161490135,0.20403475099269644,0.22097181500200816,0.1767615621763858,-0.016042877566485016,5.551115123125783e-17,2588
-0.8769999391599648,-0.2698555018040341,0.2668278616638652,-0.13321646294301123,-0.21131389829547584,-0.018195537268663214,-1.1102230246251565e-16,2589
-0.12404615643320652,-0.3393488542990366,0.2891603711332981,0.053495889906470355,-0.024273648289480962,-0.029489649175909852,-2.7755575615628914e-17,2590
-0.3232154578671538,-0.3209666603473588,0.2832530360320837,0.0041072425031078025,-0.073749030163276,-0.026502161191272893,-5.551115123125783e-17,2591
-0.21722495458353192,0.4310045285564039,0.16822237983050417,-0.0784397710521239,-0.12317583915561076,0.0020683395416173367,-8.326672684688674e-17,2592
0.3790662358848315,-0.1398215238533076,-0.26299862254490664,-0.25507981646129696,-0.16113380381329503,0.0014613408569010816,-3.608224830031759e-16,2593
-0.018055653149584662,0.41262233460472614,0.1741297149317186,-0.029051123648761338,-0.07370045728181573,-0.0009191484430196226,-5.551115123125783e-17,2594
-0.018055653149584662,0.41262233460472614,0.1741297149317186,-0.029051123648761338,-0.07370045728181573,-0.0009191484430196226,-5.551115123125783e-17,2595
-0.3232154578671538,-0.3209666603473588,0.2832530360320837,0.0041072425031078025,-0.073749030163276,-0.026502161191272893,-5.551115123125783e-17,2596
0.010422131389906455,-0.012442135007049923,-0.33167908669294727,0.3898645737418968,0.06583354459465826,-0.004023689577495645,8.049116928532385e-16,2597
-0.13285886865740665,0.0015171684317455622,-0.0997735993303889,-0.23549113805708502,0.47414980316382876,-0.006606948713236009,5.551115123125783e-17,2598
0.2324889993276288,-0.12629327842644383,-0.26734608396752224,-0.29142704166901195,-0.1975448606401336,0.003659961477063059,-3.608224830031759e-16,2599
0.06362334066286972,-0.11070793838154303,-0.27235461703782,-0.3333011980489612,-0.23949255482622603,0.006192902661505991,-3.885780586188048e-16,2600
0.04481950223155255,-0.3549341943439374,0.29416890420359587,0.0953700462864196,0.017674045896611458,-0.032022590360352786,0.0,2601
0.04481950223155255,-0.3549341943439374,0.29416890420359587,0.0953700462864196,0.017674045896611458,-0.032022590360352786,0.0,2602
-0.33202817009135394,0.019899362383423318,-0.10568093443160334,-0.28487978546044757,0.42467442129003374,-0.003619460728599049,2.7755575615628914e-17,2603
-0.1584435272748526,0.003143205037850866,-0.336687619763245,0.3479904173619476,0.023885850408565834,-0.001490748393052712,7.771561172376096e-16,2604
-0.3232154578671538,-0.3209666603473588,0.2832530360320837,0.0041072425031078025,-0.073749030163276,-0.026502161191272893,-5.551115123125783e-17,2605
0.1913967387887553,-0.3684624397708012,0.2985163656262114,0.1317172714941346,0.05408510272345003,-0.03422121098051476,0.0,2606
0.06362334066286972,-0.11070793838154303,-0.27235461703782,-0.3333011980489612,-0.23949255482622603,0.006192902661505991,-3.885780586188048e-16,2607
-0.3232154578671538,-0.3209666603473588,0.2832530360320837,0.0041072425031078025,-0.073749030163276,-0.026502161191272893,-5.551115123125783e-17,2608
-0.33202817009135394,0.019899362383423318,-0.10568093443160334,-0.28487978546044757,0.42467442129003374,-0.003619460728599049,2.7755575615628914e-17,2609
0.04481950223155255,-0.3549341943439374,0.29416890420359587,0.0953700462864196,0.017674045896611458,-0.032022590360352786,0.0,2610
0.18258402656455514,-0.027596417040019017,-0.09041760483747557,-0.15726975646942076,0.5525085541767598,-0.011338510517840917,8.326672684688674e-17,2611
-0.12404615643320652,-0.3393488542990366,0.2891603711332981,0.053495889906470355,-0.024273648289480962,-0.029489649175909852,-2.7755575615628914e-17,2612
0.15081000551517443,0.39703699455982533,0.17913824800201636,0.01282303273118792,-0.031752763095723315,-0.003452089627462555,-2.7755575615628914e-17,2613
0.5085585423371142,-0.15177292738446563,-0.25915789788636046,-0.22296919590494105,-0.12896679180231052,-0.00048101023256849097,-3.3306690738754696e-16,2614
0.15081000551517443,0.39703699455982533,0.17913824800201636,0.01282303273118792,-0.031752763095723315,-0.003452089627462555,-2.7755575615628914e-17,2615
1.1917923562953627,0.3009602430999072,0.21001364665148112,0.27095874895679695,0.22683628128976988,-0.01906655552549317,8.326672684688674e-17,2616
-0.018055653149584662,0.41262233460472614,0.1741297149317186,-0.029051123648761338,-0.07370045728181573,-0.0009191484430196226,-5.551115123125783e-17,2617
0.04481950223155255,-0.3549341943439374,0.29416890420359587,0.0953700462864196,0.017674045896611458,-0.032022590360352786,0.0,2618
-0.56599590829601,-0.29855940533703296,0.27605220002783293,-0.056095800718575124,-0.13405779968739456,-0.02286051725649463,-8.326672684688674e-17,2619
-0.771009435876343,0.48211568709972863,0.15179720546228567,-0.21576347649824293,-0.2607407072878107,0.010374963464227015,-1.3877787807814457e-16,2620
-0.4600054050123882,0.4534117835667298,0.16102154382625344,-0.1386428142738068,-0.18348460867972935,0.005709983476395597,-1.1102230246251565e-16,2621
0.06362334066286972,-0.11070793838154303,-0.27235461703782,-0.3333011980489612,-0.23949255482622603,0.006192902661505991,-3.885780586188048e-16,2622
-0.56599590829601,-0.29855940533703296,0.27605220002783293,-0.056095800718575124,-0.13405779968739456,-0.02286051725649463,-8.326672684688674e-17,2623
0.06362334066286972,-0.11070793838154303,-0.27235461703782,-0.3333011980489612,-0.23949255482622603,0.006192902661505991,-3.885780586188048e-16,2624
0.5085585423371142,-0.15177292738446563,-0.25915789788636046,-0.22296919590494105,-0.12896679180231052,-0.00048101023256849097,-3.3306690738754696e-16,2625
-0.018055653149584662,0.41262233460472614,0.1741297149317186,-0.029051123648761338,-0.07370045728181573,-0.0009191484430196226,-5.551115123125783e-17,2626
1.5919450432868156,-0.251763340775013,-0.22702479775915765,0.0456816127876457,0.1401558112569634,-0.016731527410681415,-2.220446049250313e-16,2627
-0.56599590829601,-0.29855940533703296,0.27605220002783293,-0.056095800718575124,-0.13405779968739456,-0.02286051725649463,-8.326672684688674e-17,2628
-0.018055653149584662,0.41262233460472614,0.1741297149317186,-0.029051123648761338,-0.07370045728181573,-0.0009191484430196226,-5.551115123125783e-17,2629
-0.3232154578671538,-0.3209666603473588,0.2832530360320837,0.0041072425031078025,-0.073749030163276,-0.026502161191272893,-5.551115123125783e-17,2630
-0.4600054050123882,0.4534117835667298,0.16102154382625344,-0.1386428142738068,-0.18348460867972935,0.005709983476395597,-1.1102230246251565e-16,2631
-0.8858126513841649,0.07101052092674806,-0.12210610879982184,-0.4222034909065666,0.2871095531578339,0.004687163194010628,-2.7755575615628914e-17,2632
-0.4600054050123882,0.4534117835667298,0.16102154382625344,-0.1386428142738068,-0.18348460867972935,0.005709983476395597,-1.1102230246251565e-16,2633
0.06362334066286972,-0.11070793838154303,-0.27235461703782,-0.3333011980489612,-0.23949255482622603,0.006192902661505991,-3.885780586188048e-16,2634
0.06362334066286972,-0.11070793838154303,-0.27235461703782,-0.3333011980489612,-0.23949255482622603,0.006192902661505991,-3.885780586188048e-16,2635
-0.56599590829601,-0.29855940533703296,0.27605220002783293,-0.056095800718575124,-0.13405779968739456,-0.02286051725649463,-8.326672684688674e-17,2636
1.1917923562953627,0.3009602430999072,0.21001364665148112,0.27095874895679695,0.22683628128976988,-0.01906655552549317,8.326672684688674e-17,2637
-0.56599590829601,-0.29855940533703296,0.27605220002783293,-0.056095800718575124,-0.13405779968739456,-0.02286051725649463,-8.326672684688674e-17,2638
0.4268795485246598,0.37155734560180353,0.18732643408317814,0.08128087849525883,0.03682530574209975,-0.007593061337094104,0.0,2639
-0.56599590829601,-0.29855940533703296,0.27605220002783293,-0.056095800718575124,-0.13405779968739456,-0.02286051725649463,-8.326672684688674e-17,2640
-0.13285886865740665,0.0015171684317455622,-0.0997735993303889,-0.23549113805708502,0.47414980316382876,-0.006606948713236009,5.551115123125783e-17,2641
-0.56599590829601,-0.29855940533703296,0.27605220002783293,-0.056095800718575124,-0.13405779968739456,-0.02286051725649463,-8.326672684688674e-17,2642
1.36238786202677,0.2852152480074819,0.21507348675666313,0.31326186103534703,0.2692136844902009,-0.02162544396832213,8.326672684688674e-17,2643
-0.56599590829601,-0.29855940533703296,0.27605220002783293,-0.056095800718575124,-0.13405779968739456,-0.02286051725649463,-8.326672684688674e-17,2644
0.7438305485492526,0.342304570632552,0.19672715876479402,0.15987622964453826,0.11555868306781428,-0.012347244323502614,2.7755575615628914e-17,2645
-0.018055653149584662,0.41262233460472614,0.1741297149317186,-0.029051123648761338,-0.07370045728181573,-0.0009191484430196226,-5.551115123125783e-17,2646
1.0718893420951354,-0.20376515683725566,-0.2424495809768422,-0.08327825939819172,0.010969464631975494,-0.0089308264619594,-2.7755575615628914e-16,2647
-0.3232154578671538,-0.3209666603473588,0.2832530360320837,0.0041072425031078025,-0.073749030163276,-0.026502161191272893,-5.551115123125783e-17,2648
-0.8769999391599648,-0.2698555018040341,0.2668278616638652,-0.13321646294301123,-0.21131389829547584,-0.018195537268663214,-1.1102230246251565e-16,2649
1.5102660494743612,0.27156693221125616,0.21945953421038097,0.34993168718784556,0.3059479088013737,-0.023843578515207027,1.1102230246251565e-16,2650
0.4268795485246598,0.37155734560180353,0.18732643408317814,0.08128087849525883,0.03682530574209975,-0.007593061337094104,0.0,2651
1.36238786202677,0.2852152480074819,0.21507348675666313,0.31326186103534703,0.2692136844902009,-0.02162544396832213,8.326672684688674e-17,2652
1.5102660494743612,0.27156693221125616,0.21945953421038097,0.34993168718784556,0.3059479088013737,-0.023843578515207027,1.1102230246251565e-16,2653
-0.3232154578671538,-0.3209666603473588,0.2832530360320837,0.0041072425031078025,-0.073749030163276,-0.026502161191272893,-5.551115123125783e-17,2654
0.4268795485246598,0.37155734560180353,0.18732643408317814,0.08128087849525883,0.03682530574209975,-0.007593061337094104,0.0,2655
-0.56599590829601,-0.29855940533703296,0.27605220002783293,-0.056095800718575124,-0.13405779968739456,-0.02286051725649463,-8.326672684688674e-17,2656
-0.37832641119993377,-0.06991848941953938,-0.28546278814328513,-0.44289288867400667,-0.34927670622413964,0.01282203458092121,-4.440892098500626e-16,2657
-0.33202817009135394,0.019899362383423318,-0.10568093443160334,-0.28487978546044757,0.42467442129003374,-0.003619460728599049,2.7755575615628914e-17,2658
0.04481950223155255,-0.3549341943439374,0.29416890420359587,0.0953700462864196,0.017674045896611458,-0.032022590360352786,0.0,2659
-0.12404615643320652,-0.3393488542990366,0.2891603711332981,0.053495889906470355,-0.024273648289480962,-0.029489649175909852,-2.7755575615628914e-17,2660
-0.8769999391599648,-0.2698555018040341,0.2668278616638652,-0.13321646294301123,-0.21131389829547584,-0.018195537268663214,-1.1102230246251565e-16,2661
-0.13285886865740665,0.0015171684317455622,-0.0997735993303889,-0.23549113805708502,0.47414980316382876,-0.006606948713236009,5.551115123125783e-17,2662
-0.56599590829601,-0.29855940533703296,0.27605220002783293,-0.056095800718575124,-0.13405779968739456,-0.02286051725649463,-8.326672684688674e-17,2663
1.84495364875557,-0.1810236801497749,-0.041111942018658365,0.25495334484863813,0.9654555860795307,-0.03627362469741327,2.7755575615628914e-16,2664
1.5102660494743612,0.27156693221125616,0.21945953421038097,0.34993168718784556,0.3059479088013737,-0.023843578515207027,1.1102230246251565e-16,2665
1.085801853011741,-0.45101094580385553,0.32504430285306063,0.35350576251202864,0.27626309028210466,-0.0476370562583834,1.1102230246251565e-16,2666
0.4268795485246598,0.37155734560180353,0.18732643408317814,0.08128087849525883,0.03682530574209975,-0.007593061337094104,0.0,2667
-0.13554596077107756,-0.09232574442986527,-0.27826195213903443,-0.38268984545232376,-0.2889679367000211,0.009180390646142952,-4.163336342344337e-16,2668
-0.3232154578671538,-0.3209666603473588,0.2832530360320837,0.0041072425031078025,-0.073749030163276,-0.026502161191272893,-5.551115123125783e-17,2669
-0.37832641119993377,-0.06991848941953938,-0.28546278814328513,-0.44289288867400667,-0.34927670622413964,0.01282203458092121,-4.440892098500626e-16,2670
0.06362334066286972,-0.11070793838154303,-0.27235461703782,-0.3333011980489612,-0.23949255482622603,0.006192902661505991,-3.885780586188048e-16,2671
1.6427592776556195,-0.16236228946989928,-0.04710900028550598,0.20481456126450276,0.915228750664237,-0.03324076145055062,2.498001805406602e-16,2672
0.06362334066286972,-0.11070793838154303,-0.27235461703782,-0.3333011980489612,-0.23949255482622603,0.006192902661505991,-3.885780586188048e-16,2673
-0.4600054050123882,0.4534117835667298,0.16102154382625344,-0.1386428142738068,-0.18348460867972935,0.005709983476395597,-1.1102230246251565e-16,2674
0.9902103482826811,0.3195651161490135,0.20403475099269644,0.22097181500200816,0.1767615621763858,-0.016042877566485016,5.551115123125783e-17,2675
-0.12404615643320652,-0.3393488542990366,0.2891603711332981,0.053495889906470355,-0.024273648289480962,-0.029489649175909852,-2.7755575615628914e-17,2676
-0.5748086205202102,0.042306617393749205,-0.11288177043585407,-0.34508282868213047,0.3643656517659152,2.218320617921113e-05,0.0,2677
-0.1584435272748526,0.003143205037850866,-0.336687619763245,0.3479904173619476,0.023885850408565834,-0.001490748393052712,7.771561172376096e-16,2678
1.1917923562953627,0.3009602430999072,0.21001364665148112,0.27095874895679695,0.22683628128976988,-0.01906655552549317,8.326672684688674e-17,2679
-0.37832641119993377,-0.06991848941953938,-0.28546278814328513,-0.44289288867400667,-0.34927670622413964,0.01282203458092121,-4.440892098500626e-16,2680
-1.3102319510113003,-0.22987065067190363,0.25397825757250425,-0.24064638775133337,-0.3189324874654832,-0.011697169193625321,-1.6653345369377348e-16,2681
-0.13285886865740665,0.0015171684317455622,-0.0997735993303889,-0.23549113805708502,0.47414980316382876,-0.006606948713236009,5.551115123125783e-17,2682
-0.56599590829601,-0.29855940533703296,0.27605220002783293,-0.056095800718575124,-0.13405779968739456,-0.02286051725649463,-8.326672684688674e-17,2683
-0.4600054050123882,0.4534117835667298,0.16102154382625344,-0.1386428142738068,-0.18348460867972935,0.005709983476395597,-1.1102230246251565e-16,2684
-0.37832641119993377,-0.06991848941953938,-0.28546278814328513,-0.44289288867400667,-0.34927670622413964,0.01282203458092121,-4.440892098500626e-16,2685
0.4268795485246598,0.37155734560180353,0.18732643408317814,0.08128087849525883,0.03682530574209975,-0.007593061337094104,0.0,2686
-0.13554596077107756,-0.09232574442986527,-0.27826195213903443,-0.38268984545232376,-0.2889679367000211,0.009180390646142952,-4.163336342344337e-16,2687
-1.3102319510113003,-0.22987065067190363,0.25397825757250425,-0.24064638775133337,-0.3189324874654832,-0.011697169193625321,-1.6653345369377348e-16,2688
0.15081000551517443,0.39703699455982533,0.17913824800201636,0.01282303273118792,-0.031752763095723315,-0.003452089627462555,-2.7755575615628914e-17,2689
-0.5647510086602882,-0.3081460970489886,0.2875756522838715,-0.05099568813013884,-0.13002899213528232,0.2929424484932161,-1.1102230246251565e-16,2690
-0.8757550395242429,-0.27944219351598976,0.27835131391990375,-0.12811635035457494,-0.2072850907433636,0.2976074284810475,-1.3877787807814457e-16,2691
-0.3232154578671538,-0.3209666603473588,0.2832530360320837,0.0041072425031078025,-0.073749030163276,-0.026502161191272893,-5.551115123125783e-17,2692
-0.37832641119993377,-0.06991848941953938,-0.28546278814328513,-0.44289288867400667,-0.34927670622413964,0.01282203458092121,-4.440892098500626e-16,2693
-0.3232154578671538,-0.3209666603473588,0.2832530360320837,0.0041072425031078025,-0.073749030163276,-0.026502161191272893,-5.551115123125783e-17,2694
-0.21722495458353192,0.4310045285564039,0.16822237983050417,-0.0784397710521239,-0.12317583915561076,0.0020683395416173367,-8.326672684688674e-17,2695
-0.4600054050123882,0.4534117835667298,0.16102154382625344,-0.1386428142738068,-0.18348460867972935,0.005709983476395597,-1.1102230246251565e-16,2696
-0.600393279137656,0.04393265399985451,-0.3497957908687102,0.23839872673690207,-0.08589830098934778,0.005138383526362507,7.216449660063518e-16,2697
0.06362334066286972,-0.11070793838154303,-0.27235461703782,-0.3333011980489612,-0.23949255482622603,0.006192902661505991,-3.885780586188048e-16,2698
-0.12404615643320652,-0.3393488542990366,0.2891603711332981,0.053495889906470355,-0.024273648289480962,-0.029489649175909852,-2.7755575615628914e-17,2699
-0.3232154578671538,-0.3209666603473588,0.2832530360320837,0.0041072425031078025,-0.073749030163276,-0.026502161191272893,-5.551115123125783e-17,2700
-0.3232154578671538,-0.3209666603473588,0.2832530360320837,0.0041072425031078025,-0.073749030163276,-0.026502161191272893,-5.551115123125783e-17,2701
0.06362334066286972,-0.11070793838154303,-0.27235461703782,-0.3333011980489612,-0.23949255482622603,0.006192902661505991,-3.885780586188048e-16,2702
-0.3232154578671538,-0.3209666603473588,0.2832530360320837,0.0041072425031078025,-0.073749030163276,-0.026502161191272893,-5.551115123125783e-17,2703
-0.56599590829601,-0.29855940533703296,0.27605220002783293,-0.056095800718575124,-0.13405779968739456,-0.02286051725649463,-8.326672684688674e-17,2704
0.4268795485246598,0.37155734560180353,0.18732643408317814,0.08128087849525883,0.03682530574209975,-0.007593061337094104,0.0,2705
-0.21722495458353192,0.4310045285564039,0.16822237983050417,-0.0784397710521239,-0.12317583915561076,0.0020683395416173367,-8.326672684688674e-17,2706
1.1917923562953627,0.3009602430999072,0.21001364665148112,0.27095874895679695,0.22683628128976988,-0.01906655552549317,8.326672684688674e-17,2707
-0.3232154578671538,-0.3209666603473588,0.2832530360320837,0.0041072425031078025,-0.073749030163276,-0.026502161191272893,-5.551115123125783e-17,2708
0.06362334066286972,-0.11070793838154303,-0.27235461703782,-0.3333011980489612,-0.23949255482622603,0.006192902661505991,-3.885780586188048e-16,2709
-0.21722495458353192,0.4310045285564039,0.16822237983050417,-0.0784397710521239,-0.12317583915561076,0.0020683395416173367,-8.326672684688674e-17,2710
-0.13285886865740665,0.0015171684317455622,-0.0997735993303889,-0.23549113805708502,0.47414980316382876,-0.006606948713236009,5.551115123125783e-17,2711
-0.1584435272748526,0.003143205037850866,-0.336687619763245,0.3479904173619476,0.023885850408565834,-0.001490748393052712,7.771561172376096e-16,2712
-0.56599590829601,-0.29855940533703296,0.27605220002783293,-0.056095800718575124,-0.13405779968739456,-0.02286051725649463,-8.326672684688674e-17,2713
-0.13554596077107756,-0.09232574442986527,-0.27826195213903443,-0.38268984545232376,-0.2889679367000211,0.009180390646142952,-4.163336342344337e-16,2714
-0.8858126513841649,0.07101052092674806,-0.12210610879982184,-0.4222034909065666,0.2871095531578339,0.004687163194010628,-2.7755575615628914e-17,2715
-0.12404615643320652,-0.3393488542990366,0.2891603711332981,0.053495889906470355,-0.024273648289480962,-0.029489649175909852,-2.7755575615628914e-17,2716
-0.3232154578671538,-0.3209666603473588,0.2832530360320837,0.0041072425031078025,-0.073749030163276,-0.026502161191272893,-5.551115123125783e-17,2717
-0.3232154578671538,-0.3209666603473588,0.2832530360320837,0.0041072425031078025,-0.073749030163276,-0.026502161191272893,-5.551115123125783e-17,2718
-0.4600054050123882,0.4534117835667298,0.16102154382625344,-0.1386428142738068,-0.18348460867972935,0.005709983476395597,-1.1102230246251565e-16,2719
-0.37832641119993377,-0.06991848941953938,-0.28546278814328513,-0.44289288867400667,-0.34927670622413964,0.01282203458092121,-4.440892098500626e-16,2720
-0.37832641119993377,-0.06991848941953938,-0.28546278814328513,-0.44289288867400667,-0.34927670622413964,0.01282203458092121,-4.440892098500626e-16,2721
-0.56599590829601,-0.29855940533703296,0.27605220002783293,-0.056095800718575124,-0.13405779968739456,-0.02286051725649463,-8.326672684688674e-17,2722
0.8255095423617069,-0.18102570235371715,-0.24975717320474458,-0.1443738447556616,-0.05023341447659601,-0.005235193218977,-3.0531133177191805e-16,2723
0.2324889993276288,-0.12629327842644383,-0.26734608396752224,-0.29142704166901195,-0.1975448606401336,0.003659961477063059,-3.608224830031759e-16,2724
0.06362334066286972,-0.11070793838154303,-0.27235461703782,-0.3333011980489612,-0.23949255482622603,0.006192902661505991,-3.885780586188048e-16,2725
1.7575624931634415,0.24874287670308126,0.22679431397660152,0.4112545756728265,0.3673784902185925,-0.027552961180334228,1.3877787807814457e-16,2726
2.164194225901957,-0.2104877700677516,-0.03164330878285703,0.3341164497448904,1.044757714219827,-0.04106215074819974,3.0531133177191805e-16,2727
-0.3232154578671538,-0.3209666603473588,0.2832530360320837,0.0041072425031078025,-0.073749030163276,-0.026502161191272893,-5.551115123125783e-17,2728
0.9902103482826811,0.3195651161490135,0.20403475099269644,0.22097181500200816,0.1767615621763858,-0.016042877566485016,5.551115123125783e-17,2729
-0.33202817009135394,0.019899362383423318,-0.10568093443160334,-0.28487978546044757,0.42467442129003374,-0.003619460728599049,2.7755575615628914e-17,2730
-0.12404615643320652,-0.3393488542990366,0.2891603711332981,0.053495889906470355,-0.024273648289480962,-0.029489649175909852,-2.7755575615628914e-17,2731
-0.21722495458353192,0.4310045285564039,0.16822237983050417,-0.0784397710521239,-0.12317583915561076,0.0020683395416173367,-8.326672684688674e-17,2732
0.06362334066286972,-0.11070793838154303,-0.27235461703782,-0.3333011980489612,-0.23949255482622603,0.006192902661505991,-3.885780586188048e-16,2733
0.5085585423371142,-0.15177292738446563,-0.25915789788636046,-0.22296919590494105,-0.12896679180231052,-0.00048101023256849097,-3.3306690738754696e-16,2734
0.7438305485492526,0.342304570632552,0.19672715876479402,0.15987622964453826,0.11555868306781428,-0.012347244323502614,2.7755575615628914e-17,2735
1.1917923562953627,0.3009602430999072,0.21001364665148112,0.27095874895679695,0.22683628128976988,-0.01906655552549317,8.326672684688674e-17,2736
-0.3232154578671538,-0.3209666603473588,0.2832530360320837,0.0041072425031078025,-0.073749030163276,-0.026502161191272893,-5.551115123125783e-17,2737
-0.8769999391599648,-0.2698555018040341,0.2668278616638652,-0.13321646294301123,-0.21131389829547584,-0.018195537268663214,-1.1102230246251565e-16,2738
1.7575624931634415,0.24874287670308126,0.22679431397660152,0.4112545756728265,0.3673784902185925,-0.027552961180334228,1.3877787807814457e-16,2739
-0.8858126513841649,0.07101052092674806,-0.12210610879982184,-0.4222034909065666,0.2871095531578339,0.004687163194010628,-2.7755575615628914e-17,2740
0.31207633301683774,-0.039547820571177034,-0.08657688017892937,-0.12515913591306485,0.5846755661877443,-0.013280861607310492,1.1102230246251565e-16,2741
1.0718893420951354,-0.20376515683725566,-0.2424495809768422,-0.08327825939819172,0.010969464631975494,-0.0089308264619594,-2.7755575615628914e-16,2742
1.3954628339665391,-0.1395382339617244,-0.05444378005172656,0.14349167277952188,0.8537981692470182,-0.029531378785423414,2.220446049250313e-16,2743
-0.3232154578671538,-0.3209666603473588,0.2832530360320837,0.0041072425031078025,-0.073749030163276,-0.026502161191272893,-5.551115123125783e-17,2744
0.06362334066286972,-0.11070793838154303,-0.27235461703782,-0.3333011980489612,-0.23949255482622603,0.006192902661505991,-3.885780586188048e-16,2745
-0.21722495458353192,0.4310045285564039,0.16822237983050417,-0.0784397710521239,-0.12317583915561076,0.0020683395416173367,-8.326672684688674e-17,2746
-0.8858126513841649,0.07101052092674806,-0.12210610879982184,-0.4222034909065666,0.2871095531578339,0.004687163194010628,-2.7755575615628914e-17,2747
1.0769891407875407,-0.11014492307307337,-0.06388966761062641,0.06451873454847326,0.7746865417354144,-0.024754355795709556,1.942890293094024e-16,2748
-0.321970558231432,-0.33055335205931446,0.29477648828812225,0.009207355091544085,-0.06972022261116376,0.2893008045584378,-8.326672684688674e-17,2749
-0.21722495458353192,0.4310045285564039,0.16822237983050417,-0.0784397710521239,-0.12317583915561076,0.0020683395416173367,-8.326672684688674e-17,2750
0.9902103482826811,0.3195651161490135,0.20403475099269644,0.22097181500200816,0.1767615621763858,-0.016042877566485016,5.551115123125783e-17,2751
-0.018055653149584662,0.41262233460472614,0.1741297149317186,-0.029051123648761338,-0.07370045728181573,-0.0009191484430196226,-5.551115123125783e-17,2752
-0.56599590829601,-0.29855940533703296,0.27605220002783293,-0.056095800718575124,-0.13405779968739456,-0.02286051725649463,-8.326672684688674e-17,2753
0.2324889993276288,-0.12629327842644383,-0.26734608396752224,-0.29142704166901195,-0.1975448606401336,0.003659961477063059,-3.608224830031759e-16,2754
-0.018055653149584662,0.41262233460472614,0.1741297149317186,-0.029051123648761338,-0.07370045728181573,-0.0009191484430196226,-5.551115123125783e-17,2755
0.15081000551517443,0.39703699455982533,0.17913824800201636,0.01282303273118792,-0.031752763095723315,-0.003452089627462555,-2.7755575615628914e-17,2756
-0.018055653149584662,0.41262233460472614,0.1741297149317186,-0.029051123648761338,-0.07370045728181573,-0.0009191484430196226,-5.551115123125783e-17,2757
0.5085585423371142,-0.15177292738446563,-0.25915789788636046,-0.22296919590494105,-0.12896679180231052,-0.00048101023256849097,-3.3306690738754696e-16,2758
-0.56599590829601,-0.29855940533703296,0.27605220002783293,-0.056095800718575124,-0.13405779968739456,-0.02286051725649463,-8.326672684688674e-17,2759
0.9902103482826811,0.3195651161490135,0.20403475099269644,0.22097181500200816,0.1767615621763858,-0.016042877566485016,5.551115123125783e-17,2760
-0.56599590829601,-0.29855940533703296,0.27605220002783293,-0.056095800718575124,-0.13405779968739456,-0.02286051725649463,-8.326672684688674e-17,2761
-0.1584435272748526,0.003143205037850866,-0.336687619763245,0.3479904173619476,0.023885850408565834,-0.001490748393052712,7.771561172376096e-16,2762
-0.12404615643320652,-0.3393488542990366,0.2891603711332981,0.053495889906470355,-0.024273648289480962,-0.029489649175909852,-2.7755575615628914e-17,2763
-0.21722495458353192,0.4310045285564039,0.16822237983050417,-0.0784397710521239,-0.12317583915561076,0.0020683395416173367,-8.326672684688674e-17,2764
-0.3232154578671538,-0.3209666603473588,0.2832530360320837,0.0041072425031078025,-0.073749030163276,-0.026502161191272893,-5.551115123125783e-17,2765
-0.56599590829601,-0.29855940533703296,0.27605220002783293,-0.056095800718575124,-0.13405779968739456,-0.02286051725649463,-8.326672684688674e-17,2766
-0.13554596077107756,-0.09232574442986527,-0.27826195213903443,-0.38268984545232376,-0.2889679367000211,0.009180390646142952,-4.163336342344337e-16,2767
-0.771009435876343,0.48211568709972863,0.15179720546228567,-0.21576347649824293,-0.2607407072878107,0.010374963464227015,-1.3877787807814457e-16,2768
0.4268795485246598,0.37155734560180353,0.18732643408317814,0.08128087849525883,0.03682530574209975,-0.007593061337094104,0.0,2769
-0.018055653149584662,0.41262233460472614,0.1741297149317186,-0.029051123648761338,-0.07370045728181573,-0.0009191484430196226,-5.551115123125783e-17,2770
-0.3576128287087999,0.021525398989528623,-0.34259495486445946,0.298601769958585,-0.025589531465229194,0.0014967395915842473,7.494005416219807e-16,2771
0.29738724207237716,0.38350874913296157,0.18348570942463194,0.0491702579389029,0.004658293731115256,-0.005650710247624531,-2.7755575615628914e-17,2772
-0.4600054050123882,0.4534117835667298,0.16102154382625344,-0.1386428142738068,-0.18348460867972935,0.005709983476395597,-1.1102230246251565e-16,2773
-0.12404615643320652,-0.3393488542990366,0.2891603711332981,0.053495889906470355,-0.024273648289480962,-0.029489649175909852,-2.7755575615628914e-17,2774
-0.3232154578671538,-0.3209666603473588,0.2832530360320837,0.0041072425031078025,-0.073749030163276,-0.026502161191272893,-5.551115123125783e-17,2775
2.015987179037319,-0.19680910241738242,-0.036039110163328114,0.2973650752730633,1.0079417983772585,-0.03883908339515452,2.7755575615628914e-16,2776
-0.21722495458353192,0.4310045285564039,0.16822237983050417,-0.0784397710521239,-0.12317583915561076,0.0020683395416173367,-8.326672684688674e-17,2777
-0.33202817009135394,0.019899362383423318,-0.10568093443160334,-0.28487978546044757,0.42467442129003374,-0.003619460728599049,2.7755575615628914e-17,2778
-0.56599590829601,-0.29855940533703296,0.27605220002783293,-0.056095800718575124,-0.13405779968739456,-0.02286051725649463,-8.326672684688674e-17,2779
-0.56599590829601,-0.29855940533703296,0.27605220002783293,-0.056095800718575124,-0.13405779968739456,-0.02286051725649463,-8.326672684688674e-17,2780
-0.56599590829601,-0.29855940533703296,0.27605220002783293,-0.056095800718575124,-0.13405779968739456,-0.02286051725649463,-8.326672684688674e-17,2781
0.4268795485246598,0.37155734560180353,0.18732643408317814,0.08128087849525883,0.03682530574209975,-0.007593061337094104,0.0,2782
0.7438305485492526,0.342304570632552,0.19672715876479402,0.15987622964453826,0.11555868306781428,-0.012347244323502614,2.7755575615628914e-17,2783
-0.8769999391599648,-0.2698555018040341,0.2668278616638652,-0.13321646294301123,-0.21131389829547584,-0.018195537268663214,-1.1102230246251565e-16,2784
-0.21722495458353192,0.4310045285564039,0.16822237983050417,-0.0784397710521239,-0.12317583915561076,0.0020683395416173367,-8.326672684688674e-17,2785
-0.3576128287087999,0.021525398989528623,-0.34259495486445946,0.298601769958585,-0.025589531465229194,0.0014967395915842473,7.494005416219807e-16,2786
-0.12404615643320652,-0.3393488542990366,0.2891603711332981,0.053495889906470355,-0.024273648289480962,-0.029489649175909852,-2.7755575615628914e-17,2787
-0.12404615643320652,-0.3393488542990366,0.2891603711332981,0.053495889906470355,-0.024273648289480962,-0.029489649175909852,-2.7755575615628914e-17,2788
-0.018055653149584662,0.41262233460472614,0.1741297149317186,-0.029051123648761338,-0.07370045728181573,-0.0009191484430196226,-5.551115123125783e-17,2789
-0.018055653149584662,0.41262233460472614,0.1741297149317186,-0.029051123648761338,-0.07370045728181573,-0.0009191484430196226,-5.551115123125783e-17,2790
-0.4600054050123882,0.4534117835667298,0.16102154382625344,-0.1386428142738068,-0.18348460867972935,0.005709983476395597,-1.1102230246251565e-16,2791
0.1913967387887553,-0.3684624397708012,0.2985163656262114,0.1317172714941346,0.05408510272345003,-0.03422121098051476,0.0,2792
-0.6893304420638885,-0.04121458588654053,-0.29468712650725293,-0.5200135508984428,-0.42653280483222095,0.017487014568752627,-4.718447854656915e-16,2793
0.5085585423371142,-0.15177292738446563,-0.25915789788636046,-0.22296919590494105,-0.12896679180231052,-0.00048101023256849097,-3.3306690738754696e-16,2794
0.5085585423371142,-0.15177292738446563,-0.25915789788636046,-0.22296919590494105,-0.12896679180231052,-0.00048101023256849097,-3.3306690738754696e-16,2795
0.04481950223155255,-0.3549341943439374,0.29416890420359587,0.0953700462864196,0.017674045896611458,-0.032022590360352786,0.0,2796
0.29738724207237716,0.38350874913296157,0.18348570942463194,0.0491702579389029,0.004658293731115256,-0.005650710247624531,-2.7755575615628914e-17,2797
-0.018055653149584662,0.41262233460472614,0.1741297149317186,-0.029051123648761338,-0.07370045728181573,-0.0009191484430196226,-5.551115123125783e-17,2798
0.15081000551517443,0.39703699455982533,0.17913824800201636,0.01282303273118792,-0.031752763095723315,-0.003452089627462555,-2.7755575615628914e-17,2799
-0.56599590829601,-0.29855940533703296,0.27605220002783293,-0.056095800718575124,-0.13405779968739456,-0.02286051725649463,-8.326672684688674e-17,2800
-0.56599590829601,-0.29855940533703296,0.27605220002783293,-0.056095800718575124,-0.13405779968739456,-0.02286051725649463,-8.326672684688674e-17,2801
-0.56599590829601,-0.29855940533703296,0.27605220002783293,-0.056095800718575124,-0.13405779968739456,-0.02286051725649463,-8.326672684688674e-17,2802
-0.018055653149584662,0.41262233460472614,0.1741297149317186,-0.029051123648761338,-0.07370045728181573,-0.0009191484430196226,-5.551115123125783e-17,2803
0.15081000551517443,0.39703699455982533,0.17913824800201636,0.01282303273118792,-0.031752763095723315,-0.003452089627462555,-2.7755575615628914e-17,2804
-0.12404615643320652,-0.3393488542990366,0.2891603711332981,0.053495889906470355,-0.024273648289480962,-0.029489649175909852,-2.7755575615628914e-17,2805
0.4268795485246598,0.37155734560180353,0.18732643408317814,0.08128087849525883,0.03682530574209975,-0.007593061337094104,0.0,2806
0.5085585423371142,-0.15177292738446563,-0.25915789788636046,-0.22296919590494105,-0.12896679180231052,-0.00048101023256849097,-3.3306690738754696e-16,2807
0.15081000551517443,0.39703699455982533,0.17913824800201636,0.01282303273118792,-0.031752763095723315,-0.003452089627462555,-2.7755575615628914e-17,2808
0.1913967387887553,-0.3684624397708012,0.2985163656262114,0.1317172714941346,0.05408510272345003,-0.03422121098051476,0.0,2809
0.06362334066286972,-0.11070793838154303,-0.27235461703782,-0.3333011980489612,-0.23949255482622603,0.006192902661505991,-3.885780586188048e-16,2810
0.7438305485492526,0.342304570632552,0.19672715876479402,0.15987622964453826,0.11555868306781428,-0.012347244323502614,2.7755575615628914e-17,2811
0.5085585423371142,-0.15177292738446563,-0.25915789788636046,-0.22296919590494105,-0.12896679180231052,-0.00048101023256849097,-3.3306690738754696e-16,2812
-0.13285886865740665,0.0015171684317455622,-0.0997735993303889,-0.23549113805708502,0.47414980316382876,-0.006606948713236009,5.551115123125783e-17,2813
0.5085585423371142,-0.15177292738446563,-0.25915789788636046,-0.22296919590494105,-0.12896679180231052,-0.00048101023256849097,-3.3306690738754696e-16,2814
0.7438305485492526,0.342304570632552,0.19672715876479402,0.15987622964453826,0.11555868306781428,-0.012347244323502614,2.7755575615628914e-17,2815
-0.21722495458353192,0.4310045285564039,0.16822237983050417,-0.0784397710521239,-0.12317583915561076,0.0020683395416173367,-8.326672684688674e-17,2816
0.7438305485492526,0.342304570632552,0.19672715876479402,0.15987622964453826,0.11555868306781428,-0.012347244323502614,2.7755575615628914e-17,2817
-0.018055653149584662,0.41262233460472614,0.1741297149317186,-0.029051123648761338,-0.07370045728181573,-0.0009191484430196226,-5.551115123125783e-17,2818
0.9902103482826811,0.3195651161490135,0.20403475099269644,0.22097181500200816,0.1767615621763858,-0.016042877566485016,5.551115123125783e-17,2819
0.15081000551517443,0.39703699455982533,0.17913824800201636,0.01282303273118792,-0.031752763095723315,-0.003452089627462555,-2.7755575615628914e-17,2820
0.2324889993276288,-0.12629327842644383,-0.26734608396752224,-0.29142704166901195,-0.1975448606401336,0.003659961477063059,-3.608224830031759e-16,2821
0.7438305485492526,0.342304570632552,0.19672715876479402,0.15987622964453826,0.11555868306781428,-0.012347244323502614,2.7755575615628914e-17,2822
-0.33202817009135394,0.019899362383423318,-0.10568093443160334,-0.28487978546044757,0.42467442129003374,-0.003619460728599049,2.7755575615628914e-17,2823
-0.12404615643320652,-0.3393488542990366,0.2891603711332981,0.053495889906470355,-0.024273648289480962,-0.029489649175909852,-2.7755575615628914e-17,2824
1.1917923562953627,0.3009602430999072,0.21001364665148112,0.27095874895679695,0.22683628128976988,-0.01906655552549317,8.326672684688674e-17,2825
0.1913967387887553,-0.3684624397708012,0.2985163656262114,0.1317172714941346,0.05408510272345003,-0.03422121098051476,0.0,2826
0.7438305485492526,0.342304570632552,0.19672715876479402,0.15987622964453826,0.11555868306781428,-0.012347244323502614,2.7755575615628914e-17,2827
-0.56599590829601,-0.29855940533703296,0.27605220002783293,-0.056095800718575124,-0.13405779968739456,-0.02286051725649463,-8.326672684688674e-17,2828
-0.3232154578671538,-0.3209666603473588,0.2832530360320837,0.0041072425031078025,-0.073749030163276,-0.026502161191272893,-5.551115123125783e-17,2829
0.2324889993276288,-0.12629327842644383,-0.26734608396752224,-0.29142704166901195,-0.1975448606401336,0.003659961477063059,-3.608224830031759e-16,2830
-0.13285886865740665,0.0015171684317455622,-0.0997735993303889,-0.23549113805708502,0.47414980316382876,-0.006606948713236009,5.551115123125783e-17,2831
-0.12404615643320652,-0.3393488542990366,0.2891603711332981,0.053495889906470355,-0.024273648289480962,-0.029489649175909852,-2.7755575615628914e-17,2832
0.4268795485246598,0.37155734560180353,0.18732643408317814,0.08128087849525883,0.03682530574209975,-0.007593061337094104,0.0,2833
-0.5748086205202102,0.042306617393749205,-0.11288177043585407,-0.34508282868213047,0.3643656517659152,2.218320617921113e-05,0.0,2834
0.06362334066286972,-0.11070793838154303,-0.27235461703782,-0.3333011980489612,-0.23949255482622603,0.006192902661505991,-3.885780586188048e-16,2835
-0.3576128287087999,0.021525398989528623,-0.34259495486445946,0.298601769958585,-0.025589531465229194,0.0014967395915842473,7.494005416219807e-16,2836
-0.018055653149584662,0.41262233460472614,0.1741297149317186,-0.029051123648761338,-0.07370045728181573,-0.0009191484430196226,-5.551115123125783e-17,2837
0.15081000551517443,0.39703699455982533,0.17913824800201636,0.01282303273118792,-0.031752763095723315,-0.003452089627462555,-2.7755575615628914e-17,2838
-0.12404615643320652,-0.3393488542990366,0.2891603711332981,0.053495889906470355,-0.024273648289480962,-0.029489649175909852,-2.7755575615628914e-17,2839
-0.018055653149584662,0.41262233460472614,0.1741297149317186,-0.029051123648761338,-0.07370045728181573,-0.0009191484430196226,-5.551115123125783e-17,2840
0.5085585423371142,-0.15177292738446563,-0.25915789788636046,-0.22296919590494105,-0.12896679180231052,-0.00048101023256849097,-3.3306690738754696e-16,2842
-0.3232154578671538,-0.3209666603473588,0.2832530360320837,0.0041072425031078025,-0.073749030163276,-0.026502161191272893,-5.551115123125783e-17,2843
-0.21722495458353192,0.4310045285564039,0.16822237983050417,-0.0784397710521239,-0.12317583915561076,0.0020683395416173367,-8.326672684688674e-17,2844
0.1913967387887553,-0.3684624397708012,0.2985163656262114,0.1317172714941346,0.05408510272345003,-0.03422121098051476,0.0,2845
0.2324889993276288,-0.12629327842644383,-0.26734608396752224,-0.29142704166901195,-0.1975448606401336,0.003659961477063059,-3.608224830031759e-16,2846
0.7438305485492526,0.342304570632552,0.19672715876479402,0.15987622964453826,0.11555868306781428,-0.012347244323502614,2.7755575615628914e-17,2847
0.3790662358848315,-0.1398215238533076,-0.26299862254490664,-0.25507981646129696,-0.16113380381329503,0.0014613408569010816,-3.608224830031759e-16,2848
0.2324889993276288,-0.12629327842644383,-0.26734608396752224,-0.29142704166901195,-0.1975448606401336,0.003659961477063059,-3.608224830031759e-16,2849
0.4268795485246598,0.37155734560180353,0.18732643408317814,0.08128087849525883,0.03682530574209975,-0.007593061337094104,0.0,2850
0.9902103482826811,0.3195651161490135,0.20403475099269644,0.22097181500200816,0.1767615621763858,-0.016042877566485016,5.551115123125783e-17,2851
-0.12404615643320652,-0.3393488542990366,0.2891603711332981,0.053495889906470355,-0.024273648289480962,-0.029489649175909852,-2.7755575615628914e-17,2852
0.15081000551517443,0.39703699455982533,0.17913824800201636,0.01282303273118792,-0.031752763095723315,-0.003452089627462555,-2.7755575615628914e-17,2853
0.7438305485492526,0.342304570632552,0.19672715876479402,0.15987622964453826,0.11555868306781428,-0.012347244323502614,2.7755575615628914e-17,2854
0.3208890452410379,-0.3804138433019592,0.30235709028475766,0.1638278920504905,0.08625211473443453,-0.036163562069984334,2.7755575615628914e-17,2855
-0.8769999391599648,-0.2698555018040341,0.2668278616638652,-0.13321646294301123,-0.21131389829547584,-0.018195537268663214,-1.1102230246251565e-16,2856
0.046064401867274354,-0.36452088605589306,0.30569235645963444,0.10047015887485589,0.021702853448723695,0.2837803753893579,-2.7755575615628914e-17,2857
-0.4600054050123882,0.4534117835667298,0.16102154382625344,-0.1386428142738068,-0.18348460867972935,0.005709983476395597,-1.1102230246251565e-16,2858
1.1917923562953627,0.3009602430999072,0.21001364665148112,0.27095874895679695,0.22683628128976988,-0.01906655552549317,8.326672684688674e-17,2859
0.29738724207237716,0.38350874913296157,0.18348570942463194,0.0491702579389029,0.004658293731115256,-0.005650710247624531,-2.7755575615628914e-17,2860
0.5085585423371142,-0.15177292738446563,-0.25915789788636046,-0.22296919590494105,-0.12896679180231052,-0.00048101023256849097,-3.3306690738754696e-16,2861
-0.21722495458353192,0.4310045285564039,0.16822237983050417,-0.0784397710521239,-0.12317583915561076,0.0020683395416173367,-8.326672684688674e-17,2862
-0.1584435272748526,0.003143205037850866,-0.336687619763245,0.3479904173619476,0.023885850408565834,-0.001490748393052712,7.771561172376096e-16,2863
0.15081000551517443,0.39703699455982533,0.17913824800201636,0.01282303273118792,-0.031752763095723315,-0.003452089627462555,-2.7755575615628914e-17,2864
-0.12404615643320652,-0.3393488542990366,0.2891603711332981,0.053495889906470355,-0.024273648289480962,-0.029489649175909852,-2.7755575615628914e-17,2865
0.06362334066286972,-0.11070793838154303,-0.27235461703782,-0.3333011980489612,-0.23949255482622603,0.006192902661505991,-3.885780586188048e-16,2866
0.06362334066286972,-0.11070793838154303,-0.27235461703782,-0.3333011980489612,-0.23949255482622603,0.006192902661505991,-3.885780586188048e-16,2867
0.5085585423371142,-0.15177292738446563,-0.25915789788636046,-0.22296919590494105,-0.12896679180231052,-0.00048101023256849097,-3.3306690738754696e-16,2868
0.04481950223155255,-0.3549341943439374,0.29416890420359587,0.0953700462864196,0.017674045896611458,-0.032022590360352786,0.0,2869
-0.13554596077107756,-0.09232574442986527,-0.27826195213903443,-0.38268984545232376,-0.2889679367000211,0.009180390646142952,-4.163336342344337e-16,2870
-0.56599590829601,-0.29855940533703296,0.27605220002783293,-0.056095800718575124,-0.13405779968739456,-0.02286051725649463,-8.326672684688674e-17,2871
-0.21722495458353192,0.4310045285564039,0.16822237983050417,-0.0784397710521239,-0.12317583915561076,0.0020683395416173367,-8.326672684688674e-17,2872
0.04481950223155255,-0.3549341943439374,0.29416890420359587,0.0953700462864196,0.017674045896611458,-0.032022590360352786,0.0,2873
0.3208890452410379,-0.3804138433019592,0.30235709028475766,0.1638278920504905,0.08625211473443453,-0.036163562069984334,2.7755575615628914e-17,2874
0.5074885710321718,-0.05831854083159066,-0.3169361619279666,0.5131237253620988,0.18930915926464628,-0.01147955755165742,8.604228440844963e-16,2875
0.8255095423617069,-0.18102570235371715,-0.24975717320474458,-0.1443738447556616,-0.05023341447659601,-0.005235193218977,-3.0531133177191805e-16,2876
0.8255095423617069,-0.18102570235371715,-0.24975717320474458,-0.1443738447556616,-0.05023341447659601,-0.005235193218977,-3.0531133177191805e-16,2877
0.3790662358848315,-0.1398215238533076,-0.26299862254490664,-0.25507981646129696,-0.16113380381329503,0.0014613408569010816,-3.608224830031759e-16,2878
-0.4600054050123882,0.4534117835667298,0.16102154382625344,-0.1386428142738068,-0.18348460867972935,0.005709983476395597,-1.1102230246251565e-16,2879
-0.37832641119993377,-0.06991848941953938,-0.28546278814328513,-0.44289288867400667,-0.34927670622413964,0.01282203458092121,-4.440892098500626e-16,2880
0.15081000551517443,0.39703699455982533,0.17913824800201636,0.01282303273118792,-0.031752763095723315,-0.003452089627462555,-2.7755575615628914e-17,2881
0.4368666922977016,-0.39111792062163514,0.30579697193560185,0.19258723937918928,0.11506196813875358,-0.037903196765560934,2.7755575615628914e-17,2882
0.29738724207237716,0.38350874913296157,0.18348570942463194,0.0491702579389029,0.004658293731115256,-0.005650710247624531,-2.7755575615628914e-17,2883
0.5431308415095397,-0.4103972918804338,0.3204352812246151,0.22372931049505798,0.1451784681187117,0.27632450741519615,2.7755575615628914e-17,2884
-0.3232154578671538,-0.3209666603473588,0.2832530360320837,0.0041072425031078025,-0.073749030163276,-0.026502161191272893,-5.551115123125783e-17,2885
0.2864916743993918,-0.03792178396507172,-0.3234909006117855,0.45832241950596775,0.13441161343248134,-0.008164661287127194,8.326672684688674e-16,2886
0.15699936794710923,-0.025970380433913712,-0.3273316252703317,0.4262117989496118,0.10224460142149683,-0.00622231019765762,8.049116928532385e-16,2887
0.010422131389906455,-0.012442135007049923,-0.33167908669294727,0.3898645737418968,0.06583354459465826,-0.004023689577495645,8.049116928532385e-16,2888
0.8842198449990591,-0.43240607275474924,0.31906540719427595,0.3035188285572399,0.22618837116872056,-0.04461337829937524,8.326672684688674e-17,2889
-0.3232154578671538,-0.3209666603473588,0.2832530360320837,0.0041072425031078025,-0.073749030163276,-0.026502161191272893,-5.551115123125783e-17,2890
0.40246932145605546,-0.04862586128474769,-0.3200510189609413,0.4870817668346665,0.1632214668368004,-0.009904295982703794,8.326672684688674e-16,2891
-0.13554596077107756,-0.09232574442986527,-0.27826195213903443,-0.38268984545232376,-0.2889679367000211,0.009180390646142952,-4.163336342344337e-16,2892
-0.21722495458353192,0.4310045285564039,0.16822237983050417,-0.0784397710521239,-0.12317583915561076,0.0020683395416173367,-8.326672684688674e-17,2893
1.8392414869758957,-0.2745873962831879,-0.21969001799293705,0.10700450127262656,0.2015863926741822,-0.020440910075808616,-1.942890293094024e-16,2894
-0.018055653149584662,0.41262233460472614,0.1741297149317186,-0.029051123648761338,-0.07370045728181573,-0.0009191484430196226,-5.551115123125783e-17,2895
-0.12404615643320652,-0.3393488542990366,0.2891603711332981,0.053495889906470355,-0.024273648289480962,-0.029489649175909852,-2.7755575615628914e-17,2896
0.19264163842447712,-0.3780491314827568,0.31003981788225,0.13681738408257088,0.05811391027556227,0.28158175476919595,-2.7755575615628914e-17,2897
-0.3232154578671538,-0.3209666603473588,0.2832530360320837,0.0041072425031078025,-0.073749030163276,-0.026502161191272893,-5.551115123125783e-17,2898
0.3790662358848315,-0.1398215238533076,-0.26299862254490664,-0.25507981646129696,-0.16113380381329503,0.0014613408569010816,-3.608224830031759e-16,2899
0.010422131389906455,-0.012442135007049923,-0.33167908669294727,0.3898645737418968,0.06583354459465826,-0.004023689577495645,8.049116928532385e-16,2900
-0.018055653149584662,0.41262233460472614,0.1741297149317186,-0.029051123648761338,-0.07370045728181573,-0.0009191484430196226,-5.551115123125783e-17,2901
-0.21722495458353192,0.4310045285564039,0.16822237983050417,-0.0784397710521239,-0.12317583915561076,0.0020683395416173367,-8.326672684688674e-17,2902
0.010422131389906455,-0.012442135007049923,-0.33167908669294727,0.3898645737418968,0.06583354459465826,-0.004023689577495645,8.049116928532385e-16,2903
0.15699936794710923,-0.025970380433913712,-0.3273316252703317,0.4262117989496118,0.10224460142149683,-0.00622231019765762,8.049116928532385e-16,2904
0.2864916743993918,-0.03792178396507172,-0.3234909006117855,0.45832241950596775,0.13441161343248134,-0.008164661287127194,8.326672684688674e-16,2905
0.15081000551517443,0.39703699455982533,0.17913824800201636,0.01282303273118792,-0.031752763095723315,-0.003452089627462555,-2.7755575615628914e-17,2906
0.29738724207237716,0.38350874913296157,0.18348570942463194,0.0491702579389029,0.004658293731115256,-0.005650710247624531,-2.7755575615628914e-17,2907
0.06362334066286972,-0.11070793838154303,-0.27235461703782,-0.3333011980489612,-0.23949255482622603,0.006192902661505991,-3.885780586188048e-16,2908
0.2864916743993918,-0.03792178396507172,-0.3234909006117855,0.45832241950596775,0.13441161343248134,-0.008164661287127194,8.326672684688674e-16,2909
0.4268795485246598,0.37155734560180353,0.18732643408317814,0.08128087849525883,0.03682530574209975,-0.007593061337094104,0.0,2910
-0.018055653149584662,0.41262233460472614,0.1741297149317186,-0.029051123648761338,-0.07370045728181573,-0.0009191484430196226,-5.551115123125783e-17,2911
0.4268795485246598,0.37155734560180353,0.18732643408317814,0.08128087849525883,0.03682530574209975,-0.007593061337094104,0.0,2912
0.010422131389906455,-0.012442135007049923,-0.33167908669294727,0.3898645737418968,0.06583354459465826,-0.004023689577495645,8.049116928532385e-16,2913
-0.12404615643320652,-0.3393488542990366,0.2891603711332981,0.053495889906470355,-0.024273648289480962,-0.029489649175909852,-2.7755575615628914e-17,2914
-0.12280125679748471,-0.34893554601099225,0.3006838233893367,0.058596002494906645,-0.02024484073736873,0.2863133165738009,-5.551115123125783e-17,2915
0.1913967387887553,-0.3684624397708012,0.2985163656262114,0.1317172714941346,0.05408510272345003,-0.03422121098051476,0.0,2916
-0.21722495458353192,0.4310045285564039,0.16822237983050417,-0.0784397710521239,-0.12317583915561076,0.0020683395416173367,-8.326672684688674e-17,2917
-0.3576128287087999,0.021525398989528623,-0.34259495486445946,0.298601769958585,-0.025589531465229194,0.0014967395915842473,7.494005416219807e-16,2918
0.010422131389906455,-0.012442135007049923,-0.33167908669294727,0.3898645737418968,0.06583354459465826,-0.004023689577495645,8.049116928532385e-16,2919
0.5085585423371142,-0.15177292738446563,-0.25915789788636046,-0.22296919590494105,-0.12896679180231052,-0.00048101023256849097,-3.3306690738754696e-16,2920
0.010422131389906455,-0.012442135007049923,-0.33167908669294727,0.3898645737418968,0.06583354459465826,-0.004023689577495645,8.049116928532385e-16,2921
0.29738724207237716,0.38350874913296157,0.18348570942463194,0.0491702579389029,0.004658293731115256,-0.005650710247624531,-2.7755575615628914e-17,2922
0.15081000551517443,0.39703699455982533,0.17913824800201636,0.01282303273118792,-0.031752763095723315,-0.003452089627462555,-2.7755575615628914e-17,2923
0.6478764451574397,0.3511605887352846,0.19388117276699704,0.13608218435139,0.09172285157426471,-0.010907957601624331,2.7755575615628914e-17,2924
0.8255095423617069,-0.18102570235371715,-0.24975717320474458,-0.1443738447556616,-0.05023341447659601,-0.005235193218977,-3.0531133177191805e-16,2925
0.1913967387887553,-0.3684624397708012,0.2985163656262114,0.1317172714941346,0.05408510272345003,-0.03422121098051476,0.0,2926
0.06362334066286972,-0.11070793838154303,-0.27235461703782,-0.3333011980489612,-0.23949255482622603,0.006192902661505991,-3.885780586188048e-16,2927
0.1913967387887553,-0.3684624397708012,0.2985163656262114,0.1317172714941346,0.05408510272345003,-0.03422121098051476,0.0,2928
0.2864916743993918,-0.03792178396507172,-0.3234909006117855,0.45832241950596775,0.13441161343248134,-0.008164661287127194,8.326672684688674e-16,2929
0.3208890452410379,-0.3804138433019592,0.30235709028475766,0.1638278920504905,0.08625211473443453,-0.036163562069984334,2.7755575615628914e-17,2930
-0.8769999391599648,-0.2698555018040341,0.2668278616638652,-0.13321646294301123,-0.21131389829547584,-0.018195537268663214,-1.1102230246251565e-16,2931
-0.3232154578671538,-0.3209666603473588,0.2832530360320837,0.0041072425031078025,-0.073749030163276,-0.026502161191272893,-5.551115123125783e-17,2932
0.7295554389698942,-0.17216968425098456,-0.25260315920254156,-0.16816789004880986,-0.07406924597014558,-0.0037959064970987176,-3.0531133177191805e-16,2933
0.2864916743993918,-0.03792178396507172,-0.3234909006117855,0.45832241950596775,0.13441161343248134,-0.008164661287127194,8.326672684688674e-16,2934
0.6245361893937778,-0.1624770047041416,-0.25571801623551627,-0.1942098485762423,-0.10015693839799147,-0.00222064492814509,-3.3306690738754696e-16,2935
0.3790662358848315,-0.1398215238533076,-0.26299862254490664,-0.25507981646129696,-0.16113380381329503,0.0014613408569010816,-3.608224830031759e-16,2936
0.2324889993276288,-0.12629327842644383,-0.26734608396752224,-0.29142704166901195,-0.1975448606401336,0.003659961477063059,-3.608224830031759e-16,2937
0.1913967387887553,-0.3684624397708012,0.2985163656262114,0.1317172714941346,0.05408510272345003,-0.03422121098051476,0.0,2938
0.04481950223155255,-0.3549341943439374,0.29416890420359587,0.0953700462864196,0.017674045896611458,-0.032022590360352786,0.0,2939
0.3790662358848315,-0.1398215238533076,-0.26299862254490664,-0.25507981646129696,-0.16113380381329503,0.0014613408569010816,-3.608224830031759e-16,2940
-0.12404615643320652,-0.3393488542990366,0.2891603711332981,0.053495889906470355,-0.024273648289480962,-0.029489649175909852,-2.7755575615628914e-17,2941
-0.018055653149584662,0.41262233460472614,0.1741297149317186,-0.029051123648761338,-0.07370045728181573,-0.0009191484430196226,-5.551115123125783e-17,2942
0.3790662358848315,-0.1398215238533076,-0.26299862254490664,-0.25507981646129696,-0.16113380381329503,0.0014613408569010816,-3.608224830031759e-16,2943
0.2864916743993918,-0.03792178396507172,-0.3234909006117855,0.45832241950596775,0.13441161343248134,-0.008164661287127194,8.326672684688674e-16,2944
0.15699936794710923,-0.025970380433913712,-0.3273316252703317,0.4262117989496118,0.10224460142149683,-0.00622231019765762,8.049116928532385e-16,2945
-0.1584435272748526,0.003143205037850866,-0.336687619763245,0.3479904173619476,0.023885850408565834,-0.001490748393052712,7.771561172376096e-16,2946
-0.56599590829601,-0.29855940533703296,0.27605220002783293,-0.056095800718575124,-0.13405779968739456,-0.02286051725649463,-8.326672684688674e-17,2947
-0.56599590829601,-0.29855940533703296,0.27605220002783293,-0.056095800718575124,-0.13405779968739456,-0.02286051725649463,-8.326672684688674e-17,2948
-0.6893304420638885,-0.04121458588654053,-0.29468712650725293,-0.5200135508984428,-0.42653280483222095,0.017487014568752627,-4.718447854656915e-16,2949
0.1913967387887553,-0.3684624397708012,0.2985163656262114,0.1317172714941346,0.05408510272345003,-0.03422121098051476,0.0,2950
0.15699936794710923,-0.025970380433913712,-0.3273316252703317,0.4262117989496118,0.10224460142149683,-0.00622231019765762,8.049116928532385e-16,2951
-0.13554596077107756,-0.09232574442986527,-0.27826195213903443,-0.38268984545232376,-0.2889679367000211,0.009180390646142952,-4.163336342344337e-16,2952
0.2864916743993918,-0.03792178396507172,-0.3234909006117855,0.45832241950596775,0.13441161343248134,-0.008164661287127194,8.326672684688674e-16,2953
0.010422131389906455,-0.012442135007049923,-0.33167908669294727,0.3898645737418968,0.06583354459465826,-0.004023689577495645,8.049116928532385e-16,2954
0.04481950223155255,-0.3549341943439374,0.29416890420359587,0.0953700462864196,0.017674045896611458,-0.032022590360352786,0.0,2955
0.1913967387887553,-0.3684624397708012,0.2985163656262114,0.1317172714941346,0.05408510272345003,-0.03422121098051476,0.0,2956
0.6478764451574397,0.3511605887352846,0.19388117276699704,0.13608218435139,0.09172285157426471,-0.010907957601624331,2.7755575615628914e-17,2957
0.010422131389906455,-0.012442135007049923,-0.33167908669294727,0.3898645737418968,0.06583354459465826,-0.004023689577495645,8.049116928532385e-16,2958
0.5431308415095397,-0.4103972918804338,0.3204352812246151,0.22372931049505798,0.1451784681187117,0.27632450741519615,2.7755575615628914e-17,2959
0.29738724207237716,0.38350874913296157,0.18348570942463194,0.0491702579389029,0.004658293731115256,-0.005650710247624531,-2.7755575615628914e-17,2960
0.04481950223155255,-0.3549341943439374,0.29416890420359587,0.0953700462864196,0.017674045896611458,-0.032022590360352786,0.0,2961
-0.018055653149584662,0.41262233460472614,0.1741297149317186,-0.029051123648761338,-0.07370045728181573,-0.0009191484430196226,-5.551115123125783e-17,2962
0.4268795485246598,0.37155734560180353,0.18732643408317814,0.08128087849525883,0.03682530574209975,-0.007593061337094104,0.0,2963
-0.018055653149584662,0.41262233460472614,0.1741297149317186,-0.029051123648761338,-0.07370045728181573,-0.0009191484430196226,-5.551115123125783e-17,2964
0.15699936794710923,-0.025970380433913712,-0.3273316252703317,0.4262117989496118,0.10224460142149683,-0.00622231019765762,8.049116928532385e-16,2965
-0.21722495458353192,0.4310045285564039,0.16822237983050417,-0.0784397710521239,-0.12317583915561076,0.0020683395416173367,-8.326672684688674e-17,2966
-0.21722495458353192,0.4310045285564039,0.16822237983050417,-0.0784397710521239,-0.12317583915561076,0.0020683395416173367,-8.326672684688674e-17,2967
1.5919450432868156,-0.251763340775013,-0.22702479775915765,0.0456816127876457,0.1401558112569634,-0.016731527410681415,-2.220446049250313e-16,2968
0.29738724207237716,0.38350874913296157,0.18348570942463194,0.0491702579389029,0.004658293731115256,-0.005650710247624531,-2.7755575615628914e-17,2969
0.15081000551517443,0.39703699455982533,0.17913824800201636,0.01282303273118792,-0.031752763095723315,-0.003452089627462555,-2.7755575615628914e-17,2970
-0.12280125679748471,-0.34893554601099225,0.3006838233893367,0.058596002494906645,-0.02024484073736873,0.2863133165738009,-5.551115123125783e-17,2971
0.1913967387887553,-0.3684624397708012,0.2985163656262114,0.1317172714941346,0.05408510272345003,-0.03422121098051476,0.0,2972
0.6378400452656308,-0.40966661827121076,0.3117578149663735,0.24242324319976996,0.16498549206014906,-0.04091774505639284,5.551115123125783e-17,2973
0.6478764451574397,0.3511605887352846,0.19388117276699704,0.13608218435139,0.09172285157426471,-0.010907957601624331,2.7755575615628914e-17,2974
0.15081000551517443,0.39703699455982533,0.17913824800201636,0.01282303273118792,-0.031752763095723315,-0.003452089627462555,-2.7755575615628914e-17,2975
1.7588073927991632,0.23915618499112565,0.2383177662326401,0.41635468826126276,0.3714072977707047,0.2882500045693765,1.1102230246251565e-16,2976
-0.21722495458353192,0.4310045285564039,0.16822237983050417,-0.0784397710521239,-0.12317583915561076,0.0020683395416173367,-8.326672684688674e-17,2977
-0.21722495458353192,0.4310045285564039,0.16822237983050417,-0.0784397710521239,-0.12317583915561076,0.0020683395416173367,-8.326672684688674e-17,2978
0.15081000551517443,0.39703699455982533,0.17913824800201636,0.01282303273118792,-0.031752763095723315,-0.003452089627462555,-2.7755575615628914e-17,2979
0.5428571955813234,0.3608532682821276,0.19076631573402233,0.11004022582395759,0.0656351591464188,-0.009332696032670704,0.0,2980
0.010422131389906455,-0.012442135007049923,-0.33167908669294727,0.3898645737418968,0.06583354459465826,-0.004023689577495645,8.049116928532385e-16,2981
-0.4600054050123882,0.4534117835667298,0.16102154382625344,-0.1386428142738068,-0.18348460867972935,0.005709983476395597,-1.1102230246251565e-16,2982
-0.21722495458353192,0.4310045285564039,0.16822237983050417,-0.0784397710521239,-0.12317583915561076,0.0020683395416173367,-8.326672684688674e-17,2983
-0.018055653149584662,0.41262233460472614,0.1741297149317186,-0.029051123648761338,-0.07370045728181573,-0.0009191484430196226,-5.551115123125783e-17,2984
0.7438305485492526,0.342304570632552,0.19672715876479402,0.15987622964453826,0.11555868306781428,-0.012347244323502614,2.7755575615628914e-17,2985
0.15081000551517443,0.39703699455982533,0.17913824800201636,0.01282303273118792,-0.031752763095723315,-0.003452089627462555,-2.7755575615628914e-17,2986
0.29738724207237716,0.38350874913296157,0.18348570942463194,0.0491702579389029,0.004658293731115256,-0.005650710247624531,-2.7755575615628914e-17,2987
-0.21722495458353192,0.4310045285564039,0.16822237983050417,-0.0784397710521239,-0.12317583915561076,0.0020683395416173367,-8.326672684688674e-17,2988
-0.1584435272748526,0.003143205037850866,-0.336687619763245,0.3479904173619476,0.023885850408565834,-0.001490748393052712,7.771561172376096e-16,2989
-0.1584435272748526,0.003143205037850866,-0.336687619763245,0.3479904173619476,0.023885850408565834,-0.001490748393052712,7.771561172376096e-16,2990
0.04481950223155255,-0.3549341943439374,0.29416890420359587,0.0953700462864196,0.017674045896611458,-0.032022590360352786,0.0,2991
0.29738724207237716,0.38350874913296157,0.18348570942463194,0.0491702579389029,0.004658293731115256,-0.005650710247624531,-2.7755575615628914e-17,2992
1.5919450432868156,-0.251763340775013,-0.22702479775915765,0.0456816127876457,0.1401558112569634,-0.016731527410681415,-2.220446049250313e-16,2993
1.5919450432868156,-0.251763340775013,-0.22702479775915765,0.0456816127876457,0.1401558112569634,-0.016731527410681415,-2.220446049250313e-16,2994
-0.21722495458353192,0.4310045285564039,0.16822237983050417,-0.0784397710521239,-0.12317583915561076,0.0020683395416173367,-8.326672684688674e-17,2995
-0.21722495458353192,0.4310045285564039,0.16822237983050417,-0.0784397710521239,-0.12317583915561076,0.0020683395416173367,-8.326672684688674e-17,2996
-0.018055653149584662,0.41262233460472614,0.1741297149317186,-0.029051123648761338,-0.07370045728181573,-0.0009191484430196226,-5.551115123125783e-17,2997
0.010422131389906455,-0.012442135007049923,-0.33167908669294727,0.3898645737418968,0.06583354459465826,-0.004023689577495645,8.049116928532385e-16,2998
0.04481950223155255,-0.3549341943439374,0.29416890420359587,0.0953700462864196,0.017674045896611458,-0.032022590360352786,0.0,2999
-0.018055653149584662,0.41262233460472614,0.1741297149317186,-0.029051123648761338,-0.07370045728181573,-0.0009191484430196226,-5.551115123125783e-17,3000
-0.018055653149584662,0.41262233460472614,0.1741297149317186,-0.029051123648761338,-0.07370045728181573,-0.0009191484430196226,-5.551115123125783e-17,3001
0.5418859418738179,-0.40081060016847814,0.30891182896857655,0.2186291979066217,0.14114966056659947,-0.03947845833451456,5.551115123125783e-17,3002
0.1913967387887553,-0.3684624397708012,0.2985163656262114,0.1317172714941346,0.05408510272345003,-0.03422121098051476,0.0,3003
-0.56599590829601,-0.29855940533703296,0.27605220002783293,-0.056095800718575124,-0.13405779968739456,-0.02286051725649463,-8.326672684688674e-17,3004
-0.8769999391599648,-0.2698555018040341,0.2668278616638652,-0.13321646294301123,-0.21131389829547584,-0.018195537268663214,-1.1102230246251565e-16,3005
0.1913967387887553,-0.3684624397708012,0.2985163656262114,0.1317172714941346,0.05408510272345003,-0.03422121098051476,0.0,3006
0.15081000551517443,0.39703699455982533,0.17913824800201636,0.01282303273118792,-0.031752763095723315,-0.003452089627462555,-2.7755575615628914e-17,3007
-0.21722495458353192,0.4310045285564039,0.16822237983050417,-0.0784397710521239,-0.12317583915561076,0.0020683395416173367,-8.326672684688674e-17,3008
-0.4600054050123882,0.4534117835667298,0.16102154382625344,-0.1386428142738068,-0.18348460867972935,0.005709983476395597,-1.1102230246251565e-16,3009
0.29738724207237716,0.38350874913296157,0.18348570942463194,0.0491702579389029,0.004658293731115256,-0.005650710247624531,-2.7755575615628914e-17,3010
0.4268795485246598,0.37155734560180353,0.18732643408317814,0.08128087849525883,0.03682530574209975,-0.007593061337094104,0.0,3011
0.29738724207237716,0.38350874913296157,0.18348570942463194,0.0491702579389029,0.004658293731115256,-0.005650710247624531,-2.7755575615628914e-17,3012
0.29738724207237716,0.38350874913296157,0.18348570942463194,0.0491702579389029,0.004658293731115256,-0.005650710247624531,-2.7755575615628914e-17,3013
0.9914552479184028,0.30997842443705786,0.215558203248735,0.22607192759044445,0.18079036972849805,0.2997600881832257,2.7755575615628914e-17,3014
-0.018055653149584662,0.41262233460472614,0.1741297149317186,-0.029051123648761338,-0.07370045728181573,-0.0009191484430196226,-5.551115123125783e-17,3015
0.4268795485246598,0.37155734560180353,0.18732643408317814,0.08128087849525883,0.03682530574209975,-0.007593061337094104,0.0,3016
-0.21722495458353192,0.4310045285564039,0.16822237983050417,-0.0784397710521239,-0.12317583915561076,0.0020683395416173367,-8.326672684688674e-17,3017
-0.21722495458353192,0.4310045285564039,0.16822237983050417,-0.0784397710521239,-0.12317583915561076,0.0020683395416173367,-8.326672684688674e-17,3018
-0.21722495458353192,0.4310045285564039,0.16822237983050417,-0.0784397710521239,-0.12317583915561076,0.0020683395416173367,-8.326672684688674e-17,3019
-0.21722495458353192,0.4310045285564039,0.16822237983050417,-0.0784397710521239,-0.12317583915561076,0.0020683395416173367,-8.326672684688674e-17,3020
-0.21722495458353192,0.4310045285564039,0.16822237983050417,-0.0784397710521239,-0.12317583915561076,0.0020683395416173367,-8.326672684688674e-17,3021
-0.37832641119993377,-0.06991848941953938,-0.28546278814328513,-0.44289288867400667,-0.34927670622413964,0.01282203458092121,-4.440892098500626e-16,3022
-0.56599590829601,-0.29855940533703296,0.27605220002783293,-0.056095800718575124,-0.13405779968739456,-0.02286051725649463,-8.326672684688674e-17,3023
-0.018055653149584662,0.41262233460472614,0.1741297149317186,-0.029051123648761338,-0.07370045728181573,-0.0009191484430196226,-5.551115123125783e-17,3024
-0.018055653149584662,0.41262233460472614,0.1741297149317186,-0.029051123648761338,-0.07370045728181573,-0.0009191484430196226,-5.551115123125783e-17,3025
-0.12404615643320652,-0.3393488542990366,0.2891603711332981,0.053495889906470355,-0.024273648289480962,-0.029489649175909852,-2.7755575615628914e-17,3026
-0.4600054050123882,0.4534117835667298,0.16102154382625344,-0.1386428142738068,-0.18348460867972935,0.005709983476395597,-1.1102230246251565e-16,3027
-0.3232154578671538,-0.3209666603473588,0.2832530360320837,0.0041072425031078025,-0.073749030163276,-0.026502161191272893,-5.551115123125783e-17,3028
0.4268795485246598,0.37155734560180353,0.18732643408317814,0.08128087849525883,0.03682530574209975,-0.007593061337094104,0.0,3029
0.7295554389698942,-0.17216968425098456,-0.25260315920254156,-0.16816789004880986,-0.07406924597014558,-0.0037959064970987176,-3.0531133177191805e-16,3030
0.3790662358848315,-0.1398215238533076,-0.26299862254490664,-0.25507981646129696,-0.16113380381329503,0.0014613408569010816,-3.608224830031759e-16,3031
1.2734713501078172,-0.22237002988636195,-0.23647068531805748,-0.03329132544340292,0.06104418374535959,-0.011954504420967557,-2.498001805406602e-16,3032
-0.018055653149584662,0.41262233460472614,0.1741297149317186,-0.029051123648761338,-0.07370045728181573,-0.0009191484430196226,-5.551115123125783e-17,3033
0.15081000551517443,0.39703699455982533,0.17913824800201636,0.01282303273118792,-0.031752763095723315,-0.003452089627462555,-2.7755575615628914e-17,3034
-0.12404615643320652,-0.3393488542990366,0.2891603711332981,0.053495889906470355,-0.024273648289480962,-0.029489649175909852,-2.7755575615628914e-17,3035
1.0718893420951354,-0.20376515683725566,-0.2424495809768422,-0.08327825939819172,0.010969464631975494,-0.0089308264619594,-2.7755575615628914e-16,3036
-0.21722495458353192,0.4310045285564039,0.16822237983050417,-0.0784397710521239,-0.12317583915561076,0.0020683395416173367,-8.326672684688674e-17,3037
1.2734713501078172,-0.22237002988636195,-0.23647068531805748,-0.03329132544340292,0.06104418374535959,-0.011954504420967557,-2.498001805406602e-16,3038
0.2324889993276288,-0.12629327842644383,-0.26734608396752224,-0.29142704166901195,-0.1975448606401336,0.003659961477063059,-3.608224830031759e-16,3039
-0.3232154578671538,-0.3209666603473588,0.2832530360320837,0.0041072425031078025,-0.073749030163276,-0.026502161191272893,-5.551115123125783e-17,3040
-0.771009435876343,0.48211568709972863,0.15179720546228567,-0.21576347649824293,-0.2607407072878107,0.010374963464227015,-1.3877787807814457e-16,3041
0.4268795485246598,0.37155734560180353,0.18732643408317814,0.08128087849525883,0.03682530574209975,-0.007593061337094104,0.0,3042
-0.4600054050123882,0.4534117835667298,0.16102154382625344,-0.1386428142738068,-0.18348460867972935,0.005709983476395597,-1.1102230246251565e-16,3043
2.2802423410455006,0.19103070439327335,0.2537834577352891,0.5456565767416502,0.5009362613262948,0.28042861527172736,1.6653345369377348e-16,3044
0.5418859418738179,-0.40081060016847814,0.30891182896857655,0.2186291979066217,0.14114966056659947,-0.03947845833451456,5.551115123125783e-17,3045
0.2864916743993918,-0.03792178396507172,-0.3234909006117855,0.45832241950596775,0.13441161343248134,-0.008164661287127194,8.326672684688674e-16,3046
0.4268795485246598,0.37155734560180353,0.18732643408317814,0.08128087849525883,0.03682530574209975,-0.007593061337094104,0.0,3047
0.29738724207237716,0.38350874913296157,0.18348570942463194,0.0491702579389029,0.004658293731115256,-0.005650710247624531,-2.7755575615628914e-17,3048
0.15699936794710923,-0.025970380433913712,-0.3273316252703317,0.4262117989496118,0.10224460142149683,-0.00622231019765762,8.049116928532385e-16,3049
0.15081000551517443,0.39703699455982533,0.17913824800201636,0.01282303273118792,-0.031752763095723315,-0.003452089627462555,-2.7755575615628914e-17,3050
-0.3232154578671538,-0.3209666603473588,0.2832530360320837,0.0041072425031078025,-0.073749030163276,-0.026502161191272893,-5.551115123125783e-17,3051
0.5085585423371142,-0.15177292738446563,-0.25915789788636046,-0.22296919590494105,-0.12896679180231052,-0.00048101023256849097,-3.3306690738754696e-16,3052
0.3790662358848315,-0.1398215238533076,-0.26299862254490664,-0.25507981646129696,-0.16113380381329503,0.0014613408569010816,-3.608224830031759e-16,3053
-0.1584435272748526,0.003143205037850866,-0.336687619763245,0.3479904173619476,0.023885850408565834,-0.001490748393052712,7.771561172376096e-16,3054
0.4268795485246598,0.37155734560180353,0.18732643408317814,0.08128087849525883,0.03682530574209975,-0.007593061337094104,0.0,3055
0.6478764451574397,0.3511605887352846,0.19388117276699704,0.13608218435139,0.09172285157426471,-0.010907957601624331,2.7755575615628914e-17,3056
0.4268795485246598,0.37155734560180353,0.18732643408317814,0.08128087849525883,0.03682530574209975,-0.007593061337094104,0.0,3057
-0.21722495458353192,0.4310045285564039,0.16822237983050417,-0.0784397710521239,-0.12317583915561076,0.0020683395416173367,-8.326672684688674e-17,3058
-0.21722495458353192,0.4310045285564039,0.16822237983050417,-0.0784397710521239,-0.12317583915561076,0.0020683395416173367,-8.326672684688674e-17,3059
-0.018055653149584662,0.41262233460472614,0.1741297149317186,-0.029051123648761338,-0.07370045728181573,-0.0009191484430196226,-5.551115123125783e-17,3060
0.7438305485492526,0.342304570632552,0.19672715876479402,0.15987622964453826,0.11555868306781428,-0.012347244323502614,2.7755575615628914e-17,3061
-0.018055653149584662,0.41262233460472614,0.1741297149317186,-0.029051123648761338,-0.07370045728181573,-0.0009191484430196226,-5.551115123125783e-17,3062
0.4268795485246598,0.37155734560180353,0.18732643408317814,0.08128087849525883,0.03682530574209975,-0.007593061337094104,0.0,3063
0.5085585423371142,-0.15177292738446563,-0.25915789788636046,-0.22296919590494105,-0.12896679180231052,-0.00048101023256849097,-3.3306690738754696e-16,3064
0.29738724207237716,0.38350874913296157,0.18348570942463194,0.0491702579389029,0.004658293731115256,-0.005650710247624531,-2.7755575615628914e-17,3065
-0.018055653149584662,0.41262233460472614,0.1741297149317186,-0.029051123648761338,-0.07370045728181573,-0.0009191484430196226,-5.551115123125783e-17,3066
-0.21722495458353192,0.4310045285564039,0.16822237983050417,-0.0784397710521239,-0.12317583915561076,0.0020683395416173367,-8.326672684688674e-17,3067
0.15081000551517443,0.39703699455982533,0.17913824800201636,0.01282303273118792,-0.031752763095723315,-0.003452089627462555,-2.7755575615628914e-17,3068
-0.3576128287087999,0.021525398989528623,-0.34259495486445946,0.298601769958585,-0.025589531465229194,0.0014967395915842473,7.494005416219807e-16,3069
-0.1584435272748526,0.003143205037850866,-0.336687619763245,0.3479904173619476,0.023885850408565834,-0.001490748393052712,7.771561172376096e-16,3070
0.1913967387887553,-0.3684624397708012,0.2985163656262114,0.1317172714941346,0.05408510272345003,-0.03422121098051476,0.0,3071
0.04481950223155255,-0.3549341943439374,0.29416890420359587,0.0953700462864196,0.017674045896611458,-0.032022590360352786,0.0,3072
0.3208890452410379,-0.3804138433019592,0.30235709028475766,0.1638278920504905,0.08625211473443453,-0.036163562069984334,2.7755575615628914e-17,3073
0.4368666922977016,-0.39111792062163514,0.30579697193560185,0.19258723937918928,0.11506196813875358,-0.037903196765560934,2.7755575615628914e-17,3074
0.8842198449990591,-0.43240607275474924,0.31906540719427595,0.3035188285572399,0.22618837116872056,-0.04461337829937524,8.326672684688674e-17,3075
-0.1584435272748526,0.003143205037850866,-0.336687619763245,0.3479904173619476,0.023885850408565834,-0.001490748393052712,7.771561172376096e-16,3076
0.1913967387887553,-0.3684624397708012,0.2985163656262114,0.1317172714941346,0.05408510272345003,-0.03422121098051476,0.0,3077
0.1913967387887553,-0.3684624397708012,0.2985163656262114,0.1317172714941346,0.05408510272345003,-0.03422121098051476,0.0,3078
1.2734713501078172,-0.22237002988636195,-0.23647068531805748,-0.03329132544340292,0.06104418374535959,-0.011954504420967557,-2.498001805406602e-16,3079
-0.4600054050123882,0.4534117835667298,0.16102154382625344,-0.1386428142738068,-0.18348460867972935,0.005709983476395597,-1.1102230246251565e-16,3080
-0.21722495458353192,0.4310045285564039,0.16822237983050417,-0.0784397710521239,-0.12317583915561076,0.0020683395416173367,-8.326672684688674e-17,3081
-0.018055653149584662,0.41262233460472614,0.1741297149317186,-0.029051123648761338,-0.07370045728181573,-0.0009191484430196226,-5.551115123125783e-17,3082
0.15081000551517443,0.39703699455982533,0.17913824800201636,0.01282303273118792,-0.031752763095723315,-0.003452089627462555,-2.7755575615628914e-17,3083
0.15081000551517443,0.39703699455982533,0.17913824800201636,0.01282303273118792,-0.031752763095723315,-0.003452089627462555,-2.7755575615628914e-17,3084
1.0718893420951354,-0.20376515683725566,-0.2424495809768422,-0.08327825939819172,0.010969464631975494,-0.0089308264619594,-2.7755575615628914e-16,3085
0.29738724207237716,0.38350874913296157,0.18348570942463194,0.0491702579389029,0.004658293731115256,-0.005650710247624531,-2.7755575615628914e-17,3086
0.3790662358848315,-0.1398215238533076,-0.26299862254490664,-0.25507981646129696,-0.16113380381329503,0.0014613408569010816,-3.608224830031759e-16,3087
-0.1584435272748526,0.003143205037850866,-0.336687619763245,0.3479904173619476,0.023885850408565834,-0.001490748393052712,7.771561172376096e-16,3088
0.010422131389906455,-0.012442135007049923,-0.33167908669294727,0.3898645737418968,0.06583354459465826,-0.004023689577495645,8.049116928532385e-16,3089
0.010422131389906455,-0.012442135007049923,-0.33167908669294727,0.3898645737418968,0.06583354459465826,-0.004023689577495645,8.049116928532385e-16,3090
-0.1584435272748526,0.003143205037850866,-0.336687619763245,0.3479904173619476,0.023885850408565834,-0.001490748393052712,7.771561172376096e-16,3091
-0.018055653149584662,0.41262233460472614,0.1741297149317186,-0.029051123648761338,-0.07370045728181573,-0.0009191484430196226,-5.551115123125783e-17,3092
0.6245361893937778,-0.1624770047041416,-0.25571801623551627,-0.1942098485762423,-0.10015693839799147,-0.00222064492814509,-3.3306690738754696e-16,3093
-0.018055653149584662,0.41262233460472614,0.1741297149317186,-0.029051123648761338,-0.07370045728181573,-0.0009191484430196226,-5.551115123125783e-17,3094
-0.1584435272748526,0.003143205037850866,-0.336687619763245,0.3479904173619476,0.023885850408565834,-0.001490748393052712,7.771561172376096e-16,3095
0.3790662358848315,-0.1398215238533076,-0.26299862254490664,-0.25507981646129696,-0.16113380381329503,0.0014613408569010816,-3.608224830031759e-16,3096
0.15081000551517443,0.39703699455982533,0.17913824800201636,0.01282303273118792,-0.031752763095723315,-0.003452089627462555,-2.7755575615628914e-17,3097
0.010422131389906455,-0.012442135007049923,-0.33167908669294727,0.3898645737418968,0.06583354459465826,-0.004023689577495645,8.049116928532385e-16,3098
0.010422131389906455,-0.012442135007049923,-0.33167908669294727,0.3898645737418968,0.06583354459465826,-0.004023689577495645,8.049116928532385e-16,3099
0.7438305485492526,0.342304570632552,0.19672715876479402,0.15987622964453826,0.11555868306781428,-0.012347244323502614,2.7755575615628914e-17,3100
1.5919450432868156,-0.251763340775013,-0.22702479775915765,0.0456816127876457,0.1401558112569634,-0.016731527410681415,-2.220446049250313e-16,3101
-0.018055653149584662,0.41262233460472614,0.1741297149317186,-0.029051123648761338,-0.07370045728181573,-0.0009191484430196226,-5.551115123125783e-17,3102
1.2734713501078172,-0.22237002988636195,-0.23647068531805748,-0.03329132544340292,0.06104418374535959,-0.011954504420967557,-2.498001805406602e-16,3103
0.4268795485246598,0.37155734560180353,0.18732643408317814,0.08128087849525883,0.03682530574209975,-0.007593061337094104,0.0,3104
0.06362334066286972,-0.11070793838154303,-0.27235461703782,-0.3333011980489612,-0.23949255482622603,0.006192902661505991,-3.885780586188048e-16,3105
-0.3576128287087999,0.021525398989528623,-0.34259495486445946,0.298601769958585,-0.025589531465229194,0.0014967395915842473,7.494005416219807e-16,3106
-0.3576128287087999,0.021525398989528623,-0.34259495486445946,0.298601769958585,-0.025589531465229194,0.0014967395915842473,7.494005416219807e-16,3107
-0.56599590829601,-0.29855940533703296,0.27605220002783293,-0.056095800718575124,-0.13405779968739456,-0.02286051725649463,-8.326672684688674e-17,3108
-0.1584435272748526,0.003143205037850866,-0.336687619763245,0.3479904173619476,0.023885850408565834,-0.001490748393052712,7.771561172376096e-16,3109
0.6478764451574397,0.3511605887352846,0.19388117276699704,0.13608218435139,0.09172285157426471,-0.010907957601624331,2.7755575615628914e-17,3110
0.2864916743993918,-0.03792178396507172,-0.3234909006117855,0.45832241950596775,0.13441161343248134,-0.008164661287127194,8.326672684688674e-16,3111
-0.21722495458353192,0.4310045285564039,0.16822237983050417,-0.0784397710521239,-0.12317583915561076,0.0020683395416173367,-8.326672684688674e-17,3112
0.15699936794710923,-0.025970380433913712,-0.3273316252703317,0.4262117989496118,0.10224460142149683,-0.00622231019765762,8.049116928532385e-16,3113
-0.1584435272748526,0.003143205037850866,-0.336687619763245,0.3479904173619476,0.023885850408565834,-0.001490748393052712,7.771561172376096e-16,3114
0.5085585423371142,-0.15177292738446563,-0.25915789788636046,-0.22296919590494105,-0.12896679180231052,-0.00048101023256849097,-3.3306690738754696e-16,3115
0.6034426744239846,-0.06717455893432327,-0.31409017593016963,0.5369177706552472,0.21314499075819587,-0.012918844273535703,8.604228440844963e-16,3116
0.4268795485246598,0.37155734560180353,0.18732643408317814,0.08128087849525883,0.03682530574209975,-0.007593061337094104,0.0,3117
