course_id,source_row,region,course_name,sequence,stop_raw,name_candidate,parser_status,role,conditional,match_status,place_id_candidate,identity_verified,G_cluster,category_source,herit,heal,activity,food,sea,place_id,marine_admin_name,marine_match_status,marine_class,marine_evidence_kind,marine_link_verified,link_chain
ct_ff41044d0b7080,2,부산,동부산테마노선,5,대변항,대변항,EXPLICIT_SEPARATOR,VISIT_CANDIDATE,False,EXACT_NAME_REGION_CANDIDATE,ctu1,False,G01,PROVISIONAL_PLACE_CATEGORY,0.0,0.0,0.0,0.0,1.0,ctu1,부산광역시 기장군 기장읍,address_candidate,연안 어촌,heatmap,False,unverified_stop_candidate + address_token_candidate
ct_ff41044d0b7080,2,부산,동부산테마노선,6,임랑해수욕장,임랑해수욕장,EXPLICIT_SEPARATOR,VISIT_CANDIDATE,False,EXACT_NAME_REGION_CANDIDATE,nax764,False,G02,PROVISIONAL_PLACE_CATEGORY,0.0,0.0,0.0,0.0,1.0,nax764,부산광역시 기장군 장안읍,address_candidate,연안 어촌,heatmap,False,unverified_stop_candidate + address_token_candidate
ct_1def3d2a58e430,5,부산,오렌지라인,3,암남공원(용궁구름다리),암남공원,EXPLICIT_SEPARATOR,VISIT_CANDIDATE,False,PAREN_ALIAS_CANDIDATE,ctt3,False,G07,PROVISIONAL_PLACE_CATEGORY,0.0,1.0,0.0,0.0,0.0,ctt3,부산광역시 서구 암남동,address_candidate,연안 도시,heatmap,False,unverified_stop_candidate + address_token_candidate
ct_98323d74dbd87a,9,제주,순환형코스,6,용연구름다리(용두암),용연구름다리,NUMBERED_ORDER,VISIT_CANDIDATE,False,PAREN_ALIAS_CANDIDATE,nax887,False,G07,PROVISIONAL_PLACE_CATEGORY,0.0,1.0,0.0,0.0,0.0,nax887,제주특별자치도 제주시 용담1동,address_candidate,연안 도시,heatmap,False,unverified_stop_candidate + address_token_candidate
ct_4e0d701d9aadd5,10,대구,테마(야경 4~10월),4,수성못,수성못,EXPLICIT_SEPARATOR,VISIT_CANDIDATE,False,EXACT_NAME_REGION_CANDIDATE,nax108,False,G07,PROVISIONAL_PLACE_CATEGORY,0.0,1.0,0.0,0.0,0.0,nax108,대구광역시 수성구 두산동,address_candidate,비연안,heatmap,False,unverified_stop_candidate + address_token_candidate
ct_e99ec2b47f0201,11,대구,테마-전통5일장-군위전통시장,4,삼국유사테마파크(하차),삼국유사테마파크,EXPLICIT_SEPARATOR,VISIT_CANDIDATE,False,PAREN_ALIAS_CANDIDATE,ctt10,False,G05,PROVISIONAL_PLACE_CATEGORY,0.0,0.0,1.0,0.0,0.0,ctt10,대구광역시 군위군 의흥면,address_candidate,비연안,heatmap,False,unverified_stop_candidate + address_token_candidate
ct_e99ec2b47f0201,11,대구,테마-전통5일장-군위전통시장,6,사라온이야기마을,사라온이야기마을,EXPLICIT_SEPARATOR,VISIT_CANDIDATE,False,EXACT_NAME_REGION_CANDIDATE,ctt11,False,G05,PROVISIONAL_PLACE_CATEGORY,0.0,0.0,1.0,0.0,0.0,ctt11,대구광역시 군위군 군위읍,address_candidate,비연안,heatmap,False,unverified_stop_candidate + address_token_candidate
ct_ceba5f847db171,12,대구,테마-전통5일장-현풍백년도깨비시장,4,도동서원,도동서원,EXPLICIT_SEPARATOR,VISIT_CANDIDATE,False,EXACT_NAME_REGION_CANDIDATE,ctt13,False,G10,PROVISIONAL_PLACE_CATEGORY,1.0,0.0,0.0,0.0,0.0,ctt13,대구광역시 달성군 구지면,address_candidate,비연안,heatmap,False,unverified_stop_candidate + address_token_candidate
ct_ceba5f847db171,12,대구,테마-전통5일장-현풍백년도깨비시장,5,국립대구과학관,국립대구과학관,EXPLICIT_SEPARATOR,VISIT_CANDIDATE,False,EXACT_NAME_REGION_CANDIDATE,ro401,False,G10,PROVISIONAL_PLACE_CATEGORY,1.0,0.0,0.0,0.0,0.0,ro401,대구광역시 달성군 유가읍,address_candidate,비연안,heatmap,False,unverified_stop_candidate + address_token_candidate
ct_da6b197f9d64eb,13,대구,테마-방방곡곡(사시사철),4,마비정벽화마을,마비정벽화마을,EXPLICIT_SEPARATOR,VISIT_CANDIDATE,False,EXACT_NAME_REGION_CANDIDATE,ctt17,False,G10,PROVISIONAL_PLACE_CATEGORY,1.0,0.0,0.0,0.0,0.0,ctt17,대구광역시 달성군 화원읍,address_candidate,비연안,heatmap,False,unverified_stop_candidate + address_token_candidate
ct_da6b197f9d64eb,13,대구,테마-방방곡곡(사시사철),5,화원자연휴양림,화원자연휴양림,EXPLICIT_SEPARATOR,VISIT_CANDIDATE,False,EXACT_NAME_REGION_CANDIDATE,ctt18,False,G07,PROVISIONAL_PLACE_CATEGORY,0.0,1.0,0.0,0.0,0.0,ctt18,대구광역시 달성군 화원읍,address_candidate,비연안,heatmap,False,unverified_stop_candidate + address_token_candidate
ct_1d6ad4598dff93,14,대구,테마-방방곡곡(군위군 돋보기),6,김수환추기경사랑과나눔공원,김수환추기경사랑과나눔공원,EXPLICIT_SEPARATOR,VISIT_CANDIDATE,False,EXACT_NAME_REGION_CANDIDATE,ctt21,False,G07,PROVISIONAL_PLACE_CATEGORY,0.0,1.0,0.0,0.0,0.0,ctt21,대구광역시 군위군 군위읍,address_candidate,비연안,heatmap,False,unverified_stop_candidate + address_token_candidate
ct_1d6ad4598dff93,14,대구,테마-방방곡곡(군위군 돋보기),8,엄마아빠어렸을적에,엄마아빠어렸을적에,EXPLICIT_SEPARATOR,VISIT_CANDIDATE,False,EXACT_NAME_REGION_CANDIDATE,ctt22,False,G05,PROVISIONAL_PLACE_CATEGORY,0.0,0.0,1.0,0.0,0.0,ctt22,대구광역시 군위군 산성면,address_candidate,비연안,heatmap,False,unverified_stop_candidate + address_token_candidate
ct_d3a976675ffc53,15,대구,테마-방방곡곡(낙동강),3,화원동산,화원동산,EXPLICIT_SEPARATOR,VISIT_CANDIDATE,False,EXACT_NAME_REGION_CANDIDATE,ctu5,False,G07,PROVISIONAL_PLACE_CATEGORY,0.0,1.0,0.0,0.0,0.0,ctu5,대구광역시 달성군 화원읍,address_candidate,비연안,heatmap,False,unverified_stop_candidate + address_token_candidate
ct_d3a976675ffc53,15,대구,테마-방방곡곡(낙동강),5,달성습지,달성습지,EXPLICIT_SEPARATOR,VISIT_CANDIDATE,False,EXACT_NAME_REGION_CANDIDATE,ctt24,False,G07,PROVISIONAL_PLACE_CATEGORY,0.0,1.0,0.0,0.0,0.0,ctt24,대구광역시 달성군 화원읍,address_candidate,비연안,heatmap,False,unverified_stop_candidate + address_token_candidate
ct_9857f916bfa916,17,대구,도심순환코스(12개 정류장),14,⑩수성못,수성못,EXPLICIT_SEPARATOR,VISIT_CANDIDATE,False,EXACT_NAME_REGION_CANDIDATE,nax108,False,G07,PROVISIONAL_PLACE_CATEGORY,0.0,1.0,0.0,0.0,0.0,nax108,대구광역시 수성구 두산동,address_candidate,비연안,heatmap,False,unverified_stop_candidate + address_token_candidate
ct_b75e8d4cf1e318,18,대구,테마(야경 11~3월),4,수성못,수성못,EXPLICIT_SEPARATOR,VISIT_CANDIDATE,False,EXACT_NAME_REGION_CANDIDATE,nax108,False,G07,PROVISIONAL_PLACE_CATEGORY,0.0,1.0,0.0,0.0,0.0,nax108,대구광역시 수성구 두산동,address_candidate,비연안,heatmap,False,unverified_stop_candidate + address_token_candidate
ct_4b24fed6566e54,19,해남,해남시티투어,1,산이정원,산이정원,EXPLICIT_SEPARATOR,VISIT_CANDIDATE,False,EXACT_NAME_REGION_CANDIDATE,ctu6,False,G07,PROVISIONAL_PLACE_CATEGORY,0.0,1.0,0.0,0.0,0.0,ctu6,전남광주통합특별시 해남군 산이면,address_candidate,연안 어촌,heatmap,False,unverified_stop_candidate + address_token_candidate
ct_4b24fed6566e54,19,해남,해남시티투어,2,대흥사,대흥사,EXPLICIT_SEPARATOR,VISIT_CANDIDATE,False,EXACT_NAME_REGION_CANDIDATE,nax407,False,G10,PROVISIONAL_PLACE_CATEGORY,1.0,0.0,0.0,0.0,0.0,nax407,전남광주통합특별시 해남군 삼산면,address_candidate,비연안,heatmap,False,unverified_stop_candidate + address_token_candidate
ct_49fb403c953735,20,광양,광양역사코스,4,광양향교,광양향교,EXPLICIT_SEPARATOR,VISIT_CANDIDATE,False,EXACT_NAME_REGION_CANDIDATE,ctu7,False,G10,PROVISIONAL_PLACE_CATEGORY,1.0,0.0,0.0,0.0,0.0,ctu7,전남광주통합특별시 광양시 광양읍,address_candidate,연안 어촌,heatmap,False,unverified_stop_candidate + address_token_candidate
ct_49fb403c953735,20,광양,광양역사코스,7,배알도섬정원,배알도섬정원,EXPLICIT_SEPARATOR,VISIT_CANDIDATE,False,EXACT_NAME_REGION_CANDIDATE,ctu8,False,G07,PROVISIONAL_PLACE_CATEGORY,0.0,1.0,0.0,0.0,0.0,ctu8,전남광주통합특별시 광양시 태인동,address_candidate,연안 도시,heatmap,False,unverified_stop_candidate + address_token_candidate
ct_b97fea5cc3f414,21,광양,광양힐링코스,3,백운산자연휴양림,백운산자연휴양림,EXPLICIT_SEPARATOR,VISIT_CANDIDATE,False,EXACT_NAME_REGION_CANDIDATE,ctt39,False,G07,PROVISIONAL_PLACE_CATEGORY,0.0,1.0,0.0,0.0,0.0,ctt39,전남광주통합특별시 광양시 옥룡면,address_candidate,비연안,heatmap,False,unverified_stop_candidate + address_token_candidate
ct_b97fea5cc3f414,21,광양,광양힐링코스,5,불고기특화거리(중식),불고기특화거리,EXPLICIT_SEPARATOR,VISIT_CANDIDATE,False,QUALIFIED_NAME_CANDIDATE,ctt41,False,G03,PROVISIONAL_PLACE_CATEGORY,0.0,0.0,0.0,1.0,0.0,ctt41,전남광주통합특별시 광양시 광양읍,address_candidate,연안 어촌,heatmap,False,unverified_stop_candidate + address_token_candidate
ct_b97fea5cc3f414,21,광양,광양힐링코스,7,전남도립미술관,전남도립미술관,EXPLICIT_SEPARATOR,VISIT_CANDIDATE,False,EXACT_NAME_REGION_CANDIDATE,ctu9,False,G05,PROVISIONAL_PLACE_CATEGORY,0.0,0.0,1.0,0.0,0.0,ctu9,전남광주통합특별시 광양시 광양읍,address_candidate,연안 어촌,heatmap,False,unverified_stop_candidate + address_token_candidate
ct_b97fea5cc3f414,21,광양,광양힐링코스,8,예술창고,예술창고,EXPLICIT_SEPARATOR,VISIT_CANDIDATE,False,QUALIFIED_NAME_CANDIDATE,ctu10,False,G05,PROVISIONAL_PLACE_CATEGORY,0.0,0.0,1.0,0.0,0.0,ctu10,전남광주통합특별시 광양시 광양읍,address_candidate,연안 어촌,heatmap,False,unverified_stop_candidate + address_token_candidate
ct_941018a965809c,22,광양,야경코스,5,배알도섬정원,배알도섬정원,EXPLICIT_SEPARATOR,VISIT_CANDIDATE,False,EXACT_NAME_REGION_CANDIDATE,ctu8,False,G07,PROVISIONAL_PLACE_CATEGORY,0.0,1.0,0.0,0.0,0.0,ctu8,전남광주통합특별시 광양시 태인동,address_candidate,연안 도시,heatmap,False,unverified_stop_candidate + address_token_candidate
ct_83465bf3a690f2,23,여수,야간테마코스(시간을달리는버스커),8,거북선대교,거북선대교,EXPLICIT_SEPARATOR,VISIT_CANDIDATE,False,EXACT_NAME_REGION_CANDIDATE,ctu14,False,G01,PROVISIONAL_PLACE_CATEGORY,0.0,0.0,0.0,0.0,1.0,ctu14,전남광주통합특별시 여수시 돌산읍,address_candidate,연안 어촌,heatmap,False,unverified_stop_candidate + address_token_candidate
ct_a7f13a177e5633,29,여수,제2코스,6,낭도,낭도,EXPLICIT_SEPARATOR,VISIT_CANDIDATE,False,EXACT_NAME_REGION_CANDIDATE,ctt52,False,G01,PROVISIONAL_PLACE_CATEGORY,0.0,0.0,0.0,0.0,1.0,ctt52,전남광주통합특별시 여수시 화정면,address_candidate,연안 어촌,heatmap,False,unverified_stop_candidate + address_token_candidate
ct_a7f13a177e5633,29,여수,제2코스,8,팔영대교,팔영대교,EXPLICIT_SEPARATOR,VISIT_CANDIDATE,False,EXACT_NAME_REGION_CANDIDATE,ctu18,False,G01,PROVISIONAL_PLACE_CATEGORY,0.0,0.0,0.0,0.0,1.0,ctu18,전남광주통합특별시 여수시 화정면,address_candidate,연안 어촌,heatmap,False,unverified_stop_candidate + address_token_candidate
ct_a7f13a177e5633,29,여수,제2코스,10,가사리생태공원,가사리생태공원,EXPLICIT_SEPARATOR,VISIT_CANDIDATE,False,EXACT_NAME_REGION_CANDIDATE,ctt55,False,G07,PROVISIONAL_PLACE_CATEGORY,0.0,1.0,0.0,0.0,0.0,ctt55,전남광주통합특별시 여수시 소라면,address_candidate,연안 어촌,heatmap,False,unverified_stop_candidate + address_token_candidate
ct_a7f13a177e5633,29,여수,제2코스,11,서틀러다육식물원,서틀러다육식물원,EXPLICIT_SEPARATOR,VISIT_CANDIDATE,False,EXACT_NAME_REGION_CANDIDATE,ctu19,False,G05,PROVISIONAL_PLACE_CATEGORY,0.0,0.0,1.0,0.0,0.0,ctu19,전남광주통합특별시 여수시 소라면,address_candidate,연안 어촌,heatmap,False,unverified_stop_candidate + address_token_candidate
ct_1845f5c9950df4,31,목포,별빛물결시티투어,3,유달유원지,유달유원지,EXPLICIT_SEPARATOR,VISIT_CANDIDATE,False,EXACT_NAME_REGION_CANDIDATE,ctt57,False,G07,PROVISIONAL_PLACE_CATEGORY,0.0,1.0,0.0,0.0,0.0,ctt57,전남광주통합특별시 목포시 죽교동,address_candidate,연안 도시,heatmap,False,unverified_stop_candidate + address_token_candidate
ct_1845f5c9950df4,31,목포,별빛물결시티투어,6,목포항구포차,목포항구포차,EXPLICIT_SEPARATOR,VISIT_CANDIDATE,False,EXACT_NAME_REGION_CANDIDATE,nax218,False,G03,PROVISIONAL_PLACE_CATEGORY,0.0,0.0,0.0,1.0,0.0,nax218,전남광주통합특별시 목포시 만호동,address_candidate,연안 도시,heatmap,False,unverified_stop_candidate + address_token_candidate
ct_02725290337c6e,33,화성,테마와 하루(해양생태 체험),1,화성요트,화성요트,EXPLICIT_SEPARATOR,VISIT_CANDIDATE,False,EXACT_NAME_REGION_CANDIDATE,ctt62,False,G05,PROVISIONAL_PLACE_CATEGORY,0.0,0.0,1.0,0.0,0.0,ctt62,경기도 화성시 만세구 서신면,address_candidate,연안 어촌,heatmap,False,unverified_stop_candidate + address_token_candidate
ct_0647088739be8e,34,화성,테마와 하루(문화예술 체험),1,민들레연극마을,민들레연극마을,EXPLICIT_SEPARATOR,VISIT_CANDIDATE,False,EXACT_NAME_REGION_CANDIDATE,ctu20,False,G05,PROVISIONAL_PLACE_CATEGORY,0.0,0.0,1.0,0.0,0.0,ctu20,경기도 화성시 만세구 우정읍,address_candidate,연안 어촌,heatmap,False,unverified_stop_candidate + address_token_candidate
ct_0647088739be8e,34,화성,테마와 하루(문화예술 체험),2,화성시공예문화관,화성시공예문화관,EXPLICIT_SEPARATOR,VISIT_CANDIDATE,False,EXACT_NAME_REGION_CANDIDATE,ctt63,False,G07,PROVISIONAL_PLACE_CATEGORY,0.0,1.0,0.0,0.0,0.0,ctt63,경기도 화성시 만세구 우정읍,address_candidate,연안 어촌,heatmap,False,unverified_stop_candidate + address_token_candidate
ct_0647088739be8e,34,화성,테마와 하루(문화예술 체험),3,예랑도예원,예랑도예원,EXPLICIT_SEPARATOR,VISIT_CANDIDATE,False,EXACT_NAME_REGION_CANDIDATE,ctt64,False,G07,PROVISIONAL_PLACE_CATEGORY,0.0,1.0,0.0,0.0,0.0,ctt64,경기도 화성시 효행구 봉담읍,address_candidate,비연안,heatmap,False,unverified_stop_candidate + address_token_candidate
ct_18f8d2d6e6ecbb,35,화성,테마와 하루(목장 체험),1,진주목장,진주목장,EXPLICIT_SEPARATOR,VISIT_CANDIDATE,False,EXACT_NAME_REGION_CANDIDATE,ctt66,False,G07,PROVISIONAL_PLACE_CATEGORY,0.0,1.0,0.0,0.0,0.0,ctt66,경기도 화성시 효행구 비봉면,address_candidate,비연안,heatmap,False,unverified_stop_candidate + address_token_candidate
ct_18f8d2d6e6ecbb,35,화성,테마와 하루(목장 체험),3,라바팜스토리,라바팜스토리,EXPLICIT_SEPARATOR,VISIT_CANDIDATE,False,EXACT_NAME_REGION_CANDIDATE,ctt67,False,G05,PROVISIONAL_PLACE_CATEGORY,0.0,0.0,1.0,0.0,0.0,ctt67,경기도 화성시 만세구 남양읍,address_candidate,연안 어촌,heatmap,False,unverified_stop_candidate + address_token_candidate
ct_bdf659310ea2d8,41,화성,열차와 하루,3,제부도,제부도,EXPLICIT_SEPARATOR,VISIT_CANDIDATE,False,EXACT_NAME_REGION_CANDIDATE,ctt74,False,G01,PROVISIONAL_PLACE_CATEGORY,0.0,0.0,0.0,0.0,1.0,ctt74,경기도 화성시 만세구 서신면,address_candidate,연안 어촌,heatmap,False,unverified_stop_candidate + address_token_candidate
ct_2cc8b9554c96b1,43,화성,역사와 하루2,3,남양성모성지,남양성모성지,EXPLICIT_SEPARATOR,VISIT_CANDIDATE,False,EXACT_NAME_REGION_CANDIDATE,ctt79,False,G10,PROVISIONAL_PLACE_CATEGORY,1.0,0.0,0.0,0.0,0.0,ctt79,경기도 화성시 만세구 남양읍,address_candidate,연안 어촌,heatmap,False,unverified_stop_candidate + address_token_candidate
ct_52fe5a29aee3e7,48,합천,합천광역시티투어 누비고,1,해인사,해인사,EXPLICIT_SEPARATOR,VISIT_CANDIDATE,False,EXACT_NAME_REGION_CANDIDATE,nax256,False,G10,PROVISIONAL_PLACE_CATEGORY,1.0,0.0,0.0,0.0,0.0,nax256,경상남도 합천군 가야면,address_candidate,비연안,heatmap,False,unverified_stop_candidate + address_token_candidate
ct_52fe5a29aee3e7,48,합천,합천광역시티투어 누비고,2,핫들생태공원,핫들생태공원,EXPLICIT_SEPARATOR,VISIT_CANDIDATE,False,EXACT_NAME_REGION_CANDIDATE,ctt83,False,G07,PROVISIONAL_PLACE_CATEGORY,0.0,1.0,0.0,0.0,0.0,ctt83,경상남도 합천군 율곡면,address_candidate,비연안,heatmap,False,unverified_stop_candidate + address_token_candidate
ct_17e0dd4d30822e,49,밀양,삼랑진권 투어,2,여여정사,여여정사,EXPLICIT_SEPARATOR,VISIT_CANDIDATE,False,EXACT_NAME_REGION_CANDIDATE,ro428,False,G10,PROVISIONAL_PLACE_CATEGORY,1.0,0.0,0.0,0.0,0.0,ro428,경상남도 밀양시 삼랑진읍,address_candidate,비연안,heatmap,False,unverified_stop_candidate + address_token_candidate
ct_17e0dd4d30822e,49,밀양,삼랑진권 투어,3,만어사,만어사,EXPLICIT_SEPARATOR,VISIT_CANDIDATE,False,EXACT_NAME_REGION_CANDIDATE,ctt84,False,G10,PROVISIONAL_PLACE_CATEGORY,1.0,0.0,0.0,0.0,0.0,ctt84,경상남도 밀양시 삼랑진읍,address_candidate,비연안,heatmap,False,unverified_stop_candidate + address_token_candidate
ct_17e0dd4d30822e,49,밀양,삼랑진권 투어,5,트윈터널,트윈터널,EXPLICIT_SEPARATOR,VISIT_CANDIDATE,False,EXACT_NAME_REGION_CANDIDATE,nax857,False,G04,PROVISIONAL_PLACE_CATEGORY,0.0,0.0,1.0,0.0,0.0,nax857,경상남도 밀양시 삼랑진읍,address_candidate,비연안,heatmap,False,unverified_stop_candidate + address_token_candidate
ct_17e0dd4d30822e,49,밀양,삼랑진권 투어,7,수산제역사공원,수산제역사공원,EXPLICIT_SEPARATOR,VISIT_CANDIDATE,False,EXACT_NAME_REGION_CANDIDATE,ctt85,False,G07,PROVISIONAL_PLACE_CATEGORY,0.0,1.0,0.0,0.0,0.0,ctt85,경상남도 밀양시 하남읍,address_candidate,비연안,heatmap,False,unverified_stop_candidate + address_token_candidate
ct_20eb1ae44f44d4,50,밀양,영남알프스권 투어 1,2,선샤인밀양테마파크,선샤인밀양테마파크,EXPLICIT_SEPARATOR,VISIT_CANDIDATE,False,EXACT_NAME_REGION_CANDIDATE,ro433,False,G05,PROVISIONAL_PLACE_CATEGORY,0.0,0.0,1.0,0.0,0.0,ro433,경상남도 밀양시 단장면,address_candidate,비연안,heatmap,False,unverified_stop_candidate + address_token_candidate
ct_20eb1ae44f44d4,50,밀양,영남알프스권 투어 1,5,표충사,표충사,EXPLICIT_SEPARATOR,VISIT_CANDIDATE,False,EXACT_NAME_REGION_CANDIDATE,nax675,False,G10,PROVISIONAL_PLACE_CATEGORY,1.0,0.0,0.0,0.0,0.0,nax675,경상남도 밀양시 단장면,address_candidate,비연안,heatmap,False,unverified_stop_candidate + address_token_candidate
ct_d1e99a0d119f73,51,밀양,시내권 투어 1,9,위양지,위양지,EXPLICIT_SEPARATOR,VISIT_CANDIDATE,False,EXACT_NAME_REGION_CANDIDATE,nax856,False,G07,PROVISIONAL_PLACE_CATEGORY,0.0,1.0,0.0,0.0,0.0,nax856,경상남도 밀양시 부북면,address_candidate,비연안,heatmap,False,unverified_stop_candidate + address_token_candidate
ct_78497ddd68fd45,52,사천,우주항공산업투어,3,항공우주과학관,항공우주과학관,EXPLICIT_SEPARATOR,VISIT_CANDIDATE,False,QUALIFIED_NAME_CANDIDATE,ctu26,False,G05,PROVISIONAL_PLACE_CATEGORY,0.0,0.0,1.0,0.0,0.0,ctu26,경상남도 사천시 사남면,address_candidate,연안 어촌,heatmap,False,unverified_stop_candidate + address_token_candidate
ct_78497ddd68fd45,52,사천,우주항공산업투어,4,항공우주박물관,항공우주박물관,EXPLICIT_SEPARATOR,VISIT_CANDIDATE,False,EXACT_NAME_REGION_CANDIDATE,ro355,False,G10,PROVISIONAL_PLACE_CATEGORY,1.0,0.0,0.0,0.0,0.0,ro355,경상남도 사천시 사남면,address_candidate,연안 어촌,heatmap,False,unverified_stop_candidate + address_token_candidate
ct_78497ddd68fd45,52,사천,우주항공산업투어,6,무지갯빛해안도로,무지갯빛해안도로,EXPLICIT_SEPARATOR,VISIT_CANDIDATE,False,EXACT_NAME_REGION_CANDIDATE,ctt90,False,G07,PROVISIONAL_PLACE_CATEGORY,0.0,1.0,0.0,0.0,0.0,ctt90,경상남도 사천시 용현면,address_candidate,연안 어촌,heatmap,False,unverified_stop_candidate + address_token_candidate
ct_824d1bcb38ec4b,54,사천,이순신승전길투어,2,무지갯빛해안도로,무지갯빛해안도로,EXPLICIT_SEPARATOR,VISIT_CANDIDATE,False,EXACT_NAME_REGION_CANDIDATE,ctt90,False,G07,PROVISIONAL_PLACE_CATEGORY,0.0,1.0,0.0,0.0,0.0,ctt90,경상남도 사천시 용현면,address_candidate,연안 어촌,heatmap,False,unverified_stop_candidate + address_token_candidate
ct_6b62f6c5e28b9c,55,사천,바다투어,1,무지갯빛해안도로,무지갯빛해안도로,EXPLICIT_SEPARATOR,VISIT_CANDIDATE,False,EXACT_NAME_REGION_CANDIDATE,ctt90,False,G07,PROVISIONAL_PLACE_CATEGORY,0.0,1.0,0.0,0.0,0.0,ctt90,경상남도 사천시 용현면,address_candidate,연안 어촌,heatmap,False,unverified_stop_candidate + address_token_candidate
ct_b8b6f8a37ebdf8,56,사천,별빛투어,3,항공우주과학관,항공우주과학관,EXPLICIT_SEPARATOR,VISIT_CANDIDATE,False,QUALIFIED_NAME_CANDIDATE,ctu26,False,G05,PROVISIONAL_PLACE_CATEGORY,0.0,0.0,1.0,0.0,0.0,ctu26,경상남도 사천시 사남면,address_candidate,연안 어촌,heatmap,False,unverified_stop_candidate + address_token_candidate
ct_b8b6f8a37ebdf8,56,사천,별빛투어,4,항공우주박물관,항공우주박물관,EXPLICIT_SEPARATOR,VISIT_CANDIDATE,False,EXACT_NAME_REGION_CANDIDATE,ro355,False,G10,PROVISIONAL_PLACE_CATEGORY,1.0,0.0,0.0,0.0,0.0,ro355,경상남도 사천시 사남면,address_candidate,연안 어촌,heatmap,False,unverified_stop_candidate + address_token_candidate
ct_b8b6f8a37ebdf8,56,사천,별빛투어,6,무지갯빛해안도로,무지갯빛해안도로,EXPLICIT_SEPARATOR,VISIT_CANDIDATE,False,EXACT_NAME_REGION_CANDIDATE,ctt90,False,G07,PROVISIONAL_PLACE_CATEGORY,0.0,1.0,0.0,0.0,0.0,ctt90,경상남도 사천시 용현면,address_candidate,연안 어촌,heatmap,False,unverified_stop_candidate + address_token_candidate
ct_572b4d8191127a,58,영주,선비 코스,3,부석사,부석사,EXPLICIT_SEPARATOR,VISIT_CANDIDATE,False,EXACT_NAME_REGION_CANDIDATE,nax219,False,G10,PROVISIONAL_PLACE_CATEGORY,1.0,0.0,0.0,0.0,0.0,nax219,경상북도 영주시 부석면,address_candidate,비연안,heatmap,False,unverified_stop_candidate + address_token_candidate
ct_572b4d8191127a,58,영주,선비 코스,4,금성대군신단,금성대군신단,EXPLICIT_SEPARATOR,VISIT_CANDIDATE,False,QUALIFIED_NAME_CANDIDATE,ctt95,False,G10,PROVISIONAL_PLACE_CATEGORY,1.0,0.0,0.0,0.0,0.0,ctt95,경상북도 영주시 순흥면,address_candidate,비연안,heatmap,False,unverified_stop_candidate + address_token_candidate
ct_572b4d8191127a,58,영주,선비 코스,5,소수서원,소수서원,EXPLICIT_SEPARATOR,VISIT_CANDIDATE,False,EXACT_NAME_REGION_CANDIDATE,nax220,False,G10,PROVISIONAL_PLACE_CATEGORY,1.0,0.0,0.0,0.0,0.0,nax220,경상북도 영주시 순흥면,address_candidate,비연안,heatmap,False,unverified_stop_candidate + address_token_candidate
ct_572b4d8191127a,58,영주,선비 코스,6,선비촌,선비촌,EXPLICIT_SEPARATOR,VISIT_CANDIDATE,False,EXACT_NAME_REGION_CANDIDATE,nax222,False,G10,PROVISIONAL_PLACE_CATEGORY,1.0,0.0,0.0,0.0,0.0,nax222,경상북도 영주시 순흥면,address_candidate,비연안,heatmap,False,unverified_stop_candidate + address_token_candidate
ct_c93b13bf48e761,59,영주,물돌이 코스,8,무섬마을,무섬마을,EXPLICIT_SEPARATOR,VISIT_CANDIDATE,False,EXACT_NAME_REGION_CANDIDATE,nax221,False,G10,PROVISIONAL_PLACE_CATEGORY,1.0,0.0,0.0,0.0,0.0,nax221,경상북도 영주시 문수면,address_candidate,비연안,heatmap,False,unverified_stop_candidate + address_token_candidate
ct_e613bd3839189c,60,익산,순환형2,4,교도소세트장,교도소세트장,EXPLICIT_SEPARATOR,VISIT_CANDIDATE,False,QUALIFIED_NAME_CANDIDATE,nax847,False,G04,PROVISIONAL_PLACE_CATEGORY,0.0,0.0,1.0,0.0,0.0,nax847,전북특별자치도 익산시 성당면,address_candidate,비연안,heatmap,False,unverified_stop_candidate + address_token_candidate
ct_e613bd3839189c,60,익산,순환형2,5,미륵사지(국립익산박물관),미륵사지,EXPLICIT_SEPARATOR,VISIT_CANDIDATE,False,PAREN_ALIAS_CANDIDATE,nax425,False,G10,PROVISIONAL_PLACE_CATEGORY,1.0,0.0,0.0,0.0,0.0,nax425,전북특별자치도 익산시 금마면,address_candidate,비연안,heatmap,False,unverified_stop_candidate + address_token_candidate
ct_e613bd3839189c,60,익산,순환형2,6,왕궁리유적(백제왕궁),왕궁리유적,EXPLICIT_SEPARATOR,VISIT_CANDIDATE,False,PAREN_ALIAS_CANDIDATE,nax426,False,G10,PROVISIONAL_PLACE_CATEGORY,1.0,0.0,0.0,0.0,0.0,nax426,전북특별자치도 익산시 왕궁면,address_candidate,비연안,heatmap,False,unverified_stop_candidate + address_token_candidate
ct_e613bd3839189c,60,익산,순환형2,7,보석박물관,보석박물관,EXPLICIT_SEPARATOR,VISIT_CANDIDATE,False,QUALIFIED_NAME_CANDIDATE,nax427,False,G04,PROVISIONAL_PLACE_CATEGORY,0.0,0.0,1.0,0.0,0.0,nax427,전북특별자치도 익산시 왕궁면,address_candidate,비연안,heatmap,False,unverified_stop_candidate + address_token_candidate
ct_c543fc703f1159,61,익산,순환형1,4,교도소세트장,교도소세트장,EXPLICIT_SEPARATOR,VISIT_CANDIDATE,False,QUALIFIED_NAME_CANDIDATE,nax847,False,G04,PROVISIONAL_PLACE_CATEGORY,0.0,0.0,1.0,0.0,0.0,nax847,전북특별자치도 익산시 성당면,address_candidate,비연안,heatmap,False,unverified_stop_candidate + address_token_candidate
ct_c543fc703f1159,61,익산,순환형1,5,미륵사지(국립익산박물관),미륵사지,EXPLICIT_SEPARATOR,VISIT_CANDIDATE,False,PAREN_ALIAS_CANDIDATE,nax425,False,G10,PROVISIONAL_PLACE_CATEGORY,1.0,0.0,0.0,0.0,0.0,nax425,전북특별자치도 익산시 금마면,address_candidate,비연안,heatmap,False,unverified_stop_candidate + address_token_candidate
ct_c543fc703f1159,61,익산,순환형1,6,왕궁리유적(백제왕궁),왕궁리유적,EXPLICIT_SEPARATOR,VISIT_CANDIDATE,False,PAREN_ALIAS_CANDIDATE,nax426,False,G10,PROVISIONAL_PLACE_CATEGORY,1.0,0.0,0.0,0.0,0.0,nax426,전북특별자치도 익산시 왕궁면,address_candidate,비연안,heatmap,False,unverified_stop_candidate + address_token_candidate
ct_c543fc703f1159,61,익산,순환형1,7,보석박물관,보석박물관,EXPLICIT_SEPARATOR,VISIT_CANDIDATE,False,QUALIFIED_NAME_CANDIDATE,nax427,False,G04,PROVISIONAL_PLACE_CATEGORY,0.0,0.0,1.0,0.0,0.0,nax427,전북특별자치도 익산시 왕궁면,address_candidate,비연안,heatmap,False,unverified_stop_candidate + address_token_candidate
ct_73908901775f5c,63,익산,세계유산코스,3,왕궁리유적(백제왕궁),왕궁리유적,EXPLICIT_SEPARATOR,VISIT_CANDIDATE,False,PAREN_ALIAS_CANDIDATE,nax426,False,G10,PROVISIONAL_PLACE_CATEGORY,1.0,0.0,0.0,0.0,0.0,nax426,전북특별자치도 익산시 왕궁면,address_candidate,비연안,heatmap,False,unverified_stop_candidate + address_token_candidate
ct_73908901775f5c,63,익산,세계유산코스,4,미륵사지(국립익산박물관),미륵사지,EXPLICIT_SEPARATOR,VISIT_CANDIDATE,False,PAREN_ALIAS_CANDIDATE,nax425,False,G10,PROVISIONAL_PLACE_CATEGORY,1.0,0.0,0.0,0.0,0.0,nax425,전북특별자치도 익산시 금마면,address_candidate,비연안,heatmap,False,unverified_stop_candidate + address_token_candidate
ct_68e342ed3c052f,64,익산,익산숨은보석찾기코스,4,교도소세트장,교도소세트장,EXPLICIT_SEPARATOR,VISIT_CANDIDATE,False,QUALIFIED_NAME_CANDIDATE,nax847,False,G04,PROVISIONAL_PLACE_CATEGORY,0.0,0.0,1.0,0.0,0.0,nax847,전북특별자치도 익산시 성당면,address_candidate,비연안,heatmap,False,unverified_stop_candidate + address_token_candidate
ct_68e342ed3c052f,64,익산,익산숨은보석찾기코스,5,보석박물관,보석박물관,EXPLICIT_SEPARATOR,VISIT_CANDIDATE,False,QUALIFIED_NAME_CANDIDATE,nax427,False,G04,PROVISIONAL_PLACE_CATEGORY,0.0,0.0,1.0,0.0,0.0,nax427,전북특별자치도 익산시 왕궁면,address_candidate,비연안,heatmap,False,unverified_stop_candidate + address_token_candidate
ct_84ffabae716404,65,홍성,죽도코스,2,남당항,남당항,EXPLICIT_SEPARATOR,VISIT_CANDIDATE,False,EXACT_NAME_REGION_CANDIDATE,nax908,False,G03,PROVISIONAL_PLACE_CATEGORY,0.0,0.0,0.0,1.0,0.0,nax908,충청남도 홍성군 서부면,address_candidate,연안 어촌,heatmap,False,unverified_stop_candidate + address_token_candidate
ct_84ffabae716404,65,홍성,죽도코스,5,홍성스카이타워,홍성스카이타워,EXPLICIT_SEPARATOR,VISIT_CANDIDATE,False,EXACT_NAME_REGION_CANDIDATE,ro290,False,G05,PROVISIONAL_PLACE_CATEGORY,0.0,0.0,1.0,0.0,0.0,ro290,충청남도 홍성군 서부면,address_candidate,연안 어촌,heatmap,False,unverified_stop_candidate + address_token_candidate
ct_1d32ffebd246d5,66,홍성,"전통시장코스(홍성) 1,6일 운영",2,홍주읍성,홍주읍성,EXPLICIT_SEPARATOR,VISIT_CANDIDATE,False,EXACT_NAME_REGION_CANDIDATE,nax909,False,G09,PROVISIONAL_PLACE_CATEGORY,1.0,0.0,0.0,0.0,0.0,nax909,충청남도 홍성군 홍성읍,address_candidate,비연안,heatmap,False,unverified_stop_candidate + address_token_candidate
ct_1d32ffebd246d5,66,홍성,"전통시장코스(홍성) 1,6일 운영",3,홍성전통시장,홍성전통시장,EXPLICIT_SEPARATOR,VISIT_CANDIDATE,False,EXACT_NAME_REGION_CANDIDATE,ro717,False,G03,PROVISIONAL_PLACE_CATEGORY,0.0,0.0,0.0,1.0,0.0,ro717,충청남도 홍성군 홍성읍,address_candidate,비연안,heatmap,False,unverified_stop_candidate + address_token_candidate
ct_c722d90ff66eb2,67,홍성,"전통시장코스(광천) 4,9일 운영",4,그림같은 수목원,그림같은 수목원,EXPLICIT_SEPARATOR,VISIT_CANDIDATE,False,EXACT_NAME_REGION_CANDIDATE,ctt104,False,G07,PROVISIONAL_PLACE_CATEGORY,0.0,1.0,0.0,0.0,0.0,ctt104,충청남도 홍성군 광천읍,address_candidate,비연안,heatmap,False,unverified_stop_candidate + address_token_candidate
ct_c722d90ff66eb2,67,홍성,"전통시장코스(광천) 4,9일 운영",5,광천전통시장,광천전통시장,EXPLICIT_SEPARATOR,VISIT_CANDIDATE,False,EXACT_NAME_REGION_CANDIDATE,ro812,False,G03,PROVISIONAL_PLACE_CATEGORY,0.0,0.0,0.0,1.0,0.0,ro812,충청남도 홍성군 광천읍,address_candidate,비연안,heatmap,False,unverified_stop_candidate + address_token_candidate
ct_8b988867d0e267,68,홍성,남당항 코스,2,남당항 해양분수공원,남당항 해양분수공원,EXPLICIT_SEPARATOR,VISIT_CANDIDATE,False,EXACT_NAME_REGION_CANDIDATE,ro368,False,G07,PROVISIONAL_PLACE_CATEGORY,0.0,1.0,0.0,0.0,0.0,ro368,충청남도 홍성군 서부면,address_candidate,연안 어촌,heatmap,False,unverified_stop_candidate + address_token_candidate
ct_8b988867d0e267,68,홍성,남당항 코스,4,어사리노을공원,어사리노을공원,EXPLICIT_SEPARATOR,VISIT_CANDIDATE,False,EXACT_NAME_REGION_CANDIDATE,ctt106,False,G07,PROVISIONAL_PLACE_CATEGORY,0.0,1.0,0.0,0.0,0.0,ctt106,충청남도 홍성군 서부면,address_candidate,연안 어촌,heatmap,False,unverified_stop_candidate + address_token_candidate
ct_8b988867d0e267,68,홍성,남당항 코스,5,홍성스카이타워,홍성스카이타워,EXPLICIT_SEPARATOR,VISIT_CANDIDATE,False,EXACT_NAME_REGION_CANDIDATE,ro290,False,G05,PROVISIONAL_PLACE_CATEGORY,0.0,0.0,1.0,0.0,0.0,ro290,충청남도 홍성군 서부면,address_candidate,연안 어촌,heatmap,False,unverified_stop_candidate + address_token_candidate
ct_ba06e511559567,69,홍성,역사·문화 코스,2,홍주읍성,홍주읍성,EXPLICIT_SEPARATOR,VISIT_CANDIDATE,False,EXACT_NAME_REGION_CANDIDATE,nax909,False,G09,PROVISIONAL_PLACE_CATEGORY,1.0,0.0,0.0,0.0,0.0,nax909,충청남도 홍성군 홍성읍,address_candidate,비연안,heatmap,False,unverified_stop_candidate + address_token_candidate
ct_94cebe436c068a,70,서산,C코스,2,서산 버드랜드(10:40),서산 버드랜드,EXPLICIT_SEPARATOR,VISIT_CANDIDATE,False,PAREN_ALIAS_CANDIDATE,ctt108,False,G07,PROVISIONAL_PLACE_CATEGORY,0.0,1.0,0.0,0.0,0.0,ctt108,충청남도 서산시 부석면,address_candidate,연안 어촌,heatmap,False,unverified_stop_candidate + address_token_candidate
ct_94cebe436c068a,70,서산,C코스,3,간월도(중식)(12:00),간월도,EXPLICIT_SEPARATOR,VISIT_CANDIDATE,False,PAREN_ALIAS_CANDIDATE,ctu31,False,G01,PROVISIONAL_PLACE_CATEGORY,0.0,0.0,0.0,0.0,1.0,ctu31,충청남도 서산시 부석면,address_candidate,연안 어촌,heatmap,False,unverified_stop_candidate + address_token_candidate
ct_94cebe436c068a,70,서산,C코스,5,해미읍성(15:00),해미읍성,EXPLICIT_SEPARATOR,VISIT_CANDIDATE,False,PAREN_ALIAS_CANDIDATE,nax905,False,G10,PROVISIONAL_PLACE_CATEGORY,1.0,0.0,0.0,0.0,0.0,nax905,충청남도 서산시 해미면,address_candidate,비연안,heatmap,False,unverified_stop_candidate + address_token_candidate
ct_330d0bc9cd3d05,71,서산,B코스,2,황금산(10:40),황금산,EXPLICIT_SEPARATOR,VISIT_CANDIDATE,False,PAREN_ALIAS_CANDIDATE,ctt112,False,G07,PROVISIONAL_PLACE_CATEGORY,0.0,1.0,0.0,0.0,0.0,ctt112,충청남도 서산시 대산읍,address_candidate,연안 어촌,heatmap,False,unverified_stop_candidate + address_token_candidate
ct_330d0bc9cd3d05,71,서산,B코스,3,삼길포항(중식)(12:00),삼길포항,EXPLICIT_SEPARATOR,VISIT_CANDIDATE,False,PAREN_ALIAS_CANDIDATE,ctu32,False,G01,PROVISIONAL_PLACE_CATEGORY,0.0,0.0,0.0,0.0,1.0,ctu32,충청남도 서산시 대산읍,address_candidate,연안 어촌,heatmap,False,unverified_stop_candidate + address_token_candidate
ct_330d0bc9cd3d05,71,서산,B코스,4,안견기념관(13:50),안견기념관,EXPLICIT_SEPARATOR,VISIT_CANDIDATE,False,PAREN_ALIAS_CANDIDATE,ctt113,False,G10,PROVISIONAL_PLACE_CATEGORY,1.0,0.0,0.0,0.0,0.0,ctt113,충청남도 서산시 지곡면,address_candidate,연안 어촌,heatmap,False,unverified_stop_candidate + address_token_candidate
ct_3ed5105d35b251,72,서산,A코스,2,마애여래삼존상(10:30),마애여래삼존상,EXPLICIT_SEPARATOR,VISIT_CANDIDATE,False,QUALIFIED_NAME_CANDIDATE,nax1217,False,G09,PROVISIONAL_PLACE_CATEGORY,1.0,0.0,0.0,0.0,0.0,nax1217,충청남도 서산시 운산면,address_candidate,비연안,heatmap,False,unverified_stop_candidate + address_token_candidate
ct_3ed5105d35b251,72,서산,A코스,5,개심사(14:30),개심사,EXPLICIT_SEPARATOR,VISIT_CANDIDATE,False,PAREN_ALIAS_CANDIDATE,nax906,False,G10,PROVISIONAL_PLACE_CATEGORY,1.0,0.0,0.0,0.0,0.0,nax906,충청남도 서산시 운산면,address_candidate,비연안,heatmap,False,unverified_stop_candidate + address_token_candidate
ct_3ed5105d35b251,72,서산,A코스,6,해미국제성지(16:00),해미국제성지,EXPLICIT_SEPARATOR,VISIT_CANDIDATE,False,PAREN_ALIAS_CANDIDATE,ctt114,False,G10,PROVISIONAL_PLACE_CATEGORY,1.0,0.0,0.0,0.0,0.0,ctt114,충청남도 서산시 해미면,address_candidate,비연안,heatmap,False,unverified_stop_candidate + address_token_candidate
ct_e4444e050c482f,73,천안,일요일,3,홍대용과학관,홍대용과학관,EXPLICIT_SEPARATOR,VISIT_CANDIDATE,False,QUALIFIED_NAME_CANDIDATE,ro496,False,G10,PROVISIONAL_PLACE_CATEGORY,1.0,0.0,0.0,0.0,0.0,ro496,충청남도 천안시 동남구 수신면,address_candidate,비연안,heatmap,False,unverified_stop_candidate + address_token_candidate
ct_6bfb1cb10f19bb,75,천안,목요일,3,유관순열사사적지,유관순열사사적지,EXPLICIT_SEPARATOR,VISIT_CANDIDATE,False,EXACT_NAME_REGION_CANDIDATE,ctt117,False,G10,PROVISIONAL_PLACE_CATEGORY,1.0,0.0,0.0,0.0,0.0,ctt117,충청남도 천안시 동남구 병천면,address_candidate,비연안,heatmap,False,unverified_stop_candidate + address_token_candidate
ct_cba721781124d5,80,원주,원주시티투어(순환형),5,소금산그랜드밸리(건너편),소금산그랜드밸리,EXPLICIT_SEPARATOR,VISIT_CANDIDATE,False,PAREN_ALIAS_CANDIDATE,nax516,False,G05,PROVISIONAL_PLACE_CATEGORY,0.0,0.0,1.0,0.0,0.0,nax516,강원특별자치도 원주시 지정면,address_candidate,비연안,heatmap,False,unverified_stop_candidate + address_token_candidate
ct_cba721781124d5,80,원주,원주시티투어(순환형),6,빙하미술관,빙하미술관,EXPLICIT_SEPARATOR,VISIT_CANDIDATE,False,EXACT_NAME_REGION_CANDIDATE,ctt121,False,G05,PROVISIONAL_PLACE_CATEGORY,0.0,0.0,1.0,0.0,0.0,ctt121,강원특별자치도 원주시 지정면,address_candidate,비연안,heatmap,False,unverified_stop_candidate + address_token_candidate
ct_cba721781124d5,80,원주,원주시티투어(순환형),8,뮤지엄산,뮤지엄산,EXPLICIT_SEPARATOR,VISIT_CANDIDATE,False,EXACT_NAME_REGION_CANDIDATE,nax517,False,G05,PROVISIONAL_PLACE_CATEGORY,0.0,0.0,1.0,0.0,0.0,nax517,강원특별자치도 원주시 지정면,address_candidate,비연안,heatmap,False,unverified_stop_candidate + address_token_candidate
ct_cba721781124d5,80,원주,원주시티투어(순환형),10,소금산그랜드밸리,소금산그랜드밸리,EXPLICIT_SEPARATOR,VISIT_CANDIDATE,False,EXACT_NAME_REGION_CANDIDATE,nax516,False,G05,PROVISIONAL_PLACE_CATEGORY,0.0,0.0,1.0,0.0,0.0,nax516,강원특별자치도 원주시 지정면,address_candidate,비연안,heatmap,False,unverified_stop_candidate + address_token_candidate
ct_809907e22355c9,81,연천,연천명소코스,2,숭의전,숭의전,EXPLICIT_SEPARATOR,VISIT_CANDIDATE,False,EXACT_NAME_REGION_CANDIDATE,ctt122,False,G10,PROVISIONAL_PLACE_CATEGORY,1.0,0.0,0.0,0.0,0.0,ctt122,경기도 연천군 미산면,address_candidate,비연안,heatmap,False,unverified_stop_candidate + address_token_candidate
ct_809907e22355c9,81,연천,연천명소코스,4,은대리 문화벽돌공장,은대리 문화벽돌공장,EXPLICIT_SEPARATOR,VISIT_CANDIDATE,False,EXACT_NAME_REGION_CANDIDATE,ctt123,False,G07,PROVISIONAL_PLACE_CATEGORY,0.0,1.0,0.0,0.0,0.0,ctt123,경기도 연천군 전곡읍,address_candidate,비연안,heatmap,False,unverified_stop_candidate + address_token_candidate
ct_809907e22355c9,81,연천,연천명소코스,5,재인폭포,재인폭포,EXPLICIT_SEPARATOR,VISIT_CANDIDATE,False,EXACT_NAME_REGION_CANDIDATE,ctt124,False,G07,PROVISIONAL_PLACE_CATEGORY,0.0,1.0,0.0,0.0,0.0,ctt124,경기도 연천군 연천읍,address_candidate,비연안,heatmap,False,unverified_stop_candidate + address_token_candidate
ct_ed3a5516a8c6ca,82,연천,안보자연코스,2,태풍전망대,태풍전망대,EXPLICIT_SEPARATOR,VISIT_CANDIDATE,False,EXACT_NAME_REGION_CANDIDATE,ctt125,False,G05,PROVISIONAL_PLACE_CATEGORY,0.0,0.0,1.0,0.0,0.0,ctt125,경기도 연천군 중면,address_candidate,비연안,heatmap,False,unverified_stop_candidate + address_token_candidate
ct_ed3a5516a8c6ca,82,연천,안보자연코스,5,재인폭포,재인폭포,EXPLICIT_SEPARATOR,VISIT_CANDIDATE,False,EXACT_NAME_REGION_CANDIDATE,ctt124,False,G07,PROVISIONAL_PLACE_CATEGORY,0.0,1.0,0.0,0.0,0.0,ctt124,경기도 연천군 연천읍,address_candidate,비연안,heatmap,False,unverified_stop_candidate + address_token_candidate
ct_bd00bd65a80b11,83,연천,역사자연코스,2,임진강 자연센터,임진강 자연센터,EXPLICIT_SEPARATOR,VISIT_CANDIDATE,False,EXACT_NAME_REGION_CANDIDATE,ctt127,False,G07,PROVISIONAL_PLACE_CATEGORY,0.0,1.0,0.0,0.0,0.0,ctt127,경기도 연천군 미산면,address_candidate,비연안,heatmap,False,unverified_stop_candidate + address_token_candidate
ct_bd00bd65a80b11,83,연천,역사자연코스,4,경순왕릉,경순왕릉,EXPLICIT_SEPARATOR,VISIT_CANDIDATE,False,QUALIFIED_NAME_CANDIDATE,ctt128,False,G10,PROVISIONAL_PLACE_CATEGORY,1.0,0.0,0.0,0.0,0.0,ctt128,경기도 연천군 장남면,address_candidate,비연안,heatmap,False,unverified_stop_candidate + address_token_candidate
ct_bd00bd65a80b11,83,연천,역사자연코스,5,고랑포구 역사공원,고랑포구 역사공원,EXPLICIT_SEPARATOR,VISIT_CANDIDATE,False,EXACT_NAME_REGION_CANDIDATE,ctt129,False,G07,PROVISIONAL_PLACE_CATEGORY,0.0,1.0,0.0,0.0,0.0,ctt129,경기도 연천군 장남면,address_candidate,비연안,heatmap,False,unverified_stop_candidate + address_token_candidate
ct_bd00bd65a80b11,83,연천,역사자연코스,6,호로고루,호로고루,EXPLICIT_SEPARATOR,VISIT_CANDIDATE,False,QUALIFIED_NAME_CANDIDATE,ctt130,False,G10,PROVISIONAL_PLACE_CATEGORY,1.0,0.0,0.0,0.0,0.0,ctt130,경기도 연천군 장남면,address_candidate,비연안,heatmap,False,unverified_stop_candidate + address_token_candidate
ct_6e5834d70408a0,88,평택,"문화유산코스 /관광코스 ※무장애코스 월2회 정기운영(3~6월,9~11월)",4,정도전 사당,정도전 사당,EXPLICIT_SEPARATOR,VISIT_CANDIDATE,False,EXACT_NAME_REGION_CANDIDATE,ctt137,False,G10,PROVISIONAL_PLACE_CATEGORY,1.0,0.0,0.0,0.0,0.0,ctt137,경기도 평택시 진위면,address_candidate,비연안,heatmap,False,unverified_stop_candidate + address_token_candidate
ct_6e5834d70408a0,88,평택,"문화유산코스 /관광코스 ※무장애코스 월2회 정기운영(3~6월,9~11월)",6,만기사,만기사,EXPLICIT_SEPARATOR,VISIT_CANDIDATE,False,EXACT_NAME_REGION_CANDIDATE,ctt138,False,G10,PROVISIONAL_PLACE_CATEGORY,1.0,0.0,0.0,0.0,0.0,ctt138,경기도 평택시 진위면,address_candidate,비연안,heatmap,False,unverified_stop_candidate + address_token_candidate
ct_6e5834d70408a0,88,평택,"문화유산코스 /관광코스 ※무장애코스 월2회 정기운영(3~6월,9~11월)",8,팽성읍객사,팽성읍객사,EXPLICIT_SEPARATOR,VISIT_CANDIDATE,False,EXACT_NAME_REGION_CANDIDATE,ctu35,False,G10,PROVISIONAL_PLACE_CATEGORY,1.0,0.0,0.0,0.0,0.0,ctu35,경기도 평택시 팽성읍,address_candidate,비연안,heatmap,False,unverified_stop_candidate + address_token_candidate
ct_6e5834d70408a0,88,평택,"문화유산코스 /관광코스 ※무장애코스 월2회 정기운영(3~6월,9~11월)",9,농성,농성,EXPLICIT_SEPARATOR,VISIT_CANDIDATE,False,EXACT_NAME_REGION_CANDIDATE,ctt140,False,G10,PROVISIONAL_PLACE_CATEGORY,1.0,0.0,0.0,0.0,0.0,ctt140,경기도 평택시 팽성읍,address_candidate,비연안,heatmap,False,unverified_stop_candidate + address_token_candidate
ct_6e5834d70408a0,88,평택,"문화유산코스 /관광코스 ※무장애코스 월2회 정기운영(3~6월,9~11월)",11,심복사,심복사,EXPLICIT_SEPARATOR,VISIT_CANDIDATE,False,EXACT_NAME_REGION_CANDIDATE,ctt142,False,G10,PROVISIONAL_PLACE_CATEGORY,1.0,0.0,0.0,0.0,0.0,ctt142,경기도 평택시 현덕면,address_candidate,연안 어촌,heatmap_and_selected_top5,False,unverified_stop_candidate + address_token_candidate
ct_6e5834d70408a0,88,평택,"문화유산코스 /관광코스 ※무장애코스 월2회 정기운영(3~6월,9~11월)",13,수도사,수도사,EXPLICIT_SEPARATOR,VISIT_CANDIDATE,False,EXACT_NAME_REGION_CANDIDATE,ctt141,False,G10,PROVISIONAL_PLACE_CATEGORY,1.0,0.0,0.0,0.0,0.0,ctt141,경기도 평택시 포승읍,address_candidate,연안 어촌,heatmap,False,unverified_stop_candidate + address_token_candidate
ct_6e5834d70408a0,88,평택,"문화유산코스 /관광코스 ※무장애코스 월2회 정기운영(3~6월,9~11월)",16,평택항홍보관,평택항홍보관,EXPLICIT_SEPARATOR,VISIT_CANDIDATE,False,QUALIFIED_NAME_CANDIDATE,ctt145,False,G05,PROVISIONAL_PLACE_CATEGORY,0.0,0.0,1.0,0.0,0.0,ctt145,경기도 평택시 포승읍,address_candidate,연안 어촌,heatmap,False,unverified_stop_candidate + address_token_candidate
ct_6e5834d70408a0,88,평택,"문화유산코스 /관광코스 ※무장애코스 월2회 정기운영(3~6월,9~11월)",17,웃다리문화촌,웃다리문화촌,EXPLICIT_SEPARATOR,VISIT_CANDIDATE,False,QUALIFIED_NAME_CANDIDATE,ctt146,False,G07,PROVISIONAL_PLACE_CATEGORY,0.0,1.0,0.0,0.0,0.0,ctt146,경기도 평택시 서탄면,address_candidate,비연안,heatmap,False,unverified_stop_candidate + address_token_candidate
ct_6e5834d70408a0,88,평택,"문화유산코스 /관광코스 ※무장애코스 월2회 정기운영(3~6월,9~11월)",20,내리문화공원,내리문화공원,EXPLICIT_SEPARATOR,VISIT_CANDIDATE,False,EXACT_NAME_REGION_CANDIDATE,ctt149,False,G07,PROVISIONAL_PLACE_CATEGORY,0.0,1.0,0.0,0.0,0.0,ctt149,경기도 평택시 팽성읍,address_candidate,비연안,heatmap,False,unverified_stop_candidate + address_token_candidate
ct_6e5834d70408a0,88,평택,"문화유산코스 /관광코스 ※무장애코스 월2회 정기운영(3~6월,9~11월)",21,안정리예술인광장,안정리예술인광장,EXPLICIT_SEPARATOR,VISIT_CANDIDATE,False,EXACT_NAME_REGION_CANDIDATE,ctt150,False,G07,PROVISIONAL_PLACE_CATEGORY,0.0,1.0,0.0,0.0,0.0,ctt150,경기도 평택시 팽성읍,address_candidate,비연안,heatmap,False,unverified_stop_candidate + address_token_candidate
ct_6e5834d70408a0,88,평택,"문화유산코스 /관광코스 ※무장애코스 월2회 정기운영(3~6월,9~11월)",23,평택호관광단지,평택호관광단지,EXPLICIT_SEPARATOR,VISIT_CANDIDATE,False,EXACT_NAME_REGION_CANDIDATE,ctt152,False,G07,PROVISIONAL_PLACE_CATEGORY,0.0,1.0,0.0,0.0,0.0,ctt152,경기도 평택시 현덕면,address_candidate,연안 어촌,heatmap_and_selected_top5,False,unverified_stop_candidate + address_token_candidate
ct_6e5834d70408a0,88,평택,"문화유산코스 /관광코스 ※무장애코스 월2회 정기운영(3~6월,9~11월)",24,평택항홍보관,평택항홍보관,EXPLICIT_SEPARATOR,VISIT_CANDIDATE,False,QUALIFIED_NAME_CANDIDATE,ctt145,False,G05,PROVISIONAL_PLACE_CATEGORY,0.0,0.0,1.0,0.0,0.0,ctt145,경기도 평택시 포승읍,address_candidate,연안 어촌,heatmap,False,unverified_stop_candidate + address_token_candidate
ct_77585e7300bc39,91,청주,청주시티투어_정기투어_트레킹 투어(토),7,청석굴,청석굴,EXPLICIT_SEPARATOR,VISIT_CANDIDATE,False,QUALIFIED_NAME_CANDIDATE,ctt154,False,G07,PROVISIONAL_PLACE_CATEGORY,0.0,1.0,0.0,0.0,0.0,ctt154,충청북도 청주시 상당구 미원면,address_candidate,비연안,heatmap,False,unverified_stop_candidate + address_token_candidate
ct_a726fc60353090,93,청주,청주시티투어_정기투어_초정힐링 투어(토),3,운보의 집,운보의 집,EXPLICIT_SEPARATOR,VISIT_CANDIDATE,False,EXACT_NAME_REGION_CANDIDATE,ro930,False,G10,PROVISIONAL_PLACE_CATEGORY,1.0,0.0,0.0,0.0,0.0,ro930,충청북도 청주시 청원구 내수읍,address_candidate,비연안,heatmap,False,unverified_stop_candidate + address_token_candidate
ct_a726fc60353090,93,청주,청주시티투어_정기투어_초정힐링 투어(토),5,초정행궁,초정행궁,EXPLICIT_SEPARATOR,VISIT_CANDIDATE,False,EXACT_NAME_REGION_CANDIDATE,ro869,False,G10,PROVISIONAL_PLACE_CATEGORY,1.0,0.0,0.0,0.0,0.0,ro869,충청북도 청주시 청원구 내수읍,address_candidate,비연안,heatmap,False,unverified_stop_candidate + address_token_candidate
ct_86dc46ed127655,94,청주,청주시티투어_정기투어_청남대 투어(수토일),5,청남대,청남대,EXPLICIT_SEPARATOR,VISIT_CANDIDATE,False,EXACT_NAME_REGION_CANDIDATE,nax638,False,G06,PROVISIONAL_PLACE_CATEGORY,0.0,1.0,0.0,0.0,0.0,nax638,충청북도 청주시 상당구 문의면,address_candidate,비연안,heatmap,False,unverified_stop_candidate + address_token_candidate
ct_c68da356b898d6,95,여주,꽃섬투어,3,강천섬,강천섬,EXPLICIT_SEPARATOR,VISIT_CANDIDATE,False,QUALIFIED_NAME_CANDIDATE,ro432,False,G01,PROVISIONAL_PLACE_CATEGORY,0.0,0.0,0.0,0.0,1.0,ro432,경기도 여주시 강천면,address_candidate,비연안,heatmap,False,unverified_stop_candidate + address_token_candidate
ct_c68da356b898d6,95,여주,꽃섬투어,5,대신섬(당남리섬),대신섬,EXPLICIT_SEPARATOR,VISIT_CANDIDATE,False,PAREN_ALIAS_CANDIDATE,ctt156,False,G01,PROVISIONAL_PLACE_CATEGORY,0.0,0.0,0.0,0.0,1.0,ctt156,경기도 여주시 대신면,address_candidate,비연안,heatmap,False,unverified_stop_candidate + address_token_candidate
ct_c68da356b898d6,95,여주,꽃섬투어,6,이포보전망대,이포보전망대,EXPLICIT_SEPARATOR,VISIT_CANDIDATE,False,EXACT_NAME_REGION_CANDIDATE,ctt157,False,G05,PROVISIONAL_PLACE_CATEGORY,0.0,0.0,1.0,0.0,0.0,ctt157,경기도 여주시 대신면,address_candidate,비연안,heatmap,False,unverified_stop_candidate + address_token_candidate
ct_c68da356b898d6,95,여주,꽃섬투어,7,파사성,파사성,EXPLICIT_SEPARATOR,VISIT_CANDIDATE,False,EXACT_NAME_REGION_CANDIDATE,ctt158,False,G10,PROVISIONAL_PLACE_CATEGORY,1.0,0.0,0.0,0.0,0.0,ctt158,경기도 여주시 대신면,address_candidate,비연안,heatmap,False,unverified_stop_candidate + address_token_candidate
ct_bd2de54ec11e6b,97,양산,양산시 가을 시티투어 (자연관광코스),4,황산공원(물금벚꽃길),황산공원,EXPLICIT_SEPARATOR,VISIT_CANDIDATE,False,PAREN_ALIAS_CANDIDATE,nax403,False,G07,PROVISIONAL_PLACE_CATEGORY,0.0,1.0,0.0,0.0,0.0,nax403,경상남도 양산시 물금읍,address_candidate,비연안,heatmap,False,unverified_stop_candidate + address_token_candidate
ct_bd2de54ec11e6b,97,양산,양산시 가을 시티투어 (자연관광코스),5,양산타워,양산타워,EXPLICIT_SEPARATOR,VISIT_CANDIDATE,False,EXACT_NAME_REGION_CANDIDATE,ro615,False,G05,PROVISIONAL_PLACE_CATEGORY,0.0,0.0,1.0,0.0,0.0,ro615,경상남도 양산시 동면,address_candidate,비연안,heatmap,False,unverified_stop_candidate + address_token_candidate
ct_79a18eaed83932,98,양산,양산시 가을 시티투어 (역사문화코스),4,통도사,통도사,EXPLICIT_SEPARATOR,VISIT_CANDIDATE,False,EXACT_NAME_REGION_CANDIDATE,nax401,False,G10,PROVISIONAL_PLACE_CATEGORY,1.0,0.0,0.0,0.0,0.0,nax401,경상남도 양산시 하북면,address_candidate,비연안,heatmap,False,unverified_stop_candidate + address_token_candidate
ct_79a18eaed83932,98,양산,양산시 가을 시티투어 (역사문화코스),5,황산공원,황산공원,EXPLICIT_SEPARATOR,VISIT_CANDIDATE,False,EXACT_NAME_REGION_CANDIDATE,nax403,False,G07,PROVISIONAL_PLACE_CATEGORY,0.0,1.0,0.0,0.0,0.0,nax403,경상남도 양산시 물금읍,address_candidate,비연안,heatmap,False,unverified_stop_candidate + address_token_candidate
ct_956d44d9a821ed,99,양산,2025 6월 시티투어,2,창기마을체험휴양관,창기마을체험휴양관,EXPLICIT_SEPARATOR,VISIT_CANDIDATE,False,EXACT_NAME_REGION_CANDIDATE,ctt161,False,G05,PROVISIONAL_PLACE_CATEGORY,0.0,0.0,1.0,0.0,0.0,ctt161,경상남도 양산시 동면,address_candidate,비연안,heatmap,False,unverified_stop_candidate + address_token_candidate
ct_956d44d9a821ed,99,양산,2025 6월 시티투어,5,법기수원지,법기수원지,EXPLICIT_SEPARATOR,VISIT_CANDIDATE,False,EXACT_NAME_REGION_CANDIDATE,ctt163,False,G07,PROVISIONAL_PLACE_CATEGORY,0.0,1.0,0.0,0.0,0.0,ctt163,경상남도 양산시 동면,address_candidate,비연안,heatmap,False,unverified_stop_candidate + address_token_candidate
ct_a98893fa363590,100,양산,봄꽃체험코스,4,황산공원,황산공원,EXPLICIT_SEPARATOR,VISIT_CANDIDATE,False,EXACT_NAME_REGION_CANDIDATE,nax403,False,G07,PROVISIONAL_PLACE_CATEGORY,0.0,1.0,0.0,0.0,0.0,nax403,경상남도 양산시 물금읍,address_candidate,비연안,heatmap,False,unverified_stop_candidate + address_token_candidate
ct_36cdd5661df6fd,101,봉화,송이축제 문화유적탐방버스,2,닭실마을,닭실마을,EXPLICIT_SEPARATOR,VISIT_CANDIDATE,False,QUALIFIED_NAME_CANDIDATE,ctt165,False,G05,PROVISIONAL_PLACE_CATEGORY,0.0,0.0,1.0,0.0,0.0,ctt165,경상북도 봉화군 봉화읍,address_candidate,비연안,heatmap,False,unverified_stop_candidate + address_token_candidate
ct_36cdd5661df6fd,101,봉화,송이축제 문화유적탐방버스,3,목재문화체험장,목재문화체험장,EXPLICIT_SEPARATOR,VISIT_CANDIDATE,False,QUALIFIED_NAME_CANDIDATE,ctt166,False,G05,PROVISIONAL_PLACE_CATEGORY,0.0,0.0,1.0,0.0,0.0,ctt166,경상북도 봉화군 봉성면,address_candidate,비연안,heatmap,False,unverified_stop_candidate + address_token_candidate
ct_36cdd5661df6fd,101,봉화,송이축제 문화유적탐방버스,5,오전약수관광지,오전약수관광지,EXPLICIT_SEPARATOR,VISIT_CANDIDATE,False,EXACT_NAME_REGION_CANDIDATE,ctu41,False,G07,PROVISIONAL_PLACE_CATEGORY,0.0,1.0,0.0,0.0,0.0,ctu41,경상북도 봉화군 물야면,address_candidate,비연안,heatmap,False,unverified_stop_candidate + address_token_candidate
ct_69c07f148cbc8b,102,봉화,은어축제 문화유적탐방버스,2,닭실마을,닭실마을,EXPLICIT_SEPARATOR,VISIT_CANDIDATE,False,QUALIFIED_NAME_CANDIDATE,ctt165,False,G05,PROVISIONAL_PLACE_CATEGORY,0.0,0.0,1.0,0.0,0.0,ctt165,경상북도 봉화군 봉화읍,address_candidate,비연안,heatmap,False,unverified_stop_candidate + address_token_candidate
ct_69c07f148cbc8b,102,봉화,은어축제 문화유적탐방버스,3,목재문화체험장,목재문화체험장,EXPLICIT_SEPARATOR,VISIT_CANDIDATE,False,QUALIFIED_NAME_CANDIDATE,ctt166,False,G05,PROVISIONAL_PLACE_CATEGORY,0.0,0.0,1.0,0.0,0.0,ctt166,경상북도 봉화군 봉성면,address_candidate,비연안,heatmap,False,unverified_stop_candidate + address_token_candidate
ct_69c07f148cbc8b,102,봉화,은어축제 문화유적탐방버스,5,오전약수관광지,오전약수관광지,EXPLICIT_SEPARATOR,VISIT_CANDIDATE,False,EXACT_NAME_REGION_CANDIDATE,ctu41,False,G07,PROVISIONAL_PLACE_CATEGORY,0.0,1.0,0.0,0.0,0.0,ctu41,경상북도 봉화군 물야면,address_candidate,비연안,heatmap,False,unverified_stop_candidate + address_token_candidate
ct_de90b5933f0b40,103,청도,시티투어,3,소싸움미디어체험관,소싸움미디어체험관,EXPLICIT_SEPARATOR,VISIT_CANDIDATE,False,QUALIFIED_NAME_CANDIDATE,ctt169,False,G05,PROVISIONAL_PLACE_CATEGORY,0.0,0.0,1.0,0.0,0.0,ctt169,경상북도 청도군 화양읍,address_candidate,비연안,heatmap,False,unverified_stop_candidate + address_token_candidate
ct_de90b5933f0b40,103,청도,시티투어,5,와인터널,와인터널,EXPLICIT_SEPARATOR,VISIT_CANDIDATE,False,EXACT_NAME_REGION_CANDIDATE,ctt170,False,G07,PROVISIONAL_PLACE_CATEGORY,0.0,1.0,0.0,0.0,0.0,ctt170,경상북도 청도군 화양읍,address_candidate,비연안,heatmap,False,unverified_stop_candidate + address_token_candidate
ct_a8109db7ba07e7,104,안동,봉정사&만휴정테마,3,만휴정,만휴정,EXPLICIT_SEPARATOR,VISIT_CANDIDATE,False,EXACT_NAME_REGION_CANDIDATE,nax822,False,G09,PROVISIONAL_PLACE_CATEGORY,1.0,0.0,0.0,0.0,0.0,nax822,경상북도 안동시 길안면,address_candidate,비연안,heatmap,False,unverified_stop_candidate + address_token_candidate
ct_a8109db7ba07e7,104,안동,봉정사&만휴정테마,8,봉정사,봉정사,EXPLICIT_SEPARATOR,VISIT_CANDIDATE,False,EXACT_NAME_REGION_CANDIDATE,nax821,False,G10,PROVISIONAL_PLACE_CATEGORY,1.0,0.0,0.0,0.0,0.0,nax821,경상북도 안동시 서후면,address_candidate,비연안,heatmap,False,unverified_stop_candidate + address_token_candidate
ct_bdc4b066f6280d,105,안동,도산서원&예끼마을테마,4,선성수상길,선성수상길,EXPLICIT_SEPARATOR,VISIT_CANDIDATE,False,QUALIFIED_NAME_CANDIDATE,ro558,False,G05,PROVISIONAL_PLACE_CATEGORY,0.0,0.0,1.0,0.0,0.0,ro558,경상북도 안동시 도산면,address_candidate,비연안,heatmap,False,unverified_stop_candidate + address_token_candidate
ct_bdc4b066f6280d,105,안동,도산서원&예끼마을테마,6,이육사문학관,이육사문학관,EXPLICIT_SEPARATOR,VISIT_CANDIDATE,False,QUALIFIED_NAME_CANDIDATE,nax1132,False,G09,PROVISIONAL_PLACE_CATEGORY,1.0,0.0,0.0,0.0,0.0,nax1132,경상북도 안동시 도산면,address_candidate,비연안,heatmap,False,unverified_stop_candidate + address_token_candidate
ct_ec90f983bc7ed6,106,안동,하회마을테마,4,하회장터(중식),하회장터,EXPLICIT_SEPARATOR,VISIT_CANDIDATE,False,QUALIFIED_NAME_CANDIDATE,ctt171,False,G07,PROVISIONAL_PLACE_CATEGORY,0.0,1.0,0.0,0.0,0.0,ctt171,경상북도 안동시 풍천면,address_candidate,비연안,heatmap,False,unverified_stop_candidate + address_token_candidate
ct_b96c711c2cd94d,109,예산,예산군 버스투어,2,수덕사,수덕사,EXPLICIT_SEPARATOR,VISIT_CANDIDATE,False,EXACT_NAME_REGION_CANDIDATE,nax910,False,G10,PROVISIONAL_PLACE_CATEGORY,1.0,0.0,0.0,0.0,0.0,nax910,충청남도 예산군 덕산면,address_candidate,비연안,heatmap,False,unverified_stop_candidate + address_token_candidate
ct_b96c711c2cd94d,109,예산,예산군 버스투어,3,충의사,충의사,EXPLICIT_SEPARATOR,VISIT_CANDIDATE,False,EXACT_NAME_REGION_CANDIDATE,ro850,False,G10,PROVISIONAL_PLACE_CATEGORY,1.0,0.0,0.0,0.0,0.0,ro850,충청남도 예산군 덕산면,address_candidate,비연안,heatmap,False,unverified_stop_candidate + address_token_candidate
ct_b96c711c2cd94d,109,예산,예산군 버스투어,4,덕산메타세쿼이아길,덕산메타세쿼이아길,EXPLICIT_SEPARATOR,VISIT_CANDIDATE,False,EXACT_NAME_REGION_CANDIDATE,ctt175,False,G03,PROVISIONAL_PLACE_CATEGORY,0.0,0.0,0.0,1.0,0.0,ctt175,충청남도 예산군 덕산면,address_candidate,비연안,heatmap,False,unverified_stop_candidate + address_token_candidate
ct_b96c711c2cd94d,109,예산,예산군 버스투어,5,덕산온천족욕장,덕산온천족욕장,EXPLICIT_SEPARATOR,VISIT_CANDIDATE,False,EXACT_NAME_REGION_CANDIDATE,ctt176,False,G07,PROVISIONAL_PLACE_CATEGORY,0.0,1.0,0.0,0.0,0.0,ctt176,충청남도 예산군 덕산면,address_candidate,비연안,heatmap,False,unverified_stop_candidate + address_token_candidate
ct_b96c711c2cd94d,109,예산,예산군 버스투어,7,예산상설시장,예산상설시장,EXPLICIT_SEPARATOR,VISIT_CANDIDATE,False,EXACT_NAME_REGION_CANDIDATE,nax1213,False,G03,PROVISIONAL_PLACE_CATEGORY,0.0,0.0,0.0,1.0,0.0,nax1213,충청남도 예산군 예산읍,address_candidate,비연안,heatmap,False,unverified_stop_candidate + address_token_candidate
ct_03101958100a14,110,부여,부여테마여행,4,궁남지,궁남지,EXPLICIT_SEPARATOR,VISIT_CANDIDATE,False,EXACT_NAME_REGION_CANDIDATE,nax279,False,G07,PROVISIONAL_PLACE_CATEGORY,0.0,1.0,0.0,0.0,0.0,nax279,충청남도 부여군 부여읍,address_candidate,비연안,heatmap,False,unverified_stop_candidate + address_token_candidate
ct_03101958100a14,110,부여,부여테마여행,5,부소산성(황포돛배),부소산성,EXPLICIT_SEPARATOR,VISIT_CANDIDATE,False,PAREN_ALIAS_CANDIDATE,nax277,False,G10,PROVISIONAL_PLACE_CATEGORY,1.0,0.0,0.0,0.0,0.0,nax277,충청남도 부여군 부여읍,address_candidate,비연안,heatmap,False,unverified_stop_candidate + address_token_candidate
ct_03101958100a14,110,부여,부여테마여행,7,국립부여박물관,국립부여박물관,EXPLICIT_SEPARATOR,VISIT_CANDIDATE,False,EXACT_NAME_REGION_CANDIDATE,nax280,False,G10,PROVISIONAL_PLACE_CATEGORY,1.0,0.0,0.0,0.0,0.0,nax280,충청남도 부여군 부여읍,address_candidate,비연안,heatmap,False,unverified_stop_candidate + address_token_candidate
ct_03101958100a14,110,부여,부여테마여행,8,신동엽문학관,신동엽문학관,EXPLICIT_SEPARATOR,VISIT_CANDIDATE,False,EXACT_NAME_REGION_CANDIDATE,ctt179,False,G05,PROVISIONAL_PLACE_CATEGORY,0.0,0.0,1.0,0.0,0.0,ctt179,충청남도 부여군 부여읍,address_candidate,비연안,heatmap,False,unverified_stop_candidate + address_token_candidate
ct_03101958100a14,110,부여,부여테마여행,10,백강문화관,백강문화관,EXPLICIT_SEPARATOR,VISIT_CANDIDATE,False,EXACT_NAME_REGION_CANDIDATE,ctt180,False,G07,PROVISIONAL_PLACE_CATEGORY,0.0,1.0,0.0,0.0,0.0,ctt180,충청남도 부여군 부여읍,address_candidate,비연안,heatmap,False,unverified_stop_candidate + address_token_candidate
ct_03101958100a14,110,부여,부여테마여행,17,무량사,무량사,EXPLICIT_SEPARATOR,VISIT_CANDIDATE,False,QUALIFIED_NAME_CANDIDATE,nax1074,False,G09,PROVISIONAL_PLACE_CATEGORY,1.0,0.0,0.0,0.0,0.0,nax1074,충청남도 부여군 외산면,address_candidate,비연안,heatmap,False,unverified_stop_candidate + address_token_candidate
ct_03101958100a14,110,부여,부여테마여행,19,국립부여박물관,국립부여박물관,EXPLICIT_SEPARATOR,VISIT_CANDIDATE,False,EXACT_NAME_REGION_CANDIDATE,nax280,False,G10,PROVISIONAL_PLACE_CATEGORY,1.0,0.0,0.0,0.0,0.0,nax280,충청남도 부여군 부여읍,address_candidate,비연안,heatmap,False,unverified_stop_candidate + address_token_candidate
ct_03101958100a14,110,부여,부여테마여행,20,백강문화관,백강문화관,EXPLICIT_SEPARATOR,VISIT_CANDIDATE,False,EXACT_NAME_REGION_CANDIDATE,ctt180,False,G07,PROVISIONAL_PLACE_CATEGORY,0.0,1.0,0.0,0.0,0.0,ctt180,충청남도 부여군 부여읍,address_candidate,비연안,heatmap,False,unverified_stop_candidate + address_token_candidate
ct_6c4aceb7545355,111,부여,롯데리조트부여와 함께하는 부여 감성야행,4,국립부여박물관,국립부여박물관,EXPLICIT_SEPARATOR,VISIT_CANDIDATE,False,EXACT_NAME_REGION_CANDIDATE,nax280,False,G10,PROVISIONAL_PLACE_CATEGORY,1.0,0.0,0.0,0.0,0.0,nax280,충청남도 부여군 부여읍,address_candidate,비연안,heatmap,False,unverified_stop_candidate + address_token_candidate
ct_6c4aceb7545355,111,부여,롯데리조트부여와 함께하는 부여 감성야행,6,궁남지,궁남지,EXPLICIT_SEPARATOR,VISIT_CANDIDATE,False,EXACT_NAME_REGION_CANDIDATE,nax279,False,G07,PROVISIONAL_PLACE_CATEGORY,0.0,1.0,0.0,0.0,0.0,nax279,충청남도 부여군 부여읍,address_candidate,비연안,heatmap,False,unverified_stop_candidate + address_token_candidate
ct_6c4aceb7545355,111,부여,롯데리조트부여와 함께하는 부여 감성야행,9,롯데리조트부여(해산),롯데리조트부여,EXPLICIT_SEPARATOR,VISIT_CANDIDATE,False,PAREN_ALIAS_CANDIDATE,rs58,False,,KEYWORD_ESTIMATE,0.0,0.0,1.0,0.0,0.0,rs58,충청남도 부여군 규암면,address_candidate,비연안,heatmap,False,unverified_stop_candidate + address_token_candidate
ct_6c4aceb7545355,111,부여,롯데리조트부여와 함께하는 부여 감성야행,10,백강문화관(해산),백강문화관,EXPLICIT_SEPARATOR,VISIT_CANDIDATE,False,PAREN_ALIAS_CANDIDATE,ctt180,False,G07,PROVISIONAL_PLACE_CATEGORY,0.0,1.0,0.0,0.0,0.0,ctt180,충청남도 부여군 부여읍,address_candidate,비연안,heatmap,False,unverified_stop_candidate + address_token_candidate
ct_6c4aceb7545355,111,부여,롯데리조트부여와 함께하는 부여 감성야행,14,신동엽문학관,신동엽문학관,EXPLICIT_SEPARATOR,VISIT_CANDIDATE,False,EXACT_NAME_REGION_CANDIDATE,ctt179,False,G05,PROVISIONAL_PLACE_CATEGORY,0.0,0.0,1.0,0.0,0.0,ctt179,충청남도 부여군 부여읍,address_candidate,비연안,heatmap,False,unverified_stop_candidate + address_token_candidate
ct_6c4aceb7545355,111,부여,롯데리조트부여와 함께하는 부여 감성야행,16,궁남지,궁남지,EXPLICIT_SEPARATOR,VISIT_CANDIDATE,False,EXACT_NAME_REGION_CANDIDATE,nax279,False,G07,PROVISIONAL_PLACE_CATEGORY,0.0,1.0,0.0,0.0,0.0,nax279,충청남도 부여군 부여읍,address_candidate,비연안,heatmap,False,unverified_stop_candidate + address_token_candidate
ct_6c4aceb7545355,111,부여,롯데리조트부여와 함께하는 부여 감성야행,17,백제문화단지,백제문화단지,EXPLICIT_SEPARATOR,VISIT_CANDIDATE,False,EXACT_NAME_REGION_CANDIDATE,nax281,False,G05,PROVISIONAL_PLACE_CATEGORY,0.0,0.0,1.0,0.0,0.0,nax281,충청남도 부여군 규암면,address_candidate,비연안,heatmap,False,unverified_stop_candidate + address_token_candidate
ct_6c4aceb7545355,111,부여,롯데리조트부여와 함께하는 부여 감성야행,18,롯데리조트부여(해산),롯데리조트부여,EXPLICIT_SEPARATOR,VISIT_CANDIDATE,False,PAREN_ALIAS_CANDIDATE,rs58,False,,KEYWORD_ESTIMATE,0.0,0.0,1.0,0.0,0.0,rs58,충청남도 부여군 규암면,address_candidate,비연안,heatmap,False,unverified_stop_candidate + address_token_candidate
ct_abd1e371e69550,112,정선,아리랑열차 연계형 시티투어2,4,아라리촌,아라리촌,EXPLICIT_SEPARATOR,VISIT_CANDIDATE,False,QUALIFIED_NAME_CANDIDATE,ctt182,False,G07,PROVISIONAL_PLACE_CATEGORY,0.0,1.0,0.0,0.0,0.0,ctt182,강원특별자치도 정선군 정선읍,address_candidate,비연안,heatmap,False,unverified_stop_candidate + address_token_candidate
ct_abd1e371e69550,112,정선,아리랑열차 연계형 시티투어2,6,화암약수,화암약수,EXPLICIT_SEPARATOR,VISIT_CANDIDATE,False,EXACT_NAME_REGION_CANDIDATE,ro398,False,G01,PROVISIONAL_PLACE_CATEGORY,0.0,0.0,0.0,0.0,1.0,ro398,강원특별자치도 정선군 화암면,address_candidate,비연안,heatmap,False,unverified_stop_candidate + address_token_candidate
ct_516add9e1cef4a,114,정선,와와정선 2층 투어버스,4,아라리촌,아라리촌,EXPLICIT_SEPARATOR,VISIT_CANDIDATE,False,QUALIFIED_NAME_CANDIDATE,ctt182,False,G07,PROVISIONAL_PLACE_CATEGORY,0.0,1.0,0.0,0.0,0.0,ctt182,강원특별자치도 정선군 정선읍,address_candidate,비연안,heatmap,False,unverified_stop_candidate + address_token_candidate
ct_ebbc3131233e25,115,가평,가평순환버스B코스,1,쁘띠프랑스,쁘띠프랑스,EXPLICIT_SEPARATOR,VISIT_CANDIDATE,False,EXACT_NAME_REGION_CANDIDATE,nax329,False,G05,PROVISIONAL_PLACE_CATEGORY,0.0,0.0,1.0,0.0,0.0,nax329,경기도 가평군 청평면,address_candidate,비연안,heatmap,False,unverified_stop_candidate + address_token_candidate
ct_ebbc3131233e25,115,가평,가평순환버스B코스,4,술지움,술지움,EXPLICIT_SEPARATOR,VISIT_CANDIDATE,False,QUALIFIED_NAME_CANDIDATE,ctu43,False,G07,PROVISIONAL_PLACE_CATEGORY,0.0,1.0,0.0,0.0,0.0,ctu43,경기도 가평군 상면,address_candidate,비연안,heatmap,False,unverified_stop_candidate + address_token_candidate
ct_ebbc3131233e25,115,가평,가평순환버스B코스,6,아침고요수목원,아침고요수목원,EXPLICIT_SEPARATOR,VISIT_CANDIDATE,False,EXACT_NAME_REGION_CANDIDATE,nax328,False,G06,PROVISIONAL_PLACE_CATEGORY,0.0,1.0,0.0,0.0,0.0,nax328,경기도 가평군 상면,address_candidate,비연안,heatmap,False,unverified_stop_candidate + address_token_candidate
ct_2827a8d7943bdf,116,가평,가평순환버스A코스,3,자라섬,자라섬,EXPLICIT_SEPARATOR,VISIT_CANDIDATE,False,EXACT_NAME_REGION_CANDIDATE,nax330,False,G07,PROVISIONAL_PLACE_CATEGORY,0.0,1.0,0.0,0.0,0.0,nax330,경기도 가평군 가평읍,address_candidate,비연안,heatmap,False,unverified_stop_candidate + address_token_candidate
ct_2827a8d7943bdf,116,가평,가평순환버스A코스,5,남이섬,남이섬,EXPLICIT_SEPARATOR,VISIT_CANDIDATE,False,NEARBY_REGION_CANDIDATE,nax230,False,G08,PROVISIONAL_PLACE_CATEGORY,0.0,1.0,0.0,0.0,0.0,nax230,강원특별자치도 춘천시 남산면,address_candidate,비연안,heatmap,False,unverified_stop_candidate + address_token_candidate
ct_2827a8d7943bdf,116,가평,가평순환버스A코스,6,쁘띠프랑스,쁘띠프랑스,EXPLICIT_SEPARATOR,VISIT_CANDIDATE,False,EXACT_NAME_REGION_CANDIDATE,nax329,False,G05,PROVISIONAL_PLACE_CATEGORY,0.0,0.0,1.0,0.0,0.0,nax329,경기도 가평군 청평면,address_candidate,비연안,heatmap,False,unverified_stop_candidate + address_token_candidate
ct_2827a8d7943bdf,116,가평,가평순환버스A코스,7,가평크루즈,가평크루즈,EXPLICIT_SEPARATOR,VISIT_CANDIDATE,False,EXACT_NAME_REGION_CANDIDATE,ctu44,False,G07,PROVISIONAL_PLACE_CATEGORY,0.0,1.0,0.0,0.0,0.0,ctu44,경기도 가평군 설악면,address_candidate,비연안,heatmap,False,unverified_stop_candidate + address_token_candidate
ct_2827a8d7943bdf,116,가평,가평순환버스A코스,8,베고니아 새정원,베고니아 새정원,EXPLICIT_SEPARATOR,VISIT_CANDIDATE,False,QUALIFIED_NAME_CANDIDATE,ro429,False,G05,PROVISIONAL_PLACE_CATEGORY,0.0,0.0,1.0,0.0,0.0,ro429,경기도 가평군 설악면,address_candidate,비연안,heatmap,False,unverified_stop_candidate + address_token_candidate
ct_2827a8d7943bdf,116,가평,가평순환버스A코스,9,신비동물원,신비동물원,EXPLICIT_SEPARATOR,VISIT_CANDIDATE,False,EXACT_NAME_REGION_CANDIDATE,ctt186,False,G05,PROVISIONAL_PLACE_CATEGORY,0.0,0.0,1.0,0.0,0.0,ctt186,경기도 가평군 설악면,address_candidate,비연안,heatmap,False,unverified_stop_candidate + address_token_candidate
ct_c825dbc2a63555,117,파주,2026 파주시티투어 1박2일코스(토요일~일요일),1,감악산출렁다리,감악산출렁다리,EXPLICIT_SEPARATOR,VISIT_CANDIDATE,False,EXACT_NAME_REGION_CANDIDATE,nax726,False,G05,PROVISIONAL_PLACE_CATEGORY,0.0,0.0,1.0,0.0,0.0,nax726,경기도 파주시 적성면,address_candidate,비연안,heatmap,False,unverified_stop_candidate + address_token_candidate
ct_c825dbc2a63555,117,파주,2026 파주시티투어 1박2일코스(토요일~일요일),4,오두산통일전망대,오두산통일전망대,EXPLICIT_SEPARATOR,VISIT_CANDIDATE,False,EXACT_NAME_REGION_CANDIDATE,nax727,False,G10,PROVISIONAL_PLACE_CATEGORY,1.0,0.0,0.0,0.0,0.0,nax727,경기도 파주시 탄현면,address_candidate,비연안,heatmap,False,unverified_stop_candidate + address_token_candidate
ct_c825dbc2a63555,117,파주,2026 파주시티투어 1박2일코스(토요일~일요일),6,율곡수목원,율곡수목원,EXPLICIT_SEPARATOR,VISIT_CANDIDATE,False,EXACT_NAME_REGION_CANDIDATE,ro434,False,G05,PROVISIONAL_PLACE_CATEGORY,0.0,0.0,1.0,0.0,0.0,ro434,경기도 파주시 파평면,address_candidate,비연안,heatmap,False,unverified_stop_candidate + address_token_candidate
ct_f534f220e539af,118,파주,2026 파주시티투어 당일코스(일요일),3,혜음원지,혜음원지,EXPLICIT_SEPARATOR,VISIT_CANDIDATE,False,QUALIFIED_NAME_CANDIDATE,ctt188,False,G10,PROVISIONAL_PLACE_CATEGORY,1.0,0.0,0.0,0.0,0.0,ctt188,경기도 파주시 광탄면,address_candidate,비연안,heatmap,False,unverified_stop_candidate + address_token_candidate
ct_9f8a8ca65b1ebb,119,파주,2026 파주시티투어 당일코스(토요일),1,오두산통일전망대,오두산통일전망대,EXPLICIT_SEPARATOR,VISIT_CANDIDATE,False,EXACT_NAME_REGION_CANDIDATE,nax727,False,G10,PROVISIONAL_PLACE_CATEGORY,1.0,0.0,0.0,0.0,0.0,nax727,경기도 파주시 탄현면,address_candidate,비연안,heatmap,False,unverified_stop_candidate + address_token_candidate
ct_9f8a8ca65b1ebb,119,파주,2026 파주시티투어 당일코스(토요일),2,국립민속박물관 파주,국립민속박물관 파주,EXPLICIT_SEPARATOR,VISIT_CANDIDATE,False,EXACT_NAME_REGION_CANDIDATE,ctt189,False,G10,PROVISIONAL_PLACE_CATEGORY,1.0,0.0,0.0,0.0,0.0,ctt189,경기도 파주시 탄현면,address_candidate,비연안,heatmap,False,unverified_stop_candidate + address_token_candidate
ct_9f8a8ca65b1ebb,119,파주,2026 파주시티투어 당일코스(토요일),3,장단콩웰빙마루,장단콩웰빙마루,EXPLICIT_SEPARATOR,VISIT_CANDIDATE,False,QUALIFIED_NAME_CANDIDATE,ctt190,False,G05,PROVISIONAL_PLACE_CATEGORY,0.0,0.0,1.0,0.0,0.0,ctt190,경기도 파주시 탄현면,address_candidate,비연안,heatmap,False,unverified_stop_candidate + address_token_candidate
ct_d916d0f4237246,120,파주,2026 파주시티투어 당일코스(금요일),1,임진각평화곤돌라,임진각평화곤돌라,EXPLICIT_SEPARATOR,VISIT_CANDIDATE,False,QUALIFIED_NAME_CANDIDATE,ctt191,False,G05,PROVISIONAL_PLACE_CATEGORY,0.0,0.0,1.0,0.0,0.0,ctt191,경기도 파주시 문산읍,address_candidate,비연안,heatmap,False,unverified_stop_candidate + address_token_candidate
ct_d916d0f4237246,120,파주,2026 파주시티투어 당일코스(금요일),2,임진각관광지,임진각관광지,EXPLICIT_SEPARATOR,VISIT_CANDIDATE,False,EXACT_NAME_REGION_CANDIDATE,ctt192,False,G05,PROVISIONAL_PLACE_CATEGORY,0.0,0.0,1.0,0.0,0.0,ctt192,경기도 파주시 문산읍,address_candidate,비연안,heatmap,False,unverified_stop_candidate + address_token_candidate
ct_62dfed5cce4635,121,파주,2026 파주시티투어 당일코스(목요일),1,황희선생유적지,황희선생유적지,EXPLICIT_SEPARATOR,VISIT_CANDIDATE,False,EXACT_NAME_REGION_CANDIDATE,ctt193,False,G10,PROVISIONAL_PLACE_CATEGORY,1.0,0.0,0.0,0.0,0.0,ctt193,경기도 파주시 문산읍,address_candidate,비연안,heatmap,False,unverified_stop_candidate + address_token_candidate
ct_62dfed5cce4635,121,파주,2026 파주시티투어 당일코스(목요일),2,황포돛배,황포돛배,EXPLICIT_SEPARATOR,VISIT_CANDIDATE,False,EXACT_NAME_REGION_CANDIDATE,ctt194,False,G07,PROVISIONAL_PLACE_CATEGORY,0.0,1.0,0.0,0.0,0.0,ctt194,경기도 파주시 적성면,address_candidate,비연안,heatmap,False,unverified_stop_candidate + address_token_candidate
ct_5c692156a089c1,122,파주,2026 파주시티투어 당일코스(수요일),3,벽초지수목원,벽초지수목원,EXPLICIT_SEPARATOR,VISIT_CANDIDATE,False,EXACT_NAME_REGION_CANDIDATE,nax728,False,G06,PROVISIONAL_PLACE_CATEGORY,0.0,1.0,0.0,0.0,0.0,nax728,경기도 파주시 광탄면,address_candidate,비연안,heatmap,False,unverified_stop_candidate + address_token_candidate
ct_d3c228b00ede2b,123,파주,2026 파주시티투어 당일코스(화요일),1,감악산출렁다리,감악산출렁다리,EXPLICIT_SEPARATOR,VISIT_CANDIDATE,False,EXACT_NAME_REGION_CANDIDATE,nax726,False,G05,PROVISIONAL_PLACE_CATEGORY,0.0,0.0,1.0,0.0,0.0,nax726,경기도 파주시 적성면,address_candidate,비연안,heatmap,False,unverified_stop_candidate + address_token_candidate
ct_d3c228b00ede2b,123,파주,2026 파주시티투어 당일코스(화요일),2,율곡수목원,율곡수목원,EXPLICIT_SEPARATOR,VISIT_CANDIDATE,False,EXACT_NAME_REGION_CANDIDATE,ro434,False,G05,PROVISIONAL_PLACE_CATEGORY,0.0,0.0,1.0,0.0,0.0,ro434,경기도 파주시 파평면,address_candidate,비연안,heatmap,False,unverified_stop_candidate + address_token_candidate
ct_d3c228b00ede2b,123,파주,2026 파주시티투어 당일코스(화요일),3,국립극장 무대예술지원센터,국립극장 무대예술지원센터,EXPLICIT_SEPARATOR,VISIT_CANDIDATE,False,EXACT_NAME_REGION_CANDIDATE,ctt195,False,G07,PROVISIONAL_PLACE_CATEGORY,0.0,1.0,0.0,0.0,0.0,ctt195,경기도 파주시 탄현면,address_candidate,비연안,heatmap,False,unverified_stop_candidate + address_token_candidate
ct_1c691124e74222,128,대구,도동코스,1,도동서원,도동서원,EXPLICIT_SEPARATOR,VISIT_CANDIDATE,False,EXACT_NAME_REGION_CANDIDATE,ctt13,False,G10,PROVISIONAL_PLACE_CATEGORY,1.0,0.0,0.0,0.0,0.0,ctt13,대구광역시 달성군 구지면,address_candidate,비연안,heatmap,False,unverified_stop_candidate + address_token_candidate
ct_1c691124e74222,128,대구,도동코스,3,유가사,유가사,EXPLICIT_SEPARATOR,VISIT_CANDIDATE,False,QUALIFIED_NAME_CANDIDATE,ctt203,False,G10,PROVISIONAL_PLACE_CATEGORY,1.0,0.0,0.0,0.0,0.0,ctt203,대구광역시 달성군 유가읍,address_candidate,비연안,heatmap,False,unverified_stop_candidate + address_token_candidate
ct_0e4d7f0c7de8e2,129,대구,송해코스,1,송해공원,송해공원,EXPLICIT_SEPARATOR,VISIT_CANDIDATE,False,EXACT_NAME_REGION_CANDIDATE,ctt14,False,G07,PROVISIONAL_PLACE_CATEGORY,0.0,1.0,0.0,0.0,0.0,ctt14,대구광역시 달성군 옥포읍,address_candidate,비연안,heatmap,False,unverified_stop_candidate + address_token_candidate
ct_0e4d7f0c7de8e2,129,대구,송해코스,2,마비정벽화마을,마비정벽화마을,EXPLICIT_SEPARATOR,VISIT_CANDIDATE,False,EXACT_NAME_REGION_CANDIDATE,ctt17,False,G10,PROVISIONAL_PLACE_CATEGORY,1.0,0.0,0.0,0.0,0.0,ctt17,대구광역시 달성군 화원읍,address_candidate,비연안,heatmap,False,unverified_stop_candidate + address_token_candidate
ct_0e4d7f0c7de8e2,129,대구,송해코스,3,비슬산자연휴양림,비슬산자연휴양림,EXPLICIT_SEPARATOR,VISIT_CANDIDATE,False,EXACT_NAME_REGION_CANDIDATE,ctt15,False,G07,PROVISIONAL_PLACE_CATEGORY,0.0,1.0,0.0,0.0,0.0,ctt15,대구광역시 달성군 유가읍,address_candidate,비연안,heatmap,False,unverified_stop_candidate + address_token_candidate
ct_62ce3cfd4b2223,130,대구,현풍코스,2,석빙고,석빙고,EXPLICIT_SEPARATOR,VISIT_CANDIDATE,False,QUALIFIED_NAME_CANDIDATE,ctt205,False,G10,PROVISIONAL_PLACE_CATEGORY,1.0,0.0,0.0,0.0,0.0,ctt205,대구광역시 달성군 현풍읍,address_candidate,비연안,heatmap,False,unverified_stop_candidate + address_token_candidate
ct_62ce3cfd4b2223,130,대구,현풍코스,3,현풍향교,현풍향교,EXPLICIT_SEPARATOR,VISIT_CANDIDATE,False,EXACT_NAME_REGION_CANDIDATE,ctt206,False,G10,PROVISIONAL_PLACE_CATEGORY,1.0,0.0,0.0,0.0,0.0,ctt206,대구광역시 달성군 현풍읍,address_candidate,비연안,heatmap,False,unverified_stop_candidate + address_token_candidate
ct_62ce3cfd4b2223,130,대구,현풍코스,7,도동서원,도동서원,EXPLICIT_SEPARATOR,VISIT_CANDIDATE,False,EXACT_NAME_REGION_CANDIDATE,ctt13,False,G10,PROVISIONAL_PLACE_CATEGORY,1.0,0.0,0.0,0.0,0.0,ctt13,대구광역시 달성군 구지면,address_candidate,비연안,heatmap,False,unverified_stop_candidate + address_token_candidate
ct_b53b246e98a9cd,132,인천,석모도투어,3,석모도수목원,석모도수목원,EXPLICIT_SEPARATOR,VISIT_CANDIDATE,False,EXACT_NAME_REGION_CANDIDATE,ctu48,False,G07,PROVISIONAL_PLACE_CATEGORY,0.0,1.0,0.0,0.0,0.0,ctu48,인천광역시 강화군 삼산면,address_candidate,연안 어촌,heatmap,False,unverified_stop_candidate + address_token_candidate
ct_59c60fcaf04aa6,133,인천,교동도투어,3,대룡시장,대룡시장,EXPLICIT_SEPARATOR,VISIT_CANDIDATE,False,QUALIFIED_NAME_CANDIDATE,nax716,False,G10,PROVISIONAL_PLACE_CATEGORY,1.0,0.0,0.0,0.0,0.0,nax716,인천광역시 강화군 교동면,address_candidate,연안 어촌,heatmap,False,unverified_stop_candidate + address_token_candidate
ct_d2de6dc991c57d,140,군산,(박물관 출발) 고군산코스,2,고군산군도,고군산군도,EXPLICIT_SEPARATOR,VISIT_CANDIDATE,False,EXACT_NAME_REGION_CANDIDATE,ro322,False,G01,PROVISIONAL_PLACE_CATEGORY,0.0,0.0,0.0,0.0,1.0,ro322,전북특별자치도 군산시 옥도면,address_candidate,연안 어촌,heatmap,False,unverified_stop_candidate + address_token_candidate
ct_3aa92169f5cb7c,141,군산,(익산역 출발) 고군산시간여행코스,2,고군산군도,고군산군도,EXPLICIT_SEPARATOR,VISIT_CANDIDATE,False,EXACT_NAME_REGION_CANDIDATE,ro322,False,G01,PROVISIONAL_PLACE_CATEGORY,0.0,0.0,0.0,0.0,1.0,ro322,전북특별자치도 군산시 옥도면,address_candidate,연안 어촌,heatmap,False,unverified_stop_candidate + address_token_candidate
ct_c343406b7388f2,142,군산,고군산시간여행코스,3,고군산군도,고군산군도,EXPLICIT_SEPARATOR,VISIT_CANDIDATE,False,EXACT_NAME_REGION_CANDIDATE,ro322,False,G01,PROVISIONAL_PLACE_CATEGORY,0.0,0.0,0.0,0.0,1.0,ro322,전북특별자치도 군산시 옥도면,address_candidate,연안 어촌,heatmap,False,unverified_stop_candidate + address_token_candidate
ct_5728bf247a42c1,144,제천,시티투어,3,청풍호반케이블카,청풍호반케이블카,EXPLICIT_SEPARATOR,VISIT_CANDIDATE,False,EXACT_NAME_REGION_CANDIDATE,nax641,False,G05,PROVISIONAL_PLACE_CATEGORY,0.0,0.0,1.0,0.0,0.0,nax641,충청북도 제천시 청풍면,address_candidate,비연안,heatmap,False,unverified_stop_candidate + address_token_candidate
ct_0af000fbdb8ad6,145,동해,관광문화코스,7,천곡황금박쥐동굴,천곡황금박쥐동굴,EXPLICIT_SEPARATOR,VISIT_CANDIDATE,False,EXACT_NAME_REGION_CANDIDATE,nax14,False,G07,PROVISIONAL_PLACE_CATEGORY,0.0,1.0,0.0,0.0,0.0,nax14,강원특별자치도 동해시 천곡동,address_candidate,연안 도시,heatmap,False,unverified_stop_candidate + address_token_candidate
ct_6beed8d2daa9dc,156,세종,야경투어,5,방축천 음악분수,방축천 음악분수,EXPLICIT_SEPARATOR,VISIT_CANDIDATE,False,EXACT_NAME_REGION_CANDIDATE,ctt222,False,G07,PROVISIONAL_PLACE_CATEGORY,0.0,1.0,0.0,0.0,0.0,ctt222,세종특별자치시 세종특별자치시 어진동,address_candidate,비연안,heatmap,False,unverified_stop_candidate + address_token_candidate
ct_4212deac479d6b,160,세종,역사문화투어,2,세종 홍판서댁,세종 홍판서댁,EXPLICIT_SEPARATOR,VISIT_CANDIDATE,False,EXACT_NAME_REGION_CANDIDATE,ctt227,False,G10,PROVISIONAL_PLACE_CATEGORY,1.0,0.0,0.0,0.0,0.0,ctt227,세종특별자치시 세종특별자치시 부강면,address_candidate,비연안,heatmap,False,unverified_stop_candidate + address_token_candidate
ct_a8b6f564bf7384,161,세종,봄꽃파닭B투어,2,세종전통시장(조치원),세종전통시장,EXPLICIT_SEPARATOR,VISIT_CANDIDATE,False,PAREN_ALIAS_CANDIDATE,ro948,False,G03,PROVISIONAL_PLACE_CATEGORY,0.0,0.0,0.0,1.0,0.0,ro948,세종특별자치시 세종특별자치시 조치원읍,address_candidate,비연안,heatmap,False,unverified_stop_candidate + address_token_candidate
ct_3e1bfccd397508,162,세종,봄꽃파닭A투어,2,세종전통시장(조치원),세종전통시장,EXPLICIT_SEPARATOR,VISIT_CANDIDATE,False,PAREN_ALIAS_CANDIDATE,ro948,False,G03,PROVISIONAL_PLACE_CATEGORY,0.0,0.0,0.0,1.0,0.0,ro948,세종특별자치시 세종특별자치시 조치원읍,address_candidate,비연안,heatmap,False,unverified_stop_candidate + address_token_candidate
ct_ca13864967c1fb,164,세종,세종관광명소B투어,2,세종전통시장(조치원),세종전통시장,EXPLICIT_SEPARATOR,VISIT_CANDIDATE,False,PAREN_ALIAS_CANDIDATE,ro948,False,G03,PROVISIONAL_PLACE_CATEGORY,0.0,0.0,0.0,1.0,0.0,ro948,세종특별자치시 세종특별자치시 조치원읍,address_candidate,비연안,heatmap,False,unverified_stop_candidate + address_token_candidate
ct_6df930eb64d3ad,165,세종,세종관광명소A투어,5,도시상징광장,도시상징광장,EXPLICIT_SEPARATOR,VISIT_CANDIDATE,False,EXACT_NAME_REGION_CANDIDATE,ctt221,False,G07,PROVISIONAL_PLACE_CATEGORY,0.0,1.0,0.0,0.0,0.0,ctt221,세종특별자치시 세종특별자치시 나성동,address_candidate,비연안,heatmap,False,unverified_stop_candidate + address_token_candidate
ct_82edd01ea220e6,166,화순,화순적벽 버스투어(적벽 셔틀버스),2,이서커뮤니티센터,이서커뮤니티센터,EXPLICIT_SEPARATOR,VISIT_CANDIDATE,False,EXACT_NAME_REGION_CANDIDATE,ctu52,False,G07,PROVISIONAL_PLACE_CATEGORY,0.0,1.0,0.0,0.0,0.0,ctu52,전남광주통합특별시 화순군 이서면,address_candidate,비연안,heatmap,False,unverified_stop_candidate + address_token_candidate
ct_82edd01ea220e6,166,화순,화순적벽 버스투어(적벽 셔틀버스),4,"화순적벽(망향정, 망미정)",화순적벽,EXPLICIT_SEPARATOR,VISIT_CANDIDATE,False,PAREN_ALIAS_CANDIDATE,nax433,False,G07,PROVISIONAL_PLACE_CATEGORY,0.0,1.0,0.0,0.0,0.0,nax433,전남광주통합특별시 화순군 이서면,address_candidate,비연안,heatmap,False,unverified_stop_candidate + address_token_candidate
ct_82edd01ea220e6,166,화순,화순적벽 버스투어(적벽 셔틀버스),6,이서커뮤니티센터,이서커뮤니티센터,EXPLICIT_SEPARATOR,VISIT_CANDIDATE,False,EXACT_NAME_REGION_CANDIDATE,ctu52,False,G07,PROVISIONAL_PLACE_CATEGORY,0.0,1.0,0.0,0.0,0.0,ctu52,전남광주통합특별시 화순군 이서면,address_candidate,비연안,heatmap,False,unverified_stop_candidate + address_token_candidate
ct_0d87fb5d8ec759,167,화순,화순적벽 버스투어(적벽투어),2,"화순적벽(망향정, 망미정)",화순적벽,EXPLICIT_SEPARATOR,VISIT_CANDIDATE,False,PAREN_ALIAS_CANDIDATE,nax433,False,G07,PROVISIONAL_PLACE_CATEGORY,0.0,1.0,0.0,0.0,0.0,nax433,전남광주통합특별시 화순군 이서면,address_candidate,비연안,heatmap,False,unverified_stop_candidate + address_token_candidate
ct_4e89a607500203,168,태안,광역코스,2,유류피해극복기념관,유류피해극복기념관,EXPLICIT_SEPARATOR,VISIT_CANDIDATE,False,EXACT_NAME_REGION_CANDIDATE,ctt231,False,G10,PROVISIONAL_PLACE_CATEGORY,1.0,0.0,0.0,0.0,0.0,ctt231,충청남도 태안군 소원면,address_candidate,연안 어촌,heatmap,False,unverified_stop_candidate + address_token_candidate
ct_4e89a607500203,168,태안,광역코스,3,팜카밀레허브농원,팜카밀레허브농원,EXPLICIT_SEPARATOR,VISIT_CANDIDATE,False,EXACT_NAME_REGION_CANDIDATE,ctt232,False,G07,PROVISIONAL_PLACE_CATEGORY,0.0,1.0,0.0,0.0,0.0,ctt232,충청남도 태안군 남면,address_candidate,연안 어촌,heatmap,False,unverified_stop_candidate + address_token_candidate
ct_4e89a607500203,168,태안,광역코스,4,꽃지해수욕장,꽃지해수욕장,EXPLICIT_SEPARATOR,VISIT_CANDIDATE,False,EXACT_NAME_REGION_CANDIDATE,nax313,False,G02,PROVISIONAL_PLACE_CATEGORY,0.0,0.0,0.0,0.0,1.0,nax313,충청남도 태안군 안면읍,address_candidate,연안 어촌,heatmap,False,unverified_stop_candidate + address_token_candidate
ct_596ccaeb2861f9,169,태안,남부코스,1,팜카밀레허브농원,팜카밀레허브농원,EXPLICIT_SEPARATOR,VISIT_CANDIDATE,False,EXACT_NAME_REGION_CANDIDATE,ctt232,False,G07,PROVISIONAL_PLACE_CATEGORY,0.0,1.0,0.0,0.0,0.0,ctt232,충청남도 태안군 남면,address_candidate,연안 어촌,heatmap,False,unverified_stop_candidate + address_token_candidate
ct_596ccaeb2861f9,169,태안,남부코스,2,안면암,안면암,EXPLICIT_SEPARATOR,VISIT_CANDIDATE,False,EXACT_NAME_REGION_CANDIDATE,ro27,False,G10,PROVISIONAL_PLACE_CATEGORY,1.0,0.0,0.0,0.0,0.0,ro27,충청남도 태안군 안면읍,address_candidate,연안 어촌,heatmap,False,unverified_stop_candidate + address_token_candidate
ct_596ccaeb2861f9,169,태안,남부코스,4,안면도수목원,안면도수목원,EXPLICIT_SEPARATOR,VISIT_CANDIDATE,False,EXACT_NAME_REGION_CANDIDATE,ctt233,False,G07,PROVISIONAL_PLACE_CATEGORY,0.0,1.0,0.0,0.0,0.0,ctt233,충청남도 태안군 안면읍,address_candidate,연안 어촌,heatmap,False,unverified_stop_candidate + address_token_candidate
ct_596ccaeb2861f9,169,태안,남부코스,5,꽃지해수욕장,꽃지해수욕장,EXPLICIT_SEPARATOR,VISIT_CANDIDATE,False,EXACT_NAME_REGION_CANDIDATE,nax313,False,G02,PROVISIONAL_PLACE_CATEGORY,0.0,0.0,0.0,0.0,1.0,nax313,충청남도 태안군 안면읍,address_candidate,연안 어촌,heatmap,False,unverified_stop_candidate + address_token_candidate
ct_74128602fb5dca,170,태안,북부코스,3,천리포수목원,천리포수목원,EXPLICIT_SEPARATOR,VISIT_CANDIDATE,False,EXACT_NAME_REGION_CANDIDATE,nax315,False,G06,PROVISIONAL_PLACE_CATEGORY,0.0,1.0,0.0,0.0,0.0,nax315,충청남도 태안군 소원면,address_candidate,연안 어촌,heatmap,False,unverified_stop_candidate + address_token_candidate
ct_74128602fb5dca,170,태안,북부코스,4,신두리해안사구,신두리해안사구,EXPLICIT_SEPARATOR,VISIT_CANDIDATE,False,EXACT_NAME_REGION_CANDIDATE,nax314,False,G07,PROVISIONAL_PLACE_CATEGORY,0.0,1.0,0.0,0.0,0.0,nax314,충청남도 태안군 원북면,address_candidate,연안 어촌,heatmap,False,unverified_stop_candidate + address_token_candidate
ct_72a42eb150b5d4,171,춘천,일요일,2,공지천,공지천,EXPLICIT_SEPARATOR,VISIT_CANDIDATE,False,EXACT_NAME_REGION_CANDIDATE,ctt235,False,G07,PROVISIONAL_PLACE_CATEGORY,0.0,1.0,0.0,0.0,0.0,ctt235,강원특별자치도 춘천시 근화동,address_candidate,비연안,heatmap,False,unverified_stop_candidate + address_token_candidate
ct_72a42eb150b5d4,171,춘천,일요일,4,애니메이션박물관,애니메이션박물관,EXPLICIT_SEPARATOR,VISIT_CANDIDATE,False,EXACT_NAME_REGION_CANDIDATE,nax737,False,G05,PROVISIONAL_PLACE_CATEGORY,0.0,0.0,1.0,0.0,0.0,nax737,강원특별자치도 춘천시 서면,address_candidate,비연안,heatmap,False,unverified_stop_candidate + address_token_candidate
ct_72a42eb150b5d4,171,춘천,일요일,6,춘천막국수체험박물관,춘천막국수체험박물관,EXPLICIT_SEPARATOR,VISIT_CANDIDATE,False,EXACT_NAME_REGION_CANDIDATE,ro357,False,G10,PROVISIONAL_PLACE_CATEGORY,1.0,0.0,0.0,0.0,0.0,ro357,강원특별자치도 춘천시 신북읍,address_candidate,비연안,heatmap,False,unverified_stop_candidate + address_token_candidate
ct_2c5b83ca1acb5c,172,춘천,토요일,2,공지천,공지천,EXPLICIT_SEPARATOR,VISIT_CANDIDATE,False,EXACT_NAME_REGION_CANDIDATE,ctt235,False,G07,PROVISIONAL_PLACE_CATEGORY,0.0,1.0,0.0,0.0,0.0,ctt235,강원특별자치도 춘천시 근화동,address_candidate,비연안,heatmap,False,unverified_stop_candidate + address_token_candidate
ct_2c5b83ca1acb5c,172,춘천,토요일,4,애니메이션박물관,애니메이션박물관,EXPLICIT_SEPARATOR,VISIT_CANDIDATE,False,EXACT_NAME_REGION_CANDIDATE,nax737,False,G05,PROVISIONAL_PLACE_CATEGORY,0.0,0.0,1.0,0.0,0.0,nax737,강원특별자치도 춘천시 서면,address_candidate,비연안,heatmap,False,unverified_stop_candidate + address_token_candidate
ct_2c5b83ca1acb5c,172,춘천,토요일,6,춘천막국수체험박물관,춘천막국수체험박물관,EXPLICIT_SEPARATOR,VISIT_CANDIDATE,False,EXACT_NAME_REGION_CANDIDATE,ro357,False,G10,PROVISIONAL_PLACE_CATEGORY,1.0,0.0,0.0,0.0,0.0,ro357,강원특별자치도 춘천시 신북읍,address_candidate,비연안,heatmap,False,unverified_stop_candidate + address_token_candidate
ct_dfc58b1c3324c1,173,춘천,금요일,2,공지천,공지천,EXPLICIT_SEPARATOR,VISIT_CANDIDATE,False,EXACT_NAME_REGION_CANDIDATE,ctt235,False,G07,PROVISIONAL_PLACE_CATEGORY,0.0,1.0,0.0,0.0,0.0,ctt235,강원특별자치도 춘천시 근화동,address_candidate,비연안,heatmap,False,unverified_stop_candidate + address_token_candidate
ct_dfc58b1c3324c1,173,춘천,금요일,5,남이섬,남이섬,EXPLICIT_SEPARATOR,VISIT_CANDIDATE,False,EXACT_NAME_REGION_CANDIDATE,nax230,False,G08,PROVISIONAL_PLACE_CATEGORY,0.0,1.0,0.0,0.0,0.0,nax230,강원특별자치도 춘천시 남산면,address_candidate,비연안,heatmap,False,unverified_stop_candidate + address_token_candidate
ct_dfc58b1c3324c1,173,춘천,금요일,6,김유정문학촌,김유정문학촌,EXPLICIT_SEPARATOR,VISIT_CANDIDATE,False,EXACT_NAME_REGION_CANDIDATE,nax233,False,G10,PROVISIONAL_PLACE_CATEGORY,1.0,0.0,0.0,0.0,0.0,nax233,강원특별자치도 춘천시 신동면,address_candidate,비연안,heatmap,False,unverified_stop_candidate + address_token_candidate
ct_166c38f36d6640,174,춘천,목요일,2,청평사,청평사,EXPLICIT_SEPARATOR,VISIT_CANDIDATE,False,EXACT_NAME_REGION_CANDIDATE,nax232,False,G10,PROVISIONAL_PLACE_CATEGORY,1.0,0.0,0.0,0.0,0.0,nax232,강원특별자치도 춘천시 북산면,address_candidate,비연안,heatmap,False,unverified_stop_candidate + address_token_candidate
ct_38e990a88a3094,175,춘천,수요일,2,김유정문학촌,김유정문학촌,EXPLICIT_SEPARATOR,VISIT_CANDIDATE,False,EXACT_NAME_REGION_CANDIDATE,nax233,False,G10,PROVISIONAL_PLACE_CATEGORY,1.0,0.0,0.0,0.0,0.0,nax233,강원특별자치도 춘천시 신동면,address_candidate,비연안,heatmap,False,unverified_stop_candidate + address_token_candidate
ct_38e990a88a3094,175,춘천,수요일,3,책과인쇄박물관,책과인쇄박물관,EXPLICIT_SEPARATOR,VISIT_CANDIDATE,False,EXACT_NAME_REGION_CANDIDATE,ctt239,False,G10,PROVISIONAL_PLACE_CATEGORY,1.0,0.0,0.0,0.0,0.0,ctt239,강원특별자치도 춘천시 신동면,address_candidate,비연안,heatmap,False,unverified_stop_candidate + address_token_candidate
ct_452018aaa6c847,176,춘천,화요일,1,제이드가든,제이드가든,EXPLICIT_SEPARATOR,VISIT_CANDIDATE,False,EXACT_NAME_REGION_CANDIDATE,nax735,False,G06,PROVISIONAL_PLACE_CATEGORY,0.0,1.0,0.0,0.0,0.0,nax735,강원특별자치도 춘천시 남산면,address_candidate,비연안,heatmap,False,unverified_stop_candidate + address_token_candidate
ct_452018aaa6c847,176,춘천,화요일,3,공지천,공지천,EXPLICIT_SEPARATOR,VISIT_CANDIDATE,False,EXACT_NAME_REGION_CANDIDATE,ctt235,False,G07,PROVISIONAL_PLACE_CATEGORY,0.0,1.0,0.0,0.0,0.0,ctt235,강원특별자치도 춘천시 근화동,address_candidate,비연안,heatmap,False,unverified_stop_candidate + address_token_candidate
ct_452018aaa6c847,176,춘천,화요일,5,춘천막국수체험박물관,춘천막국수체험박물관,EXPLICIT_SEPARATOR,VISIT_CANDIDATE,False,EXACT_NAME_REGION_CANDIDATE,ro357,False,G10,PROVISIONAL_PLACE_CATEGORY,1.0,0.0,0.0,0.0,0.0,ro357,강원특별자치도 춘천시 신북읍,address_candidate,비연안,heatmap,False,unverified_stop_candidate + address_token_candidate
ct_aa87321b8b5003,178,창원,창원시티투어,10,장복산(내수면),장복산,EXPLICIT_SEPARATOR,VISIT_CANDIDATE,False,PAREN_ALIAS_CANDIDATE,ctt246,False,G07,PROVISIONAL_PLACE_CATEGORY,0.0,1.0,0.0,0.0,0.0,ctt246,경상남도 창원시 진해구 태백동,address_candidate,비연안,heatmap,False,unverified_stop_candidate + address_token_candidate
ct_1d8d8a70616c41,179,경기광주,광주시티투어,1,남한산성,남한산성,EXPLICIT_SEPARATOR,VISIT_CANDIDATE,False,EXACT_NAME_REGION_CANDIDATE,nax422,False,G10,PROVISIONAL_PLACE_CATEGORY,1.0,0.0,0.0,0.0,0.0,nax422,경기도 광주시 남한산성면,address_candidate,비연안,heatmap,False,unverified_stop_candidate + address_token_candidate
ct_1d8d8a70616c41,179,경기광주,광주시티투어,2,경안천습지생태공원,경안천습지생태공원,EXPLICIT_SEPARATOR,VISIT_CANDIDATE,False,EXACT_NAME_REGION_CANDIDATE,ro898,False,G07,PROVISIONAL_PLACE_CATEGORY,0.0,1.0,0.0,0.0,0.0,ro898,경기도 광주시 퇴촌면,address_candidate,비연안,heatmap,False,unverified_stop_candidate + address_token_candidate
ct_1d8d8a70616c41,179,경기광주,광주시티투어,4,경기도자박물관,경기도자박물관,EXPLICIT_SEPARATOR,VISIT_CANDIDATE,False,EXACT_NAME_REGION_CANDIDATE,ro827,False,G10,PROVISIONAL_PLACE_CATEGORY,1.0,0.0,0.0,0.0,0.0,ro827,경기도 광주시 곤지암읍,address_candidate,비연안,heatmap,False,unverified_stop_candidate + address_token_candidate
ct_1d8d8a70616c41,179,경기광주,광주시티투어,5,화담숲,화담숲,EXPLICIT_SEPARATOR,VISIT_CANDIDATE,False,EXACT_NAME_REGION_CANDIDATE,nax423,False,G06,PROVISIONAL_PLACE_CATEGORY,0.0,1.0,0.0,0.0,0.0,nax423,경기도 광주시 도척면,address_candidate,비연안,heatmap,False,unverified_stop_candidate + address_token_candidate
ct_1d8d8a70616c41,179,경기광주,광주시티투어,6,신익희생가,신익희생가,EXPLICIT_SEPARATOR,VISIT_CANDIDATE,False,EXACT_NAME_REGION_CANDIDATE,ctt248,False,G10,PROVISIONAL_PLACE_CATEGORY,1.0,0.0,0.0,0.0,0.0,ctt248,경기도 광주시 초월읍,address_candidate,비연안,heatmap,False,unverified_stop_candidate + address_token_candidate
ct_1d8d8a70616c41,179,경기광주,광주시티투어,7,율봄식물원,율봄식물원,EXPLICIT_SEPARATOR,VISIT_CANDIDATE,False,EXACT_NAME_REGION_CANDIDATE,ro899,False,G05,PROVISIONAL_PLACE_CATEGORY,0.0,0.0,1.0,0.0,0.0,ro899,경기도 광주시 퇴촌면,address_candidate,비연안,heatmap,False,unverified_stop_candidate + address_token_candidate
ct_0ab41b7160d0e2,180,김해,문화에반해,2,클레이아크김해미술관,클레이아크김해미술관,EXPLICIT_SEPARATOR,VISIT_CANDIDATE,False,EXACT_NAME_REGION_CANDIDATE,nax936,False,G04,PROVISIONAL_PLACE_CATEGORY,0.0,0.0,1.0,0.0,0.0,nax936,경상남도 김해시 진례면,address_candidate,비연안,heatmap,False,unverified_stop_candidate + address_token_candidate
ct_37faafbf7ac90b,182,김해,자연에반해,1,진영역사공원,진영역사공원,EXPLICIT_SEPARATOR,VISIT_CANDIDATE,False,EXACT_NAME_REGION_CANDIDATE,ctt254,False,G07,PROVISIONAL_PLACE_CATEGORY,0.0,1.0,0.0,0.0,0.0,ctt254,경상남도 김해시 진영읍,address_candidate,비연안,heatmap,False,unverified_stop_candidate + address_token_candidate
ct_37faafbf7ac90b,182,김해,자연에반해,2,봉하마을,봉하마을,EXPLICIT_SEPARATOR,VISIT_CANDIDATE,False,EXACT_NAME_REGION_CANDIDATE,nax852,False,G10,PROVISIONAL_PLACE_CATEGORY,1.0,0.0,0.0,0.0,0.0,nax852,경상남도 김해시 진영읍,address_candidate,비연안,heatmap,False,unverified_stop_candidate + address_token_candidate
ct_084dcff739bc51,183,김해,김해에반해,7,(오후1)봉하마을,봉하마을,EXPLICIT_SEPARATOR,VISIT_CANDIDATE,False,PAREN_ALIAS_CANDIDATE,nax852,False,G10,PROVISIONAL_PLACE_CATEGORY,1.0,0.0,0.0,0.0,0.0,nax852,경상남도 김해시 진영읍,address_candidate,비연안,heatmap,False,unverified_stop_candidate + address_token_candidate
ct_084dcff739bc51,183,김해,김해에반해,9,(오후2)클레이아크김해미술관,클레이아크김해미술관,EXPLICIT_SEPARATOR,VISIT_CANDIDATE,False,PAREN_ALIAS_CANDIDATE,nax936,False,G04,PROVISIONAL_PLACE_CATEGORY,0.0,0.0,1.0,0.0,0.0,nax936,경상남도 김해시 진례면,address_candidate,비연안,heatmap,False,unverified_stop_candidate + address_token_candidate
ct_084dcff739bc51,183,김해,김해에반해,10,분청도자박물관,분청도자박물관,EXPLICIT_SEPARATOR,VISIT_CANDIDATE,False,EXACT_NAME_REGION_CANDIDATE,nax853,False,G09,PROVISIONAL_PLACE_CATEGORY,1.0,0.0,0.0,0.0,0.0,nax853,경상남도 김해시 진례면,address_candidate,비연안,heatmap,False,unverified_stop_candidate + address_token_candidate
ct_8de53de429d379,184,포항,퐝순환코스,5,영일대해수욕장,영일대해수욕장,EXPLICIT_SEPARATOR,VISIT_CANDIDATE,False,EXACT_NAME_REGION_CANDIDATE,nax225,False,G02,PROVISIONAL_PLACE_CATEGORY,0.0,0.0,0.0,0.0,1.0,nax225,경상북도 포항시 북구 두호동,address_candidate,연안 도시,heatmap,False,unverified_stop_candidate + address_token_candidate
ct_ac7ca37140e6b6,185,포항,퐝랜드마크B코스,5,보경사,보경사,EXPLICIT_SEPARATOR,VISIT_CANDIDATE,False,QUALIFIED_NAME_CANDIDATE,nax229,False,G06,PROVISIONAL_PLACE_CATEGORY,0.0,1.0,0.0,0.0,0.0,nax229,경상북도 포항시 북구 송라면,address_candidate,연안 어촌,heatmap,False,unverified_stop_candidate + address_token_candidate
ct_ac7ca37140e6b6,185,포항,퐝랜드마크B코스,6,이가리닻전망대,이가리닻전망대,EXPLICIT_SEPARATOR,VISIT_CANDIDATE,False,EXACT_NAME_REGION_CANDIDATE,nax827,False,G01,PROVISIONAL_PLACE_CATEGORY,0.0,0.0,0.0,0.0,1.0,nax827,경상북도 포항시 북구 청하면,address_candidate,연안 어촌,heatmap,False,unverified_stop_candidate + address_token_candidate
ct_00435b9cca499b,186,포항,퐝랜드마크A코스,3,구룡포일본인가옥거리,구룡포일본인가옥거리,EXPLICIT_SEPARATOR,VISIT_CANDIDATE,False,EXACT_NAME_REGION_CANDIDATE,nax1111,False,G09,PROVISIONAL_PLACE_CATEGORY,1.0,0.0,0.0,0.0,0.0,nax1111,경상북도 포항시 남구 구룡포읍,address_candidate,연안 어촌,heatmap,False,unverified_stop_candidate + address_token_candidate
ct_e346ea988fedc3,187,포항,씨(SEA)하게 보는 포항코스,3,구룡포일본인가옥거리(중식별도),구룡포일본인가옥거리,EXPLICIT_SEPARATOR,VISIT_CANDIDATE,False,PAREN_ALIAS_CANDIDATE,nax1111,False,G09,PROVISIONAL_PLACE_CATEGORY,1.0,0.0,0.0,0.0,0.0,nax1111,경상북도 포항시 남구 구룡포읍,address_candidate,연안 어촌,heatmap,False,unverified_stop_candidate + address_token_candidate
ct_e346ea988fedc3,187,포항,씨(SEA)하게 보는 포항코스,8,영일대해수욕장(석식별도),영일대해수욕장,EXPLICIT_SEPARATOR,VISIT_CANDIDATE,False,PAREN_ALIAS_CANDIDATE,nax225,False,G02,PROVISIONAL_PLACE_CATEGORY,0.0,0.0,0.0,0.0,1.0,nax225,경상북도 포항시 북구 두호동,address_candidate,연안 도시,heatmap,False,unverified_stop_candidate + address_token_candidate
ct_7dba0d730780c9,188,서천,동백코스(익산-군산 광역),1,국립생태원,국립생태원,EXPLICIT_SEPARATOR,VISIT_CANDIDATE,False,EXACT_NAME_REGION_CANDIDATE,nax450,False,G06,PROVISIONAL_PLACE_CATEGORY,0.0,1.0,0.0,0.0,0.0,nax450,충청남도 서천군 마서면,address_candidate,연안 어촌,heatmap,False,unverified_stop_candidate + address_token_candidate
ct_7dba0d730780c9,188,서천,동백코스(익산-군산 광역),2,장항 6080음식골목 맛나로(중식),장항 6080음식골목 맛나로,EXPLICIT_SEPARATOR,VISIT_CANDIDATE,False,PAREN_ALIAS_CANDIDATE,ctt257,False,G03,PROVISIONAL_PLACE_CATEGORY,0.0,0.0,0.0,1.0,0.0,ctt257,충청남도 서천군 장항읍,address_candidate,연안 어촌,heatmap,False,unverified_stop_candidate + address_token_candidate
ct_7dba0d730780c9,188,서천,동백코스(익산-군산 광역),4,장항송림자연휴양림,장항송림자연휴양림,EXPLICIT_SEPARATOR,VISIT_CANDIDATE,False,EXACT_NAME_REGION_CANDIDATE,ctt258,False,G07,PROVISIONAL_PLACE_CATEGORY,0.0,1.0,0.0,0.0,0.0,ctt258,충청남도 서천군 장항읍,address_candidate,연안 어촌,heatmap,False,unverified_stop_candidate + address_token_candidate
ct_7dba0d730780c9,188,서천,동백코스(익산-군산 광역),6,조류생태전시관,조류생태전시관,EXPLICIT_SEPARATOR,VISIT_CANDIDATE,False,EXACT_NAME_REGION_CANDIDATE,ctt259,False,G05,PROVISIONAL_PLACE_CATEGORY,0.0,0.0,1.0,0.0,0.0,ctt259,충청남도 서천군 마서면,address_candidate,연안 어촌,heatmap,False,unverified_stop_candidate + address_token_candidate
ct_7dba0d730780c9,188,서천,동백코스(익산-군산 광역),7,금강하구둑 관광지,금강하구둑 관광지,EXPLICIT_SEPARATOR,VISIT_CANDIDATE,False,EXACT_NAME_REGION_CANDIDATE,ctt260,False,G07,PROVISIONAL_PLACE_CATEGORY,0.0,1.0,0.0,0.0,0.0,ctt260,충청남도 서천군 마서면,address_candidate,연안 어촌,heatmap,False,unverified_stop_candidate + address_token_candidate
ct_ba3c89379bf8c1,189,서천,금빛코스,1,문헌서원,문헌서원,EXPLICIT_SEPARATOR,VISIT_CANDIDATE,False,EXACT_NAME_REGION_CANDIDATE,ctt261,False,G10,PROVISIONAL_PLACE_CATEGORY,1.0,0.0,0.0,0.0,0.0,ctt261,충청남도 서천군 기산면,address_candidate,비연안,heatmap,False,unverified_stop_candidate + address_token_candidate
ct_ba3c89379bf8c1,189,서천,금빛코스,2,봉선저수지,봉선저수지,EXPLICIT_SEPARATOR,VISIT_CANDIDATE,False,EXACT_NAME_REGION_CANDIDATE,ctt262,False,G07,PROVISIONAL_PLACE_CATEGORY,0.0,1.0,0.0,0.0,0.0,ctt262,충청남도 서천군 시초면,address_candidate,비연안,heatmap,False,unverified_stop_candidate + address_token_candidate
ct_ba3c89379bf8c1,189,서천,금빛코스,6,한산모시관,한산모시관,EXPLICIT_SEPARATOR,VISIT_CANDIDATE,False,EXACT_NAME_REGION_CANDIDATE,ctt264,False,G05,PROVISIONAL_PLACE_CATEGORY,0.0,0.0,1.0,0.0,0.0,ctt264,충청남도 서천군 한산면,address_candidate,비연안,heatmap,False,unverified_stop_candidate + address_token_candidate
ct_507ac7569b1306,191,서천,보랏빛코스,1,국립생태원,국립생태원,EXPLICIT_SEPARATOR,VISIT_CANDIDATE,False,EXACT_NAME_REGION_CANDIDATE,nax450,False,G06,PROVISIONAL_PLACE_CATEGORY,0.0,1.0,0.0,0.0,0.0,nax450,충청남도 서천군 마서면,address_candidate,연안 어촌,heatmap,False,unverified_stop_candidate + address_token_candidate
ct_507ac7569b1306,191,서천,보랏빛코스,2,장항6080음식골목 맛나로(중식),장항6080음식골목 맛나로,EXPLICIT_SEPARATOR,VISIT_CANDIDATE,False,PAREN_ALIAS_CANDIDATE,ctt257,False,G03,PROVISIONAL_PLACE_CATEGORY,0.0,0.0,0.0,1.0,0.0,ctt257,충청남도 서천군 장항읍,address_candidate,연안 어촌,heatmap,False,unverified_stop_candidate + address_token_candidate
ct_507ac7569b1306,191,서천,보랏빛코스,4,장항송림자연휴양림,장항송림자연휴양림,EXPLICIT_SEPARATOR,VISIT_CANDIDATE,False,EXACT_NAME_REGION_CANDIDATE,ctt258,False,G07,PROVISIONAL_PLACE_CATEGORY,0.0,1.0,0.0,0.0,0.0,ctt258,충청남도 서천군 장항읍,address_candidate,연안 어촌,heatmap,False,unverified_stop_candidate + address_token_candidate
ct_507ac7569b1306,191,서천,보랏빛코스,5,국립해양생물자원관,국립해양생물자원관,EXPLICIT_SEPARATOR,VISIT_CANDIDATE,False,EXACT_NAME_REGION_CANDIDATE,ctt268,False,G05,PROVISIONAL_PLACE_CATEGORY,0.0,0.0,1.0,0.0,0.0,ctt268,충청남도 서천군 장항읍,address_candidate,연안 어촌,heatmap,False,unverified_stop_candidate + address_token_candidate
ct_507ac7569b1306,191,서천,보랏빛코스,6,조류생태전시관,조류생태전시관,EXPLICIT_SEPARATOR,VISIT_CANDIDATE,False,EXACT_NAME_REGION_CANDIDATE,ctt259,False,G05,PROVISIONAL_PLACE_CATEGORY,0.0,0.0,1.0,0.0,0.0,ctt259,충청남도 서천군 마서면,address_candidate,연안 어촌,heatmap,False,unverified_stop_candidate + address_token_candidate
ct_6be92119035c7f,192,영광,"영광쉼,투어",3,백수해안도로,백수해안도로,EXPLICIT_SEPARATOR,VISIT_CANDIDATE,False,EXACT_NAME_REGION_CANDIDATE,ctt269,False,G07,PROVISIONAL_PLACE_CATEGORY,0.0,1.0,0.0,0.0,0.0,ctt269,전남광주통합특별시 영광군 백수읍,address_candidate,연안 어촌,heatmap,False,unverified_stop_candidate + address_token_candidate
ct_6be92119035c7f,192,영광,"영광쉼,투어",7,원불교영산성지,원불교영산성지,EXPLICIT_SEPARATOR,VISIT_CANDIDATE,False,EXACT_NAME_REGION_CANDIDATE,ctt270,False,G10,PROVISIONAL_PLACE_CATEGORY,1.0,0.0,0.0,0.0,0.0,ctt270,전남광주통합특별시 영광군 백수읍,address_candidate,연안 어촌,heatmap,False,unverified_stop_candidate + address_token_candidate
ct_6be92119035c7f,192,영광,"영광쉼,투어",9,불갑사,불갑사,EXPLICIT_SEPARATOR,VISIT_CANDIDATE,False,EXACT_NAME_REGION_CANDIDATE,ctt272,False,G10,PROVISIONAL_PLACE_CATEGORY,1.0,0.0,0.0,0.0,0.0,ctt272,전남광주통합특별시 영광군 불갑면,address_candidate,비연안,heatmap,False,unverified_stop_candidate + address_token_candidate
ct_2528f0bf880396,193,평창,남부권 코스,6,평창돌문화체험관,평창돌문화체험관,EXPLICIT_SEPARATOR,VISIT_CANDIDATE,False,EXACT_NAME_REGION_CANDIDATE,ctt273,False,G05,PROVISIONAL_PLACE_CATEGORY,0.0,0.0,1.0,0.0,0.0,ctt273,강원특별자치도 평창군 평창읍,address_candidate,비연안,heatmap,False,unverified_stop_candidate + address_token_candidate
ct_9d994e07488f57,194,삼척,종일코스,4,활기치유의숲,활기치유의숲,EXPLICIT_SEPARATOR,VISIT_CANDIDATE,False,QUALIFIED_NAME_CANDIDATE,ctt276,False,G07,PROVISIONAL_PLACE_CATEGORY,0.0,1.0,0.0,0.0,0.0,ctt276,강원특별자치도 삼척시 미로면,address_candidate,비연안,heatmap,False,unverified_stop_candidate + address_token_candidate
ct_343d3a1d62c8a5,195,완주,완주힐링로드 시티투어(코레일연계 익산역),5,아원고택,아원고택,EXPLICIT_SEPARATOR,VISIT_CANDIDATE,False,EXACT_NAME_REGION_CANDIDATE,ctt278,False,G10,PROVISIONAL_PLACE_CATEGORY,1.0,0.0,0.0,0.0,0.0,ctt278,전북특별자치도 완주군 소양면,address_candidate,비연안,heatmap,False,unverified_stop_candidate + address_token_candidate
ct_343d3a1d62c8a5,195,완주,완주힐링로드 시티투어(코레일연계 익산역),9,위봉산성,위봉산성,EXPLICIT_SEPARATOR,VISIT_CANDIDATE,False,EXACT_NAME_REGION_CANDIDATE,ctt279,False,G10,PROVISIONAL_PLACE_CATEGORY,1.0,0.0,0.0,0.0,0.0,ctt279,전북특별자치도 완주군 소양면,address_candidate,비연안,heatmap,False,unverified_stop_candidate + address_token_candidate
ct_343d3a1d62c8a5,195,완주,완주힐링로드 시티투어(코레일연계 익산역),10,위봉폭포,위봉폭포,EXPLICIT_SEPARATOR,VISIT_CANDIDATE,False,EXACT_NAME_REGION_CANDIDATE,ctt280,False,G07,PROVISIONAL_PLACE_CATEGORY,0.0,1.0,0.0,0.0,0.0,ctt280,전북특별자치도 완주군 소양면,address_candidate,비연안,heatmap,False,unverified_stop_candidate + address_token_candidate
ct_506425657ddce1,196,완주,완주힐링로드 시티투어(서울권역),5,아원고택,아원고택,EXPLICIT_SEPARATOR,VISIT_CANDIDATE,False,EXACT_NAME_REGION_CANDIDATE,ctt278,False,G10,PROVISIONAL_PLACE_CATEGORY,1.0,0.0,0.0,0.0,0.0,ctt278,전북특별자치도 완주군 소양면,address_candidate,비연안,heatmap,False,unverified_stop_candidate + address_token_candidate
ct_506425657ddce1,196,완주,완주힐링로드 시티투어(서울권역),9,위봉산성,위봉산성,EXPLICIT_SEPARATOR,VISIT_CANDIDATE,False,EXACT_NAME_REGION_CANDIDATE,ctt279,False,G10,PROVISIONAL_PLACE_CATEGORY,1.0,0.0,0.0,0.0,0.0,ctt279,전북특별자치도 완주군 소양면,address_candidate,비연안,heatmap,False,unverified_stop_candidate + address_token_candidate
ct_506425657ddce1,196,완주,완주힐링로드 시티투어(서울권역),10,위봉폭포,위봉폭포,EXPLICIT_SEPARATOR,VISIT_CANDIDATE,False,EXACT_NAME_REGION_CANDIDATE,ctt280,False,G07,PROVISIONAL_PLACE_CATEGORY,0.0,1.0,0.0,0.0,0.0,ctt280,전북특별자치도 완주군 소양면,address_candidate,비연안,heatmap,False,unverified_stop_candidate + address_token_candidate
ct_1dab0b645e521d,197,완주,완주힐링로드시티투어 2코스,6,대한민국술테마박물관,대한민국술테마박물관,EXPLICIT_SEPARATOR,VISIT_CANDIDATE,False,EXACT_NAME_REGION_CANDIDATE,ctt282,False,G10,PROVISIONAL_PLACE_CATEGORY,1.0,0.0,0.0,0.0,0.0,ctt282,전북특별자치도 완주군 구이면,address_candidate,비연안,heatmap,False,unverified_stop_candidate + address_token_candidate
ct_820bca31911e89,198,완주,완주힐링로드시티투어 1코스,7,아원고택,아원고택,EXPLICIT_SEPARATOR,VISIT_CANDIDATE,False,EXACT_NAME_REGION_CANDIDATE,ctt278,False,G10,PROVISIONAL_PLACE_CATEGORY,1.0,0.0,0.0,0.0,0.0,ctt278,전북특별자치도 완주군 소양면,address_candidate,비연안,heatmap,False,unverified_stop_candidate + address_token_candidate
ct_e588b4efe19ef3,199,평창,북부권 코스,4,월정사,월정사,EXPLICIT_SEPARATOR,VISIT_CANDIDATE,False,EXACT_NAME_REGION_CANDIDATE,ro31,False,G10,PROVISIONAL_PLACE_CATEGORY,1.0,0.0,0.0,0.0,0.0,ro31,강원특별자치도 평창군 진부면,address_candidate,비연안,heatmap,False,unverified_stop_candidate + address_token_candidate
ct_e588b4efe19ef3,199,평창,북부권 코스,5,발왕산케이블카,발왕산케이블카,EXPLICIT_SEPARATOR,VISIT_CANDIDATE,False,EXACT_NAME_REGION_CANDIDATE,nax524,False,G06,PROVISIONAL_PLACE_CATEGORY,0.0,1.0,0.0,0.0,0.0,nax524,강원특별자치도 평창군 대관령면,address_candidate,비연안,heatmap,False,unverified_stop_candidate + address_token_candidate
ct_987d7b91b042a8,201,완도,해양치유시티투어,4,완도타워,완도타워,EXPLICIT_SEPARATOR,VISIT_CANDIDATE,False,EXACT_NAME_REGION_CANDIDATE,nax670,False,G07,PROVISIONAL_PLACE_CATEGORY,0.0,1.0,0.0,0.0,0.0,nax670,전남광주통합특별시 완도군 완도읍,address_candidate,연안 어촌,heatmap,False,unverified_stop_candidate + address_token_candidate
ct_987d7b91b042a8,201,완도,해양치유시티투어,6,장보고기념관,장보고기념관,EXPLICIT_SEPARATOR,VISIT_CANDIDATE,False,EXACT_NAME_REGION_CANDIDATE,ctt284,False,G10,PROVISIONAL_PLACE_CATEGORY,1.0,0.0,0.0,0.0,0.0,ctt284,전남광주통합특별시 완도군 완도읍,address_candidate,연안 어촌,heatmap,False,unverified_stop_candidate + address_token_candidate
ct_987d7b91b042a8,201,완도,해양치유시티투어,8,완도수목원,완도수목원,EXPLICIT_SEPARATOR,VISIT_CANDIDATE,False,EXACT_NAME_REGION_CANDIDATE,nax672,False,G06,PROVISIONAL_PLACE_CATEGORY,0.0,1.0,0.0,0.0,0.0,nax672,전남광주통합특별시 완도군 군외면,address_candidate,연안 어촌,heatmap,False,unverified_stop_candidate + address_token_candidate
ct_75d07d35d33328,202,진도,진도시티투어,4,진도개테마파크,진도개테마파크,EXPLICIT_SEPARATOR,VISIT_CANDIDATE,False,EXACT_NAME_REGION_CANDIDATE,ctt285,False,G05,PROVISIONAL_PLACE_CATEGORY,0.0,0.0,1.0,0.0,0.0,ctt285,전남광주통합특별시 진도군 진도읍,address_candidate,연안 어촌,heatmap,False,unverified_stop_candidate + address_token_candidate
ct_75d07d35d33328,202,진도,진도시티투어,5,운림산방,운림산방,EXPLICIT_SEPARATOR,VISIT_CANDIDATE,False,EXACT_NAME_REGION_CANDIDATE,ctt286,False,G10,PROVISIONAL_PLACE_CATEGORY,1.0,0.0,0.0,0.0,0.0,ctt286,전남광주통합특별시 진도군 의신면,address_candidate,연안 어촌,heatmap,False,unverified_stop_candidate + address_token_candidate
ct_75d07d35d33328,202,진도,진도시티투어,8,진도타워,진도타워,EXPLICIT_SEPARATOR,VISIT_CANDIDATE,False,EXACT_NAME_REGION_CANDIDATE,ctt287,False,G05,PROVISIONAL_PLACE_CATEGORY,0.0,0.0,1.0,0.0,0.0,ctt287,전남광주통합특별시 진도군 군내면,address_candidate,연안 어촌,heatmap,False,unverified_stop_candidate + address_token_candidate
ct_75d07d35d33328,202,진도,진도시티투어,18,진도개테마파크,진도개테마파크,EXPLICIT_SEPARATOR,VISIT_CANDIDATE,False,EXACT_NAME_REGION_CANDIDATE,ctt285,False,G05,PROVISIONAL_PLACE_CATEGORY,0.0,0.0,1.0,0.0,0.0,ctt285,전남광주통합특별시 진도군 진도읍,address_candidate,연안 어촌,heatmap,False,unverified_stop_candidate + address_token_candidate
ct_75d07d35d33328,202,진도,진도시티투어,20,운림산방,운림산방,EXPLICIT_SEPARATOR,VISIT_CANDIDATE,False,EXACT_NAME_REGION_CANDIDATE,ctt286,False,G10,PROVISIONAL_PLACE_CATEGORY,1.0,0.0,0.0,0.0,0.0,ctt286,전남광주통합특별시 진도군 의신면,address_candidate,연안 어촌,heatmap,False,unverified_stop_candidate + address_token_candidate
ct_75d07d35d33328,202,진도,진도시티투어,22,용장성,용장성,EXPLICIT_SEPARATOR,VISIT_CANDIDATE,False,QUALIFIED_NAME_CANDIDATE,ctt289,False,G10,PROVISIONAL_PLACE_CATEGORY,1.0,0.0,0.0,0.0,0.0,ctt289,전남광주통합특별시 진도군 군내면,address_candidate,연안 어촌,heatmap,False,unverified_stop_candidate + address_token_candidate
ct_75d07d35d33328,202,진도,진도시티투어,23,진도타워,진도타워,EXPLICIT_SEPARATOR,VISIT_CANDIDATE,False,EXACT_NAME_REGION_CANDIDATE,ctt287,False,G05,PROVISIONAL_PLACE_CATEGORY,0.0,0.0,1.0,0.0,0.0,ctt287,전남광주통합특별시 진도군 군내면,address_candidate,연안 어촌,heatmap,False,unverified_stop_candidate + address_token_candidate
ct_ff36074cae8347,203,양주,자연친화코스1,3,초록지기 마을,초록지기 마을,EXPLICIT_SEPARATOR,VISIT_CANDIDATE,False,QUALIFIED_NAME_CANDIDATE,ctt290,False,G05,PROVISIONAL_PLACE_CATEGORY,0.0,0.0,1.0,0.0,0.0,ctt290,경기도 양주시 남면,address_candidate,비연안,heatmap,False,unverified_stop_candidate + address_token_candidate
ct_82e2c317c54d7e,206,양주,역사투어,7,온릉,온릉,EXPLICIT_SEPARATOR,VISIT_CANDIDATE,False,EXACT_NAME_REGION_CANDIDATE,ctt292,False,G10,PROVISIONAL_PLACE_CATEGORY,1.0,0.0,0.0,0.0,0.0,ctt292,경기도 양주시 장흥면,address_candidate,비연안,heatmap,False,unverified_stop_candidate + address_token_candidate
ct_6e6a0f2ecaee7f,207,양주,기본코스,6,온릉,온릉,EXPLICIT_SEPARATOR,VISIT_CANDIDATE,False,EXACT_NAME_REGION_CANDIDATE,ctt292,False,G10,PROVISIONAL_PLACE_CATEGORY,1.0,0.0,0.0,0.0,0.0,ctt292,경기도 양주시 장흥면,address_candidate,비연안,heatmap,False,unverified_stop_candidate + address_token_candidate
ct_68d8eff6357673,208,양구,해안DMZ트래킹 코스,2,DMZ펀치볼둘레길,DMZ펀치볼둘레길,EXPLICIT_SEPARATOR,VISIT_CANDIDATE,False,EXACT_NAME_REGION_CANDIDATE,ctt293,False,G07,PROVISIONAL_PLACE_CATEGORY,0.0,1.0,0.0,0.0,0.0,ctt293,강원특별자치도 양구군 해안면,address_candidate,비연안,heatmap,False,unverified_stop_candidate + address_token_candidate
ct_68d8eff6357673,208,양구,해안DMZ트래킹 코스,4,을지전망대,을지전망대,EXPLICIT_SEPARATOR,VISIT_CANDIDATE,False,EXACT_NAME_REGION_CANDIDATE,ctt294,False,G05,PROVISIONAL_PLACE_CATEGORY,0.0,0.0,1.0,0.0,0.0,ctt294,강원특별자치도 양구군 해안면,address_candidate,비연안,heatmap,False,unverified_stop_candidate + address_token_candidate
ct_f6d09076696e6d,209,양구,힐링산책코스,2,한반도섬,한반도섬,EXPLICIT_SEPARATOR,VISIT_CANDIDATE,False,EXACT_NAME_REGION_CANDIDATE,ctt295,False,G01,PROVISIONAL_PLACE_CATEGORY,0.0,0.0,0.0,0.0,1.0,ctt295,강원특별자치도 양구군 양구읍,address_candidate,비연안,heatmap,False,unverified_stop_candidate + address_token_candidate
ct_f6d09076696e6d,209,양구,힐링산책코스,3,양구수목원,양구수목원,EXPLICIT_SEPARATOR,VISIT_CANDIDATE,False,EXACT_NAME_REGION_CANDIDATE,ctt296,False,G07,PROVISIONAL_PLACE_CATEGORY,0.0,1.0,0.0,0.0,0.0,ctt296,강원특별자치도 양구군 동면,address_candidate,비연안,heatmap,False,unverified_stop_candidate + address_token_candidate
ct_618497cad743bc,210,양구,방산나들이코스,2,한반도섬,한반도섬,EXPLICIT_SEPARATOR,VISIT_CANDIDATE,False,EXACT_NAME_REGION_CANDIDATE,ctt295,False,G01,PROVISIONAL_PLACE_CATEGORY,0.0,0.0,0.0,0.0,1.0,ctt295,강원특별자치도 양구군 양구읍,address_candidate,비연안,heatmap,False,unverified_stop_candidate + address_token_candidate
ct_618497cad743bc,210,양구,방산나들이코스,3,두타연,두타연,EXPLICIT_SEPARATOR,VISIT_CANDIDATE,False,EXACT_NAME_REGION_CANDIDATE,ctt297,False,G07,PROVISIONAL_PLACE_CATEGORY,0.0,1.0,0.0,0.0,0.0,ctt297,강원특별자치도 양구군 방산면,address_candidate,비연안,heatmap,False,unverified_stop_candidate + address_token_candidate
ct_618497cad743bc,210,양구,방산나들이코스,4,양구백자박물관,양구백자박물관,EXPLICIT_SEPARATOR,VISIT_CANDIDATE,False,EXACT_NAME_REGION_CANDIDATE,ctt298,False,G10,PROVISIONAL_PLACE_CATEGORY,1.0,0.0,0.0,0.0,0.0,ctt298,강원특별자치도 양구군 방산면,address_candidate,비연안,heatmap,False,unverified_stop_candidate + address_token_candidate
ct_88364cbd4a5650,211,곡성,압록권역 순환버스,1,섬진강기차마을,섬진강기차마을,EXPLICIT_SEPARATOR,VISIT_CANDIDATE,False,QUALIFIED_NAME_CANDIDATE,ctt299,False,G07,PROVISIONAL_PLACE_CATEGORY,0.0,1.0,0.0,0.0,0.0,ctt299,전남광주통합특별시 곡성군 오곡면,address_candidate,비연안,heatmap,False,unverified_stop_candidate + address_token_candidate
ct_88364cbd4a5650,211,곡성,압록권역 순환버스,7,섬진강기차마을,섬진강기차마을,EXPLICIT_SEPARATOR,VISIT_CANDIDATE,False,QUALIFIED_NAME_CANDIDATE,ctt299,False,G07,PROVISIONAL_PLACE_CATEGORY,0.0,1.0,0.0,0.0,0.0,ctt299,전남광주통합특별시 곡성군 오곡면,address_candidate,비연안,heatmap,False,unverified_stop_candidate + address_token_candidate
ct_23c35eeaf17398,212,곡성,읍권 순환버스,1,섬진강기차마을,섬진강기차마을,EXPLICIT_SEPARATOR,VISIT_CANDIDATE,False,QUALIFIED_NAME_CANDIDATE,ctt299,False,G07,PROVISIONAL_PLACE_CATEGORY,0.0,1.0,0.0,0.0,0.0,ctt299,전남광주통합특별시 곡성군 오곡면,address_candidate,비연안,heatmap,False,unverified_stop_candidate + address_token_candidate
ct_23c35eeaf17398,212,곡성,읍권 순환버스,2,6070청춘공작소,6070청춘공작소,EXPLICIT_SEPARATOR,VISIT_CANDIDATE,False,EXACT_NAME_REGION_CANDIDATE,ctt301,False,G07,PROVISIONAL_PLACE_CATEGORY,0.0,1.0,0.0,0.0,0.0,ctt301,전남광주통합특별시 곡성군 곡성읍,address_candidate,비연안,heatmap,False,unverified_stop_candidate + address_token_candidate
ct_23c35eeaf17398,212,곡성,읍권 순환버스,6,곡성성당,곡성성당,EXPLICIT_SEPARATOR,VISIT_CANDIDATE,False,EXACT_NAME_REGION_CANDIDATE,ctt303,False,G10,PROVISIONAL_PLACE_CATEGORY,1.0,0.0,0.0,0.0,0.0,ctt303,전남광주통합특별시 곡성군 곡성읍,address_candidate,비연안,heatmap,False,unverified_stop_candidate + address_token_candidate
ct_23c35eeaf17398,212,곡성,읍권 순환버스,9,섬진강기차마을,섬진강기차마을,EXPLICIT_SEPARATOR,VISIT_CANDIDATE,False,QUALIFIED_NAME_CANDIDATE,ctt299,False,G07,PROVISIONAL_PLACE_CATEGORY,0.0,1.0,0.0,0.0,0.0,ctt299,전남광주통합특별시 곡성군 오곡면,address_candidate,비연안,heatmap,False,unverified_stop_candidate + address_token_candidate
ct_cf9f8ad6cdda8f,214,대전,야경,2,대동하늘공원(벽화마을),대동하늘공원,EXPLICIT_SEPARATOR,VISIT_CANDIDATE,False,PAREN_ALIAS_CANDIDATE,ctt305,False,G07,PROVISIONAL_PLACE_CATEGORY,0.0,1.0,0.0,0.0,0.0,ctt305,대전광역시 동구 용운동,address_candidate,비연안,heatmap,False,unverified_stop_candidate + address_token_candidate
ct_f0549cce13f623,216,대전,힐링(만인산),3,대동하늘공원(벽화마을),대동하늘공원,EXPLICIT_SEPARATOR,VISIT_CANDIDATE,False,PAREN_ALIAS_CANDIDATE,ctt305,False,G07,PROVISIONAL_PLACE_CATEGORY,0.0,1.0,0.0,0.0,0.0,ctt305,대전광역시 동구 용운동,address_candidate,비연안,heatmap,False,unverified_stop_candidate + address_token_candidate
ct_4309f65e431d83,222,아산,인생네컷 코스,2,공세리성당,공세리성당,EXPLICIT_SEPARATOR,VISIT_CANDIDATE,False,EXACT_NAME_REGION_CANDIDATE,nax900,False,G09,PROVISIONAL_PLACE_CATEGORY,1.0,0.0,0.0,0.0,0.0,nax900,충청남도 아산시 인주면,address_candidate,연안 어촌,heatmap,False,unverified_stop_candidate + address_token_candidate
ct_4309f65e431d83,222,아산,인생네컷 코스,4,영인산자연휴양림,영인산자연휴양림,EXPLICIT_SEPARATOR,VISIT_CANDIDATE,False,EXACT_NAME_REGION_CANDIDATE,ctt316,False,G07,PROVISIONAL_PLACE_CATEGORY,0.0,1.0,0.0,0.0,0.0,ctt316,충청남도 아산시 영인면,address_candidate,비연안,heatmap,False,unverified_stop_candidate + address_token_candidate
ct_1b0e0fd1157aaa,223,아산,休캉스 코스,3,외암민속마을,외암민속마을,EXPLICIT_SEPARATOR,VISIT_CANDIDATE,False,EXACT_NAME_REGION_CANDIDATE,nax653,False,G10,PROVISIONAL_PLACE_CATEGORY,1.0,0.0,0.0,0.0,0.0,nax653,충청남도 아산시 송악면,address_candidate,비연안,heatmap,False,unverified_stop_candidate + address_token_candidate
ct_1b0e0fd1157aaa,223,아산,休캉스 코스,4,맹씨행단,맹씨행단,EXPLICIT_SEPARATOR,VISIT_CANDIDATE,False,QUALIFIED_NAME_CANDIDATE,ctt318,False,G10,PROVISIONAL_PLACE_CATEGORY,1.0,0.0,0.0,0.0,0.0,ctt318,충청남도 아산시 배방읍,address_candidate,비연안,heatmap,False,unverified_stop_candidate + address_token_candidate
ct_fa87b733ddf357,224,아산,아산도심핫플코스,4,현충사,현충사,EXPLICIT_SEPARATOR,VISIT_CANDIDATE,False,EXACT_NAME_REGION_CANDIDATE,nax654,False,G10,PROVISIONAL_PLACE_CATEGORY,1.0,0.0,0.0,0.0,0.0,nax654,충청남도 아산시 염치읍,address_candidate,비연안,heatmap,False,unverified_stop_candidate + address_token_candidate
ct_7799bf62ca5138,228,대전,"광역투어(둘째주, 토)",4,청남대,청남대,EXPLICIT_SEPARATOR,VISIT_CANDIDATE,False,NEARBY_REGION_CANDIDATE,nax638,False,G06,PROVISIONAL_PLACE_CATEGORY,0.0,1.0,0.0,0.0,0.0,nax638,충청북도 청주시 상당구 문의면,address_candidate,비연안,heatmap,False,unverified_stop_candidate + address_token_candidate
ct_2d10b95a5e902e,229,대전,"광역투어(첫주, 일)",6,탑정호(수변생태공원),탑정호,EXPLICIT_SEPARATOR,VISIT_CANDIDATE,False,NEARBY_REGION_CANDIDATE,ro422,False,G07,PROVISIONAL_PLACE_CATEGORY,0.0,1.0,0.0,0.0,0.0,ro422,충청남도 논산시 부적면,address_candidate,비연안,heatmap,False,unverified_stop_candidate + address_token_candidate
ct_2d10b95a5e902e,229,대전,"광역투어(첫주, 일)",8,돈암서원,돈암서원,EXPLICIT_SEPARATOR,VISIT_CANDIDATE,False,NEARBY_REGION_CANDIDATE,nax419,False,G09,PROVISIONAL_PLACE_CATEGORY,1.0,0.0,0.0,0.0,0.0,nax419,충청남도 논산시 연산면,address_candidate,비연안,heatmap,False,unverified_stop_candidate + address_token_candidate
ct_a0af2538872792,234,서천,전라권코스,1,국립생태원,국립생태원,EXPLICIT_SEPARATOR,VISIT_CANDIDATE,False,EXACT_NAME_REGION_CANDIDATE,nax450,False,G06,PROVISIONAL_PLACE_CATEGORY,0.0,1.0,0.0,0.0,0.0,nax450,충청남도 서천군 마서면,address_candidate,연안 어촌,heatmap,False,unverified_stop_candidate + address_token_candidate
ct_a0af2538872792,234,서천,전라권코스,2,장항6080음식골목 맛나로,장항6080음식골목 맛나로,EXPLICIT_SEPARATOR,VISIT_CANDIDATE,False,EXACT_NAME_REGION_CANDIDATE,ctt257,False,G03,PROVISIONAL_PLACE_CATEGORY,0.0,0.0,0.0,1.0,0.0,ctt257,충청남도 서천군 장항읍,address_candidate,연안 어촌,heatmap,False,unverified_stop_candidate + address_token_candidate
ct_a0af2538872792,234,서천,전라권코스,4,장항스카이워크,장항스카이워크,EXPLICIT_SEPARATOR,VISIT_CANDIDATE,False,EXACT_NAME_REGION_CANDIDATE,ro173,False,G05,PROVISIONAL_PLACE_CATEGORY,0.0,0.0,1.0,0.0,0.0,ro173,충청남도 서천군 장항읍,address_candidate,연안 어촌,heatmap,False,unverified_stop_candidate + address_token_candidate
ct_a0af2538872792,234,서천,전라권코스,5,한산모시관,한산모시관,EXPLICIT_SEPARATOR,VISIT_CANDIDATE,False,EXACT_NAME_REGION_CANDIDATE,ctt264,False,G05,PROVISIONAL_PLACE_CATEGORY,0.0,0.0,1.0,0.0,0.0,ctt264,충청남도 서천군 한산면,address_candidate,비연안,heatmap,False,unverified_stop_candidate + address_token_candidate
ct_15ca3909485d66,235,서천,광역코스,1,국립생태원,국립생태원,EXPLICIT_SEPARATOR,VISIT_CANDIDATE,False,EXACT_NAME_REGION_CANDIDATE,nax450,False,G06,PROVISIONAL_PLACE_CATEGORY,0.0,1.0,0.0,0.0,0.0,nax450,충청남도 서천군 마서면,address_candidate,연안 어촌,heatmap,False,unverified_stop_candidate + address_token_candidate
ct_15ca3909485d66,235,서천,광역코스,2,장항6080음식골목 맛나로,장항6080음식골목 맛나로,EXPLICIT_SEPARATOR,VISIT_CANDIDATE,False,EXACT_NAME_REGION_CANDIDATE,ctt257,False,G03,PROVISIONAL_PLACE_CATEGORY,0.0,0.0,0.0,1.0,0.0,ctt257,충청남도 서천군 장항읍,address_candidate,연안 어촌,heatmap,False,unverified_stop_candidate + address_token_candidate
ct_15ca3909485d66,235,서천,광역코스,4,장항스카이워크,장항스카이워크,EXPLICIT_SEPARATOR,VISIT_CANDIDATE,False,EXACT_NAME_REGION_CANDIDATE,ro173,False,G05,PROVISIONAL_PLACE_CATEGORY,0.0,0.0,1.0,0.0,0.0,ro173,충청남도 서천군 장항읍,address_candidate,연안 어촌,heatmap,False,unverified_stop_candidate + address_token_candidate
ct_15ca3909485d66,235,서천,광역코스,5,국립해양생물자원관,국립해양생물자원관,EXPLICIT_SEPARATOR,VISIT_CANDIDATE,False,EXACT_NAME_REGION_CANDIDATE,ctt268,False,G05,PROVISIONAL_PLACE_CATEGORY,0.0,0.0,1.0,0.0,0.0,ctt268,충청남도 서천군 장항읍,address_candidate,연안 어촌,heatmap,False,unverified_stop_candidate + address_token_candidate
ct_2f8d9c4d57db08,236,서천,힐링코스,2,마량리동백나무숲,마량리동백나무숲,EXPLICIT_SEPARATOR,VISIT_CANDIDATE,False,EXACT_NAME_REGION_CANDIDATE,ctt328,False,G07,PROVISIONAL_PLACE_CATEGORY,0.0,1.0,0.0,0.0,0.0,ctt328,충청남도 서천군 서면,address_candidate,연안 어촌,heatmap,False,unverified_stop_candidate + address_token_candidate
ct_2f8d9c4d57db08,236,서천,힐링코스,3,춘장대해수욕장,춘장대해수욕장,EXPLICIT_SEPARATOR,VISIT_CANDIDATE,False,EXACT_NAME_REGION_CANDIDATE,ro67,False,G01,PROVISIONAL_PLACE_CATEGORY,0.0,0.0,0.0,0.0,1.0,ro67,충청남도 서천군 서면,address_candidate,연안 어촌,heatmap,False,unverified_stop_candidate + address_token_candidate
ct_2f8d9c4d57db08,236,서천,힐링코스,6,장항스카이워크,장항스카이워크,EXPLICIT_SEPARATOR,VISIT_CANDIDATE,False,EXACT_NAME_REGION_CANDIDATE,ro173,False,G05,PROVISIONAL_PLACE_CATEGORY,0.0,0.0,1.0,0.0,0.0,ro173,충청남도 서천군 장항읍,address_candidate,연안 어촌,heatmap,False,unverified_stop_candidate + address_token_candidate
ct_61845aa89a1c1a,237,홍천,홍천시티투어,3,수타사,수타사,EXPLICIT_SEPARATOR,VISIT_CANDIDATE,False,EXACT_NAME_REGION_CANDIDATE,ctt332,False,G10,PROVISIONAL_PLACE_CATEGORY,1.0,0.0,0.0,0.0,0.0,ctt332,강원특별자치도 홍천군 영귀미면,address_candidate,비연안,heatmap,False,unverified_stop_candidate + address_token_candidate
ct_61845aa89a1c1a,237,홍천,홍천시티투어,7,무궁화수목원,무궁화수목원,EXPLICIT_SEPARATOR,VISIT_CANDIDATE,False,QUALIFIED_NAME_CANDIDATE,ctu61,False,G07,PROVISIONAL_PLACE_CATEGORY,0.0,1.0,0.0,0.0,0.0,ctu61,강원특별자치도 홍천군 북방면,address_candidate,비연안,heatmap,False,unverified_stop_candidate + address_token_candidate
ct_61845aa89a1c1a,237,홍천,홍천시티투어,10,수타사,수타사,EXPLICIT_SEPARATOR,VISIT_CANDIDATE,False,EXACT_NAME_REGION_CANDIDATE,ctt332,False,G10,PROVISIONAL_PLACE_CATEGORY,1.0,0.0,0.0,0.0,0.0,ctt332,강원특별자치도 홍천군 영귀미면,address_candidate,비연안,heatmap,False,unverified_stop_candidate + address_token_candidate
ct_9845cf0683e6c7,238,화천,화천시티투어(백암산케이블카),5,화천박물관,화천박물관,EXPLICIT_SEPARATOR,VISIT_CANDIDATE,False,EXACT_NAME_REGION_CANDIDATE,ctt334,False,G10,PROVISIONAL_PLACE_CATEGORY,1.0,0.0,0.0,0.0,0.0,ctt334,강원특별자치도 화천군 하남면,address_candidate,비연안,heatmap,False,unverified_stop_candidate + address_token_candidate
ct_53a12bc8caced9,239,화천,화천시티투어(평화누리호),4,산천어커피박물관,산천어커피박물관,EXPLICIT_SEPARATOR,VISIT_CANDIDATE,False,EXACT_NAME_REGION_CANDIDATE,ctt333,False,G10,PROVISIONAL_PLACE_CATEGORY,1.0,0.0,0.0,0.0,0.0,ctt333,강원특별자치도 화천군 화천읍,address_candidate,비연안,heatmap,False,unverified_stop_candidate + address_token_candidate
ct_53a12bc8caced9,239,화천,화천시티투어(평화누리호),6,화천박물관,화천박물관,EXPLICIT_SEPARATOR,VISIT_CANDIDATE,False,EXACT_NAME_REGION_CANDIDATE,ctt334,False,G10,PROVISIONAL_PLACE_CATEGORY,1.0,0.0,0.0,0.0,0.0,ctt334,강원특별자치도 화천군 하남면,address_candidate,비연안,heatmap,False,unverified_stop_candidate + address_token_candidate
ct_a33d720535a1e1,240,순천,(테마투어)산사투어,2,송광사,송광사,EXPLICIT_SEPARATOR,VISIT_CANDIDATE,False,EXACT_NAME_REGION_CANDIDATE,nax798,False,G10,PROVISIONAL_PLACE_CATEGORY,1.0,0.0,0.0,0.0,0.0,nax798,전남광주통합특별시 순천시 송광면,address_candidate,비연안,heatmap,False,unverified_stop_candidate + address_token_candidate
ct_a33d720535a1e1,240,순천,(테마투어)산사투어,3,선암사,선암사,EXPLICIT_SEPARATOR,VISIT_CANDIDATE,False,EXACT_NAME_REGION_CANDIDATE,nax210,False,G10,PROVISIONAL_PLACE_CATEGORY,1.0,0.0,0.0,0.0,0.0,nax210,전남광주통합특별시 순천시 승주읍,address_candidate,비연안,heatmap,False,unverified_stop_candidate + address_token_candidate
ct_a33d720535a1e1,240,순천,(테마투어)산사투어,4,상사호,상사호,EXPLICIT_SEPARATOR,VISIT_CANDIDATE,False,EXACT_NAME_REGION_CANDIDATE,ctt336,False,G07,PROVISIONAL_PLACE_CATEGORY,0.0,1.0,0.0,0.0,0.0,ctt336,전남광주통합특별시 순천시 상사면,address_candidate,비연안,heatmap,False,unverified_stop_candidate + address_token_candidate
ct_7d1c2151bda037,241,순천,(테마투어)세계유산투어,2,낙안읍성,낙안읍성,EXPLICIT_SEPARATOR,VISIT_CANDIDATE,False,EXACT_NAME_REGION_CANDIDATE,nax209,False,G10,PROVISIONAL_PLACE_CATEGORY,1.0,0.0,0.0,0.0,0.0,nax209,전남광주통합특별시 순천시 낙안면,address_candidate,비연안,heatmap,False,unverified_stop_candidate + address_token_candidate
ct_7d1c2151bda037,241,순천,(테마투어)세계유산투어,3,뿌리깊은나무박물관,뿌리깊은나무박물관,EXPLICIT_SEPARATOR,VISIT_CANDIDATE,False,EXACT_NAME_REGION_CANDIDATE,nax800,False,G09,PROVISIONAL_PLACE_CATEGORY,1.0,0.0,0.0,0.0,0.0,nax800,전남광주통합특별시 순천시 낙안면,address_candidate,비연안,heatmap,False,unverified_stop_candidate + address_token_candidate
ct_7d1c2151bda037,241,순천,(테마투어)세계유산투어,4,선암사,선암사,EXPLICIT_SEPARATOR,VISIT_CANDIDATE,False,EXACT_NAME_REGION_CANDIDATE,nax210,False,G10,PROVISIONAL_PLACE_CATEGORY,1.0,0.0,0.0,0.0,0.0,nax210,전남광주통합특별시 순천시 승주읍,address_candidate,비연안,heatmap,False,unverified_stop_candidate + address_token_candidate
ct_02181b9e7a671f,242,순천,(테마투어)성곽투어,2,낙안읍성,낙안읍성,EXPLICIT_SEPARATOR,VISIT_CANDIDATE,False,EXACT_NAME_REGION_CANDIDATE,nax209,False,G10,PROVISIONAL_PLACE_CATEGORY,1.0,0.0,0.0,0.0,0.0,nax209,전남광주통합특별시 순천시 낙안면,address_candidate,비연안,heatmap,False,unverified_stop_candidate + address_token_candidate
ct_02181b9e7a671f,242,순천,(테마투어)성곽투어,3,뿌리깊은나무박물관,뿌리깊은나무박물관,EXPLICIT_SEPARATOR,VISIT_CANDIDATE,False,EXACT_NAME_REGION_CANDIDATE,nax800,False,G09,PROVISIONAL_PLACE_CATEGORY,1.0,0.0,0.0,0.0,0.0,nax800,전남광주통합특별시 순천시 낙안면,address_candidate,비연안,heatmap,False,unverified_stop_candidate + address_token_candidate
ct_02181b9e7a671f,242,순천,(테마투어)성곽투어,5,순천왜성,순천왜성,EXPLICIT_SEPARATOR,VISIT_CANDIDATE,False,EXACT_NAME_REGION_CANDIDATE,ctt338,False,G10,PROVISIONAL_PLACE_CATEGORY,1.0,0.0,0.0,0.0,0.0,ctt338,전남광주통합특별시 순천시 해룡면,address_candidate,연안 어촌,heatmap,False,unverified_stop_candidate + address_token_candidate
ct_02181b9e7a671f,242,순천,(테마투어)성곽투어,6,와온해변,와온해변,EXPLICIT_SEPARATOR,VISIT_CANDIDATE,False,EXACT_NAME_REGION_CANDIDATE,nax212,False,G01,PROVISIONAL_PLACE_CATEGORY,0.0,0.0,0.0,0.0,1.0,nax212,전남광주통합특별시 순천시 해룡면,address_candidate,연안 어촌,heatmap,False,unverified_stop_candidate + address_token_candidate
ct_6b11aef24a24ef,243,순천,(테마투어)생태투어,2,송광사,송광사,EXPLICIT_SEPARATOR,VISIT_CANDIDATE,False,EXACT_NAME_REGION_CANDIDATE,nax798,False,G10,PROVISIONAL_PLACE_CATEGORY,1.0,0.0,0.0,0.0,0.0,nax798,전남광주통합특별시 순천시 송광면,address_candidate,비연안,heatmap,False,unverified_stop_candidate + address_token_candidate
ct_cfd77d72cf4c59,245,나주,정기코스,5,국립나주박물관,국립나주박물관,EXPLICIT_SEPARATOR,VISIT_CANDIDATE,False,EXACT_NAME_REGION_CANDIDATE,ctt340,False,G10,PROVISIONAL_PLACE_CATEGORY,1.0,0.0,0.0,0.0,0.0,ctt340,전남광주통합특별시 나주시 반남면,address_candidate,비연안,heatmap,False,unverified_stop_candidate + address_token_candidate
ct_8163a6f43e6f4a,246,아산,예술맛집 코스,2,옹기발효음식전시체험관,옹기발효음식전시체험관,EXPLICIT_SEPARATOR,VISIT_CANDIDATE,False,EXACT_NAME_REGION_CANDIDATE,ctt342,False,G05,PROVISIONAL_PLACE_CATEGORY,0.0,0.0,1.0,0.0,0.0,ctt342,충청남도 아산시 도고면,address_candidate,비연안,heatmap,False,unverified_stop_candidate + address_token_candidate
ct_8163a6f43e6f4a,246,아산,예술맛집 코스,3,도고아트홀,도고아트홀,EXPLICIT_SEPARATOR,VISIT_CANDIDATE,False,EXACT_NAME_REGION_CANDIDATE,ctt343,False,G05,PROVISIONAL_PLACE_CATEGORY,0.0,0.0,1.0,0.0,0.0,ctt343,충청남도 아산시 도고면,address_candidate,비연안,heatmap,False,unverified_stop_candidate + address_token_candidate
ct_8163a6f43e6f4a,246,아산,예술맛집 코스,4,세계꽃식물원,세계꽃식물원,EXPLICIT_SEPARATOR,VISIT_CANDIDATE,False,EXACT_NAME_REGION_CANDIDATE,ctt344,False,G07,PROVISIONAL_PLACE_CATEGORY,0.0,1.0,0.0,0.0,0.0,ctt344,충청남도 아산시 도고면,address_candidate,비연안,heatmap,False,unverified_stop_candidate + address_token_candidate
ct_3764c5ee83c6b9,253,대전,"광역투어(넷재주, 토)",2,"부소산성(백마강 황포돛배 이용 고산사, 낙화암)",부소산성,EXPLICIT_SEPARATOR,VISIT_CANDIDATE,False,NEARBY_REGION_CANDIDATE,nax277,False,G10,PROVISIONAL_PLACE_CATEGORY,1.0,0.0,0.0,0.0,0.0,nax277,충청남도 부여군 부여읍,address_candidate,비연안,heatmap,False,unverified_stop_candidate + address_token_candidate
ct_3764c5ee83c6b9,253,대전,"광역투어(넷재주, 토)",5,백제문화단지,백제문화단지,EXPLICIT_SEPARATOR,VISIT_CANDIDATE,False,NEARBY_REGION_CANDIDATE,nax281,False,G05,PROVISIONAL_PLACE_CATEGORY,0.0,0.0,1.0,0.0,0.0,nax281,충청남도 부여군 규암면,address_candidate,비연안,heatmap,False,unverified_stop_candidate + address_token_candidate
ct_1c94bb0caf5c4f,254,안성,안성시티투어,1,안성맞춤박물관,안성맞춤박물관,EXPLICIT_SEPARATOR,VISIT_CANDIDATE,False,EXACT_NAME_REGION_CANDIDATE,ctt347,False,G10,PROVISIONAL_PLACE_CATEGORY,1.0,0.0,0.0,0.0,0.0,ctt347,경기도 안성시 대덕면,address_candidate,비연안,heatmap,False,unverified_stop_candidate + address_token_candidate
ct_1c94bb0caf5c4f,254,안성,안성시티투어,3,안성맞춤랜드,안성맞춤랜드,EXPLICIT_SEPARATOR,VISIT_CANDIDATE,False,EXACT_NAME_REGION_CANDIDATE,ctt349,False,G05,PROVISIONAL_PLACE_CATEGORY,0.0,0.0,1.0,0.0,0.0,ctt349,경기도 안성시 보개면,address_candidate,비연안,heatmap,False,unverified_stop_candidate + address_token_candidate
ct_1c94bb0caf5c4f,254,안성,안성시티투어,5,청룡사,청룡사,EXPLICIT_SEPARATOR,VISIT_CANDIDATE,False,EXACT_NAME_REGION_CANDIDATE,ctt350,False,G10,PROVISIONAL_PLACE_CATEGORY,1.0,0.0,0.0,0.0,0.0,ctt350,경기도 안성시 서운면,address_candidate,비연안,heatmap,False,unverified_stop_candidate + address_token_candidate
ct_6ec0ad7a54e92d,262,서천,문화코스,1,문헌서원,문헌서원,EXPLICIT_SEPARATOR,VISIT_CANDIDATE,False,EXACT_NAME_REGION_CANDIDATE,ctt261,False,G10,PROVISIONAL_PLACE_CATEGORY,1.0,0.0,0.0,0.0,0.0,ctt261,충청남도 서천군 기산면,address_candidate,비연안,heatmap,False,unverified_stop_candidate + address_token_candidate
ct_6ec0ad7a54e92d,262,서천,문화코스,2,장항6080음식골목 맛나로,장항6080음식골목 맛나로,EXPLICIT_SEPARATOR,VISIT_CANDIDATE,False,EXACT_NAME_REGION_CANDIDATE,ctt257,False,G03,PROVISIONAL_PLACE_CATEGORY,0.0,0.0,0.0,1.0,0.0,ctt257,충청남도 서천군 장항읍,address_candidate,연안 어촌,heatmap,False,unverified_stop_candidate + address_token_candidate
ct_6ec0ad7a54e92d,262,서천,문화코스,4,장항스카이워크,장항스카이워크,EXPLICIT_SEPARATOR,VISIT_CANDIDATE,False,EXACT_NAME_REGION_CANDIDATE,ro173,False,G05,PROVISIONAL_PLACE_CATEGORY,0.0,0.0,1.0,0.0,0.0,ro173,충청남도 서천군 장항읍,address_candidate,연안 어촌,heatmap,False,unverified_stop_candidate + address_token_candidate
ct_6ec0ad7a54e92d,262,서천,문화코스,5,국립해양생물자원관,국립해양생물자원관,EXPLICIT_SEPARATOR,VISIT_CANDIDATE,False,EXACT_NAME_REGION_CANDIDATE,ctt268,False,G05,PROVISIONAL_PLACE_CATEGORY,0.0,0.0,1.0,0.0,0.0,ctt268,충청남도 서천군 장항읍,address_candidate,연안 어촌,heatmap,False,unverified_stop_candidate + address_token_candidate
ct_6ec0ad7a54e92d,262,서천,문화코스,6,"한산모시관(수,금,일/1~6)",한산모시관,EXPLICIT_SEPARATOR,VISIT_CANDIDATE,False,PAREN_ALIAS_CANDIDATE,ctt264,False,G05,PROVISIONAL_PLACE_CATEGORY,0.0,0.0,1.0,0.0,0.0,ctt264,충청남도 서천군 한산면,address_candidate,비연안,heatmap,False,unverified_stop_candidate + address_token_candidate
ct_6ec0ad7a54e92d,262,서천,문화코스,7,"신성리갈대밭(수,금,일/7~12)",신성리갈대밭,EXPLICIT_SEPARATOR,VISIT_CANDIDATE,False,PAREN_ALIAS_CANDIDATE,nax1215,False,G07,PROVISIONAL_PLACE_CATEGORY,0.0,1.0,0.0,0.0,0.0,nax1215,충청남도 서천군 한산면,address_candidate,비연안,heatmap,False,unverified_stop_candidate + address_token_candidate
ct_6ec0ad7a54e92d,262,서천,문화코스,9,국립생태원,국립생태원,EXPLICIT_SEPARATOR,VISIT_CANDIDATE,False,EXACT_NAME_REGION_CANDIDATE,nax450,False,G06,PROVISIONAL_PLACE_CATEGORY,0.0,1.0,0.0,0.0,0.0,nax450,충청남도 서천군 마서면,address_candidate,연안 어촌,heatmap,False,unverified_stop_candidate + address_token_candidate
ct_ba6ef7945423e1,265,공주,가을코스2,2,마곡사,마곡사,EXPLICIT_SEPARATOR,VISIT_CANDIDATE,False,EXACT_NAME_REGION_CANDIDATE,nax275,False,G10,PROVISIONAL_PLACE_CATEGORY,1.0,0.0,0.0,0.0,0.0,nax275,충청남도 공주시 사곡면,address_candidate,비연안,heatmap,False,unverified_stop_candidate + address_token_candidate
ct_fcbc8def0ff021,267,공주,여름코스,5,유구색동수국정원,유구색동수국정원,EXPLICIT_SEPARATOR,VISIT_CANDIDATE,False,EXACT_NAME_REGION_CANDIDATE,ro122,False,G07,PROVISIONAL_PLACE_CATEGORY,0.0,1.0,0.0,0.0,0.0,ro122,충청남도 공주시 유구읍,address_candidate,비연안,heatmap,False,unverified_stop_candidate + address_token_candidate
ct_c410c248858e88,277,서울,EG투어버스 L코스,5,두물머리,두물머리,EXPLICIT_SEPARATOR,VISIT_CANDIDATE,False,NEARBY_REGION_CANDIDATE,nax318,False,G07,PROVISIONAL_PLACE_CATEGORY,0.0,1.0,0.0,0.0,0.0,nax318,경기도 양평군 양서면,address_candidate,비연안,heatmap,False,unverified_stop_candidate + address_token_candidate
ct_52149303f1b0d4,278,서울,EG투어버스 K 코스,2,포천아트밸리,포천아트밸리,EXPLICIT_SEPARATOR,VISIT_CANDIDATE,False,NEARBY_REGION_CANDIDATE,nax610,False,G05,PROVISIONAL_PLACE_CATEGORY,0.0,0.0,1.0,0.0,0.0,nax610,경기도 포천시 신북면,address_candidate,비연안,heatmap,False,unverified_stop_candidate + address_token_candidate
ct_52149303f1b0d4,278,서울,EG투어버스 K 코스,3,허브아일랜드,허브아일랜드,EXPLICIT_SEPARATOR,VISIT_CANDIDATE,False,NEARBY_REGION_CANDIDATE,nax612,False,G06,PROVISIONAL_PLACE_CATEGORY,0.0,1.0,0.0,0.0,0.0,nax612,경기도 포천시 신북면,address_candidate,비연안,heatmap,False,unverified_stop_candidate + address_token_candidate
