respondent_id,data_status,score_rank,display_order,course_id,region,name,cosine_cluster,cosine_similarity,cosine_fit_score,coverage_factor,coverage_adjusted_score,contribution_herit_points,contribution_heal_points,contribution_activity_points,contribution_food_points,contribution_sea_points,operational_availability_verified
DEMO_CULTURE,SYNTHETIC_DEMONSTRATION,1,1,ct_79a18eaed83932,양산,양산시 가을 시티투어 (역사문화코스),TC07,0.9801960588196068,98.01960588196069,1.0,98.01960588196069,70.0140042014005,14.0028008402801,0.0,14.0028008402801,0.0,False
DEMO_CULTURE,SYNTHETIC_DEMONSTRATION,2,2,ct_a8a8ecfbd0eefc,대전,"광역투어(다섯째주, 토)",TC07,0.9737260471306501,97.37260471306502,1.0,97.37260471306502,69.55186050933216,11.128297681493143,0.0,16.692446522239717,0.0,False
DEMO_CULTURE,SYNTHETIC_DEMONSTRATION,3,3,ct_fcbc8def0ff021,공주,여름코스,TC07,0.9706476511819816,97.06476511819815,1.0,97.06476511819815,78.27803638564367,12.524485821702989,0.0,6.262242910851494,0.0,False
DEMO_CULTURE,SYNTHETIC_DEMONSTRATION,4,4,ct_17e0dd4d30822e,밀양,삼랑진권 투어,TC07,0.9307578419910343,93.07578419910342,1.0,93.07578419910342,77.56315349925286,10.341753799900383,5.1708768999501915,0.0,0.0,False
DEMO_CULTURE,SYNTHETIC_DEMONSTRATION,5,5,ct_6e6a0f2ecaee7f,양주,기본코스,TC07,0.9297198959726095,92.97198959726096,0.9999999999999999,92.97198959726094,80.84520834544429,8.084520834544428,4.042260417272214,0.0,0.0,False
DEMO_CULTURE,SYNTHETIC_DEMONSTRATION,6,6,ct_104171b078b959,공주,가을코스,TC07,0.9219544457292886,92.19544457292886,1.0,92.19544457292886,81.34892168199606,10.846522890932809,0.0,0.0,0.0,False
DEMO_CULTURE,SYNTHETIC_DEMONSTRATION,6,7,ct_1c691124e74222,대구,도동코스,TC07,0.9219544457292886,92.19544457292886,1.0,92.19544457292886,81.34892168199606,0.0,0.0,10.846522890932809,0.0,False
DEMO_CULTURE,SYNTHETIC_DEMONSTRATION,8,8,ct_6bfb1cb10f19bb,천안,목요일,TC07,0.9203579866168443,92.03579866168442,1.0,92.03579866168442,76.69649888473703,15.339299776947406,0.0,0.0,0.0,False
DEMO_CULTURE,SYNTHETIC_DEMONSTRATION,8,9,ct_a33d720535a1e1,순천,(테마투어)산사투어,TC07,0.9203579866168443,92.03579866168442,1.0,92.03579866168442,76.69649888473703,15.339299776947406,0.0,0.0,0.0,False
DEMO_CULTURE,SYNTHETIC_DEMONSTRATION,8,10,ct_e588b4efe19ef3,평창,북부권 코스,TC07,0.9203579866168443,92.03579866168442,1.0,92.03579866168442,76.69649888473703,15.339299776947406,0.0,0.0,0.0,False
DEMO_CULTURE,SYNTHETIC_DEMONSTRATION,11,11,ct_b96c711c2cd94d,예산,예산군 버스투어,TC05,0.9146591207600469,91.46591207600468,1.0,91.46591207600468,57.16619504750293,22.866478019001175,0.0,11.433239009500587,0.0,False
DEMO_CULTURE,SYNTHETIC_DEMONSTRATION,12,12,ct_ba6ef7945423e1,공주,가을코스2,TC07,0.9125550022133405,91.25550022133405,1.0,91.25550022133405,84.05111862491295,4.802921064280739,2.4014605321403697,0.0,0.0,False
DEMO_CULTURE,SYNTHETIC_DEMONSTRATION,13,13,ct_9845cf0683e6c7,화천,화천시티투어(백암산케이블카),TC07,0.9101820546182064,91.01820546182064,1.0,91.01820546182064,70.0140042014005,0.0,7.00140042014005,14.0028008402801,0.0,False
DEMO_CULTURE,SYNTHETIC_DEMONSTRATION,14,14,ct_636360ac200b66,대전,"광역투어(셋째주, 일)",TC07,0.9077307114796104,90.77307114796103,1.0,90.77307114796103,84.4400661841498,4.22200330920749,2.111001654603745,0.0,0.0,False
DEMO_CULTURE,SYNTHETIC_DEMONSTRATION,15,15,ct_0e4d7f0c7de8e2,대구,송해코스,TC07,0.9037378388935385,90.37378388935386,1.0,90.37378388935386,71.34772412317409,19.026059766179763,0.0,0.0,0.0,False
DEMO_CULTURE,SYNTHETIC_DEMONSTRATION,15,16,ct_fc9f85899d40a4,안산,안산 시내권코스(토요일),TC07,0.9037378388935385,90.37378388935386,1.0,90.37378388935386,71.34772412317409,19.026059766179763,0.0,0.0,0.0,False
DEMO_CULTURE,SYNTHETIC_DEMONSTRATION,17,17,ct_b53b246e98a9cd,인천,석모도투어,TC03,0.8911327886790068,89.11327886790068,1.0,89.11327886790068,49.50737714883371,19.80295085953348,0.0,19.80295085953348,0.0,False
DEMO_CULTURE,SYNTHETIC_DEMONSTRATION,18,18,ct_2c0d1fe873d818,천안,화요일,TC07,0.8708635721768007,87.08635721768006,1.0,87.08635721768006,68.75238727711584,9.166984970282112,9.166984970282112,0.0,0.0,False
DEMO_CULTURE,SYNTHETIC_DEMONSTRATION,18,19,ct_343d3a1d62c8a5,완주,완주힐링로드 시티투어(코레일연계 익산역),TC07,0.8708635721768007,87.08635721768006,1.0,87.08635721768006,68.75238727711584,9.166984970282112,9.166984970282112,0.0,0.0,False
DEMO_CULTURE,SYNTHETIC_DEMONSTRATION,20,20,ct_bdc4b066f6280d,안동,도산서원&예끼마을테마,TC07,0.8708635721768007,87.08635721768006,0.9999999999999999,87.08635721768005,68.75238727711583,0.0,9.16698497028211,9.16698497028211,0.0,False
DEMO_CULTURE,SYNTHETIC_DEMONSTRATION,21,21,ct_aa2937d4d2a2d0,목포,목포랑시티투어,TC06,0.8660254037844386,86.60254037844386,1.0,86.60254037844386,59.43311594599088,10.188534162169866,10.188534162169866,6.792356108113243,0.0,False
DEMO_CULTURE,SYNTHETIC_DEMONSTRATION,22,22,ct_4212deac479d6b,세종,역사문화투어,TC07,0.8574929257125441,85.74929257125441,1.0,85.74929257125441,85.74929257125441,0.0,0.0,0.0,0.0,False
DEMO_CULTURE,SYNTHETIC_DEMONSTRATION,22,23,ct_73908901775f5c,익산,세계유산코스,TC07,0.8574929257125441,85.74929257125441,1.0,85.74929257125441,85.74929257125441,0.0,0.0,0.0,0.0,False
DEMO_CULTURE,SYNTHETIC_DEMONSTRATION,22,24,ct_82e2c317c54d7e,양주,역사투어,TC07,0.8574929257125441,85.74929257125441,1.0,85.74929257125441,85.74929257125441,0.0,0.0,0.0,0.0,False
DEMO_CULTURE,SYNTHETIC_DEMONSTRATION,22,25,ct_956d44d9a821ed,양산,2025 6월 시티투어,TC03,0.8574929257125441,85.74929257125441,1.0,85.74929257125441,42.87464628562721,17.14985851425088,8.57492925712544,17.14985851425088,0.0,False
DEMO_CULTURE,SYNTHETIC_DEMONSTRATION,22,26,ct_ba06e511559567,홍성,역사·문화 코스,TC07,0.8574929257125441,85.74929257125441,1.0,85.74929257125441,85.74929257125441,0.0,0.0,0.0,0.0,False
DEMO_CULTURE,SYNTHETIC_DEMONSTRATION,22,27,ct_e4521f5325216f,양주,박물관투어,TC07,0.8574929257125441,85.74929257125441,1.0,85.74929257125441,85.74929257125441,0.0,0.0,0.0,0.0,False
DEMO_CULTURE,SYNTHETIC_DEMONSTRATION,28,28,ct_4b24fed6566e54,해남,해남시티투어,TC05,0.8488746876271653,84.88746876271654,1.0,84.88746876271654,60.63390625908324,24.25356250363329,0.0,0.0,0.0,False
DEMO_CULTURE,SYNTHETIC_DEMONSTRATION,29,29,ct_2749460936eb31,공주,반일코스,TC07,0.8436614877321074,84.36614877321074,1.0,84.36614877321074,76.69649888473703,0.0,7.669649888473703,0.0,0.0,False
DEMO_CULTURE,SYNTHETIC_DEMONSTRATION,30,30,ct_2d10b95a5e902e,대전,"광역투어(첫주, 일)",TC07,0.9824666109905361,98.24666109905361,0.8333333333333333,81.87221758254466,64.63596124937737,8.618128166583649,0.0,8.618128166583649,0.0,False
DEMO_CULTURE,SYNTHETIC_DEMONSTRATION,31,31,ct_084dcff739bc51,김해,김해에반해,TC06,0.893088561378213,89.30885613782131,0.9166666666666667,81.86645145966953,71.63314502721084,4.093322572983476,6.139983859475214,0.0,0.0,False
DEMO_CULTURE,SYNTHETIC_DEMONSTRATION,32,32,ct_20eb1ae44f44d4,밀양,영남알프스권 투어 1,TC07,0.800326730665041,80.0326730665041,1.0,80.0326730665041,57.16619504750293,11.433239009500587,11.433239009500587,0.0,0.0,False
DEMO_CULTURE,SYNTHETIC_DEMONSTRATION,33,33,ct_1d8d8a70616c41,경기광주,광주시티투어,TC06,0.7921180343813393,79.21180343813393,1.0,79.21180343813393,49.50737714883371,19.80295085953348,9.90147542976674,0.0,0.0,False
DEMO_CULTURE,SYNTHETIC_DEMONSTRATION,33,34,ct_52fe5a29aee3e7,합천,합천광역시티투어 누비고,TC05,0.7921180343813393,79.21180343813393,1.0,79.21180343813393,49.50737714883371,19.80295085953348,9.90147542976674,0.0,0.0,False
DEMO_CULTURE,SYNTHETIC_DEMONSTRATION,33,35,ct_a407c821a8382e,서울,EG투어버스 H코스,TC07,0.7921180343813393,79.21180343813393,1.0,79.21180343813393,49.50737714883371,0.0,9.90147542976674,19.80295085953348,0.0,False
DEMO_CULTURE,SYNTHETIC_DEMONSTRATION,36,36,ct_ba3c89379bf8c1,서천,금빛코스,TC06,0.916698497028211,91.66984970282111,0.857142857142857,78.57415688813236,58.93061766609927,15.71483137762647,3.9287078444066177,0.0,0.0,False
DEMO_CULTURE,SYNTHETIC_DEMONSTRATION,37,37,ct_53a12bc8caced9,화천,화천시티투어(평화누리호),TC07,0.9801960588196067,98.01960588196067,0.8,78.41568470556854,56.01120336112039,11.202240672224079,0.0,11.202240672224079,0.0,False
DEMO_CULTURE,SYNTHETIC_DEMONSTRATION,38,38,ct_a1bc285f9c2881,여수,제1코스,TC07,0.7827803638564368,78.27803638564367,1.0,78.27803638564367,62.62242910851494,0.0,3.131121455425747,12.524485821702989,0.0,False
DEMO_CULTURE,SYNTHETIC_DEMONSTRATION,39,39,ct_5c692156a089c1,파주,2026 파주시티투어 당일코스(수요일),TC05,0.7791937224739797,77.91937224739797,0.9999999999999999,77.91937224739796,45.834924851410555,27.500954910846332,4.583492485141055,0.0,0.0,False
DEMO_CULTURE,SYNTHETIC_DEMONSTRATION,40,40,ct_1dab0b645e521d,완주,완주힐링로드시티투어 2코스,TC07,0.9307578419910343,93.07578419910342,0.8333333333333333,77.56315349925285,64.63596124937737,8.618128166583649,4.309064083291824,0.0,0.0,False
DEMO_CULTURE,SYNTHETIC_DEMONSTRATION,41,41,ct_4e89a607500203,태안,광역코스,TC03,0.7717436331412897,77.17436331412897,1.0,77.17436331412897,42.87464628562721,17.14985851425088,0.0,17.14985851425088,0.0,False
DEMO_CULTURE,SYNTHETIC_DEMONSTRATION,42,42,ct_809907e22355c9,연천,연천명소코스,TC05,0.7701540462154055,77.01540462154055,1.0,77.01540462154055,35.00700210070025,28.0056016805602,0.0,14.0028008402801,0.0,False
DEMO_CULTURE,SYNTHETIC_DEMONSTRATION,43,43,ct_00435b9cca499b,포항,퐝랜드마크A코스,TC03,0.7669649888473704,76.69649888473704,1.0,76.69649888473704,38.34824944236851,15.339299776947406,7.669649888473703,15.339299776947406,0.0,False
DEMO_CULTURE,SYNTHETIC_DEMONSTRATION,43,44,ct_ac7ca37140e6b6,포항,퐝랜드마크B코스,TC03,0.7669649888473704,76.69649888473704,1.0,76.69649888473704,38.34824944236851,15.339299776947406,7.669649888473703,15.339299776947406,0.0,False
DEMO_CULTURE,SYNTHETIC_DEMONSTRATION,45,45,ct_1def3d2a58e430,부산,오렌지라인,TC06,0.8426648406178135,84.26648406178136,0.9090909090909092,76.60589460161943,44.1957084240112,23.57104449280598,2.9463805616007477,5.892761123201495,0.0,False
DEMO_CULTURE,SYNTHETIC_DEMONSTRATION,46,46,ct_62ce3cfd4b2223,대구,현풍코스,TC07,0.9150793638884732,91.50793638884733,0.8333333333333333,76.25661365737277,69.32419423397523,0.0,0.0,6.932419423397524,0.0,False
DEMO_CULTURE,SYNTHETIC_DEMONSTRATION,47,47,ct_c188dbb343674a,서천,푸른빛코스,TC06,0.9146591207600469,91.46591207600468,0.8333333333333333,76.22159339667057,47.63849587291911,19.055398349167643,0.0,9.527699174583821,0.0,False
DEMO_CULTURE,SYNTHETIC_DEMONSTRATION,48,48,ct_a70933018dfe45,여수,이순신문화유적코스,TC07,0.8574929257125441,85.74929257125441,0.8571428571428571,73.49939363250378,73.49939363250378,0.0,0.0,0.0,0.0,False
DEMO_CULTURE,SYNTHETIC_DEMONSTRATION,49,49,ct_7cdced2e0d065a,여주,시티투어,TC06,0.9791238294461816,97.91238294461816,0.75,73.43428720846362,49.617761627340286,7.938841860374446,3.969420930187223,11.908262790561668,0.0,False
DEMO_CULTURE,SYNTHETIC_DEMONSTRATION,50,50,ct_02181b9e7a671f,순천,(테마투어)성곽투어,TC07,0.7333587976225691,73.33587976225691,1.0,73.33587976225691,68.75238727711584,0.0,4.583492485141056,0.0,0.0,False
DEMO_CULTURE,SYNTHETIC_DEMONSTRATION,51,51,ct_4ba7f5cc1ffeda,부산,서부산생태투어,TC07,0.9101820546182062,91.01820546182063,0.8,72.8145643694565,56.01120336112039,11.202240672224079,5.601120336112039,0.0,0.0,False
DEMO_CULTURE,SYNTHETIC_DEMONSTRATION,51,52,ct_68e342ed3c052f,익산,익산숨은보석찾기코스,TC07,0.9101820546182062,91.01820546182063,0.8,72.8145643694565,56.01120336112039,0.0,5.601120336112039,11.202240672224079,0.0,False
DEMO_CULTURE,SYNTHETIC_DEMONSTRATION,51,53,ct_ec90f983bc7ed6,안동,하회마을테마,TC07,0.9101820546182062,91.01820546182063,0.8,72.8145643694565,56.01120336112039,11.202240672224079,5.601120336112039,0.0,0.0,False
DEMO_CULTURE,SYNTHETIC_DEMONSTRATION,54,54,ct_6be92119035c7f,영광,"영광쉼,투어",TC06,0.8488746876271653,84.88746876271654,0.8571428571428571,72.76068751089988,51.971919650642775,20.78876786025711,0.0,0.0,0.0,False
DEMO_CULTURE,SYNTHETIC_DEMONSTRATION,55,55,ct_37faafbf7ac90b,김해,자연에반해,TC05,0.7241051372683706,72.41051372683705,1.0,72.41051372683705,38.1107966983353,26.677557688834703,7.622159339667059,0.0,0.0,False
DEMO_CULTURE,SYNTHETIC_DEMONSTRATION,56,56,ct_caab077d4954a7,김해,역사에반해,TC07,0.8574929257125441,85.74929257125441,0.8333333333333334,71.45774380937868,71.45774380937868,0.0,0.0,0.0,0.0,False
DEMO_CULTURE,SYNTHETIC_DEMONSTRATION,57,57,ct_d1e99a0d119f73,밀양,시내권 투어 1,TC06,0.857492925712544,85.7492925712544,0.8333333333333333,71.45774380937866,47.63849587291911,19.055398349167643,4.763849587291911,0.0,0.0,False
DEMO_CULTURE,SYNTHETIC_DEMONSTRATION,58,58,ct_86dc46ed127655,청주,청주시티투어_정기투어_청남대 투어(수토일),TC02,0.7130240959073807,71.30240959073807,1.0,71.30240959073807,32.41018617760821,12.964074471043286,12.964074471043286,12.964074471043286,0.0,False
DEMO_CULTURE,SYNTHETIC_DEMONSTRATION,59,59,ct_596ccaeb2861f9,태안,남부코스,TC03,0.7050239879106324,70.50239879106324,0.9999999999999999,70.50239879106323,27.116307227332012,21.693045781865607,0.0,21.693045781865607,0.0,False
DEMO_CULTURE,SYNTHETIC_DEMONSTRATION,60,60,ct_49fb403c953735,광양,광양역사코스,TC07,0.8775269089525567,87.75269089525567,0.8,70.20215271620454,58.50179393017045,5.8501793930170445,0.0,5.8501793930170445,0.0,False
DEMO_CULTURE,SYNTHETIC_DEMONSTRATION,61,61,ct_4309f65e431d83,아산,인생네컷 코스,TC05,0.7001400420140049,70.0140042014005,1.0,70.0140042014005,35.00700210070025,28.0056016805602,7.00140042014005,0.0,0.0,False
DEMO_CULTURE,SYNTHETIC_DEMONSTRATION,62,62,ct_820bca31911e89,완주,완주힐링로드시티투어 1코스,TC07,0.8677218312746247,86.77218312746247,0.8,69.41774650196997,65.07913734559685,0.0,4.338609156373123,0.0,0.0,False
DEMO_CULTURE,SYNTHETIC_DEMONSTRATION,63,63,ct_62dfed5cce4635,파주,2026 파주시티투어 당일코스(목요일),TC05,0.6902684899626332,69.02684899626333,1.0,69.02684899626333,38.34824944236851,30.678599553894813,0.0,0.0,0.0,False
DEMO_CULTURE,SYNTHETIC_DEMONSTRATION,63,64,ct_6b11aef24a24ef,순천,(테마투어)생태투어,TC05,0.6902684899626332,69.02684899626333,1.0,69.02684899626333,38.34824944236851,30.678599553894813,0.0,0.0,0.0,False
DEMO_CULTURE,SYNTHETIC_DEMONSTRATION,63,65,ct_d038c55e01951b,대전,대덕특구탐방,TC05,0.6902684899626332,69.02684899626333,1.0,69.02684899626333,38.34824944236851,30.678599553894813,0.0,0.0,0.0,False
DEMO_CULTURE,SYNTHETIC_DEMONSTRATION,66,66,ct_1fe72a79d47a7f,서울,EG투어버스 E코스,TC07,0.9203579866168443,92.03579866168442,0.75,69.02684899626331,57.52237416355277,0.0,0.0,11.504474832710555,0.0,False
DEMO_CULTURE,SYNTHETIC_DEMONSTRATION,66,67,ct_572b4d8191127a,영주,선비 코스,TC07,0.9203579866168443,92.03579866168442,0.75,69.02684899626331,57.52237416355277,0.0,0.0,11.504474832710555,0.0,False
DEMO_CULTURE,SYNTHETIC_DEMONSTRATION,66,68,ct_cfd77d72cf4c59,나주,정기코스,TC07,0.9203579866168443,92.03579866168442,0.75,69.02684899626331,57.52237416355277,11.504474832710555,0.0,0.0,0.0,False
DEMO_CULTURE,SYNTHETIC_DEMONSTRATION,66,69,ct_fa87b733ddf357,아산,아산도심핫플코스,TC07,0.9203579866168443,92.03579866168442,0.75,69.02684899626331,57.52237416355277,11.504474832710555,0.0,0.0,0.0,False
DEMO_CULTURE,SYNTHETIC_DEMONSTRATION,70,70,ct_2d7ad6be7d0219,공주,봄코스,TC07,0.9081082718950219,90.81082718950219,0.75,68.10812039212664,63.063074437154285,5.045045954972343,0.0,0.0,0.0,False
DEMO_CULTURE,SYNTHETIC_DEMONSTRATION,71,71,ct_a3932d2baa3d16,안산,안산 시내권코스(목요일),TC05,0.8488746876271653,84.88746876271654,0.8,67.90997501017323,48.507125007266595,19.402850002906632,0.0,0.0,0.0,False
DEMO_CULTURE,SYNTHETIC_DEMONSTRATION,72,72,ct_7350d2221bf4e5,대전,"광역투어(다섯째주, 일)",TC07,0.8408409924953905,84.08409924953905,0.8,67.26727939963125,53.81382351970499,5.381382351970498,8.072073527955748,0.0,0.0,False
DEMO_CULTURE,SYNTHETIC_DEMONSTRATION,73,73,ct_c93b13bf48e761,영주,물돌이 코스,TC03,0.8911327886790069,89.11327886790069,0.75,66.83495915092551,37.130532861625284,14.852213144650115,0.0,14.852213144650115,0.0,False
DEMO_CULTURE,SYNTHETIC_DEMONSTRATION,74,74,ct_a726fc60353090,청주,청주시티투어_정기투어_초정힐링 투어(토),TC07,0.800326730665041,80.0326730665041,0.8333333333333333,66.69389422208674,47.63849587291911,0.0,9.527699174583821,9.527699174583821,0.0,False
DEMO_CULTURE,SYNTHETIC_DEMONSTRATION,75,75,ct_b97fea5cc3f414,광양,광양힐링코스,TC07,0.8708635721768007,87.08635721768006,0.75,65.31476791326004,51.56429045783688,6.875238727711584,6.875238727711584,0.0,0.0,False
DEMO_CULTURE,SYNTHETIC_DEMONSTRATION,76,76,ct_987d7b91b042a8,완도,해양치유시티투어,TC06,0.8677218312746247,86.77218312746247,0.75,65.07913734559685,40.67446084099803,16.269784336399212,0.0,8.134892168199606,0.0,False
DEMO_CULTURE,SYNTHETIC_DEMONSTRATION,77,77,ct_36b90ac2b7ebec,태백,황지자유시장 코스,TC06,0.777844468262597,77.7844468262597,0.8333333333333333,64.8203723552164,27.008488481340173,21.606790785072135,5.401697696268034,10.803395392536068,0.0,False
DEMO_CULTURE,SYNTHETIC_DEMONSTRATION,78,78,ct_38e990a88a3094,춘천,수요일,TC07,0.8574929257125441,85.74929257125441,0.75,64.31196942844082,64.31196942844082,0.0,0.0,0.0,0.0,False
DEMO_CULTURE,SYNTHETIC_DEMONSTRATION,79,79,ct_61845aa89a1c1a,홍천,홍천시티투어,TC06,0.7795787947596418,77.95787947596418,0.8181818181818181,63.78371957124341,35.4353997618019,17.00899188566491,8.504495942832454,2.834831980944152,0.0,False
DEMO_CULTURE,SYNTHETIC_DEMONSTRATION,80,80,ct_3764c5ee83c6b9,대전,"광역투어(넷재주, 토)",TC07,0.8436614877321074,84.36614877321074,0.75,63.274611579908054,57.52237416355277,0.0,5.752237416355277,0.0,0.0,False
DEMO_CULTURE,SYNTHETIC_DEMONSTRATION,81,81,ct_0b7a755a267601,여수,2층야간코스,TC04,0.6262242910851494,62.62242910851494,1.0,62.62242910851494,31.31121455425747,31.31121455425747,0.0,0.0,0.0,False
DEMO_CULTURE,SYNTHETIC_DEMONSTRATION,82,82,ct_03101958100a14,부여,부여테마여행,TC06,0.9355852142347212,93.55852142347211,0.6666666666666667,62.37234761564808,50.57217374241737,10.114434748483474,1.6857391247472453,0.0,0.0,False
DEMO_CULTURE,SYNTHETIC_DEMONSTRATION,83,83,ct_506425657ddce1,완주,완주힐링로드 시티투어(서울권역),TC06,0.9297198959726095,92.97198959726096,0.6666666666666666,61.98132639817397,40.42260417272216,5.389680556362952,5.389680556362952,10.779361112725905,0.0,False
DEMO_CULTURE,SYNTHETIC_DEMONSTRATION,84,84,ct_1c94bb0caf5c4f,안성,안성시티투어,TC02,0.6183469424008422,61.83469424008422,1.0,61.83469424008422,47.565149415449405,0.0,14.269544824634819,0.0,0.0,False
DEMO_CULTURE,SYNTHETIC_DEMONSTRATION,85,85,ct_d756b69f16e800,청주,청주시티투어_정기투어_힐링로드 투어(토),TC02,0.6176470588235294,61.76470588235294,1.0,61.76470588235294,29.411764705882355,5.882352941176471,14.705882352941178,11.764705882352942,0.0,False
DEMO_CULTURE,SYNTHETIC_DEMONSTRATION,86,86,ct_330d0bc9cd3d05,서산,B코스,TC03,0.7717436331412897,77.17436331412897,0.8,61.73949065130318,34.29971702850177,13.719886811400706,0.0,13.719886811400706,0.0,False
DEMO_CULTURE,SYNTHETIC_DEMONSTRATION,86,87,ct_94cebe436c068a,서산,C코스,TC03,0.7717436331412897,77.17436331412897,0.8,61.73949065130318,34.29971702850177,13.719886811400706,0.0,13.719886811400706,0.0,False
DEMO_CULTURE,SYNTHETIC_DEMONSTRATION,88,88,ct_658464b2619d71,양주,천일홍축제,TC07,0.9219544457292886,92.19544457292886,0.6666666666666666,61.463629715285904,54.23261445466404,7.23101526062187,0.0,0.0,0.0,False
DEMO_CULTURE,SYNTHETIC_DEMONSTRATION,88,89,ct_c4d1ab4265b00c,양주,왕실축제,TC07,0.9219544457292886,92.19544457292886,0.6666666666666666,61.463629715285904,54.23261445466404,7.23101526062187,0.0,0.0,0.0,False
DEMO_CULTURE,SYNTHETIC_DEMONSTRATION,90,90,ct_f534f220e539af,파주,2026 파주시티투어 당일코스(일요일),TC07,0.9101820546182062,91.01820546182063,0.6666666666666666,60.67880364121375,46.67600280093365,9.335200560186731,4.667600280093366,0.0,0.0,False
DEMO_CULTURE,SYNTHETIC_DEMONSTRATION,91,91,ct_15ca3909485d66,서천,광역코스,TC06,0.7050239879106324,70.50239879106324,0.8571428571428571,60.43062753519706,23.242549051998868,9.297019620799547,9.297019620799547,18.594039241599095,0.0,False
DEMO_CULTURE,SYNTHETIC_DEMONSTRATION,92,92,ct_98323d74dbd87a,제주,순환형코스,TC06,0.7367154525342441,73.67154525342441,0.8125,59.858130518407336,30.362819828177628,24.290255862542104,0.0,5.205054827687593,0.0,False
DEMO_CULTURE,SYNTHETIC_DEMONSTRATION,93,93,ct_77585e7300bc39,청주,청주시티투어_정기투어_트레킹 투어(토),TC06,0.5958540230683372,59.58540230683372,1.0,59.58540230683372,22.91746242570528,27.500954910846335,9.166984970282112,0.0,0.0,False
DEMO_CULTURE,SYNTHETIC_DEMONSTRATION,94,94,ct_166c38f36d6640,춘천,목요일,TC05,0.7921180343813394,79.21180343813394,0.75,59.40885257860046,37.130532861625284,14.852213144650115,7.426106572325057,0.0,0.0,False
DEMO_CULTURE,SYNTHETIC_DEMONSTRATION,95,95,ct_0ab41b7160d0e2,김해,문화에반해,TC02,0.588235294117647,58.823529411764696,1.0,58.823529411764696,44.11764705882352,0.0,14.705882352941174,0.0,0.0,False
DEMO_CULTURE,SYNTHETIC_DEMONSTRATION,96,96,ct_c543fc703f1159,익산,순환형1,TC07,0.8677218312746245,86.77218312746245,0.6666666666666666,57.84812208497497,54.23261445466404,0.0,3.615507630310935,0.0,0.0,False
DEMO_CULTURE,SYNTHETIC_DEMONSTRATION,97,97,ct_6ec0ad7a54e92d,서천,문화코스,TC06,0.6467616667635545,64.67616667635545,0.8888888888888888,57.48992593453818,17.96560185454318,14.372481483634544,10.779361112725907,14.372481483634544,0.0,False
DEMO_CULTURE,SYNTHETIC_DEMONSTRATION,98,98,ct_64b3f2e630ba51,여수,다크투어리즘코스,TC07,0.8574929257125441,85.74929257125441,0.6666666666666666,57.16619504750294,57.16619504750294,0.0,0.0,0.0,0.0,False
DEMO_CULTURE,SYNTHETIC_DEMONSTRATION,98,99,ct_9f8a8ca65b1ebb,파주,2026 파주시티투어 당일코스(토요일),TC07,0.8574929257125441,85.74929257125441,0.6666666666666666,57.16619504750294,57.16619504750294,0.0,0.0,0.0,0.0,False
DEMO_CULTURE,SYNTHETIC_DEMONSTRATION,98,100,ct_cec518ee1213c1,양주,서울우유견학코스,TC07,0.8574929257125441,85.74929257125441,0.6666666666666666,57.16619504750294,57.16619504750294,0.0,0.0,0.0,0.0,False
DEMO_CULTURE,SYNTHETIC_DEMONSTRATION,101,101,ct_037c18bb42946f,세종,천안연계투어,TC05,0.8488746876271653,84.88746876271654,0.6666666666666666,56.59164584181102,40.42260417272216,16.16904166908886,0.0,0.0,0.0,False
DEMO_CULTURE,SYNTHETIC_DEMONSTRATION,101,102,ct_07b4b0458851e1,서울,EG투어버스 J코스,TC07,0.8488746876271653,84.88746876271654,0.6666666666666666,56.59164584181102,40.42260417272216,0.0,0.0,16.16904166908886,0.0,False
DEMO_CULTURE,SYNTHETIC_DEMONSTRATION,101,103,ct_1b0e0fd1157aaa,아산,休캉스 코스,TC05,0.8488746876271653,84.88746876271654,0.6666666666666666,56.59164584181102,40.42260417272216,16.16904166908886,0.0,0.0,0.0,False
DEMO_CULTURE,SYNTHETIC_DEMONSTRATION,101,104,ct_1d32ffebd246d5,홍성,"전통시장코스(홍성) 1,6일 운영",TC07,0.8488746876271653,84.88746876271654,0.6666666666666666,56.59164584181102,40.42260417272216,0.0,0.0,16.16904166908886,0.0,False
DEMO_CULTURE,SYNTHETIC_DEMONSTRATION,101,105,ct_566165b1b827e0,천안,토요일,TC05,0.8488746876271653,84.88746876271654,0.6666666666666666,56.59164584181102,40.42260417272216,16.16904166908886,0.0,0.0,0.0,False
DEMO_CULTURE,SYNTHETIC_DEMONSTRATION,101,106,ct_f558345dd00dbf,아산,역사기행 코스,TC05,0.8488746876271653,84.88746876271654,0.6666666666666666,56.59164584181102,40.42260417272216,16.16904166908886,0.0,0.0,0.0,False
DEMO_CULTURE,SYNTHETIC_DEMONSTRATION,107,107,ct_a11be8ffeee88a,태백,통리장 코스,TC05,0.7001400420140048,70.01400420140048,0.8,56.01120336112039,28.005601680560194,22.404481344448158,5.601120336112039,0.0,0.0,False
DEMO_CULTURE,SYNTHETIC_DEMONSTRATION,108,108,ct_3aa92169f5cb7c,군산,(익산역 출발) 고군산시간여행코스,TC06,0.6859943405700353,68.59943405700352,0.8,54.87954724560282,34.29971702850177,13.719886811400706,6.859943405700353,0.0,0.0,False
DEMO_CULTURE,SYNTHETIC_DEMONSTRATION,109,109,ct_5728bf247a42c1,제천,시티투어,TC02,0.548454318095348,54.845431809534794,1.0,54.845431809534794,18.281810603178265,14.62544848254261,14.62544848254261,7.312724241271305,0.0,False
DEMO_CULTURE,SYNTHETIC_DEMONSTRATION,110,110,ct_2f8d9c4d57db08,서천,힐링코스,TC06,0.7669649888473705,76.69649888473705,0.7142857142857142,54.78321348909789,27.391606744548938,10.956642697819577,5.478321348909788,10.956642697819577,0.0,False
DEMO_CULTURE,SYNTHETIC_DEMONSTRATION,111,111,ct_2c5b83ca1acb5c,춘천,토요일,TC06,0.53813823519705,53.813823519705,1.0,53.813823519705,16.81681984990781,26.9069117598525,10.090091909944686,0.0,0.0,False
DEMO_CULTURE,SYNTHETIC_DEMONSTRATION,111,112,ct_72a42eb150b5d4,춘천,일요일,TC06,0.53813823519705,53.813823519705,1.0,53.813823519705,16.81681984990781,26.9069117598525,10.090091909944686,0.0,0.0,False
DEMO_CULTURE,SYNTHETIC_DEMONSTRATION,113,113,ct_9857f916bfa916,대구,도심순환코스(12개 정류장),TC06,0.5678885630303182,56.78885630303182,0.9285714285714286,52.73250942424384,10.546501884848768,25.311604523637044,8.437201507879013,8.437201507879013,0.0,False
DEMO_CULTURE,SYNTHETIC_DEMONSTRATION,114,114,ct_424fda831e8a80,인천,인천레트로노선,TC03,0.6288281455225322,62.88281455225322,0.8333333333333333,52.402345460211016,23.819247936459554,0.0,9.527699174583821,19.055398349167643,0.0,False
DEMO_CULTURE,SYNTHETIC_DEMONSTRATION,115,115,ct_618497cad743bc,양구,방산나들이코스,TC01,0.6931032800836721,69.31032800836721,0.75,51.982746006275406,37.130532861625284,14.852213144650115,0.0,0.0,0.0,False
DEMO_CULTURE,SYNTHETIC_DEMONSTRATION,115,116,ct_8171ca90d9fa99,제주,야간코스(7월말~8월말 운영),TC04,0.6931032800836721,69.31032800836721,0.75,51.982746006275406,37.130532861625284,0.0,0.0,14.852213144650115,0.0,False
DEMO_CULTURE,SYNTHETIC_DEMONSTRATION,117,117,ct_6c466761af057c,대전,"광역투어(둘째주, 일)",TC05,0.6902684899626332,69.02684899626333,0.75,51.7701367471975,28.761187081776384,23.00894966542111,0.0,0.0,0.0,False
DEMO_CULTURE,SYNTHETIC_DEMONSTRATION,118,118,ct_83afdb6c6bad30,시흥,순환형 2층버스,TC01,0.5144957554275265,51.44957554275265,1.0,51.44957554275265,28.583097523751466,22.866478019001175,0.0,0.0,0.0,False
DEMO_CULTURE,SYNTHETIC_DEMONSTRATION,119,119,ct_45e65111200294,대전,"광역투어(셋째주, 토)",TC06,0.7701540462154053,77.01540462154053,0.6666666666666666,51.34360308102701,23.338001400466826,18.670401120373462,0.0,9.335200560186731,0.0,False
DEMO_CULTURE,SYNTHETIC_DEMONSTRATION,120,120,ct_3ed5105d35b251,서산,A코스,TC07,0.8436614877321074,84.36614877321074,0.6000000000000001,50.61968926392645,46.01789933084222,0.0,4.6017899330842225,0.0,0.0,False
DEMO_CULTURE,SYNTHETIC_DEMONSTRATION,121,121,ct_2390c56fce5420,울산,태화강 국가정원 코스,TC06,0.7518604376126321,75.1860437612632,0.6666666666666667,50.124029174175476,24.253562503633297,19.402850002906636,3.2338083338177728,3.2338083338177728,0.0,False
DEMO_CULTURE,SYNTHETIC_DEMONSTRATION,122,122,ct_e613bd3839189c,익산,순환형2,TC07,0.8677218312746247,86.77218312746247,0.5714285714285714,49.584104644264265,46.48509810399774,0.0,3.0990065402665166,0.0,0.0,False
DEMO_CULTURE,SYNTHETIC_DEMONSTRATION,123,123,ct_507ac7569b1306,서천,보랏빛코스,TC03,0.4950737714883371,49.50737714883371,1.0,49.50737714883371,0.0,19.80295085953348,9.90147542976674,19.80295085953348,0.0,False
DEMO_CULTURE,SYNTHETIC_DEMONSTRATION,123,124,ct_aabd87818ef08f,서울,EG투어버스 I코스,TC03,0.4950737714883371,49.50737714883371,1.0,49.50737714883371,0.0,19.80295085953348,9.90147542976674,19.80295085953348,0.0,False
DEMO_CULTURE,SYNTHETIC_DEMONSTRATION,125,125,ct_aa87321b8b5003,창원,창원시티투어,TC06,0.6149400462680907,61.49400462680907,0.7999999999999999,49.195203701447255,16.39840123381575,22.95776172734205,3.2796802467631507,6.5593604935263015,0.0,False
DEMO_CULTURE,SYNTHETIC_DEMONSTRATION,126,126,ct_c410c248858e88,서울,EG투어버스 L코스,TC03,0.4900980294098035,49.00980294098035,1.0,49.00980294098035,0.0,14.0028008402801,7.00140042014005,28.0056016805602,0.0,False
DEMO_CULTURE,SYNTHETIC_DEMONSTRATION,127,127,ct_4e0d701d9aadd5,대구,테마(야경 4~10월),TC04,0.49009802940980346,49.00980294098034,1.0,49.00980294098034,0.0,28.0056016805602,7.00140042014005,14.0028008402801,0.0,False
DEMO_CULTURE,SYNTHETIC_DEMONSTRATION,128,128,ct_e346ea988fedc3,포항,씨(SEA)하게 보는 포항코스,TC01,0.583383351196948,58.3383351196948,0.8333333333333333,48.61527926641233,27.00848848134018,10.803395392536073,0.0,10.803395392536073,0.0,False
DEMO_CULTURE,SYNTHETIC_DEMONSTRATION,129,129,ct_1a59c2f3801f38,대전,역사문화(효월드),TC07,0.7276068751089988,72.76068751089988,0.6666666666666666,48.50712500726659,40.42260417272216,0.0,8.08452083454443,0.0,0.0,False
DEMO_CULTURE,SYNTHETIC_DEMONSTRATION,129,130,ct_7d1c2151bda037,순천,(테마투어)세계유산투어,TC07,0.7276068751089988,72.76068751089988,0.6666666666666666,48.50712500726659,40.42260417272216,0.0,8.08452083454443,0.0,0.0,False
DEMO_CULTURE,SYNTHETIC_DEMONSTRATION,129,131,ct_c825dbc2a63555,파주,2026 파주시티투어 1박2일코스(토요일~일요일),TC07,0.7276068751089988,72.76068751089988,0.6666666666666666,48.50712500726659,40.42260417272216,0.0,8.08452083454443,0.0,0.0,False
DEMO_CULTURE,SYNTHETIC_DEMONSTRATION,132,132,ct_c83f7c6960b76b,부산,레드라인,TC06,0.6002450479987809,60.02450479987809,0.8,48.01960383990247,17.149858514250884,20.579830217101055,3.4299717028501764,6.859943405700353,0.0,False
DEMO_CULTURE,SYNTHETIC_DEMONSTRATION,133,133,ct_da6b197f9d64eb,대구,테마-방방곡곡(사시사철),TC05,0.5965587590013044,59.65587590013044,0.8,47.72470072010435,21.693045781865617,26.031654938238734,0.0,0.0,0.0,False
DEMO_CULTURE,SYNTHETIC_DEMONSTRATION,134,134,ct_c53b5abd9a30ab,대전,남부코스,TC06,0.5500190982169266,55.001909821692664,0.8571428571428571,47.14449413287942,19.643539222033095,15.714831377626474,11.786123533219856,0.0,0.0,False
DEMO_CULTURE,SYNTHETIC_DEMONSTRATION,135,135,ct_ab2a31c9b0dd1c,안동,주간도심테마,TC05,0.4696682183138621,46.966821831386206,1.0,46.966821831386206,15.655607277128736,31.31121455425747,0.0,0.0,0.0,False
DEMO_CULTURE,SYNTHETIC_DEMONSTRATION,136,136,ct_dfc58b1c3324c1,춘천,금요일,TC06,0.7001400420140048,70.01400420140048,0.6666666666666666,46.67600280093365,23.338001400466826,18.670401120373462,4.667600280093366,0.0,0.0,False
DEMO_CULTURE,SYNTHETIC_DEMONSTRATION,137,137,ct_7dba0d730780c9,서천,동백코스(익산-군산 광역),TC06,0.4583492485141056,45.834924851410555,0.9999999999999999,45.83492485141055,0.0,27.500954910846332,9.16698497028211,9.16698497028211,0.0,False
DEMO_CULTURE,SYNTHETIC_DEMONSTRATION,138,138,ct_d0cdc53f7d6755,춘천,월요일,TC03,0.4573295603800235,45.73295603800235,1.0,45.73295603800235,0.0,22.866478019001175,11.433239009500587,11.433239009500587,0.0,False
DEMO_CULTURE,SYNTHETIC_DEMONSTRATION,139,139,ct_9d994e07488f57,삼척,종일코스,TC03,0.453742606486515,45.3742606486515,1.0,45.3742606486515,0.0,12.964074471043286,6.482037235521643,25.928148942086573,0.0,False
DEMO_CULTURE,SYNTHETIC_DEMONSTRATION,140,140,ct_c59f7d050e72e0,대전,생태교육,TC07,0.8574929257125441,85.74929257125441,0.5,42.87464628562721,42.87464628562721,0.0,0.0,0.0,0.0,False
DEMO_CULTURE,SYNTHETIC_DEMONSTRATION,140,141,ct_84ffabae716404,홍성,죽도코스,TC03,0.42874646285627205,42.87464628562721,1.0,42.87464628562721,0.0,17.14985851425088,8.57492925712544,17.14985851425088,0.0,False
DEMO_CULTURE,SYNTHETIC_DEMONSTRATION,142,142,ct_1d6ad4598dff93,대구,테마-방방곡곡(군위군 돋보기),TC05,0.8488746876271653,84.88746876271654,0.5,42.44373438135827,30.31695312954162,12.126781251816645,0.0,0.0,0.0,False
DEMO_CULTURE,SYNTHETIC_DEMONSTRATION,142,143,ct_452018aaa6c847,춘천,화요일,TC05,0.8488746876271653,84.88746876271654,0.5,42.44373438135827,30.31695312954162,12.126781251816645,0.0,0.0,0.0,False
DEMO_CULTURE,SYNTHETIC_DEMONSTRATION,142,144,ct_7799bf62ca5138,대전,"광역투어(둘째주, 토)",TC05,0.8488746876271653,84.88746876271654,0.5,42.44373438135827,30.31695312954162,12.126781251816645,0.0,0.0,0.0,False
DEMO_CULTURE,SYNTHETIC_DEMONSTRATION,142,145,ct_ff36074cae8347,양주,자연친화코스1,TC05,0.8488746876271653,84.88746876271654,0.5,42.44373438135827,30.31695312954162,12.126781251816645,0.0,0.0,0.0,False
DEMO_CULTURE,SYNTHETIC_DEMONSTRATION,146,146,ct_18935ddc8bc32f,사천,오감체험투어,TC02,0.6351073488299558,63.51073488299558,0.6666666666666667,42.340489921997055,26.46280620124816,0.0,8.820935400416053,7.056748320332844,0.0,False
DEMO_CULTURE,SYNTHETIC_DEMONSTRATION,147,147,ct_0f4dbe3b938a90,여수,2층주간코스,TC06,0.583383351196948,58.3383351196948,0.7142857142857142,41.67023937121056,23.150132984005868,9.260053193602348,9.260053193602348,0.0,0.0,False
DEMO_CULTURE,SYNTHETIC_DEMONSTRATION,148,148,ct_ff41dfabaec78b,여수,야경코스,TC04,0.693103280083672,69.3103280083672,0.6000000000000001,41.58619680502032,29.70442628930023,11.88177051572009,0.0,0.0,0.0,False
DEMO_CULTURE,SYNTHETIC_DEMONSTRATION,149,149,ct_40252d247000a5,안동,야간도심테마,TC04,0.6902684899626332,69.02684899626333,0.6000000000000001,41.416109397758,23.00894966542111,18.40715973233689,0.0,0.0,0.0,False
DEMO_CULTURE,SYNTHETIC_DEMONSTRATION,149,150,ct_bd00bd65a80b11,연천,역사자연코스,TC05,0.6902684899626332,69.02684899626333,0.6000000000000001,41.416109397758,23.00894966542111,18.40715973233689,0.0,0.0,0.0,False
DEMO_CULTURE,SYNTHETIC_DEMONSTRATION,151,151,ct_3dd54d8970e115,의정부,의정부포레스트:오감이 깨어나는 숲 속 여행,TC03,0.4900980294098034,49.00980294098034,0.8,39.207842352784276,0.0,11.202240672224079,5.601120336112039,22.404481344448158,0.0,False
DEMO_CULTURE,SYNTHETIC_DEMONSTRATION,151,152,ct_de90b5933f0b40,청도,시티투어,TC03,0.4900980294098034,49.00980294098034,0.8,39.207842352784276,0.0,11.202240672224079,5.601120336112039,22.404481344448158,0.0,False
DEMO_CULTURE,SYNTHETIC_DEMONSTRATION,153,153,ct_e353674363d7f4,대전,대청호코스,TC06,0.620505227994023,62.050522799402295,0.625,38.78157674962643,16.158990312344347,19.390788374813216,3.2317980624688696,0.0,0.0,False
DEMO_CULTURE,SYNTHETIC_DEMONSTRATION,154,154,ct_edd6e5375f387f,부산,그린라인,TC06,0.5508226327552436,55.082263275524355,0.7,38.55758429286705,13.770565818881087,22.03290531020974,2.7541131637762173,0.0,0.0,False
DEMO_CULTURE,SYNTHETIC_DEMONSTRATION,155,155,ct_a0af2538872792,서천,전라권코스,TC03,0.4573295603800235,45.73295603800235,0.8333333333333333,38.110796698335285,0.0,9.527699174583821,9.527699174583821,19.055398349167643,0.0,False
DEMO_CULTURE,SYNTHETIC_DEMONSTRATION,156,156,ct_5e83dbf18d6227,울산,장생포 대왕암 코스,TC01,0.5041841733655162,50.41841733655163,0.75,37.813813002413724,34.37619363855792,0.0,3.437619363855792,0.0,0.0,False
DEMO_CULTURE,SYNTHETIC_DEMONSTRATION,157,157,ct_59c60fcaf04aa6,인천,교동도투어,TC03,0.49507377148833714,49.50737714883371,0.75,37.130532861625284,0.0,14.852213144650115,7.426106572325057,14.852213144650115,0.0,False
DEMO_CULTURE,SYNTHETIC_DEMONSTRATION,157,158,ct_bd2de54ec11e6b,양산,양산시 가을 시티투어 (자연관광코스),TC03,0.49507377148833714,49.50737714883371,0.75,37.130532861625284,0.0,14.852213144650115,7.426106572325057,14.852213144650115,0.0,False
DEMO_CULTURE,SYNTHETIC_DEMONSTRATION,159,159,ct_0af000fbdb8ad6,동해,관광문화코스,TC03,0.5144957554275265,51.44957554275265,0.7142857142857142,36.749696816251884,0.0,16.333198585000837,4.083299646250209,16.333198585000837,0.0,False
DEMO_CULTURE,SYNTHETIC_DEMONSTRATION,160,160,ct_8b988867d0e267,홍성,남당항 코스,TC02,0.3638034375544994,36.38034375544994,1.0,36.38034375544994,0.0,24.25356250363329,12.126781251816645,0.0,0.0,False
DEMO_CULTURE,SYNTHETIC_DEMONSTRATION,161,161,ct_c0c761a6bb3927,서울,EG투어버스 C코스,TC02,0.3616696746485272,36.16696746485272,1.0,36.16696746485272,13.91037210186643,0.0,16.692446522239717,5.564148840746571,0.0,False
DEMO_CULTURE,SYNTHETIC_DEMONSTRATION,162,162,ct_8de53de429d379,포항,퐝순환코스,TC03,0.35007002100700246,35.00700210070025,1.0,35.00700210070025,0.0,0.0,7.00140042014005,28.0056016805602,0.0,False
DEMO_CULTURE,SYNTHETIC_DEMONSTRATION,163,163,ct_2827a8d7943bdf,가평,가평순환버스A코스,TC02,0.34299717028501764,34.29971702850176,1.0,34.29971702850176,0.0,22.866478019001175,11.433239009500587,0.0,0.0,False
DEMO_CULTURE,SYNTHETIC_DEMONSTRATION,163,164,ct_f0549cce13f623,대전,힐링(만인산),TC05,0.34299717028501764,34.29971702850176,1.0,34.29971702850176,0.0,34.29971702850176,0.0,0.0,0.0,False
DEMO_CULTURE,SYNTHETIC_DEMONSTRATION,163,165,ct_f55bded1011de2,대전,언택트세이프?,TC05,0.34299717028501764,34.29971702850176,1.0,34.29971702850176,0.0,34.29971702850176,0.0,0.0,0.0,False
DEMO_CULTURE,SYNTHETIC_DEMONSTRATION,166,166,ct_ca13864967c1fb,세종,세종관광명소B투어,TC03,0.4900980294098034,49.00980294098034,0.6666666666666666,32.67320196065356,0.0,9.335200560186731,4.667600280093366,18.670401120373462,0.0,False
DEMO_CULTURE,SYNTHETIC_DEMONSTRATION,167,167,ct_3e1bfccd397508,세종,봄꽃파닭A투어,TC03,0.4850712500726658,48.50712500726658,0.6666666666666666,32.33808333817772,0.0,16.16904166908886,0.0,16.16904166908886,0.0,False
DEMO_CULTURE,SYNTHETIC_DEMONSTRATION,167,168,ct_a8b6f564bf7384,세종,봄꽃파닭B투어,TC03,0.4850712500726658,48.50712500726658,0.6666666666666666,32.33808333817772,0.0,16.16904166908886,0.0,16.16904166908886,0.0,False
DEMO_CULTURE,SYNTHETIC_DEMONSTRATION,167,169,ct_a98893fa363590,양산,봄꽃체험코스,TC03,0.4850712500726658,48.50712500726658,0.6666666666666666,32.33808333817772,0.0,16.16904166908886,0.0,16.16904166908886,0.0,False
DEMO_CULTURE,SYNTHETIC_DEMONSTRATION,167,170,ct_ebbc3131233e25,가평,가평순환버스B코스,TC03,0.4850712500726658,48.50712500726658,0.6666666666666666,32.33808333817772,0.0,16.16904166908886,0.0,16.16904166908886,0.0,False
DEMO_CULTURE,SYNTHETIC_DEMONSTRATION,171,171,ct_6df930eb64d3ad,세종,세종관광명소A투어,TC05,0.3743506488634663,37.43506488634663,0.8333333333333333,31.195887405288858,0.0,27.729677693590094,3.466209711698762,0.0,0.0,False
DEMO_CULTURE,SYNTHETIC_DEMONSTRATION,172,172,ct_8163a6f43e6f4a,아산,예술맛집 코스,TC02,0.30678599553894814,30.678599553894813,1.0,30.678599553894813,0.0,15.339299776947406,15.339299776947406,0.0,0.0,False
DEMO_CULTURE,SYNTHETIC_DEMONSTRATION,172,173,ct_d3c228b00ede2b,파주,2026 파주시티투어 당일코스(화요일),TC02,0.30678599553894814,30.678599553894813,1.0,30.678599553894813,0.0,15.339299776947406,15.339299776947406,0.0,0.0,False
DEMO_CULTURE,SYNTHETIC_DEMONSTRATION,172,174,ct_e4444e050c482f,천안,일요일,TC02,0.30678599553894814,30.678599553894813,1.0,30.678599553894813,0.0,0.0,15.339299776947406,15.339299776947406,0.0,False
DEMO_CULTURE,SYNTHETIC_DEMONSTRATION,175,175,ct_23c35eeaf17398,곡성,읍권 순환버스,TC06,0.6121904798350862,61.219047983508624,0.49999999999999994,30.60952399175431,21.11001654603745,0.0,7.388505791113109,2.111001654603745,0.0,False
DEMO_CULTURE,SYNTHETIC_DEMONSTRATION,176,176,ct_78497ddd68fd45,사천,우주항공산업투어,TC01,0.4075413664867946,40.75413664867946,0.75,30.565602486509597,19.103501554068494,5.094267081084932,6.367833851356165,0.0,0.0,False
DEMO_CULTURE,SYNTHETIC_DEMONSTRATION,177,177,ct_fe508b5dbba88f,세종,역사산책투어,TC05,0.5965587590013044,59.65587590013044,0.5,29.82793795006522,13.55815361366601,16.26978433639921,0.0,0.0,0.0,False
DEMO_CULTURE,SYNTHETIC_DEMONSTRATION,178,178,ct_abd1e371e69550,정선,아리랑열차 연계형 시티투어2,TC03,0.3960590171906697,39.60590171906697,0.75,29.70442628930023,0.0,14.852213144650115,0.0,14.852213144650115,0.0,False
DEMO_CULTURE,SYNTHETIC_DEMONSTRATION,179,179,ct_55438211f07ef0,임실,명소탐방 임실 시티투어,TC01,0.48809353009197637,48.809353009197636,0.6000000000000001,29.285611805518585,16.269784336399212,0.0,6.507913734559686,6.507913734559686,0.0,False
DEMO_CULTURE,SYNTHETIC_DEMONSTRATION,180,180,ct_cba721781124d5,원주,원주시티투어(순환형),TC02,0.37435064886346625,37.43506488634662,0.7142857142857142,26.739332061676155,14.855184478708978,0.0,11.88414758296718,0.0,0.0,False
DEMO_CULTURE,SYNTHETIC_DEMONSTRATION,181,181,ct_c3ec7bb154c2c1,대전,언택트세이프(B),TC05,0.37962830118264823,37.962830118264826,0.6666666666666666,25.30855341217655,0.0,21.69304578186561,3.615507630310935,0.0,0.0,False
DEMO_CULTURE,SYNTHETIC_DEMONSTRATION,182,182,ct_0946c67481033f,세종,행복투어B,TC02,0.3638034375544994,36.38034375544994,0.6666666666666666,24.253562503633294,0.0,16.16904166908886,8.08452083454443,0.0,0.0,False
DEMO_CULTURE,SYNTHETIC_DEMONSTRATION,182,183,ct_516add9e1cef4a,정선,와와정선 2층 투어버스,TC02,0.3638034375544994,36.38034375544994,0.6666666666666666,24.253562503633294,0.0,0.0,8.08452083454443,16.16904166908886,0.0,False
DEMO_CULTURE,SYNTHETIC_DEMONSTRATION,182,184,ct_768d8183a336c4,이천,승마체험코스,TC02,0.3638034375544994,36.38034375544994,0.6666666666666666,24.253562503633294,0.0,0.0,8.08452083454443,16.16904166908886,0.0,False
DEMO_CULTURE,SYNTHETIC_DEMONSTRATION,182,185,ct_b75e8d4cf1e318,대구,테마(야경 11~3월),TC04,0.3638034375544994,36.38034375544994,0.6666666666666666,24.253562503633294,0.0,16.16904166908886,8.08452083454443,0.0,0.0,False
DEMO_CULTURE,SYNTHETIC_DEMONSTRATION,182,186,ct_cf9f8ad6cdda8f,대전,야경,TC04,0.3638034375544994,36.38034375544994,0.6666666666666666,24.253562503633294,0.0,16.16904166908886,8.08452083454443,0.0,0.0,False
DEMO_CULTURE,SYNTHETIC_DEMONSTRATION,187,187,ct_c722d90ff66eb2,홍성,"전통시장코스(광천) 4,9일 운영",TC03,0.4850712500726658,48.50712500726658,0.5,24.25356250363329,0.0,12.126781251816645,0.0,12.126781251816645,0.0,False
DEMO_CULTURE,SYNTHETIC_DEMONSTRATION,187,188,ct_74128602fb5dca,태안,북부코스,TC01,0.2425356250363329,24.25356250363329,1.0,24.25356250363329,0.0,24.25356250363329,0.0,0.0,0.0,False
DEMO_CULTURE,SYNTHETIC_DEMONSTRATION,189,189,ct_a7f13a177e5633,여수,제2코스,TC06,0.3208444739598739,32.08444739598739,0.75,24.063335546990544,0.0,20.625716183134752,3.437619363855792,0.0,0.0,False
DEMO_CULTURE,SYNTHETIC_DEMONSTRATION,190,190,ct_4be058672a95ae,시흥,테마형 정기코스,TC01,0.28005601680560194,28.005601680560194,0.8571428571428572,24.00480144048017,0.0,20.00400120040014,4.000800240080028,0.0,0.0,False
DEMO_CULTURE,SYNTHETIC_DEMONSTRATION,191,191,ct_824d1bcb38ec4b,사천,이순신승전길투어,TC01,0.2381652558112334,23.81652558112334,1.0,23.81652558112334,0.0,21.170244960998524,2.6462806201248155,0.0,0.0,False
DEMO_CULTURE,SYNTHETIC_DEMONSTRATION,192,192,ct_1845f5c9950df4,목포,별빛물결시티투어,TC04,0.39605901719066966,39.60590171906696,0.6000000000000001,23.76354103144018,0.0,11.88177051572009,0.0,11.88177051572009,0.0,False
DEMO_CULTURE,SYNTHETIC_DEMONSTRATION,193,193,ct_ed3a5516a8c6ca,연천,안보자연코스,TC02,0.30678599553894814,30.678599553894813,0.75,23.00894966542111,0.0,11.504474832710555,11.504474832710555,0.0,0.0,False
DEMO_CULTURE,SYNTHETIC_DEMONSTRATION,194,194,ct_5997fa12423936,대전,언택트세이프(A),TC05,0.34299717028501764,34.29971702850176,0.6666666666666666,22.86647801900117,0.0,22.86647801900117,0.0,0.0,0.0,False
DEMO_CULTURE,SYNTHETIC_DEMONSTRATION,194,195,ct_59f67b28d9aad1,서울,EG투어버스 G코스,TC05,0.34299717028501764,34.29971702850176,0.6666666666666666,22.86647801900117,0.0,22.86647801900117,0.0,0.0,0.0,False
DEMO_CULTURE,SYNTHETIC_DEMONSTRATION,196,196,ct_f6d09076696e6d,양구,힐링산책코스,TC01,0.2970442628930023,29.70442628930023,0.75,22.278319716975172,0.0,14.852213144650115,7.426106572325057,0.0,0.0,False
DEMO_CULTURE,SYNTHETIC_DEMONSTRATION,197,197,ct_ff41044d0b7080,부산,동부산테마노선,TC01,0.2711630722733202,27.11630722733202,0.8,21.693045781865617,21.693045781865617,0.0,0.0,0.0,0.0,False
DEMO_CULTURE,SYNTHETIC_DEMONSTRATION,198,198,ct_b8b6f8a37ebdf8,사천,별빛투어,TC04,0.26906911759852503,26.906911759852502,0.8,21.525529407882004,13.453455879926251,3.5875882346470003,4.48448529330875,0.0,0.0,False
DEMO_CULTURE,SYNTHETIC_DEMONSTRATION,199,199,ct_82edd01ea220e6,화순,화순적벽 버스투어(적벽 셔틀버스),TC05,0.34299717028501764,34.29971702850176,0.6,20.579830217101055,0.0,20.579830217101055,0.0,0.0,0.0,False
DEMO_CULTURE,SYNTHETIC_DEMONSTRATION,200,200,ct_2be78db2f756ab,인천,바다노선,TC01,0.38348249442368515,38.34824944236851,0.5,19.174124721184256,19.174124721184256,0.0,0.0,0.0,0.0,False
DEMO_CULTURE,SYNTHETIC_DEMONSTRATION,201,201,ct_36cdd5661df6fd,봉화,송이축제 문화유적탐방버스,TC05,0.37962830118264823,37.962830118264826,0.5,18.981415059132413,0.0,16.26978433639921,2.711630722733202,0.0,0.0,False
DEMO_CULTURE,SYNTHETIC_DEMONSTRATION,201,202,ct_69c07f148cbc8b,봉화,은어축제 문화유적탐방버스,TC05,0.37962830118264823,37.962830118264826,0.5,18.981415059132413,0.0,16.26978433639921,2.711630722733202,0.0,0.0,False
DEMO_CULTURE,SYNTHETIC_DEMONSTRATION,203,203,ct_941018a965809c,광양,야경코스,TC04,0.1878672873255448,18.78672873255448,1.0,18.78672873255448,0.0,6.262242910851494,0.0,12.524485821702989,0.0,False
DEMO_CULTURE,SYNTHETIC_DEMONSTRATION,204,204,ct_6b62f6c5e28b9c,사천,바다투어,TC01,0.18333969940564224,18.333969940564224,1.0,18.333969940564224,0.0,9.166984970282112,9.166984970282112,0.0,0.0,False
DEMO_CULTURE,SYNTHETIC_DEMONSTRATION,205,205,ct_0ed3eb88438a1d,인천,청라투어,TC02,0.3638034375544994,36.38034375544994,0.5,18.19017187772497,0.0,12.126781251816645,6.063390625908323,0.0,0.0,False
DEMO_CULTURE,SYNTHETIC_DEMONSTRATION,205,206,ct_68d8eff6357673,양구,해안DMZ트래킹 코스,TC02,0.3638034375544994,36.38034375544994,0.5,18.19017187772497,0.0,12.126781251816645,6.063390625908323,0.0,0.0,False
DEMO_CULTURE,SYNTHETIC_DEMONSTRATION,207,207,ct_83465bf3a690f2,여수,야간테마코스(시간을달리는버스커),TC04,0.2425356250363329,24.25356250363329,0.7142857142857143,17.323973216880923,0.0,17.323973216880923,0.0,0.0,0.0,False
DEMO_CULTURE,SYNTHETIC_DEMONSTRATION,208,208,ct_661e12e8488117,대전,힐링(장태산),TC05,0.34299717028501764,34.29971702850176,0.5,17.14985851425088,0.0,17.14985851425088,0.0,0.0,0.0,False
DEMO_CULTURE,SYNTHETIC_DEMONSTRATION,208,209,ct_d3a976675ffc53,대구,테마-방방곡곡(낙동강),TC05,0.34299717028501764,34.29971702850176,0.5,17.14985851425088,0.0,17.14985851425088,0.0,0.0,0.0,False
DEMO_CULTURE,SYNTHETIC_DEMONSTRATION,208,210,ct_f8bd00d4bc40b3,순천,(기획투어)나이트가든투어,TC04,0.34299717028501764,34.29971702850176,0.5,17.14985851425088,0.0,17.14985851425088,0.0,0.0,0.0,False
DEMO_CULTURE,SYNTHETIC_DEMONSTRATION,208,211,ct_2921659630cea0,서울,EG투어버스 B코스,TC02,0.17149858514250882,17.14985851425088,1.0,17.14985851425088,0.0,0.0,17.14985851425088,0.0,0.0,False
DEMO_CULTURE,SYNTHETIC_DEMONSTRATION,208,212,ct_52149303f1b0d4,서울,EG투어버스 K 코스,TC02,0.17149858514250882,17.14985851425088,1.0,17.14985851425088,0.0,0.0,17.14985851425088,0.0,0.0,False
DEMO_CULTURE,SYNTHETIC_DEMONSTRATION,213,213,ct_82029ce72f5013,서울,EG투어버스 D코스,TC02,0.1681681984990781,16.81681984990781,1.0,16.81681984990781,0.0,0.0,16.81681984990781,0.0,0.0,False
DEMO_CULTURE,SYNTHETIC_DEMONSTRATION,214,214,ct_14b70a907c3324,안산,대부도 해변코스(일반형 1코스),TC01,0.2425356250363329,24.25356250363329,0.6666666666666666,16.16904166908886,0.0,16.16904166908886,0.0,0.0,0.0,False
DEMO_CULTURE,SYNTHETIC_DEMONSTRATION,214,215,ct_ec6acb453717fd,안산,대부도 해변코스(일반형 2코스),TC01,0.2425356250363329,24.25356250363329,0.6666666666666666,16.16904166908886,0.0,16.16904166908886,0.0,0.0,0.0,False
DEMO_CULTURE,SYNTHETIC_DEMONSTRATION,216,216,ct_b6060e0e38a765,안산,대부도 뱃길코스(일반형 2코스),TC01,0.16169041669088866,16.169041669088866,0.8571428571428571,13.859178573504742,0.0,6.929589286752371,0.0,6.929589286752371,0.0,False
DEMO_CULTURE,SYNTHETIC_DEMONSTRATION,217,217,ct_88364cbd4a5650,곡성,압록권역 순환버스,TC02,0.17149858514250882,17.14985851425088,0.8,13.719886811400706,0.0,0.0,13.719886811400706,0.0,0.0,False
DEMO_CULTURE,SYNTHETIC_DEMONSTRATION,218,218,ct_95906ed6ab2982,이천,농촌체험코스(남부),TC02,0.17149858514250882,17.14985851425088,0.6666666666666666,11.433239009500586,0.0,0.0,11.433239009500586,0.0,0.0,False
DEMO_CULTURE,SYNTHETIC_DEMONSTRATION,218,219,ct_b3b0773f44a533,안산,대부도 해변코스(체험형 1코스),TC02,0.17149858514250882,17.14985851425088,0.6666666666666666,11.433239009500586,0.0,0.0,11.433239009500586,0.0,0.0,False
DEMO_CULTURE,SYNTHETIC_DEMONSTRATION,218,220,ct_d916d0f4237246,파주,2026 파주시티투어 당일코스(금요일),TC02,0.17149858514250882,17.14985851425088,0.6666666666666666,11.433239009500586,0.0,0.0,11.433239009500586,0.0,0.0,False
DEMO_CULTURE,SYNTHETIC_DEMONSTRATION,218,221,ct_f48a1e387a5d08,이천,농촌체험코스(중부),TC02,0.17149858514250882,17.14985851425088,0.6666666666666666,11.433239009500586,0.0,0.0,11.433239009500586,0.0,0.0,False
DEMO_CULTURE,SYNTHETIC_DEMONSTRATION,222,222,ct_b2af495e1760b5,안산,대부도 뱃길코스(체험형 1코스),TC01,0.10846522890932808,10.846522890932809,1.0,10.846522890932809,0.0,0.0,0.0,10.846522890932809,0.0,False
DEMO_CULTURE,SYNTHETIC_DEMONSTRATION,223,223,ct_0ebeda6387230e,안산,대부도 뱃길코스(체험형 2코스),TC01,0.09513029883089881,9.513029883089882,1.0,9.513029883089882,0.0,0.0,9.513029883089882,0.0,0.0,False
DEMO_CULTURE,SYNTHETIC_DEMONSTRATION,224,224,ct_a7d1b6cc26e056,안산,대부도 뱃길코스(일반형 1코스),TC01,0.06726727939963123,6.726727939963123,0.8571428571428572,5.765766805682677,0.0,5.765766805682677,0.0,0.0,0.0,False
DEMO_CULTURE,SYNTHETIC_DEMONSTRATION,225,225,ct_c68da356b898d6,여주,꽃섬투어,TC01,0.07669649888473704,7.669649888473703,0.5,3.8348249442368516,0.0,0.0,3.8348249442368516,0.0,0.0,False
DEMO_CULTURE,SYNTHETIC_DEMONSTRATION,226,226,ct_008becedc70ab4,인천,무의도투어,TC01,0.0,0.0,1.0,0.0,0.0,0.0,0.0,0.0,0.0,False
DEMO_CULTURE,SYNTHETIC_DEMONSTRATION,226,227,ct_30fd00f9cfda89,인천,선재영흥투어,TC01,0.0,0.0,0.6666666666666666,0.0,0.0,0.0,0.0,0.0,0.0,False
DEMO_CULTURE,SYNTHETIC_DEMONSTRATION,226,228,ct_5082aae98cb9d3,부산,야경투어,TC04,0.0,0.0,0.5,0.0,0.0,0.0,0.0,0.0,0.0,False
DEMO_CULTURE,SYNTHETIC_DEMONSTRATION,226,229,ct_c343406b7388f2,군산,고군산시간여행코스,TC01,0.0,0.0,0.5,0.0,0.0,0.0,0.0,0.0,0.0,False
DEMO_COAST,SYNTHETIC_DEMONSTRATION,1,1,ct_824d1bcb38ec4b,사천,이순신승전길투어,TC01,0.9271050693011064,92.71050693011064,1.0,92.71050693011064,0.0,29.277002188456,2.4397501823713332,0.0,60.99375455928331,False
DEMO_COAST,SYNTHETIC_DEMONSTRATION,2,2,ct_941018a965809c,광양,야경코스,TC04,0.9237604307034012,92.37604307034012,1.0,92.37604307034012,0.0,8.660254037844386,0.0,11.547005383792515,72.16878364870321,False
DEMO_COAST,SYNTHETIC_DEMONSTRATION,3,3,ct_83afdb6c6bad30,시흥,순환형 2층버스,TC01,0.8959786703810406,89.59786703810406,1.0,89.59786703810406,5.270462766947299,31.62277660168379,0.0,0.0,52.704627669472984,False
DEMO_COAST,SYNTHETIC_DEMONSTRATION,4,4,ct_74128602fb5dca,태안,북부코스,TC01,0.8944271909999157,89.44271909999158,1.0,89.44271909999158,0.0,33.54101966249684,0.0,0.0,55.901699437494734,False
DEMO_COAST,SYNTHETIC_DEMONSTRATION,5,5,ct_4e89a607500203,태안,광역코스,TC03,0.8696263565463043,86.96263565463043,1.0,86.96263565463043,7.905694150420948,23.717082451262844,0.0,15.811388300841896,39.52847075210474,False
DEMO_COAST,SYNTHETIC_DEMONSTRATION,5,6,ct_84ffabae716404,홍성,죽도코스,TC03,0.8696263565463043,86.96263565463043,1.0,86.96263565463043,0.0,23.717082451262844,7.905694150420948,15.811388300841896,39.52847075210474,False
DEMO_COAST,SYNTHETIC_DEMONSTRATION,7,7,ct_b2af495e1760b5,안산,대부도 뱃길코스(체험형 1코스),TC01,0.8499999999999999,84.99999999999999,1.0,84.99999999999999,0.0,0.0,0.0,10.0,74.99999999999999,False
DEMO_COAST,SYNTHETIC_DEMONSTRATION,8,8,ct_00435b9cca499b,포항,퐝랜드마크A코스,TC03,0.8485281374238569,84.85281374238569,1.0,84.85281374238569,7.0710678118654755,21.213203435596427,7.0710678118654755,14.142135623730951,35.35533905932737,False
DEMO_COAST,SYNTHETIC_DEMONSTRATION,8,9,ct_ac7ca37140e6b6,포항,퐝랜드마크B코스,TC03,0.8485281374238569,84.85281374238569,1.0,84.85281374238569,7.0710678118654755,21.213203435596427,7.0710678118654755,14.142135623730951,35.35533905932737,False
DEMO_COAST,SYNTHETIC_DEMONSTRATION,10,10,ct_6b62f6c5e28b9c,사천,바다투어,TC01,0.8451542547285167,84.51542547285167,1.0,84.51542547285167,0.0,12.677313820927749,8.451542547285166,0.0,63.386569104638745,False
DEMO_COAST,SYNTHETIC_DEMONSTRATION,11,11,ct_596ccaeb2861f9,태안,남부코스,TC03,0.7999999999999998,79.99999999999999,0.9999999999999999,79.99999999999997,4.999999999999999,29.99999999999999,0.0,19.999999999999996,24.99999999999999,False
DEMO_COAST,SYNTHETIC_DEMONSTRATION,12,12,ct_b6060e0e38a765,안산,대부도 뱃길코스(일반형 2코스),TC01,0.9316949906249123,93.16949906249124,0.8571428571428571,79.85957062499249,0.0,9.5831484749991,0.0,6.3887656499994,63.88765649999398,False
DEMO_COAST,SYNTHETIC_DEMONSTRATION,13,13,ct_e346ea988fedc3,포항,씨(SEA)하게 보는 포항코스,TC01,0.9561828874675149,95.61828874675149,0.8333333333333333,79.68190728895956,4.980119205559974,14.940357616679918,0.0,9.960238411119947,49.80119205559973,False
DEMO_COAST,SYNTHETIC_DEMONSTRATION,14,14,ct_008becedc70ab4,인천,무의도투어,TC01,0.7905694150420948,79.05694150420948,1.0,79.05694150420948,0.0,0.0,0.0,0.0,79.05694150420948,False
DEMO_COAST,SYNTHETIC_DEMONSTRATION,15,15,ct_9d994e07488f57,삼척,종일코스,TC03,0.7768985960673558,77.68985960673558,1.0,77.68985960673558,0.0,17.928429140015904,5.976143046671968,23.904572186687872,29.880715233359833,False
DEMO_COAST,SYNTHETIC_DEMONSTRATION,16,16,ct_4be058672a95ae,시흥,테마형 정기코스,TC01,0.9036961141150639,90.36961141150638,0.8571428571428572,77.45966692414834,0.0,27.664166758624408,3.688555567816588,0.0,46.10694459770735,False
DEMO_COAST,SYNTHETIC_DEMONSTRATION,17,17,ct_ab2a31c9b0dd1c,안동,주간도심테마,TC05,0.7505553499465135,75.05553499465135,1.0,75.05553499465135,2.8867513459481287,43.30127018922194,0.0,0.0,28.867513459481287,False
DEMO_COAST,SYNTHETIC_DEMONSTRATION,18,18,ct_0ebeda6387230e,안산,대부도 뱃길코스(체험형 2코스),TC01,0.7454993164109747,74.54993164109747,1.0,74.54993164109747,0.0,0.0,8.770580193070293,0.0,65.77935144802719,False
DEMO_COAST,SYNTHETIC_DEMONSTRATION,19,19,ct_a7d1b6cc26e056,안산,대부도 뱃길코스(일반형 1코스),TC01,0.8682431421244591,86.82431421244591,0.8571428571428572,74.42084075352507,0.0,7.973661509306258,0.0,0.0,66.44717924421882,False
DEMO_COAST,SYNTHETIC_DEMONSTRATION,20,20,ct_c83f7c6960b76b,부산,레드라인,TC06,0.909154827298409,90.9154827298409,0.8,72.73238618387272,3.1622776601683795,28.460498941515414,3.1622776601683795,6.324555320336759,31.622776601683793,False
DEMO_COAST,SYNTHETIC_DEMONSTRATION,21,21,ct_330d0bc9cd3d05,서산,B코스,TC03,0.8696263565463043,86.96263565463043,0.8,69.57010852370435,6.324555320336759,18.973665961010276,0.0,12.649110640673518,31.622776601683793,False
DEMO_COAST,SYNTHETIC_DEMONSTRATION,21,22,ct_94cebe436c068a,서산,C코스,TC03,0.8696263565463043,86.96263565463043,0.8,69.57010852370435,6.324555320336759,18.973665961010276,0.0,12.649110640673518,31.622776601683793,False
DEMO_COAST,SYNTHETIC_DEMONSTRATION,23,23,ct_b8b6f8a37ebdf8,사천,별빛투어,TC04,0.8682431421244592,86.82431421244591,0.8,69.45945136995674,2.4806946917841697,4.9613893835683385,4.134491152973616,0.0,57.88287614163062,False
DEMO_COAST,SYNTHETIC_DEMONSTRATION,24,24,ct_a1bc285f9c2881,여수,제1코스,TC07,0.6928203230275508,69.28203230275508,1.0,69.28203230275508,11.547005383792515,0.0,2.8867513459481287,11.547005383792515,43.301270189221924,False
DEMO_COAST,SYNTHETIC_DEMONSTRATION,25,25,ct_2827a8d7943bdf,가평,가평순환버스A코스,TC02,0.6851601597031487,68.51601597031487,1.0,68.51601597031487,0.0,31.62277660168379,10.540925533894598,0.0,26.352313834736492,False
DEMO_COAST,SYNTHETIC_DEMONSTRATION,26,26,ct_abd1e371e69550,정선,아리랑열차 연계형 시티투어2,TC03,0.912870929175277,91.2870929175277,0.75,68.46531968814577,0.0,20.539595906443733,0.0,13.693063937629155,34.232659844072884,False
DEMO_COAST,SYNTHETIC_DEMONSTRATION,27,27,ct_aa87321b8b5003,창원,창원시티투어,TC06,0.8315218406202999,83.15218406202999,0.7999999999999999,66.52174724962398,3.0237157840738176,31.749015732775078,3.0237157840738176,6.047431568147635,22.67786838055363,False
DEMO_COAST,SYNTHETIC_DEMONSTRATION,28,28,ct_8de53de429d379,포항,퐝순환코스,TC03,0.6454972243679029,64.54972243679029,1.0,64.54972243679029,0.0,0.0,6.454972243679029,25.819888974716115,32.27486121839514,False
DEMO_COAST,SYNTHETIC_DEMONSTRATION,29,29,ct_ff41044d0b7080,부산,동부산테마노선,TC01,0.7999999999999999,80.0,0.8,64.0,4.0,0.0,0.0,0.0,59.99999999999999,False
DEMO_COAST,SYNTHETIC_DEMONSTRATION,30,30,ct_83465bf3a690f2,여수,야간테마코스(시간을달리는버스커),TC04,0.8944271909999157,89.44271909999158,0.7142857142857143,63.88765649999399,0.0,23.957871187497744,0.0,0.0,39.92978531249624,False
DEMO_COAST,SYNTHETIC_DEMONSTRATION,31,31,ct_0b7a755a267601,여수,2층야간코스,TC04,0.6350852961085884,63.508529610858844,1.0,63.508529610858844,5.773502691896257,43.30127018922194,0.0,0.0,14.433756729740644,False
DEMO_COAST,SYNTHETIC_DEMONSTRATION,32,32,ct_78497ddd68fd45,사천,우주항공산업투어,TC01,0.8454027929649517,84.54027929649517,0.75,63.40520947237138,3.5225116373539658,7.0450232747079315,5.8708527289232775,0.0,46.966821831386206,False
DEMO_COAST,SYNTHETIC_DEMONSTRATION,33,33,ct_a7f13a177e5633,여수,제2코스,TC06,0.8451542547285166,84.51542547285166,0.75,63.386569104638745,0.0,28.523956097087435,3.1693284552319376,0.0,31.693284552319373,False
DEMO_COAST,SYNTHETIC_DEMONSTRATION,34,34,ct_3aa92169f5cb7c,군산,(익산역 출발) 고군산시간여행코스,TC06,0.7905694150420948,79.05694150420948,0.8,63.245553203367585,6.324555320336759,18.973665961010276,6.324555320336759,0.0,31.622776601683793,False
DEMO_COAST,SYNTHETIC_DEMONSTRATION,35,35,ct_1def3d2a58e430,부산,오렌지라인,TC06,0.6872564503672763,68.72564503672763,0.9090909090909092,62.47785912429785,8.149285972734502,32.59714389093801,2.716428657578168,5.432857315156336,13.582143287890837,False
DEMO_COAST,SYNTHETIC_DEMONSTRATION,36,36,ct_618497cad743bc,양구,방산나들이코스,TC01,0.8215838362577492,82.15838362577492,0.75,61.61878771933119,6.846531968814578,20.539595906443733,0.0,0.0,34.232659844072884,False
DEMO_COAST,SYNTHETIC_DEMONSTRATION,36,37,ct_f6d09076696e6d,양구,힐링산책코스,TC01,0.8215838362577492,82.15838362577492,0.75,61.61878771933119,0.0,20.539595906443733,6.846531968814578,0.0,34.232659844072884,False
DEMO_COAST,SYNTHETIC_DEMONSTRATION,38,38,ct_2f8d9c4d57db08,서천,힐링코스,TC06,0.8485281374238571,84.8528137423857,0.7142857142857142,60.60915267313264,5.050762722761054,15.15228816828316,5.050762722761054,10.101525445522109,25.253813613805267,False
DEMO_COAST,SYNTHETIC_DEMONSTRATION,39,39,ct_14b70a907c3324,안산,대부도 해변코스(일반형 1코스),TC01,0.8944271909999157,89.44271909999158,0.6666666666666666,59.62847939999438,0.0,22.360679774997894,0.0,0.0,37.267799624996485,False
DEMO_COAST,SYNTHETIC_DEMONSTRATION,39,40,ct_ec6acb453717fd,안산,대부도 해변코스(일반형 2코스),TC01,0.8944271909999157,89.44271909999158,0.6666666666666666,59.62847939999438,0.0,22.360679774997894,0.0,0.0,37.267799624996485,False
DEMO_COAST,SYNTHETIC_DEMONSTRATION,41,41,ct_02181b9e7a671f,순천,(테마투어)성곽투어,TC07,0.5916079783099616,59.16079783099616,1.0,59.16079783099616,12.677313820927749,0.0,4.225771273642583,0.0,42.25771273642583,False
DEMO_COAST,SYNTHETIC_DEMONSTRATION,42,42,ct_4e0d701d9aadd5,대구,테마(야경 4~10월),TC04,0.5809475019311126,58.09475019311125,1.0,58.09475019311125,0.0,38.72983346207417,6.454972243679029,12.909944487358057,0.0,False
DEMO_COAST,SYNTHETIC_DEMONSTRATION,42,43,ct_809907e22355c9,연천,연천명소코스,TC05,0.5809475019311126,58.09475019311125,1.0,58.09475019311125,6.454972243679029,38.72983346207417,0.0,12.909944487358057,0.0,False
DEMO_COAST,SYNTHETIC_DEMONSTRATION,44,44,ct_5e83dbf18d6227,울산,장생포 대왕암 코스,TC01,0.760638829255665,76.06388292556649,0.75,57.04791219417487,6.338656910463875,0.0,3.1693284552319376,0.0,47.53992682847906,False
DEMO_COAST,SYNTHETIC_DEMONSTRATION,45,45,ct_aa2937d4d2a2d0,목포,목포랑시티투어,TC06,0.5636018619766345,56.36018619766345,1.0,56.36018619766345,10.958925093990116,14.090046549415863,9.393364366277241,6.262242910851495,15.655607277128736,False
DEMO_COAST,SYNTHETIC_DEMONSTRATION,46,46,ct_987d7b91b042a8,완도,해양치유시티투어,TC06,0.75,75.0,0.75,56.25,7.5,22.5,0.0,7.5,18.75,False
DEMO_COAST,SYNTHETIC_DEMONSTRATION,47,47,ct_956d44d9a821ed,양산,2025 6월 시티투어,TC03,0.5533985905294664,55.339859052946636,1.0,55.339859052946636,7.905694150420948,23.717082451262844,7.905694150420948,15.811388300841896,0.0,False
DEMO_COAST,SYNTHETIC_DEMONSTRATION,48,48,ct_7dba0d730780c9,서천,동백코스(익산-군산 광역),TC06,0.5493502655735358,54.93502655735358,0.9999999999999999,54.935026557353574,0.0,38.03194146278324,8.451542547285165,8.451542547285165,0.0,False
DEMO_COAST,SYNTHETIC_DEMONSTRATION,49,49,ct_8171ca90d9fa99,제주,야간코스(7월말~8월말 운영),TC04,0.7302967433402217,73.02967433402216,0.75,54.77225575051662,6.846531968814578,0.0,0.0,13.693063937629155,34.232659844072884,False
DEMO_COAST,SYNTHETIC_DEMONSTRATION,50,50,ct_1845f5c9950df4,목포,별빛물결시티투어,TC04,0.9128709291752768,91.28709291752767,0.6000000000000001,54.772255750516614,0.0,16.431676725154983,0.0,10.954451150103324,27.386127875258307,False
DEMO_COAST,SYNTHETIC_DEMONSTRATION,51,51,ct_507ac7569b1306,서천,보랏빛코스,TC03,0.5477225575051661,54.77225575051661,1.0,54.77225575051661,0.0,27.386127875258303,9.128709291752768,18.257418583505537,0.0,False
DEMO_COAST,SYNTHETIC_DEMONSTRATION,51,52,ct_aabd87818ef08f,서울,EG투어버스 I코스,TC03,0.5477225575051661,54.77225575051661,1.0,54.77225575051661,0.0,27.386127875258303,9.128709291752768,18.257418583505537,0.0,False
DEMO_COAST,SYNTHETIC_DEMONSTRATION,51,53,ct_b53b246e98a9cd,인천,석모도투어,TC03,0.5477225575051661,54.77225575051661,1.0,54.77225575051661,9.128709291752768,27.386127875258303,0.0,18.257418583505537,0.0,False
DEMO_COAST,SYNTHETIC_DEMONSTRATION,54,54,ct_30fd00f9cfda89,인천,선재영흥투어,TC01,0.7905694150420948,79.05694150420948,0.6666666666666666,52.704627669472984,0.0,0.0,0.0,0.0,52.704627669472984,False
DEMO_COAST,SYNTHETIC_DEMONSTRATION,54,55,ct_b96c711c2cd94d,예산,예산군 버스투어,TC05,0.5270462766947298,52.704627669472984,1.0,52.704627669472984,10.540925533894598,31.62277660168379,0.0,10.540925533894598,0.0,False
DEMO_COAST,SYNTHETIC_DEMONSTRATION,54,56,ct_d0cdc53f7d6755,춘천,월요일,TC03,0.5270462766947298,52.704627669472984,1.0,52.704627669472984,0.0,31.62277660168379,10.540925533894598,10.540925533894598,0.0,False
DEMO_COAST,SYNTHETIC_DEMONSTRATION,57,57,ct_9857f916bfa916,대구,도심순환코스(12개 정류장),TC06,0.5654527761937889,56.545277619378886,0.9285714285714286,52.50632921799468,1.944678859925729,35.004219478663124,7.778715439702916,7.778715439702916,0.0,False
DEMO_COAST,SYNTHETIC_DEMONSTRATION,58,58,ct_98323d74dbd87a,제주,순환형코스,TC06,0.6398431251535033,63.984312515350325,0.8125,51.98725391872214,5.598627345093154,33.59176407055892,0.0,4.798823438651274,7.99803906441879,False
DEMO_COAST,SYNTHETIC_DEMONSTRATION,59,59,ct_4309f65e431d83,아산,인생네컷 코스,TC05,0.5163977794943223,51.63977794943223,1.0,51.63977794943223,6.454972243679029,38.72983346207417,6.454972243679029,0.0,0.0,False
DEMO_COAST,SYNTHETIC_DEMONSTRATION,59,60,ct_c410c248858e88,서울,EG투어버스 L코스,TC03,0.5163977794943223,51.63977794943223,1.0,51.63977794943223,0.0,19.364916731037084,6.454972243679029,25.819888974716115,0.0,False
DEMO_COAST,SYNTHETIC_DEMONSTRATION,61,61,ct_49fb403c953735,광양,광양역사코스,TC07,0.6404898693400799,64.04898693400798,0.8,51.239189547206394,10.787197799411873,8.090398349558903,0.0,5.393598899705936,26.967994498529677,False
DEMO_COAST,SYNTHETIC_DEMONSTRATION,62,62,ct_37faafbf7ac90b,김해,자연에반해,TC05,0.5094780674715722,50.94780674715722,1.0,50.94780674715722,7.027283689263066,36.893239368631086,7.027283689263066,0.0,0.0,False
DEMO_COAST,SYNTHETIC_DEMONSTRATION,63,63,ct_77585e7300bc39,청주,청주시티투어_정기투어_트레킹 투어(토),TC06,0.50709255283711,50.709255283710995,1.0,50.709255283710995,4.225771273642583,38.031941462783244,8.451542547285166,0.0,0.0,False
DEMO_COAST,SYNTHETIC_DEMONSTRATION,64,64,ct_5c692156a089c1,파주,2026 파주시티투어 당일코스(수요일),TC05,0.50709255283711,50.709255283710995,0.9999999999999999,50.70925528371099,8.451542547285165,38.03194146278324,4.225771273642582,0.0,0.0,False
DEMO_COAST,SYNTHETIC_DEMONSTRATION,65,65,ct_36b90ac2b7ebec,태백,황지자유시장 코스,TC06,0.5976143046671967,59.761430466719666,0.8333333333333333,49.80119205559972,4.980119205559972,29.880715233359833,4.980119205559972,9.960238411119944,0.0,False
DEMO_COAST,SYNTHETIC_DEMONSTRATION,66,66,ct_2c5b83ca1acb5c,춘천,토요일,TC06,0.49613893835683387,49.613893835683385,1.0,49.613893835683385,3.1008683647302115,37.210420376762535,9.302605094190634,0.0,0.0,False
DEMO_COAST,SYNTHETIC_DEMONSTRATION,66,67,ct_72a42eb150b5d4,춘천,일요일,TC06,0.49613893835683387,49.613893835683385,1.0,49.613893835683385,3.1008683647302115,37.210420376762535,9.302605094190634,0.0,0.0,False
DEMO_COAST,SYNTHETIC_DEMONSTRATION,68,68,ct_62dfed5cce4635,파주,2026 파주시티투어 당일코스(목요일),TC05,0.4949747468305833,49.49747468305833,1.0,49.49747468305833,7.0710678118654755,42.42640687119285,0.0,0.0,0.0,False
DEMO_COAST,SYNTHETIC_DEMONSTRATION,68,69,ct_6b11aef24a24ef,순천,(테마투어)생태투어,TC05,0.4949747468305833,49.49747468305833,1.0,49.49747468305833,7.0710678118654755,42.42640687119285,0.0,0.0,0.0,False
DEMO_COAST,SYNTHETIC_DEMONSTRATION,68,70,ct_d038c55e01951b,대전,대덕특구탐방,TC05,0.4949747468305833,49.49747468305833,1.0,49.49747468305833,7.0710678118654755,42.42640687119285,0.0,0.0,0.0,False
DEMO_COAST,SYNTHETIC_DEMONSTRATION,71,71,ct_ff41dfabaec78b,여수,야경코스,TC04,0.821583836257749,82.1583836257749,0.6000000000000001,49.29503017546495,5.477225575051662,16.431676725154983,0.0,0.0,27.386127875258307,False
DEMO_COAST,SYNTHETIC_DEMONSTRATION,72,72,ct_edd6e5375f387f,부산,그린라인,TC06,0.6892024376045109,68.9202437604511,0.7,48.244170632315765,2.5391668753850407,30.470002504620485,2.5391668753850407,0.0,12.695834376925202,False
DEMO_COAST,SYNTHETIC_DEMONSTRATION,73,73,ct_86dc46ed127655,청주,청주시티투어_정기투어_청남대 투어(수토일),TC02,0.47809144373375745,47.809144373375744,1.0,47.809144373375744,5.976143046671968,17.928429140015904,11.952286093343936,11.952286093343936,0.0,False
DEMO_COAST,SYNTHETIC_DEMONSTRATION,74,74,ct_f0549cce13f623,대전,힐링(만인산),TC05,0.4743416490252569,47.43416490252569,1.0,47.43416490252569,0.0,47.43416490252569,0.0,0.0,0.0,False
DEMO_COAST,SYNTHETIC_DEMONSTRATION,74,75,ct_f55bded1011de2,대전,언택트세이프?,TC05,0.4743416490252569,47.43416490252569,1.0,47.43416490252569,0.0,47.43416490252569,0.0,0.0,0.0,False
DEMO_COAST,SYNTHETIC_DEMONSTRATION,76,76,ct_0f4dbe3b938a90,여수,2층주간코스,TC06,0.6573757351339165,65.73757351339165,0.7142857142857142,46.9554096524226,4.2686736047656915,12.806020814297073,8.537347209531383,0.0,21.343368023828454,False
DEMO_COAST,SYNTHETIC_DEMONSTRATION,77,77,ct_6ec0ad7a54e92d,서천,문화코스,TC06,0.521749194749951,52.17491947499509,0.8888888888888888,46.377706199995636,3.3126932999996885,19.87615979999813,9.938079899999066,13.250773199998754,0.0,False
DEMO_COAST,SYNTHETIC_DEMONSTRATION,78,78,ct_1d8d8a70616c41,경기광주,광주시티투어,TC06,0.4564354645876384,45.643546458763836,1.0,45.643546458763836,9.128709291752768,27.386127875258303,9.128709291752768,0.0,0.0,False
DEMO_COAST,SYNTHETIC_DEMONSTRATION,78,79,ct_52fe5a29aee3e7,합천,합천광역시티투어 누비고,TC05,0.4564354645876384,45.643546458763836,1.0,45.643546458763836,9.128709291752768,27.386127875258303,9.128709291752768,0.0,0.0,False
DEMO_COAST,SYNTHETIC_DEMONSTRATION,80,80,ct_79a18eaed83932,양산,양산시 가을 시티투어 (역사문화코스),TC07,0.45184805705753206,45.184805705753206,1.0,45.184805705753206,12.909944487358057,19.364916731037084,0.0,12.909944487358057,0.0,False
DEMO_COAST,SYNTHETIC_DEMONSTRATION,81,81,ct_55438211f07ef0,임실,명소탐방 임실 시티투어,TC01,0.75,75.0,0.6000000000000001,45.00000000000001,3.0000000000000004,0.0,6.000000000000001,6.000000000000001,30.000000000000004,False
DEMO_COAST,SYNTHETIC_DEMONSTRATION,82,82,ct_4b24fed6566e54,해남,해남시티투어,TC05,0.44721359549995787,44.72135954999579,1.0,44.72135954999579,11.180339887498949,33.54101966249684,0.0,0.0,0.0,False
DEMO_COAST,SYNTHETIC_DEMONSTRATION,82,83,ct_8b988867d0e267,홍성,남당항 코스,TC02,0.44721359549995787,44.72135954999579,1.0,44.72135954999579,0.0,33.54101966249684,11.180339887498949,0.0,0.0,False
DEMO_COAST,SYNTHETIC_DEMONSTRATION,84,84,ct_c188dbb343674a,서천,푸른빛코스,TC06,0.5270462766947298,52.704627669472984,0.8333333333333333,43.92052305789415,8.784104611578831,26.35231383473649,0.0,8.784104611578831,0.0,False
DEMO_COAST,SYNTHETIC_DEMONSTRATION,85,85,ct_5728bf247a42c1,제천,시티투어,TC02,0.4382299106011073,43.82299106011073,1.0,43.82299106011073,3.37099931231621,20.225995873897258,13.48399724926484,6.74199862463242,0.0,False
DEMO_COAST,SYNTHETIC_DEMONSTRATION,86,86,ct_a8a8ecfbd0eefc,대전,"광역투어(다섯째주, 토)",TC07,0.4360407996361905,43.60407996361905,1.0,43.60407996361905,12.824729401064427,15.389675281277313,0.0,15.38967528127731,0.0,False
DEMO_COAST,SYNTHETIC_DEMONSTRATION,87,87,ct_15ca3909485d66,서천,광역코스,TC06,0.4999999999999999,49.999999999999986,0.8571428571428571,42.85714285714284,4.285714285714286,12.857142857142854,8.571428571428571,17.142857142857142,0.0,False
DEMO_COAST,SYNTHETIC_DEMONSTRATION,88,88,ct_6df930eb64d3ad,세종,세종관광명소A투어,TC05,0.49852724275079074,49.852724275079076,0.8333333333333333,41.54393689589923,0.0,38.34824944236851,3.1956874535307103,0.0,0.0,False
DEMO_COAST,SYNTHETIC_DEMONSTRATION,89,89,ct_0af000fbdb8ad6,동해,관광문화코스,TC03,0.5797509043642028,57.97509043642029,0.7142857142857142,41.41077888315734,0.0,22.587697572631274,3.764616262105213,15.058465048420851,0.0,False
DEMO_COAST,SYNTHETIC_DEMONSTRATION,90,90,ct_3dd54d8970e115,의정부,의정부포레스트:오감이 깨어나는 숲 속 여행,TC03,0.5163977794943223,51.63977794943223,0.8,41.311822359545786,0.0,15.491933384829668,5.163977794943223,20.655911179772893,0.0,False
DEMO_COAST,SYNTHETIC_DEMONSTRATION,90,91,ct_a11be8ffeee88a,태백,통리장 코스,TC05,0.5163977794943223,51.63977794943223,0.8,41.311822359545786,5.163977794943223,30.983866769659336,5.163977794943223,0.0,0.0,False
DEMO_COAST,SYNTHETIC_DEMONSTRATION,90,92,ct_de90b5933f0b40,청도,시티투어,TC03,0.5163977794943223,51.63977794943223,0.8,41.311822359545786,0.0,15.491933384829668,5.163977794943223,20.655911179772893,0.0,False
DEMO_COAST,SYNTHETIC_DEMONSTRATION,93,93,ct_59c60fcaf04aa6,인천,교동도투어,TC03,0.5477225575051663,54.77225575051663,0.75,41.07919181288747,0.0,20.539595906443733,6.846531968814578,13.693063937629155,0.0,False
DEMO_COAST,SYNTHETIC_DEMONSTRATION,93,94,ct_bd2de54ec11e6b,양산,양산시 가을 시티투어 (자연관광코스),TC03,0.5477225575051663,54.77225575051663,0.75,41.07919181288747,0.0,20.539595906443733,6.846531968814578,13.693063937629155,0.0,False
DEMO_COAST,SYNTHETIC_DEMONSTRATION,93,95,ct_c93b13bf48e761,영주,물돌이 코스,TC03,0.5477225575051663,54.77225575051663,0.75,41.07919181288747,6.846531968814578,20.539595906443733,0.0,13.693063937629155,0.0,False
DEMO_COAST,SYNTHETIC_DEMONSTRATION,96,96,ct_61845aa89a1c1a,홍천,홍천시티투어,TC06,0.4951293378749535,49.51293378749535,0.8181818181818181,40.51058218976892,6.533964869317567,23.522273529543245,7.8407578431810805,2.613585947727027,0.0,False
DEMO_COAST,SYNTHETIC_DEMONSTRATION,97,97,ct_da6b197f9d64eb,대구,테마-방방곡곡(사시사철),TC05,0.49999999999999994,49.99999999999999,0.8,40.0,4.0,35.99999999999999,0.0,0.0,0.0,False
DEMO_COAST,SYNTHETIC_DEMONSTRATION,98,98,ct_5082aae98cb9d3,부산,야경투어,TC04,0.7905694150420948,79.05694150420948,0.5,39.52847075210474,0.0,0.0,0.0,0.0,39.52847075210474,False
DEMO_COAST,SYNTHETIC_DEMONSTRATION,98,99,ct_c343406b7388f2,군산,고군산시간여행코스,TC01,0.7905694150420948,79.05694150420948,0.5,39.52847075210474,0.0,0.0,0.0,0.0,39.52847075210474,False
DEMO_COAST,SYNTHETIC_DEMONSTRATION,98,100,ct_a0af2538872792,서천,전라권코스,TC03,0.4743416490252569,47.43416490252569,0.8333333333333333,39.52847075210474,0.0,13.176156917368244,8.784104611578831,17.568209223157663,0.0,False
DEMO_COAST,SYNTHETIC_DEMONSTRATION,101,101,ct_d1e99a0d119f73,밀양,시내권 투어 1,TC06,0.47434164902525683,47.43416490252568,0.8333333333333333,39.52847075210473,8.784104611578831,26.35231383473649,4.392052305789416,0.0,0.0,False
DEMO_COAST,SYNTHETIC_DEMONSTRATION,102,102,ct_0e4d7f0c7de8e2,대구,송해코스,TC07,0.39467610868816316,39.467610868816315,1.0,39.467610868816315,13.155870289605437,26.31174057921088,0.0,0.0,0.0,False
DEMO_COAST,SYNTHETIC_DEMONSTRATION,102,103,ct_fc9f85899d40a4,안산,안산 시내권코스(토요일),TC07,0.39467610868816316,39.467610868816315,1.0,39.467610868816315,13.155870289605437,26.31174057921088,0.0,0.0,0.0,False
DEMO_COAST,SYNTHETIC_DEMONSTRATION,104,104,ct_2be78db2f756ab,인천,바다노선,TC01,0.7778174593052022,77.78174593052022,0.5,38.89087296526011,3.5355339059327378,0.0,0.0,0.0,35.35533905932737,False
DEMO_COAST,SYNTHETIC_DEMONSTRATION,104,105,ct_c68da356b898d6,여주,꽃섬투어,TC01,0.7778174593052022,77.78174593052022,0.5,38.89087296526011,0.0,0.0,3.5355339059327378,0.0,35.35533905932737,False
DEMO_COAST,SYNTHETIC_DEMONSTRATION,106,106,ct_45e65111200294,대전,"광역투어(셋째주, 토)",TC06,0.5809475019311126,58.09475019311125,0.6666666666666666,38.72983346207417,4.303314829119352,25.81988897471611,0.0,8.606629658238704,0.0,False
DEMO_COAST,SYNTHETIC_DEMONSTRATION,107,107,ct_6be92119035c7f,영광,"영광쉼,투어",TC06,0.447213595499958,44.721359549995796,0.8571428571428571,38.3325938999964,9.5831484749991,28.749445424997294,0.0,0.0,0.0,False
DEMO_COAST,SYNTHETIC_DEMONSTRATION,108,108,ct_d756b69f16e800,청주,청주시티투어_정기투어_힐링로드 투어(토),TC02,0.37962830118264834,37.96283011826483,1.0,37.96283011826483,5.423261445466405,8.134892168199608,13.558153613666013,10.84652289093281,0.0,False
DEMO_COAST,SYNTHETIC_DEMONSTRATION,109,109,ct_fcbc8def0ff021,공주,여름코스,TC07,0.37527767497325676,37.52776749732568,1.0,37.52776749732568,14.433756729740645,17.32050807568877,0.0,5.773502691896257,0.0,False
DEMO_COAST,SYNTHETIC_DEMONSTRATION,110,110,ct_2390c56fce5420,울산,태화강 국가정원 코스,TC06,0.5590169943749473,55.901699437494734,0.6666666666666667,37.26779962499649,4.472135954999579,26.832815729997478,2.98142396999972,2.98142396999972,0.0,False
DEMO_COAST,SYNTHETIC_DEMONSTRATION,111,111,ct_3e1bfccd397508,세종,봄꽃파닭A투어,TC03,0.5590169943749473,55.901699437494734,0.6666666666666666,37.267799624996485,0.0,22.360679774997894,0.0,14.907119849998598,0.0,False
DEMO_COAST,SYNTHETIC_DEMONSTRATION,111,112,ct_a8b6f564bf7384,세종,봄꽃파닭B투어,TC03,0.5590169943749473,55.901699437494734,0.6666666666666666,37.267799624996485,0.0,22.360679774997894,0.0,14.907119849998598,0.0,False
DEMO_COAST,SYNTHETIC_DEMONSTRATION,111,113,ct_a98893fa363590,양산,봄꽃체험코스,TC03,0.5590169943749473,55.901699437494734,0.6666666666666666,37.267799624996485,0.0,22.360679774997894,0.0,14.907119849998598,0.0,False
DEMO_COAST,SYNTHETIC_DEMONSTRATION,111,114,ct_ebbc3131233e25,가평,가평순환버스B코스,TC03,0.5590169943749473,55.901699437494734,0.6666666666666666,37.267799624996485,0.0,22.360679774997894,0.0,14.907119849998598,0.0,False
DEMO_COAST,SYNTHETIC_DEMONSTRATION,115,115,ct_6c466761af057c,대전,"광역투어(둘째주, 일)",TC05,0.4949747468305833,49.49747468305833,0.75,37.123106012293746,5.303300858899107,31.81980515339464,0.0,0.0,0.0,False
DEMO_COAST,SYNTHETIC_DEMONSTRATION,116,116,ct_20eb1ae44f44d4,밀양,영남알프스권 투어 1,TC07,0.36893239368631087,36.893239368631086,1.0,36.893239368631086,10.540925533894598,15.811388300841895,10.540925533894598,0.0,0.0,False
DEMO_COAST,SYNTHETIC_DEMONSTRATION,117,117,ct_a407c821a8382e,서울,EG투어버스 H코스,TC07,0.3651483716701107,36.51483716701107,1.0,36.51483716701107,9.128709291752768,0.0,9.128709291752768,18.257418583505537,0.0,False
DEMO_COAST,SYNTHETIC_DEMONSTRATION,118,118,ct_c53b5abd9a30ab,대전,남부코스,TC06,0.42257712736425823,42.25771273642582,0.8571428571428571,36.22089663122213,3.622089663122213,21.73253797873328,10.866268989366642,0.0,0.0,False
DEMO_COAST,SYNTHETIC_DEMONSTRATION,119,119,ct_ba3c89379bf8c1,서천,금빛코스,TC06,0.42257712736425823,42.25771273642582,0.857142857142857,36.220896631222125,10.86626898936664,21.732537978733276,3.6220896631222126,0.0,0.0,False
DEMO_COAST,SYNTHETIC_DEMONSTRATION,120,120,ct_53a12bc8caced9,화천,화천시티투어(평화누리호),TC07,0.45184805705753206,45.184805705753206,0.8,36.147844564602565,10.327955589886447,15.491933384829668,0.0,10.327955589886447,0.0,False
DEMO_COAST,SYNTHETIC_DEMONSTRATION,121,121,ct_18935ddc8bc32f,사천,오감체험투어,TC02,0.5367450401216933,53.674504012169336,0.6666666666666667,35.78300267477956,4.879500364742667,0.0,8.132500607904445,6.506000486323557,16.26500121580889,False
DEMO_COAST,SYNTHETIC_DEMONSTRATION,122,122,ct_a3932d2baa3d16,안산,안산 시내권코스(목요일),TC05,0.44721359549995787,44.72135954999579,0.8,35.77708763999663,8.94427190999916,26.832815729997478,0.0,0.0,0.0,False
DEMO_COAST,SYNTHETIC_DEMONSTRATION,123,123,ct_6bfb1cb10f19bb,천안,목요일,TC07,0.35355339059327373,35.35533905932737,1.0,35.35533905932737,14.142135623730951,21.213203435596427,0.0,0.0,0.0,False
DEMO_COAST,SYNTHETIC_DEMONSTRATION,123,124,ct_8163a6f43e6f4a,아산,예술맛집 코스,TC02,0.35355339059327373,35.35533905932737,1.0,35.35533905932737,0.0,21.213203435596427,14.142135623730951,0.0,0.0,False
DEMO_COAST,SYNTHETIC_DEMONSTRATION,123,125,ct_a33d720535a1e1,순천,(테마투어)산사투어,TC07,0.35355339059327373,35.35533905932737,1.0,35.35533905932737,14.142135623730951,21.213203435596427,0.0,0.0,0.0,False
DEMO_COAST,SYNTHETIC_DEMONSTRATION,123,126,ct_d3c228b00ede2b,파주,2026 파주시티투어 당일코스(화요일),TC02,0.35355339059327373,35.35533905932737,1.0,35.35533905932737,0.0,21.213203435596427,14.142135623730951,0.0,0.0,False
DEMO_COAST,SYNTHETIC_DEMONSTRATION,123,127,ct_e588b4efe19ef3,평창,북부권 코스,TC07,0.35355339059327373,35.35533905932737,1.0,35.35533905932737,14.142135623730951,21.213203435596427,0.0,0.0,0.0,False
DEMO_COAST,SYNTHETIC_DEMONSTRATION,128,128,ct_7cdced2e0d065a,여주,시티투어,TC06,0.46355253465055324,46.35525346505533,0.75,34.76644009879149,9.149063183892498,10.978875820671,3.659625273557,10.978875820671,0.0,False
DEMO_COAST,SYNTHETIC_DEMONSTRATION,129,129,ct_ca13864967c1fb,세종,세종관광명소B투어,TC03,0.5163977794943223,51.63977794943223,0.6666666666666666,34.42651863295482,0.0,12.909944487358056,4.303314829119352,17.21325931647741,0.0,False
DEMO_COAST,SYNTHETIC_DEMONSTRATION,129,130,ct_dfc58b1c3324c1,춘천,금요일,TC06,0.5163977794943223,51.63977794943223,0.6666666666666666,34.42651863295482,4.303314829119352,25.81988897471611,4.303314829119352,0.0,0.0,False
DEMO_COAST,SYNTHETIC_DEMONSTRATION,131,131,ct_166c38f36d6640,춘천,목요일,TC05,0.4564354645876385,45.64354645876385,0.75,34.232659844072884,6.846531968814578,20.539595906443733,6.846531968814578,0.0,0.0,False
DEMO_COAST,SYNTHETIC_DEMONSTRATION,132,132,ct_2c0d1fe873d818,천안,화요일,TC07,0.33806170189140666,33.806170189140666,1.0,33.806170189140666,12.677313820927749,12.677313820927749,8.451542547285166,0.0,0.0,False
DEMO_COAST,SYNTHETIC_DEMONSTRATION,132,133,ct_343d3a1d62c8a5,완주,완주힐링로드 시티투어(코레일연계 익산역),TC07,0.33806170189140666,33.806170189140666,1.0,33.806170189140666,12.677313820927749,12.677313820927749,8.451542547285166,0.0,0.0,False
DEMO_COAST,SYNTHETIC_DEMONSTRATION,134,134,ct_17e0dd4d30822e,밀양,삼랑진권 투어,TC07,0.3337119062359573,33.37119062359573,1.0,33.37119062359573,14.301938838683883,14.301938838683883,4.767312946227962,0.0,0.0,False
DEMO_COAST,SYNTHETIC_DEMONSTRATION,135,135,ct_c3ec7bb154c2c1,대전,언택트세이프(B),TC05,0.49999999999999994,49.99999999999999,0.6666666666666666,33.33333333333333,0.0,29.999999999999993,3.333333333333333,0.0,0.0,False
DEMO_COAST,SYNTHETIC_DEMONSTRATION,136,136,ct_e353674363d7f4,대전,대청호코스,TC06,0.5244044240850758,52.44044240850758,0.625,32.77527650531724,2.979570591392476,26.816135322532283,2.979570591392476,0.0,0.0,False
DEMO_COAST,SYNTHETIC_DEMONSTRATION,137,137,ct_9845cf0683e6c7,화천,화천시티투어(백암산케이블카),TC07,0.32274861218395146,32.274861218395145,1.0,32.274861218395145,12.909944487358057,0.0,6.454972243679029,12.909944487358057,0.0,False
DEMO_COAST,SYNTHETIC_DEMONSTRATION,138,138,ct_2d10b95a5e902e,대전,"광역투어(첫주, 일)",TC07,0.38138503569823684,38.13850356982368,0.8333333333333333,31.7820863081864,11.918282365569901,11.9182823655699,0.0,7.945521577046602,0.0,False
DEMO_COAST,SYNTHETIC_DEMONSTRATION,139,139,ct_5997fa12423936,대전,언택트세이프(A),TC05,0.4743416490252569,47.43416490252569,0.6666666666666666,31.62277660168379,0.0,31.62277660168379,0.0,0.0,0.0,False
DEMO_COAST,SYNTHETIC_DEMONSTRATION,139,140,ct_59f67b28d9aad1,서울,EG투어버스 G코스,TC05,0.4743416490252569,47.43416490252569,0.6666666666666666,31.62277660168379,0.0,31.62277660168379,0.0,0.0,0.0,False
DEMO_COAST,SYNTHETIC_DEMONSTRATION,141,141,ct_82029ce72f5013,서울,EG투어버스 D코스,TC02,0.31008683647302115,31.008683647302114,1.0,31.008683647302114,0.0,0.0,15.504341823651057,0.0,15.504341823651055,False
DEMO_COAST,SYNTHETIC_DEMONSTRATION,142,142,ct_4ba7f5cc1ffeda,부산,서부산생태투어,TC07,0.38729833462074176,38.729833462074176,0.8,30.983866769659343,10.327955589886447,15.491933384829668,5.163977794943223,0.0,0.0,False
DEMO_COAST,SYNTHETIC_DEMONSTRATION,142,143,ct_ec90f983bc7ed6,안동,하회마을테마,TC07,0.38729833462074176,38.729833462074176,0.8,30.983866769659343,10.327955589886447,15.491933384829668,5.163977794943223,0.0,0.0,False
DEMO_COAST,SYNTHETIC_DEMONSTRATION,144,144,ct_424fda831e8a80,인천,인천레트로노선,TC03,0.3689323936863109,36.89323936863109,0.8333333333333333,30.74436614052591,4.392052305789416,0.0,8.784104611578831,17.568209223157663,0.0,False
DEMO_COAST,SYNTHETIC_DEMONSTRATION,145,145,ct_104171b078b959,공주,가을코스,TC07,0.3,30.0,1.0,30.0,15.0,15.0,0.0,0.0,0.0,False
DEMO_COAST,SYNTHETIC_DEMONSTRATION,146,146,ct_037c18bb42946f,세종,천안연계투어,TC05,0.44721359549995787,44.72135954999579,0.6666666666666666,29.81423969999719,7.453559924999299,22.360679774997894,0.0,0.0,0.0,False
DEMO_COAST,SYNTHETIC_DEMONSTRATION,146,147,ct_0946c67481033f,세종,행복투어B,TC02,0.44721359549995787,44.72135954999579,0.6666666666666666,29.81423969999719,0.0,22.360679774997894,7.453559924999299,0.0,0.0,False
DEMO_COAST,SYNTHETIC_DEMONSTRATION,146,148,ct_1b0e0fd1157aaa,아산,休캉스 코스,TC05,0.44721359549995787,44.72135954999579,0.6666666666666666,29.81423969999719,7.453559924999299,22.360679774997894,0.0,0.0,0.0,False
DEMO_COAST,SYNTHETIC_DEMONSTRATION,146,149,ct_506425657ddce1,완주,완주힐링로드 시티투어(서울권역),TC06,0.44721359549995787,44.72135954999579,0.6666666666666666,29.81423969999719,7.453559924999299,7.453559924999298,4.969039949999532,9.938079899999064,0.0,False
DEMO_COAST,SYNTHETIC_DEMONSTRATION,146,150,ct_566165b1b827e0,천안,토요일,TC05,0.44721359549995787,44.72135954999579,0.6666666666666666,29.81423969999719,7.453559924999299,22.360679774997894,0.0,0.0,0.0,False
DEMO_COAST,SYNTHETIC_DEMONSTRATION,146,151,ct_b75e8d4cf1e318,대구,테마(야경 11~3월),TC04,0.44721359549995787,44.72135954999579,0.6666666666666666,29.81423969999719,0.0,22.360679774997894,7.453559924999299,0.0,0.0,False
DEMO_COAST,SYNTHETIC_DEMONSTRATION,146,152,ct_cf9f8ad6cdda8f,대전,야경,TC04,0.44721359549995787,44.72135954999579,0.6666666666666666,29.81423969999719,0.0,22.360679774997894,7.453559924999299,0.0,0.0,False
DEMO_COAST,SYNTHETIC_DEMONSTRATION,146,153,ct_f558345dd00dbf,아산,역사기행 코스,TC05,0.44721359549995787,44.72135954999579,0.6666666666666666,29.81423969999719,7.453559924999299,22.360679774997894,0.0,0.0,0.0,False
DEMO_COAST,SYNTHETIC_DEMONSTRATION,154,154,ct_6e6a0f2ecaee7f,양주,기본코스,TC07,0.2981423969999719,29.81423969999719,0.9999999999999999,29.814239699997188,14.907119849998594,11.180339887498945,3.7267799624996485,0.0,0.0,False
DEMO_COAST,SYNTHETIC_DEMONSTRATION,155,155,ct_40252d247000a5,안동,야간도심테마,TC04,0.4949747468305833,49.49747468305833,0.6000000000000001,29.698484809835,4.242640687119286,25.455844122715714,0.0,0.0,0.0,False
DEMO_COAST,SYNTHETIC_DEMONSTRATION,155,156,ct_bd00bd65a80b11,연천,역사자연코스,TC05,0.4949747468305833,49.49747468305833,0.6000000000000001,29.698484809835,4.242640687119286,25.455844122715714,0.0,0.0,0.0,False
DEMO_COAST,SYNTHETIC_DEMONSTRATION,157,157,ct_bdc4b066f6280d,안동,도산서원&예끼마을테마,TC07,0.29580398915498085,29.580398915498087,0.9999999999999999,29.580398915498083,12.677313820927747,0.0,8.451542547285165,8.451542547285165,0.0,False
DEMO_COAST,SYNTHETIC_DEMONSTRATION,158,158,ct_82edd01ea220e6,화순,화순적벽 버스투어(적벽 셔틀버스),TC05,0.4743416490252569,47.43416490252569,0.6,28.46049894151541,0.0,28.46049894151541,0.0,0.0,0.0,False
DEMO_COAST,SYNTHETIC_DEMONSTRATION,159,159,ct_e4444e050c482f,천안,일요일,TC02,0.282842712474619,28.284271247461902,1.0,28.284271247461902,0.0,0.0,14.142135623730951,14.142135623730951,0.0,False
DEMO_COAST,SYNTHETIC_DEMONSTRATION,160,160,ct_c722d90ff66eb2,홍성,"전통시장코스(광천) 4,9일 운영",TC03,0.5590169943749473,55.901699437494734,0.5,27.950849718747367,0.0,16.77050983124842,0.0,11.180339887498949,0.0,False
DEMO_COAST,SYNTHETIC_DEMONSTRATION,161,161,ct_1dab0b645e521d,완주,완주힐링로드시티투어 2코스,TC07,0.33371190623595726,33.37119062359572,0.8333333333333333,27.8093255196631,11.918282365569901,11.9182823655699,3.972760788523301,0.0,0.0,False
DEMO_COAST,SYNTHETIC_DEMONSTRATION,162,162,ct_cfd77d72cf4c59,나주,정기코스,TC07,0.35355339059327373,35.35533905932737,0.75,26.516504294495526,10.606601717798213,15.90990257669732,0.0,0.0,0.0,False
DEMO_COAST,SYNTHETIC_DEMONSTRATION,162,163,ct_ed3a5516a8c6ca,연천,안보자연코스,TC02,0.35355339059327373,35.35533905932737,0.75,26.516504294495526,0.0,15.90990257669732,10.606601717798213,0.0,0.0,False
DEMO_COAST,SYNTHETIC_DEMONSTRATION,162,164,ct_fa87b733ddf357,아산,아산도심핫플코스,TC07,0.35355339059327373,35.35533905932737,0.75,26.516504294495526,10.606601717798213,15.90990257669732,0.0,0.0,0.0,False
DEMO_COAST,SYNTHETIC_DEMONSTRATION,165,165,ct_a726fc60353090,청주,청주시티투어_정기투어_초정힐링 투어(토),TC07,0.31622776601683794,31.622776601683793,0.8333333333333333,26.352313834736492,8.784104611578831,0.0,8.784104611578831,8.784104611578831,0.0,False
DEMO_COAST,SYNTHETIC_DEMONSTRATION,166,166,ct_68e342ed3c052f,익산,익산숨은보석찾기코스,TC07,0.32274861218395146,32.274861218395145,0.8,25.819888974716118,10.327955589886447,0.0,5.163977794943223,10.327955589886447,0.0,False
DEMO_COAST,SYNTHETIC_DEMONSTRATION,167,167,ct_f534f220e539af,파주,2026 파주시티투어 당일코스(일요일),TC07,0.38729833462074176,38.729833462074176,0.6666666666666666,25.819888974716115,8.606629658238704,12.909944487358056,4.303314829119352,0.0,0.0,False
DEMO_COAST,SYNTHETIC_DEMONSTRATION,168,168,ct_b97fea5cc3f414,광양,광양힐링코스,TC07,0.33806170189140666,33.806170189140666,0.75,25.3546276418555,9.507985365695811,9.507985365695811,6.338656910463875,0.0,0.0,False
DEMO_COAST,SYNTHETIC_DEMONSTRATION,169,169,ct_1c691124e74222,대구,도동코스,TC07,0.25,25.0,1.0,25.0,15.0,0.0,0.0,10.0,0.0,False
DEMO_COAST,SYNTHETIC_DEMONSTRATION,170,170,ct_36cdd5661df6fd,봉화,송이축제 문화유적탐방버스,TC05,0.49999999999999994,49.99999999999999,0.5,24.999999999999996,0.0,22.499999999999996,2.5,0.0,0.0,False
DEMO_COAST,SYNTHETIC_DEMONSTRATION,170,171,ct_69c07f148cbc8b,봉화,은어축제 문화유적탐방버스,TC05,0.49999999999999994,49.99999999999999,0.5,24.999999999999996,0.0,22.499999999999996,2.5,0.0,0.0,False
DEMO_COAST,SYNTHETIC_DEMONSTRATION,170,172,ct_fe508b5dbba88f,세종,역사산책투어,TC05,0.49999999999999994,49.99999999999999,0.5,24.999999999999996,2.5,22.499999999999996,0.0,0.0,0.0,False
DEMO_COAST,SYNTHETIC_DEMONSTRATION,173,173,ct_03101958100a14,부여,부여테마여행,TC06,0.3730019232961255,37.30019232961255,0.6666666666666667,24.866794886408368,9.32504808240314,13.987572123604709,1.554174680400523,0.0,0.0,False
DEMO_COAST,SYNTHETIC_DEMONSTRATION,174,174,ct_7350d2221bf4e5,대전,"광역투어(다섯째주, 일)",TC07,0.31008683647302115,31.008683647302114,0.8,24.806946917841692,9.922778767136677,7.442084075352508,7.442084075352508,0.0,0.0,False
DEMO_COAST,SYNTHETIC_DEMONSTRATION,175,175,ct_084dcff739bc51,김해,김해에반해,TC06,0.26760076511760095,26.760076511760094,0.9166666666666667,24.530070135780086,13.208499303881586,5.660785415949251,5.660785415949251,0.0,0.0,False
DEMO_COAST,SYNTHETIC_DEMONSTRATION,176,176,ct_ba6ef7945423e1,공주,가을코스2,TC07,0.24354409352352616,24.354409352352615,1.0,24.354409352352615,15.498260496951666,6.642111641550713,2.2140372138502378,0.0,0.0,False
DEMO_COAST,SYNTHETIC_DEMONSTRATION,177,177,ct_661e12e8488117,대전,힐링(장태산),TC05,0.4743416490252569,47.43416490252569,0.5,23.717082451262844,0.0,23.717082451262844,0.0,0.0,0.0,False
DEMO_COAST,SYNTHETIC_DEMONSTRATION,177,178,ct_d3a976675ffc53,대구,테마-방방곡곡(낙동강),TC05,0.4743416490252569,47.43416490252569,0.5,23.717082451262844,0.0,23.717082451262844,0.0,0.0,0.0,False
DEMO_COAST,SYNTHETIC_DEMONSTRATION,177,179,ct_f8bd00d4bc40b3,순천,(기획투어)나이트가든투어,TC04,0.4743416490252569,47.43416490252569,0.5,23.717082451262844,0.0,23.717082451262844,0.0,0.0,0.0,False
DEMO_COAST,SYNTHETIC_DEMONSTRATION,180,180,ct_636360ac200b66,대전,"광역투어(셋째주, 일)",TC07,0.23354968324845687,23.354968324845686,1.0,23.354968324845686,15.569978883230458,5.8387420812114215,1.9462473604038073,0.0,0.0,False
DEMO_COAST,SYNTHETIC_DEMONSTRATION,181,181,ct_c0c761a6bb3927,서울,EG투어버스 C코스,TC02,0.23084512921915967,23.084512921915966,1.0,23.084512921915966,2.5649458802128855,0.0,15.389675281277313,5.129891760425771,0.0,False
DEMO_COAST,SYNTHETIC_DEMONSTRATION,182,182,ct_0ed3eb88438a1d,인천,청라투어,TC02,0.44721359549995787,44.72135954999579,0.5,22.360679774997894,0.0,16.77050983124842,5.5901699437494745,0.0,0.0,False
DEMO_COAST,SYNTHETIC_DEMONSTRATION,182,183,ct_1d6ad4598dff93,대구,테마-방방곡곡(군위군 돋보기),TC05,0.44721359549995787,44.72135954999579,0.5,22.360679774997894,5.5901699437494745,16.77050983124842,0.0,0.0,0.0,False
DEMO_COAST,SYNTHETIC_DEMONSTRATION,182,184,ct_452018aaa6c847,춘천,화요일,TC05,0.44721359549995787,44.72135954999579,0.5,22.360679774997894,5.5901699437494745,16.77050983124842,0.0,0.0,0.0,False
DEMO_COAST,SYNTHETIC_DEMONSTRATION,182,185,ct_68d8eff6357673,양구,해안DMZ트래킹 코스,TC02,0.44721359549995787,44.72135954999579,0.5,22.360679774997894,0.0,16.77050983124842,5.5901699437494745,0.0,0.0,False
DEMO_COAST,SYNTHETIC_DEMONSTRATION,182,186,ct_7799bf62ca5138,대전,"광역투어(둘째주, 토)",TC05,0.44721359549995787,44.72135954999579,0.5,22.360679774997894,5.5901699437494745,16.77050983124842,0.0,0.0,0.0,False
DEMO_COAST,SYNTHETIC_DEMONSTRATION,182,187,ct_ff36074cae8347,양주,자연친화코스1,TC05,0.44721359549995787,44.72135954999579,0.5,22.360679774997894,5.5901699437494745,16.77050983124842,0.0,0.0,0.0,False
DEMO_COAST,SYNTHETIC_DEMONSTRATION,182,188,ct_07b4b0458851e1,서울,EG투어버스 J코스,TC07,0.33541019662496846,33.54101966249684,0.6666666666666666,22.360679774997894,7.453559924999299,0.0,0.0,14.907119849998598,0.0,False
DEMO_COAST,SYNTHETIC_DEMONSTRATION,182,189,ct_1d32ffebd246d5,홍성,"전통시장코스(홍성) 1,6일 운영",TC07,0.33541019662496846,33.54101966249684,0.6666666666666666,22.360679774997894,7.453559924999299,0.0,0.0,14.907119849998598,0.0,False
DEMO_COAST,SYNTHETIC_DEMONSTRATION,182,190,ct_516add9e1cef4a,정선,와와정선 2층 투어버스,TC02,0.33541019662496846,33.54101966249684,0.6666666666666666,22.360679774997894,0.0,0.0,7.453559924999299,14.907119849998598,0.0,False
DEMO_COAST,SYNTHETIC_DEMONSTRATION,182,191,ct_768d8183a336c4,이천,승마체험코스,TC02,0.33541019662496846,33.54101966249684,0.6666666666666666,22.360679774997894,0.0,0.0,7.453559924999299,14.907119849998598,0.0,False
DEMO_COAST,SYNTHETIC_DEMONSTRATION,192,192,ct_1c94bb0caf5c4f,안성,안성시티투어,TC02,0.2192645048267573,21.92645048267573,1.0,21.92645048267573,8.770580193070293,0.0,13.155870289605437,0.0,0.0,False
DEMO_COAST,SYNTHETIC_DEMONSTRATION,193,193,ct_0ab41b7160d0e2,김해,문화에반해,TC02,0.21693045781865616,21.693045781865617,1.0,21.693045781865617,8.134892168199606,0.0,13.55815361366601,0.0,0.0,False
DEMO_COAST,SYNTHETIC_DEMONSTRATION,194,194,ct_1fe72a79d47a7f,서울,EG투어버스 E코스,TC07,0.282842712474619,28.284271247461902,0.75,21.213203435596427,10.606601717798213,0.0,0.0,10.606601717798213,0.0,False
DEMO_COAST,SYNTHETIC_DEMONSTRATION,194,195,ct_572b4d8191127a,영주,선비 코스,TC07,0.282842712474619,28.284271247461902,0.75,21.213203435596427,10.606601717798213,0.0,0.0,10.606601717798213,0.0,False
DEMO_COAST,SYNTHETIC_DEMONSTRATION,194,196,ct_2749460936eb31,공주,반일코스,TC07,0.21213203435596426,21.213203435596427,1.0,21.213203435596427,14.142135623730951,0.0,7.0710678118654755,0.0,0.0,False
DEMO_COAST,SYNTHETIC_DEMONSTRATION,197,197,ct_658464b2619d71,양주,천일홍축제,TC07,0.29999999999999993,29.999999999999993,0.6666666666666666,19.999999999999993,10.0,9.999999999999996,0.0,0.0,0.0,False
DEMO_COAST,SYNTHETIC_DEMONSTRATION,197,198,ct_c4d1ab4265b00c,양주,왕실축제,TC07,0.29999999999999993,29.999999999999993,0.6666666666666666,19.999999999999993,10.0,9.999999999999996,0.0,0.0,0.0,False
DEMO_COAST,SYNTHETIC_DEMONSTRATION,199,199,ct_62ce3cfd4b2223,대구,현풍코스,TC07,0.23008949665421113,23.008949665421113,0.8333333333333333,19.17412472118426,12.782749814122841,0.0,0.0,6.3913749070614205,0.0,False
DEMO_COAST,SYNTHETIC_DEMONSTRATION,200,200,ct_2d7ad6be7d0219,공주,봄코스,TC07,0.24806946917841693,24.806946917841692,0.75,18.60521018838127,11.628256367738292,6.976953820642976,0.0,0.0,0.0,False
DEMO_COAST,SYNTHETIC_DEMONSTRATION,201,201,ct_820bca31911e89,완주,완주힐링로드시티투어 1코스,TC07,0.2,20.0,0.8,16.0,12.0,0.0,4.0,0.0,0.0,False
DEMO_COAST,SYNTHETIC_DEMONSTRATION,202,202,ct_3764c5ee83c6b9,대전,"광역투어(넷재주, 토)",TC07,0.21213203435596426,21.213203435596427,0.75,15.90990257669732,10.606601717798213,0.0,5.303300858899107,0.0,0.0,False
DEMO_COAST,SYNTHETIC_DEMONSTRATION,203,203,ct_2921659630cea0,서울,EG투어버스 B코스,TC02,0.15811388300841897,15.811388300841896,1.0,15.811388300841896,0.0,0.0,15.811388300841896,0.0,0.0,False
DEMO_COAST,SYNTHETIC_DEMONSTRATION,203,204,ct_4212deac479d6b,세종,역사문화투어,TC07,0.15811388300841897,15.811388300841896,1.0,15.811388300841896,15.811388300841896,0.0,0.0,0.0,0.0,False
DEMO_COAST,SYNTHETIC_DEMONSTRATION,203,205,ct_52149303f1b0d4,서울,EG투어버스 K 코스,TC02,0.15811388300841897,15.811388300841896,1.0,15.811388300841896,0.0,0.0,15.811388300841896,0.0,0.0,False
DEMO_COAST,SYNTHETIC_DEMONSTRATION,203,206,ct_73908901775f5c,익산,세계유산코스,TC07,0.15811388300841897,15.811388300841896,1.0,15.811388300841896,15.811388300841896,0.0,0.0,0.0,0.0,False
DEMO_COAST,SYNTHETIC_DEMONSTRATION,203,207,ct_82e2c317c54d7e,양주,역사투어,TC07,0.15811388300841897,15.811388300841896,1.0,15.811388300841896,15.811388300841896,0.0,0.0,0.0,0.0,False
DEMO_COAST,SYNTHETIC_DEMONSTRATION,203,208,ct_ba06e511559567,홍성,역사·문화 코스,TC07,0.15811388300841897,15.811388300841896,1.0,15.811388300841896,15.811388300841896,0.0,0.0,0.0,0.0,False
DEMO_COAST,SYNTHETIC_DEMONSTRATION,203,209,ct_e4521f5325216f,양주,박물관투어,TC07,0.15811388300841897,15.811388300841896,1.0,15.811388300841896,15.811388300841896,0.0,0.0,0.0,0.0,False
DEMO_COAST,SYNTHETIC_DEMONSTRATION,210,210,ct_1a59c2f3801f38,대전,역사문화(효월드),TC07,0.22360679774997896,22.360679774997898,0.6666666666666666,14.907119849998598,7.453559924999299,0.0,7.453559924999299,0.0,0.0,False
DEMO_COAST,SYNTHETIC_DEMONSTRATION,210,211,ct_7d1c2151bda037,순천,(테마투어)세계유산투어,TC07,0.22360679774997896,22.360679774997898,0.6666666666666666,14.907119849998598,7.453559924999299,0.0,7.453559924999299,0.0,0.0,False
DEMO_COAST,SYNTHETIC_DEMONSTRATION,210,212,ct_c825dbc2a63555,파주,2026 파주시티투어 1박2일코스(토요일~일요일),TC07,0.22360679774997896,22.360679774997898,0.6666666666666666,14.907119849998598,7.453559924999299,0.0,7.453559924999299,0.0,0.0,False
DEMO_COAST,SYNTHETIC_DEMONSTRATION,213,213,ct_cba721781124d5,원주,원주시티투어(순환형),TC02,0.1917412472118426,19.17412472118426,0.7142857142857142,13.695803372274469,2.7391606744548938,0.0,10.956642697819575,0.0,0.0,False
DEMO_COAST,SYNTHETIC_DEMONSTRATION,214,214,ct_a70933018dfe45,여수,이순신문화유적코스,TC07,0.15811388300841897,15.811388300841896,0.8571428571428571,13.552618543578767,13.552618543578767,0.0,0.0,0.0,0.0,False
DEMO_COAST,SYNTHETIC_DEMONSTRATION,215,215,ct_c543fc703f1159,익산,순환형1,TC07,0.19999999999999998,20.0,0.6666666666666666,13.333333333333332,10.0,0.0,3.333333333333333,0.0,0.0,False
DEMO_COAST,SYNTHETIC_DEMONSTRATION,216,216,ct_caab077d4954a7,김해,역사에반해,TC07,0.15811388300841897,15.811388300841896,0.8333333333333334,13.176156917368248,13.176156917368248,0.0,0.0,0.0,0.0,False
DEMO_COAST,SYNTHETIC_DEMONSTRATION,217,217,ct_3ed5105d35b251,서산,A코스,TC07,0.21213203435596426,21.213203435596427,0.6000000000000001,12.727922061357857,8.485281374238571,0.0,4.242640687119286,0.0,0.0,False
DEMO_COAST,SYNTHETIC_DEMONSTRATION,218,218,ct_23c35eeaf17398,곡성,읍권 순환버스,TC06,0.253012156852495,25.301215685249502,0.49999999999999994,12.65060784262475,3.892494720807615,0.0,6.811865761413326,1.9462473604038075,0.0,False
DEMO_COAST,SYNTHETIC_DEMONSTRATION,219,219,ct_88364cbd4a5650,곡성,압록권역 순환버스,TC02,0.15811388300841897,15.811388300841896,0.8,12.649110640673518,0.0,0.0,12.649110640673518,0.0,0.0,False
DEMO_COAST,SYNTHETIC_DEMONSTRATION,220,220,ct_38e990a88a3094,춘천,수요일,TC07,0.15811388300841897,15.811388300841896,0.75,11.858541225631422,11.858541225631422,0.0,0.0,0.0,0.0,False
DEMO_COAST,SYNTHETIC_DEMONSTRATION,221,221,ct_e613bd3839189c,익산,순환형2,TC07,0.2,20.0,0.5714285714285714,11.428571428571427,8.571428571428571,0.0,2.8571428571428568,0.0,0.0,False
DEMO_COAST,SYNTHETIC_DEMONSTRATION,222,222,ct_64b3f2e630ba51,여수,다크투어리즘코스,TC07,0.15811388300841897,15.811388300841896,0.6666666666666666,10.540925533894598,10.540925533894598,0.0,0.0,0.0,0.0,False
DEMO_COAST,SYNTHETIC_DEMONSTRATION,222,223,ct_95906ed6ab2982,이천,농촌체험코스(남부),TC02,0.15811388300841897,15.811388300841896,0.6666666666666666,10.540925533894598,0.0,0.0,10.540925533894598,0.0,0.0,False
DEMO_COAST,SYNTHETIC_DEMONSTRATION,222,224,ct_9f8a8ca65b1ebb,파주,2026 파주시티투어 당일코스(토요일),TC07,0.15811388300841897,15.811388300841896,0.6666666666666666,10.540925533894598,10.540925533894598,0.0,0.0,0.0,0.0,False
DEMO_COAST,SYNTHETIC_DEMONSTRATION,222,225,ct_b3b0773f44a533,안산,대부도 해변코스(체험형 1코스),TC02,0.15811388300841897,15.811388300841896,0.6666666666666666,10.540925533894598,0.0,0.0,10.540925533894598,0.0,0.0,False
DEMO_COAST,SYNTHETIC_DEMONSTRATION,222,226,ct_cec518ee1213c1,양주,서울우유견학코스,TC07,0.15811388300841897,15.811388300841896,0.6666666666666666,10.540925533894598,10.540925533894598,0.0,0.0,0.0,0.0,False
DEMO_COAST,SYNTHETIC_DEMONSTRATION,222,227,ct_d916d0f4237246,파주,2026 파주시티투어 당일코스(금요일),TC02,0.15811388300841897,15.811388300841896,0.6666666666666666,10.540925533894598,0.0,0.0,10.540925533894598,0.0,0.0,False
DEMO_COAST,SYNTHETIC_DEMONSTRATION,222,228,ct_f48a1e387a5d08,이천,농촌체험코스(중부),TC02,0.15811388300841897,15.811388300841896,0.6666666666666666,10.540925533894598,0.0,0.0,10.540925533894598,0.0,0.0,False
DEMO_COAST,SYNTHETIC_DEMONSTRATION,229,229,ct_c59f7d050e72e0,대전,생태교육,TC07,0.15811388300841897,15.811388300841896,0.5,7.905694150420948,7.905694150420948,0.0,0.0,0.0,0.0,False
DEMO_ACTIVE,SYNTHETIC_DEMONSTRATION,1,1,ct_d756b69f16e800,청주,청주시티투어_정기투어_힐링로드 투어(토),TC02,0.9219544457292889,92.19544457292889,1.0,92.19544457292889,5.423261445466405,2.7116307227332026,67.79076806833005,16.269784336399216,0.0,False
DEMO_ACTIVE,SYNTHETIC_DEMONSTRATION,2,2,ct_e4444e050c482f,천안,일요일,TC02,0.9192388155425117,91.92388155425118,1.0,91.92388155425118,0.0,0.0,70.71067811865474,21.213203435596427,0.0,False
DEMO_ACTIVE,SYNTHETIC_DEMONSTRATION,3,3,ct_86dc46ed127655,청주,청주시티투어_정기투어_청남대 투어(수토일),TC02,0.896421457000795,89.6421457000795,1.0,89.6421457000795,5.976143046671968,5.976143046671968,59.761430466719666,17.928429140015904,0.0,False
DEMO_ACTIVE,SYNTHETIC_DEMONSTRATION,4,4,ct_5728bf247a42c1,제천,시티투어,TC02,0.8764598212022146,87.64598212022146,1.0,87.64598212022146,3.37099931231621,6.74199862463242,67.41998624632419,10.112997936948629,0.0,False
DEMO_ACTIVE,SYNTHETIC_DEMONSTRATION,5,5,ct_c0c761a6bb3927,서울,EG투어버스 C코스,TC02,0.8720815992723809,87.2081599272381,1.0,87.2081599272381,2.5649458802128855,0.0,76.94837640638656,7.6948376406386565,0.0,False
DEMO_ACTIVE,SYNTHETIC_DEMONSTRATION,6,6,ct_84ffabae716404,홍성,죽도코스,TC03,0.8696263565463043,86.96263565463043,1.0,86.96263565463043,0.0,7.905694150420948,39.52847075210474,23.717082451262844,15.811388300841896,False
DEMO_ACTIVE,SYNTHETIC_DEMONSTRATION,7,7,ct_00435b9cca499b,포항,퐝랜드마크A코스,TC03,0.8485281374238569,84.85281374238569,1.0,84.85281374238569,7.0710678118654755,7.0710678118654755,35.35533905932737,21.213203435596427,14.142135623730951,False
DEMO_ACTIVE,SYNTHETIC_DEMONSTRATION,7,8,ct_ac7ca37140e6b6,포항,퐝랜드마크B코스,TC03,0.8485281374238569,84.85281374238569,1.0,84.85281374238569,7.0710678118654755,7.0710678118654755,35.35533905932737,21.213203435596427,14.142135623730951,False
DEMO_ACTIVE,SYNTHETIC_DEMONSTRATION,9,9,ct_8de53de429d379,포항,퐝순환코스,TC03,0.8391463916782737,83.91463916782736,1.0,83.91463916782736,0.0,0.0,32.27486121839514,38.72983346207417,12.909944487358057,False
DEMO_ACTIVE,SYNTHETIC_DEMONSTRATION,10,10,ct_82029ce72f5013,서울,EG투어버스 D코스,TC02,0.8372344584771572,83.72344584771571,1.0,83.72344584771571,0.0,0.0,77.52170911825529,0.0,6.201736729460423,False
DEMO_ACTIVE,SYNTHETIC_DEMONSTRATION,11,11,ct_9d994e07488f57,삼척,종일코스,TC03,0.8366600265340753,83.66600265340753,1.0,83.66600265340753,0.0,5.976143046671968,29.880715233359833,35.85685828003181,11.952286093343936,False
DEMO_ACTIVE,SYNTHETIC_DEMONSTRATION,12,12,ct_507ac7569b1306,서천,보랏빛코스,TC03,0.8215838362577491,82.15838362577492,1.0,82.15838362577492,0.0,9.128709291752768,45.643546458763836,27.386127875258303,0.0,False
DEMO_ACTIVE,SYNTHETIC_DEMONSTRATION,12,13,ct_a407c821a8382e,서울,EG투어버스 H코스,TC07,0.8215838362577491,82.15838362577492,1.0,82.15838362577492,9.128709291752768,0.0,45.643546458763836,27.386127875258303,0.0,False
DEMO_ACTIVE,SYNTHETIC_DEMONSTRATION,12,14,ct_aabd87818ef08f,서울,EG투어버스 I코스,TC03,0.8215838362577491,82.15838362577492,1.0,82.15838362577492,0.0,9.128709291752768,45.643546458763836,27.386127875258303,0.0,False
DEMO_ACTIVE,SYNTHETIC_DEMONSTRATION,15,15,ct_6ec0ad7a54e92d,서천,문화코스,TC06,0.8944271909999157,89.44271909999158,0.8888888888888888,79.50463919999251,3.3126932999996885,6.625386599999377,49.690399499995316,19.87615979999813,0.0,False
DEMO_ACTIVE,SYNTHETIC_DEMONSTRATION,16,16,ct_2921659630cea0,서울,EG투어버스 B코스,TC02,0.7905694150420948,79.05694150420948,1.0,79.05694150420948,0.0,0.0,79.05694150420948,0.0,0.0,False
DEMO_ACTIVE,SYNTHETIC_DEMONSTRATION,16,17,ct_52149303f1b0d4,서울,EG투어버스 K 코스,TC02,0.7905694150420948,79.05694150420948,1.0,79.05694150420948,0.0,0.0,79.05694150420948,0.0,0.0,False
DEMO_ACTIVE,SYNTHETIC_DEMONSTRATION,16,18,ct_956d44d9a821ed,양산,2025 6월 시티투어,TC03,0.7905694150420948,79.05694150420948,1.0,79.05694150420948,7.905694150420948,7.905694150420948,39.52847075210474,23.717082451262844,0.0,False
DEMO_ACTIVE,SYNTHETIC_DEMONSTRATION,16,19,ct_d0cdc53f7d6755,춘천,월요일,TC03,0.7905694150420948,79.05694150420948,1.0,79.05694150420948,0.0,10.540925533894598,52.704627669472984,15.811388300841895,0.0,False
DEMO_ACTIVE,SYNTHETIC_DEMONSTRATION,20,20,ct_aa2937d4d2a2d0,목포,목포랑시티투어,TC06,0.7827803638564368,78.27803638564367,1.0,78.27803638564367,10.958925093990116,4.696682183138621,46.966821831386206,9.393364366277241,6.262242910851495,False
DEMO_ACTIVE,SYNTHETIC_DEMONSTRATION,21,21,ct_8163a6f43e6f4a,아산,예술맛집 코스,TC02,0.7778174593052022,77.78174593052022,1.0,77.78174593052022,0.0,7.0710678118654755,70.71067811865474,0.0,0.0,False
DEMO_ACTIVE,SYNTHETIC_DEMONSTRATION,21,22,ct_d3c228b00ede2b,파주,2026 파주시티투어 당일코스(화요일),TC02,0.7778174593052022,77.78174593052022,1.0,77.78174593052022,0.0,7.0710678118654755,70.71067811865474,0.0,0.0,False
DEMO_ACTIVE,SYNTHETIC_DEMONSTRATION,23,23,ct_c410c248858e88,서울,EG투어버스 L코스,TC03,0.7745966692414834,77.45966692414834,1.0,77.45966692414834,0.0,6.454972243679029,32.27486121839514,38.72983346207417,0.0,False
DEMO_ACTIVE,SYNTHETIC_DEMONSTRATION,24,24,ct_15ca3909485d66,서천,광역코스,TC06,0.8999999999999998,89.99999999999999,0.8571428571428571,77.14285714285712,4.285714285714286,4.285714285714286,42.85714285714284,25.714285714285708,0.0,False
DEMO_ACTIVE,SYNTHETIC_DEMONSTRATION,25,25,ct_0ab41b7160d0e2,김해,문화에반해,TC02,0.7592566023652965,75.92566023652965,1.0,75.92566023652965,8.134892168199606,0.0,67.79076806833004,0.0,0.0,False
DEMO_ACTIVE,SYNTHETIC_DEMONSTRATION,26,26,ct_424fda831e8a80,인천,인천레트로노선,TC03,0.8959786703810407,89.59786703810407,0.8333333333333333,74.66488919842006,4.392052305789416,0.0,43.92052305789415,26.35231383473649,0.0,False
DEMO_ACTIVE,SYNTHETIC_DEMONSTRATION,26,27,ct_a0af2538872792,서천,전라권코스,TC03,0.8959786703810407,89.59786703810407,0.8333333333333333,74.66488919842006,0.0,4.392052305789416,43.92052305789415,26.35231383473649,0.0,False
DEMO_ACTIVE,SYNTHETIC_DEMONSTRATION,28,28,ct_1c94bb0caf5c4f,안성,안성시티투어,TC02,0.7454993164109747,74.54993164109747,1.0,74.54993164109747,8.770580193070293,0.0,65.77935144802719,0.0,0.0,False
DEMO_ACTIVE,SYNTHETIC_DEMONSTRATION,29,29,ct_2827a8d7943bdf,가평,가평순환버스A코스,TC02,0.7378647873726217,73.78647873726217,1.0,73.78647873726217,0.0,10.540925533894598,52.704627669472984,0.0,10.540925533894598,False
DEMO_ACTIVE,SYNTHETIC_DEMONSTRATION,30,30,ct_6b62f6c5e28b9c,사천,바다투어,TC01,0.7183811165192391,71.83811165192391,1.0,71.83811165192391,0.0,4.225771273642583,42.25771273642583,0.0,25.354627641855497,False
DEMO_ACTIVE,SYNTHETIC_DEMONSTRATION,31,31,ct_0ebeda6387230e,안산,대부도 뱃길코스(체험형 2코스),TC01,0.7016464154456233,70.16464154456233,1.0,70.16464154456233,0.0,0.0,43.85290096535146,0.0,26.311740579210873,False
DEMO_ACTIVE,SYNTHETIC_DEMONSTRATION,32,32,ct_20eb1ae44f44d4,밀양,영남알프스권 투어 1,TC07,0.6851601597031488,68.51601597031488,1.0,68.51601597031488,10.540925533894598,5.270462766947299,52.704627669472984,0.0,0.0,False
DEMO_ACTIVE,SYNTHETIC_DEMONSTRATION,33,33,ct_7dba0d730780c9,서천,동백코스(익산-군산 광역),TC06,0.6761234037828133,67.61234037828133,0.9999999999999999,67.61234037828132,0.0,12.677313820927747,42.25771273642582,12.677313820927747,0.0,False
DEMO_ACTIVE,SYNTHETIC_DEMONSTRATION,33,34,ct_bdc4b066f6280d,안동,도산서원&예끼마을테마,TC07,0.6761234037828133,67.61234037828133,0.9999999999999999,67.61234037828132,12.677313820927747,0.0,42.25771273642582,12.677313820927747,0.0,False
DEMO_ACTIVE,SYNTHETIC_DEMONSTRATION,35,35,ct_8b988867d0e267,홍성,남당항 코스,TC02,0.6708203932499368,67.08203932499369,1.0,67.08203932499369,0.0,11.180339887498949,55.901699437494734,0.0,0.0,False
DEMO_ACTIVE,SYNTHETIC_DEMONSTRATION,36,36,ct_a726fc60353090,청주,청주시티투어_정기투어_초정힐링 투어(토),TC07,0.7905694150420948,79.05694150420948,0.8333333333333333,65.88078458684123,8.784104611578831,0.0,43.92052305789415,13.176156917368244,0.0,False
DEMO_ACTIVE,SYNTHETIC_DEMONSTRATION,37,37,ct_c53b5abd9a30ab,대전,남부코스,TC06,0.7606388292556648,76.06388292556649,0.8571428571428571,65.19761393619984,3.622089663122213,7.244179326244426,54.3313449468332,0.0,0.0,False
DEMO_ACTIVE,SYNTHETIC_DEMONSTRATION,38,38,ct_4e0d701d9aadd5,대구,테마(야경 4~10월),TC04,0.6454972243679028,64.54972243679028,1.0,64.54972243679028,0.0,12.909944487358057,32.27486121839514,19.364916731037084,0.0,False
DEMO_ACTIVE,SYNTHETIC_DEMONSTRATION,38,39,ct_9845cf0683e6c7,화천,화천시티투어(백암산케이블카),TC07,0.6454972243679028,64.54972243679028,1.0,64.54972243679028,12.909944487358057,0.0,32.27486121839514,19.364916731037084,0.0,False
DEMO_ACTIVE,SYNTHETIC_DEMONSTRATION,40,40,ct_9857f916bfa916,대구,도심순환코스(12개 정류장),TC06,0.6911089486812975,69.11089486812975,0.9285714285714286,64.17440237754906,1.944678859925729,11.668073159554375,38.89357719851457,11.668073159554373,0.0,False
DEMO_ACTIVE,SYNTHETIC_DEMONSTRATION,41,41,ct_1d8d8a70616c41,경기광주,광주시티투어,TC06,0.6390096504226936,63.90096504226936,1.0,63.90096504226936,9.128709291752768,9.128709291752768,45.643546458763836,0.0,0.0,False
DEMO_ACTIVE,SYNTHETIC_DEMONSTRATION,41,42,ct_52fe5a29aee3e7,합천,합천광역시티투어 누비고,TC05,0.6390096504226936,63.90096504226936,1.0,63.90096504226936,9.128709291752768,9.128709291752768,45.643546458763836,0.0,0.0,False
DEMO_ACTIVE,SYNTHETIC_DEMONSTRATION,43,43,ct_88364cbd4a5650,곡성,압록권역 순환버스,TC02,0.7905694150420948,79.05694150420948,0.8,63.245553203367585,0.0,0.0,63.245553203367585,0.0,0.0,False
DEMO_ACTIVE,SYNTHETIC_DEMONSTRATION,44,44,ct_2c5b83ca1acb5c,춘천,토요일,TC06,0.6201736729460423,62.01736729460423,1.0,62.01736729460423,3.1008683647302115,12.403473458920846,46.51302547095317,0.0,0.0,False
DEMO_ACTIVE,SYNTHETIC_DEMONSTRATION,44,45,ct_72a42eb150b5d4,춘천,일요일,TC06,0.6201736729460423,62.01736729460423,1.0,62.01736729460423,3.1008683647302115,12.403473458920846,46.51302547095317,0.0,0.0,False
DEMO_ACTIVE,SYNTHETIC_DEMONSTRATION,46,46,ct_3dd54d8970e115,의정부,의정부포레스트:오감이 깨어나는 숲 속 여행,TC03,0.7745966692414834,77.45966692414834,0.8,61.96773353931867,0.0,5.163977794943223,25.81988897471611,30.983866769659336,0.0,False
DEMO_ACTIVE,SYNTHETIC_DEMONSTRATION,46,47,ct_de90b5933f0b40,청도,시티투어,TC03,0.7745966692414834,77.45966692414834,0.8,61.96773353931867,0.0,5.163977794943223,25.81988897471611,30.983866769659336,0.0,False
DEMO_ACTIVE,SYNTHETIC_DEMONSTRATION,48,48,ct_18935ddc8bc32f,사천,오감체험투어,TC02,0.9271050693011066,92.71050693011065,0.6666666666666667,61.807004620073776,4.879500364742667,0.0,40.662503039522214,9.759000729485335,6.506000486323557,False
DEMO_ACTIVE,SYNTHETIC_DEMONSTRATION,49,49,ct_59c60fcaf04aa6,인천,교동도투어,TC03,0.8215838362577492,82.15838362577492,0.75,61.61878771933119,0.0,6.846531968814578,34.232659844072884,20.539595906443733,0.0,False
DEMO_ACTIVE,SYNTHETIC_DEMONSTRATION,49,50,ct_bd2de54ec11e6b,양산,양산시 가을 시티투어 (자연관광코스),TC03,0.8215838362577492,82.15838362577492,0.75,61.61878771933119,0.0,6.846531968814578,34.232659844072884,20.539595906443733,0.0,False
DEMO_ACTIVE,SYNTHETIC_DEMONSTRATION,51,51,ct_a1bc285f9c2881,여수,제1코스,TC07,0.6062177826491071,60.62177826491071,1.0,60.62177826491071,11.547005383792515,0.0,14.433756729740644,17.32050807568877,17.320508075688775,False
DEMO_ACTIVE,SYNTHETIC_DEMONSTRATION,52,52,ct_2f8d9c4d57db08,서천,힐링코스,TC06,0.8485281374238571,84.8528137423857,0.7142857142857142,60.60915267313264,5.050762722761054,5.050762722761054,25.253813613805267,15.15228816828316,10.101525445522109,False
DEMO_ACTIVE,SYNTHETIC_DEMONSTRATION,53,53,ct_0f4dbe3b938a90,여수,2층주간코스,TC06,0.8366600265340755,83.66600265340755,0.7142857142857142,59.761430466719666,4.2686736047656915,4.2686736047656915,42.68673604765691,0.0,8.537347209531383,False
DEMO_ACTIVE,SYNTHETIC_DEMONSTRATION,54,54,ct_516add9e1cef4a,정선,와와정선 2층 투어버스,TC02,0.8944271909999157,89.44271909999158,0.6666666666666666,59.62847939999438,0.0,0.0,37.267799624996485,22.360679774997894,0.0,False
DEMO_ACTIVE,SYNTHETIC_DEMONSTRATION,54,55,ct_768d8183a336c4,이천,승마체험코스,TC02,0.8944271909999157,89.44271909999158,0.6666666666666666,59.62847939999438,0.0,0.0,37.267799624996485,22.360679774997894,0.0,False
DEMO_ACTIVE,SYNTHETIC_DEMONSTRATION,56,56,ct_2c0d1fe873d818,천안,화요일,TC07,0.5916079783099616,59.16079783099616,1.0,59.16079783099616,12.677313820927749,4.225771273642583,42.25771273642583,0.0,0.0,False
DEMO_ACTIVE,SYNTHETIC_DEMONSTRATION,56,57,ct_343d3a1d62c8a5,완주,완주힐링로드 시티투어(코레일연계 익산역),TC07,0.5916079783099616,59.16079783099616,1.0,59.16079783099616,12.677313820927749,4.225771273642583,42.25771273642583,0.0,0.0,False
DEMO_ACTIVE,SYNTHETIC_DEMONSTRATION,56,58,ct_77585e7300bc39,청주,청주시티투어_정기투어_트레킹 투어(토),TC06,0.5916079783099616,59.16079783099616,1.0,59.16079783099616,4.225771273642583,12.677313820927749,42.25771273642583,0.0,0.0,False
DEMO_ACTIVE,SYNTHETIC_DEMONSTRATION,59,59,ct_ed3a5516a8c6ca,연천,안보자연코스,TC02,0.7778174593052022,77.78174593052022,0.75,58.33630944789016,0.0,5.303300858899107,53.03300858899105,0.0,0.0,False
DEMO_ACTIVE,SYNTHETIC_DEMONSTRATION,60,60,ct_cba721781124d5,원주,원주시티투어(순환형),TC02,0.8053132382897388,80.53132382897388,0.7142857142857142,57.52237416355276,2.7391606744548938,0.0,54.78321348909787,0.0,0.0,False
DEMO_ACTIVE,SYNTHETIC_DEMONSTRATION,61,61,ct_61845aa89a1c1a,홍천,홍천시티투어,TC06,0.7027642214999339,70.2764221499934,0.8181818181818181,57.49889084999459,6.533964869317567,7.8407578431810805,39.203789215905395,3.920378921590541,0.0,False
DEMO_ACTIVE,SYNTHETIC_DEMONSTRATION,62,62,ct_3aa92169f5cb7c,군산,(익산역 출발) 고군산시간여행코스,TC06,0.7115124735378854,71.15124735378853,0.8,56.92099788303083,6.324555320336759,6.324555320336759,31.622776601683793,0.0,12.649110640673518,False
DEMO_ACTIVE,SYNTHETIC_DEMONSTRATION,63,63,ct_4e89a607500203,태안,광역코스,TC03,0.5533985905294664,55.339859052946636,1.0,55.339859052946636,7.905694150420948,7.905694150420948,0.0,23.717082451262844,15.811388300841896,False
DEMO_ACTIVE,SYNTHETIC_DEMONSTRATION,64,64,ct_596ccaeb2861f9,태안,남부코스,TC03,0.5499999999999999,54.99999999999999,0.9999999999999999,54.999999999999986,4.999999999999999,9.999999999999998,0.0,29.99999999999999,9.999999999999998,False
DEMO_ACTIVE,SYNTHETIC_DEMONSTRATION,65,65,ct_36b90ac2b7ebec,태백,황지자유시장 코스,TC06,0.6573757351339163,65.73757351339164,0.8333333333333333,54.78131126115969,4.980119205559972,9.960238411119944,24.90059602779986,14.940357616679917,0.0,False
DEMO_ACTIVE,SYNTHETIC_DEMONSTRATION,66,66,ct_f6d09076696e6d,양구,힐링산책코스,TC01,0.7302967433402217,73.02967433402216,0.75,54.77225575051662,0.0,6.846531968814578,34.232659844072884,0.0,13.693063937629155,False
DEMO_ACTIVE,SYNTHETIC_DEMONSTRATION,67,67,ct_37faafbf7ac90b,김해,자연에반해,TC05,0.5446144859178875,54.46144859178875,1.0,54.46144859178875,7.027283689263066,12.297746456210362,35.136418446315325,0.0,0.0,False
DEMO_ACTIVE,SYNTHETIC_DEMONSTRATION,68,68,ct_78497ddd68fd45,사천,우주항공산업투어,TC01,0.7201579347479219,72.01579347479219,0.75,54.01184510609414,3.5225116373539658,2.348341091569311,29.354263644616378,0.0,18.786728732554486,False
DEMO_ACTIVE,SYNTHETIC_DEMONSTRATION,69,69,ct_55438211f07ef0,임실,명소탐방 임실 시티투어,TC01,0.9000000000000001,90.00000000000001,0.6000000000000001,54.000000000000014,3.0000000000000004,0.0,30.000000000000004,9.000000000000002,12.000000000000002,False
DEMO_ACTIVE,SYNTHETIC_DEMONSTRATION,70,70,ct_95906ed6ab2982,이천,농촌체험코스(남부),TC02,0.7905694150420948,79.05694150420948,0.6666666666666666,52.704627669472984,0.0,0.0,52.704627669472984,0.0,0.0,False
DEMO_ACTIVE,SYNTHETIC_DEMONSTRATION,70,71,ct_b3b0773f44a533,안산,대부도 해변코스(체험형 1코스),TC02,0.7905694150420948,79.05694150420948,0.6666666666666666,52.704627669472984,0.0,0.0,52.704627669472984,0.0,0.0,False
DEMO_ACTIVE,SYNTHETIC_DEMONSTRATION,70,72,ct_d916d0f4237246,파주,2026 파주시티투어 당일코스(금요일),TC02,0.7905694150420948,79.05694150420948,0.6666666666666666,52.704627669472984,0.0,0.0,52.704627669472984,0.0,0.0,False
DEMO_ACTIVE,SYNTHETIC_DEMONSTRATION,70,73,ct_f48a1e387a5d08,이천,농촌체험코스(중부),TC02,0.7905694150420948,79.05694150420948,0.6666666666666666,52.704627669472984,0.0,0.0,52.704627669472984,0.0,0.0,False
DEMO_ACTIVE,SYNTHETIC_DEMONSTRATION,74,74,ct_ca13864967c1fb,세종,세종관광명소B투어,TC03,0.7745966692414834,77.45966692414834,0.6666666666666666,51.63977794943222,0.0,4.303314829119352,21.516574145596756,25.81988897471611,0.0,False
DEMO_ACTIVE,SYNTHETIC_DEMONSTRATION,74,75,ct_68e342ed3c052f,익산,익산숨은보석찾기코스,TC07,0.6454972243679028,64.54972243679028,0.8,51.63977794943222,10.327955589886447,0.0,25.81988897471611,15.491933384829668,0.0,False
DEMO_ACTIVE,SYNTHETIC_DEMONSTRATION,74,76,ct_4309f65e431d83,아산,인생네컷 코스,TC05,0.5163977794943222,51.63977794943222,1.0,51.63977794943222,6.454972243679029,12.909944487358057,32.27486121839514,0.0,0.0,False
DEMO_ACTIVE,SYNTHETIC_DEMONSTRATION,77,77,ct_02181b9e7a671f,순천,(테마투어)성곽투어,TC07,0.50709255283711,50.709255283710995,1.0,50.709255283710995,12.677313820927749,0.0,21.128856368212915,0.0,16.903085094570333,False
DEMO_ACTIVE,SYNTHETIC_DEMONSTRATION,78,78,ct_c83f7c6960b76b,부산,레드라인,TC06,0.6324555320336759,63.245553203367585,0.8,50.59644256269407,3.1622776601683795,9.486832980505136,15.811388300841896,9.486832980505138,12.649110640673518,False
DEMO_ACTIVE,SYNTHETIC_DEMONSTRATION,79,79,ct_506425657ddce1,완주,완주힐링로드 시티투어(서울권역),TC06,0.7453559924999298,74.53559924999298,0.6666666666666666,49.69039949999532,7.453559924999299,2.484519974999766,24.84519974999766,14.907119849998596,0.0,False
DEMO_ACTIVE,SYNTHETIC_DEMONSTRATION,80,80,ct_7350d2221bf4e5,대전,"광역투어(다섯째주, 일)",TC07,0.6201736729460422,62.01736729460422,0.8,49.61389383568338,9.922778767136677,2.4806946917841692,37.21042037676253,0.0,0.0,False
DEMO_ACTIVE,SYNTHETIC_DEMONSTRATION,81,81,ct_2749460936eb31,공주,반일코스,TC07,0.49497474683058323,49.49747468305832,1.0,49.49747468305832,14.142135623730951,0.0,35.35533905932737,0.0,0.0,False
DEMO_ACTIVE,SYNTHETIC_DEMONSTRATION,82,82,ct_941018a965809c,광양,야경코스,TC04,0.4907477288111819,49.07477288111819,1.0,49.07477288111819,0.0,2.8867513459481287,0.0,17.32050807568877,28.86751345948129,False
DEMO_ACTIVE,SYNTHETIC_DEMONSTRATION,83,83,ct_0af000fbdb8ad6,동해,관광문화코스,TC03,0.6851601597031487,68.51601597031487,0.7142857142857142,48.940011407367756,0.0,7.529232524210426,18.823081310526064,22.587697572631274,0.0,False
DEMO_ACTIVE,SYNTHETIC_DEMONSTRATION,84,84,ct_b8b6f8a37ebdf8,사천,별빛투어,TC04,0.5995012171811742,59.95012171811742,0.8,47.96009737449394,2.4806946917841697,1.6537964611894465,20.67245576486808,0.0,23.153150456652252,False
DEMO_ACTIVE,SYNTHETIC_DEMONSTRATION,85,85,ct_166c38f36d6640,춘천,목요일,TC05,0.6390096504226939,63.900965042269384,0.75,47.92572378170204,6.846531968814578,6.846531968814578,34.232659844072884,0.0,0.0,False
DEMO_ACTIVE,SYNTHETIC_DEMONSTRATION,86,86,ct_7cdced2e0d065a,여주,시티투어,TC06,0.6343350474165466,63.43350474165466,0.75,47.575128556241,9.149063183892498,3.659625273557,18.298126367784995,16.468313731006496,0.0,False
DEMO_ACTIVE,SYNTHETIC_DEMONSTRATION,87,87,ct_aa87321b8b5003,창원,창원시티투어,TC06,0.5858449331643022,58.58449331643022,0.7999999999999999,46.867594653144174,3.0237157840738176,10.58300524425836,15.118578920369087,9.071147352221452,9.071147352221452,False
DEMO_ACTIVE,SYNTHETIC_DEMONSTRATION,88,88,ct_824d1bcb38ec4b,사천,이순신승전길투어,TC01,0.46355253465055324,46.35525346505533,1.0,46.35525346505533,0.0,9.759000729485333,12.198750911856663,0.0,24.397501823713327,False
DEMO_ACTIVE,SYNTHETIC_DEMONSTRATION,89,89,ct_1def3d2a58e430,부산,오렌지라인,TC06,0.5079721589671173,50.797215896711734,0.9090909090909092,46.17928717882885,8.149285972734502,10.865714630312672,13.582143287890837,8.149285972734502,5.432857315156336,False
DEMO_ACTIVE,SYNTHETIC_DEMONSTRATION,90,90,ct_4be058672a95ae,시흥,테마형 정기코스,TC01,0.537914353639919,53.7914353639919,0.8571428571428572,46.10694459770735,0.0,9.221388919541472,18.44277783908294,0.0,18.442777839082943,False
DEMO_ACTIVE,SYNTHETIC_DEMONSTRATION,91,91,ct_b53b246e98a9cd,인천,석모도투어,TC03,0.4564354645876384,45.643546458763836,1.0,45.643546458763836,9.128709291752768,9.128709291752768,0.0,27.386127875258303,0.0,False
DEMO_ACTIVE,SYNTHETIC_DEMONSTRATION,92,92,ct_b2af495e1760b5,안산,대부도 뱃길코스(체험형 1코스),TC01,0.44999999999999996,44.99999999999999,1.0,44.99999999999999,0.0,0.0,0.0,15.0,30.0,False
DEMO_ACTIVE,SYNTHETIC_DEMONSTRATION,93,93,ct_e346ea988fedc3,포항,씨(SEA)하게 보는 포항코스,TC01,0.5378528742004772,53.78528742004772,0.8333333333333333,44.82107285003976,4.980119205559974,4.980119205559974,0.0,14.940357616679918,19.920476822239895,False
DEMO_ACTIVE,SYNTHETIC_DEMONSTRATION,94,94,ct_0946c67481033f,세종,행복투어B,TC02,0.6708203932499368,67.08203932499369,0.6666666666666666,44.72135954999579,0.0,7.453559924999299,37.267799624996485,0.0,0.0,False
DEMO_ACTIVE,SYNTHETIC_DEMONSTRATION,94,95,ct_1a59c2f3801f38,대전,역사문화(효월드),TC07,0.6708203932499368,67.08203932499369,0.6666666666666666,44.72135954999579,7.453559924999299,0.0,37.267799624996485,0.0,0.0,False
DEMO_ACTIVE,SYNTHETIC_DEMONSTRATION,94,96,ct_7d1c2151bda037,순천,(테마투어)세계유산투어,TC07,0.6708203932499368,67.08203932499369,0.6666666666666666,44.72135954999579,7.453559924999299,0.0,37.267799624996485,0.0,0.0,False
DEMO_ACTIVE,SYNTHETIC_DEMONSTRATION,94,97,ct_b75e8d4cf1e318,대구,테마(야경 11~3월),TC04,0.6708203932499368,67.08203932499369,0.6666666666666666,44.72135954999579,0.0,7.453559924999299,37.267799624996485,0.0,0.0,False
DEMO_ACTIVE,SYNTHETIC_DEMONSTRATION,94,98,ct_c825dbc2a63555,파주,2026 파주시티투어 1박2일코스(토요일~일요일),TC07,0.6708203932499368,67.08203932499369,0.6666666666666666,44.72135954999579,7.453559924999299,0.0,37.267799624996485,0.0,0.0,False
DEMO_ACTIVE,SYNTHETIC_DEMONSTRATION,94,99,ct_cf9f8ad6cdda8f,대전,야경,TC04,0.6708203932499368,67.08203932499369,0.6666666666666666,44.72135954999579,0.0,7.453559924999299,37.267799624996485,0.0,0.0,False
DEMO_ACTIVE,SYNTHETIC_DEMONSTRATION,100,100,ct_b97fea5cc3f414,광양,광양힐링코스,TC07,0.5916079783099616,59.16079783099616,0.75,44.37059837324712,9.507985365695811,3.1693284552319376,31.693284552319373,0.0,0.0,False
DEMO_ACTIVE,SYNTHETIC_DEMONSTRATION,101,101,ct_330d0bc9cd3d05,서산,B코스,TC03,0.5533985905294664,55.339859052946636,0.8,44.27188724235731,6.324555320336759,6.324555320336759,0.0,18.973665961010276,12.649110640673518,False
DEMO_ACTIVE,SYNTHETIC_DEMONSTRATION,101,102,ct_94cebe436c068a,서산,C코스,TC03,0.5533985905294664,55.339859052946636,0.8,44.27188724235731,6.324555320336759,6.324555320336759,0.0,18.973665961010276,12.649110640673518,False
DEMO_ACTIVE,SYNTHETIC_DEMONSTRATION,103,103,ct_084dcff739bc51,김해,김해에반해,TC06,0.47344750751575543,47.344750751575546,0.9166666666666667,43.39935485561092,13.208499303881586,1.8869284719830837,28.30392707974625,0.0,0.0,False
DEMO_ACTIVE,SYNTHETIC_DEMONSTRATION,104,104,ct_17e0dd4d30822e,밀양,삼랑진권 투어,TC07,0.42905816516051654,42.90581651605165,1.0,42.90581651605165,14.301938838683883,4.767312946227962,23.836564731139806,0.0,0.0,False
DEMO_ACTIVE,SYNTHETIC_DEMONSTRATION,105,105,ct_5c692156a089c1,파주,2026 파주시티투어 당일코스(수요일),TC05,0.42257712736425834,42.25771273642584,0.9999999999999999,42.25771273642583,8.451542547285165,12.677313820927747,21.12885636821291,0.0,0.0,False
DEMO_ACTIVE,SYNTHETIC_DEMONSTRATION,106,106,ct_4ba7f5cc1ffeda,부산,서부산생태투어,TC07,0.5163977794943222,51.63977794943222,0.8,41.31182235954578,10.327955589886447,5.163977794943223,25.81988897471611,0.0,0.0,False
DEMO_ACTIVE,SYNTHETIC_DEMONSTRATION,106,107,ct_a11be8ffeee88a,태백,통리장 코스,TC05,0.5163977794943222,51.63977794943222,0.8,41.31182235954578,5.163977794943223,10.327955589886447,25.81988897471611,0.0,0.0,False
DEMO_ACTIVE,SYNTHETIC_DEMONSTRATION,106,108,ct_ec90f983bc7ed6,안동,하회마을테마,TC07,0.5163977794943222,51.63977794943222,0.8,41.31182235954578,10.327955589886447,5.163977794943223,25.81988897471611,0.0,0.0,False
DEMO_ACTIVE,SYNTHETIC_DEMONSTRATION,109,109,ct_5e83dbf18d6227,울산,장생포 대왕암 코스,TC01,0.5493502655735358,54.93502655735358,0.75,41.201269918015186,6.338656910463875,0.0,15.846642276159686,0.0,19.015970731391622,False
DEMO_ACTIVE,SYNTHETIC_DEMONSTRATION,110,110,ct_8171ca90d9fa99,제주,야간코스(7월말~8월말 운영),TC04,0.5477225575051663,54.77225575051663,0.75,41.07919181288747,6.846531968814578,0.0,0.0,20.539595906443733,13.693063937629155,False
DEMO_ACTIVE,SYNTHETIC_DEMONSTRATION,110,111,ct_abd1e371e69550,정선,아리랑열차 연계형 시티투어2,TC03,0.5477225575051663,54.77225575051663,0.75,41.07919181288747,0.0,6.846531968814578,0.0,20.539595906443733,13.693063937629155,False
DEMO_ACTIVE,SYNTHETIC_DEMONSTRATION,112,112,ct_a8a8ecfbd0eefc,대전,"광역투어(다섯째주, 토)",TC07,0.4103913408340616,41.03913408340616,1.0,41.03913408340616,12.824729401064427,5.129891760425771,0.0,23.084512921915966,0.0,False
DEMO_ACTIVE,SYNTHETIC_DEMONSTRATION,113,113,ct_23c35eeaf17398,곡성,읍권 순환버스,TC06,0.8174238913695991,81.74238913695991,0.49999999999999994,40.87119456847995,3.892494720807615,0.0,34.05932880706662,2.919371040605711,0.0,False
DEMO_ACTIVE,SYNTHETIC_DEMONSTRATION,114,114,ct_d1e99a0d119f73,밀양,시내권 투어 1,TC06,0.4743416490252569,47.43416490252569,0.8333333333333333,39.52847075210474,8.784104611578831,8.784104611578831,21.960261528947076,0.0,0.0,False
DEMO_ACTIVE,SYNTHETIC_DEMONSTRATION,115,115,ct_79a18eaed83932,양산,양산시 가을 시티투어 (역사문화코스),TC07,0.3872983346207417,38.72983346207417,1.0,38.72983346207417,12.909944487358057,6.454972243679029,0.0,19.364916731037084,0.0,False
DEMO_ACTIVE,SYNTHETIC_DEMONSTRATION,115,116,ct_809907e22355c9,연천,연천명소코스,TC05,0.3872983346207417,38.72983346207417,1.0,38.72983346207417,6.454972243679029,12.909944487358057,0.0,19.364916731037084,0.0,False
DEMO_ACTIVE,SYNTHETIC_DEMONSTRATION,117,117,ct_b6060e0e38a765,안산,대부도 뱃길코스(일반형 2코스),TC01,0.44721359549995804,44.7213595499958,0.8571428571428571,38.332593899996404,0.0,3.1943828249997,0.0,9.5831484749991,25.5550625999976,False
DEMO_ACTIVE,SYNTHETIC_DEMONSTRATION,118,118,ct_a7f13a177e5633,여수,제2코스,TC06,0.50709255283711,50.709255283710995,0.75,38.031941462783244,0.0,9.507985365695811,15.846642276159686,0.0,12.67731382092775,False
DEMO_ACTIVE,SYNTHETIC_DEMONSTRATION,119,119,ct_6e6a0f2ecaee7f,양주,기본코스,TC07,0.3726779962499649,37.26779962499649,0.9999999999999999,37.267799624996485,14.907119849998594,3.7267799624996485,18.633899812498242,0.0,0.0,False
DEMO_ACTIVE,SYNTHETIC_DEMONSTRATION,120,120,ct_3764c5ee83c6b9,대전,"광역투어(넷재주, 토)",TC07,0.49497474683058323,49.49747468305832,0.75,37.12310601229374,10.606601717798213,0.0,26.516504294495526,0.0,0.0,False
DEMO_ACTIVE,SYNTHETIC_DEMONSTRATION,121,121,ct_83afdb6c6bad30,시흥,순환형 2층버스,TC01,0.3689323936863109,36.89323936863109,1.0,36.89323936863109,5.270462766947299,10.540925533894598,0.0,0.0,21.081851067789195,False
DEMO_ACTIVE,SYNTHETIC_DEMONSTRATION,121,122,ct_b96c711c2cd94d,예산,예산군 버스투어,TC05,0.3689323936863109,36.89323936863109,1.0,36.89323936863109,10.540925533894598,10.540925533894598,0.0,15.811388300841895,0.0,False
DEMO_ACTIVE,SYNTHETIC_DEMONSTRATION,123,123,ct_ba3c89379bf8c1,서천,금빛코스,TC06,0.42257712736425823,42.25771273642582,0.857142857142857,36.220896631222125,10.86626898936664,7.244179326244425,18.11044831561106,0.0,0.0,False
DEMO_ACTIVE,SYNTHETIC_DEMONSTRATION,124,124,ct_1dab0b645e521d,완주,완주힐링로드시티투어 2코스,TC07,0.4290581651605165,42.90581651605165,0.8333333333333333,35.7548470967097,11.918282365569901,3.972760788523301,19.8638039426165,0.0,0.0,False
DEMO_ACTIVE,SYNTHETIC_DEMONSTRATION,125,125,ct_dfc58b1c3324c1,춘천,금요일,TC06,0.5163977794943222,51.63977794943222,0.6666666666666666,34.42651863295481,4.303314829119352,8.606629658238704,21.516574145596756,0.0,0.0,False
DEMO_ACTIVE,SYNTHETIC_DEMONSTRATION,125,126,ct_f534f220e539af,파주,2026 파주시티투어 당일코스(일요일),TC07,0.5163977794943222,51.63977794943222,0.6666666666666666,34.42651863295481,8.606629658238704,4.303314829119352,21.516574145596756,0.0,0.0,False
DEMO_ACTIVE,SYNTHETIC_DEMONSTRATION,127,127,ct_c93b13bf48e761,영주,물돌이 코스,TC03,0.4564354645876385,45.64354645876385,0.75,34.232659844072884,6.846531968814578,6.846531968814578,0.0,20.539595906443733,0.0,False
DEMO_ACTIVE,SYNTHETIC_DEMONSTRATION,128,128,ct_987d7b91b042a8,완도,해양치유시티투어,TC06,0.44999999999999996,44.99999999999999,0.75,33.74999999999999,7.5,7.5,0.0,11.25,7.5,False
DEMO_ACTIVE,SYNTHETIC_DEMONSTRATION,129,129,ct_0ed3eb88438a1d,인천,청라투어,TC02,0.6708203932499368,67.08203932499369,0.5,33.54101966249684,0.0,5.5901699437494745,27.950849718747367,0.0,0.0,False
DEMO_ACTIVE,SYNTHETIC_DEMONSTRATION,129,130,ct_68d8eff6357673,양구,해안DMZ트래킹 코스,TC02,0.6708203932499368,67.08203932499369,0.5,33.54101966249684,0.0,5.5901699437494745,27.950849718747367,0.0,0.0,False
DEMO_ACTIVE,SYNTHETIC_DEMONSTRATION,129,131,ct_74128602fb5dca,태안,북부코스,TC01,0.33541019662496846,33.54101966249684,1.0,33.54101966249684,0.0,11.180339887498949,0.0,0.0,22.360679774997898,False
DEMO_ACTIVE,SYNTHETIC_DEMONSTRATION,132,132,ct_1845f5c9950df4,목포,별빛물결시티투어,TC04,0.5477225575051661,54.77225575051661,0.6000000000000001,32.863353450309965,0.0,5.477225575051662,0.0,16.431676725154983,10.954451150103324,False
DEMO_ACTIVE,SYNTHETIC_DEMONSTRATION,133,133,ct_2390c56fce5420,울산,태화강 국가정원 코스,TC06,0.49193495504995366,49.19349550499537,0.6666666666666667,32.79566366999692,4.472135954999579,8.944271909999157,14.907119849998598,4.4721359549995805,0.0,False
DEMO_ACTIVE,SYNTHETIC_DEMONSTRATION,134,134,ct_49fb403c953735,광양,광양역사코스,TC07,0.4045199174779452,40.451991747794516,0.8,32.36159339823561,10.787197799411873,2.696799449852968,0.0,8.090398349558903,10.787197799411873,False
DEMO_ACTIVE,SYNTHETIC_DEMONSTRATION,135,135,ct_820bca31911e89,완주,완주힐링로드시티투어 1코스,TC07,0.4,40.0,0.8,32.0,12.0,0.0,20.0,0.0,0.0,False
DEMO_ACTIVE,SYNTHETIC_DEMONSTRATION,136,136,ct_c68da356b898d6,여주,꽃섬투어,TC01,0.6363961030678927,63.63961030678927,0.5,31.819805153394636,0.0,0.0,17.677669529663685,0.0,14.142135623730951,False
DEMO_ACTIVE,SYNTHETIC_DEMONSTRATION,137,137,ct_008becedc70ab4,인천,무의도투어,TC01,0.31622776601683794,31.622776601683793,1.0,31.622776601683793,0.0,0.0,0.0,0.0,31.622776601683793,False
DEMO_ACTIVE,SYNTHETIC_DEMONSTRATION,138,138,ct_53a12bc8caced9,화천,화천시티투어(평화누리호),TC07,0.3872983346207417,38.72983346207417,0.8,30.983866769659336,10.327955589886447,5.163977794943223,0.0,15.491933384829668,0.0,False
DEMO_ACTIVE,SYNTHETIC_DEMONSTRATION,139,139,ct_c188dbb343674a,서천,푸른빛코스,TC06,0.3689323936863109,36.89323936863109,0.8333333333333333,30.74436614052591,8.784104611578831,8.784104611578831,0.0,13.176156917368244,0.0,False
DEMO_ACTIVE,SYNTHETIC_DEMONSTRATION,140,140,ct_edd6e5375f387f,부산,그린라인,TC06,0.43528575006600695,43.5285750066007,0.7,30.470002504620485,2.5391668753850407,10.156667501540163,12.695834376925202,0.0,5.078333750770081,False
DEMO_ACTIVE,SYNTHETIC_DEMONSTRATION,141,141,ct_1c691124e74222,대구,도동코스,TC07,0.3,30.0,1.0,30.0,15.0,0.0,0.0,15.0,0.0,False
DEMO_ACTIVE,SYNTHETIC_DEMONSTRATION,142,142,ct_07b4b0458851e1,서울,EG투어버스 J코스,TC07,0.44721359549995787,44.72135954999579,0.6666666666666666,29.81423969999719,7.453559924999299,0.0,0.0,22.360679774997894,0.0,False
DEMO_ACTIVE,SYNTHETIC_DEMONSTRATION,142,143,ct_1d32ffebd246d5,홍성,"전통시장코스(홍성) 1,6일 운영",TC07,0.44721359549995787,44.72135954999579,0.6666666666666666,29.81423969999719,7.453559924999299,0.0,0.0,22.360679774997894,0.0,False
DEMO_ACTIVE,SYNTHETIC_DEMONSTRATION,142,144,ct_3e1bfccd397508,세종,봄꽃파닭A투어,TC03,0.44721359549995787,44.72135954999579,0.6666666666666666,29.81423969999719,0.0,7.453559924999299,0.0,22.360679774997894,0.0,False
DEMO_ACTIVE,SYNTHETIC_DEMONSTRATION,142,145,ct_a8b6f564bf7384,세종,봄꽃파닭B투어,TC03,0.44721359549995787,44.72135954999579,0.6666666666666666,29.81423969999719,0.0,7.453559924999299,0.0,22.360679774997894,0.0,False
DEMO_ACTIVE,SYNTHETIC_DEMONSTRATION,142,146,ct_a98893fa363590,양산,봄꽃체험코스,TC03,0.44721359549995787,44.72135954999579,0.6666666666666666,29.81423969999719,0.0,7.453559924999299,0.0,22.360679774997894,0.0,False
DEMO_ACTIVE,SYNTHETIC_DEMONSTRATION,142,147,ct_ebbc3131233e25,가평,가평순환버스B코스,TC03,0.44721359549995787,44.72135954999579,0.6666666666666666,29.81423969999719,0.0,7.453559924999299,0.0,22.360679774997894,0.0,False
DEMO_ACTIVE,SYNTHETIC_DEMONSTRATION,148,148,ct_3ed5105d35b251,서산,A코스,TC07,0.49497474683058323,49.49747468305832,0.6000000000000001,29.698484809834998,8.485281374238571,0.0,21.213203435596427,0.0,0.0,False
DEMO_ACTIVE,SYNTHETIC_DEMONSTRATION,149,149,ct_a7d1b6cc26e056,안산,대부도 뱃길코스(일반형 1코스),TC01,0.3410955201203233,34.10955201203233,0.8571428571428572,29.236758867456285,0.0,2.657887169768753,0.0,0.0,26.57887169768753,False
DEMO_ACTIVE,SYNTHETIC_DEMONSTRATION,150,150,ct_ab2a31c9b0dd1c,안동,주간도심테마,TC05,0.2886751345948129,28.86751345948129,1.0,28.86751345948129,2.8867513459481287,14.433756729740645,0.0,0.0,11.547005383792515,False
DEMO_ACTIVE,SYNTHETIC_DEMONSTRATION,151,151,ct_fcbc8def0ff021,공주,여름코스,TC07,0.28867513459481287,28.867513459481287,1.0,28.867513459481287,14.433756729740645,5.773502691896257,0.0,8.660254037844386,0.0,False
DEMO_ACTIVE,SYNTHETIC_DEMONSTRATION,152,152,ct_ba6ef7945423e1,공주,가을코스2,TC07,0.2878248378005309,28.78248378005309,1.0,28.78248378005309,15.498260496951666,2.2140372138502378,11.070186069251186,0.0,0.0,False
DEMO_ACTIVE,SYNTHETIC_DEMONSTRATION,153,153,ct_6df930eb64d3ad,세종,세종관광명소A투어,TC05,0.34513424498131673,34.51342449813167,0.8333333333333333,28.761187081776388,0.0,12.782749814122841,15.978437267653549,0.0,0.0,False
DEMO_ACTIVE,SYNTHETIC_DEMONSTRATION,154,154,ct_ff41044d0b7080,부산,동부산테마노선,TC01,0.35,35.0,0.8,28.0,4.0,0.0,0.0,0.0,24.0,False
DEMO_ACTIVE,SYNTHETIC_DEMONSTRATION,155,155,ct_2d10b95a5e902e,대전,"광역투어(첫주, 일)",TC07,0.33371190623595726,33.37119062359572,0.8333333333333333,27.8093255196631,11.918282365569901,3.972760788523301,0.0,11.9182823655699,0.0,False
DEMO_ACTIVE,SYNTHETIC_DEMONSTRATION,156,156,ct_618497cad743bc,양구,방산나들이코스,TC01,0.3651483716701108,36.51483716701108,0.75,27.38612787525831,6.846531968814578,6.846531968814578,0.0,0.0,13.693063937629155,False
DEMO_ACTIVE,SYNTHETIC_DEMONSTRATION,157,157,ct_636360ac200b66,대전,"광역투어(셋째주, 일)",TC07,0.27247463045653303,27.2474630456533,1.0,27.2474630456533,15.569978883230458,1.9462473604038073,9.731236802019035,0.0,0.0,False
DEMO_ACTIVE,SYNTHETIC_DEMONSTRATION,158,158,ct_98323d74dbd87a,제주,순환형코스,TC06,0.3346871731572171,33.468717315721705,0.8125,27.193332819023887,5.598627345093154,11.197254690186307,0.0,7.198235157976911,3.1992156257675166,False
DEMO_ACTIVE,SYNTHETIC_DEMONSTRATION,159,159,ct_e353674363d7f4,대전,대청호코스,TC06,0.42905816516051654,42.90581651605165,0.625,26.816135322532283,2.979570591392476,8.93871177417743,14.897852956962378,0.0,0.0,False
DEMO_ACTIVE,SYNTHETIC_DEMONSTRATION,160,160,ct_c3ec7bb154c2c1,대전,언택트세이프(B),TC05,0.3999999999999999,39.99999999999999,0.6666666666666666,26.66666666666666,0.0,10.0,16.66666666666666,0.0,0.0,False
DEMO_ACTIVE,SYNTHETIC_DEMONSTRATION,160,161,ct_c543fc703f1159,익산,순환형1,TC07,0.3999999999999999,39.99999999999999,0.6666666666666666,26.66666666666666,10.0,0.0,16.66666666666666,0.0,0.0,False
DEMO_ACTIVE,SYNTHETIC_DEMONSTRATION,162,162,ct_1fe72a79d47a7f,서울,EG투어버스 E코스,TC07,0.35355339059327373,35.35533905932737,0.75,26.516504294495526,10.606601717798213,0.0,0.0,15.90990257669732,0.0,False
DEMO_ACTIVE,SYNTHETIC_DEMONSTRATION,162,163,ct_572b4d8191127a,영주,선비 코스,TC07,0.35355339059327373,35.35533905932737,0.75,26.516504294495526,10.606601717798213,0.0,0.0,15.90990257669732,0.0,False
DEMO_ACTIVE,SYNTHETIC_DEMONSTRATION,164,164,ct_0b7a755a267601,여수,2층야간코스,TC04,0.2598076211353316,25.980762113533164,1.0,25.980762113533164,5.773502691896257,14.433756729740645,0.0,0.0,5.773502691896257,False
DEMO_ACTIVE,SYNTHETIC_DEMONSTRATION,165,165,ct_45e65111200294,대전,"광역투어(셋째주, 토)",TC06,0.3872983346207417,38.72983346207417,0.6666666666666666,25.81988897471611,4.303314829119352,8.606629658238704,0.0,12.909944487358056,0.0,False
DEMO_ACTIVE,SYNTHETIC_DEMONSTRATION,166,166,ct_83465bf3a690f2,여수,야간테마코스(시간을달리는버스커),TC04,0.33541019662496846,33.54101966249684,0.7142857142857143,23.957871187497744,0.0,7.985957062499249,0.0,0.0,15.971914124998499,False
DEMO_ACTIVE,SYNTHETIC_DEMONSTRATION,167,167,ct_e613bd3839189c,익산,순환형2,TC07,0.4,40.0,0.5714285714285714,22.857142857142854,8.571428571428571,0.0,14.285714285714285,0.0,0.0,False
DEMO_ACTIVE,SYNTHETIC_DEMONSTRATION,168,168,ct_62ce3cfd4b2223,대구,현풍코스,TC07,0.26843774609657967,26.843774609657967,0.8333333333333333,22.36981217471497,12.782749814122841,0.0,0.0,9.587062360592128,0.0,False
DEMO_ACTIVE,SYNTHETIC_DEMONSTRATION,169,169,ct_4b24fed6566e54,해남,해남시티투어,TC05,0.22360679774997896,22.360679774997898,1.0,22.360679774997898,11.180339887498949,11.180339887498949,0.0,0.0,0.0,False
DEMO_ACTIVE,SYNTHETIC_DEMONSTRATION,170,170,ct_c722d90ff66eb2,홍성,"전통시장코스(광천) 4,9일 운영",TC03,0.44721359549995787,44.72135954999579,0.5,22.360679774997894,0.0,5.5901699437494745,0.0,16.77050983124842,0.0,False
DEMO_ACTIVE,SYNTHETIC_DEMONSTRATION,170,171,ct_14b70a907c3324,안산,대부도 해변코스(일반형 1코스),TC01,0.33541019662496846,33.54101966249684,0.6666666666666666,22.360679774997894,0.0,7.453559924999299,0.0,0.0,14.907119849998598,False
DEMO_ACTIVE,SYNTHETIC_DEMONSTRATION,170,172,ct_ec6acb453717fd,안산,대부도 해변코스(일반형 2코스),TC01,0.33541019662496846,33.54101966249684,0.6666666666666666,22.360679774997894,0.0,7.453559924999299,0.0,0.0,14.907119849998598,False
DEMO_ACTIVE,SYNTHETIC_DEMONSTRATION,173,173,ct_0e4d7f0c7de8e2,대구,송해코스,TC07,0.2192645048267573,21.92645048267573,1.0,21.92645048267573,13.155870289605437,8.770580193070293,0.0,0.0,0.0,False
DEMO_ACTIVE,SYNTHETIC_DEMONSTRATION,173,174,ct_fc9f85899d40a4,안산,안산 시내권코스(토요일),TC07,0.2192645048267573,21.92645048267573,1.0,21.92645048267573,13.155870289605437,8.770580193070293,0.0,0.0,0.0,False
DEMO_ACTIVE,SYNTHETIC_DEMONSTRATION,175,175,ct_ff41dfabaec78b,여수,야경코스,TC04,0.3651483716701107,36.51483716701107,0.6000000000000001,21.90890230020665,5.477225575051662,5.477225575051662,0.0,0.0,10.954451150103324,False
DEMO_ACTIVE,SYNTHETIC_DEMONSTRATION,176,176,ct_03101958100a14,부여,부여테마여행,TC06,0.3263766828841098,32.63766828841098,0.6666666666666667,21.75844552560732,9.32504808240314,4.66252404120157,7.770873402002614,0.0,0.0,False
DEMO_ACTIVE,SYNTHETIC_DEMONSTRATION,177,177,ct_62dfed5cce4635,파주,2026 파주시티투어 당일코스(목요일),TC05,0.21213203435596426,21.213203435596427,1.0,21.213203435596427,7.0710678118654755,14.142135623730951,0.0,0.0,0.0,False
DEMO_ACTIVE,SYNTHETIC_DEMONSTRATION,177,178,ct_6b11aef24a24ef,순천,(테마투어)생태투어,TC05,0.21213203435596426,21.213203435596427,1.0,21.213203435596427,7.0710678118654755,14.142135623730951,0.0,0.0,0.0,False
DEMO_ACTIVE,SYNTHETIC_DEMONSTRATION,177,179,ct_6bfb1cb10f19bb,천안,목요일,TC07,0.21213203435596426,21.213203435596427,1.0,21.213203435596427,14.142135623730951,7.0710678118654755,0.0,0.0,0.0,False
DEMO_ACTIVE,SYNTHETIC_DEMONSTRATION,177,180,ct_a33d720535a1e1,순천,(테마투어)산사투어,TC07,0.21213203435596426,21.213203435596427,1.0,21.213203435596427,14.142135623730951,7.0710678118654755,0.0,0.0,0.0,False
DEMO_ACTIVE,SYNTHETIC_DEMONSTRATION,177,181,ct_d038c55e01951b,대전,대덕특구탐방,TC05,0.21213203435596426,21.213203435596427,1.0,21.213203435596427,7.0710678118654755,14.142135623730951,0.0,0.0,0.0,False
DEMO_ACTIVE,SYNTHETIC_DEMONSTRATION,177,182,ct_e588b4efe19ef3,평창,북부권 코스,TC07,0.21213203435596426,21.213203435596427,1.0,21.213203435596427,14.142135623730951,7.0710678118654755,0.0,0.0,0.0,False
DEMO_ACTIVE,SYNTHETIC_DEMONSTRATION,183,183,ct_30fd00f9cfda89,인천,선재영흥투어,TC01,0.31622776601683794,31.622776601683793,0.6666666666666666,21.081851067789195,0.0,0.0,0.0,0.0,21.081851067789195,False
DEMO_ACTIVE,SYNTHETIC_DEMONSTRATION,184,184,ct_36cdd5661df6fd,봉화,송이축제 문화유적탐방버스,TC05,0.4,40.0,0.5,20.0,0.0,7.5,12.5,0.0,0.0,False
DEMO_ACTIVE,SYNTHETIC_DEMONSTRATION,184,185,ct_69c07f148cbc8b,봉화,은어축제 문화유적탐방버스,TC05,0.4,40.0,0.5,20.0,0.0,7.5,12.5,0.0,0.0,False
DEMO_ACTIVE,SYNTHETIC_DEMONSTRATION,184,186,ct_104171b078b959,공주,가을코스,TC07,0.2,20.0,1.0,20.0,15.0,5.0,0.0,0.0,0.0,False
DEMO_ACTIVE,SYNTHETIC_DEMONSTRATION,187,187,ct_6be92119035c7f,영광,"영광쉼,투어",TC06,0.223606797749979,22.360679774997898,0.8571428571428571,19.1662969499982,9.5831484749991,9.5831484749991,0.0,0.0,0.0,False
DEMO_ACTIVE,SYNTHETIC_DEMONSTRATION,188,188,ct_a3932d2baa3d16,안산,안산 시내권코스(목요일),TC05,0.22360679774997896,22.360679774997898,0.8,17.88854381999832,8.94427190999916,8.94427190999916,0.0,0.0,0.0,False
DEMO_ACTIVE,SYNTHETIC_DEMONSTRATION,189,189,ct_2be78db2f756ab,인천,바다노선,TC01,0.35355339059327373,35.35533905932737,0.5,17.677669529663685,3.5355339059327378,0.0,0.0,0.0,14.142135623730951,False
DEMO_ACTIVE,SYNTHETIC_DEMONSTRATION,190,190,ct_da6b197f9d64eb,대구,테마-방방곡곡(사시사철),TC05,0.2,20.0,0.8,16.0,4.0,12.0,0.0,0.0,0.0,False
DEMO_ACTIVE,SYNTHETIC_DEMONSTRATION,191,191,ct_6c466761af057c,대전,"광역투어(둘째주, 일)",TC05,0.21213203435596426,21.213203435596427,0.75,15.90990257669732,5.303300858899107,10.606601717798213,0.0,0.0,0.0,False
DEMO_ACTIVE,SYNTHETIC_DEMONSTRATION,191,192,ct_cfd77d72cf4c59,나주,정기코스,TC07,0.21213203435596426,21.213203435596427,0.75,15.90990257669732,10.606601717798213,5.303300858899107,0.0,0.0,0.0,False
DEMO_ACTIVE,SYNTHETIC_DEMONSTRATION,191,193,ct_fa87b733ddf357,아산,아산도심핫플코스,TC07,0.21213203435596426,21.213203435596427,0.75,15.90990257669732,10.606601717798213,5.303300858899107,0.0,0.0,0.0,False
DEMO_ACTIVE,SYNTHETIC_DEMONSTRATION,194,194,ct_5082aae98cb9d3,부산,야경투어,TC04,0.31622776601683794,31.622776601683793,0.5,15.811388300841896,0.0,0.0,0.0,0.0,15.811388300841896,False
DEMO_ACTIVE,SYNTHETIC_DEMONSTRATION,194,195,ct_c343406b7388f2,군산,고군산시간여행코스,TC01,0.31622776601683794,31.622776601683793,0.5,15.811388300841896,0.0,0.0,0.0,0.0,15.811388300841896,False
DEMO_ACTIVE,SYNTHETIC_DEMONSTRATION,194,196,ct_4212deac479d6b,세종,역사문화투어,TC07,0.15811388300841897,15.811388300841896,1.0,15.811388300841896,15.811388300841896,0.0,0.0,0.0,0.0,False
DEMO_ACTIVE,SYNTHETIC_DEMONSTRATION,194,197,ct_73908901775f5c,익산,세계유산코스,TC07,0.15811388300841897,15.811388300841896,1.0,15.811388300841896,15.811388300841896,0.0,0.0,0.0,0.0,False
DEMO_ACTIVE,SYNTHETIC_DEMONSTRATION,194,198,ct_82e2c317c54d7e,양주,역사투어,TC07,0.15811388300841897,15.811388300841896,1.0,15.811388300841896,15.811388300841896,0.0,0.0,0.0,0.0,False
DEMO_ACTIVE,SYNTHETIC_DEMONSTRATION,194,199,ct_ba06e511559567,홍성,역사·문화 코스,TC07,0.15811388300841897,15.811388300841896,1.0,15.811388300841896,15.811388300841896,0.0,0.0,0.0,0.0,False
DEMO_ACTIVE,SYNTHETIC_DEMONSTRATION,194,200,ct_e4521f5325216f,양주,박물관투어,TC07,0.15811388300841897,15.811388300841896,1.0,15.811388300841896,15.811388300841896,0.0,0.0,0.0,0.0,False
DEMO_ACTIVE,SYNTHETIC_DEMONSTRATION,194,201,ct_f0549cce13f623,대전,힐링(만인산),TC05,0.15811388300841897,15.811388300841896,1.0,15.811388300841896,0.0,15.811388300841896,0.0,0.0,0.0,False
DEMO_ACTIVE,SYNTHETIC_DEMONSTRATION,194,202,ct_f55bded1011de2,대전,언택트세이프?,TC05,0.15811388300841897,15.811388300841896,1.0,15.811388300841896,0.0,15.811388300841896,0.0,0.0,0.0,False
DEMO_ACTIVE,SYNTHETIC_DEMONSTRATION,203,203,ct_037c18bb42946f,세종,천안연계투어,TC05,0.22360679774997896,22.360679774997898,0.6666666666666666,14.907119849998598,7.453559924999299,7.453559924999299,0.0,0.0,0.0,False
DEMO_ACTIVE,SYNTHETIC_DEMONSTRATION,203,204,ct_1b0e0fd1157aaa,아산,休캉스 코스,TC05,0.22360679774997896,22.360679774997898,0.6666666666666666,14.907119849998598,7.453559924999299,7.453559924999299,0.0,0.0,0.0,False
DEMO_ACTIVE,SYNTHETIC_DEMONSTRATION,203,205,ct_566165b1b827e0,천안,토요일,TC05,0.22360679774997896,22.360679774997898,0.6666666666666666,14.907119849998598,7.453559924999299,7.453559924999299,0.0,0.0,0.0,False
DEMO_ACTIVE,SYNTHETIC_DEMONSTRATION,203,206,ct_f558345dd00dbf,아산,역사기행 코스,TC05,0.22360679774997896,22.360679774997898,0.6666666666666666,14.907119849998598,7.453559924999299,7.453559924999299,0.0,0.0,0.0,False
DEMO_ACTIVE,SYNTHETIC_DEMONSTRATION,207,207,ct_2d7ad6be7d0219,공주,봄코스,TC07,0.1860521018838127,18.605210188381267,0.75,13.953907641285952,11.628256367738292,2.325651273547659,0.0,0.0,0.0,False
DEMO_ACTIVE,SYNTHETIC_DEMONSTRATION,208,208,ct_a70933018dfe45,여수,이순신문화유적코스,TC07,0.15811388300841897,15.811388300841896,0.8571428571428571,13.552618543578767,13.552618543578767,0.0,0.0,0.0,0.0,False
DEMO_ACTIVE,SYNTHETIC_DEMONSTRATION,209,209,ct_658464b2619d71,양주,천일홍축제,TC07,0.19999999999999998,20.0,0.6666666666666666,13.333333333333332,10.0,3.333333333333333,0.0,0.0,0.0,False
DEMO_ACTIVE,SYNTHETIC_DEMONSTRATION,209,210,ct_c4d1ab4265b00c,양주,왕실축제,TC07,0.19999999999999998,20.0,0.6666666666666666,13.333333333333332,10.0,3.333333333333333,0.0,0.0,0.0,False
DEMO_ACTIVE,SYNTHETIC_DEMONSTRATION,211,211,ct_caab077d4954a7,김해,역사에반해,TC07,0.15811388300841897,15.811388300841896,0.8333333333333334,13.176156917368248,13.176156917368248,0.0,0.0,0.0,0.0,False
DEMO_ACTIVE,SYNTHETIC_DEMONSTRATION,212,212,ct_40252d247000a5,안동,야간도심테마,TC04,0.21213203435596426,21.213203435596427,0.6000000000000001,12.727922061357857,4.242640687119286,8.485281374238571,0.0,0.0,0.0,False
DEMO_ACTIVE,SYNTHETIC_DEMONSTRATION,212,213,ct_bd00bd65a80b11,연천,역사자연코스,TC05,0.21213203435596426,21.213203435596427,0.6000000000000001,12.727922061357857,4.242640687119286,8.485281374238571,0.0,0.0,0.0,False
DEMO_ACTIVE,SYNTHETIC_DEMONSTRATION,214,214,ct_38e990a88a3094,춘천,수요일,TC07,0.15811388300841897,15.811388300841896,0.75,11.858541225631422,11.858541225631422,0.0,0.0,0.0,0.0,False
DEMO_ACTIVE,SYNTHETIC_DEMONSTRATION,215,215,ct_1d6ad4598dff93,대구,테마-방방곡곡(군위군 돋보기),TC05,0.22360679774997896,22.360679774997898,0.5,11.180339887498949,5.5901699437494745,5.5901699437494745,0.0,0.0,0.0,False
DEMO_ACTIVE,SYNTHETIC_DEMONSTRATION,215,216,ct_452018aaa6c847,춘천,화요일,TC05,0.22360679774997896,22.360679774997898,0.5,11.180339887498949,5.5901699437494745,5.5901699437494745,0.0,0.0,0.0,False
DEMO_ACTIVE,SYNTHETIC_DEMONSTRATION,215,217,ct_7799bf62ca5138,대전,"광역투어(둘째주, 토)",TC05,0.22360679774997896,22.360679774997898,0.5,11.180339887498949,5.5901699437494745,5.5901699437494745,0.0,0.0,0.0,False
DEMO_ACTIVE,SYNTHETIC_DEMONSTRATION,215,218,ct_ff36074cae8347,양주,자연친화코스1,TC05,0.22360679774997896,22.360679774997898,0.5,11.180339887498949,5.5901699437494745,5.5901699437494745,0.0,0.0,0.0,False
DEMO_ACTIVE,SYNTHETIC_DEMONSTRATION,219,219,ct_5997fa12423936,대전,언택트세이프(A),TC05,0.15811388300841897,15.811388300841896,0.6666666666666666,10.540925533894598,0.0,10.540925533894598,0.0,0.0,0.0,False
DEMO_ACTIVE,SYNTHETIC_DEMONSTRATION,219,220,ct_59f67b28d9aad1,서울,EG투어버스 G코스,TC05,0.15811388300841897,15.811388300841896,0.6666666666666666,10.540925533894598,0.0,10.540925533894598,0.0,0.0,0.0,False
DEMO_ACTIVE,SYNTHETIC_DEMONSTRATION,219,221,ct_64b3f2e630ba51,여수,다크투어리즘코스,TC07,0.15811388300841897,15.811388300841896,0.6666666666666666,10.540925533894598,10.540925533894598,0.0,0.0,0.0,0.0,False
DEMO_ACTIVE,SYNTHETIC_DEMONSTRATION,219,222,ct_9f8a8ca65b1ebb,파주,2026 파주시티투어 당일코스(토요일),TC07,0.15811388300841897,15.811388300841896,0.6666666666666666,10.540925533894598,10.540925533894598,0.0,0.0,0.0,0.0,False
DEMO_ACTIVE,SYNTHETIC_DEMONSTRATION,219,223,ct_cec518ee1213c1,양주,서울우유견학코스,TC07,0.15811388300841897,15.811388300841896,0.6666666666666666,10.540925533894598,10.540925533894598,0.0,0.0,0.0,0.0,False
DEMO_ACTIVE,SYNTHETIC_DEMONSTRATION,224,224,ct_fe508b5dbba88f,세종,역사산책투어,TC05,0.2,20.0,0.5,10.0,2.5,7.5,0.0,0.0,0.0,False
DEMO_ACTIVE,SYNTHETIC_DEMONSTRATION,225,225,ct_82edd01ea220e6,화순,화순적벽 버스투어(적벽 셔틀버스),TC05,0.15811388300841897,15.811388300841896,0.6,9.486832980505138,0.0,9.486832980505138,0.0,0.0,0.0,False
DEMO_ACTIVE,SYNTHETIC_DEMONSTRATION,226,226,ct_661e12e8488117,대전,힐링(장태산),TC05,0.15811388300841897,15.811388300841896,0.5,7.905694150420948,0.0,7.905694150420948,0.0,0.0,0.0,False
DEMO_ACTIVE,SYNTHETIC_DEMONSTRATION,226,227,ct_c59f7d050e72e0,대전,생태교육,TC07,0.15811388300841897,15.811388300841896,0.5,7.905694150420948,7.905694150420948,0.0,0.0,0.0,0.0,False
DEMO_ACTIVE,SYNTHETIC_DEMONSTRATION,226,228,ct_d3a976675ffc53,대구,테마-방방곡곡(낙동강),TC05,0.15811388300841897,15.811388300841896,0.5,7.905694150420948,0.0,7.905694150420948,0.0,0.0,0.0,False
DEMO_ACTIVE,SYNTHETIC_DEMONSTRATION,226,229,ct_f8bd00d4bc40b3,순천,(기획투어)나이트가든투어,TC04,0.15811388300841897,15.811388300841896,0.5,7.905694150420948,0.0,7.905694150420948,0.0,0.0,0.0,False
DEMO_BALANCED,SYNTHETIC_DEMONSTRATION,1,1,ct_00435b9cca499b,포항,퐝랜드마크A코스,TC03,0.9999999999999999,99.99999999999999,1.0,99.99999999999999,20.0,20.0,20.0,20.0,20.0,False
DEMO_BALANCED,SYNTHETIC_DEMONSTRATION,1,2,ct_ac7ca37140e6b6,포항,퐝랜드마크B코스,TC03,0.9999999999999999,99.99999999999999,1.0,99.99999999999999,20.0,20.0,20.0,20.0,20.0,False
DEMO_BALANCED,SYNTHETIC_DEMONSTRATION,3,3,ct_4e89a607500203,태안,광역코스,TC03,0.8944271909999159,89.44271909999159,1.0,89.44271909999159,22.360679774997898,22.360679774997898,0.0,22.360679774997898,22.360679774997898,False
DEMO_BALANCED,SYNTHETIC_DEMONSTRATION,3,4,ct_84ffabae716404,홍성,죽도코스,TC03,0.8944271909999159,89.44271909999159,1.0,89.44271909999159,0.0,22.360679774997898,22.360679774997898,22.360679774997898,22.360679774997898,False
DEMO_BALANCED,SYNTHETIC_DEMONSTRATION,3,5,ct_956d44d9a821ed,양산,2025 6월 시티투어,TC03,0.8944271909999159,89.44271909999159,1.0,89.44271909999159,22.360679774997898,22.360679774997898,22.360679774997898,22.360679774997898,0.0,False
DEMO_BALANCED,SYNTHETIC_DEMONSTRATION,6,6,ct_aa2937d4d2a2d0,목포,목포랑시티투어,TC06,0.8856148855400954,88.56148855400954,1.0,88.56148855400954,30.99652099390333,13.28422328310143,26.56844656620286,8.856148855400953,8.856148855400953,False
DEMO_BALANCED,SYNTHETIC_DEMONSTRATION,7,7,ct_596ccaeb2861f9,태안,남부코스,TC03,0.8485281374238569,84.85281374238569,0.9999999999999999,84.85281374238568,14.142135623730946,28.28427124746189,0.0,28.28427124746189,14.142135623730946,False
DEMO_BALANCED,SYNTHETIC_DEMONSTRATION,8,8,ct_86dc46ed127655,청주,청주시티투어_정기투어_청남대 투어(수토일),TC02,0.8451542547285165,84.51542547285165,1.0,84.51542547285165,16.90308509457033,16.90308509457033,33.80617018914066,16.90308509457033,0.0,False
DEMO_BALANCED,SYNTHETIC_DEMONSTRATION,8,9,ct_9d994e07488f57,삼척,종일코스,TC03,0.8451542547285165,84.51542547285165,1.0,84.51542547285165,0.0,16.90308509457033,16.90308509457033,33.80617018914066,16.90308509457033,False
DEMO_BALANCED,SYNTHETIC_DEMONSTRATION,10,10,ct_a1bc285f9c2881,여수,제1코스,TC07,0.816496580927726,81.6496580927726,1.0,81.6496580927726,32.659863237109036,0.0,8.164965809277259,16.329931618554518,24.49489742783178,False
DEMO_BALANCED,SYNTHETIC_DEMONSTRATION,11,11,ct_1d8d8a70616c41,경기광주,광주시티투어,TC06,0.7745966692414833,77.45966692414832,1.0,77.45966692414832,25.81988897471611,25.81988897471611,25.81988897471611,0.0,0.0,False
DEMO_BALANCED,SYNTHETIC_DEMONSTRATION,11,12,ct_507ac7569b1306,서천,보랏빛코스,TC03,0.7745966692414833,77.45966692414832,1.0,77.45966692414832,0.0,25.81988897471611,25.81988897471611,25.81988897471611,0.0,False
DEMO_BALANCED,SYNTHETIC_DEMONSTRATION,11,13,ct_52fe5a29aee3e7,합천,합천광역시티투어 누비고,TC05,0.7745966692414833,77.45966692414832,1.0,77.45966692414832,25.81988897471611,25.81988897471611,25.81988897471611,0.0,0.0,False
DEMO_BALANCED,SYNTHETIC_DEMONSTRATION,11,14,ct_a407c821a8382e,서울,EG투어버스 H코스,TC07,0.7745966692414833,77.45966692414832,1.0,77.45966692414832,25.81988897471611,0.0,25.81988897471611,25.81988897471611,0.0,False
DEMO_BALANCED,SYNTHETIC_DEMONSTRATION,11,15,ct_aabd87818ef08f,서울,EG투어버스 I코스,TC03,0.7745966692414833,77.45966692414832,1.0,77.45966692414832,0.0,25.81988897471611,25.81988897471611,25.81988897471611,0.0,False
DEMO_BALANCED,SYNTHETIC_DEMONSTRATION,11,16,ct_b53b246e98a9cd,인천,석모도투어,TC03,0.7745966692414833,77.45966692414832,1.0,77.45966692414832,25.81988897471611,25.81988897471611,0.0,25.81988897471611,0.0,False
DEMO_BALANCED,SYNTHETIC_DEMONSTRATION,17,17,ct_1def3d2a58e430,부산,오렌지라인,TC06,0.8451542547285165,84.51542547285165,0.9090909090909092,76.83220497531968,23.049661492595906,30.73288199012788,7.68322049753197,7.68322049753197,7.68322049753197,False
DEMO_BALANCED,SYNTHETIC_DEMONSTRATION,18,18,ct_d756b69f16e800,청주,청주시티투어_정기투어_힐링로드 투어(토),TC02,0.7669649888473706,76.69649888473707,1.0,76.69649888473707,15.339299776947414,7.669649888473707,38.34824944236853,15.339299776947414,0.0,False
DEMO_BALANCED,SYNTHETIC_DEMONSTRATION,19,19,ct_5728bf247a42c1,제천,시티투어,TC02,0.7627700713964738,76.27700713964738,1.0,76.27700713964738,9.534625892455923,19.069251784911845,38.13850356982369,9.534625892455923,0.0,False
DEMO_BALANCED,SYNTHETIC_DEMONSTRATION,20,20,ct_6ec0ad7a54e92d,서천,문화코스,TC06,0.8432740427115677,84.32740427115677,0.8888888888888888,74.95769268547268,9.369711585684087,18.739423171368173,28.109134757052257,18.739423171368173,0.0,False
DEMO_BALANCED,SYNTHETIC_DEMONSTRATION,21,21,ct_20eb1ae44f44d4,밀양,영남알프스권 투어 1,TC07,0.7453559924999298,74.53559924999298,1.0,74.53559924999298,29.81423969999719,14.907119849998596,29.81423969999719,0.0,0.0,False
DEMO_BALANCED,SYNTHETIC_DEMONSTRATION,21,22,ct_2827a8d7943bdf,가평,가평순환버스A코스,TC02,0.7453559924999298,74.53559924999298,1.0,74.53559924999298,0.0,29.81423969999719,29.81423969999719,0.0,14.907119849998596,False
DEMO_BALANCED,SYNTHETIC_DEMONSTRATION,21,23,ct_37faafbf7ac90b,김해,자연에반해,TC05,0.7453559924999298,74.53559924999298,1.0,74.53559924999298,19.87615979999813,34.78327964999672,19.87615979999813,0.0,0.0,False
DEMO_BALANCED,SYNTHETIC_DEMONSTRATION,21,24,ct_83afdb6c6bad30,시흥,순환형 2층버스,TC01,0.7453559924999298,74.53559924999298,1.0,74.53559924999298,14.907119849998596,29.81423969999719,0.0,0.0,29.81423969999719,False
DEMO_BALANCED,SYNTHETIC_DEMONSTRATION,21,25,ct_b96c711c2cd94d,예산,예산군 버스투어,TC05,0.7453559924999298,74.53559924999298,1.0,74.53559924999298,29.81423969999719,29.81423969999719,0.0,14.907119849998596,0.0,False
DEMO_BALANCED,SYNTHETIC_DEMONSTRATION,21,26,ct_d0cdc53f7d6755,춘천,월요일,TC03,0.7453559924999298,74.53559924999298,1.0,74.53559924999298,0.0,29.81423969999719,29.81423969999719,14.907119849998596,0.0,False
DEMO_BALANCED,SYNTHETIC_DEMONSTRATION,27,27,ct_4309f65e431d83,아산,인생네컷 코스,TC05,0.7302967433402215,73.02967433402216,1.0,73.02967433402216,18.25741858350554,36.51483716701108,18.25741858350554,0.0,0.0,False
DEMO_BALANCED,SYNTHETIC_DEMONSTRATION,27,28,ct_4e0d701d9aadd5,대구,테마(야경 4~10월),TC04,0.7302967433402215,73.02967433402216,1.0,73.02967433402216,0.0,36.51483716701108,18.25741858350554,18.25741858350554,0.0,False
DEMO_BALANCED,SYNTHETIC_DEMONSTRATION,27,29,ct_79a18eaed83932,양산,양산시 가을 시티투어 (역사문화코스),TC07,0.7302967433402215,73.02967433402216,1.0,73.02967433402216,36.51483716701108,18.25741858350554,0.0,18.25741858350554,0.0,False
DEMO_BALANCED,SYNTHETIC_DEMONSTRATION,27,30,ct_809907e22355c9,연천,연천명소코스,TC05,0.7302967433402215,73.02967433402216,1.0,73.02967433402216,18.25741858350554,36.51483716701108,0.0,18.25741858350554,0.0,False
DEMO_BALANCED,SYNTHETIC_DEMONSTRATION,27,31,ct_8de53de429d379,포항,퐝순환코스,TC03,0.7302967433402215,73.02967433402216,1.0,73.02967433402216,0.0,0.0,18.25741858350554,36.51483716701108,18.25741858350554,False
DEMO_BALANCED,SYNTHETIC_DEMONSTRATION,27,32,ct_9845cf0683e6c7,화천,화천시티투어(백암산케이블카),TC07,0.7302967433402215,73.02967433402216,1.0,73.02967433402216,36.51483716701108,0.0,18.25741858350554,18.25741858350554,0.0,False
DEMO_BALANCED,SYNTHETIC_DEMONSTRATION,27,33,ct_c410c248858e88,서울,EG투어버스 L코스,TC03,0.7302967433402215,73.02967433402216,1.0,73.02967433402216,0.0,18.25741858350554,18.25741858350554,36.51483716701108,0.0,False
DEMO_BALANCED,SYNTHETIC_DEMONSTRATION,34,34,ct_15ca3909485d66,서천,광역코스,TC06,0.8485281374238569,84.85281374238569,0.8571428571428571,72.73098320775917,12.121830534626525,12.121830534626525,24.24366106925305,24.24366106925305,0.0,False
DEMO_BALANCED,SYNTHETIC_DEMONSTRATION,35,35,ct_a8a8ecfbd0eefc,대전,"광역투어(다섯째주, 토)",TC07,0.7254762501100117,72.54762501100117,1.0,72.54762501100117,36.27381250550059,14.509525002200233,0.0,21.76428750330035,0.0,False
DEMO_BALANCED,SYNTHETIC_DEMONSTRATION,36,36,ct_02181b9e7a671f,순천,(테마투어)성곽투어,TC07,0.7171371656006362,71.71371656006362,1.0,71.71371656006362,35.85685828003181,0.0,11.952286093343936,0.0,23.904572186687872,False
DEMO_BALANCED,SYNTHETIC_DEMONSTRATION,36,37,ct_2c0d1fe873d818,천안,화요일,TC07,0.7171371656006362,71.71371656006362,1.0,71.71371656006362,35.85685828003181,11.952286093343936,23.904572186687872,0.0,0.0,False
DEMO_BALANCED,SYNTHETIC_DEMONSTRATION,36,38,ct_343d3a1d62c8a5,완주,완주힐링로드 시티투어(코레일연계 익산역),TC07,0.7171371656006362,71.71371656006362,1.0,71.71371656006362,35.85685828003181,11.952286093343936,23.904572186687872,0.0,0.0,False
DEMO_BALANCED,SYNTHETIC_DEMONSTRATION,36,39,ct_6b62f6c5e28b9c,사천,바다투어,TC01,0.7171371656006362,71.71371656006362,1.0,71.71371656006362,0.0,11.952286093343936,23.904572186687872,0.0,35.85685828003181,False
DEMO_BALANCED,SYNTHETIC_DEMONSTRATION,36,40,ct_77585e7300bc39,청주,청주시티투어_정기투어_트레킹 투어(토),TC06,0.7171371656006362,71.71371656006362,1.0,71.71371656006362,11.952286093343936,35.85685828003181,23.904572186687872,0.0,0.0,False
DEMO_BALANCED,SYNTHETIC_DEMONSTRATION,41,41,ct_5c692156a089c1,파주,2026 파주시티투어 당일코스(수요일),TC05,0.7171371656006362,71.71371656006362,0.9999999999999999,71.7137165600636,23.90457218668787,35.8568582800318,11.952286093343934,0.0,0.0,False
DEMO_BALANCED,SYNTHETIC_DEMONSTRATION,41,42,ct_7dba0d730780c9,서천,동백코스(익산-군산 광역),TC06,0.7171371656006362,71.71371656006362,0.9999999999999999,71.7137165600636,0.0,35.8568582800318,23.90457218668787,11.952286093343934,0.0,False
DEMO_BALANCED,SYNTHETIC_DEMONSTRATION,41,43,ct_bdc4b066f6280d,안동,도산서원&예끼마을테마,TC07,0.7171371656006362,71.71371656006362,0.9999999999999999,71.7137165600636,35.8568582800318,0.0,23.90457218668787,11.952286093343934,0.0,False
DEMO_BALANCED,SYNTHETIC_DEMONSTRATION,44,44,ct_330d0bc9cd3d05,서산,B코스,TC03,0.8944271909999159,89.44271909999159,0.8,71.55417527999327,17.88854381999832,17.88854381999832,0.0,17.88854381999832,17.88854381999832,False
DEMO_BALANCED,SYNTHETIC_DEMONSTRATION,44,45,ct_3aa92169f5cb7c,군산,(익산역 출발) 고군산시간여행코스,TC06,0.8944271909999159,89.44271909999159,0.8,71.55417527999327,17.88854381999832,17.88854381999832,17.88854381999832,0.0,17.88854381999832,False
DEMO_BALANCED,SYNTHETIC_DEMONSTRATION,44,46,ct_94cebe436c068a,서산,C코스,TC03,0.8944271909999159,89.44271909999159,0.8,71.55417527999327,17.88854381999832,17.88854381999832,0.0,17.88854381999832,17.88854381999832,False
DEMO_BALANCED,SYNTHETIC_DEMONSTRATION,47,47,ct_c83f7c6960b76b,부산,레드라인,TC06,0.8944271909999157,89.44271909999158,0.8,71.55417527999326,8.94427190999916,26.832815729997478,8.94427190999916,8.94427190999916,17.88854381999832,False
DEMO_BALANCED,SYNTHETIC_DEMONSTRATION,48,48,ct_9857f916bfa916,대구,도심순환코스(12개 정류장),TC06,0.77005354108682,77.005354108682,0.9285714285714286,71.50497167234758,5.500382436334428,33.00229461800657,22.001529745337713,11.000764872668856,0.0,False
DEMO_BALANCED,SYNTHETIC_DEMONSTRATION,49,49,ct_2f8d9c4d57db08,서천,힐링코스,TC06,1.0,100.0,0.7142857142857142,71.42857142857142,14.285714285714285,14.285714285714285,14.285714285714285,14.285714285714285,14.285714285714285,False
DEMO_BALANCED,SYNTHETIC_DEMONSTRATION,50,50,ct_e346ea988fedc3,포항,씨(SEA)하게 보는 포항코스,TC01,0.8451542547285167,84.51542547285167,0.8333333333333333,70.42952122737638,14.085904245475277,14.085904245475277,0.0,14.085904245475277,28.171808490950554,False
DEMO_BALANCED,SYNTHETIC_DEMONSTRATION,51,51,ct_36b90ac2b7ebec,태백,황지자유시장 코스,TC06,0.8451542547285164,84.51542547285163,0.8333333333333333,70.42952122737636,14.085904245475273,28.171808490950546,14.085904245475273,14.085904245475273,0.0,False
DEMO_BALANCED,SYNTHETIC_DEMONSTRATION,52,52,ct_2c5b83ca1acb5c,춘천,토요일,TC06,0.7016464154456235,70.16464154456234,1.0,70.16464154456234,8.770580193070293,35.08232077228117,26.31174057921088,0.0,0.0,False
DEMO_BALANCED,SYNTHETIC_DEMONSTRATION,52,53,ct_72a42eb150b5d4,춘천,일요일,TC06,0.7016464154456235,70.16464154456234,1.0,70.16464154456234,8.770580193070293,35.08232077228117,26.31174057921088,0.0,0.0,False
DEMO_BALANCED,SYNTHETIC_DEMONSTRATION,54,54,ct_824d1bcb38ec4b,사천,이순신승전길투어,TC01,0.6900655593423541,69.00655593423541,1.0,69.00655593423541,0.0,27.602622373694167,6.900655593423542,0.0,34.503277967117704,False
DEMO_BALANCED,SYNTHETIC_DEMONSTRATION,55,55,ct_aa87321b8b5003,창원,창원시티투어,TC06,0.8552359741197579,85.5235974119758,0.7999999999999999,68.41887792958063,8.552359741197579,29.933259094191524,8.552359741197579,8.552359741197579,12.828539611796366,False
DEMO_BALANCED,SYNTHETIC_DEMONSTRATION,56,56,ct_17e0dd4d30822e,밀양,삼랑진권 투어,TC07,0.674199862463242,67.4199862463242,1.0,67.4199862463242,40.451991747794516,13.483997249264842,13.483997249264842,0.0,0.0,False
DEMO_BALANCED,SYNTHETIC_DEMONSTRATION,57,57,ct_61845aa89a1c1a,홍천,홍천시티투어,TC06,0.8131571126147262,81.31571126147263,0.8181818181818181,66.53103648665942,18.4808434685165,22.177012162219803,22.177012162219803,3.696168693703301,0.0,False
DEMO_BALANCED,SYNTHETIC_DEMONSTRATION,58,58,ct_941018a965809c,광양,야경코스,TC04,0.6531972647421809,65.31972647421809,1.0,65.31972647421809,0.0,8.164965809277259,0.0,16.329931618554518,40.8248290463863,False
DEMO_BALANCED,SYNTHETIC_DEMONSTRATION,59,59,ct_0b7a755a267601,여수,2층야간코스,TC04,0.6531972647421808,65.31972647421807,1.0,65.31972647421807,16.329931618554518,40.8248290463863,0.0,0.0,8.164965809277259,False
DEMO_BALANCED,SYNTHETIC_DEMONSTRATION,59,60,ct_ab2a31c9b0dd1c,안동,주간도심테마,TC05,0.6531972647421808,65.31972647421807,1.0,65.31972647421807,8.164965809277259,40.8248290463863,0.0,0.0,16.329931618554518,False
DEMO_BALANCED,SYNTHETIC_DEMONSTRATION,59,61,ct_fcbc8def0ff021,공주,여름코스,TC07,0.6531972647421808,65.31972647421807,1.0,65.31972647421807,40.8248290463863,16.329931618554518,0.0,8.164965809277259,0.0,False
DEMO_BALANCED,SYNTHETIC_DEMONSTRATION,62,62,ct_987d7b91b042a8,완도,해양치유시티투어,TC06,0.8485281374238569,84.85281374238569,0.75,63.639610306789265,21.213203435596427,21.213203435596427,0.0,10.606601717798213,10.606601717798213,False
DEMO_BALANCED,SYNTHETIC_DEMONSTRATION,63,63,ct_4b24fed6566e54,해남,해남시티투어,TC05,0.6324555320336758,63.24555320336758,1.0,63.24555320336758,31.62277660168379,31.62277660168379,0.0,0.0,0.0,False
DEMO_BALANCED,SYNTHETIC_DEMONSTRATION,63,64,ct_74128602fb5dca,태안,북부코스,TC01,0.6324555320336758,63.24555320336758,1.0,63.24555320336758,0.0,31.62277660168379,0.0,0.0,31.62277660168379,False
DEMO_BALANCED,SYNTHETIC_DEMONSTRATION,63,65,ct_8b988867d0e267,홍성,남당항 코스,TC02,0.6324555320336758,63.24555320336758,1.0,63.24555320336758,0.0,31.62277660168379,31.62277660168379,0.0,0.0,False
DEMO_BALANCED,SYNTHETIC_DEMONSTRATION,66,66,ct_6e6a0f2ecaee7f,양주,기본코스,TC07,0.6324555320336758,63.24555320336758,0.9999999999999999,63.24555320336757,42.163702135578376,10.540925533894594,10.540925533894594,0.0,0.0,False
DEMO_BALANCED,SYNTHETIC_DEMONSTRATION,67,67,ct_4be058672a95ae,시흥,테마형 정기코스,TC01,0.7302967433402215,73.02967433402216,0.8571428571428572,62.59686371487614,0.0,26.08202654786506,10.432810619146021,0.0,26.08202654786506,False
DEMO_BALANCED,SYNTHETIC_DEMONSTRATION,68,68,ct_424fda831e8a80,인천,인천레트로노선,TC03,0.7453559924999298,74.53559924999298,0.8333333333333333,62.112999374994146,12.422599874998829,0.0,24.845199749997658,24.845199749997658,0.0,False
DEMO_BALANCED,SYNTHETIC_DEMONSTRATION,68,69,ct_a0af2538872792,서천,전라권코스,TC03,0.7453559924999298,74.53559924999298,0.8333333333333333,62.112999374994146,0.0,12.422599874998829,24.845199749997658,24.845199749997658,0.0,False
DEMO_BALANCED,SYNTHETIC_DEMONSTRATION,68,70,ct_a726fc60353090,청주,청주시티투어_정기투어_초정힐링 투어(토),TC07,0.7453559924999298,74.53559924999298,0.8333333333333333,62.112999374994146,24.845199749997658,0.0,24.845199749997658,12.422599874998829,0.0,False
DEMO_BALANCED,SYNTHETIC_DEMONSTRATION,68,71,ct_c188dbb343674a,서천,푸른빛코스,TC06,0.7453559924999298,74.53559924999298,0.8333333333333333,62.112999374994146,24.845199749997658,24.845199749997658,0.0,12.422599874998829,0.0,False
DEMO_BALANCED,SYNTHETIC_DEMONSTRATION,68,72,ct_d1e99a0d119f73,밀양,시내권 투어 1,TC06,0.7453559924999298,74.53559924999298,0.8333333333333333,62.112999374994146,24.845199749997658,24.845199749997658,12.422599874998829,0.0,0.0,False
DEMO_BALANCED,SYNTHETIC_DEMONSTRATION,73,73,ct_7cdced2e0d065a,여주,시티투어,TC06,0.828078671210825,82.8078671210825,0.75,62.10590034081187,25.87745847533828,10.350983390135312,10.350983390135312,15.526475085202968,0.0,False
DEMO_BALANCED,SYNTHETIC_DEMONSTRATION,74,74,ct_0e4d7f0c7de8e2,대구,송해코스,TC07,0.6201736729460422,62.01736729460422,1.0,62.01736729460422,37.210420376762535,24.806946917841692,0.0,0.0,0.0,False
DEMO_BALANCED,SYNTHETIC_DEMONSTRATION,74,75,ct_0ebeda6387230e,안산,대부도 뱃길코스(체험형 2코스),TC01,0.6201736729460422,62.01736729460422,1.0,62.01736729460422,0.0,0.0,24.806946917841692,0.0,37.210420376762535,False
DEMO_BALANCED,SYNTHETIC_DEMONSTRATION,74,76,ct_1c94bb0caf5c4f,안성,안성시티투어,TC02,0.6201736729460422,62.01736729460422,1.0,62.01736729460422,24.806946917841692,0.0,37.210420376762535,0.0,0.0,False
DEMO_BALANCED,SYNTHETIC_DEMONSTRATION,74,77,ct_fc9f85899d40a4,안산,안산 시내권코스(토요일),TC07,0.6201736729460422,62.01736729460422,1.0,62.01736729460422,37.210420376762535,24.806946917841692,0.0,0.0,0.0,False
DEMO_BALANCED,SYNTHETIC_DEMONSTRATION,78,78,ct_c53b5abd9a30ab,대전,남부코스,TC06,0.7171371656006361,71.71371656006362,0.8571428571428571,61.46889990862596,10.244816651437658,20.489633302875315,30.73444995431298,0.0,0.0,False
DEMO_BALANCED,SYNTHETIC_DEMONSTRATION,79,79,ct_ba3c89379bf8c1,서천,금빛코스,TC06,0.7171371656006361,71.71371656006362,0.857142857142857,61.46889990862594,30.73444995431297,20.489633302875312,10.244816651437656,0.0,0.0,False
DEMO_BALANCED,SYNTHETIC_DEMONSTRATION,80,80,ct_0ab41b7160d0e2,김해,문화에반해,TC02,0.6135719910778963,61.357199107789626,1.0,61.357199107789626,23.00894966542111,0.0,38.34824944236851,0.0,0.0,False
DEMO_BALANCED,SYNTHETIC_DEMONSTRATION,81,81,ct_49fb403c953735,광양,광양역사코스,TC07,0.7627700713964738,76.27700713964738,0.8,61.02160571171791,30.510802855858955,7.627700713964739,0.0,7.627700713964739,15.255401427929478,False
DEMO_BALANCED,SYNTHETIC_DEMONSTRATION,82,82,ct_0f4dbe3b938a90,여수,2층주간코스,TC06,0.8451542547285167,84.51542547285167,0.7142857142857142,60.3681610520369,12.073632210407379,12.073632210407379,24.147264420814757,0.0,12.073632210407379,False
DEMO_BALANCED,SYNTHETIC_DEMONSTRATION,83,83,ct_2749460936eb31,공주,반일코스,TC07,0.6,60.0,1.0,60.0,40.0,0.0,20.0,0.0,0.0,False
DEMO_BALANCED,SYNTHETIC_DEMONSTRATION,83,84,ct_62dfed5cce4635,파주,2026 파주시티투어 당일코스(목요일),TC05,0.6,60.0,1.0,60.0,20.0,40.0,0.0,0.0,0.0,False
DEMO_BALANCED,SYNTHETIC_DEMONSTRATION,83,85,ct_6b11aef24a24ef,순천,(테마투어)생태투어,TC05,0.6,60.0,1.0,60.0,20.0,40.0,0.0,0.0,0.0,False
DEMO_BALANCED,SYNTHETIC_DEMONSTRATION,83,86,ct_6bfb1cb10f19bb,천안,목요일,TC07,0.6,60.0,1.0,60.0,40.0,20.0,0.0,0.0,0.0,False
DEMO_BALANCED,SYNTHETIC_DEMONSTRATION,83,87,ct_8163a6f43e6f4a,아산,예술맛집 코스,TC02,0.6,60.0,1.0,60.0,0.0,20.0,40.0,0.0,0.0,False
DEMO_BALANCED,SYNTHETIC_DEMONSTRATION,83,88,ct_a33d720535a1e1,순천,(테마투어)산사투어,TC07,0.6,60.0,1.0,60.0,40.0,20.0,0.0,0.0,0.0,False
DEMO_BALANCED,SYNTHETIC_DEMONSTRATION,83,89,ct_d038c55e01951b,대전,대덕특구탐방,TC05,0.6,60.0,1.0,60.0,20.0,40.0,0.0,0.0,0.0,False
DEMO_BALANCED,SYNTHETIC_DEMONSTRATION,83,90,ct_d3c228b00ede2b,파주,2026 파주시티투어 당일코스(화요일),TC02,0.6,60.0,1.0,60.0,0.0,20.0,40.0,0.0,0.0,False
DEMO_BALANCED,SYNTHETIC_DEMONSTRATION,83,91,ct_e4444e050c482f,천안,일요일,TC02,0.6,60.0,1.0,60.0,0.0,0.0,40.0,20.0,0.0,False
DEMO_BALANCED,SYNTHETIC_DEMONSTRATION,83,92,ct_e588b4efe19ef3,평창,북부권 코스,TC07,0.6,60.0,1.0,60.0,40.0,20.0,0.0,0.0,0.0,False
DEMO_BALANCED,SYNTHETIC_DEMONSTRATION,93,93,ct_78497ddd68fd45,사천,우주항공산업투어,TC01,0.7970533969860858,79.70533969860858,0.75,59.77900477395644,9.963167462326073,6.642111641550715,16.605279103876786,0.0,26.56844656620286,False
DEMO_BALANCED,SYNTHETIC_DEMONSTRATION,94,94,ct_98323d74dbd87a,제주,순환형코스,TC06,0.7238998603066159,72.38998603066159,0.8125,58.81686364991254,15.835309444207224,31.67061888841445,0.0,6.786561190374523,4.524374126916349,False
DEMO_BALANCED,SYNTHETIC_DEMONSTRATION,95,95,ct_084dcff739bc51,김해,김해에반해,TC06,0.6404447607135402,64.04447607135401,0.9166666666666667,58.70743639874118,37.359277708289845,5.337039672612835,16.011119017838503,0.0,0.0,False
DEMO_BALANCED,SYNTHETIC_DEMONSTRATION,96,96,ct_3dd54d8970e115,의정부,의정부포레스트:오감이 깨어나는 숲 속 여행,TC03,0.7302967433402214,73.02967433402215,0.8,58.42373946721772,0.0,14.60593486680443,14.60593486680443,29.21186973360886,0.0,False
DEMO_BALANCED,SYNTHETIC_DEMONSTRATION,96,97,ct_4ba7f5cc1ffeda,부산,서부산생태투어,TC07,0.7302967433402214,73.02967433402215,0.8,58.42373946721772,29.21186973360886,14.60593486680443,14.60593486680443,0.0,0.0,False
DEMO_BALANCED,SYNTHETIC_DEMONSTRATION,96,98,ct_53a12bc8caced9,화천,화천시티투어(평화누리호),TC07,0.7302967433402214,73.02967433402215,0.8,58.42373946721772,29.21186973360886,14.60593486680443,0.0,14.60593486680443,0.0,False
DEMO_BALANCED,SYNTHETIC_DEMONSTRATION,96,99,ct_68e342ed3c052f,익산,익산숨은보석찾기코스,TC07,0.7302967433402214,73.02967433402215,0.8,58.42373946721772,29.21186973360886,0.0,14.60593486680443,14.60593486680443,0.0,False
DEMO_BALANCED,SYNTHETIC_DEMONSTRATION,96,100,ct_a11be8ffeee88a,태백,통리장 코스,TC05,0.7302967433402214,73.02967433402215,0.8,58.42373946721772,14.60593486680443,29.21186973360886,14.60593486680443,0.0,0.0,False
DEMO_BALANCED,SYNTHETIC_DEMONSTRATION,96,101,ct_de90b5933f0b40,청도,시티투어,TC03,0.7302967433402214,73.02967433402215,0.8,58.42373946721772,0.0,14.60593486680443,14.60593486680443,29.21186973360886,0.0,False
DEMO_BALANCED,SYNTHETIC_DEMONSTRATION,96,102,ct_ec90f983bc7ed6,안동,하회마을테마,TC07,0.7302967433402214,73.02967433402215,0.8,58.42373946721772,29.21186973360886,14.60593486680443,14.60593486680443,0.0,0.0,False
DEMO_BALANCED,SYNTHETIC_DEMONSTRATION,103,103,ct_166c38f36d6640,춘천,목요일,TC05,0.7745966692414834,77.45966692414834,0.75,58.09475019311125,19.364916731037084,19.364916731037084,19.364916731037084,0.0,0.0,False
DEMO_BALANCED,SYNTHETIC_DEMONSTRATION,103,104,ct_59c60fcaf04aa6,인천,교동도투어,TC03,0.7745966692414834,77.45966692414834,0.75,58.09475019311125,0.0,19.364916731037084,19.364916731037084,19.364916731037084,0.0,False
DEMO_BALANCED,SYNTHETIC_DEMONSTRATION,103,105,ct_618497cad743bc,양구,방산나들이코스,TC01,0.7745966692414834,77.45966692414834,0.75,58.09475019311125,19.364916731037084,19.364916731037084,0.0,0.0,19.364916731037084,False
DEMO_BALANCED,SYNTHETIC_DEMONSTRATION,103,106,ct_8171ca90d9fa99,제주,야간코스(7월말~8월말 운영),TC04,0.7745966692414834,77.45966692414834,0.75,58.09475019311125,19.364916731037084,0.0,0.0,19.364916731037084,19.364916731037084,False
DEMO_BALANCED,SYNTHETIC_DEMONSTRATION,103,107,ct_abd1e371e69550,정선,아리랑열차 연계형 시티투어2,TC03,0.7745966692414834,77.45966692414834,0.75,58.09475019311125,0.0,19.364916731037084,0.0,19.364916731037084,19.364916731037084,False
DEMO_BALANCED,SYNTHETIC_DEMONSTRATION,103,108,ct_bd2de54ec11e6b,양산,양산시 가을 시티투어 (자연관광코스),TC03,0.7745966692414834,77.45966692414834,0.75,58.09475019311125,0.0,19.364916731037084,19.364916731037084,19.364916731037084,0.0,False
DEMO_BALANCED,SYNTHETIC_DEMONSTRATION,103,109,ct_c93b13bf48e761,영주,물돌이 코스,TC03,0.7745966692414834,77.45966692414834,0.75,58.09475019311125,19.364916731037084,19.364916731037084,0.0,19.364916731037084,0.0,False
DEMO_BALANCED,SYNTHETIC_DEMONSTRATION,103,110,ct_f6d09076696e6d,양구,힐링산책코스,TC01,0.7745966692414834,77.45966692414834,0.75,58.09475019311125,0.0,19.364916731037084,19.364916731037084,0.0,19.364916731037084,False
DEMO_BALANCED,SYNTHETIC_DEMONSTRATION,111,111,ct_c0c761a6bb3927,서울,EG투어버스 C코스,TC02,0.5803810000880094,58.03810000880094,1.0,58.03810000880094,7.2547625011001164,0.0,43.528575006600704,7.2547625011001164,0.0,False
DEMO_BALANCED,SYNTHETIC_DEMONSTRATION,112,112,ct_104171b078b959,공주,가을코스,TC07,0.565685424949238,56.568542494923804,1.0,56.568542494923804,42.42640687119285,14.142135623730951,0.0,0.0,0.0,False
DEMO_BALANCED,SYNTHETIC_DEMONSTRATION,112,113,ct_1c691124e74222,대구,도동코스,TC07,0.565685424949238,56.568542494923804,1.0,56.568542494923804,42.42640687119285,0.0,0.0,14.142135623730951,0.0,False
DEMO_BALANCED,SYNTHETIC_DEMONSTRATION,112,114,ct_b2af495e1760b5,안산,대부도 뱃길코스(체험형 1코스),TC01,0.565685424949238,56.568542494923804,1.0,56.568542494923804,0.0,0.0,0.0,14.142135623730951,42.42640687119285,False
DEMO_BALANCED,SYNTHETIC_DEMONSTRATION,115,115,ct_ba6ef7945423e1,공주,가을코스2,TC07,0.5636018619766344,56.360186197663445,1.0,56.360186197663445,43.83570037596046,6.2622429108514925,6.2622429108514925,0.0,0.0,False
DEMO_BALANCED,SYNTHETIC_DEMONSTRATION,116,116,ct_506425657ddce1,완주,완주힐링로드 시티투어(서울권역),TC06,0.8432740427115677,84.32740427115677,0.6666666666666666,56.218269514104506,21.08185106778919,7.027283689263063,14.054567378526126,14.054567378526126,0.0,False
DEMO_BALANCED,SYNTHETIC_DEMONSTRATION,117,117,ct_1dab0b645e521d,완주,완주힐링로드시티투어 2코스,TC07,0.6741998624632419,67.41998624632419,0.8333333333333333,56.18332187193682,33.70999312316209,11.236664374387367,11.236664374387367,0.0,0.0,False
DEMO_BALANCED,SYNTHETIC_DEMONSTRATION,117,118,ct_2d10b95a5e902e,대전,"광역투어(첫주, 일)",TC07,0.6741998624632419,67.41998624632419,0.8333333333333333,56.18332187193682,33.70999312316209,11.236664374387367,0.0,11.236664374387367,0.0,False
DEMO_BALANCED,SYNTHETIC_DEMONSTRATION,119,119,ct_b8b6f8a37ebdf8,사천,별빛투어,TC04,0.7016464154456235,70.16464154456234,0.8,56.131713235649876,7.0164641544562345,4.677642769637489,11.694106924093726,0.0,32.74349938746243,False
DEMO_BALANCED,SYNTHETIC_DEMONSTRATION,120,120,ct_7350d2221bf4e5,대전,"광역투어(다섯째주, 일)",TC07,0.7016464154456233,70.16464154456233,0.8,56.13171323564987,28.065856617824934,7.016464154456234,21.0493924633687,0.0,0.0,False
DEMO_BALANCED,SYNTHETIC_DEMONSTRATION,121,121,ct_18935ddc8bc32f,사천,오감체험투어,TC02,0.8280786712108251,82.80786712108251,0.6666666666666667,55.20524474738835,13.801311186847087,0.0,23.00218531141181,9.200874124564725,9.200874124564725,False
DEMO_BALANCED,SYNTHETIC_DEMONSTRATION,122,122,ct_636360ac200b66,대전,"광역투어(셋째주, 일)",TC07,0.5504818825631803,55.04818825631803,1.0,55.04818825631803,44.038550605054425,5.504818825631803,5.504818825631803,0.0,0.0,False
DEMO_BALANCED,SYNTHETIC_DEMONSTRATION,123,123,ct_b6060e0e38a765,안산,대부도 뱃길코스(일반형 2코스),TC01,0.632455532033676,63.2455532033676,0.8571428571428571,54.21047417431508,0.0,9.035079029052513,0.0,9.035079029052513,36.14031611621005,False
DEMO_BALANCED,SYNTHETIC_DEMONSTRATION,124,124,ct_6be92119035c7f,영광,"영광쉼,투어",TC06,0.6324555320336759,63.245553203367585,0.8571428571428571,54.21047417431507,27.105237087157533,27.105237087157533,0.0,0.0,0.0,False
DEMO_BALANCED,SYNTHETIC_DEMONSTRATION,125,125,ct_5e83dbf18d6227,울산,장생포 대왕암 코스,TC01,0.7171371656006362,71.71371656006362,0.75,53.78528742004771,17.928429140015904,0.0,8.964214570007952,0.0,26.892643710023854,False
DEMO_BALANCED,SYNTHETIC_DEMONSTRATION,125,126,ct_a7f13a177e5633,여수,제2코스,TC06,0.7171371656006362,71.71371656006362,0.75,53.78528742004771,0.0,26.892643710023854,8.964214570007952,0.0,17.928429140015904,False
DEMO_BALANCED,SYNTHETIC_DEMONSTRATION,125,127,ct_b97fea5cc3f414,광양,광양힐링코스,TC07,0.7171371656006362,71.71371656006362,0.75,53.78528742004771,26.892643710023854,8.964214570007952,17.928429140015904,0.0,0.0,False
DEMO_BALANCED,SYNTHETIC_DEMONSTRATION,128,128,ct_0af000fbdb8ad6,동해,관광문화코스,TC03,0.7453559924999298,74.53559924999298,0.7142857142857142,53.23971374999498,0.0,21.29588549999799,10.647942749998995,21.29588549999799,0.0,False
DEMO_BALANCED,SYNTHETIC_DEMONSTRATION,129,129,ct_82029ce72f5013,서울,EG투어버스 D코스,TC02,0.5262348115842175,52.62348115842175,1.0,52.62348115842175,0.0,0.0,43.85290096535146,0.0,8.770580193070291,False
DEMO_BALANCED,SYNTHETIC_DEMONSTRATION,130,130,ct_55438211f07ef0,임실,명소탐방 임실 시티투어,TC01,0.848528137423857,84.8528137423857,0.6000000000000001,50.91168824543143,8.485281374238571,0.0,16.970562748477143,8.485281374238571,16.970562748477143,False
DEMO_BALANCED,SYNTHETIC_DEMONSTRATION,131,131,ct_2390c56fce5420,울산,태화강 국가정원 코스,TC06,0.7589466384404109,75.89466384404109,0.6666666666666667,50.596442562694065,12.649110640673516,25.298221281347033,8.432740427115679,4.216370213557839,0.0,False
DEMO_BALANCED,SYNTHETIC_DEMONSTRATION,131,132,ct_a3932d2baa3d16,안산,안산 시내권코스(목요일),TC05,0.6324555320336758,63.24555320336758,0.8,50.596442562694065,25.298221281347033,25.298221281347033,0.0,0.0,0.0,False
DEMO_BALANCED,SYNTHETIC_DEMONSTRATION,133,133,ct_edd6e5375f387f,부산,그린라인,TC06,0.7181848464596078,71.81848464596078,0.7,50.27293925217254,7.181848464596078,28.72739385838431,7.181848464596078,0.0,7.181848464596078,False
DEMO_BALANCED,SYNTHETIC_DEMONSTRATION,134,134,ct_45e65111200294,대전,"광역투어(셋째주, 토)",TC06,0.7302967433402214,73.02967433402215,0.6666666666666666,48.686449556014765,12.171612389003691,24.343224778007382,0.0,12.171612389003691,0.0,False
DEMO_BALANCED,SYNTHETIC_DEMONSTRATION,134,135,ct_ca13864967c1fb,세종,세종관광명소B투어,TC03,0.7302967433402214,73.02967433402215,0.6666666666666666,48.686449556014765,0.0,12.171612389003691,12.171612389003691,24.343224778007382,0.0,False
DEMO_BALANCED,SYNTHETIC_DEMONSTRATION,134,136,ct_dfc58b1c3324c1,춘천,금요일,TC06,0.7302967433402214,73.02967433402215,0.6666666666666666,48.686449556014765,12.171612389003691,24.343224778007382,12.171612389003691,0.0,0.0,False
DEMO_BALANCED,SYNTHETIC_DEMONSTRATION,134,137,ct_f534f220e539af,파주,2026 파주시티투어 당일코스(일요일),TC07,0.7302967433402214,73.02967433402215,0.6666666666666666,48.686449556014765,24.343224778007382,12.171612389003691,12.171612389003691,0.0,0.0,False
DEMO_BALANCED,SYNTHETIC_DEMONSTRATION,138,138,ct_1845f5c9950df4,목포,별빛물결시티투어,TC04,0.7745966692414833,77.45966692414832,0.6000000000000001,46.475800154489,0.0,15.491933384829668,0.0,15.491933384829668,15.491933384829668,False
DEMO_BALANCED,SYNTHETIC_DEMONSTRATION,138,139,ct_ff41dfabaec78b,여수,야경코스,TC04,0.7745966692414833,77.45966692414832,0.6000000000000001,46.475800154489,15.491933384829668,15.491933384829668,0.0,0.0,15.491933384829668,False
DEMO_BALANCED,SYNTHETIC_DEMONSTRATION,140,140,ct_820bca31911e89,완주,완주힐링로드시티투어 1코스,TC07,0.565685424949238,56.568542494923804,0.8,45.254833995939045,33.941125496954285,0.0,11.313708498984761,0.0,0.0,False
DEMO_BALANCED,SYNTHETIC_DEMONSTRATION,140,141,ct_da6b197f9d64eb,대구,테마-방방곡곡(사시사철),TC05,0.565685424949238,56.568542494923804,0.8,45.254833995939045,11.313708498984761,33.941125496954285,0.0,0.0,0.0,False
DEMO_BALANCED,SYNTHETIC_DEMONSTRATION,140,142,ct_ff41044d0b7080,부산,동부산테마노선,TC01,0.565685424949238,56.568542494923804,0.8,45.254833995939045,11.313708498984761,0.0,0.0,0.0,33.941125496954285,False
DEMO_BALANCED,SYNTHETIC_DEMONSTRATION,143,143,ct_62ce3cfd4b2223,대구,현풍코스,TC07,0.5423261445466404,54.23261445466404,0.8333333333333333,45.19384537888669,36.15507630310936,0.0,0.0,9.03876907577734,0.0,False
DEMO_BALANCED,SYNTHETIC_DEMONSTRATION,143,144,ct_6df930eb64d3ad,세종,세종관광명소A투어,TC05,0.5423261445466404,54.23261445466404,0.8333333333333333,45.19384537888669,0.0,36.15507630310936,9.03876907577734,0.0,0.0,False
DEMO_BALANCED,SYNTHETIC_DEMONSTRATION,145,145,ct_83465bf3a690f2,여수,야간테마코스(시간을달리는버스커),TC04,0.6324555320336758,63.24555320336758,0.7142857142857143,45.175395145262556,0.0,22.587697572631278,0.0,0.0,22.587697572631278,False
DEMO_BALANCED,SYNTHETIC_DEMONSTRATION,146,146,ct_a7d1b6cc26e056,안산,대부도 뱃길코스(일반형 1코스),TC01,0.5262348115842175,52.62348115842175,0.8571428571428572,45.105840992932926,0.0,7.517640165488822,0.0,0.0,37.58820082744411,False
DEMO_BALANCED,SYNTHETIC_DEMONSTRATION,147,147,ct_1fe72a79d47a7f,서울,EG투어버스 E코스,TC07,0.6,60.0,0.75,45.0,30.0,0.0,0.0,15.0,0.0,False
DEMO_BALANCED,SYNTHETIC_DEMONSTRATION,147,148,ct_3764c5ee83c6b9,대전,"광역투어(넷재주, 토)",TC07,0.6,60.0,0.75,45.0,30.0,0.0,15.0,0.0,0.0,False
DEMO_BALANCED,SYNTHETIC_DEMONSTRATION,147,149,ct_572b4d8191127a,영주,선비 코스,TC07,0.6,60.0,0.75,45.0,30.0,0.0,0.0,15.0,0.0,False
DEMO_BALANCED,SYNTHETIC_DEMONSTRATION,147,150,ct_6c466761af057c,대전,"광역투어(둘째주, 일)",TC05,0.6,60.0,0.75,45.0,15.0,30.0,0.0,0.0,0.0,False
DEMO_BALANCED,SYNTHETIC_DEMONSTRATION,147,151,ct_cfd77d72cf4c59,나주,정기코스,TC07,0.6,60.0,0.75,45.0,30.0,15.0,0.0,0.0,0.0,False
DEMO_BALANCED,SYNTHETIC_DEMONSTRATION,147,152,ct_ed3a5516a8c6ca,연천,안보자연코스,TC02,0.6,60.0,0.75,45.0,0.0,15.0,30.0,0.0,0.0,False
DEMO_BALANCED,SYNTHETIC_DEMONSTRATION,147,153,ct_fa87b733ddf357,아산,아산도심핫플코스,TC07,0.6,60.0,0.75,45.0,30.0,15.0,0.0,0.0,0.0,False
DEMO_BALANCED,SYNTHETIC_DEMONSTRATION,154,154,ct_008becedc70ab4,인천,무의도투어,TC01,0.4472135954999579,44.721359549995796,1.0,44.721359549995796,0.0,0.0,0.0,0.0,44.721359549995796,False
DEMO_BALANCED,SYNTHETIC_DEMONSTRATION,154,155,ct_2921659630cea0,서울,EG투어버스 B코스,TC02,0.4472135954999579,44.721359549995796,1.0,44.721359549995796,0.0,0.0,44.721359549995796,0.0,0.0,False
DEMO_BALANCED,SYNTHETIC_DEMONSTRATION,154,156,ct_4212deac479d6b,세종,역사문화투어,TC07,0.4472135954999579,44.721359549995796,1.0,44.721359549995796,44.721359549995796,0.0,0.0,0.0,0.0,False
DEMO_BALANCED,SYNTHETIC_DEMONSTRATION,154,157,ct_52149303f1b0d4,서울,EG투어버스 K 코스,TC02,0.4472135954999579,44.721359549995796,1.0,44.721359549995796,0.0,0.0,44.721359549995796,0.0,0.0,False
DEMO_BALANCED,SYNTHETIC_DEMONSTRATION,154,158,ct_73908901775f5c,익산,세계유산코스,TC07,0.4472135954999579,44.721359549995796,1.0,44.721359549995796,44.721359549995796,0.0,0.0,0.0,0.0,False
DEMO_BALANCED,SYNTHETIC_DEMONSTRATION,154,159,ct_82e2c317c54d7e,양주,역사투어,TC07,0.4472135954999579,44.721359549995796,1.0,44.721359549995796,44.721359549995796,0.0,0.0,0.0,0.0,False
DEMO_BALANCED,SYNTHETIC_DEMONSTRATION,154,160,ct_ba06e511559567,홍성,역사·문화 코스,TC07,0.4472135954999579,44.721359549995796,1.0,44.721359549995796,44.721359549995796,0.0,0.0,0.0,0.0,False
DEMO_BALANCED,SYNTHETIC_DEMONSTRATION,154,161,ct_e4521f5325216f,양주,박물관투어,TC07,0.4472135954999579,44.721359549995796,1.0,44.721359549995796,44.721359549995796,0.0,0.0,0.0,0.0,False
DEMO_BALANCED,SYNTHETIC_DEMONSTRATION,154,162,ct_f0549cce13f623,대전,힐링(만인산),TC05,0.4472135954999579,44.721359549995796,1.0,44.721359549995796,0.0,44.721359549995796,0.0,0.0,0.0,False
DEMO_BALANCED,SYNTHETIC_DEMONSTRATION,154,163,ct_f55bded1011de2,대전,언택트세이프?,TC05,0.4472135954999579,44.721359549995796,1.0,44.721359549995796,0.0,44.721359549995796,0.0,0.0,0.0,False
DEMO_BALANCED,SYNTHETIC_DEMONSTRATION,164,164,ct_03101958100a14,부여,부여테마여행,TC06,0.659380473395787,65.9380473395787,0.6666666666666667,43.958698226385806,26.37521893583148,13.18760946791574,4.39586982263858,0.0,0.0,False
DEMO_BALANCED,SYNTHETIC_DEMONSTRATION,165,165,ct_037c18bb42946f,세종,천안연계투어,TC05,0.6324555320336758,63.24555320336758,0.6666666666666666,42.16370213557838,21.08185106778919,21.08185106778919,0.0,0.0,0.0,False
DEMO_BALANCED,SYNTHETIC_DEMONSTRATION,165,166,ct_07b4b0458851e1,서울,EG투어버스 J코스,TC07,0.6324555320336758,63.24555320336758,0.6666666666666666,42.16370213557838,21.08185106778919,0.0,0.0,21.08185106778919,0.0,False
DEMO_BALANCED,SYNTHETIC_DEMONSTRATION,165,167,ct_0946c67481033f,세종,행복투어B,TC02,0.6324555320336758,63.24555320336758,0.6666666666666666,42.16370213557838,0.0,21.08185106778919,21.08185106778919,0.0,0.0,False
DEMO_BALANCED,SYNTHETIC_DEMONSTRATION,165,168,ct_14b70a907c3324,안산,대부도 해변코스(일반형 1코스),TC01,0.6324555320336758,63.24555320336758,0.6666666666666666,42.16370213557838,0.0,21.08185106778919,0.0,0.0,21.08185106778919,False
DEMO_BALANCED,SYNTHETIC_DEMONSTRATION,165,169,ct_1a59c2f3801f38,대전,역사문화(효월드),TC07,0.6324555320336758,63.24555320336758,0.6666666666666666,42.16370213557838,21.08185106778919,0.0,21.08185106778919,0.0,0.0,False
DEMO_BALANCED,SYNTHETIC_DEMONSTRATION,165,170,ct_1b0e0fd1157aaa,아산,休캉스 코스,TC05,0.6324555320336758,63.24555320336758,0.6666666666666666,42.16370213557838,21.08185106778919,21.08185106778919,0.0,0.0,0.0,False
DEMO_BALANCED,SYNTHETIC_DEMONSTRATION,165,171,ct_1d32ffebd246d5,홍성,"전통시장코스(홍성) 1,6일 운영",TC07,0.6324555320336758,63.24555320336758,0.6666666666666666,42.16370213557838,21.08185106778919,0.0,0.0,21.08185106778919,0.0,False
DEMO_BALANCED,SYNTHETIC_DEMONSTRATION,165,172,ct_3e1bfccd397508,세종,봄꽃파닭A투어,TC03,0.6324555320336758,63.24555320336758,0.6666666666666666,42.16370213557838,0.0,21.08185106778919,0.0,21.08185106778919,0.0,False
DEMO_BALANCED,SYNTHETIC_DEMONSTRATION,165,173,ct_516add9e1cef4a,정선,와와정선 2층 투어버스,TC02,0.6324555320336758,63.24555320336758,0.6666666666666666,42.16370213557838,0.0,0.0,21.08185106778919,21.08185106778919,0.0,False
DEMO_BALANCED,SYNTHETIC_DEMONSTRATION,165,174,ct_566165b1b827e0,천안,토요일,TC05,0.6324555320336758,63.24555320336758,0.6666666666666666,42.16370213557838,21.08185106778919,21.08185106778919,0.0,0.0,0.0,False
DEMO_BALANCED,SYNTHETIC_DEMONSTRATION,165,175,ct_768d8183a336c4,이천,승마체험코스,TC02,0.6324555320336758,63.24555320336758,0.6666666666666666,42.16370213557838,0.0,0.0,21.08185106778919,21.08185106778919,0.0,False
DEMO_BALANCED,SYNTHETIC_DEMONSTRATION,165,176,ct_7d1c2151bda037,순천,(테마투어)세계유산투어,TC07,0.6324555320336758,63.24555320336758,0.6666666666666666,42.16370213557838,21.08185106778919,0.0,21.08185106778919,0.0,0.0,False
DEMO_BALANCED,SYNTHETIC_DEMONSTRATION,165,177,ct_a8b6f564bf7384,세종,봄꽃파닭B투어,TC03,0.6324555320336758,63.24555320336758,0.6666666666666666,42.16370213557838,0.0,21.08185106778919,0.0,21.08185106778919,0.0,False
DEMO_BALANCED,SYNTHETIC_DEMONSTRATION,165,178,ct_a98893fa363590,양산,봄꽃체험코스,TC03,0.6324555320336758,63.24555320336758,0.6666666666666666,42.16370213557838,0.0,21.08185106778919,0.0,21.08185106778919,0.0,False
DEMO_BALANCED,SYNTHETIC_DEMONSTRATION,165,179,ct_b75e8d4cf1e318,대구,테마(야경 11~3월),TC04,0.6324555320336758,63.24555320336758,0.6666666666666666,42.16370213557838,0.0,21.08185106778919,21.08185106778919,0.0,0.0,False
DEMO_BALANCED,SYNTHETIC_DEMONSTRATION,165,180,ct_c825dbc2a63555,파주,2026 파주시티투어 1박2일코스(토요일~일요일),TC07,0.6324555320336758,63.24555320336758,0.6666666666666666,42.16370213557838,21.08185106778919,0.0,21.08185106778919,0.0,0.0,False
DEMO_BALANCED,SYNTHETIC_DEMONSTRATION,165,181,ct_cf9f8ad6cdda8f,대전,야경,TC04,0.6324555320336758,63.24555320336758,0.6666666666666666,42.16370213557838,0.0,21.08185106778919,21.08185106778919,0.0,0.0,False
DEMO_BALANCED,SYNTHETIC_DEMONSTRATION,165,182,ct_ebbc3131233e25,가평,가평순환버스B코스,TC03,0.6324555320336758,63.24555320336758,0.6666666666666666,42.16370213557838,0.0,21.08185106778919,0.0,21.08185106778919,0.0,False
DEMO_BALANCED,SYNTHETIC_DEMONSTRATION,165,183,ct_ec6acb453717fd,안산,대부도 해변코스(일반형 2코스),TC01,0.6324555320336758,63.24555320336758,0.6666666666666666,42.16370213557838,0.0,21.08185106778919,0.0,0.0,21.08185106778919,False
DEMO_BALANCED,SYNTHETIC_DEMONSTRATION,165,184,ct_f558345dd00dbf,아산,역사기행 코스,TC05,0.6324555320336758,63.24555320336758,0.6666666666666666,42.16370213557838,21.08185106778919,21.08185106778919,0.0,0.0,0.0,False
DEMO_BALANCED,SYNTHETIC_DEMONSTRATION,185,185,ct_e353674363d7f4,대전,대청호코스,TC06,0.6741998624632421,67.41998624632421,0.625,42.13749140395264,8.427498280790527,25.282494842371577,8.427498280790527,0.0,0.0,False
DEMO_BALANCED,SYNTHETIC_DEMONSTRATION,186,186,ct_2d7ad6be7d0219,공주,봄코스,TC07,0.5262348115842175,52.62348115842175,0.75,39.46761086881631,32.88967572401359,6.577935144802719,0.0,0.0,0.0,False
DEMO_BALANCED,SYNTHETIC_DEMONSTRATION,187,187,ct_cba721781124d5,원주,원주시티투어(순환형),TC02,0.5423261445466403,54.23261445466403,0.7142857142857142,38.73758175333145,7.74751635066629,0.0,30.99006540266516,0.0,0.0,False
DEMO_BALANCED,SYNTHETIC_DEMONSTRATION,188,188,ct_a70933018dfe45,여수,이순신문화유적코스,TC07,0.4472135954999579,44.721359549995796,0.8571428571428571,38.3325938999964,38.3325938999964,0.0,0.0,0.0,0.0,False
DEMO_BALANCED,SYNTHETIC_DEMONSTRATION,189,189,ct_658464b2619d71,양주,천일홍축제,TC07,0.565685424949238,56.568542494923804,0.6666666666666666,37.712361663282536,28.284271247461902,9.42809041582063,0.0,0.0,0.0,False
DEMO_BALANCED,SYNTHETIC_DEMONSTRATION,189,190,ct_c3ec7bb154c2c1,대전,언택트세이프(B),TC05,0.565685424949238,56.568542494923804,0.6666666666666666,37.712361663282536,0.0,28.284271247461902,9.42809041582063,0.0,0.0,False
DEMO_BALANCED,SYNTHETIC_DEMONSTRATION,189,191,ct_c4d1ab4265b00c,양주,왕실축제,TC07,0.565685424949238,56.568542494923804,0.6666666666666666,37.712361663282536,28.284271247461902,9.42809041582063,0.0,0.0,0.0,False
DEMO_BALANCED,SYNTHETIC_DEMONSTRATION,189,192,ct_c543fc703f1159,익산,순환형1,TC07,0.565685424949238,56.568542494923804,0.6666666666666666,37.712361663282536,28.284271247461902,0.0,9.42809041582063,0.0,0.0,False
DEMO_BALANCED,SYNTHETIC_DEMONSTRATION,193,193,ct_caab077d4954a7,김해,역사에반해,TC07,0.4472135954999579,44.721359549995796,0.8333333333333334,37.2677996249965,37.2677996249965,0.0,0.0,0.0,0.0,False
DEMO_BALANCED,SYNTHETIC_DEMONSTRATION,194,194,ct_3ed5105d35b251,서산,A코스,TC07,0.6,60.0,0.6000000000000001,36.00000000000001,24.000000000000004,0.0,12.000000000000002,0.0,0.0,False
DEMO_BALANCED,SYNTHETIC_DEMONSTRATION,194,195,ct_40252d247000a5,안동,야간도심테마,TC04,0.6,60.0,0.6000000000000001,36.00000000000001,12.000000000000002,24.000000000000004,0.0,0.0,0.0,False
DEMO_BALANCED,SYNTHETIC_DEMONSTRATION,194,196,ct_bd00bd65a80b11,연천,역사자연코스,TC05,0.6,60.0,0.6000000000000001,36.00000000000001,12.000000000000002,24.000000000000004,0.0,0.0,0.0,False
DEMO_BALANCED,SYNTHETIC_DEMONSTRATION,197,197,ct_88364cbd4a5650,곡성,압록권역 순환버스,TC02,0.4472135954999579,44.721359549995796,0.8,35.77708763999664,0.0,0.0,35.77708763999664,0.0,0.0,False
DEMO_BALANCED,SYNTHETIC_DEMONSTRATION,198,198,ct_38e990a88a3094,춘천,수요일,TC07,0.4472135954999579,44.721359549995796,0.75,33.54101966249685,33.54101966249685,0.0,0.0,0.0,0.0,False
DEMO_BALANCED,SYNTHETIC_DEMONSTRATION,199,199,ct_23c35eeaf17398,곡성,읍권 순환버스,TC06,0.6605782590758165,66.05782590758164,0.49999999999999994,33.028912953790815,11.009637651263604,0.0,19.26686588971131,2.752409412815901,0.0,False
DEMO_BALANCED,SYNTHETIC_DEMONSTRATION,200,200,ct_e613bd3839189c,익산,순환형2,TC07,0.565685424949238,56.568542494923804,0.5714285714285714,32.324881425670746,24.243661069253058,0.0,8.081220356417687,0.0,0.0,False
DEMO_BALANCED,SYNTHETIC_DEMONSTRATION,201,201,ct_0ed3eb88438a1d,인천,청라투어,TC02,0.6324555320336758,63.24555320336758,0.5,31.62277660168379,0.0,15.811388300841895,15.811388300841895,0.0,0.0,False
DEMO_BALANCED,SYNTHETIC_DEMONSTRATION,201,202,ct_1d6ad4598dff93,대구,테마-방방곡곡(군위군 돋보기),TC05,0.6324555320336758,63.24555320336758,0.5,31.62277660168379,15.811388300841895,15.811388300841895,0.0,0.0,0.0,False
DEMO_BALANCED,SYNTHETIC_DEMONSTRATION,201,203,ct_452018aaa6c847,춘천,화요일,TC05,0.6324555320336758,63.24555320336758,0.5,31.62277660168379,15.811388300841895,15.811388300841895,0.0,0.0,0.0,False
DEMO_BALANCED,SYNTHETIC_DEMONSTRATION,201,204,ct_68d8eff6357673,양구,해안DMZ트래킹 코스,TC02,0.6324555320336758,63.24555320336758,0.5,31.62277660168379,0.0,15.811388300841895,15.811388300841895,0.0,0.0,False
DEMO_BALANCED,SYNTHETIC_DEMONSTRATION,201,205,ct_7799bf62ca5138,대전,"광역투어(둘째주, 토)",TC05,0.6324555320336758,63.24555320336758,0.5,31.62277660168379,15.811388300841895,15.811388300841895,0.0,0.0,0.0,False
DEMO_BALANCED,SYNTHETIC_DEMONSTRATION,201,206,ct_c722d90ff66eb2,홍성,"전통시장코스(광천) 4,9일 운영",TC03,0.6324555320336758,63.24555320336758,0.5,31.62277660168379,0.0,15.811388300841895,0.0,15.811388300841895,0.0,False
DEMO_BALANCED,SYNTHETIC_DEMONSTRATION,201,207,ct_ff36074cae8347,양주,자연친화코스1,TC05,0.6324555320336758,63.24555320336758,0.5,31.62277660168379,15.811388300841895,15.811388300841895,0.0,0.0,0.0,False
DEMO_BALANCED,SYNTHETIC_DEMONSTRATION,208,208,ct_2be78db2f756ab,인천,바다노선,TC01,0.6,60.0,0.5,30.0,10.0,0.0,0.0,0.0,20.0,False
DEMO_BALANCED,SYNTHETIC_DEMONSTRATION,208,209,ct_c68da356b898d6,여주,꽃섬투어,TC01,0.6,60.0,0.5,30.0,0.0,0.0,10.0,0.0,20.0,False
DEMO_BALANCED,SYNTHETIC_DEMONSTRATION,210,210,ct_30fd00f9cfda89,인천,선재영흥투어,TC01,0.4472135954999579,44.721359549995796,0.6666666666666666,29.814239699997195,0.0,0.0,0.0,0.0,29.814239699997195,False
DEMO_BALANCED,SYNTHETIC_DEMONSTRATION,210,211,ct_5997fa12423936,대전,언택트세이프(A),TC05,0.4472135954999579,44.721359549995796,0.6666666666666666,29.814239699997195,0.0,29.814239699997195,0.0,0.0,0.0,False
DEMO_BALANCED,SYNTHETIC_DEMONSTRATION,210,212,ct_59f67b28d9aad1,서울,EG투어버스 G코스,TC05,0.4472135954999579,44.721359549995796,0.6666666666666666,29.814239699997195,0.0,29.814239699997195,0.0,0.0,0.0,False
DEMO_BALANCED,SYNTHETIC_DEMONSTRATION,210,213,ct_64b3f2e630ba51,여수,다크투어리즘코스,TC07,0.4472135954999579,44.721359549995796,0.6666666666666666,29.814239699997195,29.814239699997195,0.0,0.0,0.0,0.0,False
DEMO_BALANCED,SYNTHETIC_DEMONSTRATION,210,214,ct_95906ed6ab2982,이천,농촌체험코스(남부),TC02,0.4472135954999579,44.721359549995796,0.6666666666666666,29.814239699997195,0.0,0.0,29.814239699997195,0.0,0.0,False
DEMO_BALANCED,SYNTHETIC_DEMONSTRATION,210,215,ct_9f8a8ca65b1ebb,파주,2026 파주시티투어 당일코스(토요일),TC07,0.4472135954999579,44.721359549995796,0.6666666666666666,29.814239699997195,29.814239699997195,0.0,0.0,0.0,0.0,False
DEMO_BALANCED,SYNTHETIC_DEMONSTRATION,210,216,ct_b3b0773f44a533,안산,대부도 해변코스(체험형 1코스),TC02,0.4472135954999579,44.721359549995796,0.6666666666666666,29.814239699997195,0.0,0.0,29.814239699997195,0.0,0.0,False
DEMO_BALANCED,SYNTHETIC_DEMONSTRATION,210,217,ct_cec518ee1213c1,양주,서울우유견학코스,TC07,0.4472135954999579,44.721359549995796,0.6666666666666666,29.814239699997195,29.814239699997195,0.0,0.0,0.0,0.0,False
DEMO_BALANCED,SYNTHETIC_DEMONSTRATION,210,218,ct_d916d0f4237246,파주,2026 파주시티투어 당일코스(금요일),TC02,0.4472135954999579,44.721359549995796,0.6666666666666666,29.814239699997195,0.0,0.0,29.814239699997195,0.0,0.0,False
DEMO_BALANCED,SYNTHETIC_DEMONSTRATION,210,219,ct_f48a1e387a5d08,이천,농촌체험코스(중부),TC02,0.4472135954999579,44.721359549995796,0.6666666666666666,29.814239699997195,0.0,0.0,29.814239699997195,0.0,0.0,False
DEMO_BALANCED,SYNTHETIC_DEMONSTRATION,220,220,ct_36cdd5661df6fd,봉화,송이축제 문화유적탐방버스,TC05,0.565685424949238,56.568542494923804,0.5,28.284271247461902,0.0,21.213203435596427,7.0710678118654755,0.0,0.0,False
DEMO_BALANCED,SYNTHETIC_DEMONSTRATION,220,221,ct_69c07f148cbc8b,봉화,은어축제 문화유적탐방버스,TC05,0.565685424949238,56.568542494923804,0.5,28.284271247461902,0.0,21.213203435596427,7.0710678118654755,0.0,0.0,False
DEMO_BALANCED,SYNTHETIC_DEMONSTRATION,220,222,ct_fe508b5dbba88f,세종,역사산책투어,TC05,0.565685424949238,56.568542494923804,0.5,28.284271247461902,7.0710678118654755,21.213203435596427,0.0,0.0,0.0,False
DEMO_BALANCED,SYNTHETIC_DEMONSTRATION,223,223,ct_82edd01ea220e6,화순,화순적벽 버스투어(적벽 셔틀버스),TC05,0.4472135954999579,44.721359549995796,0.6,26.832815729997478,0.0,26.832815729997478,0.0,0.0,0.0,False
DEMO_BALANCED,SYNTHETIC_DEMONSTRATION,224,224,ct_5082aae98cb9d3,부산,야경투어,TC04,0.4472135954999579,44.721359549995796,0.5,22.360679774997898,0.0,0.0,0.0,0.0,22.360679774997898,False
DEMO_BALANCED,SYNTHETIC_DEMONSTRATION,224,225,ct_661e12e8488117,대전,힐링(장태산),TC05,0.4472135954999579,44.721359549995796,0.5,22.360679774997898,0.0,22.360679774997898,0.0,0.0,0.0,False
DEMO_BALANCED,SYNTHETIC_DEMONSTRATION,224,226,ct_c343406b7388f2,군산,고군산시간여행코스,TC01,0.4472135954999579,44.721359549995796,0.5,22.360679774997898,0.0,0.0,0.0,0.0,22.360679774997898,False
DEMO_BALANCED,SYNTHETIC_DEMONSTRATION,224,227,ct_c59f7d050e72e0,대전,생태교육,TC07,0.4472135954999579,44.721359549995796,0.5,22.360679774997898,22.360679774997898,0.0,0.0,0.0,0.0,False
DEMO_BALANCED,SYNTHETIC_DEMONSTRATION,224,228,ct_d3a976675ffc53,대구,테마-방방곡곡(낙동강),TC05,0.4472135954999579,44.721359549995796,0.5,22.360679774997898,0.0,22.360679774997898,0.0,0.0,0.0,False
DEMO_BALANCED,SYNTHETIC_DEMONSTRATION,224,229,ct_f8bd00d4bc40b3,순천,(기획투어)나이트가든투어,TC04,0.4472135954999579,44.721359549995796,0.5,22.360679774997898,0.0,22.360679774997898,0.0,0.0,0.0,False
