admin_name,area_visitors,heatmap_class,visitor_value_missing,visitor_value_status,heatmap_source_present,province,municipality,township,current_visitors,previous_visitors,source_ratio_pct,standard_yoy_pct,source_rank,top5_class,marine_class,class_conflict,evidence_kind
강원특별자치도 강릉시 강남동,1372620.0,비연안,False,OBSERVED,True,강원특별자치도,강릉시,강남동,,,,,,,비연안,False,heatmap
강원특별자치도 강릉시 강동면,3125192.0,연안 어촌,False,OBSERVED,True,강원특별자치도,강릉시,강동면,,,,,,,연안 어촌,False,heatmap
강원특별자치도 강릉시 경포동,7987830.0,연안 도시,False,OBSERVED,True,강원특별자치도,강릉시,경포동,,,,,,,연안 도시,False,heatmap
강원특별자치도 강릉시 교1동,3979206.0,비연안,False,OBSERVED,True,강원특별자치도,강릉시,교1동,,,,,,,비연안,False,heatmap
강원특별자치도 강릉시 교2동,3035980.0,비연안,False,OBSERVED,True,강원특별자치도,강릉시,교2동,,,,,,,비연안,False,heatmap
강원특별자치도 강릉시 구정면,1036816.0,비연안,False,OBSERVED,True,강원특별자치도,강릉시,구정면,,,,,,,비연안,False,heatmap
강원특별자치도 강릉시 내곡동,1307884.0,비연안,False,OBSERVED,True,강원특별자치도,강릉시,내곡동,,,,,,,비연안,False,heatmap
강원특별자치도 강릉시 사천면,3959120.0,연안 어촌,False,OBSERVED,True,강원특별자치도,강릉시,사천면,,,,,,,연안 어촌,False,heatmap
강원특별자치도 강릉시 성덕동,2295528.0,연안 도시,False,OBSERVED,True,강원특별자치도,강릉시,성덕동,,,,,,,연안 도시,False,heatmap
강원특별자치도 강릉시 성산면,1740529.0,비연안,False,OBSERVED,True,강원특별자치도,강릉시,성산면,,,,,,,비연안,False,heatmap
강원특별자치도 강릉시 송정동,4917952.0,연안 도시,False,OBSERVED,True,강원특별자치도,강릉시,송정동,,,,,,,연안 도시,False,heatmap
강원특별자치도 강릉시 연곡면,1656284.0,연안 어촌,False,OBSERVED,True,강원특별자치도,강릉시,연곡면,,,,,,,연안 어촌,False,heatmap
강원특별자치도 강릉시 옥계면,1658212.0,연안 어촌,False,OBSERVED,True,강원특별자치도,강릉시,옥계면,,,,,,,연안 어촌,False,heatmap
강원특별자치도 강릉시 옥천동,4119941.0,비연안,False,OBSERVED,True,강원특별자치도,강릉시,옥천동,,,,,,,비연안,False,heatmap
강원특별자치도 강릉시 왕산면,446730.0,비연안,False,OBSERVED,True,강원특별자치도,강릉시,왕산면,,,,,,,비연안,False,heatmap
강원특별자치도 강릉시 주문진읍,5728796.0,연안 어촌,False,OBSERVED,True,강원특별자치도,강릉시,주문진읍,,,,,,,연안 어촌,False,heatmap
강원특별자치도 강릉시 중앙동,5547122.0,비연안,False,OBSERVED,True,강원특별자치도,강릉시,중앙동,,,,,,,비연안,False,heatmap
강원특별자치도 강릉시 초당동,6841583.0,연안 도시,False,OBSERVED,True,강원특별자치도,강릉시,초당동,,,,,,,연안 도시,False,heatmap
강원특별자치도 강릉시 포남1동,2230473.0,비연안,False,OBSERVED,True,강원특별자치도,강릉시,포남1동,,,,,,,비연안,False,heatmap
강원특별자치도 강릉시 포남2동,6515036.0,비연안,False,OBSERVED,True,강원특별자치도,강릉시,포남2동,,,,,,,비연안,False,heatmap
강원특별자치도 강릉시 홍제동,2247900.0,비연안,False,OBSERVED,True,강원특별자치도,강릉시,홍제동,,,,,,,비연안,False,heatmap
강원특별자치도 고성군 간성읍,1301906.0,연안 어촌,False,OBSERVED,True,강원특별자치도,고성군,간성읍,,,,,,,연안 어촌,False,heatmap
강원특별자치도 고성군 거진읍,1586736.0,연안 어촌,False,OBSERVED,True,강원특별자치도,고성군,거진읍,,,,,,,연안 어촌,False,heatmap
강원특별자치도 고성군 수동면,187464.0,비연안,False,OBSERVED,True,강원특별자치도,고성군,수동면,,,,,,,비연안,False,heatmap
강원특별자치도 고성군 죽왕면,3236807.0,연안 어촌,False,OBSERVED,True,강원특별자치도,고성군,죽왕면,,,,,,,연안 어촌,False,heatmap
강원특별자치도 고성군 토성면,8755348.0,연안 어촌,False,OBSERVED,True,강원특별자치도,고성군,토성면,,,,,,,연안 어촌,False,heatmap
강원특별자치도 고성군 현내면,1635176.0,연안 어촌,False,OBSERVED,True,강원특별자치도,고성군,현내면,,,,,,,연안 어촌,False,heatmap
강원특별자치도 동해시 동호동,390803.0,비연안,False,OBSERVED,True,강원특별자치도,동해시,동호동,,,,,,,비연안,False,heatmap
강원특별자치도 동해시 망상동,2335067.0,연안 도시,False,OBSERVED,True,강원특별자치도,동해시,망상동,,,,,,,연안 도시,False,heatmap
강원특별자치도 동해시 묵호동,2694416.0,연안 도시,False,OBSERVED,True,강원특별자치도,동해시,묵호동,,,,,,,연안 도시,False,heatmap
강원특별자치도 동해시 발한동,1777898.0,연안 도시,False,OBSERVED,True,강원특별자치도,동해시,발한동,,,,,,,연안 도시,False,heatmap
강원특별자치도 동해시 부곡동,1524355.0,연안 도시,False,OBSERVED,True,강원특별자치도,동해시,부곡동,,,,,,,연안 도시,False,heatmap
강원특별자치도 동해시 북삼동,2180948.0,비연안,False,OBSERVED,True,강원특별자치도,동해시,북삼동,,,,,,,비연안,False,heatmap
강원특별자치도 동해시 북평동,2234844.0,연안 도시,False,OBSERVED,True,강원특별자치도,동해시,북평동,,,,,,,연안 도시,False,heatmap
강원특별자치도 동해시 삼화동,800362.0,비연안,False,OBSERVED,True,강원특별자치도,동해시,삼화동,,,,,,,비연안,False,heatmap
강원특별자치도 동해시 송정동,1276576.0,연안 도시,False,OBSERVED,True,강원특별자치도,동해시,송정동,,,,,,,연안 도시,False,heatmap
강원특별자치도 동해시 천곡동,4450236.0,연안 도시,False,OBSERVED,True,강원특별자치도,동해시,천곡동,,,,,,,연안 도시,False,heatmap
강원특별자치도 삼척시 가곡면,215568.0,비연안,False,OBSERVED,True,강원특별자치도,삼척시,가곡면,,,,,,,비연안,False,heatmap
강원특별자치도 삼척시 교동,4208148.0,연안 도시,False,OBSERVED,True,강원특별자치도,삼척시,교동,,,,,,,연안 도시,False,heatmap
강원특별자치도 삼척시 근덕면,2853333.0,연안 어촌,False,OBSERVED,True,강원특별자치도,삼척시,근덕면,,,,,,,연안 어촌,False,heatmap
강원특별자치도 삼척시 남양동,3077904.0,연안 도시,False,OBSERVED,True,강원특별자치도,삼척시,남양동,,,,,,,연안 도시,False,heatmap
강원특별자치도 삼척시 노곡면,86902.0,비연안,False,OBSERVED,True,강원특별자치도,삼척시,노곡면,,,,,,,비연안,False,heatmap
강원특별자치도 삼척시 도계읍,1032560.0,비연안,False,OBSERVED,True,강원특별자치도,삼척시,도계읍,,,,,,,비연안,False,heatmap
강원특별자치도 삼척시 미로면,297297.0,비연안,False,OBSERVED,True,강원특별자치도,삼척시,미로면,,,,,,,비연안,False,heatmap
강원특별자치도 삼척시 성내동,726565.0,비연안,False,OBSERVED,True,강원특별자치도,삼척시,성내동,,,,,,,비연안,False,heatmap
강원특별자치도 삼척시 신기면,564994.0,비연안,False,OBSERVED,True,강원특별자치도,삼척시,신기면,,,,,,,비연안,False,heatmap
강원특별자치도 삼척시 원덕읍,1597890.0,연안 어촌,False,OBSERVED,True,강원특별자치도,삼척시,원덕읍,,,,,,,연안 어촌,False,heatmap
강원특별자치도 삼척시 정라동,1773118.0,연안 도시,False,OBSERVED,True,강원특별자치도,삼척시,정라동,,,,,,,연안 도시,False,heatmap
강원특별자치도 삼척시 하장면,234927.0,비연안,False,OBSERVED,True,강원특별자치도,삼척시,하장면,,,,,,,비연안,False,heatmap
강원특별자치도 속초시 교동,3259025.0,연안 도시,False,OBSERVED,True,강원특별자치도,속초시,교동,,,,,,,연안 도시,False,heatmap
강원특별자치도 속초시 금호동,11276216.0,연안 도시,False,OBSERVED,True,강원특별자치도,속초시,금호동,,,,,,,연안 도시,False,heatmap
강원특별자치도 속초시 노학동,8449032.0,연안 도시,False,OBSERVED,True,강원특별자치도,속초시,노학동,,,,,,,연안 도시,False,heatmap
강원특별자치도 속초시 대포동,7061831.0,연안 도시,False,OBSERVED,True,강원특별자치도,속초시,대포동,,,,,,,연안 도시,False,heatmap
강원특별자치도 속초시 동명동,3625202.0,연안 도시,False,OBSERVED,True,강원특별자치도,속초시,동명동,3625202.0,2446311.0,32.52,48.19056121646022,4.0,연안 도시,연안 도시,False,heatmap_and_selected_top5
강원특별자치도 속초시 영랑동,4821103.0,연안 도시,False,OBSERVED,True,강원특별자치도,속초시,영랑동,,,,,,,연안 도시,False,heatmap
강원특별자치도 속초시 조양동,7847840.0,연안 도시,False,OBSERVED,True,강원특별자치도,속초시,조양동,,,,,,,연안 도시,False,heatmap
강원특별자치도 속초시 청호동,6382166.0,연안 도시,False,OBSERVED,True,강원특별자치도,속초시,청호동,,,,,,,연안 도시,False,heatmap
강원특별자치도 양구군 국토정중앙면,739445.0,비연안,False,OBSERVED,True,강원특별자치도,양구군,국토정중앙면,,,,,,,비연안,False,heatmap
강원특별자치도 양구군 동면,407558.0,비연안,False,OBSERVED,True,강원특별자치도,양구군,동면,,,,,,,비연안,False,heatmap
강원특별자치도 양구군 방산면,314552.0,비연안,False,OBSERVED,True,강원특별자치도,양구군,방산면,,,,,,,비연안,False,heatmap
강원특별자치도 양구군 양구읍,1874110.0,비연안,False,OBSERVED,True,강원특별자치도,양구군,양구읍,,,,,,,비연안,False,heatmap
강원특별자치도 양구군 해안면,266864.0,비연안,False,OBSERVED,True,강원특별자치도,양구군,해안면,,,,,,,비연안,False,heatmap
강원특별자치도 양양군 강현면,6097304.0,연안 어촌,False,OBSERVED,True,강원특별자치도,양양군,강현면,,,,,,,연안 어촌,False,heatmap
강원특별자치도 양양군 서면,1799830.0,비연안,False,OBSERVED,True,강원특별자치도,양양군,서면,,,,,,,비연안,False,heatmap
강원특별자치도 양양군 손양면,2961966.0,연안 어촌,False,OBSERVED,True,강원특별자치도,양양군,손양면,,,,,,,연안 어촌,False,heatmap
강원특별자치도 양양군 양양읍,4989372.0,연안 어촌,False,OBSERVED,True,강원특별자치도,양양군,양양읍,,,,,,,연안 어촌,False,heatmap
강원특별자치도 양양군 현남면,3186040.0,연안 어촌,False,OBSERVED,True,강원특별자치도,양양군,현남면,,,,,,,연안 어촌,False,heatmap
강원특별자치도 양양군 현북면,2147730.0,연안 어촌,False,OBSERVED,True,강원특별자치도,양양군,현북면,,,,,,,연안 어촌,False,heatmap
강원특별자치도 영월군 김삿갓면,860671.0,비연안,False,OBSERVED,True,강원특별자치도,영월군,김삿갓면,,,,,,,비연안,False,heatmap
강원특별자치도 영월군 남면,493857.0,비연안,False,OBSERVED,True,강원특별자치도,영월군,남면,,,,,,,비연안,False,heatmap
강원특별자치도 영월군 무릉도원면,766398.0,비연안,False,OBSERVED,True,강원특별자치도,영월군,무릉도원면,,,,,,,비연안,False,heatmap
강원특별자치도 영월군 북면,325654.0,비연안,False,OBSERVED,True,강원특별자치도,영월군,북면,,,,,,,비연안,False,heatmap
강원특별자치도 영월군 산솔면,397054.0,비연안,False,OBSERVED,True,강원특별자치도,영월군,산솔면,,,,,,,비연안,False,heatmap
강원특별자치도 영월군 상동읍,475902.0,비연안,False,OBSERVED,True,강원특별자치도,영월군,상동읍,,,,,,,비연안,False,heatmap
강원특별자치도 영월군 영월읍,4487371.0,비연안,False,OBSERVED,True,강원특별자치도,영월군,영월읍,,,,,,,비연안,False,heatmap
강원특별자치도 영월군 주천면,916587.0,비연안,False,OBSERVED,True,강원특별자치도,영월군,주천면,,,,,,,비연안,False,heatmap
강원특별자치도 영월군 한반도면,748198.0,비연안,False,OBSERVED,True,강원특별자치도,영월군,한반도면,,,,,,,비연안,False,heatmap
강원특별자치도 원주시 개운동,1486202.0,비연안,False,OBSERVED,True,강원특별자치도,원주시,개운동,,,,,,,비연안,False,heatmap
강원특별자치도 원주시 귀래면,300520.0,비연안,False,OBSERVED,True,강원특별자치도,원주시,귀래면,,,,,,,비연안,False,heatmap
강원특별자치도 원주시 단계동,3961314.0,비연안,False,OBSERVED,True,강원특별자치도,원주시,단계동,,,,,,,비연안,False,heatmap
강원특별자치도 원주시 단구동,3852012.0,비연안,False,OBSERVED,True,강원특별자치도,원주시,단구동,,,,,,,비연안,False,heatmap
강원특별자치도 원주시 명륜1동,823526.0,비연안,False,OBSERVED,True,강원특별자치도,원주시,명륜1동,,,,,,,비연안,False,heatmap
강원특별자치도 원주시 명륜2동,829136.0,비연안,False,OBSERVED,True,강원특별자치도,원주시,명륜2동,,,,,,,비연안,False,heatmap
강원특별자치도 원주시 무실동,7539864.0,비연안,False,OBSERVED,True,강원특별자치도,원주시,무실동,,,,,,,비연안,False,heatmap
강원특별자치도 원주시 문막읍,3134548.0,비연안,False,OBSERVED,True,강원특별자치도,원주시,문막읍,,,,,,,비연안,False,heatmap
강원특별자치도 원주시 반곡관설동,3981932.0,비연안,False,OBSERVED,True,강원특별자치도,원주시,반곡관설동,,,,,,,비연안,False,heatmap
강원특별자치도 원주시 봉산동,443734.0,비연안,False,OBSERVED,True,강원특별자치도,원주시,봉산동,,,,,,,비연안,False,heatmap
강원특별자치도 원주시 부론면,540726.0,비연안,False,OBSERVED,True,강원특별자치도,원주시,부론면,,,,,,,비연안,False,heatmap
강원특별자치도 원주시 소초면,2119856.0,비연안,False,OBSERVED,True,강원특별자치도,원주시,소초면,,,,,,,비연안,False,heatmap
강원특별자치도 원주시 신림면,3628100.0,비연안,False,OBSERVED,True,강원특별자치도,원주시,신림면,,,,,,,비연안,False,heatmap
강원특별자치도 원주시 우산동,1780516.0,비연안,False,OBSERVED,True,강원특별자치도,원주시,우산동,,,,,,,비연안,False,heatmap
강원특별자치도 원주시 원인동,660170.0,비연안,False,OBSERVED,True,강원특별자치도,원주시,원인동,,,,,,,비연안,False,heatmap
강원특별자치도 원주시 일산동,1885660.0,비연안,False,OBSERVED,True,강원특별자치도,원주시,일산동,,,,,,,비연안,False,heatmap
강원특별자치도 원주시 중앙동,2083319.0,비연안,False,OBSERVED,True,강원특별자치도,원주시,중앙동,,,,,,,비연안,False,heatmap
강원특별자치도 원주시 지정면,5159882.0,비연안,False,OBSERVED,True,강원특별자치도,원주시,지정면,,,,,,,비연안,False,heatmap
강원특별자치도 원주시 태장1동,710266.0,비연안,False,OBSERVED,True,강원특별자치도,원주시,태장1동,,,,,,,비연안,False,heatmap
강원특별자치도 원주시 태장2동,1387116.0,비연안,False,OBSERVED,True,강원특별자치도,원주시,태장2동,,,,,,,비연안,False,heatmap
강원특별자치도 원주시 판부면,1178807.0,비연안,False,OBSERVED,True,강원특별자치도,원주시,판부면,,,,,,,비연안,False,heatmap
강원특별자치도 원주시 학성동,723135.0,비연안,False,OBSERVED,True,강원특별자치도,원주시,학성동,,,,,,,비연안,False,heatmap
강원특별자치도 원주시 행구동,2217554.0,비연안,False,OBSERVED,True,강원특별자치도,원주시,행구동,,,,,,,비연안,False,heatmap
강원특별자치도 원주시 호저면,1276208.0,비연안,False,OBSERVED,True,강원특별자치도,원주시,호저면,,,,,,,비연안,False,heatmap
강원특별자치도 원주시 흥업면,1672405.0,비연안,False,OBSERVED,True,강원특별자치도,원주시,흥업면,,,,,,,비연안,False,heatmap
강원특별자치도 인제군 기린면,1334616.0,비연안,False,OBSERVED,True,강원특별자치도,인제군,기린면,,,,,,,비연안,False,heatmap
강원특별자치도 인제군 남면,1152298.0,비연안,False,OBSERVED,True,강원특별자치도,인제군,남면,,,,,,,비연안,False,heatmap
강원특별자치도 인제군 북면,3167756.0,비연안,False,OBSERVED,True,강원특별자치도,인제군,북면,,,,,,,비연안,False,heatmap
강원특별자치도 인제군 상남면,5238016.0,비연안,False,OBSERVED,True,강원특별자치도,인제군,상남면,,,,,,,비연안,False,heatmap
강원특별자치도 인제군 서화면,477956.0,비연안,False,OBSERVED,True,강원특별자치도,인제군,서화면,,,,,,,비연안,False,heatmap
강원특별자치도 인제군 인제읍,1963444.0,비연안,False,OBSERVED,True,강원특별자치도,인제군,인제읍,,,,,,,비연안,False,heatmap
강원특별자치도 정선군 고한읍,2838955.0,비연안,False,OBSERVED,True,강원특별자치도,정선군,고한읍,,,,,,,비연안,False,heatmap
강원특별자치도 정선군 남면,945273.0,비연안,False,OBSERVED,True,강원특별자치도,정선군,남면,,,,,,,비연안,False,heatmap
강원특별자치도 정선군 북평면,843664.0,비연안,False,OBSERVED,True,강원특별자치도,정선군,북평면,,,,,,,비연안,False,heatmap
강원특별자치도 정선군 사북읍,4664586.0,비연안,False,OBSERVED,True,강원특별자치도,정선군,사북읍,,,,,,,비연안,False,heatmap
강원특별자치도 정선군 신동읍,563944.0,비연안,False,OBSERVED,True,강원특별자치도,정선군,신동읍,,,,,,,비연안,False,heatmap
강원특별자치도 정선군 여량면,422810.0,비연안,False,OBSERVED,True,강원특별자치도,정선군,여량면,,,,,,,비연안,False,heatmap
강원특별자치도 정선군 임계면,611170.0,비연안,False,OBSERVED,True,강원특별자치도,정선군,임계면,,,,,,,비연안,False,heatmap
강원특별자치도 정선군 정선읍,1967427.0,비연안,False,OBSERVED,True,강원특별자치도,정선군,정선읍,,,,,,,비연안,False,heatmap
강원특별자치도 정선군 화암면,366684.0,비연안,False,OBSERVED,True,강원특별자치도,정선군,화암면,,,,,,,비연안,False,heatmap
강원특별자치도 철원군 갈말읍,2713053.0,비연안,False,OBSERVED,True,강원특별자치도,철원군,갈말읍,,,,,,,비연안,False,heatmap
강원특별자치도 철원군 근남면,484936.0,비연안,False,OBSERVED,True,강원특별자치도,철원군,근남면,,,,,,,비연안,False,heatmap
강원특별자치도 철원군 근동면,13534.0,비연안,False,OBSERVED,True,강원특별자치도,철원군,근동면,,,,,,,비연안,False,heatmap
강원특별자치도 철원군 근북면,28280.0,비연안,False,OBSERVED,True,강원특별자치도,철원군,근북면,,,,,,,비연안,False,heatmap
강원특별자치도 철원군 김화읍,456029.0,비연안,False,OBSERVED,True,강원특별자치도,철원군,김화읍,,,,,,,비연안,False,heatmap
강원특별자치도 철원군 동송읍,2978664.0,비연안,False,OBSERVED,True,강원특별자치도,철원군,동송읍,,,,,,,비연안,False,heatmap
강원특별자치도 철원군 서면,849454.0,비연안,False,OBSERVED,True,강원특별자치도,철원군,서면,,,,,,,비연안,False,heatmap
강원특별자치도 철원군 원남면,115038.0,비연안,False,OBSERVED,True,강원특별자치도,철원군,원남면,,,,,,,비연안,False,heatmap
강원특별자치도 철원군 원동면,62363.0,비연안,False,OBSERVED,True,강원특별자치도,철원군,원동면,,,,,,,비연안,False,heatmap
강원특별자치도 철원군 임남면,14102.0,비연안,False,OBSERVED,True,강원특별자치도,철원군,임남면,,,,,,,비연안,False,heatmap
강원특별자치도 철원군 철원읍,952777.0,비연안,False,OBSERVED,True,강원특별자치도,철원군,철원읍,,,,,,,비연안,False,heatmap
강원특별자치도 춘천시 강남동,5784068.0,비연안,False,OBSERVED,True,강원특별자치도,춘천시,강남동,,,,,,,비연안,False,heatmap
강원특별자치도 춘천시 교동,988218.0,비연안,False,OBSERVED,True,강원특별자치도,춘천시,교동,,,,,,,비연안,False,heatmap
강원특별자치도 춘천시 근화동,3040614.0,비연안,False,OBSERVED,True,강원특별자치도,춘천시,근화동,,,,,,,비연안,False,heatmap
강원특별자치도 춘천시 남면,894106.0,비연안,False,OBSERVED,True,강원특별자치도,춘천시,남면,,,,,,,비연안,False,heatmap
강원특별자치도 춘천시 남산면,4721154.0,비연안,False,OBSERVED,True,강원특별자치도,춘천시,남산면,,,,,,,비연안,False,heatmap
강원특별자치도 춘천시 동내면,2008398.0,비연안,False,OBSERVED,True,강원특별자치도,춘천시,동내면,,,,,,,비연안,False,heatmap
강원특별자치도 춘천시 동면,3209048.0,비연안,False,OBSERVED,True,강원특별자치도,춘천시,동면,,,,,,,비연안,False,heatmap
강원특별자치도 춘천시 동산면,913448.0,비연안,False,OBSERVED,True,강원특별자치도,춘천시,동산면,,,,,,,비연안,False,heatmap
강원특별자치도 춘천시 북산면,273116.0,비연안,False,OBSERVED,True,강원특별자치도,춘천시,북산면,,,,,,,비연안,False,heatmap
강원특별자치도 춘천시 사북면,556941.0,비연안,False,OBSERVED,True,강원특별자치도,춘천시,사북면,,,,,,,비연안,False,heatmap
강원특별자치도 춘천시 서면,1686636.0,비연안,False,OBSERVED,True,강원특별자치도,춘천시,서면,,,,,,,비연안,False,heatmap
강원특별자치도 춘천시 석사동,4090688.0,비연안,False,OBSERVED,True,강원특별자치도,춘천시,석사동,,,,,,,비연안,False,heatmap
강원특별자치도 춘천시 소양동,3515855.0,비연안,False,OBSERVED,True,강원특별자치도,춘천시,소양동,,,,,,,비연안,False,heatmap
강원특별자치도 춘천시 신동면,1171296.0,비연안,False,OBSERVED,True,강원특별자치도,춘천시,신동면,,,,,,,비연안,False,heatmap
강원특별자치도 춘천시 신북읍,2631458.0,비연안,False,OBSERVED,True,강원특별자치도,춘천시,신북읍,,,,,,,비연안,False,heatmap
강원특별자치도 춘천시 신사우동,2052152.0,비연안,False,OBSERVED,True,강원특별자치도,춘천시,신사우동,,,,,,,비연안,False,heatmap
강원특별자치도 춘천시 약사명동,1797064.0,비연안,False,OBSERVED,True,강원특별자치도,춘천시,약사명동,,,,,,,비연안,False,heatmap
강원특별자치도 춘천시 조운동,1605776.0,비연안,False,OBSERVED,True,강원특별자치도,춘천시,조운동,,,,,,,비연안,False,heatmap
강원특별자치도 춘천시 퇴계동,5039514.0,비연안,False,OBSERVED,True,강원특별자치도,춘천시,퇴계동,,,,,,,비연안,False,heatmap
강원특별자치도 춘천시 효자1동,129927.0,비연안,False,OBSERVED,True,강원특별자치도,춘천시,효자1동,,,,,,,비연안,False,heatmap
강원특별자치도 춘천시 효자2동,2637380.0,비연안,False,OBSERVED,True,강원특별자치도,춘천시,효자2동,,,,,,,비연안,False,heatmap
강원특별자치도 춘천시 효자3동,1872188.0,비연안,False,OBSERVED,True,강원특별자치도,춘천시,효자3동,,,,,,,비연안,False,heatmap
강원특별자치도 춘천시 후평1동,1709102.0,비연안,False,OBSERVED,True,강원특별자치도,춘천시,후평1동,,,,,,,비연안,False,heatmap
강원특별자치도 춘천시 후평2동,1007220.0,비연안,False,OBSERVED,True,강원특별자치도,춘천시,후평2동,,,,,,,비연안,False,heatmap
강원특별자치도 춘천시 후평3동,1610038.0,비연안,False,OBSERVED,True,강원특별자치도,춘천시,후평3동,,,,,,,비연안,False,heatmap
강원특별자치도 태백시 구문소동,485482.0,비연안,False,OBSERVED,True,강원특별자치도,태백시,구문소동,,,,,,,비연안,False,heatmap
강원특별자치도 태백시 문곡소도동,1390984.0,비연안,False,OBSERVED,True,강원특별자치도,태백시,문곡소도동,,,,,,,비연안,False,heatmap
강원특별자치도 태백시 삼수동,1646670.0,비연안,False,OBSERVED,True,강원특별자치도,태백시,삼수동,,,,,,,비연안,False,heatmap
강원특별자치도 태백시 상장동,1456872.0,비연안,False,OBSERVED,True,강원특별자치도,태백시,상장동,,,,,,,비연안,False,heatmap
강원특별자치도 태백시 장성동,401440.0,비연안,False,OBSERVED,True,강원특별자치도,태백시,장성동,,,,,,,비연안,False,heatmap
강원특별자치도 태백시 철암동,365176.0,비연안,False,OBSERVED,True,강원특별자치도,태백시,철암동,,,,,,,비연안,False,heatmap
강원특별자치도 태백시 황연동,1077328.0,비연안,False,OBSERVED,True,강원특별자치도,태백시,황연동,,,,,,,비연안,False,heatmap
강원특별자치도 태백시 황지동,1561836.0,비연안,False,OBSERVED,True,강원특별자치도,태백시,황지동,,,,,,,비연안,False,heatmap
강원특별자치도 평창군 대관령면,6794655.0,비연안,False,OBSERVED,True,강원특별자치도,평창군,대관령면,,,,,,,비연안,False,heatmap
강원특별자치도 평창군 대화면,711396.0,비연안,False,OBSERVED,True,강원특별자치도,평창군,대화면,,,,,,,비연안,False,heatmap
강원특별자치도 평창군 미탄면,496170.0,비연안,False,OBSERVED,True,강원특별자치도,평창군,미탄면,,,,,,,비연안,False,heatmap
강원특별자치도 평창군 방림면,604180.0,비연안,False,OBSERVED,True,강원특별자치도,평창군,방림면,,,,,,,비연안,False,heatmap
강원특별자치도 평창군 봉평면,3663034.0,비연안,False,OBSERVED,True,강원특별자치도,평창군,봉평면,,,,,,,비연안,False,heatmap
강원특별자치도 평창군 용평면,3836182.0,비연안,False,OBSERVED,True,강원특별자치도,평창군,용평면,,,,,,,비연안,False,heatmap
강원특별자치도 평창군 진부면,3052486.0,비연안,False,OBSERVED,True,강원특별자치도,평창군,진부면,,,,,,,비연안,False,heatmap
강원특별자치도 평창군 평창읍,1381090.0,비연안,False,OBSERVED,True,강원특별자치도,평창군,평창읍,,,,,,,비연안,False,heatmap
강원특별자치도 홍천군 남면,966458.0,비연안,False,OBSERVED,True,강원특별자치도,홍천군,남면,,,,,,,비연안,False,heatmap
강원특별자치도 홍천군 내면,542003.0,비연안,False,OBSERVED,True,강원특별자치도,홍천군,내면,,,,,,,비연안,False,heatmap
강원특별자치도 홍천군 내촌면,576625.0,비연안,False,OBSERVED,True,강원특별자치도,홍천군,내촌면,,,,,,,비연안,False,heatmap
강원특별자치도 홍천군 두촌면,914816.0,비연안,False,OBSERVED,True,강원특별자치도,홍천군,두촌면,,,,,,,비연안,False,heatmap
강원특별자치도 홍천군 북방면,1512928.0,비연안,False,OBSERVED,True,강원특별자치도,홍천군,북방면,,,,,,,비연안,False,heatmap
강원특별자치도 홍천군 서면,5755088.0,비연안,False,OBSERVED,True,강원특별자치도,홍천군,서면,,,,,,,비연안,False,heatmap
강원특별자치도 홍천군 서석면,578252.0,비연안,False,OBSERVED,True,강원특별자치도,홍천군,서석면,,,,,,,비연안,False,heatmap
강원특별자치도 홍천군 영귀미면,909542.0,비연안,False,OBSERVED,True,강원특별자치도,홍천군,영귀미면,,,,,,,비연안,False,heatmap
강원특별자치도 홍천군 홍천읍,4914550.0,비연안,False,OBSERVED,True,강원특별자치도,홍천군,홍천읍,,,,,,,비연안,False,heatmap
강원특별자치도 홍천군 화촌면,7743978.0,비연안,False,OBSERVED,True,강원특별자치도,홍천군,화촌면,,,,,,,비연안,False,heatmap
강원특별자치도 화천군 간동면,588536.0,비연안,False,OBSERVED,True,강원특별자치도,화천군,간동면,,,,,,,비연안,False,heatmap
강원특별자치도 화천군 사내면,1104072.0,비연안,False,OBSERVED,True,강원특별자치도,화천군,사내면,,,,,,,비연안,False,heatmap
강원특별자치도 화천군 상서면,850164.0,비연안,False,OBSERVED,True,강원특별자치도,화천군,상서면,,,,,,,비연안,False,heatmap
강원특별자치도 화천군 하남면,709891.0,비연안,False,OBSERVED,True,강원특별자치도,화천군,하남면,,,,,,,비연안,False,heatmap
강원특별자치도 화천군 화천읍,1727254.0,비연안,False,OBSERVED,True,강원특별자치도,화천군,화천읍,,,,,,,비연안,False,heatmap
강원특별자치도 횡성군 갑천면,695632.0,비연안,False,OBSERVED,True,강원특별자치도,횡성군,갑천면,,,,,,,비연안,False,heatmap
강원특별자치도 횡성군 강림면,311434.0,비연안,False,OBSERVED,True,강원특별자치도,횡성군,강림면,,,,,,,비연안,False,heatmap
강원특별자치도 횡성군 공근면,624088.0,비연안,False,OBSERVED,True,강원특별자치도,횡성군,공근면,,,,,,,비연안,False,heatmap
강원특별자치도 횡성군 둔내면,2821091.0,비연안,False,OBSERVED,True,강원특별자치도,횡성군,둔내면,,,,,,,비연안,False,heatmap
강원특별자치도 횡성군 서원면,958052.0,비연안,False,OBSERVED,True,강원특별자치도,횡성군,서원면,,,,,,,비연안,False,heatmap
강원특별자치도 횡성군 안흥면,2061090.0,비연안,False,OBSERVED,True,강원특별자치도,횡성군,안흥면,,,,,,,비연안,False,heatmap
강원특별자치도 횡성군 우천면,1707720.0,비연안,False,OBSERVED,True,강원특별자치도,횡성군,우천면,,,,,,,비연안,False,heatmap
강원특별자치도 횡성군 청일면,363996.0,비연안,False,OBSERVED,True,강원특별자치도,횡성군,청일면,,,,,,,비연안,False,heatmap
강원특별자치도 횡성군 횡성읍,3209871.0,비연안,False,OBSERVED,True,강원특별자치도,횡성군,횡성읍,,,,,,,비연안,False,heatmap
경기도 가평군 가평읍,7004148.0,비연안,False,OBSERVED,True,경기도,가평군,가평읍,,,,,,,비연안,False,heatmap
경기도 가평군 북면,2273400.0,비연안,False,OBSERVED,True,경기도,가평군,북면,,,,,,,비연안,False,heatmap
경기도 가평군 상면,3951490.0,비연안,False,OBSERVED,True,경기도,가평군,상면,,,,,,,비연안,False,heatmap
경기도 가평군 설악면,7417354.0,비연안,False,OBSERVED,True,경기도,가평군,설악면,,,,,,,비연안,False,heatmap
경기도 가평군 조종면,2526734.0,비연안,False,OBSERVED,True,경기도,가평군,조종면,,,,,,,비연안,False,heatmap
경기도 가평군 청평면,7785348.0,비연안,False,OBSERVED,True,경기도,가평군,청평면,,,,,,,비연안,False,heatmap
경기도 고양시 덕양구 고양동,3728333.0,비연안,False,OBSERVED,True,경기도,고양시 덕양구,고양동,,,,,,,비연안,False,heatmap
경기도 고양시 덕양구 관산동,2995412.0,비연안,False,OBSERVED,True,경기도,고양시 덕양구,관산동,,,,,,,비연안,False,heatmap
경기도 고양시 덕양구 능곡동,2254266.0,비연안,False,OBSERVED,True,경기도,고양시 덕양구,능곡동,,,,,,,비연안,False,heatmap
경기도 고양시 덕양구 대덕동,4181002.0,비연안,False,OBSERVED,True,경기도,고양시 덕양구,대덕동,,,,,,,비연안,False,heatmap
경기도 고양시 덕양구 삼송1동,4168829.0,비연안,False,OBSERVED,True,경기도,고양시 덕양구,삼송1동,,,,,,,비연안,False,heatmap
경기도 고양시 덕양구 삼송2동,1478060.0,비연안,False,OBSERVED,True,경기도,고양시 덕양구,삼송2동,,,,,,,비연안,False,heatmap
경기도 고양시 덕양구 성사1동,3467978.0,비연안,False,OBSERVED,True,경기도,고양시 덕양구,성사1동,,,,,,,비연안,False,heatmap
경기도 고양시 덕양구 성사2동,2365104.0,비연안,False,OBSERVED,True,경기도,고양시 덕양구,성사2동,,,,,,,비연안,False,heatmap
경기도 고양시 덕양구 원신동,2915661.0,비연안,False,OBSERVED,True,경기도,고양시 덕양구,원신동,,,,,,,비연안,False,heatmap
경기도 고양시 덕양구 주교동,1963328.0,비연안,False,OBSERVED,True,경기도,고양시 덕양구,주교동,,,,,,,비연안,False,heatmap
경기도 고양시 덕양구 창릉동,11813378.0,비연안,False,OBSERVED,True,경기도,고양시 덕양구,창릉동,,,,,,,비연안,False,heatmap
경기도 고양시 덕양구 행신1동,1638214.0,비연안,False,OBSERVED,True,경기도,고양시 덕양구,행신1동,,,,,,,비연안,False,heatmap
경기도 고양시 덕양구 행신2동,2235121.0,비연안,False,OBSERVED,True,경기도,고양시 덕양구,행신2동,,,,,,,비연안,False,heatmap
경기도 고양시 덕양구 행신3동,603351.0,비연안,False,OBSERVED,True,경기도,고양시 덕양구,행신3동,,,,,,,비연안,False,heatmap
경기도 고양시 덕양구 행신4동,1011983.0,비연안,False,OBSERVED,True,경기도,고양시 덕양구,행신4동,,,,,,,비연안,False,heatmap
경기도 고양시 덕양구 행주동,6802026.0,비연안,False,OBSERVED,True,경기도,고양시 덕양구,행주동,,,,,,,비연안,False,heatmap
경기도 고양시 덕양구 화전동,3989230.0,비연안,False,OBSERVED,True,경기도,고양시 덕양구,화전동,,,,,,,비연안,False,heatmap
경기도 고양시 덕양구 화정1동,3920304.0,비연안,False,OBSERVED,True,경기도,고양시 덕양구,화정1동,,,,,,,비연안,False,heatmap
경기도 고양시 덕양구 화정2동,4489250.0,비연안,False,OBSERVED,True,경기도,고양시 덕양구,화정2동,,,,,,,비연안,False,heatmap
경기도 고양시 덕양구 효자동,3324713.0,비연안,False,OBSERVED,True,경기도,고양시 덕양구,효자동,,,,,,,비연안,False,heatmap
경기도 고양시 덕양구 흥도동,4987227.0,비연안,False,OBSERVED,True,경기도,고양시 덕양구,흥도동,,,,,,,비연안,False,heatmap
경기도 고양시 일산동구 고봉동,5580960.0,비연안,False,OBSERVED,True,경기도,고양시 일산동구,고봉동,,,,,,,비연안,False,heatmap
경기도 고양시 일산동구 마두1동,4336650.0,비연안,False,OBSERVED,True,경기도,고양시 일산동구,마두1동,,,,,,,비연안,False,heatmap
경기도 고양시 일산동구 마두2동,1888782.0,비연안,False,OBSERVED,True,경기도,고양시 일산동구,마두2동,,,,,,,비연안,False,heatmap
경기도 고양시 일산동구 백석1동,6489490.0,비연안,False,OBSERVED,True,경기도,고양시 일산동구,백석1동,,,,,,,비연안,False,heatmap
경기도 고양시 일산동구 백석2동,3200624.0,비연안,False,OBSERVED,True,경기도,고양시 일산동구,백석2동,,,,,,,비연안,False,heatmap
경기도 고양시 일산동구 식사동,4286734.0,비연안,False,OBSERVED,True,경기도,고양시 일산동구,식사동,,,,,,,비연안,False,heatmap
경기도 고양시 일산동구 장항1동,4700476.0,비연안,False,OBSERVED,True,경기도,고양시 일산동구,장항1동,,,,,,,비연안,False,heatmap
경기도 고양시 일산동구 장항2동,17662701.0,비연안,False,OBSERVED,True,경기도,고양시 일산동구,장항2동,,,,,,,비연안,False,heatmap
경기도 고양시 일산동구 정발산동,7233888.0,비연안,False,OBSERVED,True,경기도,고양시 일산동구,정발산동,,,,,,,비연안,False,heatmap
경기도 고양시 일산동구 중산1동,2241351.0,비연안,False,OBSERVED,True,경기도,고양시 일산동구,중산1동,,,,,,,비연안,False,heatmap
경기도 고양시 일산동구 중산2동,2390213.0,비연안,False,OBSERVED,True,경기도,고양시 일산동구,중산2동,,,,,,,비연안,False,heatmap
경기도 고양시 일산동구 풍산동,5877420.0,비연안,False,OBSERVED,True,경기도,고양시 일산동구,풍산동,,,,,,,비연안,False,heatmap
경기도 고양시 일산서구 가좌동,1818904.0,비연안,False,OBSERVED,True,경기도,고양시 일산서구,가좌동,,,,,,,비연안,False,heatmap
경기도 고양시 일산서구 대화동,21446166.0,비연안,False,OBSERVED,True,경기도,고양시 일산서구,대화동,,,,,,,비연안,False,heatmap
경기도 고양시 일산서구 덕이동,4138071.0,비연안,False,OBSERVED,True,경기도,고양시 일산서구,덕이동,,,,,,,비연안,False,heatmap
경기도 고양시 일산서구 송포동,6650088.0,비연안,False,OBSERVED,True,경기도,고양시 일산서구,송포동,,,,,,,비연안,False,heatmap
경기도 고양시 일산서구 일산1동,1577110.0,비연안,False,OBSERVED,True,경기도,고양시 일산서구,일산1동,,,,,,,비연안,False,heatmap
경기도 고양시 일산서구 일산2동,3026594.0,비연안,False,OBSERVED,True,경기도,고양시 일산서구,일산2동,,,,,,,비연안,False,heatmap
경기도 고양시 일산서구 일산3동,1863390.0,비연안,False,OBSERVED,True,경기도,고양시 일산서구,일산3동,,,,,,,비연안,False,heatmap
경기도 고양시 일산서구 주엽1동,4033634.0,비연안,False,OBSERVED,True,경기도,고양시 일산서구,주엽1동,,,,,,,비연안,False,heatmap
경기도 고양시 일산서구 주엽2동,3350876.0,비연안,False,OBSERVED,True,경기도,고양시 일산서구,주엽2동,,,,,,,비연안,False,heatmap
경기도 고양시 일산서구 탄현1동,2657753.0,비연안,False,OBSERVED,True,경기도,고양시 일산서구,탄현1동,,,,,,,비연안,False,heatmap
경기도 고양시 일산서구 탄현2동,730737.0,비연안,False,OBSERVED,True,경기도,고양시 일산서구,탄현2동,,,,,,,비연안,False,heatmap
경기도 과천시 갈현동,1275652.0,비연안,False,OBSERVED,True,경기도,과천시,갈현동,,,,,,,비연안,False,heatmap
경기도 과천시 과천동,7639730.0,비연안,False,OBSERVED,True,경기도,과천시,과천동,,,,,,,비연안,False,heatmap
경기도 과천시 문원동,6737230.0,비연안,False,OBSERVED,True,경기도,과천시,문원동,,,,,,,비연안,False,heatmap
경기도 과천시 별양동,2323912.0,비연안,False,OBSERVED,True,경기도,과천시,별양동,,,,,,,비연안,False,heatmap
경기도 과천시 부림동,820620.0,비연안,False,OBSERVED,True,경기도,과천시,부림동,,,,,,,비연안,False,heatmap
경기도 과천시 원문동,1474658.0,비연안,False,OBSERVED,True,경기도,과천시,원문동,,,,,,,비연안,False,heatmap
경기도 과천시 중앙동,6895861.0,비연안,False,OBSERVED,True,경기도,과천시,중앙동,,,,,,,비연안,False,heatmap
경기도 광명시 광명1동,983188.0,비연안,False,OBSERVED,True,경기도,광명시,광명1동,,,,,,,비연안,False,heatmap
경기도 광명시 광명2동,1785889.0,비연안,False,OBSERVED,True,경기도,광명시,광명2동,,,,,,,비연안,False,heatmap
경기도 광명시 광명3동,2531546.0,비연안,False,OBSERVED,True,경기도,광명시,광명3동,,,,,,,비연안,False,heatmap
경기도 광명시 광명4동,1313344.0,비연안,False,OBSERVED,True,경기도,광명시,광명4동,,,,,,,비연안,False,heatmap
경기도 광명시 광명5동,199080.0,비연안,False,OBSERVED,True,경기도,광명시,광명5동,,,,,,,비연안,False,heatmap
경기도 광명시 광명6동,1188334.0,비연안,False,OBSERVED,True,경기도,광명시,광명6동,,,,,,,비연안,False,heatmap
경기도 광명시 광명7동,1516140.0,비연안,False,OBSERVED,True,경기도,광명시,광명7동,,,,,,,비연안,False,heatmap
경기도 광명시 소하1동,3635485.0,비연안,False,OBSERVED,True,경기도,광명시,소하1동,,,,,,,비연안,False,heatmap
경기도 광명시 소하2동,7533810.0,비연안,False,OBSERVED,True,경기도,광명시,소하2동,,,,,,,비연안,False,heatmap
경기도 광명시 일직동,14883306.0,비연안,False,OBSERVED,True,경기도,광명시,일직동,,,,,,,비연안,False,heatmap
경기도 광명시 철산1동,1530144.0,비연안,False,OBSERVED,True,경기도,광명시,철산1동,,,,,,,비연안,False,heatmap
경기도 광명시 철산2동,1763752.0,비연안,False,OBSERVED,True,경기도,광명시,철산2동,,,,,,,비연안,False,heatmap
경기도 광명시 철산3동,6035018.0,비연안,False,OBSERVED,True,경기도,광명시,철산3동,,,,,,,비연안,False,heatmap
경기도 광명시 철산4동,310303.0,비연안,False,OBSERVED,True,경기도,광명시,철산4동,,,,,,,비연안,False,heatmap
경기도 광명시 하안1동,4445998.0,비연안,False,OBSERVED,True,경기도,광명시,하안1동,,,,,,,비연안,False,heatmap
경기도 광명시 하안2동,974820.0,비연안,False,OBSERVED,True,경기도,광명시,하안2동,,,,,,,비연안,False,heatmap
경기도 광명시 하안3동,1367793.0,비연안,False,OBSERVED,True,경기도,광명시,하안3동,,,,,,,비연안,False,heatmap
경기도 광명시 하안4동,485380.0,비연안,False,OBSERVED,True,경기도,광명시,하안4동,,,,,,,비연안,False,heatmap
경기도 광명시 학온동,2790697.0,비연안,False,OBSERVED,True,경기도,광명시,학온동,,,,,,,비연안,False,heatmap
경기도 광주시 경안동,5056040.0,비연안,False,OBSERVED,True,경기도,광주시,경안동,,,,,,,비연안,False,heatmap
경기도 광주시 곤지암읍,8728206.0,비연안,False,OBSERVED,True,경기도,광주시,곤지암읍,,,,,,,비연안,False,heatmap
경기도 광주시 광남1동,5686016.0,비연안,False,OBSERVED,True,경기도,광주시,광남1동,,,,,,,비연안,False,heatmap
경기도 광주시 광남2동,714354.0,비연안,False,OBSERVED,True,경기도,광주시,광남2동,,,,,,,비연안,False,heatmap
경기도 광주시 남종면,1804288.0,비연안,False,OBSERVED,True,경기도,광주시,남종면,,,,,,,비연안,False,heatmap
경기도 광주시 남한산성면,3707592.0,비연안,False,OBSERVED,True,경기도,광주시,남한산성면,,,,,,,비연안,False,heatmap
경기도 광주시 능평동,3601910.0,비연안,False,OBSERVED,True,경기도,광주시,능평동,,,,,,,비연안,False,heatmap
경기도 광주시 도척면,3311973.0,비연안,False,OBSERVED,True,경기도,광주시,도척면,,,,,,,비연안,False,heatmap
경기도 광주시 송정동,2494622.0,비연안,False,OBSERVED,True,경기도,광주시,송정동,,,,,,,비연안,False,heatmap
경기도 광주시 신현동,3095082.0,비연안,False,OBSERVED,True,경기도,광주시,신현동,,,,,,,비연안,False,heatmap
경기도 광주시 쌍령동,1111652.0,비연안,False,OBSERVED,True,경기도,광주시,쌍령동,,,,,,,비연안,False,heatmap
경기도 광주시 오포1동,3052084.0,비연안,False,OBSERVED,True,경기도,광주시,오포1동,,,,,,,비연안,False,heatmap
경기도 광주시 오포2동,2207230.0,비연안,False,OBSERVED,True,경기도,광주시,오포2동,,,,,,,비연안,False,heatmap
경기도 광주시 초월읍,4757442.0,비연안,False,OBSERVED,True,경기도,광주시,초월읍,,,,,,,비연안,False,heatmap
경기도 광주시 탄벌동,3189378.0,비연안,False,OBSERVED,True,경기도,광주시,탄벌동,,,,,,,비연안,False,heatmap
경기도 광주시 퇴촌면,2830800.0,비연안,False,OBSERVED,True,경기도,광주시,퇴촌면,,,,,,,비연안,False,heatmap
경기도 구리시 갈매동,2886065.0,비연안,False,OBSERVED,True,경기도,구리시,갈매동,,,,,,,비연안,False,heatmap
경기도 구리시 교문1동,6210561.0,비연안,False,OBSERVED,True,경기도,구리시,교문1동,,,,,,,비연안,False,heatmap
경기도 구리시 교문2동,2388687.0,비연안,False,OBSERVED,True,경기도,구리시,교문2동,,,,,,,비연안,False,heatmap
경기도 구리시 동구동,9555878.0,비연안,False,OBSERVED,True,경기도,구리시,동구동,,,,,,,비연안,False,heatmap
경기도 구리시 수택1동,22547021.0,비연안,False,OBSERVED,True,경기도,구리시,수택1동,,,,,,,비연안,False,heatmap
경기도 구리시 수택2동,1901042.0,비연안,False,OBSERVED,True,경기도,구리시,수택2동,,,,,,,비연안,False,heatmap
경기도 구리시 수택3동,6840463.0,비연안,False,OBSERVED,True,경기도,구리시,수택3동,,,,,,,비연안,False,heatmap
경기도 구리시 인창동,5757902.0,비연안,False,OBSERVED,True,경기도,구리시,인창동,,,,,,,비연안,False,heatmap
경기도 군포시 광정동,5746702.0,비연안,False,OBSERVED,True,경기도,군포시,광정동,,,,,,,비연안,False,heatmap
경기도 군포시 군포1동,5168992.0,비연안,False,OBSERVED,True,경기도,군포시,군포1동,,,,,,,비연안,False,heatmap
경기도 군포시 군포2동,2410135.0,비연안,False,OBSERVED,True,경기도,군포시,군포2동,,,,,,,비연안,False,heatmap
경기도 군포시 궁내동,1083876.0,비연안,False,OBSERVED,True,경기도,군포시,궁내동,,,,,,,비연안,False,heatmap
경기도 군포시 금정동,2550464.0,비연안,False,OBSERVED,True,경기도,군포시,금정동,,,,,,,비연안,False,heatmap
경기도 군포시 대야동,3314759.0,비연안,False,OBSERVED,True,경기도,군포시,대야동,,,,,,,비연안,False,heatmap
경기도 군포시 산본1동,2459440.0,비연안,False,OBSERVED,True,경기도,군포시,산본1동,,,,,,,비연안,False,heatmap
경기도 군포시 산본2동,2624996.0,비연안,False,OBSERVED,True,경기도,군포시,산본2동,,,,,,,비연안,False,heatmap
경기도 군포시 송부동,2655082.0,비연안,False,OBSERVED,True,경기도,군포시,송부동,,,,,,,비연안,False,heatmap
경기도 군포시 수리동,1298958.0,비연안,False,OBSERVED,True,경기도,군포시,수리동,,,,,,,비연안,False,heatmap
경기도 군포시 오금동,1042048.0,비연안,False,OBSERVED,True,경기도,군포시,오금동,,,,,,,비연안,False,heatmap
경기도 군포시 재궁동,2149462.0,비연안,False,OBSERVED,True,경기도,군포시,재궁동,,,,,,,비연안,False,heatmap
경기도 김포시 고촌읍,11255881.0,비연안,False,OBSERVED,True,경기도,김포시,고촌읍,,,,,,,비연안,False,heatmap
경기도 김포시 구래동,2481402.0,비연안,False,OBSERVED,True,경기도,김포시,구래동,,,,,,,비연안,False,heatmap
경기도 김포시 김포본동,5213506.0,비연안,False,OBSERVED,True,경기도,김포시,김포본동,,,,,,,비연안,False,heatmap
경기도 김포시 대곶면,4997482.0,연안 어촌,False,OBSERVED,True,경기도,김포시,대곶면,,,,,,,연안 어촌,False,heatmap
경기도 김포시 마산동,927668.0,비연안,False,OBSERVED,True,경기도,김포시,마산동,,,,,,,비연안,False,heatmap
경기도 김포시 사우동,8501171.0,비연안,False,OBSERVED,True,경기도,김포시,사우동,,,,,,,비연안,False,heatmap
경기도 김포시 양촌읍,9871771.0,연안 어촌,False,OBSERVED,True,경기도,김포시,양촌읍,,,,,,,연안 어촌,False,heatmap
경기도 김포시 운양동,2829382.0,비연안,False,OBSERVED,True,경기도,김포시,운양동,,,,,,,비연안,False,heatmap
경기도 김포시 월곶면,2704790.0,연안 어촌,False,OBSERVED,True,경기도,김포시,월곶면,,,,,,,연안 어촌,False,heatmap
경기도 김포시 장기동,2975046.0,비연안,False,OBSERVED,True,경기도,김포시,장기동,,,,,,,비연안,False,heatmap
경기도 김포시 장기본동,4813137.0,비연안,False,OBSERVED,True,경기도,김포시,장기본동,,,,,,,비연안,False,heatmap
경기도 김포시 통진읍,4841165.0,비연안,False,OBSERVED,True,경기도,김포시,통진읍,,,,,,,비연안,False,heatmap
경기도 김포시 풍무동,2711096.0,비연안,False,OBSERVED,True,경기도,김포시,풍무동,,,,,,,비연안,False,heatmap
경기도 김포시 하성면,2202140.0,비연안,False,OBSERVED,True,경기도,김포시,하성면,,,,,,,비연안,False,heatmap
경기도 남양주시 금곡동,1651209.0,비연안,False,OBSERVED,True,경기도,남양주시,금곡동,,,,,,,비연안,False,heatmap
경기도 남양주시 다산1동,11141018.0,비연안,False,OBSERVED,True,경기도,남양주시,다산1동,,,,,,,비연안,False,heatmap
경기도 남양주시 다산2동,6706662.0,비연안,False,OBSERVED,True,경기도,남양주시,다산2동,,,,,,,비연안,False,heatmap
경기도 남양주시 별내동,8446543.0,비연안,False,OBSERVED,True,경기도,남양주시,별내동,,,,,,,비연안,False,heatmap
경기도 남양주시 별내면,2385320.0,비연안,False,OBSERVED,True,경기도,남양주시,별내면,,,,,,,비연안,False,heatmap
경기도 남양주시 수동면,2151597.0,비연안,False,OBSERVED,True,경기도,남양주시,수동면,,,,,,,비연안,False,heatmap
경기도 남양주시 양정동,4272208.0,비연안,False,OBSERVED,True,경기도,남양주시,양정동,,,,,,,비연안,False,heatmap
경기도 남양주시 오남읍,3147872.0,비연안,False,OBSERVED,True,경기도,남양주시,오남읍,,,,,,,비연안,False,heatmap
경기도 남양주시 와부읍,8149614.0,비연안,False,OBSERVED,True,경기도,남양주시,와부읍,,,,,,,비연안,False,heatmap
경기도 남양주시 조안면,3841996.0,비연안,False,OBSERVED,True,경기도,남양주시,조안면,,,,,,,비연안,False,heatmap
경기도 남양주시 진건읍,2655877.0,비연안,False,OBSERVED,True,경기도,남양주시,진건읍,,,,,,,비연안,False,heatmap
경기도 남양주시 진접읍,8339362.0,비연안,False,OBSERVED,True,경기도,남양주시,진접읍,,,,,,,비연안,False,heatmap
경기도 남양주시 퇴계원읍,4399696.0,비연안,False,OBSERVED,True,경기도,남양주시,퇴계원읍,,,,,,,비연안,False,heatmap
경기도 남양주시 평내동,3218226.0,비연안,False,OBSERVED,True,경기도,남양주시,평내동,,,,,,,비연안,False,heatmap
경기도 남양주시 호평동,3183680.0,비연안,False,OBSERVED,True,경기도,남양주시,호평동,,,,,,,비연안,False,heatmap
경기도 남양주시 화도읍,9585824.0,비연안,False,OBSERVED,True,경기도,남양주시,화도읍,,,,,,,비연안,False,heatmap
경기도 동두천시 보산동,792890.0,비연안,False,OBSERVED,True,경기도,동두천시,보산동,,,,,,,비연안,False,heatmap
경기도 동두천시 불현동,2563348.0,비연안,False,OBSERVED,True,경기도,동두천시,불현동,,,,,,,비연안,False,heatmap
경기도 동두천시 상패동,1674169.0,비연안,False,OBSERVED,True,경기도,동두천시,상패동,,,,,,,비연안,False,heatmap
경기도 동두천시 생연1동,421530.0,비연안,False,OBSERVED,True,경기도,동두천시,생연1동,,,,,,,비연안,False,heatmap
경기도 동두천시 생연2동,822398.0,비연안,False,OBSERVED,True,경기도,동두천시,생연2동,,,,,,,비연안,False,heatmap
경기도 동두천시 소요동,1836520.0,비연안,False,OBSERVED,True,경기도,동두천시,소요동,,,,,,,비연안,False,heatmap
경기도 동두천시 송내동,3420935.0,비연안,False,OBSERVED,True,경기도,동두천시,송내동,,,,,,,비연안,False,heatmap
경기도 동두천시 중앙동,1518769.0,비연안,False,OBSERVED,True,경기도,동두천시,중앙동,,,,,,,비연안,False,heatmap
경기도 부천시 소사구 괴안동,1404830.0,비연안,False,OBSERVED,True,경기도,부천시 소사구,괴안동,,,,,,,비연안,False,heatmap
경기도 부천시 소사구 범박동,4795046.0,비연안,False,OBSERVED,True,경기도,부천시 소사구,범박동,,,,,,,비연안,False,heatmap
경기도 부천시 소사구 소사본1동,2526741.0,비연안,False,OBSERVED,True,경기도,부천시 소사구,소사본1동,,,,,,,비연안,False,heatmap
경기도 부천시 소사구 소사본동,4285526.0,비연안,False,OBSERVED,True,경기도,부천시 소사구,소사본동,,,,,,,비연안,False,heatmap
경기도 부천시 소사구 송내1동,3835822.0,비연안,False,OBSERVED,True,경기도,부천시 소사구,송내1동,,,,,,,비연안,False,heatmap
경기도 부천시 소사구 송내2동,4228224.0,비연안,False,OBSERVED,True,경기도,부천시 소사구,송내2동,,,,,,,비연안,False,heatmap
경기도 부천시 소사구 심곡본1동,1887396.0,비연안,False,OBSERVED,True,경기도,부천시 소사구,심곡본1동,,,,,,,비연안,False,heatmap
경기도 부천시 소사구 심곡본동,5000832.0,비연안,False,OBSERVED,True,경기도,부천시 소사구,심곡본동,,,,,,,비연안,False,heatmap
경기도 부천시 소사구 역곡3동,4411382.0,비연안,False,OBSERVED,True,경기도,부천시 소사구,역곡3동,,,,,,,비연안,False,heatmap
경기도 부천시 소사구 옥길동,1920040.0,비연안,False,OBSERVED,True,경기도,부천시 소사구,옥길동,,,,,,,비연안,False,heatmap
경기도 부천시 오정구 고강1동,1476335.0,비연안,False,OBSERVED,True,경기도,부천시 오정구,고강1동,,,,,,,비연안,False,heatmap
경기도 부천시 오정구 고강본동,1577982.0,비연안,False,OBSERVED,True,경기도,부천시 오정구,고강본동,,,,,,,비연안,False,heatmap
경기도 부천시 오정구 성곡동,7011634.0,비연안,False,OBSERVED,True,경기도,부천시 오정구,성곡동,,,,,,,비연안,False,heatmap
경기도 부천시 오정구 신흥동,5955992.0,비연안,False,OBSERVED,True,경기도,부천시 오정구,신흥동,,,,,,,비연안,False,heatmap
경기도 부천시 오정구 오정동,3545252.0,비연안,False,OBSERVED,True,경기도,부천시 오정구,오정동,,,,,,,비연안,False,heatmap
경기도 부천시 오정구 원종1동,2791722.0,비연안,False,OBSERVED,True,경기도,부천시 오정구,원종1동,,,,,,,비연안,False,heatmap
경기도 부천시 오정구 원종2동,577682.0,비연안,False,OBSERVED,True,경기도,부천시 오정구,원종2동,,,,,,,비연안,False,heatmap
경기도 부천시 원미구 도당동,3883068.0,비연안,False,OBSERVED,True,경기도,부천시 원미구,도당동,,,,,,,비연안,False,heatmap
경기도 부천시 원미구 상1동,3259263.0,비연안,False,OBSERVED,True,경기도,부천시 원미구,상1동,,,,,,,비연안,False,heatmap
경기도 부천시 원미구 상2동,7204715.0,비연안,False,OBSERVED,True,경기도,부천시 원미구,상2동,,,,,,,비연안,False,heatmap
경기도 부천시 원미구 상3동,6721474.0,비연안,False,OBSERVED,True,경기도,부천시 원미구,상3동,,,,,,,비연안,False,heatmap
경기도 부천시 원미구 상동,2926868.0,비연안,False,OBSERVED,True,경기도,부천시 원미구,상동,,,,,,,비연안,False,heatmap
경기도 부천시 원미구 소사동,1846604.0,비연안,False,OBSERVED,True,경기도,부천시 원미구,소사동,,,,,,,비연안,False,heatmap
경기도 부천시 원미구 심곡1동,1252492.0,비연안,False,OBSERVED,True,경기도,부천시 원미구,심곡1동,,,,,,,비연안,False,heatmap
경기도 부천시 원미구 심곡2동,6207600.0,비연안,False,OBSERVED,True,경기도,부천시 원미구,심곡2동,,,,,,,비연안,False,heatmap
경기도 부천시 원미구 심곡3동,9143295.0,비연안,False,OBSERVED,True,경기도,부천시 원미구,심곡3동,,,,,,,비연안,False,heatmap
경기도 부천시 원미구 약대동,1226281.0,비연안,False,OBSERVED,True,경기도,부천시 원미구,약대동,,,,,,,비연안,False,heatmap
경기도 부천시 원미구 역곡1동,1746784.0,비연안,False,OBSERVED,True,경기도,부천시 원미구,역곡1동,,,,,,,비연안,False,heatmap
경기도 부천시 원미구 역곡2동,1930726.0,비연안,False,OBSERVED,True,경기도,부천시 원미구,역곡2동,,,,,,,비연안,False,heatmap
경기도 부천시 원미구 원미1동,1264862.0,비연안,False,OBSERVED,True,경기도,부천시 원미구,원미1동,,,,,,,비연안,False,heatmap
경기도 부천시 원미구 원미2동,1082932.0,비연안,False,OBSERVED,True,경기도,부천시 원미구,원미2동,,,,,,,비연안,False,heatmap
경기도 부천시 원미구 중1동,19741222.0,비연안,False,OBSERVED,True,경기도,부천시 원미구,중1동,,,,,,,비연안,False,heatmap
경기도 부천시 원미구 중2동,2322862.0,비연안,False,OBSERVED,True,경기도,부천시 원미구,중2동,,,,,,,비연안,False,heatmap
경기도 부천시 원미구 중3동,2224358.0,비연안,False,OBSERVED,True,경기도,부천시 원미구,중3동,,,,,,,비연안,False,heatmap
경기도 부천시 원미구 중4동,4354760.0,비연안,False,OBSERVED,True,경기도,부천시 원미구,중4동,,,,,,,비연안,False,heatmap
경기도 부천시 원미구 중동,2576952.0,비연안,False,OBSERVED,True,경기도,부천시 원미구,중동,,,,,,,비연안,False,heatmap
경기도 부천시 원미구 춘의동,5885708.0,비연안,False,OBSERVED,True,경기도,부천시 원미구,춘의동,,,,,,,비연안,False,heatmap
경기도 성남시 분당구 구미1동,4177236.0,비연안,False,OBSERVED,True,경기도,성남시 분당구,구미1동,,,,,,,비연안,False,heatmap
경기도 성남시 분당구 구미동,6205339.0,비연안,False,OBSERVED,True,경기도,성남시 분당구,구미동,,,,,,,비연안,False,heatmap
경기도 성남시 분당구 금곡동,4191551.0,비연안,False,OBSERVED,True,경기도,성남시 분당구,금곡동,,,,,,,비연안,False,heatmap
경기도 성남시 분당구 백현동,7439142.0,비연안,False,OBSERVED,True,경기도,성남시 분당구,백현동,,,,,,,비연안,False,heatmap
경기도 성남시 분당구 분당동,2737942.0,비연안,False,OBSERVED,True,경기도,성남시 분당구,분당동,,,,,,,비연안,False,heatmap
경기도 성남시 분당구 삼평동,14984358.0,비연안,False,OBSERVED,True,경기도,성남시 분당구,삼평동,,,,,,,비연안,False,heatmap
경기도 성남시 분당구 서현1동,16202316.0,비연안,False,OBSERVED,True,경기도,성남시 분당구,서현1동,,,,,,,비연안,False,heatmap
경기도 성남시 분당구 서현2동,2215948.0,비연안,False,OBSERVED,True,경기도,성남시 분당구,서현2동,,,,,,,비연안,False,heatmap
경기도 성남시 분당구 수내1동,4892979.0,비연안,False,OBSERVED,True,경기도,성남시 분당구,수내1동,,,,,,,비연안,False,heatmap
경기도 성남시 분당구 수내2동,432344.0,비연안,False,OBSERVED,True,경기도,성남시 분당구,수내2동,,,,,,,비연안,False,heatmap
경기도 성남시 분당구 수내3동,980822.0,비연안,False,OBSERVED,True,경기도,성남시 분당구,수내3동,,,,,,,비연안,False,heatmap
경기도 성남시 분당구 야탑1동,13640316.0,비연안,False,OBSERVED,True,경기도,성남시 분당구,야탑1동,,,,,,,비연안,False,heatmap
경기도 성남시 분당구 야탑2동,2824048.0,비연안,False,OBSERVED,True,경기도,성남시 분당구,야탑2동,,,,,,,비연안,False,heatmap
경기도 성남시 분당구 야탑3동,4039122.0,비연안,False,OBSERVED,True,경기도,성남시 분당구,야탑3동,,,,,,,비연안,False,heatmap
경기도 성남시 분당구 운중동,4980640.0,비연안,False,OBSERVED,True,경기도,성남시 분당구,운중동,,,,,,,비연안,False,heatmap
경기도 성남시 분당구 이매1동,4351672.0,비연안,False,OBSERVED,True,경기도,성남시 분당구,이매1동,,,,,,,비연안,False,heatmap
경기도 성남시 분당구 이매2동,456172.0,비연안,False,OBSERVED,True,경기도,성남시 분당구,이매2동,,,,,,,비연안,False,heatmap
경기도 성남시 분당구 정자1동,6666345.0,비연안,False,OBSERVED,True,경기도,성남시 분당구,정자1동,,,,,,,비연안,False,heatmap
경기도 성남시 분당구 정자2동,1459160.0,비연안,False,OBSERVED,True,경기도,성남시 분당구,정자2동,,,,,,,비연안,False,heatmap
경기도 성남시 분당구 정자3동,5032895.0,비연안,False,OBSERVED,True,경기도,성남시 분당구,정자3동,,,,,,,비연안,False,heatmap
경기도 성남시 분당구 정자동,4801248.0,비연안,False,OBSERVED,True,경기도,성남시 분당구,정자동,,,,,,,비연안,False,heatmap
경기도 성남시 분당구 판교동,2224236.0,비연안,False,OBSERVED,True,경기도,성남시 분당구,판교동,,,,,,,비연안,False,heatmap
경기도 성남시 수정구 고등동,2947556.0,비연안,False,OBSERVED,True,경기도,성남시 수정구,고등동,,,,,,,비연안,False,heatmap
경기도 성남시 수정구 단대동,1344252.0,비연안,False,OBSERVED,True,경기도,성남시 수정구,단대동,,,,,,,비연안,False,heatmap
경기도 성남시 수정구 복정동,5077023.0,비연안,False,OBSERVED,True,경기도,성남시 수정구,복정동,,,,,,,비연안,False,heatmap
경기도 성남시 수정구 산성동,678842.0,비연안,False,OBSERVED,True,경기도,성남시 수정구,산성동,,,,,,,비연안,False,heatmap
경기도 성남시 수정구 수진1동,1599318.0,비연안,False,OBSERVED,True,경기도,성남시 수정구,수진1동,,,,,,,비연안,False,heatmap
경기도 성남시 수정구 수진2동,9028596.0,비연안,False,OBSERVED,True,경기도,성남시 수정구,수진2동,,,,,,,비연안,False,heatmap
경기도 성남시 수정구 시흥동,7734850.0,비연안,False,OBSERVED,True,경기도,성남시 수정구,시흥동,,,,,,,비연안,False,heatmap
경기도 성남시 수정구 신촌동,895692.0,비연안,False,OBSERVED,True,경기도,성남시 수정구,신촌동,,,,,,,비연안,False,heatmap
경기도 성남시 수정구 신흥1동,1711048.0,비연안,False,OBSERVED,True,경기도,성남시 수정구,신흥1동,,,,,,,비연안,False,heatmap
경기도 성남시 수정구 신흥2동,2611486.0,비연안,False,OBSERVED,True,경기도,성남시 수정구,신흥2동,,,,,,,비연안,False,heatmap
경기도 성남시 수정구 신흥3동,3003220.0,비연안,False,OBSERVED,True,경기도,성남시 수정구,신흥3동,,,,,,,비연안,False,heatmap
경기도 성남시 수정구 양지동,1997418.0,비연안,False,OBSERVED,True,경기도,성남시 수정구,양지동,,,,,,,비연안,False,heatmap
경기도 성남시 수정구 위례동,7187236.0,비연안,False,OBSERVED,True,경기도,성남시 수정구,위례동,,,,,,,비연안,False,heatmap
경기도 성남시 수정구 태평1동,3815648.0,비연안,False,OBSERVED,True,경기도,성남시 수정구,태평1동,,,,,,,비연안,False,heatmap
경기도 성남시 수정구 태평2동,1233466.0,비연안,False,OBSERVED,True,경기도,성남시 수정구,태평2동,,,,,,,비연안,False,heatmap
경기도 성남시 수정구 태평3동,1907538.0,비연안,False,OBSERVED,True,경기도,성남시 수정구,태평3동,,,,,,,비연안,False,heatmap
경기도 성남시 수정구 태평4동,672676.0,비연안,False,OBSERVED,True,경기도,성남시 수정구,태평4동,,,,,,,비연안,False,heatmap
경기도 성남시 중원구 금광1동,1672804.0,비연안,False,OBSERVED,True,경기도,성남시 중원구,금광1동,,,,,,,비연안,False,heatmap
경기도 성남시 중원구 금광2동,2537566.0,비연안,False,OBSERVED,True,경기도,성남시 중원구,금광2동,,,,,,,비연안,False,heatmap
경기도 성남시 중원구 도촌동,4507559.0,비연안,False,OBSERVED,True,경기도,성남시 중원구,도촌동,,,,,,,비연안,False,heatmap
경기도 성남시 중원구 상대원1동,3065976.0,비연안,False,OBSERVED,True,경기도,성남시 중원구,상대원1동,,,,,,,비연안,False,heatmap
경기도 성남시 중원구 상대원2동,886088.0,비연안,False,OBSERVED,True,경기도,성남시 중원구,상대원2동,,,,,,,비연안,False,heatmap
경기도 성남시 중원구 상대원3동,445462.0,비연안,False,OBSERVED,True,경기도,성남시 중원구,상대원3동,,,,,,,비연안,False,heatmap
경기도 성남시 중원구 성남동,8730967.0,비연안,False,OBSERVED,True,경기도,성남시 중원구,성남동,,,,,,,비연안,False,heatmap
경기도 성남시 중원구 은행1동,257705.0,비연안,False,OBSERVED,True,경기도,성남시 중원구,은행1동,,,,,,,비연안,False,heatmap
경기도 성남시 중원구 은행2동,2387973.0,비연안,False,OBSERVED,True,경기도,성남시 중원구,은행2동,,,,,,,비연안,False,heatmap
경기도 성남시 중원구 중앙동,1623937.0,비연안,False,OBSERVED,True,경기도,성남시 중원구,중앙동,,,,,,,비연안,False,heatmap
경기도 성남시 중원구 하대원동,1833038.0,비연안,False,OBSERVED,True,경기도,성남시 중원구,하대원동,,,,,,,비연안,False,heatmap
경기도 수원시 권선구 곡선동,4012130.0,비연안,False,OBSERVED,True,경기도,수원시 권선구,곡선동,,,,,,,비연안,False,heatmap
경기도 수원시 권선구 구운동,5305710.0,비연안,False,OBSERVED,True,경기도,수원시 권선구,구운동,,,,,,,비연안,False,heatmap
경기도 수원시 권선구 권선1동,14165288.0,비연안,False,OBSERVED,True,경기도,수원시 권선구,권선1동,,,,,,,비연안,False,heatmap
경기도 수원시 권선구 권선2동,2977124.0,비연안,False,OBSERVED,True,경기도,수원시 권선구,권선2동,,,,,,,비연안,False,heatmap
경기도 수원시 권선구 금곡동,4823598.0,비연안,False,OBSERVED,True,경기도,수원시 권선구,금곡동,,,,,,,비연안,False,heatmap
경기도 수원시 권선구 서둔동,10880124.0,비연안,False,OBSERVED,True,경기도,수원시 권선구,서둔동,,,,,,,비연안,False,heatmap
경기도 수원시 권선구 세류1동,741044.0,비연안,False,OBSERVED,True,경기도,수원시 권선구,세류1동,,,,,,,비연안,False,heatmap
경기도 수원시 권선구 세류2동,1971683.0,비연안,False,OBSERVED,True,경기도,수원시 권선구,세류2동,,,,,,,비연안,False,heatmap
경기도 수원시 권선구 세류3동,1237912.0,비연안,False,OBSERVED,True,경기도,수원시 권선구,세류3동,,,,,,,비연안,False,heatmap
경기도 수원시 권선구 입북동,1454068.0,비연안,False,OBSERVED,True,경기도,수원시 권선구,입북동,,,,,,,비연안,False,heatmap
경기도 수원시 권선구 평동,7345986.0,비연안,False,OBSERVED,True,경기도,수원시 권선구,평동,,,,,,,비연안,False,heatmap
경기도 수원시 권선구 호매실동,1759870.0,비연안,False,OBSERVED,True,경기도,수원시 권선구,호매실동,,,,,,,비연안,False,heatmap
경기도 수원시 영통구 광교1동,10535294.0,비연안,False,OBSERVED,True,경기도,수원시 영통구,광교1동,,,,,,,비연안,False,heatmap
경기도 수원시 영통구 광교2동,6010578.0,비연안,False,OBSERVED,True,경기도,수원시 영통구,광교2동,,,,,,,비연안,False,heatmap
경기도 수원시 영통구 망포1동,3072668.0,비연안,False,OBSERVED,True,경기도,수원시 영통구,망포1동,,,,,,,비연안,False,heatmap
경기도 수원시 영통구 망포2동,3022810.0,비연안,False,OBSERVED,True,경기도,수원시 영통구,망포2동,,,,,,,비연안,False,heatmap
경기도 수원시 영통구 매탄1동,1576424.0,비연안,False,OBSERVED,True,경기도,수원시 영통구,매탄1동,,,,,,,비연안,False,heatmap
경기도 수원시 영통구 매탄2동,15625820.0,비연안,False,OBSERVED,True,경기도,수원시 영통구,매탄2동,,,,,,,비연안,False,heatmap
경기도 수원시 영통구 매탄3동,6225012.0,비연안,False,OBSERVED,True,경기도,수원시 영통구,매탄3동,,,,,,,비연안,False,heatmap
경기도 수원시 영통구 매탄4동,941248.0,비연안,False,OBSERVED,True,경기도,수원시 영통구,매탄4동,,,,,,,비연안,False,heatmap
경기도 수원시 영통구 영통1동,2968584.0,비연안,False,OBSERVED,True,경기도,수원시 영통구,영통1동,,,,,,,비연안,False,heatmap
경기도 수원시 영통구 영통2동,4191730.0,비연안,False,OBSERVED,True,경기도,수원시 영통구,영통2동,,,,,,,비연안,False,heatmap
경기도 수원시 영통구 영통3동,7802456.0,비연안,False,OBSERVED,True,경기도,수원시 영통구,영통3동,,,,,,,비연안,False,heatmap
경기도 수원시 영통구 원천동,12438710.0,비연안,False,OBSERVED,True,경기도,수원시 영통구,원천동,,,,,,,비연안,False,heatmap
경기도 수원시 장안구 송죽동,2363550.0,비연안,False,OBSERVED,True,경기도,수원시 장안구,송죽동,,,,,,,비연안,False,heatmap
경기도 수원시 장안구 연무동,4777608.0,비연안,False,OBSERVED,True,경기도,수원시 장안구,연무동,,,,,,,비연안,False,heatmap
경기도 수원시 장안구 영화동,19388551.0,비연안,False,OBSERVED,True,경기도,수원시 장안구,영화동,,,,,,,비연안,False,heatmap
경기도 수원시 장안구 율천동,7856636.0,비연안,False,OBSERVED,True,경기도,수원시 장안구,율천동,,,,,,,비연안,False,heatmap
경기도 수원시 장안구 정자1동,2244648.0,비연안,False,OBSERVED,True,경기도,수원시 장안구,정자1동,,,,,,,비연안,False,heatmap
경기도 수원시 장안구 정자2동,4695310.0,비연안,False,OBSERVED,True,경기도,수원시 장안구,정자2동,,,,,,,비연안,False,heatmap
경기도 수원시 장안구 정자3동,3368740.0,비연안,False,OBSERVED,True,경기도,수원시 장안구,정자3동,,,,,,,비연안,False,heatmap
경기도 수원시 장안구 조원1동,4951300.0,비연안,False,OBSERVED,True,경기도,수원시 장안구,조원1동,,,,,,,비연안,False,heatmap
경기도 수원시 장안구 조원2동,2407062.0,비연안,False,OBSERVED,True,경기도,수원시 장안구,조원2동,,,,,,,비연안,False,heatmap
경기도 수원시 장안구 파장동,5388624.0,비연안,False,OBSERVED,True,경기도,수원시 장안구,파장동,,,,,,,비연안,False,heatmap
경기도 수원시 팔달구 고등동,1057980.0,비연안,False,OBSERVED,True,경기도,수원시 팔달구,고등동,,,,,,,비연안,False,heatmap
경기도 수원시 팔달구 매교동,3839234.0,비연안,False,OBSERVED,True,경기도,수원시 팔달구,매교동,,,,,,,비연안,False,heatmap
경기도 수원시 팔달구 매산동,25479594.0,비연안,False,OBSERVED,True,경기도,수원시 팔달구,매산동,,,,,,,비연안,False,heatmap
경기도 수원시 팔달구 우만1동,4924966.0,비연안,False,OBSERVED,True,경기도,수원시 팔달구,우만1동,,,,,,,비연안,False,heatmap
경기도 수원시 팔달구 우만2동,5020312.0,비연안,False,OBSERVED,True,경기도,수원시 팔달구,우만2동,,,,,,,비연안,False,heatmap
경기도 수원시 팔달구 인계동,25222390.0,비연안,False,OBSERVED,True,경기도,수원시 팔달구,인계동,,,,,,,비연안,False,heatmap
경기도 수원시 팔달구 지동,2154254.0,비연안,False,OBSERVED,True,경기도,수원시 팔달구,지동,,,,,,,비연안,False,heatmap
경기도 수원시 팔달구 행궁동,13074796.0,비연안,False,OBSERVED,True,경기도,수원시 팔달구,행궁동,,,,,,,비연안,False,heatmap
경기도 수원시 팔달구 화서1동,2649258.0,비연안,False,OBSERVED,True,경기도,수원시 팔달구,화서1동,,,,,,,비연안,False,heatmap
경기도 수원시 팔달구 화서2동,7735875.0,비연안,False,OBSERVED,True,경기도,수원시 팔달구,화서2동,,,,,,,비연안,False,heatmap
경기도 시흥시 거북섬동,4027681.0,연안 도시,False,OBSERVED,True,경기도,시흥시,거북섬동,,,,,,,연안 도시,False,heatmap
경기도 시흥시 과림동,976622.0,비연안,False,OBSERVED,True,경기도,시흥시,과림동,,,,,,,비연안,False,heatmap
경기도 시흥시 군자동,1377992.0,비연안,False,OBSERVED,True,경기도,시흥시,군자동,,,,,,,비연안,False,heatmap
경기도 시흥시 능곡동,1132324.0,비연안,False,OBSERVED,True,경기도,시흥시,능곡동,,,,,,,비연안,False,heatmap
경기도 시흥시 대야동,7097510.0,비연안,False,OBSERVED,True,경기도,시흥시,대야동,,,,,,,비연안,False,heatmap
경기도 시흥시 매화동,1537431.0,비연안,False,OBSERVED,True,경기도,시흥시,매화동,,,,,,,비연안,False,heatmap
경기도 시흥시 목감동,6763354.0,비연안,False,OBSERVED,True,경기도,시흥시,목감동,,,,,,,비연안,False,heatmap
경기도 시흥시 배곧1동,1816325.0,연안 도시,False,OBSERVED,True,경기도,시흥시,배곧1동,,,,,,,연안 도시,False,heatmap
경기도 시흥시 배곧2동,953638.0,연안 도시,False,OBSERVED,True,경기도,시흥시,배곧2동,,,,,,,연안 도시,False,heatmap
경기도 시흥시 신천동,4550686.0,비연안,False,OBSERVED,True,경기도,시흥시,신천동,,,,,,,비연안,False,heatmap
경기도 시흥시 신현동,1399248.0,비연안,False,OBSERVED,True,경기도,시흥시,신현동,,,,,,,비연안,False,heatmap
경기도 시흥시 연성동,4835677.0,비연안,False,OBSERVED,True,경기도,시흥시,연성동,,,,,,,비연안,False,heatmap
경기도 시흥시 월곶동,3034752.0,연안 도시,False,OBSERVED,True,경기도,시흥시,월곶동,,,,,,,연안 도시,False,heatmap
경기도 시흥시 은행동,1895176.0,비연안,False,OBSERVED,True,경기도,시흥시,은행동,,,,,,,비연안,False,heatmap
경기도 시흥시 장곡동,1584874.0,비연안,False,OBSERVED,True,경기도,시흥시,장곡동,,,,,,,비연안,False,heatmap
경기도 시흥시 정왕1동,12308037.0,비연안,False,OBSERVED,True,경기도,시흥시,정왕1동,,,,,,,비연안,False,heatmap
경기도 시흥시 정왕2동,3215751.0,비연안,False,OBSERVED,True,경기도,시흥시,정왕2동,,,,,,,비연안,False,heatmap
경기도 시흥시 정왕3동,7289034.0,연안 도시,False,OBSERVED,True,경기도,시흥시,정왕3동,,,,,,,연안 도시,False,heatmap
경기도 시흥시 정왕4동,837382.0,비연안,False,OBSERVED,True,경기도,시흥시,정왕4동,,,,,,,비연안,False,heatmap
경기도 시흥시 정왕본동,3329613.0,비연안,False,OBSERVED,True,경기도,시흥시,정왕본동,,,,,,,비연안,False,heatmap
경기도 안산시 단원구 고잔동,12531204.0,비연안,False,OBSERVED,True,경기도,안산시 단원구,고잔동,,,,,,,비연안,False,heatmap
경기도 안산시 단원구 대부동,8870449.0,연안 도시,False,OBSERVED,True,경기도,안산시 단원구,대부동,,,,,,,연안 도시,False,heatmap
경기도 안산시 단원구 백운동,1250134.0,비연안,False,OBSERVED,True,경기도,안산시 단원구,백운동,,,,,,,비연안,False,heatmap
경기도 안산시 단원구 선부1동,1921440.0,비연안,False,OBSERVED,True,경기도,안산시 단원구,선부1동,,,,,,,비연안,False,heatmap
경기도 안산시 단원구 선부2동,1462738.0,비연안,False,OBSERVED,True,경기도,안산시 단원구,선부2동,,,,,,,비연안,False,heatmap
경기도 안산시 단원구 선부3동,2503260.0,비연안,False,OBSERVED,True,경기도,안산시 단원구,선부3동,,,,,,,비연안,False,heatmap
경기도 안산시 단원구 신길동,2044273.0,비연안,False,OBSERVED,True,경기도,안산시 단원구,신길동,,,,,,,비연안,False,heatmap
경기도 안산시 단원구 와동,1980982.0,비연안,False,OBSERVED,True,경기도,안산시 단원구,와동,,,,,,,비연안,False,heatmap
경기도 안산시 단원구 원곡동,4091188.0,비연안,False,OBSERVED,True,경기도,안산시 단원구,원곡동,,,,,,,비연안,False,heatmap
경기도 안산시 단원구 중앙동,6655996.0,비연안,False,OBSERVED,True,경기도,안산시 단원구,중앙동,,,,,,,비연안,False,heatmap
경기도 안산시 단원구 초지동,14460824.0,연안 도시,False,OBSERVED,True,경기도,안산시 단원구,초지동,,,,,,,연안 도시,False,heatmap
경기도 안산시 단원구 호수동,10592704.0,비연안,False,OBSERVED,True,경기도,안산시 단원구,호수동,,,,,,,비연안,False,heatmap
경기도 안산시 상록구 반월동,2216504.0,비연안,False,OBSERVED,True,경기도,안산시 상록구,반월동,,,,,,,비연안,False,heatmap
경기도 안산시 상록구 본오1동,2592919.0,비연안,False,OBSERVED,True,경기도,안산시 상록구,본오1동,,,,,,,비연안,False,heatmap
경기도 안산시 상록구 본오2동,1794919.0,비연안,False,OBSERVED,True,경기도,안산시 상록구,본오2동,,,,,,,비연안,False,heatmap
경기도 안산시 상록구 본오3동,3079314.0,비연안,False,OBSERVED,True,경기도,안산시 상록구,본오3동,,,,,,,비연안,False,heatmap
경기도 안산시 상록구 부곡동,2881515.0,비연안,False,OBSERVED,True,경기도,안산시 상록구,부곡동,,,,,,,비연안,False,heatmap
경기도 안산시 상록구 사동,3684737.0,비연안,False,OBSERVED,True,경기도,안산시 상록구,사동,,,,,,,비연안,False,heatmap
경기도 안산시 상록구 사이동,1893738.0,비연안,False,OBSERVED,True,경기도,안산시 상록구,사이동,,,,,,,비연안,False,heatmap
경기도 안산시 상록구 성포동,3380671.0,비연안,False,OBSERVED,True,경기도,안산시 상록구,성포동,,,,,,,비연안,False,heatmap
경기도 안산시 상록구 안산동,1555488.0,비연안,False,OBSERVED,True,경기도,안산시 상록구,안산동,,,,,,,비연안,False,heatmap
경기도 안산시 상록구 월피동,3078828.0,비연안,False,OBSERVED,True,경기도,안산시 상록구,월피동,,,,,,,비연안,False,heatmap
경기도 안산시 상록구 이동,4003310.0,비연안,False,OBSERVED,True,경기도,안산시 상록구,이동,,,,,,,비연안,False,heatmap
경기도 안산시 상록구 일동,1980290.0,비연안,False,OBSERVED,True,경기도,안산시 상록구,일동,,,,,,,비연안,False,heatmap
경기도 안산시 상록구 해양동,3579986.0,연안 도시,False,OBSERVED,True,경기도,안산시 상록구,해양동,,,,,,,연안 도시,False,heatmap
경기도 안성시 고삼면,1235017.0,비연안,False,OBSERVED,True,경기도,안성시,고삼면,,,,,,,비연안,False,heatmap
경기도 안성시 공도읍,9491002.0,비연안,False,OBSERVED,True,경기도,안성시,공도읍,,,,,,,비연안,False,heatmap
경기도 안성시 금광면,1869770.0,비연안,False,OBSERVED,True,경기도,안성시,금광면,,,,,,,비연안,False,heatmap
경기도 안성시 대덕면,2686796.0,비연안,False,OBSERVED,True,경기도,안성시,대덕면,,,,,,,비연안,False,heatmap
경기도 안성시 미양면,1822446.0,비연안,False,OBSERVED,True,경기도,안성시,미양면,,,,,,,비연안,False,heatmap
경기도 안성시 보개면,1881310.0,비연안,False,OBSERVED,True,경기도,안성시,보개면,,,,,,,비연안,False,heatmap
경기도 안성시 삼죽면,1027369.0,비연안,False,OBSERVED,True,경기도,안성시,삼죽면,,,,,,,비연안,False,heatmap
경기도 안성시 서운면,2609523.0,비연안,False,OBSERVED,True,경기도,안성시,서운면,,,,,,,비연안,False,heatmap
경기도 안성시 안성1동,1837780.0,비연안,False,OBSERVED,True,경기도,안성시,안성1동,,,,,,,비연안,False,heatmap
경기도 안성시 안성2동,3457475.0,비연안,False,OBSERVED,True,경기도,안성시,안성2동,,,,,,,비연안,False,heatmap
경기도 안성시 안성3동,2011751.0,비연안,False,OBSERVED,True,경기도,안성시,안성3동,,,,,,,비연안,False,heatmap
경기도 안성시 양성면,3630627.0,비연안,False,OBSERVED,True,경기도,안성시,양성면,,,,,,,비연안,False,heatmap
경기도 안성시 원곡면,5396444.0,비연안,False,OBSERVED,True,경기도,안성시,원곡면,,,,,,,비연안,False,heatmap
경기도 안성시 일죽면,3211960.0,비연안,False,OBSERVED,True,경기도,안성시,일죽면,,,,,,,비연안,False,heatmap
경기도 안성시 죽산면,2667434.0,비연안,False,OBSERVED,True,경기도,안성시,죽산면,,,,,,,비연안,False,heatmap
경기도 안양시 동안구 갈산동,847896.0,비연안,False,OBSERVED,True,경기도,안양시 동안구,갈산동,,,,,,,비연안,False,heatmap
경기도 안양시 동안구 관양동,3958034.0,비연안,False,OBSERVED,True,경기도,안양시 동안구,관양동,,,,,,,비연안,False,heatmap
경기도 안양시 동안구 귀인동,3916336.0,비연안,False,OBSERVED,True,경기도,안양시 동안구,귀인동,,,,,,,비연안,False,heatmap
경기도 안양시 동안구 달안동,7322738.0,비연안,False,OBSERVED,True,경기도,안양시 동안구,달안동,,,,,,,비연안,False,heatmap
경기도 안양시 동안구 범계동,5074531.0,비연안,False,OBSERVED,True,경기도,안양시 동안구,범계동,,,,,,,비연안,False,heatmap
경기도 안양시 동안구 부림동,5483779.0,비연안,False,OBSERVED,True,경기도,안양시 동안구,부림동,,,,,,,비연안,False,heatmap
경기도 안양시 동안구 부흥동,2075714.0,비연안,False,OBSERVED,True,경기도,안양시 동안구,부흥동,,,,,,,비연안,False,heatmap
경기도 안양시 동안구 비산1동,1705938.0,비연안,False,OBSERVED,True,경기도,안양시 동안구,비산1동,,,,,,,비연안,False,heatmap
경기도 안양시 동안구 비산2동,1457046.0,비연안,False,OBSERVED,True,경기도,안양시 동안구,비산2동,,,,,,,비연안,False,heatmap
경기도 안양시 동안구 비산3동,2797602.0,비연안,False,OBSERVED,True,경기도,안양시 동안구,비산3동,,,,,,,비연안,False,heatmap
경기도 안양시 동안구 신촌동,929383.0,비연안,False,OBSERVED,True,경기도,안양시 동안구,신촌동,,,,,,,비연안,False,heatmap
경기도 안양시 동안구 인덕원동,4999992.0,비연안,False,OBSERVED,True,경기도,안양시 동안구,인덕원동,,,,,,,비연안,False,heatmap
경기도 안양시 동안구 평안동,2538270.0,비연안,False,OBSERVED,True,경기도,안양시 동안구,평안동,,,,,,,비연안,False,heatmap
경기도 안양시 동안구 평촌동,1934030.0,비연안,False,OBSERVED,True,경기도,안양시 동안구,평촌동,,,,,,,비연안,False,heatmap
경기도 안양시 동안구 호계1동,2360407.0,비연안,False,OBSERVED,True,경기도,안양시 동안구,호계1동,,,,,,,비연안,False,heatmap
경기도 안양시 동안구 호계2동,2326079.0,비연안,False,OBSERVED,True,경기도,안양시 동안구,호계2동,,,,,,,비연안,False,heatmap
경기도 안양시 동안구 호계3동,4060343.0,비연안,False,OBSERVED,True,경기도,안양시 동안구,호계3동,,,,,,,비연안,False,heatmap
경기도 안양시 만안구 명학동,250288.0,비연안,False,OBSERVED,True,경기도,안양시 만안구,명학동,,,,,,,비연안,False,heatmap
경기도 안양시 만안구 박달동,930132.0,비연안,False,OBSERVED,True,경기도,안양시 만안구,박달동,,,,,,,비연안,False,heatmap
경기도 안양시 만안구 병목안동,254852.0,비연안,False,OBSERVED,True,경기도,안양시 만안구,병목안동,,,,,,,비연안,False,heatmap
경기도 안양시 만안구 석수1동,4129769.0,비연안,False,OBSERVED,True,경기도,안양시 만안구,석수1동,,,,,,,비연안,False,heatmap
경기도 안양시 만안구 석수2동,5684392.0,비연안,False,OBSERVED,True,경기도,안양시 만안구,석수2동,,,,,,,비연안,False,heatmap
경기도 안양시 만안구 안양1동,4802480.0,비연안,False,OBSERVED,True,경기도,안양시 만안구,안양1동,,,,,,,비연안,False,heatmap
경기도 안양시 만안구 안양2동,3198062.0,비연안,False,OBSERVED,True,경기도,안양시 만안구,안양2동,,,,,,,비연안,False,heatmap
경기도 안양시 만안구 안양3동,1469055.0,비연안,False,OBSERVED,True,경기도,안양시 만안구,안양3동,,,,,,,비연안,False,heatmap
경기도 안양시 만안구 안양4동,3349056.0,비연안,False,OBSERVED,True,경기도,안양시 만안구,안양4동,,,,,,,비연안,False,heatmap
경기도 안양시 만안구 안양5동,4860968.0,비연안,False,OBSERVED,True,경기도,안양시 만안구,안양5동,,,,,,,비연안,False,heatmap
경기도 안양시 만안구 안양6동,2521992.0,비연안,False,OBSERVED,True,경기도,안양시 만안구,안양6동,,,,,,,비연안,False,heatmap
경기도 안양시 만안구 안양7동,2169286.0,비연안,False,OBSERVED,True,경기도,안양시 만안구,안양7동,,,,,,,비연안,False,heatmap
경기도 안양시 만안구 충훈동,908964.0,비연안,False,OBSERVED,True,경기도,안양시 만안구,충훈동,,,,,,,비연안,False,heatmap
경기도 안양시 만안구 호현동,2361782.0,비연안,False,OBSERVED,True,경기도,안양시 만안구,호현동,,,,,,,비연안,False,heatmap
경기도 양주시 광적면,2346596.0,비연안,False,OBSERVED,True,경기도,양주시,광적면,,,,,,,비연안,False,heatmap
경기도 양주시 남면,1718154.0,비연안,False,OBSERVED,True,경기도,양주시,남면,,,,,,,비연안,False,heatmap
경기도 양주시 백석읍,3324758.0,비연안,False,OBSERVED,True,경기도,양주시,백석읍,,,,,,,비연안,False,heatmap
경기도 양주시 양주1동,2315467.0,비연안,False,OBSERVED,True,경기도,양주시,양주1동,,,,,,,비연안,False,heatmap
경기도 양주시 양주2동,5269786.0,비연안,False,OBSERVED,True,경기도,양주시,양주2동,,,,,,,비연안,False,heatmap
경기도 양주시 옥정1동,2947840.0,비연안,False,OBSERVED,True,경기도,양주시,옥정1동,,,,,,,비연안,False,heatmap
경기도 양주시 옥정2동,3896378.0,비연안,False,OBSERVED,True,경기도,양주시,옥정2동,,,,,,,비연안,False,heatmap
경기도 양주시 은현면,1732528.0,비연안,False,OBSERVED,True,경기도,양주시,은현면,,,,,,,비연안,False,heatmap
경기도 양주시 장흥면,7696518.0,비연안,False,OBSERVED,True,경기도,양주시,장흥면,,,,,,,비연안,False,heatmap
경기도 양주시 회천1동,2638965.0,비연안,False,OBSERVED,True,경기도,양주시,회천1동,,,,,,,비연안,False,heatmap
경기도 양주시 회천2동,3868718.0,비연안,False,OBSERVED,True,경기도,양주시,회천2동,,,,,,,비연안,False,heatmap
경기도 양주시 회천3동,2895554.0,비연안,False,OBSERVED,True,경기도,양주시,회천3동,,,,,,,비연안,False,heatmap
경기도 양평군 강상면,1530620.0,비연안,False,OBSERVED,True,경기도,양평군,강상면,,,,,,,비연안,False,heatmap
경기도 양평군 강하면,1922966.0,비연안,False,OBSERVED,True,경기도,양평군,강하면,,,,,,,비연안,False,heatmap
경기도 양평군 개군면,1069026.0,비연안,False,OBSERVED,True,경기도,양평군,개군면,,,,,,,비연안,False,heatmap
경기도 양평군 단월면,1342380.0,비연안,False,OBSERVED,True,경기도,양평군,단월면,,,,,,,비연안,False,heatmap
경기도 양평군 서종면,5715300.0,비연안,False,OBSERVED,True,경기도,양평군,서종면,,,,,,,비연안,False,heatmap
경기도 양평군 양동면,2266320.0,비연안,False,OBSERVED,True,경기도,양평군,양동면,,,,,,,비연안,False,heatmap
경기도 양평군 양서면,5166746.0,비연안,False,OBSERVED,True,경기도,양평군,양서면,,,,,,,비연안,False,heatmap
경기도 양평군 양평읍,6050384.0,비연안,False,OBSERVED,True,경기도,양평군,양평읍,,,,,,,비연안,False,heatmap
경기도 양평군 옥천면,2810913.0,비연안,False,OBSERVED,True,경기도,양평군,옥천면,,,,,,,비연안,False,heatmap
경기도 양평군 용문면,4797824.0,비연안,False,OBSERVED,True,경기도,양평군,용문면,,,,,,,비연안,False,heatmap
경기도 양평군 지평면,1623671.0,비연안,False,OBSERVED,True,경기도,양평군,지평면,,,,,,,비연안,False,heatmap
경기도 양평군 청운면,1002432.0,비연안,False,OBSERVED,True,경기도,양평군,청운면,,,,,,,비연안,False,heatmap
경기도 여주시 가남읍,4554792.0,비연안,False,OBSERVED,True,경기도,여주시,가남읍,,,,,,,비연안,False,heatmap
경기도 여주시 강천면,1759268.0,비연안,False,OBSERVED,True,경기도,여주시,강천면,,,,,,,비연안,False,heatmap
경기도 여주시 금사면,1025630.0,비연안,False,OBSERVED,True,경기도,여주시,금사면,,,,,,,비연안,False,heatmap
경기도 여주시 대신면,2802622.0,비연안,False,OBSERVED,True,경기도,여주시,대신면,,,,,,,비연안,False,heatmap
경기도 여주시 북내면,1427461.0,비연안,False,OBSERVED,True,경기도,여주시,북내면,,,,,,,비연안,False,heatmap
경기도 여주시 산북면,864199.0,비연안,False,OBSERVED,True,경기도,여주시,산북면,,,,,,,비연안,False,heatmap
경기도 여주시 세종대왕면,2368429.0,비연안,False,OBSERVED,True,경기도,여주시,세종대왕면,,,,,,,비연안,False,heatmap
경기도 여주시 여흥동,7578592.0,비연안,False,OBSERVED,True,경기도,여주시,여흥동,,,,,,,비연안,False,heatmap
경기도 여주시 오학동,2963191.0,비연안,False,OBSERVED,True,경기도,여주시,오학동,,,,,,,비연안,False,heatmap
경기도 여주시 점동면,1514370.0,비연안,False,OBSERVED,True,경기도,여주시,점동면,,,,,,,비연안,False,heatmap
경기도 여주시 중앙동,3956533.0,비연안,False,OBSERVED,True,경기도,여주시,중앙동,,,,,,,비연안,False,heatmap
경기도 여주시 흥천면,1174750.0,비연안,False,OBSERVED,True,경기도,여주시,흥천면,,,,,,,비연안,False,heatmap
경기도 연천군 군남면,732991.0,비연안,False,OBSERVED,True,경기도,연천군,군남면,,,,,,,비연안,False,heatmap
경기도 연천군 미산면,607604.0,비연안,False,OBSERVED,True,경기도,연천군,미산면,,,,,,,비연안,False,heatmap
경기도 연천군 백학면,1009127.0,비연안,False,OBSERVED,True,경기도,연천군,백학면,,,,,,,비연안,False,heatmap
경기도 연천군 신서면,687928.0,비연안,False,OBSERVED,True,경기도,연천군,신서면,,,,,,,비연안,False,heatmap
경기도 연천군 연천읍,1890872.0,비연안,False,OBSERVED,True,경기도,연천군,연천읍,,,,,,,비연안,False,heatmap
경기도 연천군 왕징면,346980.0,비연안,False,OBSERVED,True,경기도,연천군,왕징면,,,,,,,비연안,False,heatmap
경기도 연천군 장남면,408779.0,비연안,False,OBSERVED,True,경기도,연천군,장남면,,,,,,,비연안,False,heatmap
경기도 연천군 전곡읍,3556126.0,비연안,False,OBSERVED,True,경기도,연천군,전곡읍,,,,,,,비연안,False,heatmap
경기도 연천군 중면,252346.0,비연안,False,OBSERVED,True,경기도,연천군,중면,,,,,,,비연안,False,heatmap
경기도 연천군 청산면,1830171.0,비연안,False,OBSERVED,True,경기도,연천군,청산면,,,,,,,비연안,False,heatmap
경기도 오산시 남촌동,3037923.0,비연안,False,OBSERVED,True,경기도,오산시,남촌동,,,,,,,비연안,False,heatmap
경기도 오산시 대원1동,6210981.0,비연안,False,OBSERVED,True,경기도,오산시,대원1동,,,,,,,비연안,False,heatmap
경기도 오산시 대원2동,943156.0,비연안,False,OBSERVED,True,경기도,오산시,대원2동,,,,,,,비연안,False,heatmap
경기도 오산시 세마동,6497340.0,비연안,False,OBSERVED,True,경기도,오산시,세마동,,,,,,,비연안,False,heatmap
경기도 오산시 신장1동,5209421.0,비연안,False,OBSERVED,True,경기도,오산시,신장1동,,,,,,,비연안,False,heatmap
경기도 오산시 신장2동,2854705.0,비연안,False,OBSERVED,True,경기도,오산시,신장2동,,,,,,,비연안,False,heatmap
경기도 오산시 중앙동,11846317.0,비연안,False,OBSERVED,True,경기도,오산시,중앙동,,,,,,,비연안,False,heatmap
경기도 오산시 초평동,1933610.0,비연안,False,OBSERVED,True,경기도,오산시,초평동,,,,,,,비연안,False,heatmap
경기도 용인시 기흥구 구갈동,10685364.0,비연안,False,OBSERVED,True,경기도,용인시 기흥구,구갈동,,,,,,,비연안,False,heatmap
경기도 용인시 기흥구 구성동,2871516.0,비연안,False,OBSERVED,True,경기도,용인시 기흥구,구성동,,,,,,,비연안,False,heatmap
경기도 용인시 기흥구 기흥동,9643630.0,비연안,False,OBSERVED,True,경기도,용인시 기흥구,기흥동,,,,,,,비연안,False,heatmap
경기도 용인시 기흥구 동백1동,1504234.0,비연안,False,OBSERVED,True,경기도,용인시 기흥구,동백1동,,,,,,,비연안,False,heatmap
경기도 용인시 기흥구 동백2동,3250520.0,비연안,False,OBSERVED,True,경기도,용인시 기흥구,동백2동,,,,,,,비연안,False,heatmap
경기도 용인시 기흥구 동백3동,2237064.0,비연안,False,OBSERVED,True,경기도,용인시 기흥구,동백3동,,,,,,,비연안,False,heatmap
경기도 용인시 기흥구 마북동,3599967.0,비연안,False,OBSERVED,True,경기도,용인시 기흥구,마북동,,,,,,,비연안,False,heatmap
경기도 용인시 기흥구 보라동,4856288.0,비연안,False,OBSERVED,True,경기도,용인시 기흥구,보라동,,,,,,,비연안,False,heatmap
경기도 용인시 기흥구 보정동,8979744.0,비연안,False,OBSERVED,True,경기도,용인시 기흥구,보정동,,,,,,,비연안,False,heatmap
경기도 용인시 기흥구 상갈동,1936392.0,비연안,False,OBSERVED,True,경기도,용인시 기흥구,상갈동,,,,,,,비연안,False,heatmap
경기도 용인시 기흥구 상하동,2305702.0,비연안,False,OBSERVED,True,경기도,용인시 기흥구,상하동,,,,,,,비연안,False,heatmap
경기도 용인시 기흥구 서농동,4311216.0,비연안,False,OBSERVED,True,경기도,용인시 기흥구,서농동,,,,,,,비연안,False,heatmap
경기도 용인시 기흥구 신갈동,5052750.0,비연안,False,OBSERVED,True,경기도,용인시 기흥구,신갈동,,,,,,,비연안,False,heatmap
경기도 용인시 기흥구 영덕1동,6973536.0,비연안,False,OBSERVED,True,경기도,용인시 기흥구,영덕1동,,,,,,,비연안,False,heatmap
경기도 용인시 기흥구 영덕2동,2956800.0,비연안,False,OBSERVED,True,경기도,용인시 기흥구,영덕2동,,,,,,,비연안,False,heatmap
경기도 용인시 수지구 동천동,6957612.0,비연안,False,OBSERVED,True,경기도,용인시 수지구,동천동,,,,,,,비연안,False,heatmap
경기도 용인시 수지구 상현1동,1086904.0,비연안,False,OBSERVED,True,경기도,용인시 수지구,상현1동,,,,,,,비연안,False,heatmap
경기도 용인시 수지구 상현2동,1572781.0,비연안,False,OBSERVED,True,경기도,용인시 수지구,상현2동,,,,,,,비연안,False,heatmap
경기도 용인시 수지구 상현3동,3594364.0,비연안,False,OBSERVED,True,경기도,용인시 수지구,상현3동,,,,,,,비연안,False,heatmap
경기도 용인시 수지구 성복동,2366416.0,비연안,False,OBSERVED,True,경기도,용인시 수지구,성복동,,,,,,,비연안,False,heatmap
경기도 용인시 수지구 신봉동,3733527.0,비연안,False,OBSERVED,True,경기도,용인시 수지구,신봉동,,,,,,,비연안,False,heatmap
경기도 용인시 수지구 죽전1동,2342354.0,비연안,False,OBSERVED,True,경기도,용인시 수지구,죽전1동,,,,,,,비연안,False,heatmap
경기도 용인시 수지구 죽전2동,5086746.0,비연안,False,OBSERVED,True,경기도,용인시 수지구,죽전2동,,,,,,,비연안,False,heatmap
경기도 용인시 수지구 죽전3동,3512814.0,비연안,False,OBSERVED,True,경기도,용인시 수지구,죽전3동,,,,,,,비연안,False,heatmap
경기도 용인시 수지구 풍덕천1동,10661830.0,비연안,False,OBSERVED,True,경기도,용인시 수지구,풍덕천1동,,,,,,,비연안,False,heatmap
경기도 용인시 수지구 풍덕천2동,4215799.0,비연안,False,OBSERVED,True,경기도,용인시 수지구,풍덕천2동,,,,,,,비연안,False,heatmap
경기도 용인시 처인구 남사읍,6077558.0,비연안,False,OBSERVED,True,경기도,용인시 처인구,남사읍,,,,,,,비연안,False,heatmap
경기도 용인시 처인구 동부동,1555932.0,비연안,False,OBSERVED,True,경기도,용인시 처인구,동부동,,,,,,,비연안,False,heatmap
경기도 용인시 처인구 모현읍,6922643.0,비연안,False,OBSERVED,True,경기도,용인시 처인구,모현읍,,,,,,,비연안,False,heatmap
경기도 용인시 처인구 백암면,2401088.0,비연안,False,OBSERVED,True,경기도,용인시 처인구,백암면,,,,,,,비연안,False,heatmap
경기도 용인시 처인구 삼가동,3805781.0,비연안,False,OBSERVED,True,경기도,용인시 처인구,삼가동,,,,,,,비연안,False,heatmap
경기도 용인시 처인구 양지읍,6066851.0,비연안,False,OBSERVED,True,경기도,용인시 처인구,양지읍,,,,,,,비연안,False,heatmap
경기도 용인시 처인구 역북동,4891089.0,비연안,False,OBSERVED,True,경기도,용인시 처인구,역북동,,,,,,,비연안,False,heatmap
경기도 용인시 처인구 원삼면,4588591.0,비연안,False,OBSERVED,True,경기도,용인시 처인구,원삼면,,,,,,,비연안,False,heatmap
경기도 용인시 처인구 유림1동,2252047.0,비연안,False,OBSERVED,True,경기도,용인시 처인구,유림1동,,,,,,,비연안,False,heatmap
경기도 용인시 처인구 유림2동,2419284.0,비연안,False,OBSERVED,True,경기도,용인시 처인구,유림2동,,,,,,,비연안,False,heatmap
경기도 용인시 처인구 이동읍,4641956.0,비연안,False,OBSERVED,True,경기도,용인시 처인구,이동읍,,,,,,,비연안,False,heatmap
경기도 용인시 처인구 중앙동,6564775.0,비연안,False,OBSERVED,True,경기도,용인시 처인구,중앙동,,,,,,,비연안,False,heatmap
경기도 용인시 처인구 포곡읍,10174570.0,비연안,False,OBSERVED,True,경기도,용인시 처인구,포곡읍,,,,,,,비연안,False,heatmap
경기도 의왕시 고천동,3825577.0,비연안,False,OBSERVED,True,경기도,의왕시,고천동,,,,,,,비연안,False,heatmap
경기도 의왕시 내손1동,3427988.0,비연안,False,OBSERVED,True,경기도,의왕시,내손1동,,,,,,,비연안,False,heatmap
경기도 의왕시 내손2동,2513273.0,비연안,False,OBSERVED,True,경기도,의왕시,내손2동,,,,,,,비연안,False,heatmap
경기도 의왕시 부곡동,6447788.0,비연안,False,OBSERVED,True,경기도,의왕시,부곡동,,,,,,,비연안,False,heatmap
경기도 의왕시 오전동,3360679.0,비연안,False,OBSERVED,True,경기도,의왕시,오전동,,,,,,,비연안,False,heatmap
경기도 의왕시 청계동,13651470.0,비연안,False,OBSERVED,True,경기도,의왕시,청계동,,,,,,,비연안,False,heatmap
경기도 의정부시 가능동,1141528.0,비연안,False,OBSERVED,True,경기도,의정부시,가능동,,,,,,,비연안,False,heatmap
경기도 의정부시 고산동,1870309.0,비연안,False,OBSERVED,True,경기도,의정부시,고산동,,,,,,,비연안,False,heatmap
경기도 의정부시 녹양동,1451639.0,비연안,False,OBSERVED,True,경기도,의정부시,녹양동,,,,,,,비연안,False,heatmap
경기도 의정부시 송산1동,2478784.0,비연안,False,OBSERVED,True,경기도,의정부시,송산1동,,,,,,,비연안,False,heatmap
경기도 의정부시 송산2동,6597056.0,비연안,False,OBSERVED,True,경기도,의정부시,송산2동,,,,,,,비연안,False,heatmap
경기도 의정부시 송산3동,5269145.0,비연안,False,OBSERVED,True,경기도,의정부시,송산3동,,,,,,,비연안,False,heatmap
경기도 의정부시 신곡1동,1945100.0,비연안,False,OBSERVED,True,경기도,의정부시,신곡1동,,,,,,,비연안,False,heatmap
경기도 의정부시 신곡2동,2539422.0,비연안,False,OBSERVED,True,경기도,의정부시,신곡2동,,,,,,,비연안,False,heatmap
경기도 의정부시 의정부1동,10422492.0,비연안,False,OBSERVED,True,경기도,의정부시,의정부1동,,,,,,,비연안,False,heatmap
경기도 의정부시 의정부2동,8168692.0,비연안,False,OBSERVED,True,경기도,의정부시,의정부2동,,,,,,,비연안,False,heatmap
경기도 의정부시 자금동,3960750.0,비연안,False,OBSERVED,True,경기도,의정부시,자금동,,,,,,,비연안,False,heatmap
경기도 의정부시 장암동,4192052.0,비연안,False,OBSERVED,True,경기도,의정부시,장암동,,,,,,,비연안,False,heatmap
경기도 의정부시 호원1동,3896036.0,비연안,False,OBSERVED,True,경기도,의정부시,호원1동,,,,,,,비연안,False,heatmap
경기도 의정부시 호원2동,2313668.0,비연안,False,OBSERVED,True,경기도,의정부시,호원2동,,,,,,,비연안,False,heatmap
경기도 의정부시 흥선동,1144143.0,비연안,False,OBSERVED,True,경기도,의정부시,흥선동,,,,,,,비연안,False,heatmap
경기도 이천시 관고동,2637708.0,비연안,False,OBSERVED,True,경기도,이천시,관고동,,,,,,,비연안,False,heatmap
경기도 이천시 대월면,2352259.0,비연안,False,OBSERVED,True,경기도,이천시,대월면,,,,,,,비연안,False,heatmap
경기도 이천시 마장면,10385280.0,비연안,False,OBSERVED,True,경기도,이천시,마장면,,,,,,,비연안,False,heatmap
경기도 이천시 모가면,2634205.0,비연안,False,OBSERVED,True,경기도,이천시,모가면,,,,,,,비연안,False,heatmap
경기도 이천시 백사면,1637398.0,비연안,False,OBSERVED,True,경기도,이천시,백사면,,,,,,,비연안,False,heatmap
경기도 이천시 부발읍,4566230.0,비연안,False,OBSERVED,True,경기도,이천시,부발읍,,,,,,,비연안,False,heatmap
경기도 이천시 설성면,1521384.0,비연안,False,OBSERVED,True,경기도,이천시,설성면,,,,,,,비연안,False,heatmap
경기도 이천시 신둔면,4015732.0,비연안,False,OBSERVED,True,경기도,이천시,신둔면,,,,,,,비연안,False,heatmap
경기도 이천시 율면,529994.0,비연안,False,OBSERVED,True,경기도,이천시,율면,,,,,,,비연안,False,heatmap
경기도 이천시 장호원읍,2683698.0,비연안,False,OBSERVED,True,경기도,이천시,장호원읍,,,,,,,비연안,False,heatmap
경기도 이천시 중리동,4368035.0,비연안,False,OBSERVED,True,경기도,이천시,중리동,,,,,,,비연안,False,heatmap
경기도 이천시 증포동,2607528.0,비연안,False,OBSERVED,True,경기도,이천시,증포동,,,,,,,비연안,False,heatmap
경기도 이천시 창전동,4728087.0,비연안,False,OBSERVED,True,경기도,이천시,창전동,,,,,,,비연안,False,heatmap
경기도 이천시 호법면,2314176.0,비연안,False,OBSERVED,True,경기도,이천시,호법면,,,,,,,비연안,False,heatmap
경기도 파주시 광탄면,4117796.0,비연안,False,OBSERVED,True,경기도,파주시,광탄면,,,,,,,비연안,False,heatmap
경기도 파주시 교하동,7949616.0,비연안,False,OBSERVED,True,경기도,파주시,교하동,,,,,,,비연안,False,heatmap
경기도 파주시 금촌1동,2940700.0,비연안,False,OBSERVED,True,경기도,파주시,금촌1동,,,,,,,비연안,False,heatmap
경기도 파주시 금촌2동,1785626.0,비연안,False,OBSERVED,True,경기도,파주시,금촌2동,,,,,,,비연안,False,heatmap
경기도 파주시 금촌3동,1386287.0,비연안,False,OBSERVED,True,경기도,파주시,금촌3동,,,,,,,비연안,False,heatmap
경기도 파주시 문산읍,4955013.0,비연안,False,OBSERVED,True,경기도,파주시,문산읍,,,,,,,비연안,False,heatmap
경기도 파주시 법원읍,1688421.0,비연안,False,OBSERVED,True,경기도,파주시,법원읍,,,,,,,비연안,False,heatmap
경기도 파주시 운정1동,6490144.0,비연안,False,OBSERVED,True,경기도,파주시,운정1동,,,,,,,비연안,False,heatmap
경기도 파주시 운정2동,4531586.0,비연안,False,OBSERVED,True,경기도,파주시,운정2동,,,,,,,비연안,False,heatmap
경기도 파주시 운정3동,6762308.0,비연안,False,OBSERVED,True,경기도,파주시,운정3동,,,,,,,비연안,False,heatmap
경기도 파주시 운정4동,3202122.0,비연안,False,OBSERVED,True,경기도,파주시,운정4동,,,,,,,비연안,False,heatmap
경기도 파주시 운정5동,2289105.0,비연안,False,OBSERVED,True,경기도,파주시,운정5동,,,,,,,비연안,False,heatmap
경기도 파주시 운정6동,1775494.0,비연안,False,OBSERVED,True,경기도,파주시,운정6동,,,,,,,비연안,False,heatmap
경기도 파주시 월롱면,1537956.0,비연안,False,OBSERVED,True,경기도,파주시,월롱면,,,,,,,비연안,False,heatmap
경기도 파주시 장단면,757407.0,비연안,False,OBSERVED,True,경기도,파주시,장단면,,,,,,,비연안,False,heatmap
경기도 파주시 적성면,1994874.0,비연안,False,OBSERVED,True,경기도,파주시,적성면,,,,,,,비연안,False,heatmap
경기도 파주시 조리읍,3726373.0,비연안,False,OBSERVED,True,경기도,파주시,조리읍,,,,,,,비연안,False,heatmap
경기도 파주시 탄현면,7727279.0,비연안,False,OBSERVED,True,경기도,파주시,탄현면,,,,,,,비연안,False,heatmap
경기도 파주시 파주읍,1792280.0,비연안,False,OBSERVED,True,경기도,파주시,파주읍,,,,,,,비연안,False,heatmap
경기도 파주시 파평면,1090624.0,비연안,False,OBSERVED,True,경기도,파주시,파평면,,,,,,,비연안,False,heatmap
경기도 평택시 고덕동,4807968.0,비연안,False,OBSERVED,True,경기도,평택시,고덕동,,,,,,,비연안,False,heatmap
경기도 평택시 고덕면,1722931.0,비연안,False,OBSERVED,True,경기도,평택시,고덕면,,,,,,,비연안,False,heatmap
경기도 평택시 동삭동,1827210.0,비연안,False,OBSERVED,True,경기도,평택시,동삭동,,,,,,,비연안,False,heatmap
경기도 평택시 비전1동,4517170.0,비연안,False,OBSERVED,True,경기도,평택시,비전1동,,,,,,,비연안,False,heatmap
경기도 평택시 비전2동,5545852.0,비연안,False,OBSERVED,True,경기도,평택시,비전2동,,,,,,,비연안,False,heatmap
경기도 평택시 서정동,4249602.0,비연안,False,OBSERVED,True,경기도,평택시,서정동,,,,,,,비연안,False,heatmap
경기도 평택시 서탄면,1623254.0,비연안,False,OBSERVED,True,경기도,평택시,서탄면,,,,,,,비연안,False,heatmap
경기도 평택시 세교동,2612838.0,비연안,False,OBSERVED,True,경기도,평택시,세교동,,,,,,,비연안,False,heatmap
경기도 평택시 송북동,1645665.0,비연안,False,OBSERVED,True,경기도,평택시,송북동,,,,,,,비연안,False,heatmap
경기도 평택시 송탄동,3570686.0,비연안,False,OBSERVED,True,경기도,평택시,송탄동,,,,,,,비연안,False,heatmap
경기도 평택시 신장1동,451129.0,비연안,False,OBSERVED,True,경기도,평택시,신장1동,,,,,,,비연안,False,heatmap
경기도 평택시 신장2동,849681.0,비연안,False,OBSERVED,True,경기도,평택시,신장2동,,,,,,,비연안,False,heatmap
경기도 평택시 신평동,5506946.0,비연안,False,OBSERVED,True,경기도,평택시,신평동,,,,,,,비연안,False,heatmap
경기도 평택시 안중읍,3088152.0,비연안,False,OBSERVED,True,경기도,평택시,안중읍,,,,,,,비연안,False,heatmap
경기도 평택시 오성면,1605744.0,비연안,False,OBSERVED,True,경기도,평택시,오성면,,,,,,,비연안,False,heatmap
경기도 평택시 용이동,1576512.0,비연안,False,OBSERVED,True,경기도,평택시,용이동,,,,,,,비연안,False,heatmap
경기도 평택시 원평동,1494482.0,비연안,False,OBSERVED,True,경기도,평택시,원평동,,,,,,,비연안,False,heatmap
경기도 평택시 중앙동,3092190.0,비연안,False,OBSERVED,True,경기도,평택시,중앙동,,,,,,,비연안,False,heatmap
경기도 평택시 지산동,3159674.0,비연안,False,OBSERVED,True,경기도,평택시,지산동,,,,,,,비연안,False,heatmap
경기도 평택시 진위면,2703316.0,비연안,False,OBSERVED,True,경기도,평택시,진위면,,,,,,,비연안,False,heatmap
경기도 평택시 청북읍,3762776.0,비연안,False,OBSERVED,True,경기도,평택시,청북읍,,,,,,,비연안,False,heatmap
경기도 평택시 통복동,785858.0,비연안,False,OBSERVED,True,경기도,평택시,통복동,,,,,,,비연안,False,heatmap
경기도 평택시 팽성읍,3694134.0,비연안,False,OBSERVED,True,경기도,평택시,팽성읍,,,,,,,비연안,False,heatmap
경기도 평택시 포승읍,6410660.0,연안 어촌,False,OBSERVED,True,경기도,평택시,포승읍,,,,,,,연안 어촌,False,heatmap
경기도 평택시 현덕면,4966850.0,연안 어촌,False,OBSERVED,True,경기도,평택시,현덕면,4966850.0,3202720.0,35.52,55.082242593795286,3.0,연안 어촌,연안 어촌,False,heatmap_and_selected_top5
경기도 포천시 가산면,2010760.0,비연안,False,OBSERVED,True,경기도,포천시,가산면,,,,,,,비연안,False,heatmap
경기도 포천시 관인면,1199233.0,비연안,False,OBSERVED,True,경기도,포천시,관인면,,,,,,,비연안,False,heatmap
경기도 포천시 군내면,1831574.0,비연안,False,OBSERVED,True,경기도,포천시,군내면,,,,,,,비연안,False,heatmap
경기도 포천시 내촌면,1946234.0,비연안,False,OBSERVED,True,경기도,포천시,내촌면,,,,,,,비연안,False,heatmap
경기도 포천시 선단동,2478161.0,비연안,False,OBSERVED,True,경기도,포천시,선단동,,,,,,,비연안,False,heatmap
경기도 포천시 소흘읍,8230926.0,비연안,False,OBSERVED,True,경기도,포천시,소흘읍,,,,,,,비연안,False,heatmap
경기도 포천시 신북면,3382190.0,비연안,False,OBSERVED,True,경기도,포천시,신북면,,,,,,,비연안,False,heatmap
경기도 포천시 영북면,3019132.0,비연안,False,OBSERVED,True,경기도,포천시,영북면,,,,,,,비연안,False,heatmap
경기도 포천시 영중면,1139212.0,비연안,False,OBSERVED,True,경기도,포천시,영중면,,,,,,,비연안,False,heatmap
경기도 포천시 이동면,2434114.0,비연안,False,OBSERVED,True,경기도,포천시,이동면,,,,,,,비연안,False,heatmap
경기도 포천시 일동면,2361569.0,비연안,False,OBSERVED,True,경기도,포천시,일동면,,,,,,,비연안,False,heatmap
경기도 포천시 창수면,656047.0,비연안,False,OBSERVED,True,경기도,포천시,창수면,,,,,,,비연안,False,heatmap
경기도 포천시 포천동,2858464.0,비연안,False,OBSERVED,True,경기도,포천시,포천동,,,,,,,비연안,False,heatmap
경기도 포천시 화현면,1337707.0,비연안,False,OBSERVED,True,경기도,포천시,화현면,,,,,,,비연안,False,heatmap
경기도 하남시 감북동,1493426.0,비연안,False,OBSERVED,True,경기도,하남시,감북동,,,,,,,비연안,False,heatmap
경기도 하남시 감일동,4246350.0,비연안,False,OBSERVED,True,경기도,하남시,감일동,,,,,,,비연안,False,heatmap
경기도 하남시 덕풍1동,620050.0,비연안,False,OBSERVED,True,경기도,하남시,덕풍1동,,,,,,,비연안,False,heatmap
경기도 하남시 덕풍2동,900470.0,비연안,False,OBSERVED,True,경기도,하남시,덕풍2동,,,,,,,비연안,False,heatmap
경기도 하남시 덕풍3동,14260897.0,비연안,False,OBSERVED,True,경기도,하남시,덕풍3동,,,,,,,비연안,False,heatmap
경기도 하남시 미사1동,10563528.0,비연안,False,OBSERVED,True,경기도,하남시,미사1동,,,,,,,비연안,False,heatmap
경기도 하남시 미사2동,5938163.0,비연안,False,OBSERVED,True,경기도,하남시,미사2동,,,,,,,비연안,False,heatmap
경기도 하남시 미사3동,5187248.0,비연안,False,OBSERVED,True,경기도,하남시,미사3동,,,,,,,비연안,False,heatmap
경기도 하남시 신장1동,843104.0,비연안,False,OBSERVED,True,경기도,하남시,신장1동,,,,,,,비연안,False,heatmap
경기도 하남시 신장2동,8998213.0,비연안,False,OBSERVED,True,경기도,하남시,신장2동,,,,,,,비연안,False,heatmap
경기도 하남시 위례동,5832382.0,비연안,False,OBSERVED,True,경기도,하남시,위례동,,,,,,,비연안,False,heatmap
경기도 하남시 천현동,9130989.0,비연안,False,OBSERVED,True,경기도,하남시,천현동,,,,,,,비연안,False,heatmap
경기도 하남시 초이동,2001248.0,비연안,False,OBSERVED,True,경기도,하남시,초이동,,,,,,,비연안,False,heatmap
경기도 하남시 춘궁동,2562014.0,비연안,False,OBSERVED,True,경기도,하남시,춘궁동,,,,,,,비연안,False,heatmap
경기도 화성시 동탄구 동탄1동,12859970.0,비연안,False,OBSERVED,True,경기도,화성시 동탄구,동탄1동,,,,,,,비연안,False,heatmap
경기도 화성시 동탄구 동탄2동,2374638.0,비연안,False,OBSERVED,True,경기도,화성시 동탄구,동탄2동,,,,,,,비연안,False,heatmap
경기도 화성시 동탄구 동탄3동,2489098.0,비연안,False,OBSERVED,True,경기도,화성시 동탄구,동탄3동,,,,,,,비연안,False,heatmap
경기도 화성시 동탄구 동탄4동,1744368.0,비연안,False,OBSERVED,True,경기도,화성시 동탄구,동탄4동,,,,,,,비연안,False,heatmap
경기도 화성시 동탄구 동탄5동,4764816.0,비연안,False,OBSERVED,True,경기도,화성시 동탄구,동탄5동,,,,,,,비연안,False,heatmap
경기도 화성시 동탄구 동탄6동,16493614.0,비연안,False,OBSERVED,True,경기도,화성시 동탄구,동탄6동,,,,,,,비연안,False,heatmap
경기도 화성시 동탄구 동탄7동,4293048.0,비연안,False,OBSERVED,True,경기도,화성시 동탄구,동탄7동,,,,,,,비연안,False,heatmap
경기도 화성시 동탄구 동탄8동,2628430.0,비연안,False,OBSERVED,True,경기도,화성시 동탄구,동탄8동,,,,,,,비연안,False,heatmap
경기도 화성시 동탄구 동탄9동,2070338.0,비연안,False,OBSERVED,True,경기도,화성시 동탄구,동탄9동,,,,,,,비연안,False,heatmap
경기도 화성시 만세구 남양읍,9164858.0,연안 어촌,False,OBSERVED,True,경기도,화성시 만세구,남양읍,,,,,,,연안 어촌,False,heatmap
경기도 화성시 만세구 마도면,2001293.0,연안 어촌,False,OBSERVED,True,경기도,화성시 만세구,마도면,,,,,,,연안 어촌,False,heatmap
경기도 화성시 만세구 새솔동,894016.0,연안 도시,False,OBSERVED,True,경기도,화성시 만세구,새솔동,,,,,,,연안 도시,False,heatmap
경기도 화성시 만세구 서신면,5165366.0,연안 어촌,False,OBSERVED,True,경기도,화성시 만세구,서신면,,,,,,,연안 어촌,False,heatmap
경기도 화성시 만세구 송산면,4333886.0,연안 어촌,False,OBSERVED,True,경기도,화성시 만세구,송산면,,,,,,,연안 어촌,False,heatmap
경기도 화성시 만세구 양감면,2570572.0,비연안,False,OBSERVED,True,경기도,화성시 만세구,양감면,,,,,,,비연안,False,heatmap
경기도 화성시 만세구 우정읍,3950992.0,연안 어촌,False,OBSERVED,True,경기도,화성시 만세구,우정읍,,,,,,,연안 어촌,False,heatmap
경기도 화성시 만세구 장안면,2799650.0,연안 어촌,False,OBSERVED,True,경기도,화성시 만세구,장안면,,,,,,,연안 어촌,False,heatmap
경기도 화성시 만세구 팔탄면,7813936.0,비연안,False,OBSERVED,True,경기도,화성시 만세구,팔탄면,,,,,,,비연안,False,heatmap
경기도 화성시 만세구 향남읍,8920356.0,비연안,False,OBSERVED,True,경기도,화성시 만세구,향남읍,,,,,,,비연안,False,heatmap
경기도 화성시 병점구 반월동,4954988.0,비연안,False,OBSERVED,True,경기도,화성시 병점구,반월동,,,,,,,비연안,False,heatmap
경기도 화성시 병점구 병점1동,3044150.0,비연안,False,OBSERVED,True,경기도,화성시 병점구,병점1동,,,,,,,비연안,False,heatmap
경기도 화성시 병점구 병점2동,970284.0,비연안,False,OBSERVED,True,경기도,화성시 병점구,병점2동,,,,,,,비연안,False,heatmap
경기도 화성시 병점구 진안동,5500845.0,비연안,False,OBSERVED,True,경기도,화성시 병점구,진안동,,,,,,,비연안,False,heatmap
경기도 화성시 병점구 화산동,3879354.0,비연안,False,OBSERVED,True,경기도,화성시 병점구,화산동,,,,,,,비연안,False,heatmap
경기도 화성시 효행구 기배동,1907409.0,비연안,False,OBSERVED,True,경기도,화성시 효행구,기배동,,,,,,,비연안,False,heatmap
경기도 화성시 효행구 매송면,3317114.0,비연안,False,OBSERVED,True,경기도,화성시 효행구,매송면,,,,,,,비연안,False,heatmap
경기도 화성시 효행구 봉담읍,11791185.0,비연안,False,OBSERVED,True,경기도,화성시 효행구,봉담읍,,,,,,,비연안,False,heatmap
경기도 화성시 효행구 비봉면,3175382.0,비연안,False,OBSERVED,True,경기도,화성시 효행구,비봉면,,,,,,,비연안,False,heatmap
경기도 화성시 효행구 정남면,4971505.0,비연안,False,OBSERVED,True,경기도,화성시 효행구,정남면,,,,,,,비연안,False,heatmap
경상남도 거제시 거제면,1520603.0,연안 어촌,False,OBSERVED,True,경상남도,거제시,거제면,,,,,,,연안 어촌,False,heatmap
경상남도 거제시 고현동,5648506.0,연안 도시,False,OBSERVED,True,경상남도,거제시,고현동,,,,,,,연안 도시,False,heatmap
경상남도 거제시 남부면,2109454.0,연안 어촌,False,OBSERVED,True,경상남도,거제시,남부면,,,,,,,연안 어촌,False,heatmap
경상남도 거제시 능포동,1134416.0,연안 도시,False,OBSERVED,True,경상남도,거제시,능포동,,,,,,,연안 도시,False,heatmap
경상남도 거제시 동부면,1822373.0,연안 어촌,False,OBSERVED,True,경상남도,거제시,동부면,,,,,,,연안 어촌,False,heatmap
경상남도 거제시 둔덕면,665228.0,연안 어촌,False,OBSERVED,True,경상남도,거제시,둔덕면,,,,,,,연안 어촌,False,heatmap
경상남도 거제시 사등면,2221219.0,연안 어촌,False,OBSERVED,True,경상남도,거제시,사등면,,,,,,,연안 어촌,False,heatmap
경상남도 거제시 상문동,1526462.0,비연안,False,OBSERVED,True,경상남도,거제시,상문동,,,,,,,비연안,False,heatmap
경상남도 거제시 수양동,1025202.0,비연안,False,OBSERVED,True,경상남도,거제시,수양동,,,,,,,비연안,False,heatmap
경상남도 거제시 아주동,2180899.0,연안 도시,False,OBSERVED,True,경상남도,거제시,아주동,,,,,,,연안 도시,False,heatmap
경상남도 거제시 연초면,1046731.0,연안 어촌,False,OBSERVED,True,경상남도,거제시,연초면,,,,,,,연안 어촌,False,heatmap
경상남도 거제시 옥포1동,1903657.0,연안 도시,False,OBSERVED,True,경상남도,거제시,옥포1동,,,,,,,연안 도시,False,heatmap
경상남도 거제시 옥포2동,1423863.0,연안 도시,False,OBSERVED,True,경상남도,거제시,옥포2동,,,,,,,연안 도시,False,heatmap
경상남도 거제시 일운면,4242406.0,연안 어촌,False,OBSERVED,True,경상남도,거제시,일운면,,,,,,,연안 어촌,False,heatmap
경상남도 거제시 장목면,3886505.0,연안 어촌,False,OBSERVED,True,경상남도,거제시,장목면,,,,,,,연안 어촌,False,heatmap
경상남도 거제시 장승포동,1430398.0,연안 도시,False,OBSERVED,True,경상남도,거제시,장승포동,,,,,,,연안 도시,False,heatmap
경상남도 거제시 장평동,2500309.0,연안 도시,False,OBSERVED,True,경상남도,거제시,장평동,,,,,,,연안 도시,False,heatmap
경상남도 거제시 하청면,887408.0,연안 어촌,False,OBSERVED,True,경상남도,거제시,하청면,,,,,,,연안 어촌,False,heatmap
경상남도 거창군 가북면,162124.0,비연안,False,OBSERVED,True,경상남도,거창군,가북면,,,,,,,비연안,False,heatmap
경상남도 거창군 가조면,1502760.0,비연안,False,OBSERVED,True,경상남도,거창군,가조면,,,,,,,비연안,False,heatmap
경상남도 거창군 거창읍,3526908.0,비연안,False,OBSERVED,True,경상남도,거창군,거창읍,,,,,,,비연안,False,heatmap
경상남도 거창군 고제면,245112.0,비연안,False,OBSERVED,True,경상남도,거창군,고제면,,,,,,,비연안,False,heatmap
경상남도 거창군 남상면,1210892.0,비연안,False,OBSERVED,True,경상남도,거창군,남상면,,,,,,,비연안,False,heatmap
경상남도 거창군 남하면,237986.0,비연안,False,OBSERVED,True,경상남도,거창군,남하면,,,,,,,비연안,False,heatmap
경상남도 거창군 마리면,389669.0,비연안,False,OBSERVED,True,경상남도,거창군,마리면,,,,,,,비연안,False,heatmap
경상남도 거창군 북상면,510440.0,비연안,False,OBSERVED,True,경상남도,거창군,북상면,,,,,,,비연안,False,heatmap
경상남도 거창군 신원면,311640.0,비연안,False,OBSERVED,True,경상남도,거창군,신원면,,,,,,,비연안,False,heatmap
경상남도 거창군 웅양면,159884.0,비연안,False,OBSERVED,True,경상남도,거창군,웅양면,,,,,,,비연안,False,heatmap
경상남도 거창군 위천면,734688.0,비연안,False,OBSERVED,True,경상남도,거창군,위천면,,,,,,,비연안,False,heatmap
경상남도 거창군 주상면,139552.0,비연안,False,OBSERVED,True,경상남도,거창군,주상면,,,,,,,비연안,False,heatmap
경상남도 고성군 개천면,186739.0,비연안,False,OBSERVED,True,경상남도,고성군,개천면,,,,,,,비연안,False,heatmap
경상남도 고성군 거류면,809406.0,연안 어촌,False,OBSERVED,True,경상남도,고성군,거류면,,,,,,,연안 어촌,False,heatmap
경상남도 고성군 고성읍,3980312.0,연안 어촌,False,OBSERVED,True,경상남도,고성군,고성읍,,,,,,,연안 어촌,False,heatmap
경상남도 고성군 구만면,119108.0,비연안,False,OBSERVED,True,경상남도,고성군,구만면,,,,,,,비연안,False,heatmap
경상남도 고성군 대가면,2088821.0,비연안,False,OBSERVED,True,경상남도,고성군,대가면,,,,,,,비연안,False,heatmap
경상남도 고성군 동해면,1350696.0,연안 어촌,False,OBSERVED,True,경상남도,고성군,동해면,,,,,,,연안 어촌,False,heatmap
경상남도 고성군 마암면,448290.0,연안 어촌,False,OBSERVED,True,경상남도,고성군,마암면,,,,,,,연안 어촌,False,heatmap
경상남도 고성군 삼산면,575575.0,연안 어촌,False,OBSERVED,True,경상남도,고성군,삼산면,,,,,,,연안 어촌,False,heatmap
경상남도 고성군 상리면,430132.0,비연안,False,OBSERVED,True,경상남도,고성군,상리면,,,,,,,비연안,False,heatmap
경상남도 고성군 영오면,230492.0,비연안,False,OBSERVED,True,경상남도,고성군,영오면,,,,,,,비연안,False,heatmap
경상남도 고성군 영현면,161472.0,비연안,False,OBSERVED,True,경상남도,고성군,영현면,,,,,,,비연안,False,heatmap
경상남도 고성군 하이면,948458.0,연안 어촌,False,OBSERVED,True,경상남도,고성군,하이면,,,,,,,연안 어촌,False,heatmap
경상남도 고성군 하일면,473480.0,연안 어촌,False,OBSERVED,True,경상남도,고성군,하일면,,,,,,,연안 어촌,False,heatmap
경상남도 고성군 회화면,1032006.0,연안 어촌,False,OBSERVED,True,경상남도,고성군,회화면,,,,,,,연안 어촌,False,heatmap
경상남도 김해시 내외동,5363771.0,비연안,False,OBSERVED,True,경상남도,김해시,내외동,,,,,,,비연안,False,heatmap
경상남도 김해시 대동면,3837946.0,비연안,False,OBSERVED,True,경상남도,김해시,대동면,,,,,,,비연안,False,heatmap
경상남도 김해시 동상동,1937072.0,비연안,False,OBSERVED,True,경상남도,김해시,동상동,,,,,,,비연안,False,heatmap
경상남도 김해시 부원동,4480774.0,비연안,False,OBSERVED,True,경상남도,김해시,부원동,,,,,,,비연안,False,heatmap
경상남도 김해시 북부동,4061400.0,비연안,False,OBSERVED,True,경상남도,김해시,북부동,,,,,,,비연안,False,heatmap
경상남도 김해시 불암동,397232.0,비연안,False,OBSERVED,True,경상남도,김해시,불암동,,,,,,,비연안,False,heatmap
경상남도 김해시 삼안동,3226780.0,비연안,False,OBSERVED,True,경상남도,김해시,삼안동,,,,,,,비연안,False,heatmap
경상남도 김해시 상동면,1429834.0,비연안,False,OBSERVED,True,경상남도,김해시,상동면,,,,,,,비연안,False,heatmap
경상남도 김해시 생림면,1443502.0,비연안,False,OBSERVED,True,경상남도,김해시,생림면,,,,,,,비연안,False,heatmap
경상남도 김해시 장유1동,7492058.0,비연안,False,OBSERVED,True,경상남도,김해시,장유1동,,,,,,,비연안,False,heatmap
경상남도 김해시 장유2동,4555908.0,비연안,False,OBSERVED,True,경상남도,김해시,장유2동,,,,,,,비연안,False,heatmap
경상남도 김해시 장유3동,4168868.0,비연안,False,OBSERVED,True,경상남도,김해시,장유3동,,,,,,,비연안,False,heatmap
경상남도 김해시 주촌면,1946018.0,비연안,False,OBSERVED,True,경상남도,김해시,주촌면,,,,,,,비연안,False,heatmap
경상남도 김해시 진례면,1747249.0,비연안,False,OBSERVED,True,경상남도,김해시,진례면,,,,,,,비연안,False,heatmap
경상남도 김해시 진영읍,6733426.0,비연안,False,OBSERVED,True,경상남도,김해시,진영읍,,,,,,,비연안,False,heatmap
경상남도 김해시 칠산서부동,1870141.0,비연안,False,OBSERVED,True,경상남도,김해시,칠산서부동,,,,,,,비연안,False,heatmap
경상남도 김해시 한림면,2012588.0,비연안,False,OBSERVED,True,경상남도,김해시,한림면,,,,,,,비연안,False,heatmap
경상남도 김해시 활천동,3388032.0,비연안,False,OBSERVED,True,경상남도,김해시,활천동,,,,,,,비연안,False,heatmap
경상남도 김해시 회현동,941266.0,비연안,False,OBSERVED,True,경상남도,김해시,회현동,,,,,,,비연안,False,heatmap
경상남도 남해군 고현면,426895.0,연안 어촌,False,OBSERVED,True,경상남도,남해군,고현면,,,,,,,연안 어촌,False,heatmap
경상남도 남해군 남면,1696282.0,연안 어촌,False,OBSERVED,True,경상남도,남해군,남면,,,,,,,연안 어촌,False,heatmap
경상남도 남해군 남해읍,1627588.0,연안 어촌,False,OBSERVED,True,경상남도,남해군,남해읍,,,,,,,연안 어촌,False,heatmap
경상남도 남해군 미조면,1766040.0,연안 어촌,False,OBSERVED,True,경상남도,남해군,미조면,,,,,,,연안 어촌,False,heatmap
경상남도 남해군 삼동면,2937781.0,연안 어촌,False,OBSERVED,True,경상남도,남해군,삼동면,,,,,,,연안 어촌,False,heatmap
경상남도 남해군 상주면,1223646.0,연안 어촌,False,OBSERVED,True,경상남도,남해군,상주면,,,,,,,연안 어촌,False,heatmap
경상남도 남해군 서면,877460.0,연안 어촌,False,OBSERVED,True,경상남도,남해군,서면,,,,,,,연안 어촌,False,heatmap
경상남도 남해군 설천면,709513.0,연안 어촌,False,OBSERVED,True,경상남도,남해군,설천면,,,,,,,연안 어촌,False,heatmap
경상남도 남해군 이동면,1039696.0,연안 어촌,False,OBSERVED,True,경상남도,남해군,이동면,,,,,,,연안 어촌,False,heatmap
경상남도 남해군 창선면,1679923.0,연안 어촌,False,OBSERVED,True,경상남도,남해군,창선면,,,,,,,연안 어촌,False,heatmap
경상남도 밀양시 가곡동,1485200.0,비연안,False,OBSERVED,True,경상남도,밀양시,가곡동,,,,,,,비연안,False,heatmap
경상남도 밀양시 교동,952777.0,비연안,False,OBSERVED,True,경상남도,밀양시,교동,,,,,,,비연안,False,heatmap
경상남도 밀양시 내이동,2197118.0,비연안,False,OBSERVED,True,경상남도,밀양시,내이동,,,,,,,비연안,False,heatmap
경상남도 밀양시 내일동,1393455.0,비연안,False,OBSERVED,True,경상남도,밀양시,내일동,,,,,,,비연안,False,heatmap
경상남도 밀양시 단장면,2133422.0,비연안,False,OBSERVED,True,경상남도,밀양시,단장면,,,,,,,비연안,False,heatmap
경상남도 밀양시 무안면,1047039.0,비연안,False,OBSERVED,True,경상남도,밀양시,무안면,,,,,,,비연안,False,heatmap
경상남도 밀양시 부북면,1230156.0,비연안,False,OBSERVED,True,경상남도,밀양시,부북면,,,,,,,비연안,False,heatmap
경상남도 밀양시 산내면,1506376.0,비연안,False,OBSERVED,True,경상남도,밀양시,산내면,,,,,,,비연안,False,heatmap
경상남도 밀양시 산외면,1438594.0,비연안,False,OBSERVED,True,경상남도,밀양시,산외면,,,,,,,비연안,False,heatmap
경상남도 밀양시 삼랑진읍,2678326.0,비연안,False,OBSERVED,True,경상남도,밀양시,삼랑진읍,,,,,,,비연안,False,heatmap
경상남도 밀양시 삼문동,2091586.0,비연안,False,OBSERVED,True,경상남도,밀양시,삼문동,,,,,,,비연안,False,heatmap
경상남도 밀양시 상남면,911701.0,비연안,False,OBSERVED,True,경상남도,밀양시,상남면,,,,,,,비연안,False,heatmap
경상남도 밀양시 상동면,683652.0,비연안,False,OBSERVED,True,경상남도,밀양시,상동면,,,,,,,비연안,False,heatmap
경상남도 밀양시 청도면,175686.0,비연안,False,OBSERVED,True,경상남도,밀양시,청도면,,,,,,,비연안,False,heatmap
경상남도 밀양시 초동면,553550.0,비연안,False,OBSERVED,True,경상남도,밀양시,초동면,,,,,,,비연안,False,heatmap
경상남도 밀양시 하남읍,1370579.0,비연안,False,OBSERVED,True,경상남도,밀양시,하남읍,,,,,,,비연안,False,heatmap
경상남도 사천시 곤명면,1039591.0,비연안,False,OBSERVED,True,경상남도,사천시,곤명면,,,,,,,비연안,False,heatmap
경상남도 사천시 곤양면,1130283.0,연안 어촌,False,OBSERVED,True,경상남도,사천시,곤양면,,,,,,,연안 어촌,False,heatmap
경상남도 사천시 남양동,1476650.0,연안 도시,False,OBSERVED,True,경상남도,사천시,남양동,,,,,,,연안 도시,False,heatmap
경상남도 사천시 동서금동,2726682.0,연안 도시,False,OBSERVED,True,경상남도,사천시,동서금동,,,,,,,연안 도시,False,heatmap
경상남도 사천시 동서동,2599394.0,연안 도시,False,OBSERVED,True,경상남도,사천시,동서동,,,,,,,연안 도시,False,heatmap
경상남도 사천시 벌용동,1628256.0,비연안,False,OBSERVED,True,경상남도,사천시,벌용동,,,,,,,비연안,False,heatmap
경상남도 사천시 사남면,1752510.0,연안 어촌,False,OBSERVED,True,경상남도,사천시,사남면,,,,,,,연안 어촌,False,heatmap
경상남도 사천시 사천읍,3103712.0,연안 어촌,False,OBSERVED,True,경상남도,사천시,사천읍,,,,,,,연안 어촌,False,heatmap
경상남도 사천시 서포면,962703.0,연안 어촌,False,OBSERVED,True,경상남도,사천시,서포면,,,,,,,연안 어촌,False,heatmap
경상남도 사천시 선구동,1658422.0,연안 도시,False,OBSERVED,True,경상남도,사천시,선구동,,,,,,,연안 도시,False,heatmap
경상남도 사천시 용현면,1473451.0,연안 어촌,False,OBSERVED,True,경상남도,사천시,용현면,,,,,,,연안 어촌,False,heatmap
경상남도 사천시 정동면,1035884.0,비연안,False,OBSERVED,True,경상남도,사천시,정동면,,,,,,,비연안,False,heatmap
경상남도 사천시 축동면,768061.0,연안 어촌,False,OBSERVED,True,경상남도,사천시,축동면,,,,,,,연안 어촌,False,heatmap
경상남도 사천시 향촌동,754859.0,연안 도시,False,OBSERVED,True,경상남도,사천시,향촌동,,,,,,,연안 도시,False,heatmap
경상남도 산청군 금서면,1182772.0,비연안,False,OBSERVED,True,경상남도,산청군,금서면,,,,,,,비연안,False,heatmap
경상남도 산청군 단성면,2096490.0,비연안,False,OBSERVED,True,경상남도,산청군,단성면,,,,,,,비연안,False,heatmap
경상남도 산청군 산청읍,1286582.0,비연안,False,OBSERVED,True,경상남도,산청군,산청읍,,,,,,,비연안,False,heatmap
경상남도 산청군 삼장면,552982.0,비연안,False,OBSERVED,True,경상남도,산청군,삼장면,,,,,,,비연안,False,heatmap
경상남도 산청군 생비량면,267284.0,비연안,False,OBSERVED,True,경상남도,산청군,생비량면,,,,,,,비연안,False,heatmap
경상남도 산청군 생초면,580209.0,비연안,False,OBSERVED,True,경상남도,산청군,생초면,,,,,,,비연안,False,heatmap
경상남도 산청군 시천면,1480672.0,비연안,False,OBSERVED,True,경상남도,산청군,시천면,,,,,,,비연안,False,heatmap
경상남도 산청군 신등면,409174.0,비연안,False,OBSERVED,True,경상남도,산청군,신등면,,,,,,,비연안,False,heatmap
경상남도 산청군 신안면,1125806.0,비연안,False,OBSERVED,True,경상남도,산청군,신안면,,,,,,,비연안,False,heatmap
경상남도 산청군 오부면,88851.0,비연안,False,OBSERVED,True,경상남도,산청군,오부면,,,,,,,비연안,False,heatmap
경상남도 산청군 차황면,264264.0,비연안,False,OBSERVED,True,경상남도,산청군,차황면,,,,,,,비연안,False,heatmap
경상남도 양산시 강서동,1349562.0,비연안,False,OBSERVED,True,경상남도,양산시,강서동,,,,,,,비연안,False,heatmap
경상남도 양산시 덕계동,1854202.0,비연안,False,OBSERVED,True,경상남도,양산시,덕계동,,,,,,,비연안,False,heatmap
경상남도 양산시 동면,6437270.0,비연안,False,OBSERVED,True,경상남도,양산시,동면,,,,,,,비연안,False,heatmap
경상남도 양산시 물금읍,10601140.0,비연안,False,OBSERVED,True,경상남도,양산시,물금읍,,,,,,,비연안,False,heatmap
경상남도 양산시 삼성동,2889194.0,비연안,False,OBSERVED,True,경상남도,양산시,삼성동,,,,,,,비연안,False,heatmap
경상남도 양산시 상북면,3207110.0,비연안,False,OBSERVED,True,경상남도,양산시,상북면,,,,,,,비연안,False,heatmap
경상남도 양산시 서창동,2082507.0,비연안,False,OBSERVED,True,경상남도,양산시,서창동,,,,,,,비연안,False,heatmap
경상남도 양산시 소주동,1680164.0,비연안,False,OBSERVED,True,경상남도,양산시,소주동,,,,,,,비연안,False,heatmap
경상남도 양산시 양주동,2257000.0,비연안,False,OBSERVED,True,경상남도,양산시,양주동,,,,,,,비연안,False,heatmap
경상남도 양산시 원동면,1775312.0,비연안,False,OBSERVED,True,경상남도,양산시,원동면,,,,,,,비연안,False,heatmap
경상남도 양산시 중앙동,3401188.0,비연안,False,OBSERVED,True,경상남도,양산시,중앙동,,,,,,,비연안,False,heatmap
경상남도 양산시 평산동,2959215.0,비연안,False,OBSERVED,True,경상남도,양산시,평산동,,,,,,,비연안,False,heatmap
경상남도 양산시 하북면,6150067.0,비연안,False,OBSERVED,True,경상남도,양산시,하북면,,,,,,,비연안,False,heatmap
경상남도 의령군 가례면,366114.0,비연안,False,OBSERVED,True,경상남도,의령군,가례면,,,,,,,비연안,False,heatmap
경상남도 의령군 궁류면,333123.0,비연안,False,OBSERVED,True,경상남도,의령군,궁류면,,,,,,,비연안,False,heatmap
경상남도 의령군 낙서면,125030.0,비연안,False,OBSERVED,True,경상남도,의령군,낙서면,,,,,,,비연안,False,heatmap
경상남도 의령군 대의면,360290.0,비연안,False,OBSERVED,True,경상남도,의령군,대의면,,,,,,,비연안,False,heatmap
경상남도 의령군 봉수면,180831.0,비연안,False,OBSERVED,True,경상남도,의령군,봉수면,,,,,,,비연안,False,heatmap
경상남도 의령군 부림면,372722.0,비연안,False,OBSERVED,True,경상남도,의령군,부림면,,,,,,,비연안,False,heatmap
경상남도 의령군 용덕면,196438.0,비연안,False,OBSERVED,True,경상남도,의령군,용덕면,,,,,,,비연안,False,heatmap
경상남도 의령군 유곡면,160192.0,비연안,False,OBSERVED,True,경상남도,의령군,유곡면,,,,,,,비연안,False,heatmap
경상남도 의령군 의령읍,2371600.0,비연안,False,OBSERVED,True,경상남도,의령군,의령읍,,,,,,,비연안,False,heatmap
경상남도 의령군 정곡면,419930.0,비연안,False,OBSERVED,True,경상남도,의령군,정곡면,,,,,,,비연안,False,heatmap
경상남도 의령군 지정면,320782.0,비연안,False,OBSERVED,True,경상남도,의령군,지정면,,,,,,,비연안,False,heatmap
경상남도 의령군 칠곡면,356594.0,비연안,False,OBSERVED,True,경상남도,의령군,칠곡면,,,,,,,비연안,False,heatmap
경상남도 의령군 화정면,141264.0,비연안,False,OBSERVED,True,경상남도,의령군,화정면,,,,,,,비연안,False,heatmap
경상남도 진주시 가호동,3598038.0,비연안,False,OBSERVED,True,경상남도,진주시,가호동,,,,,,,비연안,False,heatmap
경상남도 진주시 금곡면,163650.0,비연안,False,OBSERVED,True,경상남도,진주시,금곡면,,,,,,,비연안,False,heatmap
경상남도 진주시 금산면,1750018.0,비연안,False,OBSERVED,True,경상남도,진주시,금산면,,,,,,,비연안,False,heatmap
경상남도 진주시 내동면,558092.0,비연안,False,OBSERVED,True,경상남도,진주시,내동면,,,,,,,비연안,False,heatmap
경상남도 진주시 대곡면,267666.0,비연안,False,OBSERVED,True,경상남도,진주시,대곡면,,,,,,,비연안,False,heatmap
경상남도 진주시 대평면,137672.0,비연안,False,OBSERVED,True,경상남도,진주시,대평면,,,,,,,비연안,False,heatmap
경상남도 진주시 명석면,435897.0,비연안,False,OBSERVED,True,경상남도,진주시,명석면,,,,,,,비연안,False,heatmap
경상남도 진주시 문산읍,885168.0,비연안,False,OBSERVED,True,경상남도,진주시,문산읍,,,,,,,비연안,False,heatmap
경상남도 진주시 미천면,115104.0,비연안,False,OBSERVED,True,경상남도,진주시,미천면,,,,,,,비연안,False,heatmap
경상남도 진주시 사봉면,209142.0,비연안,False,OBSERVED,True,경상남도,진주시,사봉면,,,,,,,비연안,False,heatmap
경상남도 진주시 상대동,3947220.0,비연안,False,OBSERVED,True,경상남도,진주시,상대동,,,,,,,비연안,False,heatmap
경상남도 진주시 상봉동,410084.0,비연안,False,OBSERVED,True,경상남도,진주시,상봉동,,,,,,,비연안,False,heatmap
경상남도 진주시 상평동,600492.0,비연안,False,OBSERVED,True,경상남도,진주시,상평동,,,,,,,비연안,False,heatmap
경상남도 진주시 성북동,2936752.0,비연안,False,OBSERVED,True,경상남도,진주시,성북동,,,,,,,비연안,False,heatmap
경상남도 진주시 수곡면,220234.0,비연안,False,OBSERVED,True,경상남도,진주시,수곡면,,,,,,,비연안,False,heatmap
경상남도 진주시 신안동,1003230.0,비연안,False,OBSERVED,True,경상남도,진주시,신안동,,,,,,,비연안,False,heatmap
경상남도 진주시 이반성면,365830.0,비연안,False,OBSERVED,True,경상남도,진주시,이반성면,,,,,,,비연안,False,heatmap
경상남도 진주시 이현동,672102.0,비연안,False,OBSERVED,True,경상남도,진주시,이현동,,,,,,,비연안,False,heatmap
경상남도 진주시 일반성면,362180.0,비연안,False,OBSERVED,True,경상남도,진주시,일반성면,,,,,,,비연안,False,heatmap
경상남도 진주시 정촌면,895797.0,비연안,False,OBSERVED,True,경상남도,진주시,정촌면,,,,,,,비연안,False,heatmap
경상남도 진주시 중앙동,2252509.0,비연안,False,OBSERVED,True,경상남도,진주시,중앙동,,,,,,,비연안,False,heatmap
경상남도 진주시 지수면,265612.0,비연안,False,OBSERVED,True,경상남도,진주시,지수면,,,,,,,비연안,False,heatmap
경상남도 진주시 진성면,527656.0,비연안,False,OBSERVED,True,경상남도,진주시,진성면,,,,,,,비연안,False,heatmap
경상남도 진주시 집현면,212632.0,비연안,False,OBSERVED,True,경상남도,진주시,집현면,,,,,,,비연안,False,heatmap
경상남도 진주시 천전동,3706482.0,비연안,False,OBSERVED,True,경상남도,진주시,천전동,,,,,,,비연안,False,heatmap
경상남도 진주시 초장동,1235370.0,비연안,False,OBSERVED,True,경상남도,진주시,초장동,,,,,,,비연안,False,heatmap
경상남도 진주시 충무공동,1885191.0,비연안,False,OBSERVED,True,경상남도,진주시,충무공동,,,,,,,비연안,False,heatmap
경상남도 진주시 판문동,1958446.0,비연안,False,OBSERVED,True,경상남도,진주시,판문동,,,,,,,비연안,False,heatmap
경상남도 진주시 평거동,1864544.0,비연안,False,OBSERVED,True,경상남도,진주시,평거동,,,,,,,비연안,False,heatmap
경상남도 진주시 하대동,1183920.0,비연안,False,OBSERVED,True,경상남도,진주시,하대동,,,,,,,비연안,False,heatmap
경상남도 창녕군 계성면,478919.0,비연안,False,OBSERVED,True,경상남도,창녕군,계성면,,,,,,,비연안,False,heatmap
경상남도 창녕군 고암면,288362.0,비연안,False,OBSERVED,True,경상남도,창녕군,고암면,,,,,,,비연안,False,heatmap
경상남도 창녕군 길곡면,146472.0,비연안,False,OBSERVED,True,경상남도,창녕군,길곡면,,,,,,,비연안,False,heatmap
경상남도 창녕군 남지읍,2236938.0,비연안,False,OBSERVED,True,경상남도,창녕군,남지읍,,,,,,,비연안,False,heatmap
경상남도 창녕군 대지면,265094.0,비연안,False,OBSERVED,True,경상남도,창녕군,대지면,,,,,,,비연안,False,heatmap
경상남도 창녕군 대합면,1065211.0,비연안,False,OBSERVED,True,경상남도,창녕군,대합면,,,,,,,비연안,False,heatmap
경상남도 창녕군 도천면,524114.0,비연안,False,OBSERVED,True,경상남도,창녕군,도천면,,,,,,,비연안,False,heatmap
경상남도 창녕군 부곡면,2072298.0,비연안,False,OBSERVED,True,경상남도,창녕군,부곡면,,,,,,,비연안,False,heatmap
경상남도 창녕군 성산면,432264.0,비연안,False,OBSERVED,True,경상남도,창녕군,성산면,,,,,,,비연안,False,heatmap
경상남도 창녕군 영산면,1227314.0,비연안,False,OBSERVED,True,경상남도,창녕군,영산면,,,,,,,비연안,False,heatmap
경상남도 창녕군 유어면,349310.0,비연안,False,OBSERVED,True,경상남도,창녕군,유어면,,,,,,,비연안,False,heatmap
경상남도 창녕군 이방면,545720.0,비연안,False,OBSERVED,True,경상남도,창녕군,이방면,,,,,,,비연안,False,heatmap
경상남도 창녕군 장마면,377622.0,비연안,False,OBSERVED,True,경상남도,창녕군,장마면,,,,,,,비연안,False,heatmap
경상남도 창녕군 창녕읍,2394284.0,비연안,False,OBSERVED,True,경상남도,창녕군,창녕읍,,,,,,,비연안,False,heatmap
경상남도 창원시 마산합포구 가포동,1393480.0,연안 도시,False,OBSERVED,True,경상남도,창원시 마산합포구,가포동,,,,,,,연안 도시,False,heatmap
경상남도 창원시 마산합포구 교방동,1487868.0,비연안,False,OBSERVED,True,경상남도,창원시 마산합포구,교방동,,,,,,,비연안,False,heatmap
경상남도 창원시 마산합포구 구산면,2414016.0,연안 어촌,False,OBSERVED,True,경상남도,창원시 마산합포구,구산면,,,,,,,연안 어촌,False,heatmap
경상남도 창원시 마산합포구 문화동,2833604.0,연안 도시,False,OBSERVED,True,경상남도,창원시 마산합포구,문화동,,,,,,,연안 도시,False,heatmap
경상남도 창원시 마산합포구 반월중앙동,1306322.0,연안 도시,False,OBSERVED,True,경상남도,창원시 마산합포구,반월중앙동,,,,,,,연안 도시,False,heatmap
경상남도 창원시 마산합포구 산호동,2461795.0,비연안,False,OBSERVED,True,경상남도,창원시 마산합포구,산호동,,,,,,,비연안,False,heatmap
경상남도 창원시 마산합포구 오동동,7699304.0,연안 도시,False,OBSERVED,True,경상남도,창원시 마산합포구,오동동,,,,,,,연안 도시,False,heatmap
경상남도 창원시 마산합포구 완월동,1228412.0,비연안,False,OBSERVED,True,경상남도,창원시 마산합포구,완월동,,,,,,,비연안,False,heatmap
경상남도 창원시 마산합포구 월영동,3430847.0,연안 도시,False,OBSERVED,True,경상남도,창원시 마산합포구,월영동,,,,,,,연안 도시,False,heatmap
경상남도 창원시 마산합포구 자산동,875228.0,비연안,False,OBSERVED,True,경상남도,창원시 마산합포구,자산동,,,,,,,비연안,False,heatmap
경상남도 창원시 마산합포구 진동면,1833478.0,연안 어촌,False,OBSERVED,True,경상남도,창원시 마산합포구,진동면,,,,,,,연안 어촌,False,heatmap
경상남도 창원시 마산합포구 진북면,830532.0,비연안,False,OBSERVED,True,경상남도,창원시 마산합포구,진북면,,,,,,,비연안,False,heatmap
경상남도 창원시 마산합포구 진전면,1163582.0,연안 어촌,False,OBSERVED,True,경상남도,창원시 마산합포구,진전면,,,,,,,연안 어촌,False,heatmap
경상남도 창원시 마산합포구 합포동,2069697.0,연안 도시,False,OBSERVED,True,경상남도,창원시 마산합포구,합포동,,,,,,,연안 도시,False,heatmap
경상남도 창원시 마산합포구 현동,1234510.0,연안 도시,False,OBSERVED,True,경상남도,창원시 마산합포구,현동,,,,,,,연안 도시,False,heatmap
경상남도 창원시 마산회원구 구암1동,611737.0,비연안,False,OBSERVED,True,경상남도,창원시 마산회원구,구암1동,,,,,,,비연안,False,heatmap
경상남도 창원시 마산회원구 구암2동,1563874.0,비연안,False,OBSERVED,True,경상남도,창원시 마산회원구,구암2동,,,,,,,비연안,False,heatmap
경상남도 창원시 마산회원구 내서읍,6237032.0,비연안,False,OBSERVED,True,경상남도,창원시 마산회원구,내서읍,,,,,,,비연안,False,heatmap
경상남도 창원시 마산회원구 봉암동,1527253.0,연안 도시,False,OBSERVED,True,경상남도,창원시 마산회원구,봉암동,,,,,,,연안 도시,False,heatmap
경상남도 창원시 마산회원구 석전동,3477316.0,비연안,False,OBSERVED,True,경상남도,창원시 마산회원구,석전동,,,,,,,비연안,False,heatmap
경상남도 창원시 마산회원구 양덕1동,826648.0,비연안,False,OBSERVED,True,경상남도,창원시 마산회원구,양덕1동,,,,,,,비연안,False,heatmap
경상남도 창원시 마산회원구 양덕2동,3943765.0,비연안,False,OBSERVED,True,경상남도,창원시 마산회원구,양덕2동,,,,,,,비연안,False,heatmap
경상남도 창원시 마산회원구 합성1동,738290.0,비연안,False,OBSERVED,True,경상남도,창원시 마산회원구,합성1동,,,,,,,비연안,False,heatmap
경상남도 창원시 마산회원구 합성2동,4004984.0,비연안,False,OBSERVED,True,경상남도,창원시 마산회원구,합성2동,,,,,,,비연안,False,heatmap
경상남도 창원시 마산회원구 회성동,1000699.0,비연안,False,OBSERVED,True,경상남도,창원시 마산회원구,회성동,,,,,,,비연안,False,heatmap
경상남도 창원시 마산회원구 회원1동,1241877.0,비연안,False,OBSERVED,True,경상남도,창원시 마산회원구,회원1동,,,,,,,비연안,False,heatmap
경상남도 창원시 마산회원구 회원2동,835468.0,비연안,False,OBSERVED,True,경상남도,창원시 마산회원구,회원2동,,,,,,,비연안,False,heatmap
경상남도 창원시 성산구 가음정동,3758486.0,비연안,False,OBSERVED,True,경상남도,창원시 성산구,가음정동,,,,,,,비연안,False,heatmap
경상남도 창원시 성산구 반송동,3654578.0,비연안,False,OBSERVED,True,경상남도,창원시 성산구,반송동,,,,,,,비연안,False,heatmap
경상남도 창원시 성산구 사파동,2760958.0,비연안,False,OBSERVED,True,경상남도,창원시 성산구,사파동,,,,,,,비연안,False,heatmap
경상남도 창원시 성산구 상남동,8836709.0,비연안,False,OBSERVED,True,경상남도,창원시 성산구,상남동,,,,,,,비연안,False,heatmap
경상남도 창원시 성산구 성주동,3968184.0,비연안,False,OBSERVED,True,경상남도,창원시 성산구,성주동,,,,,,,비연안,False,heatmap
경상남도 창원시 성산구 용지동,6337524.0,비연안,False,OBSERVED,True,경상남도,창원시 성산구,용지동,,,,,,,비연안,False,heatmap
경상남도 창원시 성산구 웅남동,5426029.0,연안 도시,False,OBSERVED,True,경상남도,창원시 성산구,웅남동,,,,,,,연안 도시,False,heatmap
경상남도 창원시 성산구 중앙동,11614628.0,비연안,False,OBSERVED,True,경상남도,창원시 성산구,중앙동,,,,,,,비연안,False,heatmap
경상남도 창원시 의창구 대산면,2580725.0,비연안,False,OBSERVED,True,경상남도,창원시 의창구,대산면,,,,,,,비연안,False,heatmap
경상남도 창원시 의창구 동읍,3813344.0,비연안,False,OBSERVED,True,경상남도,창원시 의창구,동읍,,,,,,,비연안,False,heatmap
경상남도 창원시 의창구 명곡동,3757516.0,비연안,False,OBSERVED,True,경상남도,창원시 의창구,명곡동,,,,,,,비연안,False,heatmap
경상남도 창원시 의창구 봉림동,8343842.0,비연안,False,OBSERVED,True,경상남도,창원시 의창구,봉림동,,,,,,,비연안,False,heatmap
경상남도 창원시 의창구 북면,6172390.0,비연안,False,OBSERVED,True,경상남도,창원시 의창구,북면,,,,,,,비연안,False,heatmap
경상남도 창원시 의창구 의창동,4650314.0,비연안,False,OBSERVED,True,경상남도,창원시 의창구,의창동,,,,,,,비연안,False,heatmap
경상남도 창원시 의창구 팔룡동,11378213.0,비연안,False,OBSERVED,True,경상남도,창원시 의창구,팔룡동,,,,,,,비연안,False,heatmap
경상남도 창원시 진해구 경화동,1344732.0,연안 도시,False,OBSERVED,True,경상남도,창원시 진해구,경화동,,,,,,,연안 도시,False,heatmap
경상남도 창원시 진해구 덕산동,936128.0,연안 도시,False,OBSERVED,True,경상남도,창원시 진해구,덕산동,,,,,,,연안 도시,False,heatmap
경상남도 창원시 진해구 병암동,965776.0,비연안,False,OBSERVED,True,경상남도,창원시 진해구,병암동,,,,,,,비연안,False,heatmap
경상남도 창원시 진해구 석동,1547654.0,비연안,False,OBSERVED,True,경상남도,창원시 진해구,석동,,,,,,,비연안,False,heatmap
경상남도 창원시 진해구 여좌동,1448814.0,비연안,False,OBSERVED,True,경상남도,창원시 진해구,여좌동,,,,,,,비연안,False,heatmap
경상남도 창원시 진해구 웅동1동,1948653.0,연안 도시,False,OBSERVED,True,경상남도,창원시 진해구,웅동1동,,,,,,,연안 도시,False,heatmap
경상남도 창원시 진해구 웅동2동,5817798.0,연안 도시,False,OBSERVED,True,경상남도,창원시 진해구,웅동2동,,,,,,,연안 도시,False,heatmap
경상남도 창원시 진해구 웅천동,2879289.0,연안 도시,False,OBSERVED,True,경상남도,창원시 진해구,웅천동,,,,,,,연안 도시,False,heatmap
경상남도 창원시 진해구 이동,1334767.0,연안 도시,False,OBSERVED,True,경상남도,창원시 진해구,이동,,,,,,,연안 도시,False,heatmap
경상남도 창원시 진해구 자은동,455192.0,비연안,False,OBSERVED,True,경상남도,창원시 진해구,자은동,,,,,,,비연안,False,heatmap
경상남도 창원시 진해구 충무동,3417260.0,연안 도시,False,OBSERVED,True,경상남도,창원시 진해구,충무동,,,,,,,연안 도시,False,heatmap
경상남도 창원시 진해구 태백동,348898.0,비연안,False,OBSERVED,True,경상남도,창원시 진해구,태백동,,,,,,,비연안,False,heatmap
경상남도 창원시 진해구 풍호동,1558462.0,연안 도시,False,OBSERVED,True,경상남도,창원시 진해구,풍호동,,,,,,,연안 도시,False,heatmap
경상남도 통영시 광도면,3470775.0,연안 어촌,False,OBSERVED,True,경상남도,통영시,광도면,,,,,,,연안 어촌,False,heatmap
경상남도 통영시 도산면,854896.0,연안 어촌,False,OBSERVED,True,경상남도,통영시,도산면,,,,,,,연안 어촌,False,heatmap
경상남도 통영시 도천동,2328588.0,연안 도시,False,OBSERVED,True,경상남도,통영시,도천동,,,,,,,연안 도시,False,heatmap
경상남도 통영시 명정동,1295658.0,연안 도시,False,OBSERVED,True,경상남도,통영시,명정동,,,,,,,연안 도시,False,heatmap
경상남도 통영시 무전동,2056092.0,연안 도시,False,OBSERVED,True,경상남도,통영시,무전동,,,,,,,연안 도시,False,heatmap
경상남도 통영시 미수동,821387.0,연안 도시,False,OBSERVED,True,경상남도,통영시,미수동,,,,,,,연안 도시,False,heatmap
경상남도 통영시 봉평동,2696295.0,연안 도시,False,OBSERVED,True,경상남도,통영시,봉평동,,,,,,,연안 도시,False,heatmap
경상남도 통영시 북신동,907928.0,비연안,False,OBSERVED,True,경상남도,통영시,북신동,,,,,,,비연안,False,heatmap
경상남도 통영시 사량면,583426.0,연안 어촌,False,OBSERVED,True,경상남도,통영시,사량면,,,,,,,연안 어촌,False,heatmap
경상남도 통영시 산양읍,2878939.0,연안 어촌,False,OBSERVED,True,경상남도,통영시,산양읍,,,,,,,연안 어촌,False,heatmap
경상남도 통영시 욕지면,1724874.0,연안 어촌,False,OBSERVED,True,경상남도,통영시,욕지면,,,,,,,연안 어촌,False,heatmap
경상남도 통영시 용남면,1475106.0,연안 어촌,False,OBSERVED,True,경상남도,통영시,용남면,,,,,,,연안 어촌,False,heatmap
경상남도 통영시 정량동,3193001.0,연안 도시,False,OBSERVED,True,경상남도,통영시,정량동,,,,,,,연안 도시,False,heatmap
경상남도 통영시 중앙동,2209820.0,연안 도시,False,OBSERVED,True,경상남도,통영시,중앙동,,,,,,,연안 도시,False,heatmap
경상남도 통영시 한산면,1768406.0,연안 어촌,False,OBSERVED,True,경상남도,통영시,한산면,,,,,,,연안 어촌,False,heatmap
경상남도 하동군 고전면,409062.0,비연안,False,OBSERVED,True,경상남도,하동군,고전면,,,,,,,비연안,False,heatmap
경상남도 하동군 금남면,1311342.0,연안 어촌,False,OBSERVED,True,경상남도,하동군,금남면,,,,,,,연안 어촌,False,heatmap
경상남도 하동군 금성면,340179.0,연안 어촌,False,OBSERVED,True,경상남도,하동군,금성면,,,,,,,연안 어촌,False,heatmap
경상남도 하동군 북천면,337029.0,비연안,False,OBSERVED,True,경상남도,하동군,북천면,,,,,,,비연안,False,heatmap
경상남도 하동군 악양면,766216.0,비연안,False,OBSERVED,True,경상남도,하동군,악양면,,,,,,,비연안,False,heatmap
경상남도 하동군 양보면,130126.0,비연안,False,OBSERVED,True,경상남도,하동군,양보면,,,,,,,비연안,False,heatmap
경상남도 하동군 옥종면,514742.0,비연안,False,OBSERVED,True,경상남도,하동군,옥종면,,,,,,,비연안,False,heatmap
경상남도 하동군 적량면,286310.0,비연안,False,OBSERVED,True,경상남도,하동군,적량면,,,,,,,비연안,False,heatmap
경상남도 하동군 진교면,861136.0,연안 어촌,False,OBSERVED,True,경상남도,하동군,진교면,,,,,,,연안 어촌,False,heatmap
경상남도 하동군 청암면,631176.0,비연안,False,OBSERVED,True,경상남도,하동군,청암면,,,,,,,비연안,False,heatmap
경상남도 하동군 하동읍,2050514.0,비연안,False,OBSERVED,True,경상남도,하동군,하동읍,,,,,,,비연안,False,heatmap
경상남도 하동군 화개면,2023644.0,비연안,False,OBSERVED,True,경상남도,하동군,화개면,,,,,,,비연안,False,heatmap
경상남도 하동군 횡천면,219160.0,비연안,False,OBSERVED,True,경상남도,하동군,횡천면,,,,,,,비연안,False,heatmap
경상남도 함안군 가야읍,2968385.0,비연안,False,OBSERVED,True,경상남도,함안군,가야읍,,,,,,,비연안,False,heatmap
경상남도 함안군 군북면,2653056.0,비연안,False,OBSERVED,True,경상남도,함안군,군북면,,,,,,,비연안,False,heatmap
경상남도 함안군 대산면,652782.0,비연안,False,OBSERVED,True,경상남도,함안군,대산면,,,,,,,비연안,False,heatmap
경상남도 함안군 법수면,933555.0,비연안,False,OBSERVED,True,경상남도,함안군,법수면,,,,,,,비연안,False,heatmap
경상남도 함안군 산인면,1261281.0,비연안,False,OBSERVED,True,경상남도,함안군,산인면,,,,,,,비연안,False,heatmap
경상남도 함안군 여항면,187215.0,비연안,False,OBSERVED,True,경상남도,함안군,여항면,,,,,,,비연안,False,heatmap
경상남도 함안군 칠북면,448052.0,비연안,False,OBSERVED,True,경상남도,함안군,칠북면,,,,,,,비연안,False,heatmap
경상남도 함안군 칠서면,1997310.0,비연안,False,OBSERVED,True,경상남도,함안군,칠서면,,,,,,,비연안,False,heatmap
경상남도 함안군 칠원읍,1949787.0,비연안,False,OBSERVED,True,경상남도,함안군,칠원읍,,,,,,,비연안,False,heatmap
경상남도 함안군 함안면,382053.0,비연안,False,OBSERVED,True,경상남도,함안군,함안면,,,,,,,비연안,False,heatmap
경상남도 함양군 마천면,850031.0,비연안,False,OBSERVED,True,경상남도,함양군,마천면,,,,,,,비연안,False,heatmap
경상남도 함양군 백전면,155715.0,비연안,False,OBSERVED,True,경상남도,함양군,백전면,,,,,,,비연안,False,heatmap
경상남도 함양군 병곡면,258100.0,비연안,False,OBSERVED,True,경상남도,함양군,병곡면,,,,,,,비연안,False,heatmap
경상남도 함양군 서상면,476662.0,비연안,False,OBSERVED,True,경상남도,함양군,서상면,,,,,,,비연안,False,heatmap
경상남도 함양군 서하면,362988.0,비연안,False,OBSERVED,True,경상남도,함양군,서하면,,,,,,,비연안,False,heatmap
경상남도 함양군 수동면,541184.0,비연안,False,OBSERVED,True,경상남도,함양군,수동면,,,,,,,비연안,False,heatmap
경상남도 함양군 안의면,822104.0,비연안,False,OBSERVED,True,경상남도,함양군,안의면,,,,,,,비연안,False,heatmap
경상남도 함양군 유림면,187786.0,비연안,False,OBSERVED,True,경상남도,함양군,유림면,,,,,,,비연안,False,heatmap
경상남도 함양군 지곡면,3284309.0,비연안,False,OBSERVED,True,경상남도,함양군,지곡면,,,,,,,비연안,False,heatmap
경상남도 함양군 함양읍,2654015.0,비연안,False,OBSERVED,True,경상남도,함양군,함양읍,,,,,,,비연안,False,heatmap
경상남도 함양군 휴천면,271408.0,비연안,False,OBSERVED,True,경상남도,함양군,휴천면,,,,,,,비연안,False,heatmap
경상남도 합천군 가야면,1400371.0,비연안,False,OBSERVED,True,경상남도,합천군,가야면,,,,,,,비연안,False,heatmap
경상남도 합천군 가회면,697627.0,비연안,False,OBSERVED,True,경상남도,합천군,가회면,,,,,,,비연안,False,heatmap
경상남도 합천군 대병면,711151.0,비연안,False,OBSERVED,True,경상남도,합천군,대병면,,,,,,,비연안,False,heatmap
경상남도 합천군 대양면,484862.0,비연안,False,OBSERVED,True,경상남도,합천군,대양면,,,,,,,비연안,False,heatmap
경상남도 합천군 덕곡면,126136.0,비연안,False,OBSERVED,True,경상남도,합천군,덕곡면,,,,,,,비연안,False,heatmap
경상남도 합천군 묘산면,162936.0,비연안,False,OBSERVED,True,경상남도,합천군,묘산면,,,,,,,비연안,False,heatmap
경상남도 합천군 봉산면,353482.0,비연안,False,OBSERVED,True,경상남도,합천군,봉산면,,,,,,,비연안,False,heatmap
경상남도 합천군 삼가면,640364.0,비연안,False,OBSERVED,True,경상남도,합천군,삼가면,,,,,,,비연안,False,heatmap
경상남도 합천군 쌍백면,162995.0,비연안,False,OBSERVED,True,경상남도,합천군,쌍백면,,,,,,,비연안,False,heatmap
경상남도 합천군 쌍책면,167230.0,비연안,False,OBSERVED,True,경상남도,합천군,쌍책면,,,,,,,비연안,False,heatmap
경상남도 합천군 야로면,631858.0,비연안,False,OBSERVED,True,경상남도,합천군,야로면,,,,,,,비연안,False,heatmap
경상남도 합천군 용주면,692062.0,비연안,False,OBSERVED,True,경상남도,합천군,용주면,,,,,,,비연안,False,heatmap
경상남도 합천군 율곡면,271240.0,비연안,False,OBSERVED,True,경상남도,합천군,율곡면,,,,,,,비연안,False,heatmap
경상남도 합천군 적중면,118948.0,비연안,False,OBSERVED,True,경상남도,합천군,적중면,,,,,,,비연안,False,heatmap
경상남도 합천군 청덕면,224462.0,비연안,False,OBSERVED,True,경상남도,합천군,청덕면,,,,,,,비연안,False,heatmap
경상남도 합천군 초계면,260984.0,비연안,False,OBSERVED,True,경상남도,합천군,초계면,,,,,,,비연안,False,heatmap
경상남도 합천군 합천읍,1838844.0,비연안,False,OBSERVED,True,경상남도,합천군,합천읍,,,,,,,비연안,False,heatmap
경상북도 경산시 남부동,1775179.0,비연안,False,OBSERVED,True,경상북도,경산시,남부동,,,,,,,비연안,False,heatmap
경상북도 경산시 남산면,608622.0,비연안,False,OBSERVED,True,경상북도,경산시,남산면,,,,,,,비연안,False,heatmap
경상북도 경산시 남천면,745955.0,비연안,False,OBSERVED,True,경상북도,경산시,남천면,,,,,,,비연안,False,heatmap
경상북도 경산시 동부동,3984428.0,비연안,False,OBSERVED,True,경상북도,경산시,동부동,,,,,,,비연안,False,heatmap
경상북도 경산시 북부동,4297338.0,비연안,False,OBSERVED,True,경상북도,경산시,북부동,,,,,,,비연안,False,heatmap
경상북도 경산시 서부1동,4389298.0,비연안,False,OBSERVED,True,경상북도,경산시,서부1동,,,,,,,비연안,False,heatmap
경상북도 경산시 서부2동,3701761.0,비연안,False,OBSERVED,True,경상북도,경산시,서부2동,,,,,,,비연안,False,heatmap
경상북도 경산시 압량읍,2095975.0,비연안,False,OBSERVED,True,경상북도,경산시,압량읍,,,,,,,비연안,False,heatmap
경상북도 경산시 와촌면,2349627.0,비연안,False,OBSERVED,True,경상북도,경산시,와촌면,,,,,,,비연안,False,heatmap
경상북도 경산시 용성면,284400.0,비연안,False,OBSERVED,True,경상북도,경산시,용성면,,,,,,,비연안,False,heatmap
경상북도 경산시 자인면,1280874.0,비연안,False,OBSERVED,True,경상북도,경산시,자인면,,,,,,,비연안,False,heatmap
경상북도 경산시 중방동,2157029.0,비연안,False,OBSERVED,True,경상북도,경산시,중방동,,,,,,,비연안,False,heatmap
경상북도 경산시 중앙동,1324998.0,비연안,False,OBSERVED,True,경상북도,경산시,중앙동,,,,,,,비연안,False,heatmap
경상북도 경산시 진량읍,5079336.0,비연안,False,OBSERVED,True,경상북도,경산시,진량읍,,,,,,,비연안,False,heatmap
경상북도 경산시 하양읍,4791024.0,비연안,False,OBSERVED,True,경상북도,경산시,하양읍,,,,,,,비연안,False,heatmap
경상북도 경주시 감포읍,3267278.0,연안 어촌,False,OBSERVED,True,경상북도,경주시,감포읍,,,,,,,연안 어촌,False,heatmap
경상북도 경주시 강동면,1674446.0,비연안,False,OBSERVED,True,경상북도,경주시,강동면,,,,,,,비연안,False,heatmap
경상북도 경주시 건천읍,6463230.0,비연안,False,OBSERVED,True,경상북도,경주시,건천읍,,,,,,,비연안,False,heatmap
경상북도 경주시 내남면,3500287.0,비연안,False,OBSERVED,True,경상북도,경주시,내남면,,,,,,,비연안,False,heatmap
경상북도 경주시 동천동,1849358.0,비연안,False,OBSERVED,True,경상북도,경주시,동천동,,,,,,,비연안,False,heatmap
경상북도 경주시 문무대왕면,2069700.0,연안 어촌,False,OBSERVED,True,경상북도,경주시,문무대왕면,,,,,,,연안 어촌,False,heatmap
경상북도 경주시 보덕동,10597580.0,비연안,False,OBSERVED,True,경상북도,경주시,보덕동,,,,,,,비연안,False,heatmap
경상북도 경주시 불국동,5757272.0,비연안,False,OBSERVED,True,경상북도,경주시,불국동,,,,,,,비연안,False,heatmap
경상북도 경주시 산내면,912667.0,비연안,False,OBSERVED,True,경상북도,경주시,산내면,,,,,,,비연안,False,heatmap
경상북도 경주시 서면,843108.0,비연안,False,OBSERVED,True,경상북도,경주시,서면,,,,,,,비연안,False,heatmap
경상북도 경주시 선도동,1811736.0,비연안,False,OBSERVED,True,경상북도,경주시,선도동,,,,,,,비연안,False,heatmap
경상북도 경주시 성건동,3303696.0,비연안,False,OBSERVED,True,경상북도,경주시,성건동,,,,,,,비연안,False,heatmap
경상북도 경주시 안강읍,2773274.0,비연안,False,OBSERVED,True,경상북도,경주시,안강읍,,,,,,,비연안,False,heatmap
경상북도 경주시 양남면,3589635.0,연안 어촌,False,OBSERVED,True,경상북도,경주시,양남면,,,,,,,연안 어촌,False,heatmap
경상북도 경주시 외동읍,4303576.0,비연안,False,OBSERVED,True,경상북도,경주시,외동읍,,,,,,,비연안,False,heatmap
경상북도 경주시 용강동,1392296.0,비연안,False,OBSERVED,True,경상북도,경주시,용강동,,,,,,,비연안,False,heatmap
경상북도 경주시 월성동,6881196.0,비연안,False,OBSERVED,True,경상북도,경주시,월성동,,,,,,,비연안,False,heatmap
경상북도 경주시 천북면,2700796.0,비연안,False,OBSERVED,True,경상북도,경주시,천북면,,,,,,,비연안,False,heatmap
경상북도 경주시 현곡면,1040403.0,비연안,False,OBSERVED,True,경상북도,경주시,현곡면,,,,,,,비연안,False,heatmap
경상북도 경주시 황남동,9899936.0,비연안,False,OBSERVED,True,경상북도,경주시,황남동,,,,,,,비연안,False,heatmap
경상북도 경주시 황성동,2651761.0,비연안,False,OBSERVED,True,경상북도,경주시,황성동,,,,,,,비연안,False,heatmap
경상북도 경주시 황오동,9821427.0,비연안,False,OBSERVED,True,경상북도,경주시,황오동,,,,,,,비연안,False,heatmap
경상북도 고령군 개진면,503538.0,비연안,False,OBSERVED,True,경상북도,고령군,개진면,,,,,,,비연안,False,heatmap
경상북도 고령군 다산면,1742860.0,비연안,False,OBSERVED,True,경상북도,고령군,다산면,,,,,,,비연안,False,heatmap
경상북도 고령군 대가야읍,2571898.0,비연안,False,OBSERVED,True,경상북도,고령군,대가야읍,,,,,,,비연안,False,heatmap
경상북도 고령군 덕곡면,244822.0,비연안,False,OBSERVED,True,경상북도,고령군,덕곡면,,,,,,,비연안,False,heatmap
경상북도 고령군 성산면,734360.0,비연안,False,OBSERVED,True,경상북도,고령군,성산면,,,,,,,비연안,False,heatmap
경상북도 고령군 쌍림면,730888.0,비연안,False,OBSERVED,True,경상북도,고령군,쌍림면,,,,,,,비연안,False,heatmap
경상북도 고령군 우곡면,278579.0,비연안,False,OBSERVED,True,경상북도,고령군,우곡면,,,,,,,비연안,False,heatmap
경상북도 고령군 운수면,248290.0,비연안,False,OBSERVED,True,경상북도,고령군,운수면,,,,,,,비연안,False,heatmap
경상북도 구미시 고아읍,1898298.0,비연안,False,OBSERVED,True,경상북도,구미시,고아읍,,,,,,,비연안,False,heatmap
경상북도 구미시 공단동,2894882.0,비연안,False,OBSERVED,True,경상북도,구미시,공단동,,,,,,,비연안,False,heatmap
경상북도 구미시 광평동,728609.0,비연안,False,OBSERVED,True,경상북도,구미시,광평동,,,,,,,비연안,False,heatmap
경상북도 구미시 도개면,444661.0,비연안,False,OBSERVED,True,경상북도,구미시,도개면,,,,,,,비연안,False,heatmap
경상북도 구미시 도량동,1157622.0,비연안,False,OBSERVED,True,경상북도,구미시,도량동,,,,,,,비연안,False,heatmap
경상북도 구미시 무을면,151294.0,비연안,False,OBSERVED,True,경상북도,구미시,무을면,,,,,,,비연안,False,heatmap
경상북도 구미시 비산동,1034638.0,비연안,False,OBSERVED,True,경상북도,구미시,비산동,,,,,,,비연안,False,heatmap
경상북도 구미시 산동읍,2375016.0,비연안,False,OBSERVED,True,경상북도,구미시,산동읍,,,,,,,비연안,False,heatmap
경상북도 구미시 상모사곡동,2087586.0,비연안,False,OBSERVED,True,경상북도,구미시,상모사곡동,,,,,,,비연안,False,heatmap
경상북도 구미시 선산읍,1218696.0,비연안,False,OBSERVED,True,경상북도,구미시,선산읍,,,,,,,비연안,False,heatmap
경상북도 구미시 선주원남동,4188958.0,비연안,False,OBSERVED,True,경상북도,구미시,선주원남동,,,,,,,비연안,False,heatmap
경상북도 구미시 송정동,2637908.0,비연안,False,OBSERVED,True,경상북도,구미시,송정동,,,,,,,비연안,False,heatmap
경상북도 구미시 신평1동,1008228.0,비연안,False,OBSERVED,True,경상북도,구미시,신평1동,,,,,,,비연안,False,heatmap
경상북도 구미시 신평2동,232600.0,비연안,False,OBSERVED,True,경상북도,구미시,신평2동,,,,,,,비연안,False,heatmap
경상북도 구미시 양포동,2375062.0,비연안,False,OBSERVED,True,경상북도,구미시,양포동,,,,,,,비연안,False,heatmap
경상북도 구미시 옥성면,1020159.0,비연안,False,OBSERVED,True,경상북도,구미시,옥성면,,,,,,,비연안,False,heatmap
경상북도 구미시 원평동,4229428.0,비연안,False,OBSERVED,True,경상북도,구미시,원평동,,,,,,,비연안,False,heatmap
경상북도 구미시 인동동,3321185.0,비연안,False,OBSERVED,True,경상북도,구미시,인동동,,,,,,,비연안,False,heatmap
경상북도 구미시 임오동,1009110.0,비연안,False,OBSERVED,True,경상북도,구미시,임오동,,,,,,,비연안,False,heatmap
경상북도 구미시 장천면,662648.0,비연안,False,OBSERVED,True,경상북도,구미시,장천면,,,,,,,비연안,False,heatmap
경상북도 구미시 지산동,600950.0,비연안,False,OBSERVED,True,경상북도,구미시,지산동,,,,,,,비연안,False,heatmap
경상북도 구미시 진미동,1888036.0,비연안,False,OBSERVED,True,경상북도,구미시,진미동,,,,,,,비연안,False,heatmap
경상북도 구미시 해평면,500206.0,비연안,False,OBSERVED,True,경상북도,구미시,해평면,,,,,,,비연안,False,heatmap
경상북도 구미시 형곡1동,1332478.0,비연안,False,OBSERVED,True,경상북도,구미시,형곡1동,,,,,,,비연안,False,heatmap
경상북도 구미시 형곡2동,983196.0,비연안,False,OBSERVED,True,경상북도,구미시,형곡2동,,,,,,,비연안,False,heatmap
경상북도 김천시 감문면,311854.0,비연안,False,OBSERVED,True,경상북도,김천시,감문면,,,,,,,비연안,False,heatmap
경상북도 김천시 감천면,137442.0,비연안,False,OBSERVED,True,경상북도,김천시,감천면,,,,,,,비연안,False,heatmap
경상북도 김천시 개령면,234724.0,비연안,False,OBSERVED,True,경상북도,김천시,개령면,,,,,,,비연안,False,heatmap
경상북도 김천시 구성면,330180.0,비연안,False,OBSERVED,True,경상북도,김천시,구성면,,,,,,,비연안,False,heatmap
경상북도 김천시 남면,1104775.0,비연안,False,OBSERVED,True,경상북도,김천시,남면,,,,,,,비연안,False,heatmap
경상북도 김천시 농소면,2393898.0,비연안,False,OBSERVED,True,경상북도,김천시,농소면,,,,,,,비연안,False,heatmap
경상북도 김천시 대곡동,1529916.0,비연안,False,OBSERVED,True,경상북도,김천시,대곡동,,,,,,,비연안,False,heatmap
경상북도 김천시 대덕면,273676.0,비연안,False,OBSERVED,True,경상북도,김천시,대덕면,,,,,,,비연안,False,heatmap
경상북도 김천시 대신동,3261534.0,비연안,False,OBSERVED,True,경상북도,김천시,대신동,,,,,,,비연안,False,heatmap
경상북도 김천시 대항면,959035.0,비연안,False,OBSERVED,True,경상북도,김천시,대항면,,,,,,,비연안,False,heatmap
경상북도 김천시 봉산면,2840198.0,비연안,False,OBSERVED,True,경상북도,김천시,봉산면,,,,,,,비연안,False,heatmap
경상북도 김천시 부항면,176659.0,비연안,False,OBSERVED,True,경상북도,김천시,부항면,,,,,,,비연안,False,heatmap
경상북도 김천시 아포읍,1315405.0,비연안,False,OBSERVED,True,경상북도,김천시,아포읍,,,,,,,비연안,False,heatmap
경상북도 김천시 양금동,245154.0,비연안,False,OBSERVED,True,경상북도,김천시,양금동,,,,,,,비연안,False,heatmap
경상북도 김천시 어모면,596634.0,비연안,False,OBSERVED,True,경상북도,김천시,어모면,,,,,,,비연안,False,heatmap
경상북도 김천시 율곡동,949515.0,비연안,False,OBSERVED,True,경상북도,김천시,율곡동,,,,,,,비연안,False,heatmap
경상북도 김천시 자산동,1301258.0,비연안,False,OBSERVED,True,경상북도,김천시,자산동,,,,,,,비연안,False,heatmap
경상북도 김천시 조마면,157696.0,비연안,False,OBSERVED,True,경상북도,김천시,조마면,,,,,,,비연안,False,heatmap
경상북도 김천시 증산면,237776.0,비연안,False,OBSERVED,True,경상북도,김천시,증산면,,,,,,,비연안,False,heatmap
경상북도 김천시 지례면,450163.0,비연안,False,OBSERVED,True,경상북도,김천시,지례면,,,,,,,비연안,False,heatmap
경상북도 김천시 지좌동,594657.0,비연안,False,OBSERVED,True,경상북도,김천시,지좌동,,,,,,,비연안,False,heatmap
경상북도 김천시 평화남산동,1272114.0,비연안,False,OBSERVED,True,경상북도,김천시,평화남산동,,,,,,,비연안,False,heatmap
경상북도 문경시 가은읍,1043077.0,비연안,False,OBSERVED,True,경상북도,문경시,가은읍,,,,,,,비연안,False,heatmap
경상북도 문경시 농암면,662364.0,비연안,False,OBSERVED,True,경상북도,문경시,농암면,,,,,,,비연안,False,heatmap
경상북도 문경시 동로면,323684.0,비연안,False,OBSERVED,True,경상북도,문경시,동로면,,,,,,,비연안,False,heatmap
경상북도 문경시 마성면,1367849.0,비연안,False,OBSERVED,True,경상북도,문경시,마성면,,,,,,,비연안,False,heatmap
경상북도 문경시 문경읍,3556990.0,비연안,False,OBSERVED,True,경상북도,문경시,문경읍,,,,,,,비연안,False,heatmap
경상북도 문경시 산북면,311868.0,비연안,False,OBSERVED,True,경상북도,문경시,산북면,,,,,,,비연안,False,heatmap
경상북도 문경시 산양면,431966.0,비연안,False,OBSERVED,True,경상북도,문경시,산양면,,,,,,,비연안,False,heatmap
경상북도 문경시 영순면,311756.0,비연안,False,OBSERVED,True,경상북도,문경시,영순면,,,,,,,비연안,False,heatmap
경상북도 문경시 점촌1동,330040.0,비연안,False,OBSERVED,True,경상북도,문경시,점촌1동,,,,,,,비연안,False,heatmap
경상북도 문경시 점촌2동,1504244.0,비연안,False,OBSERVED,True,경상북도,문경시,점촌2동,,,,,,,비연안,False,heatmap
경상북도 문경시 점촌3동,875304.0,비연안,False,OBSERVED,True,경상북도,문경시,점촌3동,,,,,,,비연안,False,heatmap
경상북도 문경시 점촌4동,3103884.0,비연안,False,OBSERVED,True,경상북도,문경시,점촌4동,,,,,,,비연안,False,heatmap
경상북도 문경시 점촌5동,1874730.0,비연안,False,OBSERVED,True,경상북도,문경시,점촌5동,,,,,,,비연안,False,heatmap
경상북도 문경시 호계면,585686.0,비연안,False,OBSERVED,True,경상북도,문경시,호계면,,,,,,,비연안,False,heatmap
경상북도 봉화군 명호면,459378.0,비연안,False,OBSERVED,True,경상북도,봉화군,명호면,,,,,,,비연안,False,heatmap
경상북도 봉화군 물야면,480876.0,비연안,False,OBSERVED,True,경상북도,봉화군,물야면,,,,,,,비연안,False,heatmap
경상북도 봉화군 법전면,185360.0,비연안,False,OBSERVED,True,경상북도,봉화군,법전면,,,,,,,비연안,False,heatmap
경상북도 봉화군 봉성면,588620.0,비연안,False,OBSERVED,True,경상북도,봉화군,봉성면,,,,,,,비연안,False,heatmap
경상북도 봉화군 봉화읍,1608478.0,비연안,False,OBSERVED,True,경상북도,봉화군,봉화읍,,,,,,,비연안,False,heatmap
경상북도 봉화군 상운면,191135.0,비연안,False,OBSERVED,True,경상북도,봉화군,상운면,,,,,,,비연안,False,heatmap
경상북도 봉화군 석포면,508214.0,비연안,False,OBSERVED,True,경상북도,봉화군,석포면,,,,,,,비연안,False,heatmap
경상북도 봉화군 소천면,647430.0,비연안,False,OBSERVED,True,경상북도,봉화군,소천면,,,,,,,비연안,False,heatmap
경상북도 봉화군 재산면,169102.0,비연안,False,OBSERVED,True,경상북도,봉화군,재산면,,,,,,,비연안,False,heatmap
경상북도 봉화군 춘양면,735228.0,비연안,False,OBSERVED,True,경상북도,봉화군,춘양면,,,,,,,비연안,False,heatmap
경상북도 상주시 계림동,1779743.0,비연안,False,OBSERVED,True,경상북도,상주시,계림동,,,,,,,비연안,False,heatmap
경상북도 상주시 공검면,231836.0,비연안,False,OBSERVED,True,경상북도,상주시,공검면,,,,,,,비연안,False,heatmap
경상북도 상주시 공성면,378774.0,비연안,False,OBSERVED,True,경상북도,상주시,공성면,,,,,,,비연안,False,heatmap
경상북도 상주시 낙동면,2600115.0,비연안,False,OBSERVED,True,경상북도,상주시,낙동면,,,,,,,비연안,False,heatmap
경상북도 상주시 남원동,939295.0,비연안,False,OBSERVED,True,경상북도,상주시,남원동,,,,,,,비연안,False,heatmap
경상북도 상주시 내서면,361532.0,비연안,False,OBSERVED,True,경상북도,상주시,내서면,,,,,,,비연안,False,heatmap
경상북도 상주시 동문동,1881159.0,비연안,False,OBSERVED,True,경상북도,상주시,동문동,,,,,,,비연안,False,heatmap
경상북도 상주시 동성동,294098.0,비연안,False,OBSERVED,True,경상북도,상주시,동성동,,,,,,,비연안,False,heatmap
경상북도 상주시 모동면,236484.0,비연안,False,OBSERVED,True,경상북도,상주시,모동면,,,,,,,비연안,False,heatmap
경상북도 상주시 모서면,396154.0,비연안,False,OBSERVED,True,경상북도,상주시,모서면,,,,,,,비연안,False,heatmap
경상북도 상주시 북문동,1402614.0,비연안,False,OBSERVED,True,경상북도,상주시,북문동,,,,,,,비연안,False,heatmap
경상북도 상주시 사벌국면,856180.0,비연안,False,OBSERVED,True,경상북도,상주시,사벌국면,,,,,,,비연안,False,heatmap
경상북도 상주시 신흥동,1679769.0,비연안,False,OBSERVED,True,경상북도,상주시,신흥동,,,,,,,비연안,False,heatmap
경상북도 상주시 외남면,116725.0,비연안,False,OBSERVED,True,경상북도,상주시,외남면,,,,,,,비연안,False,heatmap
경상북도 상주시 외서면,244510.0,비연안,False,OBSERVED,True,경상북도,상주시,외서면,,,,,,,비연안,False,heatmap
경상북도 상주시 은척면,326084.0,비연안,False,OBSERVED,True,경상북도,상주시,은척면,,,,,,,비연안,False,heatmap
경상북도 상주시 이안면,279058.0,비연안,False,OBSERVED,True,경상북도,상주시,이안면,,,,,,,비연안,False,heatmap
경상북도 상주시 중동면,191656.0,비연안,False,OBSERVED,True,경상북도,상주시,중동면,,,,,,,비연안,False,heatmap
경상북도 상주시 청리면,309680.0,비연안,False,OBSERVED,True,경상북도,상주시,청리면,,,,,,,비연안,False,heatmap
경상북도 상주시 함창읍,1473136.0,비연안,False,OBSERVED,True,경상북도,상주시,함창읍,,,,,,,비연안,False,heatmap
경상북도 상주시 화남면,255154.0,비연안,False,OBSERVED,True,경상북도,상주시,화남면,,,,,,,비연안,False,heatmap
경상북도 상주시 화동면,156432.0,비연안,False,OBSERVED,True,경상북도,상주시,화동면,,,,,,,비연안,False,heatmap
경상북도 상주시 화북면,670834.0,비연안,False,OBSERVED,True,경상북도,상주시,화북면,,,,,,,비연안,False,heatmap
경상북도 상주시 화서면,998634.0,비연안,False,OBSERVED,True,경상북도,상주시,화서면,,,,,,,비연안,False,heatmap
경상북도 성주군 가천면,462780.0,비연안,False,OBSERVED,True,경상북도,성주군,가천면,,,,,,,비연안,False,heatmap
경상북도 성주군 금수강산면,405279.0,비연안,False,OBSERVED,True,경상북도,성주군,금수강산면,,,,,,,비연안,False,heatmap
경상북도 성주군 대가면,312452.0,비연안,False,OBSERVED,True,경상북도,성주군,대가면,,,,,,,비연안,False,heatmap
경상북도 성주군 벽진면,237986.0,비연안,False,OBSERVED,True,경상북도,성주군,벽진면,,,,,,,비연안,False,heatmap
경상북도 성주군 선남면,1536472.0,비연안,False,OBSERVED,True,경상북도,성주군,선남면,,,,,,,비연안,False,heatmap
경상북도 성주군 성주읍,2604808.0,비연안,False,OBSERVED,True,경상북도,성주군,성주읍,,,,,,,비연안,False,heatmap
경상북도 성주군 수륜면,909646.0,비연안,False,OBSERVED,True,경상북도,성주군,수륜면,,,,,,,비연안,False,heatmap
경상북도 성주군 용암면,796880.0,비연안,False,OBSERVED,True,경상북도,성주군,용암면,,,,,,,비연안,False,heatmap
경상북도 성주군 월항면,457940.0,비연안,False,OBSERVED,True,경상북도,성주군,월항면,,,,,,,비연안,False,heatmap
경상북도 성주군 초전면,1125509.0,비연안,False,OBSERVED,True,경상북도,성주군,초전면,,,,,,,비연안,False,heatmap
경상북도 안동시 강남동,1845543.0,비연안,False,OBSERVED,True,경상북도,안동시,강남동,,,,,,,비연안,False,heatmap
경상북도 안동시 길안면,562800.0,비연안,False,OBSERVED,True,경상북도,안동시,길안면,,,,,,,비연안,False,heatmap
경상북도 안동시 남선면,159422.0,비연안,False,OBSERVED,True,경상북도,안동시,남선면,,,,,,,비연안,False,heatmap
경상북도 안동시 남후면,583706.0,비연안,False,OBSERVED,True,경상북도,안동시,남후면,,,,,,,비연안,False,heatmap
경상북도 안동시 녹전면,138698.0,비연안,False,OBSERVED,True,경상북도,안동시,녹전면,,,,,,,비연안,False,heatmap
경상북도 안동시 도산면,681572.0,비연안,False,OBSERVED,True,경상북도,안동시,도산면,,,,,,,비연안,False,heatmap
경상북도 안동시 명륜동,1322926.0,비연안,False,OBSERVED,True,경상북도,안동시,명륜동,,,,,,,비연안,False,heatmap
경상북도 안동시 북후면,329819.0,비연안,False,OBSERVED,True,경상북도,안동시,북후면,,,,,,,비연안,False,heatmap
경상북도 안동시 서구동,2626900.0,비연안,False,OBSERVED,True,경상북도,안동시,서구동,,,,,,,비연안,False,heatmap
경상북도 안동시 서후면,903462.0,비연안,False,OBSERVED,True,경상북도,안동시,서후면,,,,,,,비연안,False,heatmap
경상북도 안동시 송하동,1230355.0,비연안,False,OBSERVED,True,경상북도,안동시,송하동,,,,,,,비연안,False,heatmap
경상북도 안동시 안기동,292568.0,비연안,False,OBSERVED,True,경상북도,안동시,안기동,,,,,,,비연안,False,heatmap
경상북도 안동시 예안면,121614.0,비연안,False,OBSERVED,True,경상북도,안동시,예안면,,,,,,,비연안,False,heatmap
경상북도 안동시 옥동,2657340.0,비연안,False,OBSERVED,True,경상북도,안동시,옥동,,,,,,,비연안,False,heatmap
경상북도 안동시 와룡면,523576.0,비연안,False,OBSERVED,True,경상북도,안동시,와룡면,,,,,,,비연안,False,heatmap
경상북도 안동시 용상동,2214016.0,비연안,False,OBSERVED,True,경상북도,안동시,용상동,,,,,,,비연안,False,heatmap
경상북도 안동시 일직면,575922.0,비연안,False,OBSERVED,True,경상북도,안동시,일직면,,,,,,,비연안,False,heatmap
경상북도 안동시 임동면,228816.0,비연안,False,OBSERVED,True,경상북도,안동시,임동면,,,,,,,비연안,False,heatmap
경상북도 안동시 임하면,290784.0,비연안,False,OBSERVED,True,경상북도,안동시,임하면,,,,,,,비연안,False,heatmap
경상북도 안동시 중구동,3439800.0,비연안,False,OBSERVED,True,경상북도,안동시,중구동,,,,,,,비연안,False,heatmap
경상북도 안동시 태화동,1216348.0,비연안,False,OBSERVED,True,경상북도,안동시,태화동,,,,,,,비연안,False,heatmap
경상북도 안동시 평화동,170040.0,비연안,False,OBSERVED,True,경상북도,안동시,평화동,,,,,,,비연안,False,heatmap
경상북도 안동시 풍산읍,2575016.0,비연안,False,OBSERVED,True,경상북도,안동시,풍산읍,,,,,,,비연안,False,heatmap
경상북도 안동시 풍천면,2406548.0,비연안,False,OBSERVED,True,경상북도,안동시,풍천면,,,,,,,비연안,False,heatmap
경상북도 영덕군 강구면,4632943.0,연안 어촌,False,OBSERVED,True,경상북도,영덕군,강구면,,,,,,,연안 어촌,False,heatmap
경상북도 영덕군 남정면,1681911.0,연안 어촌,False,OBSERVED,True,경상북도,영덕군,남정면,,,,,,,연안 어촌,False,heatmap
경상북도 영덕군 달산면,204379.0,비연안,False,OBSERVED,True,경상북도,영덕군,달산면,,,,,,,비연안,False,heatmap
경상북도 영덕군 병곡면,1216596.0,연안 어촌,False,OBSERVED,True,경상북도,영덕군,병곡면,,,,,,,연안 어촌,False,heatmap
경상북도 영덕군 영덕읍,2509300.0,연안 어촌,False,OBSERVED,True,경상북도,영덕군,영덕읍,,,,,,,연안 어촌,False,heatmap
경상북도 영덕군 영해면,2329030.0,연안 어촌,False,OBSERVED,True,경상북도,영덕군,영해면,,,,,,,연안 어촌,False,heatmap
경상북도 영덕군 지품면,273284.0,비연안,False,OBSERVED,True,경상북도,영덕군,지품면,,,,,,,비연안,False,heatmap
경상북도 영덕군 창수면,170776.0,비연안,False,OBSERVED,True,경상북도,영덕군,창수면,,,,,,,비연안,False,heatmap
경상북도 영덕군 축산면,1379980.0,연안 어촌,False,OBSERVED,True,경상북도,영덕군,축산면,,,,,,,연안 어촌,False,heatmap
경상북도 영양군 석보면,281484.0,비연안,False,OBSERVED,True,경상북도,영양군,석보면,,,,,,,비연안,False,heatmap
경상북도 영양군 수비면,262598.0,비연안,False,OBSERVED,True,경상북도,영양군,수비면,,,,,,,비연안,False,heatmap
경상북도 영양군 영양읍,902783.0,비연안,False,OBSERVED,True,경상북도,영양군,영양읍,,,,,,,비연안,False,heatmap
경상북도 영양군 일월면,310086.0,비연안,False,OBSERVED,True,경상북도,영양군,일월면,,,,,,,비연안,False,heatmap
경상북도 영양군 입암면,269976.0,비연안,False,OBSERVED,True,경상북도,영양군,입암면,,,,,,,비연안,False,heatmap
경상북도 영양군 청기면,178476.0,비연안,False,OBSERVED,True,경상북도,영양군,청기면,,,,,,,비연안,False,heatmap
경상북도 영주시 가흥1동,2217117.0,비연안,False,OBSERVED,True,경상북도,영주시,가흥1동,,,,,,,비연안,False,heatmap
경상북도 영주시 가흥2동,985876.0,비연안,False,OBSERVED,True,경상북도,영주시,가흥2동,,,,,,,비연안,False,heatmap
경상북도 영주시 단산면,233191.0,비연안,False,OBSERVED,True,경상북도,영주시,단산면,,,,,,,비연안,False,heatmap
경상북도 영주시 문수면,421004.0,비연안,False,OBSERVED,True,경상북도,영주시,문수면,,,,,,,비연안,False,heatmap
경상북도 영주시 봉현면,649705.0,비연안,False,OBSERVED,True,경상북도,영주시,봉현면,,,,,,,비연안,False,heatmap
경상북도 영주시 부석면,720002.0,비연안,False,OBSERVED,True,경상북도,영주시,부석면,,,,,,,비연안,False,heatmap
경상북도 영주시 상망동,347837.0,비연안,False,OBSERVED,True,경상북도,영주시,상망동,,,,,,,비연안,False,heatmap
경상북도 영주시 순흥면,681394.0,비연안,False,OBSERVED,True,경상북도,영주시,순흥면,,,,,,,비연안,False,heatmap
경상북도 영주시 안정면,409948.0,비연안,False,OBSERVED,True,경상북도,영주시,안정면,,,,,,,비연안,False,heatmap
경상북도 영주시 영주1동,852033.0,비연안,False,OBSERVED,True,경상북도,영주시,영주1동,,,,,,,비연안,False,heatmap
경상북도 영주시 영주2동,845618.0,비연안,False,OBSERVED,True,경상북도,영주시,영주2동,,,,,,,비연안,False,heatmap
경상북도 영주시 이산면,199633.0,비연안,False,OBSERVED,True,경상북도,영주시,이산면,,,,,,,비연안,False,heatmap
경상북도 영주시 장수면,331443.0,비연안,False,OBSERVED,True,경상북도,영주시,장수면,,,,,,,비연안,False,heatmap
경상북도 영주시 평은면,266238.0,비연안,False,OBSERVED,True,경상북도,영주시,평은면,,,,,,,비연안,False,heatmap
경상북도 영주시 풍기읍,1718818.0,비연안,False,OBSERVED,True,경상북도,영주시,풍기읍,,,,,,,비연안,False,heatmap
경상북도 영주시 하망동,795837.0,비연안,False,OBSERVED,True,경상북도,영주시,하망동,,,,,,,비연안,False,heatmap
경상북도 영주시 휴천1동,388836.0,비연안,False,OBSERVED,True,경상북도,영주시,휴천1동,,,,,,,비연안,False,heatmap
경상북도 영주시 휴천2동,1220450.0,비연안,False,OBSERVED,True,경상북도,영주시,휴천2동,,,,,,,비연안,False,heatmap
경상북도 영주시 휴천3동,727990.0,비연안,False,OBSERVED,True,경상북도,영주시,휴천3동,,,,,,,비연안,False,heatmap
경상북도 영천시 고경면,1550126.0,비연안,False,OBSERVED,True,경상북도,영천시,고경면,,,,,,,비연안,False,heatmap
경상북도 영천시 금호읍,1473262.0,비연안,False,OBSERVED,True,경상북도,영천시,금호읍,,,,,,,비연안,False,heatmap
경상북도 영천시 남부동,1289701.0,비연안,False,OBSERVED,True,경상북도,영천시,남부동,,,,,,,비연안,False,heatmap
경상북도 영천시 대창면,767078.0,비연안,False,OBSERVED,True,경상북도,영천시,대창면,,,,,,,비연안,False,heatmap
경상북도 영천시 동부동,1540332.0,비연안,False,OBSERVED,True,경상북도,영천시,동부동,,,,,,,비연안,False,heatmap
경상북도 영천시 북안면,744874.0,비연안,False,OBSERVED,True,경상북도,영천시,북안면,,,,,,,비연안,False,heatmap
경상북도 영천시 서부동,835656.0,비연안,False,OBSERVED,True,경상북도,영천시,서부동,,,,,,,비연안,False,heatmap
경상북도 영천시 신녕면,714004.0,비연안,False,OBSERVED,True,경상북도,영천시,신녕면,,,,,,,비연안,False,heatmap
경상북도 영천시 완산동,2012136.0,비연안,False,OBSERVED,True,경상북도,영천시,완산동,,,,,,,비연안,False,heatmap
경상북도 영천시 임고면,1496562.0,비연안,False,OBSERVED,True,경상북도,영천시,임고면,,,,,,,비연안,False,heatmap
경상북도 영천시 자양면,177446.0,비연안,False,OBSERVED,True,경상북도,영천시,자양면,,,,,,,비연안,False,heatmap
경상북도 영천시 중앙동,1337144.0,비연안,False,OBSERVED,True,경상북도,영천시,중앙동,,,,,,,비연안,False,heatmap
경상북도 영천시 청통면,1438784.0,비연안,False,OBSERVED,True,경상북도,영천시,청통면,,,,,,,비연안,False,heatmap
경상북도 영천시 화남면,594416.0,비연안,False,OBSERVED,True,경상북도,영천시,화남면,,,,,,,비연안,False,heatmap
경상북도 영천시 화북면,622276.0,비연안,False,OBSERVED,True,경상북도,영천시,화북면,,,,,,,비연안,False,heatmap
경상북도 영천시 화산면,406284.0,비연안,False,OBSERVED,True,경상북도,영천시,화산면,,,,,,,비연안,False,heatmap
경상북도 예천군 감천면,504805.0,비연안,False,OBSERVED,True,경상북도,예천군,감천면,,,,,,,비연안,False,heatmap
경상북도 예천군 개포면,337858.0,비연안,False,OBSERVED,True,경상북도,예천군,개포면,,,,,,,비연안,False,heatmap
경상북도 예천군 보문면,341344.0,비연안,False,OBSERVED,True,경상북도,예천군,보문면,,,,,,,비연안,False,heatmap
경상북도 예천군 예천읍,2173930.0,비연안,False,OBSERVED,True,경상북도,예천군,예천읍,,,,,,,비연안,False,heatmap
경상북도 예천군 용궁면,788602.0,비연안,False,OBSERVED,True,경상북도,예천군,용궁면,,,,,,,비연안,False,heatmap
경상북도 예천군 용문면,312704.0,비연안,False,OBSERVED,True,경상북도,예천군,용문면,,,,,,,비연안,False,heatmap
경상북도 예천군 유천면,309816.0,비연안,False,OBSERVED,True,경상북도,예천군,유천면,,,,,,,비연안,False,heatmap
경상북도 예천군 은풍면,127519.0,비연안,False,OBSERVED,True,경상북도,예천군,은풍면,,,,,,,비연안,False,heatmap
경상북도 예천군 지보면,520082.0,비연안,False,OBSERVED,True,경상북도,예천군,지보면,,,,,,,비연안,False,heatmap
경상북도 예천군 풍양면,571372.0,비연안,False,OBSERVED,True,경상북도,예천군,풍양면,,,,,,,비연안,False,heatmap
경상북도 예천군 호명읍,2222738.0,비연안,False,OBSERVED,True,경상북도,예천군,호명읍,,,,,,,비연안,False,heatmap
경상북도 예천군 효자면,203662.0,비연안,False,OBSERVED,True,경상북도,예천군,효자면,,,,,,,비연안,False,heatmap
경상북도 울릉군 북면,643486.0,연안 어촌,False,OBSERVED,True,경상북도,울릉군,북면,,,,,,,연안 어촌,False,heatmap
경상북도 울릉군 서면,490168.0,연안 어촌,False,OBSERVED,True,경상북도,울릉군,서면,,,,,,,연안 어촌,False,heatmap
경상북도 울릉군 울릉읍,1196150.0,연안 어촌,False,OBSERVED,True,경상북도,울릉군,울릉읍,,,,,,,연안 어촌,False,heatmap
경상북도 울진군 근남면,1295276.0,연안 어촌,False,OBSERVED,True,경상북도,울진군,근남면,,,,,,,연안 어촌,False,heatmap
경상북도 울진군 금강송면,389340.0,비연안,False,OBSERVED,True,경상북도,울진군,금강송면,,,,,,,비연안,False,heatmap
경상북도 울진군 기성면,714458.0,연안 어촌,False,OBSERVED,True,경상북도,울진군,기성면,,,,,,,연안 어촌,False,heatmap
경상북도 울진군 매화면,858882.0,연안 어촌,False,OBSERVED,True,경상북도,울진군,매화면,,,,,,,연안 어촌,False,heatmap
경상북도 울진군 북면,1832852.0,연안 어촌,False,OBSERVED,True,경상북도,울진군,북면,,,,,,,연안 어촌,False,heatmap
경상북도 울진군 온정면,559150.0,비연안,False,OBSERVED,True,경상북도,울진군,온정면,,,,,,,비연안,False,heatmap
경상북도 울진군 울진읍,1476776.0,연안 어촌,False,OBSERVED,True,경상북도,울진군,울진읍,,,,,,,연안 어촌,False,heatmap
경상북도 울진군 죽변면,1911942.0,연안 어촌,False,OBSERVED,True,경상북도,울진군,죽변면,,,,,,,연안 어촌,False,heatmap
경상북도 울진군 평해읍,524080.0,연안 어촌,False,OBSERVED,True,경상북도,울진군,평해읍,,,,,,,연안 어촌,False,heatmap
경상북도 울진군 후포면,2284492.0,연안 어촌,False,OBSERVED,True,경상북도,울진군,후포면,,,,,,,연안 어촌,False,heatmap
경상북도 의성군 가음면,193770.0,비연안,False,OBSERVED,True,경상북도,의성군,가음면,,,,,,,비연안,False,heatmap
경상북도 의성군 구천면,206454.0,비연안,False,OBSERVED,True,경상북도,의성군,구천면,,,,,,,비연안,False,heatmap
경상북도 의성군 금성면,667054.0,비연안,False,OBSERVED,True,경상북도,의성군,금성면,,,,,,,비연안,False,heatmap
경상북도 의성군 다인면,397698.0,비연안,False,OBSERVED,True,경상북도,의성군,다인면,,,,,,,비연안,False,heatmap
경상북도 의성군 단밀면,568778.0,비연안,False,OBSERVED,True,경상북도,의성군,단밀면,,,,,,,비연안,False,heatmap
경상북도 의성군 단북면,323396.0,비연안,False,OBSERVED,True,경상북도,의성군,단북면,,,,,,,비연안,False,heatmap
경상북도 의성군 단촌면,478566.0,비연안,False,OBSERVED,True,경상북도,의성군,단촌면,,,,,,,비연안,False,heatmap
경상북도 의성군 봉양면,1127990.0,비연안,False,OBSERVED,True,경상북도,의성군,봉양면,,,,,,,비연안,False,heatmap
경상북도 의성군 비안면,270428.0,비연안,False,OBSERVED,True,경상북도,의성군,비안면,,,,,,,비연안,False,heatmap
경상북도 의성군 사곡면,224382.0,비연안,False,OBSERVED,True,경상북도,의성군,사곡면,,,,,,,비연안,False,heatmap
경상북도 의성군 신평면,82106.0,비연안,False,OBSERVED,True,경상북도,의성군,신평면,,,,,,,비연안,False,heatmap
경상북도 의성군 안계면,955538.0,비연안,False,OBSERVED,True,경상북도,의성군,안계면,,,,,,,비연안,False,heatmap
경상북도 의성군 안사면,88630.0,비연안,False,OBSERVED,True,경상북도,의성군,안사면,,,,,,,비연안,False,heatmap
경상북도 의성군 안평면,246792.0,비연안,False,OBSERVED,True,경상북도,의성군,안평면,,,,,,,비연안,False,heatmap
경상북도 의성군 옥산면,239442.0,비연안,False,OBSERVED,True,경상북도,의성군,옥산면,,,,,,,비연안,False,heatmap
경상북도 의성군 의성읍,1801600.0,비연안,False,OBSERVED,True,경상북도,의성군,의성읍,,,,,,,비연안,False,heatmap
경상북도 의성군 점곡면,186515.0,비연안,False,OBSERVED,True,경상북도,의성군,점곡면,,,,,,,비연안,False,heatmap
경상북도 의성군 춘산면,164546.0,비연안,False,OBSERVED,True,경상북도,의성군,춘산면,,,,,,,비연안,False,heatmap
경상북도 청도군 각남면,297812.0,비연안,False,OBSERVED,True,경상북도,청도군,각남면,,,,,,,비연안,False,heatmap
경상북도 청도군 각북면,635554.0,비연안,False,OBSERVED,True,경상북도,청도군,각북면,,,,,,,비연안,False,heatmap
경상북도 청도군 금천면,652407.0,비연안,False,OBSERVED,True,경상북도,청도군,금천면,,,,,,,비연안,False,heatmap
경상북도 청도군 매전면,909688.0,비연안,False,OBSERVED,True,경상북도,청도군,매전면,,,,,,,비연안,False,heatmap
경상북도 청도군 운문면,1590726.0,비연안,False,OBSERVED,True,경상북도,청도군,운문면,,,,,,,비연안,False,heatmap
경상북도 청도군 이서면,1317572.0,비연안,False,OBSERVED,True,경상북도,청도군,이서면,,,,,,,비연안,False,heatmap
경상북도 청도군 청도읍,3723307.0,비연안,False,OBSERVED,True,경상북도,청도군,청도읍,,,,,,,비연안,False,heatmap
경상북도 청도군 풍각면,576586.0,비연안,False,OBSERVED,True,경상북도,청도군,풍각면,,,,,,,비연안,False,heatmap
경상북도 청도군 화양읍,2781776.0,비연안,False,OBSERVED,True,경상북도,청도군,화양읍,,,,,,,비연안,False,heatmap
경상북도 청송군 부남면,296692.0,비연안,False,OBSERVED,True,경상북도,청송군,부남면,,,,,,,비연안,False,heatmap
경상북도 청송군 안덕면,302785.0,비연안,False,OBSERVED,True,경상북도,청송군,안덕면,,,,,,,비연안,False,heatmap
경상북도 청송군 주왕산면,1386063.0,비연안,False,OBSERVED,True,경상북도,청송군,주왕산면,,,,,,,비연안,False,heatmap
경상북도 청송군 진보면,1684638.0,비연안,False,OBSERVED,True,경상북도,청송군,진보면,,,,,,,비연안,False,heatmap
경상북도 청송군 청송읍,1134420.0,비연안,False,OBSERVED,True,경상북도,청송군,청송읍,,,,,,,비연안,False,heatmap
경상북도 청송군 파천면,585588.0,비연안,False,OBSERVED,True,경상북도,청송군,파천면,,,,,,,비연안,False,heatmap
경상북도 청송군 현동면,238508.0,비연안,False,OBSERVED,True,경상북도,청송군,현동면,,,,,,,비연안,False,heatmap
경상북도 청송군 현서면,409262.0,비연안,False,OBSERVED,True,경상북도,청송군,현서면,,,,,,,비연안,False,heatmap
경상북도 칠곡군 가산면,1930946.0,비연안,False,OBSERVED,True,경상북도,칠곡군,가산면,,,,,,,비연안,False,heatmap
경상북도 칠곡군 기산면,531094.0,비연안,False,OBSERVED,True,경상북도,칠곡군,기산면,,,,,,,비연안,False,heatmap
경상북도 칠곡군 동명면,6395410.0,비연안,False,OBSERVED,True,경상북도,칠곡군,동명면,,,,,,,비연안,False,heatmap
경상북도 칠곡군 북삼읍,1867432.0,비연안,False,OBSERVED,True,경상북도,칠곡군,북삼읍,,,,,,,비연안,False,heatmap
경상북도 칠곡군 석적읍,3245392.0,비연안,False,OBSERVED,True,경상북도,칠곡군,석적읍,,,,,,,비연안,False,heatmap
경상북도 칠곡군 약목면,1377820.0,비연안,False,OBSERVED,True,경상북도,칠곡군,약목면,,,,,,,비연안,False,heatmap
경상북도 칠곡군 왜관읍,7041468.0,비연안,False,OBSERVED,True,경상북도,칠곡군,왜관읍,,,,,,,비연안,False,heatmap
경상북도 칠곡군 지천면,2285374.0,비연안,False,OBSERVED,True,경상북도,칠곡군,지천면,,,,,,,비연안,False,heatmap
경상북도 포항시 남구 구룡포읍,3169887.0,연안 어촌,False,OBSERVED,True,경상북도,포항시 남구,구룡포읍,,,,,,,연안 어촌,False,heatmap
경상북도 포항시 남구 대송면,913465.0,비연안,False,OBSERVED,True,경상북도,포항시 남구,대송면,,,,,,,비연안,False,heatmap
경상북도 포항시 남구 대이동,6089937.0,비연안,False,OBSERVED,True,경상북도,포항시 남구,대이동,,,,,,,비연안,False,heatmap
경상북도 포항시 남구 동해면,1313004.0,연안 어촌,False,OBSERVED,True,경상북도,포항시 남구,동해면,,,,,,,연안 어촌,False,heatmap
경상북도 포항시 남구 상대동,4843800.0,비연안,False,OBSERVED,True,경상북도,포항시 남구,상대동,,,,,,,비연안,False,heatmap
경상북도 포항시 남구 송도동,3676102.0,연안 도시,False,OBSERVED,True,경상북도,포항시 남구,송도동,,,,,,,연안 도시,False,heatmap
경상북도 포항시 남구 연일읍,2909207.0,비연안,False,OBSERVED,True,경상북도,포항시 남구,연일읍,,,,,,,비연안,False,heatmap
경상북도 포항시 남구 오천읍,4542198.0,비연안,False,OBSERVED,True,경상북도,포항시 남구,오천읍,,,,,,,비연안,False,heatmap
경상북도 포항시 남구 장기면,1342376.0,연안 어촌,False,OBSERVED,True,경상북도,포항시 남구,장기면,,,,,,,연안 어촌,False,heatmap
경상북도 포항시 남구 제철동,1937089.0,연안 도시,False,OBSERVED,True,경상북도,포항시 남구,제철동,,,,,,,연안 도시,False,heatmap
경상북도 포항시 남구 청림동,1291888.0,연안 도시,False,OBSERVED,True,경상북도,포항시 남구,청림동,,,,,,,연안 도시,False,heatmap
경상북도 포항시 남구 해도동,2080172.0,비연안,False,OBSERVED,True,경상북도,포항시 남구,해도동,,,,,,,비연안,False,heatmap
경상북도 포항시 남구 호미곶면,2261738.0,연안 어촌,False,OBSERVED,True,경상북도,포항시 남구,호미곶면,,,,,,,연안 어촌,False,heatmap
경상북도 포항시 남구 효곡동,2715814.0,비연안,False,OBSERVED,True,경상북도,포항시 남구,효곡동,,,,,,,비연안,False,heatmap
경상북도 포항시 북구 기계면,1023106.0,비연안,False,OBSERVED,True,경상북도,포항시 북구,기계면,,,,,,,비연안,False,heatmap
경상북도 포항시 북구 기북면,190606.0,비연안,False,OBSERVED,True,경상북도,포항시 북구,기북면,,,,,,,비연안,False,heatmap
경상북도 포항시 북구 두호동,5025279.0,연안 도시,False,OBSERVED,True,경상북도,포항시 북구,두호동,,,,,,,연안 도시,False,heatmap
경상북도 포항시 북구 송라면,3050352.0,연안 어촌,False,OBSERVED,True,경상북도,포항시 북구,송라면,,,,,,,연안 어촌,False,heatmap
경상북도 포항시 북구 신광면,388066.0,비연안,False,OBSERVED,True,경상북도,포항시 북구,신광면,,,,,,,비연안,False,heatmap
경상북도 포항시 북구 양학동,1154486.0,비연안,False,OBSERVED,True,경상북도,포항시 북구,양학동,,,,,,,비연안,False,heatmap
경상북도 포항시 북구 용흥동,1400245.0,비연안,False,OBSERVED,True,경상북도,포항시 북구,용흥동,,,,,,,비연안,False,heatmap
경상북도 포항시 북구 우창동,1887896.0,비연안,False,OBSERVED,True,경상북도,포항시 북구,우창동,,,,,,,비연안,False,heatmap
경상북도 포항시 북구 장량동,5348063.0,비연안,False,OBSERVED,True,경상북도,포항시 북구,장량동,,,,,,,비연안,False,heatmap
경상북도 포항시 북구 죽도동,8041240.0,비연안,False,OBSERVED,True,경상북도,포항시 북구,죽도동,,,,,,,비연안,False,heatmap
경상북도 포항시 북구 죽장면,525186.0,비연안,False,OBSERVED,True,경상북도,포항시 북구,죽장면,,,,,,,비연안,False,heatmap
경상북도 포항시 북구 중앙동,5154331.0,연안 도시,False,OBSERVED,True,경상북도,포항시 북구,중앙동,,,,,,,연안 도시,False,heatmap
경상북도 포항시 북구 청하면,1778914.0,연안 어촌,False,OBSERVED,True,경상북도,포항시 북구,청하면,,,,,,,연안 어촌,False,heatmap
경상북도 포항시 북구 환여동,1748106.0,연안 도시,False,OBSERVED,True,경상북도,포항시 북구,환여동,,,,,,,연안 도시,False,heatmap
경상북도 포항시 북구 흥해읍,6976130.0,연안 어촌,False,OBSERVED,True,경상북도,포항시 북구,흥해읍,,,,,,,연안 어촌,False,heatmap
대구광역시 군위군 군위읍,2444740.0,비연안,False,OBSERVED,True,대구광역시,군위군,군위읍,,,,,,,비연안,False,heatmap
대구광역시 군위군 부계면,2708590.0,비연안,False,OBSERVED,True,대구광역시,군위군,부계면,,,,,,,비연안,False,heatmap
대구광역시 군위군 산성면,596600.0,비연안,False,OBSERVED,True,대구광역시,군위군,산성면,,,,,,,비연안,False,heatmap
대구광역시 군위군 삼국유사면,479577.0,비연안,False,OBSERVED,True,대구광역시,군위군,삼국유사면,,,,,,,비연안,False,heatmap
대구광역시 군위군 소보면,373748.0,비연안,False,OBSERVED,True,대구광역시,군위군,소보면,,,,,,,비연안,False,heatmap
대구광역시 군위군 우보면,284028.0,비연안,False,OBSERVED,True,대구광역시,군위군,우보면,,,,,,,비연안,False,heatmap
대구광역시 군위군 의흥면,435078.0,비연안,False,OBSERVED,True,대구광역시,군위군,의흥면,,,,,,,비연안,False,heatmap
대구광역시 군위군 효령면,1338914.0,비연안,False,OBSERVED,True,대구광역시,군위군,효령면,,,,,,,비연안,False,heatmap
대구광역시 남구 대명10동,1269002.0,비연안,False,OBSERVED,True,대구광역시,남구,대명10동,,,,,,,비연안,False,heatmap
대구광역시 남구 대명11동,2625140.0,비연안,False,OBSERVED,True,대구광역시,남구,대명11동,,,,,,,비연안,False,heatmap
대구광역시 남구 대명1동,2620758.0,비연안,False,OBSERVED,True,대구광역시,남구,대명1동,,,,,,,비연안,False,heatmap
대구광역시 남구 대명2동,3476641.0,비연안,False,OBSERVED,True,대구광역시,남구,대명2동,,,,,,,비연안,False,heatmap
대구광역시 남구 대명3동,2491209.0,비연안,False,OBSERVED,True,대구광역시,남구,대명3동,,,,,,,비연안,False,heatmap
대구광역시 남구 대명4동,3272402.0,비연안,False,OBSERVED,True,대구광역시,남구,대명4동,,,,,,,비연안,False,heatmap
대구광역시 남구 대명5동,3680470.0,비연안,False,OBSERVED,True,대구광역시,남구,대명5동,,,,,,,비연안,False,heatmap
대구광역시 남구 대명6동,2096518.0,비연안,False,OBSERVED,True,대구광역시,남구,대명6동,,,,,,,비연안,False,heatmap
대구광역시 남구 대명9동,4591982.0,비연안,False,OBSERVED,True,대구광역시,남구,대명9동,,,,,,,비연안,False,heatmap
대구광역시 남구 봉덕1동,1472894.0,비연안,False,OBSERVED,True,대구광역시,남구,봉덕1동,,,,,,,비연안,False,heatmap
대구광역시 남구 봉덕2동,1626782.0,비연안,False,OBSERVED,True,대구광역시,남구,봉덕2동,,,,,,,비연안,False,heatmap
대구광역시 남구 봉덕3동,1906292.0,비연안,False,OBSERVED,True,대구광역시,남구,봉덕3동,,,,,,,비연안,False,heatmap
대구광역시 남구 이천동,1508112.0,비연안,False,OBSERVED,True,대구광역시,남구,이천동,,,,,,,비연안,False,heatmap
대구광역시 달서구 감삼동,2482336.0,비연안,False,OBSERVED,True,대구광역시,달서구,감삼동,,,,,,,비연안,False,heatmap
대구광역시 달서구 도원동,2960674.0,비연안,False,OBSERVED,True,대구광역시,달서구,도원동,,,,,,,비연안,False,heatmap
대구광역시 달서구 두류1.2동,5794614.0,비연안,False,OBSERVED,True,대구광역시,달서구,두류1.2동,,,,,,,비연안,False,heatmap
대구광역시 달서구 두류3동,5085350.0,비연안,False,OBSERVED,True,대구광역시,달서구,두류3동,,,,,,,비연안,False,heatmap
대구광역시 달서구 본동,1833380.0,비연안,False,OBSERVED,True,대구광역시,달서구,본동,,,,,,,비연안,False,heatmap
대구광역시 달서구 본리동,3394608.0,비연안,False,OBSERVED,True,대구광역시,달서구,본리동,,,,,,,비연안,False,heatmap
대구광역시 달서구 상인1동,2634247.0,비연안,False,OBSERVED,True,대구광역시,달서구,상인1동,,,,,,,비연안,False,heatmap
대구광역시 달서구 상인2동,2898388.0,비연안,False,OBSERVED,True,대구광역시,달서구,상인2동,,,,,,,비연안,False,heatmap
대구광역시 달서구 상인3동,836342.0,비연안,False,OBSERVED,True,대구광역시,달서구,상인3동,,,,,,,비연안,False,heatmap
대구광역시 달서구 성당동,2276858.0,비연안,False,OBSERVED,True,대구광역시,달서구,성당동,,,,,,,비연안,False,heatmap
대구광역시 달서구 송현1동,1782746.0,비연안,False,OBSERVED,True,대구광역시,달서구,송현1동,,,,,,,비연안,False,heatmap
대구광역시 달서구 송현2동,1877008.0,비연안,False,OBSERVED,True,대구광역시,달서구,송현2동,,,,,,,비연안,False,heatmap
대구광역시 달서구 신당동,8446050.0,비연안,False,OBSERVED,True,대구광역시,달서구,신당동,,,,,,,비연안,False,heatmap
대구광역시 달서구 용산1동,2499770.0,비연안,False,OBSERVED,True,대구광역시,달서구,용산1동,,,,,,,비연안,False,heatmap
대구광역시 달서구 용산2동,1025888.0,비연안,False,OBSERVED,True,대구광역시,달서구,용산2동,,,,,,,비연안,False,heatmap
대구광역시 달서구 월성1동,3589642.0,비연안,False,OBSERVED,True,대구광역시,달서구,월성1동,,,,,,,비연안,False,heatmap
대구광역시 달서구 월성2동,2023210.0,비연안,False,OBSERVED,True,대구광역시,달서구,월성2동,,,,,,,비연안,False,heatmap
대구광역시 달서구 유천동,1408222.0,비연안,False,OBSERVED,True,대구광역시,달서구,유천동,,,,,,,비연안,False,heatmap
대구광역시 달서구 이곡1동,3090980.0,비연안,False,OBSERVED,True,대구광역시,달서구,이곡1동,,,,,,,비연안,False,heatmap
대구광역시 달서구 이곡2동,3026986.0,비연안,False,OBSERVED,True,대구광역시,달서구,이곡2동,,,,,,,비연안,False,heatmap
대구광역시 달서구 장기동,2857312.0,비연안,False,OBSERVED,True,대구광역시,달서구,장기동,,,,,,,비연안,False,heatmap
대구광역시 달서구 죽전동,3194884.0,비연안,False,OBSERVED,True,대구광역시,달서구,죽전동,,,,,,,비연안,False,heatmap
대구광역시 달서구 진천동,6371771.0,비연안,False,OBSERVED,True,대구광역시,달서구,진천동,,,,,,,비연안,False,heatmap
대구광역시 달성군 가창면,4018238.0,비연안,False,OBSERVED,True,대구광역시,달성군,가창면,,,,,,,비연안,False,heatmap
대구광역시 달성군 구지면,2165121.0,비연안,False,OBSERVED,True,대구광역시,달성군,구지면,,,,,,,비연안,False,heatmap
대구광역시 달성군 논공읍,3179897.0,비연안,False,OBSERVED,True,대구광역시,달성군,논공읍,,,,,,,비연안,False,heatmap
대구광역시 달성군 다사읍,7577430.0,비연안,False,OBSERVED,True,대구광역시,달성군,다사읍,,,,,,,비연안,False,heatmap
대구광역시 달성군 옥포읍,2613454.0,비연안,False,OBSERVED,True,대구광역시,달성군,옥포읍,,,,,,,비연안,False,heatmap
대구광역시 달성군 유가읍,2903908.0,비연안,False,OBSERVED,True,대구광역시,달성군,유가읍,,,,,,,비연안,False,heatmap
대구광역시 달성군 하빈면,1343912.0,비연안,False,OBSERVED,True,대구광역시,달성군,하빈면,,,,,,,비연안,False,heatmap
대구광역시 달성군 현풍읍,5605936.0,비연안,False,OBSERVED,True,대구광역시,달성군,현풍읍,,,,,,,비연안,False,heatmap
대구광역시 달성군 화원읍,5128998.0,비연안,False,OBSERVED,True,대구광역시,달성군,화원읍,,,,,,,비연안,False,heatmap
대구광역시 동구 공산동,6367543.0,비연안,False,OBSERVED,True,대구광역시,동구,공산동,,,,,,,비연안,False,heatmap
대구광역시 동구 도평동,834740.0,비연안,False,OBSERVED,True,대구광역시,동구,도평동,,,,,,,비연안,False,heatmap
대구광역시 동구 동촌동,2469544.0,비연안,False,OBSERVED,True,대구광역시,동구,동촌동,,,,,,,비연안,False,heatmap
대구광역시 동구 방촌동,1625236.0,비연안,False,OBSERVED,True,대구광역시,동구,방촌동,,,,,,,비연안,False,heatmap
대구광역시 동구 불로.봉무동,4165766.0,비연안,False,OBSERVED,True,대구광역시,동구,불로.봉무동,,,,,,,비연안,False,heatmap
대구광역시 동구 신암1동,1406685.0,비연안,False,OBSERVED,True,대구광역시,동구,신암1동,,,,,,,비연안,False,heatmap
대구광역시 동구 신암2동,638435.0,비연안,False,OBSERVED,True,대구광역시,동구,신암2동,,,,,,,비연안,False,heatmap
대구광역시 동구 신암3동,686049.0,비연안,False,OBSERVED,True,대구광역시,동구,신암3동,,,,,,,비연안,False,heatmap
대구광역시 동구 신암4동,10703158.0,비연안,False,OBSERVED,True,대구광역시,동구,신암4동,,,,,,,비연안,False,heatmap
대구광역시 동구 신암5동,712338.0,비연안,False,OBSERVED,True,대구광역시,동구,신암5동,,,,,,,비연안,False,heatmap
대구광역시 동구 신천1.2동,1256773.0,비연안,False,OBSERVED,True,대구광역시,동구,신천1.2동,,,,,,,비연안,False,heatmap
대구광역시 동구 신천3동,6351387.0,비연안,False,OBSERVED,True,대구광역시,동구,신천3동,,,,,,,비연안,False,heatmap
대구광역시 동구 신천4동,7029116.0,비연안,False,OBSERVED,True,대구광역시,동구,신천4동,,,,,,,비연안,False,heatmap
대구광역시 동구 안심1동,2801302.0,비연안,False,OBSERVED,True,대구광역시,동구,안심1동,,,,,,,비연안,False,heatmap
대구광역시 동구 안심2동,1622750.0,비연안,False,OBSERVED,True,대구광역시,동구,안심2동,,,,,,,비연안,False,heatmap
대구광역시 동구 안심3동,1207308.0,비연안,False,OBSERVED,True,대구광역시,동구,안심3동,,,,,,,비연안,False,heatmap
대구광역시 동구 안심4동,6144288.0,비연안,False,OBSERVED,True,대구광역시,동구,안심4동,,,,,,,비연안,False,heatmap
대구광역시 동구 지저동,2967153.0,비연안,False,OBSERVED,True,대구광역시,동구,지저동,,,,,,,비연안,False,heatmap
대구광역시 동구 해안동,2376388.0,비연안,False,OBSERVED,True,대구광역시,동구,해안동,,,,,,,비연안,False,heatmap
대구광역시 동구 혁신동,1755114.0,비연안,False,OBSERVED,True,대구광역시,동구,혁신동,,,,,,,비연안,False,heatmap
대구광역시 동구 효목1동,2819635.0,비연안,False,OBSERVED,True,대구광역시,동구,효목1동,,,,,,,비연안,False,heatmap
대구광역시 동구 효목2동,18329496.0,비연안,False,OBSERVED,True,대구광역시,동구,효목2동,,,,,,,비연안,False,heatmap
대구광역시 북구 검단동,1024387.0,비연안,False,OBSERVED,True,대구광역시,북구,검단동,,,,,,,비연안,False,heatmap
대구광역시 북구 고성동,9881781.0,비연안,False,OBSERVED,True,대구광역시,북구,고성동,,,,,,,비연안,False,heatmap
대구광역시 북구 관문동,3534240.0,비연안,False,OBSERVED,True,대구광역시,북구,관문동,,,,,,,비연안,False,heatmap
대구광역시 북구 관음동,1002838.0,비연안,False,OBSERVED,True,대구광역시,북구,관음동,,,,,,,비연안,False,heatmap
대구광역시 북구 구암동,3578995.0,비연안,False,OBSERVED,True,대구광역시,북구,구암동,,,,,,,비연안,False,heatmap
대구광역시 북구 국우동,2953108.0,비연안,False,OBSERVED,True,대구광역시,북구,국우동,,,,,,,비연안,False,heatmap
대구광역시 북구 노원동,3230234.0,비연안,False,OBSERVED,True,대구광역시,북구,노원동,,,,,,,비연안,False,heatmap
대구광역시 북구 대현동,2378488.0,비연안,False,OBSERVED,True,대구광역시,북구,대현동,,,,,,,비연안,False,heatmap
대구광역시 북구 동천동,3727605.0,비연안,False,OBSERVED,True,대구광역시,북구,동천동,,,,,,,비연안,False,heatmap
대구광역시 북구 무태조야동,2368538.0,비연안,False,OBSERVED,True,대구광역시,북구,무태조야동,,,,,,,비연안,False,heatmap
대구광역시 북구 복현1동,1980548.0,비연안,False,OBSERVED,True,대구광역시,북구,복현1동,,,,,,,비연안,False,heatmap
대구광역시 북구 복현2동,2442954.0,비연안,False,OBSERVED,True,대구광역시,북구,복현2동,,,,,,,비연안,False,heatmap
대구광역시 북구 산격1동,494536.0,비연안,False,OBSERVED,True,대구광역시,북구,산격1동,,,,,,,비연안,False,heatmap
대구광역시 북구 산격2동,9055081.0,비연안,False,OBSERVED,True,대구광역시,북구,산격2동,,,,,,,비연안,False,heatmap
대구광역시 북구 산격3동,3294182.0,비연안,False,OBSERVED,True,대구광역시,북구,산격3동,,,,,,,비연안,False,heatmap
대구광역시 북구 산격4동,802750.0,비연안,False,OBSERVED,True,대구광역시,북구,산격4동,,,,,,,비연안,False,heatmap
대구광역시 북구 읍내동,1671498.0,비연안,False,OBSERVED,True,대구광역시,북구,읍내동,,,,,,,비연안,False,heatmap
대구광역시 북구 칠성동,6286318.0,비연안,False,OBSERVED,True,대구광역시,북구,칠성동,,,,,,,비연안,False,heatmap
대구광역시 북구 침산1동,909254.0,비연안,False,OBSERVED,True,대구광역시,북구,침산1동,,,,,,,비연안,False,heatmap
대구광역시 북구 침산2동,1419974.0,비연안,False,OBSERVED,True,대구광역시,북구,침산2동,,,,,,,비연안,False,heatmap
대구광역시 북구 침산3동,848684.0,비연안,False,OBSERVED,True,대구광역시,북구,침산3동,,,,,,,비연안,False,heatmap
대구광역시 북구 태전1동,1713338.0,비연안,False,OBSERVED,True,대구광역시,북구,태전1동,,,,,,,비연안,False,heatmap
대구광역시 북구 태전2동,2338014.0,비연안,False,OBSERVED,True,대구광역시,북구,태전2동,,,,,,,비연안,False,heatmap
대구광역시 서구 내당1동,3587080.0,비연안,False,OBSERVED,True,대구광역시,서구,내당1동,,,,,,,비연안,False,heatmap
대구광역시 서구 내당2.3동,1919239.0,비연안,False,OBSERVED,True,대구광역시,서구,내당2.3동,,,,,,,비연안,False,heatmap
대구광역시 서구 내당4동,2963681.0,비연안,False,OBSERVED,True,대구광역시,서구,내당4동,,,,,,,비연안,False,heatmap
대구광역시 서구 비산1동,377216.0,비연안,False,OBSERVED,True,대구광역시,서구,비산1동,,,,,,,비연안,False,heatmap
대구광역시 서구 비산2.3동,533162.0,비연안,False,OBSERVED,True,대구광역시,서구,비산2.3동,,,,,,,비연안,False,heatmap
대구광역시 서구 비산4동,742248.0,비연안,False,OBSERVED,True,대구광역시,서구,비산4동,,,,,,,비연안,False,heatmap
대구광역시 서구 비산5동,638778.0,비연안,False,OBSERVED,True,대구광역시,서구,비산5동,,,,,,,비연안,False,heatmap
대구광역시 서구 비산6동,1442424.0,비연안,False,OBSERVED,True,대구광역시,서구,비산6동,,,,,,,비연안,False,heatmap
대구광역시 서구 비산7동,1663683.0,비연안,False,OBSERVED,True,대구광역시,서구,비산7동,,,,,,,비연안,False,heatmap
대구광역시 서구 상중이동,4665392.0,비연안,False,OBSERVED,True,대구광역시,서구,상중이동,,,,,,,비연안,False,heatmap
대구광역시 서구 원대동,1220079.0,비연안,False,OBSERVED,True,대구광역시,서구,원대동,,,,,,,비연안,False,heatmap
대구광역시 서구 평리1동,349262.0,비연안,False,OBSERVED,True,대구광역시,서구,평리1동,,,,,,,비연안,False,heatmap
대구광역시 서구 평리2동,440472.0,비연안,False,OBSERVED,True,대구광역시,서구,평리2동,,,,,,,비연안,False,heatmap
대구광역시 서구 평리3동,1865801.0,비연안,False,OBSERVED,True,대구광역시,서구,평리3동,,,,,,,비연안,False,heatmap
대구광역시 서구 평리4동,2089238.0,비연안,False,OBSERVED,True,대구광역시,서구,평리4동,,,,,,,비연안,False,heatmap
대구광역시 서구 평리5동,1181464.0,비연안,False,OBSERVED,True,대구광역시,서구,평리5동,,,,,,,비연안,False,heatmap
대구광역시 서구 평리6동,498701.0,비연안,False,OBSERVED,True,대구광역시,서구,평리6동,,,,,,,비연안,False,heatmap
대구광역시 수성구 고산1동,4969198.0,비연안,False,OBSERVED,True,대구광역시,수성구,고산1동,,,,,,,비연안,False,heatmap
대구광역시 수성구 고산2동,7042962.0,비연안,False,OBSERVED,True,대구광역시,수성구,고산2동,,,,,,,비연안,False,heatmap
대구광역시 수성구 고산3동,2275546.0,비연안,False,OBSERVED,True,대구광역시,수성구,고산3동,,,,,,,비연안,False,heatmap
대구광역시 수성구 두산동,8996704.0,비연안,False,OBSERVED,True,대구광역시,수성구,두산동,,,,,,,비연안,False,heatmap
대구광역시 수성구 만촌1동,4295000.0,비연안,False,OBSERVED,True,대구광역시,수성구,만촌1동,,,,,,,비연안,False,heatmap
대구광역시 수성구 만촌2동,1288200.0,비연안,False,OBSERVED,True,대구광역시,수성구,만촌2동,,,,,,,비연안,False,heatmap
대구광역시 수성구 만촌3동,2021600.0,비연안,False,OBSERVED,True,대구광역시,수성구,만촌3동,,,,,,,비연안,False,heatmap
대구광역시 수성구 범물1동,832706.0,비연안,False,OBSERVED,True,대구광역시,수성구,범물1동,,,,,,,비연안,False,heatmap
대구광역시 수성구 범물2동,924172.0,비연안,False,OBSERVED,True,대구광역시,수성구,범물2동,,,,,,,비연안,False,heatmap
대구광역시 수성구 범어1동,3902458.0,비연안,False,OBSERVED,True,대구광역시,수성구,범어1동,,,,,,,비연안,False,heatmap
대구광역시 수성구 범어2동,3413550.0,비연안,False,OBSERVED,True,대구광역시,수성구,범어2동,,,,,,,비연안,False,heatmap
대구광역시 수성구 범어3동,2249936.0,비연안,False,OBSERVED,True,대구광역시,수성구,범어3동,,,,,,,비연안,False,heatmap
대구광역시 수성구 범어4동,1308930.0,비연안,False,OBSERVED,True,대구광역시,수성구,범어4동,,,,,,,비연안,False,heatmap
대구광역시 수성구 상동,3999317.0,비연안,False,OBSERVED,True,대구광역시,수성구,상동,,,,,,,비연안,False,heatmap
대구광역시 수성구 수성1가동,1288228.0,비연안,False,OBSERVED,True,대구광역시,수성구,수성1가동,,,,,,,비연안,False,heatmap
대구광역시 수성구 수성2.3가동,1949976.0,비연안,False,OBSERVED,True,대구광역시,수성구,수성2.3가동,,,,,,,비연안,False,heatmap
대구광역시 수성구 수성4가동,2005224.0,비연안,False,OBSERVED,True,대구광역시,수성구,수성4가동,,,,,,,비연안,False,heatmap
대구광역시 수성구 중동,2096398.0,비연안,False,OBSERVED,True,대구광역시,수성구,중동,,,,,,,비연안,False,heatmap
대구광역시 수성구 지산1동,2646242.0,비연안,False,OBSERVED,True,대구광역시,수성구,지산1동,,,,,,,비연안,False,heatmap
대구광역시 수성구 지산2동,2132134.0,비연안,False,OBSERVED,True,대구광역시,수성구,지산2동,,,,,,,비연안,False,heatmap
대구광역시 수성구 파동,1605944.0,비연안,False,OBSERVED,True,대구광역시,수성구,파동,,,,,,,비연안,False,heatmap
대구광역시 수성구 황금1동,1168506.0,비연안,False,OBSERVED,True,대구광역시,수성구,황금1동,,,,,,,비연안,False,heatmap
대구광역시 수성구 황금2동,2702616.0,비연안,False,OBSERVED,True,대구광역시,수성구,황금2동,,,,,,,비연안,False,heatmap
대구광역시 중구 남산1동,5107316.0,비연안,False,OBSERVED,True,대구광역시,중구,남산1동,,,,,,,비연안,False,heatmap
대구광역시 중구 남산2동,2400475.0,비연안,False,OBSERVED,True,대구광역시,중구,남산2동,,,,,,,비연안,False,heatmap
대구광역시 중구 남산3동,1172972.0,비연안,False,OBSERVED,True,대구광역시,중구,남산3동,,,,,,,비연안,False,heatmap
대구광역시 중구 남산4동,2440725.0,비연안,False,OBSERVED,True,대구광역시,중구,남산4동,,,,,,,비연안,False,heatmap
대구광역시 중구 대봉1동,2486246.0,비연안,False,OBSERVED,True,대구광역시,중구,대봉1동,,,,,,,비연안,False,heatmap
대구광역시 중구 대봉2동,2715363.0,비연안,False,OBSERVED,True,대구광역시,중구,대봉2동,,,,,,,비연안,False,heatmap
대구광역시 중구 대신동,10273582.0,비연안,False,OBSERVED,True,대구광역시,중구,대신동,,,,,,,비연안,False,heatmap
대구광역시 중구 동인동,7847102.0,비연안,False,OBSERVED,True,대구광역시,중구,동인동,,,,,,,비연안,False,heatmap
대구광역시 중구 삼덕동,12069928.0,비연안,False,OBSERVED,True,대구광역시,중구,삼덕동,,,,,,,비연안,False,heatmap
대구광역시 중구 성내1동,32982509.0,비연안,False,OBSERVED,True,대구광역시,중구,성내1동,,,,,,,비연안,False,heatmap
대구광역시 중구 성내2동,15193150.0,비연안,False,OBSERVED,True,대구광역시,중구,성내2동,,,,,,,비연안,False,heatmap
대구광역시 중구 성내3동,3450304.0,비연안,False,OBSERVED,True,대구광역시,중구,성내3동,,,,,,,비연안,False,heatmap
대전광역시 대덕구 대화동,1265327.0,비연안,False,OBSERVED,True,대전광역시,대덕구,대화동,,,,,,,비연안,False,heatmap
대전광역시 대덕구 덕암동,2199844.0,비연안,False,OBSERVED,True,대전광역시,대덕구,덕암동,,,,,,,비연안,False,heatmap
대전광역시 대덕구 목상동,1767528.0,비연안,False,OBSERVED,True,대전광역시,대덕구,목상동,,,,,,,비연안,False,heatmap
대전광역시 대덕구 법1동,609532.0,비연안,False,OBSERVED,True,대전광역시,대덕구,법1동,,,,,,,비연안,False,heatmap
대전광역시 대덕구 법2동,1124627.0,비연안,False,OBSERVED,True,대전광역시,대덕구,법2동,,,,,,,비연안,False,heatmap
대전광역시 대덕구 비래동,1440677.0,비연안,False,OBSERVED,True,대전광역시,대덕구,비래동,,,,,,,비연안,False,heatmap
대전광역시 대덕구 석봉동,5455436.0,비연안,False,OBSERVED,True,대전광역시,대덕구,석봉동,,,,,,,비연안,False,heatmap
대전광역시 대덕구 송촌동,3244846.0,비연안,False,OBSERVED,True,대전광역시,대덕구,송촌동,,,,,,,비연안,False,heatmap
대전광역시 대덕구 신탄진동,2963040.0,비연안,False,OBSERVED,True,대전광역시,대덕구,신탄진동,,,,,,,비연안,False,heatmap
대전광역시 대덕구 오정동,4616482.0,비연안,False,OBSERVED,True,대전광역시,대덕구,오정동,,,,,,,비연안,False,heatmap
대전광역시 대덕구 중리동,4334460.0,비연안,False,OBSERVED,True,대전광역시,대덕구,중리동,,,,,,,비연안,False,heatmap
대전광역시 대덕구 회덕동,3081904.0,비연안,False,OBSERVED,True,대전광역시,대덕구,회덕동,,,,,,,비연안,False,heatmap
대전광역시 동구 가양1동,1615411.0,비연안,False,OBSERVED,True,대전광역시,동구,가양1동,,,,,,,비연안,False,heatmap
대전광역시 동구 가양2동,2131944.0,비연안,False,OBSERVED,True,대전광역시,동구,가양2동,,,,,,,비연안,False,heatmap
대전광역시 동구 대동,1113340.0,비연안,False,OBSERVED,True,대전광역시,동구,대동,,,,,,,비연안,False,heatmap
대전광역시 동구 대청동,2340488.0,비연안,False,OBSERVED,True,대전광역시,동구,대청동,,,,,,,비연안,False,heatmap
대전광역시 동구 산내동,3735942.0,비연안,False,OBSERVED,True,대전광역시,동구,산내동,,,,,,,비연안,False,heatmap
대전광역시 동구 삼성동,2091106.0,비연안,False,OBSERVED,True,대전광역시,동구,삼성동,,,,,,,비연안,False,heatmap
대전광역시 동구 성남동,907571.0,비연안,False,OBSERVED,True,대전광역시,동구,성남동,,,,,,,비연안,False,heatmap
대전광역시 동구 신인동,4214984.0,비연안,False,OBSERVED,True,대전광역시,동구,신인동,,,,,,,비연안,False,heatmap
대전광역시 동구 용운동,1943112.0,비연안,False,OBSERVED,True,대전광역시,동구,용운동,,,,,,,비연안,False,heatmap
대전광역시 동구 용전동,7947212.0,비연안,False,OBSERVED,True,대전광역시,동구,용전동,,,,,,,비연안,False,heatmap
대전광역시 동구 자양동,1613678.0,비연안,False,OBSERVED,True,대전광역시,동구,자양동,,,,,,,비연안,False,heatmap
대전광역시 동구 중앙동,15329286.0,비연안,False,OBSERVED,True,대전광역시,동구,중앙동,,,,,,,비연안,False,heatmap
대전광역시 동구 판암1동,1445602.0,비연안,False,OBSERVED,True,대전광역시,동구,판암1동,,,,,,,비연안,False,heatmap
대전광역시 동구 판암2동,608195.0,비연안,False,OBSERVED,True,대전광역시,동구,판암2동,,,,,,,비연안,False,heatmap
대전광역시 동구 홍도동,1555022.0,비연안,False,OBSERVED,True,대전광역시,동구,홍도동,,,,,,,비연안,False,heatmap
대전광역시 동구 효동,2961882.0,비연안,False,OBSERVED,True,대전광역시,동구,효동,,,,,,,비연안,False,heatmap
대전광역시 서구 가수원동,1838004.0,비연안,False,OBSERVED,True,대전광역시,서구,가수원동,,,,,,,비연안,False,heatmap
대전광역시 서구 가장동,623346.0,비연안,False,OBSERVED,True,대전광역시,서구,가장동,,,,,,,비연안,False,heatmap
대전광역시 서구 갈마1동,2395648.0,비연안,False,OBSERVED,True,대전광역시,서구,갈마1동,,,,,,,비연안,False,heatmap
대전광역시 서구 갈마2동,2575069.0,비연안,False,OBSERVED,True,대전광역시,서구,갈마2동,,,,,,,비연안,False,heatmap
대전광역시 서구 관저1동,4904526.0,비연안,False,OBSERVED,True,대전광역시,서구,관저1동,,,,,,,비연안,False,heatmap
대전광역시 서구 관저2동,4370331.0,비연안,False,OBSERVED,True,대전광역시,서구,관저2동,,,,,,,비연안,False,heatmap
대전광역시 서구 괴정동,3482192.0,비연안,False,OBSERVED,True,대전광역시,서구,괴정동,,,,,,,비연안,False,heatmap
대전광역시 서구 기성동,1173788.0,비연안,False,OBSERVED,True,대전광역시,서구,기성동,,,,,,,비연안,False,heatmap
대전광역시 서구 내동,905156.0,비연안,False,OBSERVED,True,대전광역시,서구,내동,,,,,,,비연안,False,heatmap
대전광역시 서구 도마1동,2848206.0,비연안,False,OBSERVED,True,대전광역시,서구,도마1동,,,,,,,비연안,False,heatmap
대전광역시 서구 도마2동,1424216.0,비연안,False,OBSERVED,True,대전광역시,서구,도마2동,,,,,,,비연안,False,heatmap
대전광역시 서구 도안동,3484355.0,비연안,False,OBSERVED,True,대전광역시,서구,도안동,,,,,,,비연안,False,heatmap
대전광역시 서구 둔산1동,7056308.0,비연안,False,OBSERVED,True,대전광역시,서구,둔산1동,,,,,,,비연안,False,heatmap
대전광역시 서구 둔산2동,15265218.0,비연안,False,OBSERVED,True,대전광역시,서구,둔산2동,,,,,,,비연안,False,heatmap
대전광역시 서구 둔산3동,1082004.0,비연안,False,OBSERVED,True,대전광역시,서구,둔산3동,,,,,,,비연안,False,heatmap
대전광역시 서구 만년동,5623793.0,비연안,False,OBSERVED,True,대전광역시,서구,만년동,,,,,,,비연안,False,heatmap
대전광역시 서구 변동,1268110.0,비연안,False,OBSERVED,True,대전광역시,서구,변동,,,,,,,비연안,False,heatmap
대전광역시 서구 복수동,1565438.0,비연안,False,OBSERVED,True,대전광역시,서구,복수동,,,,,,,비연안,False,heatmap
대전광역시 서구 용문동,2368622.0,비연안,False,OBSERVED,True,대전광역시,서구,용문동,,,,,,,비연안,False,heatmap
대전광역시 서구 월평1동,3546459.0,비연안,False,OBSERVED,True,대전광역시,서구,월평1동,,,,,,,비연안,False,heatmap
대전광역시 서구 월평2동,3277211.0,비연안,False,OBSERVED,True,대전광역시,서구,월평2동,,,,,,,비연안,False,heatmap
대전광역시 서구 월평3동,362789.0,비연안,False,OBSERVED,True,대전광역시,서구,월평3동,,,,,,,비연안,False,heatmap
대전광역시 서구 정림동,1212666.0,비연안,False,OBSERVED,True,대전광역시,서구,정림동,,,,,,,비연안,False,heatmap
대전광역시 서구 탄방동,11023278.0,비연안,False,OBSERVED,True,대전광역시,서구,탄방동,,,,,,,비연안,False,heatmap
대전광역시 유성구 관평동,5987954.0,비연안,False,OBSERVED,True,대전광역시,유성구,관평동,,,,,,,비연안,False,heatmap
대전광역시 유성구 구즉동,2217432.0,비연안,False,OBSERVED,True,대전광역시,유성구,구즉동,,,,,,,비연안,False,heatmap
대전광역시 유성구 노은1동,4756913.0,비연안,False,OBSERVED,True,대전광역시,유성구,노은1동,,,,,,,비연안,False,heatmap
대전광역시 유성구 노은2동,1644125.0,비연안,False,OBSERVED,True,대전광역시,유성구,노은2동,,,,,,,비연안,False,heatmap
대전광역시 유성구 노은3동,2359896.0,비연안,False,OBSERVED,True,대전광역시,유성구,노은3동,,,,,,,비연안,False,heatmap
대전광역시 유성구 상대동,1602216.0,비연안,False,OBSERVED,True,대전광역시,유성구,상대동,,,,,,,비연안,False,heatmap
대전광역시 유성구 신성동,9866868.0,비연안,False,OBSERVED,True,대전광역시,유성구,신성동,,,,,,,비연안,False,heatmap
대전광역시 유성구 온천1동,14609920.0,비연안,False,OBSERVED,True,대전광역시,유성구,온천1동,,,,,,,비연안,False,heatmap
대전광역시 유성구 온천2동,17747688.0,비연안,False,OBSERVED,True,대전광역시,유성구,온천2동,,,,,,,비연안,False,heatmap
대전광역시 유성구 원신흥동,3616582.0,비연안,False,OBSERVED,True,대전광역시,유성구,원신흥동,,,,,,,비연안,False,heatmap
대전광역시 유성구 전민동,6999772.0,비연안,False,OBSERVED,True,대전광역시,유성구,전민동,,,,,,,비연안,False,heatmap
대전광역시 유성구 진잠동,5401487.0,비연안,False,OBSERVED,True,대전광역시,유성구,진잠동,,,,,,,비연안,False,heatmap
대전광역시 유성구 학하동,4985012.0,비연안,False,OBSERVED,True,대전광역시,유성구,학하동,,,,,,,비연안,False,heatmap
대전광역시 중구 대사동,3062906.0,비연안,False,OBSERVED,True,대전광역시,중구,대사동,,,,,,,비연안,False,heatmap
대전광역시 중구 대흥동,13568944.0,비연안,False,OBSERVED,True,대전광역시,중구,대흥동,,,,,,,비연안,False,heatmap
대전광역시 중구 목동,957740.0,비연안,False,OBSERVED,True,대전광역시,중구,목동,,,,,,,비연안,False,heatmap
대전광역시 중구 문창동,1397501.0,비연안,False,OBSERVED,True,대전광역시,중구,문창동,,,,,,,비연안,False,heatmap
대전광역시 중구 문화1동,5844660.0,비연안,False,OBSERVED,True,대전광역시,중구,문화1동,,,,,,,비연안,False,heatmap
대전광역시 중구 문화2동,742392.0,비연안,False,OBSERVED,True,대전광역시,중구,문화2동,,,,,,,비연안,False,heatmap
대전광역시 중구 부사동,3252284.0,비연안,False,OBSERVED,True,대전광역시,중구,부사동,,,,,,,비연안,False,heatmap
대전광역시 중구 산성동,4111734.0,비연안,False,OBSERVED,True,대전광역시,중구,산성동,,,,,,,비연안,False,heatmap
대전광역시 중구 석교동,2381312.0,비연안,False,OBSERVED,True,대전광역시,중구,석교동,,,,,,,비연안,False,heatmap
대전광역시 중구 오류동,4808528.0,비연안,False,OBSERVED,True,대전광역시,중구,오류동,,,,,,,비연안,False,heatmap
대전광역시 중구 용두동,1490972.0,비연안,False,OBSERVED,True,대전광역시,중구,용두동,,,,,,,비연안,False,heatmap
대전광역시 중구 유천1동,1263374.0,비연안,False,OBSERVED,True,대전광역시,중구,유천1동,,,,,,,비연안,False,heatmap
대전광역시 중구 유천2동,1335876.0,비연안,False,OBSERVED,True,대전광역시,중구,유천2동,,,,,,,비연안,False,heatmap
대전광역시 중구 은행선화동,14850087.0,비연안,False,OBSERVED,True,대전광역시,중구,은행선화동,,,,,,,비연안,False,heatmap
대전광역시 중구 중촌동,1902810.0,비연안,False,OBSERVED,True,대전광역시,중구,중촌동,,,,,,,비연안,False,heatmap
대전광역시 중구 태평1동,1732952.0,비연안,False,OBSERVED,True,대전광역시,중구,태평1동,,,,,,,비연안,False,heatmap
대전광역시 중구 태평2동,1648976.0,비연안,False,OBSERVED,True,대전광역시,중구,태평2동,,,,,,,비연안,False,heatmap
부산광역시 강서구 가덕도동,4601730.0,연안 도시,False,OBSERVED,True,부산광역시,강서구,가덕도동,,,,,,,연안 도시,False,heatmap
부산광역시 강서구 가락동,1357335.0,비연안,False,OBSERVED,True,부산광역시,강서구,가락동,,,,,,,비연안,False,heatmap
부산광역시 강서구 강동동,2343128.0,비연안,False,OBSERVED,True,부산광역시,강서구,강동동,,,,,,,비연안,False,heatmap
부산광역시 강서구 녹산동,9448992.0,연안 도시,False,OBSERVED,True,부산광역시,강서구,녹산동,,,,,,,연안 도시,False,heatmap
부산광역시 강서구 대저1동,5085154.0,비연안,False,OBSERVED,True,부산광역시,강서구,대저1동,,,,,,,비연안,False,heatmap
부산광역시 강서구 대저2동,15252398.0,비연안,False,OBSERVED,True,부산광역시,강서구,대저2동,,,,,,,비연안,False,heatmap
부산광역시 강서구 명지1동,8823598.0,연안 도시,False,OBSERVED,True,부산광역시,강서구,명지1동,,,,,,,연안 도시,False,heatmap
부산광역시 강서구 명지2동,2857522.0,연안 도시,False,OBSERVED,True,부산광역시,강서구,명지2동,,,,,,,연안 도시,False,heatmap
부산광역시 강서구 신호동,1136156.0,연안 도시,False,OBSERVED,True,부산광역시,강서구,신호동,1136156.0,672003.0,40.85,69.07007855619692,1.0,연안 도시,연안 도시,False,heatmap_and_selected_top5
부산광역시 금정구 구서1동,1867604.0,비연안,False,OBSERVED,True,부산광역시,금정구,구서1동,,,,,,,비연안,False,heatmap
부산광역시 금정구 구서2동,2324662.0,비연안,False,OBSERVED,True,부산광역시,금정구,구서2동,,,,,,,비연안,False,heatmap
부산광역시 금정구 금사회동동,2599706.0,비연안,False,OBSERVED,True,부산광역시,금정구,금사회동동,,,,,,,비연안,False,heatmap
부산광역시 금정구 금성동,1268270.0,비연안,False,OBSERVED,True,부산광역시,금정구,금성동,,,,,,,비연안,False,heatmap
부산광역시 금정구 남산동,2946706.0,비연안,False,OBSERVED,True,부산광역시,금정구,남산동,,,,,,,비연안,False,heatmap
부산광역시 금정구 부곡1동,587962.0,비연안,False,OBSERVED,True,부산광역시,금정구,부곡1동,,,,,,,비연안,False,heatmap
부산광역시 금정구 부곡2동,2568433.0,비연안,False,OBSERVED,True,부산광역시,금정구,부곡2동,,,,,,,비연안,False,heatmap
부산광역시 금정구 부곡3동,2613170.0,비연안,False,OBSERVED,True,부산광역시,금정구,부곡3동,,,,,,,비연안,False,heatmap
부산광역시 금정구 부곡4동,1334389.0,비연안,False,OBSERVED,True,부산광역시,금정구,부곡4동,,,,,,,비연안,False,heatmap
부산광역시 금정구 서1동,254877.0,비연안,False,OBSERVED,True,부산광역시,금정구,서1동,,,,,,,비연안,False,heatmap
부산광역시 금정구 서2동,845988.0,비연안,False,OBSERVED,True,부산광역시,금정구,서2동,,,,,,,비연안,False,heatmap
부산광역시 금정구 서3동,1173347.0,비연안,False,OBSERVED,True,부산광역시,금정구,서3동,,,,,,,비연안,False,heatmap
부산광역시 금정구 선두구동,2204464.0,비연안,False,OBSERVED,True,부산광역시,금정구,선두구동,,,,,,,비연안,False,heatmap
부산광역시 금정구 장전1동,3828506.0,비연안,False,OBSERVED,True,부산광역시,금정구,장전1동,,,,,,,비연안,False,heatmap
부산광역시 금정구 장전2동,7739288.0,비연안,False,OBSERVED,True,부산광역시,금정구,장전2동,,,,,,,비연안,False,heatmap
부산광역시 금정구 청룡노포동,3893449.0,비연안,False,OBSERVED,True,부산광역시,금정구,청룡노포동,,,,,,,비연안,False,heatmap
부산광역시 기장군 기장읍,21007808.0,연안 어촌,False,OBSERVED,True,부산광역시,기장군,기장읍,,,,,,,연안 어촌,False,heatmap
부산광역시 기장군 일광읍,8813490.0,연안 어촌,False,OBSERVED,True,부산광역시,기장군,일광읍,,,,,,,연안 어촌,False,heatmap
부산광역시 기장군 장안읍,8003751.0,연안 어촌,False,OBSERVED,True,부산광역시,기장군,장안읍,,,,,,,연안 어촌,False,heatmap
부산광역시 기장군 정관읍,7680862.0,비연안,False,OBSERVED,True,부산광역시,기장군,정관읍,,,,,,,비연안,False,heatmap
부산광역시 기장군 철마면,3410460.0,비연안,False,OBSERVED,True,부산광역시,기장군,철마면,,,,,,,비연안,False,heatmap
부산광역시 남구 감만1동,1205764.0,연안 도시,False,OBSERVED,True,부산광역시,남구,감만1동,,,,,,,연안 도시,False,heatmap
부산광역시 남구 감만2동,214704.0,비연안,False,OBSERVED,True,부산광역시,남구,감만2동,,,,,,,비연안,False,heatmap
부산광역시 남구 대연1동,3391924.0,비연안,False,OBSERVED,True,부산광역시,남구,대연1동,,,,,,,비연안,False,heatmap
부산광역시 남구 대연3동,12717576.0,연안 도시,False,OBSERVED,True,부산광역시,남구,대연3동,,,,,,,연안 도시,False,heatmap
부산광역시 남구 대연4동,1725370.0,비연안,False,OBSERVED,True,부산광역시,남구,대연4동,,,,,,,비연안,False,heatmap
부산광역시 남구 대연5동,1601170.0,비연안,False,OBSERVED,True,부산광역시,남구,대연5동,,,,,,,비연안,False,heatmap
부산광역시 남구 대연6동,865652.0,비연안,False,OBSERVED,True,부산광역시,남구,대연6동,,,,,,,비연안,False,heatmap
부산광역시 남구 문현1동,796436.0,비연안,False,OBSERVED,True,부산광역시,남구,문현1동,,,,,,,비연안,False,heatmap
부산광역시 남구 문현2동,3043184.0,비연안,False,OBSERVED,True,부산광역시,남구,문현2동,,,,,,,비연안,False,heatmap
부산광역시 남구 문현3동,1714433.0,비연안,False,OBSERVED,True,부산광역시,남구,문현3동,,,,,,,비연안,False,heatmap
부산광역시 남구 문현4동,986951.0,연안 도시,False,OBSERVED,True,부산광역시,남구,문현4동,,,,,,,연안 도시,False,heatmap
부산광역시 남구 용당동,2353760.0,연안 도시,False,OBSERVED,True,부산광역시,남구,용당동,,,,,,,연안 도시,False,heatmap
부산광역시 남구 용호1동,2052113.0,연안 도시,False,OBSERVED,True,부산광역시,남구,용호1동,,,,,,,연안 도시,False,heatmap
부산광역시 남구 용호2동,2666867.0,연안 도시,False,OBSERVED,True,부산광역시,남구,용호2동,,,,,,,연안 도시,False,heatmap
부산광역시 남구 용호3동,1704801.0,연안 도시,False,OBSERVED,True,부산광역시,남구,용호3동,,,,,,,연안 도시,False,heatmap
부산광역시 남구 용호4동,1087054.0,연안 도시,False,OBSERVED,True,부산광역시,남구,용호4동,,,,,,,연안 도시,False,heatmap
부산광역시 남구 우암동,1669140.0,연안 도시,False,OBSERVED,True,부산광역시,남구,우암동,,,,,,,연안 도시,False,heatmap
부산광역시 동구 범일1동,1369970.0,비연안,False,OBSERVED,True,부산광역시,동구,범일1동,,,,,,,비연안,False,heatmap
부산광역시 동구 범일2동,9197146.0,비연안,False,OBSERVED,True,부산광역시,동구,범일2동,,,,,,,비연안,False,heatmap
부산광역시 동구 범일5동,1860376.0,연안 도시,False,OBSERVED,True,부산광역시,동구,범일5동,,,,,,,연안 도시,False,heatmap
부산광역시 동구 수정1동,752980.0,비연안,False,OBSERVED,True,부산광역시,동구,수정1동,,,,,,,비연안,False,heatmap
부산광역시 동구 수정2동,1167033.0,비연안,False,OBSERVED,True,부산광역시,동구,수정2동,,,,,,,비연안,False,heatmap
부산광역시 동구 수정4동,180033.0,비연안,False,OBSERVED,True,부산광역시,동구,수정4동,,,,,,,비연안,False,heatmap
부산광역시 동구 수정5동,254520.0,비연안,False,OBSERVED,True,부산광역시,동구,수정5동,,,,,,,비연안,False,heatmap
부산광역시 동구 좌천동,1075210.0,비연안,False,OBSERVED,True,부산광역시,동구,좌천동,,,,,,,비연안,False,heatmap
부산광역시 동구 초량1동,3778278.0,비연안,False,OBSERVED,True,부산광역시,동구,초량1동,,,,,,,비연안,False,heatmap
부산광역시 동구 초량2동,9057713.0,비연안,False,OBSERVED,True,부산광역시,동구,초량2동,,,,,,,비연안,False,heatmap
부산광역시 동구 초량3동,17383636.0,연안 도시,False,OBSERVED,True,부산광역시,동구,초량3동,,,,,,,연안 도시,False,heatmap
부산광역시 동구 초량6동,364777.0,비연안,False,OBSERVED,True,부산광역시,동구,초량6동,,,,,,,비연안,False,heatmap
부산광역시 동래구 명륜동,10180919.0,비연안,False,OBSERVED,True,부산광역시,동래구,명륜동,,,,,,,비연안,False,heatmap
부산광역시 동래구 명장1동,1336818.0,비연안,False,OBSERVED,True,부산광역시,동래구,명장1동,,,,,,,비연안,False,heatmap
부산광역시 동래구 명장2동,685660.0,비연안,False,OBSERVED,True,부산광역시,동래구,명장2동,,,,,,,비연안,False,heatmap
부산광역시 동래구 복산동,1005308.0,비연안,False,OBSERVED,True,부산광역시,동래구,복산동,,,,,,,비연안,False,heatmap
부산광역시 동래구 사직1동,2799832.0,비연안,False,OBSERVED,True,부산광역시,동래구,사직1동,,,,,,,비연안,False,heatmap
부산광역시 동래구 사직2동,3418247.0,비연안,False,OBSERVED,True,부산광역시,동래구,사직2동,,,,,,,비연안,False,heatmap
부산광역시 동래구 사직3동,1652623.0,비연안,False,OBSERVED,True,부산광역시,동래구,사직3동,,,,,,,비연안,False,heatmap
부산광역시 동래구 수민동,5421682.0,비연안,False,OBSERVED,True,부산광역시,동래구,수민동,,,,,,,비연안,False,heatmap
부산광역시 동래구 안락1동,3564813.0,비연안,False,OBSERVED,True,부산광역시,동래구,안락1동,,,,,,,비연안,False,heatmap
부산광역시 동래구 안락2동,4741023.0,비연안,False,OBSERVED,True,부산광역시,동래구,안락2동,,,,,,,비연안,False,heatmap
부산광역시 동래구 온천1동,8846341.0,비연안,False,OBSERVED,True,부산광역시,동래구,온천1동,,,,,,,비연안,False,heatmap
부산광역시 동래구 온천2동,3853276.0,비연안,False,OBSERVED,True,부산광역시,동래구,온천2동,,,,,,,비연안,False,heatmap
부산광역시 동래구 온천3동,3614916.0,비연안,False,OBSERVED,True,부산광역시,동래구,온천3동,,,,,,,비연안,False,heatmap
부산광역시 부산진구 가야1동,2305768.0,비연안,False,OBSERVED,True,부산광역시,부산진구,가야1동,,,,,,,비연안,False,heatmap
부산광역시 부산진구 가야2동,1253644.0,비연안,False,OBSERVED,True,부산광역시,부산진구,가야2동,,,,,,,비연안,False,heatmap
부산광역시 부산진구 개금1동,1586557.0,비연안,False,OBSERVED,True,부산광역시,부산진구,개금1동,,,,,,,비연안,False,heatmap
부산광역시 부산진구 개금2동,1629005.0,비연안,False,OBSERVED,True,부산광역시,부산진구,개금2동,,,,,,,비연안,False,heatmap
부산광역시 부산진구 개금3동,1208039.0,비연안,False,OBSERVED,True,부산광역시,부산진구,개금3동,,,,,,,비연안,False,heatmap
부산광역시 부산진구 당감1동,1641972.0,비연안,False,OBSERVED,True,부산광역시,부산진구,당감1동,,,,,,,비연안,False,heatmap
부산광역시 부산진구 당감2동,564935.0,비연안,False,OBSERVED,True,부산광역시,부산진구,당감2동,,,,,,,비연안,False,heatmap
부산광역시 부산진구 당감4동,1175996.0,비연안,False,OBSERVED,True,부산광역시,부산진구,당감4동,,,,,,,비연안,False,heatmap
부산광역시 부산진구 범천1동,6410036.0,비연안,False,OBSERVED,True,부산광역시,부산진구,범천1동,,,,,,,비연안,False,heatmap
부산광역시 부산진구 범천2동,1248076.0,비연안,False,OBSERVED,True,부산광역시,부산진구,범천2동,,,,,,,비연안,False,heatmap
부산광역시 부산진구 부암1동,2904391.0,비연안,False,OBSERVED,True,부산광역시,부산진구,부암1동,,,,,,,비연안,False,heatmap
부산광역시 부산진구 부암3동,1493040.0,비연안,False,OBSERVED,True,부산광역시,부산진구,부암3동,,,,,,,비연안,False,heatmap
부산광역시 부산진구 부전1동,18206276.0,비연안,False,OBSERVED,True,부산광역시,부산진구,부전1동,,,,,,,비연안,False,heatmap
부산광역시 부산진구 부전2동,28039053.0,비연안,False,OBSERVED,True,부산광역시,부산진구,부전2동,,,,,,,비연안,False,heatmap
부산광역시 부산진구 양정1동,5024250.0,비연안,False,OBSERVED,True,부산광역시,부산진구,양정1동,,,,,,,비연안,False,heatmap
부산광역시 부산진구 양정2동,2501566.0,비연안,False,OBSERVED,True,부산광역시,부산진구,양정2동,,,,,,,비연안,False,heatmap
부산광역시 부산진구 연지동,2078181.0,비연안,False,OBSERVED,True,부산광역시,부산진구,연지동,,,,,,,비연안,False,heatmap
부산광역시 부산진구 전포1동,12027218.0,비연안,False,OBSERVED,True,부산광역시,부산진구,전포1동,,,,,,,비연안,False,heatmap
부산광역시 부산진구 전포2동,9716508.0,비연안,False,OBSERVED,True,부산광역시,부산진구,전포2동,,,,,,,비연안,False,heatmap
부산광역시 부산진구 초읍동,3604853.0,비연안,False,OBSERVED,True,부산광역시,부산진구,초읍동,,,,,,,비연안,False,heatmap
부산광역시 북구 구포1동,3468710.0,비연안,False,OBSERVED,True,부산광역시,북구,구포1동,,,,,,,비연안,False,heatmap
부산광역시 북구 구포2동,3124961.0,비연안,False,OBSERVED,True,부산광역시,북구,구포2동,,,,,,,비연안,False,heatmap
부산광역시 북구 구포3동,1183756.0,비연안,False,OBSERVED,True,부산광역시,북구,구포3동,,,,,,,비연안,False,heatmap
부산광역시 북구 금곡동,3593009.0,비연안,False,OBSERVED,True,부산광역시,북구,금곡동,,,,,,,비연안,False,heatmap
부산광역시 북구 덕천1동,1398674.0,비연안,False,OBSERVED,True,부산광역시,북구,덕천1동,,,,,,,비연안,False,heatmap
부산광역시 북구 덕천2동,5743864.0,비연안,False,OBSERVED,True,부산광역시,북구,덕천2동,,,,,,,비연안,False,heatmap
부산광역시 북구 덕천3동,279321.0,비연안,False,OBSERVED,True,부산광역시,북구,덕천3동,,,,,,,비연안,False,heatmap
부산광역시 북구 만덕1동,1714685.0,비연안,False,OBSERVED,True,부산광역시,북구,만덕1동,,,,,,,비연안,False,heatmap
부산광역시 북구 만덕2동,1455388.0,비연안,False,OBSERVED,True,부산광역시,북구,만덕2동,,,,,,,비연안,False,heatmap
부산광역시 북구 만덕3동,700438.0,비연안,False,OBSERVED,True,부산광역시,북구,만덕3동,,,,,,,비연안,False,heatmap
부산광역시 북구 화명1동,2378372.0,비연안,False,OBSERVED,True,부산광역시,북구,화명1동,,,,,,,비연안,False,heatmap
부산광역시 북구 화명2동,2524498.0,비연안,False,OBSERVED,True,부산광역시,북구,화명2동,,,,,,,비연안,False,heatmap
부산광역시 북구 화명3동,4535888.0,비연안,False,OBSERVED,True,부산광역시,북구,화명3동,,,,,,,비연안,False,heatmap
부산광역시 사상구 감전동,4870828.0,비연안,False,OBSERVED,True,부산광역시,사상구,감전동,,,,,,,비연안,False,heatmap
부산광역시 사상구 괘법동,7993503.0,비연안,False,OBSERVED,True,부산광역시,사상구,괘법동,,,,,,,비연안,False,heatmap
부산광역시 사상구 덕포1동,904036.0,비연안,False,OBSERVED,True,부산광역시,사상구,덕포1동,,,,,,,비연안,False,heatmap
부산광역시 사상구 덕포2동,3115844.0,비연안,False,OBSERVED,True,부산광역시,사상구,덕포2동,,,,,,,비연안,False,heatmap
부산광역시 사상구 모라1동,2653770.0,비연안,False,OBSERVED,True,부산광역시,사상구,모라1동,,,,,,,비연안,False,heatmap
부산광역시 사상구 모라3동,871594.0,비연안,False,OBSERVED,True,부산광역시,사상구,모라3동,,,,,,,비연안,False,heatmap
부산광역시 사상구 삼락동,2459776.0,비연안,False,OBSERVED,True,부산광역시,사상구,삼락동,,,,,,,비연안,False,heatmap
부산광역시 사상구 엄궁동,3687166.0,비연안,False,OBSERVED,True,부산광역시,사상구,엄궁동,,,,,,,비연안,False,heatmap
부산광역시 사상구 주례1동,1875888.0,비연안,False,OBSERVED,True,부산광역시,사상구,주례1동,,,,,,,비연안,False,heatmap
부산광역시 사상구 주례2동,3484271.0,비연안,False,OBSERVED,True,부산광역시,사상구,주례2동,,,,,,,비연안,False,heatmap
부산광역시 사상구 주례3동,668521.0,비연안,False,OBSERVED,True,부산광역시,사상구,주례3동,,,,,,,비연안,False,heatmap
부산광역시 사상구 학장동,2314400.0,비연안,False,OBSERVED,True,부산광역시,사상구,학장동,,,,,,,비연안,False,heatmap
부산광역시 사하구 감천1동,1176854.0,연안 도시,False,OBSERVED,True,부산광역시,사하구,감천1동,,,,,,,연안 도시,False,heatmap
부산광역시 사하구 감천2동,870828.0,비연안,False,OBSERVED,True,부산광역시,사하구,감천2동,,,,,,,비연안,False,heatmap
부산광역시 사하구 괴정1동,1324018.0,비연안,False,OBSERVED,True,부산광역시,사하구,괴정1동,,,,,,,비연안,False,heatmap
부산광역시 사하구 괴정2동,535997.0,비연안,False,OBSERVED,True,부산광역시,사하구,괴정2동,,,,,,,비연안,False,heatmap
부산광역시 사하구 괴정3동,1008864.0,비연안,False,OBSERVED,True,부산광역시,사하구,괴정3동,,,,,,,비연안,False,heatmap
부산광역시 사하구 괴정4동,689350.0,비연안,False,OBSERVED,True,부산광역시,사하구,괴정4동,,,,,,,비연안,False,heatmap
부산광역시 사하구 구평동,1144584.0,연안 도시,False,OBSERVED,True,부산광역시,사하구,구평동,,,,,,,연안 도시,False,heatmap
부산광역시 사하구 다대1동,3769010.0,연안 도시,False,OBSERVED,True,부산광역시,사하구,다대1동,,,,,,,연안 도시,False,heatmap
부산광역시 사하구 다대2동,1609076.0,연안 도시,False,OBSERVED,True,부산광역시,사하구,다대2동,,,,,,,연안 도시,False,heatmap
부산광역시 사하구 당리동,2893748.0,비연안,False,OBSERVED,True,부산광역시,사하구,당리동,,,,,,,비연안,False,heatmap
부산광역시 사하구 신평1동,1275222.0,비연안,False,OBSERVED,True,부산광역시,사하구,신평1동,,,,,,,비연안,False,heatmap
부산광역시 사하구 신평2동,1590288.0,연안 도시,False,OBSERVED,True,부산광역시,사하구,신평2동,,,,,,,연안 도시,False,heatmap
부산광역시 사하구 장림1동,1474116.0,연안 도시,False,OBSERVED,True,부산광역시,사하구,장림1동,,,,,,,연안 도시,False,heatmap
부산광역시 사하구 장림2동,1445255.0,비연안,False,OBSERVED,True,부산광역시,사하구,장림2동,,,,,,,비연안,False,heatmap
부산광역시 사하구 하단1동,1712700.0,연안 도시,False,OBSERVED,True,부산광역시,사하구,하단1동,,,,,,,연안 도시,False,heatmap
부산광역시 사하구 하단2동,7799589.0,연안 도시,False,OBSERVED,True,부산광역시,사하구,하단2동,,,,,,,연안 도시,False,heatmap
부산광역시 서구 남부민1동,675773.0,연안 도시,False,OBSERVED,True,부산광역시,서구,남부민1동,,,,,,,연안 도시,False,heatmap
부산광역시 서구 남부민2동,1658002.0,연안 도시,False,OBSERVED,True,부산광역시,서구,남부민2동,,,,,,,연안 도시,False,heatmap
부산광역시 서구 동대신1동,626395.0,비연안,False,OBSERVED,True,부산광역시,서구,동대신1동,,,,,,,비연안,False,heatmap
부산광역시 서구 동대신2동,688772.0,비연안,False,OBSERVED,True,부산광역시,서구,동대신2동,,,,,,,비연안,False,heatmap
부산광역시 서구 동대신3동,3809914.0,비연안,False,OBSERVED,True,부산광역시,서구,동대신3동,,,,,,,비연안,False,heatmap
부산광역시 서구 부민동,1337413.0,비연안,False,OBSERVED,True,부산광역시,서구,부민동,,,,,,,비연안,False,heatmap
부산광역시 서구 서대신1동,1929046.0,비연안,False,OBSERVED,True,부산광역시,서구,서대신1동,,,,,,,비연안,False,heatmap
부산광역시 서구 서대신3동,526284.0,비연안,False,OBSERVED,True,부산광역시,서구,서대신3동,,,,,,,비연안,False,heatmap
부산광역시 서구 서대신4동,2350985.0,비연안,False,OBSERVED,True,부산광역시,서구,서대신4동,,,,,,,비연안,False,heatmap
부산광역시 서구 아미동,2207058.0,비연안,False,OBSERVED,True,부산광역시,서구,아미동,,,,,,,비연안,False,heatmap
부산광역시 서구 암남동,7312834.0,연안 도시,False,OBSERVED,True,부산광역시,서구,암남동,,,,,,,연안 도시,False,heatmap
부산광역시 서구 초장동,771561.0,비연안,False,OBSERVED,True,부산광역시,서구,초장동,,,,,,,비연안,False,heatmap
부산광역시 서구 충무동,2310966.0,연안 도시,False,OBSERVED,True,부산광역시,서구,충무동,,,,,,,연안 도시,False,heatmap
부산광역시 수영구 광안1동,1570870.0,비연안,False,OBSERVED,True,부산광역시,수영구,광안1동,,,,,,,비연안,False,heatmap
부산광역시 수영구 광안2동,10475140.0,연안 도시,False,OBSERVED,True,부산광역시,수영구,광안2동,,,,,,,연안 도시,False,heatmap
부산광역시 수영구 광안3동,3381640.0,비연안,False,OBSERVED,True,부산광역시,수영구,광안3동,,,,,,,비연안,False,heatmap
부산광역시 수영구 광안4동,3410708.0,비연안,False,OBSERVED,True,부산광역시,수영구,광안4동,,,,,,,비연안,False,heatmap
부산광역시 수영구 남천1동,8637058.0,연안 도시,False,OBSERVED,True,부산광역시,수영구,남천1동,,,,,,,연안 도시,False,heatmap
부산광역시 수영구 남천2동,4372837.0,연안 도시,False,OBSERVED,True,부산광역시,수영구,남천2동,,,,,,,연안 도시,False,heatmap
부산광역시 수영구 망미1동,3722716.0,비연안,False,OBSERVED,True,부산광역시,수영구,망미1동,,,,,,,비연안,False,heatmap
부산광역시 수영구 망미2동,3116606.0,비연안,False,OBSERVED,True,부산광역시,수영구,망미2동,,,,,,,비연안,False,heatmap
부산광역시 수영구 민락동,13643598.0,연안 도시,False,OBSERVED,True,부산광역시,수영구,민락동,,,,,,,연안 도시,False,heatmap
부산광역시 수영구 수영동,4480658.0,연안 도시,False,OBSERVED,True,부산광역시,수영구,수영동,,,,,,,연안 도시,False,heatmap
부산광역시 연제구 거제1동,6137316.0,비연안,False,OBSERVED,True,부산광역시,연제구,거제1동,,,,,,,비연안,False,heatmap
부산광역시 연제구 거제2동,4582820.0,비연안,False,OBSERVED,True,부산광역시,연제구,거제2동,,,,,,,비연안,False,heatmap
부산광역시 연제구 거제3동,2484562.0,비연안,False,OBSERVED,True,부산광역시,연제구,거제3동,,,,,,,비연안,False,heatmap
부산광역시 연제구 거제4동,572285.0,비연안,False,OBSERVED,True,부산광역시,연제구,거제4동,,,,,,,비연안,False,heatmap
부산광역시 연제구 연산1동,3226867.0,비연안,False,OBSERVED,True,부산광역시,연제구,연산1동,,,,,,,비연안,False,heatmap
부산광역시 연제구 연산2동,4580212.0,비연안,False,OBSERVED,True,부산광역시,연제구,연산2동,,,,,,,비연안,False,heatmap
부산광역시 연제구 연산3동,439722.0,비연안,False,OBSERVED,True,부산광역시,연제구,연산3동,,,,,,,비연안,False,heatmap
부산광역시 연제구 연산4동,5229854.0,비연안,False,OBSERVED,True,부산광역시,연제구,연산4동,,,,,,,비연안,False,heatmap
부산광역시 연제구 연산5동,4050935.0,비연안,False,OBSERVED,True,부산광역시,연제구,연산5동,,,,,,,비연안,False,heatmap
부산광역시 연제구 연산6동,1387715.0,비연안,False,OBSERVED,True,부산광역시,연제구,연산6동,,,,,,,비연안,False,heatmap
부산광역시 연제구 연산8동,963354.0,비연안,False,OBSERVED,True,부산광역시,연제구,연산8동,,,,,,,비연안,False,heatmap
부산광역시 연제구 연산9동,3859905.0,비연안,False,OBSERVED,True,부산광역시,연제구,연산9동,,,,,,,비연안,False,heatmap
부산광역시 영도구 남항동,5947686.0,연안 도시,False,OBSERVED,True,부산광역시,영도구,남항동,,,,,,,연안 도시,False,heatmap
부산광역시 영도구 동삼1동,3673446.0,연안 도시,False,OBSERVED,True,부산광역시,영도구,동삼1동,,,,,,,연안 도시,False,heatmap
부산광역시 영도구 동삼2동,3231750.0,연안 도시,False,OBSERVED,True,부산광역시,영도구,동삼2동,,,,,,,연안 도시,False,heatmap
부산광역시 영도구 동삼3동,1563394.0,연안 도시,False,OBSERVED,True,부산광역시,영도구,동삼3동,,,,,,,연안 도시,False,heatmap
부산광역시 영도구 봉래1동,4050298.0,연안 도시,False,OBSERVED,True,부산광역시,영도구,봉래1동,,,,,,,연안 도시,False,heatmap
부산광역시 영도구 봉래2동,1175083.0,연안 도시,False,OBSERVED,True,부산광역시,영도구,봉래2동,,,,,,,연안 도시,False,heatmap
부산광역시 영도구 신선동,618082.0,비연안,False,OBSERVED,True,부산광역시,영도구,신선동,,,,,,,비연안,False,heatmap
부산광역시 영도구 영선1동,312396.0,비연안,False,OBSERVED,True,부산광역시,영도구,영선1동,,,,,,,비연안,False,heatmap
부산광역시 영도구 영선2동,1578360.0,연안 도시,False,OBSERVED,True,부산광역시,영도구,영선2동,,,,,,,연안 도시,False,heatmap
부산광역시 영도구 청학1동,720468.0,연안 도시,False,OBSERVED,True,부산광역시,영도구,청학1동,,,,,,,연안 도시,False,heatmap
부산광역시 영도구 청학2동,1853362.0,연안 도시,False,OBSERVED,True,부산광역시,영도구,청학2동,,,,,,,연안 도시,False,heatmap
부산광역시 중구 광복동,5627615.0,비연안,False,OBSERVED,True,부산광역시,중구,광복동,,,,,,,비연안,False,heatmap
부산광역시 중구 남포동,16494534.0,연안 도시,False,OBSERVED,True,부산광역시,중구,남포동,,,,,,,연안 도시,False,heatmap
부산광역시 중구 대청동,4766055.0,비연안,False,OBSERVED,True,부산광역시,중구,대청동,,,,,,,비연안,False,heatmap
부산광역시 중구 동광동,2178659.0,비연안,False,OBSERVED,True,부산광역시,중구,동광동,,,,,,,비연안,False,heatmap
부산광역시 중구 보수동,2726230.0,비연안,False,OBSERVED,True,부산광역시,중구,보수동,,,,,,,비연안,False,heatmap
부산광역시 중구 부평동,8963514.0,비연안,False,OBSERVED,True,부산광역시,중구,부평동,,,,,,,비연안,False,heatmap
부산광역시 중구 영주1동,812214.0,비연안,False,OBSERVED,True,부산광역시,중구,영주1동,,,,,,,비연안,False,heatmap
부산광역시 중구 영주2동,1737855.0,비연안,False,OBSERVED,True,부산광역시,중구,영주2동,,,,,,,비연안,False,heatmap
부산광역시 중구 중앙동,13005790.0,연안 도시,False,OBSERVED,True,부산광역시,중구,중앙동,,,,,,,연안 도시,False,heatmap
부산광역시 해운대구 반송1동,1631770.0,비연안,False,OBSERVED,True,부산광역시,해운대구,반송1동,,,,,,,비연안,False,heatmap
부산광역시 해운대구 반송2동,935280.0,비연안,False,OBSERVED,True,부산광역시,해운대구,반송2동,,,,,,,비연안,False,heatmap
부산광역시 해운대구 반여1동,2244540.0,비연안,False,OBSERVED,True,부산광역시,해운대구,반여1동,,,,,,,비연안,False,heatmap
부산광역시 해운대구 반여2동,524055.0,비연안,False,OBSERVED,True,부산광역시,해운대구,반여2동,,,,,,,비연안,False,heatmap
부산광역시 해운대구 반여3동,304658.0,비연안,False,OBSERVED,True,부산광역시,해운대구,반여3동,,,,,,,비연안,False,heatmap
부산광역시 해운대구 반여4동,596386.0,비연안,False,OBSERVED,True,부산광역시,해운대구,반여4동,,,,,,,비연안,False,heatmap
부산광역시 해운대구 송정동,15123871.0,연안 도시,False,OBSERVED,True,부산광역시,해운대구,송정동,,,,,,,연안 도시,False,heatmap
부산광역시 해운대구 우1동,16471088.0,연안 도시,False,OBSERVED,True,부산광역시,해운대구,우1동,,,,,,,연안 도시,False,heatmap
부산광역시 해운대구 우2동,23106632.0,연안 도시,False,OBSERVED,True,부산광역시,해운대구,우2동,,,,,,,연안 도시,False,heatmap
부산광역시 해운대구 우3동,5049930.0,연안 도시,False,OBSERVED,True,부산광역시,해운대구,우3동,,,,,,,연안 도시,False,heatmap
부산광역시 해운대구 재송1동,5695907.0,비연안,False,OBSERVED,True,부산광역시,해운대구,재송1동,,,,,,,비연안,False,heatmap
부산광역시 해운대구 재송2동,1440022.0,비연안,False,OBSERVED,True,부산광역시,해운대구,재송2동,,,,,,,비연안,False,heatmap
부산광역시 해운대구 좌1동,3782664.0,비연안,False,OBSERVED,True,부산광역시,해운대구,좌1동,,,,,,,비연안,False,heatmap
부산광역시 해운대구 좌2동,3624282.0,비연안,False,OBSERVED,True,부산광역시,해운대구,좌2동,,,,,,,비연안,False,heatmap
부산광역시 해운대구 좌3동,969234.0,비연안,False,OBSERVED,True,부산광역시,해운대구,좌3동,,,,,,,비연안,False,heatmap
부산광역시 해운대구 좌4동,2822239.0,비연안,False,OBSERVED,True,부산광역시,해운대구,좌4동,,,,,,,비연안,False,heatmap
부산광역시 해운대구 중1동,16146238.0,연안 도시,False,OBSERVED,True,부산광역시,해운대구,중1동,,,,,,,연안 도시,False,heatmap
부산광역시 해운대구 중2동,5692172.0,연안 도시,False,OBSERVED,True,부산광역시,해운대구,중2동,,,,,,,연안 도시,False,heatmap
서울특별시 강남구 개포1동,2839784.0,비연안,False,OBSERVED,True,서울특별시,강남구,개포1동,,,,,,,비연안,False,heatmap
서울특별시 강남구 개포2동,2079378.0,비연안,False,OBSERVED,True,서울특별시,강남구,개포2동,,,,,,,비연안,False,heatmap
서울특별시 강남구 개포3동,2462884.0,비연안,False,OBSERVED,True,서울특별시,강남구,개포3동,,,,,,,비연안,False,heatmap
서울특별시 강남구 개포4동,3404124.0,비연안,False,OBSERVED,True,서울특별시,강남구,개포4동,,,,,,,비연안,False,heatmap
서울특별시 강남구 논현1동,14524576.0,비연안,False,OBSERVED,True,서울특별시,강남구,논현1동,,,,,,,비연안,False,heatmap
서울특별시 강남구 논현2동,14638631.0,비연안,False,OBSERVED,True,서울특별시,강남구,논현2동,,,,,,,비연안,False,heatmap
서울특별시 강남구 대치1동,7344026.0,비연안,False,OBSERVED,True,서울특별시,강남구,대치1동,,,,,,,비연안,False,heatmap
서울특별시 강남구 대치2동,16767292.0,비연안,False,OBSERVED,True,서울특별시,강남구,대치2동,,,,,,,비연안,False,heatmap
서울특별시 강남구 대치4동,14285950.0,비연안,False,OBSERVED,True,서울특별시,강남구,대치4동,,,,,,,비연안,False,heatmap
서울특별시 강남구 도곡1동,16691591.0,비연안,False,OBSERVED,True,서울특별시,강남구,도곡1동,,,,,,,비연안,False,heatmap
서울특별시 강남구 도곡2동,5518233.0,비연안,False,OBSERVED,True,서울특별시,강남구,도곡2동,,,,,,,비연안,False,heatmap
서울특별시 강남구 삼성1동,28042654.0,비연안,False,OBSERVED,True,서울특별시,강남구,삼성1동,,,,,,,비연안,False,heatmap
서울특별시 강남구 삼성2동,12155146.0,비연안,False,OBSERVED,True,서울특별시,강남구,삼성2동,,,,,,,비연안,False,heatmap
서울특별시 강남구 세곡동,4859354.0,비연안,False,OBSERVED,True,서울특별시,강남구,세곡동,,,,,,,비연안,False,heatmap
서울특별시 강남구 수서동,10403172.0,비연안,False,OBSERVED,True,서울특별시,강남구,수서동,,,,,,,비연안,False,heatmap
서울특별시 강남구 신사동,18619881.0,비연안,False,OBSERVED,True,서울특별시,강남구,신사동,,,,,,,비연안,False,heatmap
서울특별시 강남구 압구정동,24073007.0,비연안,False,OBSERVED,True,서울특별시,강남구,압구정동,,,,,,,비연안,False,heatmap
서울특별시 강남구 역삼1동,58583458.0,비연안,False,OBSERVED,True,서울특별시,강남구,역삼1동,,,,,,,비연안,False,heatmap
서울특별시 강남구 역삼2동,13941879.0,비연안,False,OBSERVED,True,서울특별시,강남구,역삼2동,,,,,,,비연안,False,heatmap
서울특별시 강남구 일원1동,2607955.0,비연안,False,OBSERVED,True,서울특별시,강남구,일원1동,,,,,,,비연안,False,heatmap
서울특별시 강남구 일원본동,5489928.0,비연안,False,OBSERVED,True,서울특별시,강남구,일원본동,,,,,,,비연안,False,heatmap
서울특별시 강남구 청담동,18823116.0,비연안,False,OBSERVED,True,서울특별시,강남구,청담동,,,,,,,비연안,False,heatmap
서울특별시 강동구 강일동,2506522.0,비연안,False,OBSERVED,True,서울특별시,강동구,강일동,,,,,,,비연안,False,heatmap
서울특별시 강동구 고덕1동,1335796.0,비연안,False,OBSERVED,True,서울특별시,강동구,고덕1동,,,,,,,비연안,False,heatmap
서울특별시 강동구 고덕2동,2486750.0,비연안,False,OBSERVED,True,서울특별시,강동구,고덕2동,,,,,,,비연안,False,heatmap
서울특별시 강동구 길동,11813428.0,비연안,False,OBSERVED,True,서울특별시,강동구,길동,,,,,,,비연안,False,heatmap
서울특별시 강동구 둔촌1동,2554272.0,비연안,False,OBSERVED,True,서울특별시,강동구,둔촌1동,,,,,,,비연안,False,heatmap
서울특별시 강동구 둔촌2동,3018134.0,비연안,False,OBSERVED,True,서울특별시,강동구,둔촌2동,,,,,,,비연안,False,heatmap
서울특별시 강동구 명일1동,1943106.0,비연안,False,OBSERVED,True,서울특별시,강동구,명일1동,,,,,,,비연안,False,heatmap
서울특별시 강동구 명일2동,1374202.0,비연안,False,OBSERVED,True,서울특별시,강동구,명일2동,,,,,,,비연안,False,heatmap
서울특별시 강동구 상일1동,3742504.0,비연안,False,OBSERVED,True,서울특별시,강동구,상일1동,,,,,,,비연안,False,heatmap
서울특별시 강동구 상일2동,1054361.0,비연안,False,OBSERVED,True,서울특별시,강동구,상일2동,,,,,,,비연안,False,heatmap
서울특별시 강동구 성내1동,4972020.0,비연안,False,OBSERVED,True,서울특별시,강동구,성내1동,,,,,,,비연안,False,heatmap
서울특별시 강동구 성내2동,4386140.0,비연안,False,OBSERVED,True,서울특별시,강동구,성내2동,,,,,,,비연안,False,heatmap
서울특별시 강동구 성내3동,8044012.0,비연안,False,OBSERVED,True,서울특별시,강동구,성내3동,,,,,,,비연안,False,heatmap
서울특별시 강동구 암사1동,5111166.0,비연안,False,OBSERVED,True,서울특별시,강동구,암사1동,,,,,,,비연안,False,heatmap
서울특별시 강동구 암사2동,2292678.0,비연안,False,OBSERVED,True,서울특별시,강동구,암사2동,,,,,,,비연안,False,heatmap
서울특별시 강동구 암사3동,1594159.0,비연안,False,OBSERVED,True,서울특별시,강동구,암사3동,,,,,,,비연안,False,heatmap
서울특별시 강동구 천호1동,2518551.0,비연안,False,OBSERVED,True,서울특별시,강동구,천호1동,,,,,,,비연안,False,heatmap
서울특별시 강동구 천호2동,5690164.0,비연안,False,OBSERVED,True,서울특별시,강동구,천호2동,,,,,,,비연안,False,heatmap
서울특별시 강동구 천호3동,3806540.0,비연안,False,OBSERVED,True,서울특별시,강동구,천호3동,,,,,,,비연안,False,heatmap
서울특별시 강북구 미아동,2446266.0,비연안,False,OBSERVED,True,서울특별시,강북구,미아동,,,,,,,비연안,False,heatmap
서울특별시 강북구 번1동,5600794.0,비연안,False,OBSERVED,True,서울특별시,강북구,번1동,,,,,,,비연안,False,heatmap
서울특별시 강북구 번2동,1453022.0,비연안,False,OBSERVED,True,서울특별시,강북구,번2동,,,,,,,비연안,False,heatmap
서울특별시 강북구 번3동,2063166.0,비연안,False,OBSERVED,True,서울특별시,강북구,번3동,,,,,,,비연안,False,heatmap
서울특별시 강북구 삼각산동,1015042.0,비연안,False,OBSERVED,True,서울특별시,강북구,삼각산동,,,,,,,비연안,False,heatmap
서울특별시 강북구 삼양동,1067605.0,비연안,False,OBSERVED,True,서울특별시,강북구,삼양동,,,,,,,비연안,False,heatmap
서울특별시 강북구 송중동,4133766.0,비연안,False,OBSERVED,True,서울특별시,강북구,송중동,,,,,,,비연안,False,heatmap
서울특별시 강북구 송천동,4289870.0,비연안,False,OBSERVED,True,서울특별시,강북구,송천동,,,,,,,비연안,False,heatmap
서울특별시 강북구 수유1동,1708122.0,비연안,False,OBSERVED,True,서울특별시,강북구,수유1동,,,,,,,비연안,False,heatmap
서울특별시 강북구 수유2동,2883027.0,비연안,False,OBSERVED,True,서울특별시,강북구,수유2동,,,,,,,비연안,False,heatmap
서울특별시 강북구 수유3동,8325919.0,비연안,False,OBSERVED,True,서울특별시,강북구,수유3동,,,,,,,비연안,False,heatmap
서울특별시 강북구 우이동,5313728.0,비연안,False,OBSERVED,True,서울특별시,강북구,우이동,,,,,,,비연안,False,heatmap
서울특별시 강북구 인수동,2401616.0,비연안,False,OBSERVED,True,서울특별시,강북구,인수동,,,,,,,비연안,False,heatmap
서울특별시 강서구 가양1동,10461574.0,비연안,False,OBSERVED,True,서울특별시,강서구,가양1동,,,,,,,비연안,False,heatmap
서울특별시 강서구 가양2동,2074362.0,비연안,False,OBSERVED,True,서울특별시,강서구,가양2동,,,,,,,비연안,False,heatmap
서울특별시 강서구 가양3동,1664162.0,비연안,False,OBSERVED,True,서울특별시,강서구,가양3동,,,,,,,비연안,False,heatmap
서울특별시 강서구 공항동,21095592.0,비연안,False,OBSERVED,True,서울특별시,강서구,공항동,,,,,,,비연안,False,heatmap
서울특별시 강서구 등촌1동,2918524.0,비연안,False,OBSERVED,True,서울특별시,강서구,등촌1동,,,,,,,비연안,False,heatmap
서울특별시 강서구 등촌2동,1788342.0,비연안,False,OBSERVED,True,서울특별시,강서구,등촌2동,,,,,,,비연안,False,heatmap
서울특별시 강서구 등촌3동,11661794.0,비연안,False,OBSERVED,True,서울특별시,강서구,등촌3동,,,,,,,비연안,False,heatmap
서울특별시 강서구 발산1동,6632098.0,비연안,False,OBSERVED,True,서울특별시,강서구,발산1동,,,,,,,비연안,False,heatmap
서울특별시 강서구 방화1동,4021514.0,비연안,False,OBSERVED,True,서울특별시,강서구,방화1동,,,,,,,비연안,False,heatmap
서울특별시 강서구 방화2동,12912319.0,비연안,False,OBSERVED,True,서울특별시,강서구,방화2동,,,,,,,비연안,False,heatmap
서울특별시 강서구 방화3동,1846628.0,비연안,False,OBSERVED,True,서울특별시,강서구,방화3동,,,,,,,비연안,False,heatmap
서울특별시 강서구 염창동,4777882.0,비연안,False,OBSERVED,True,서울특별시,강서구,염창동,,,,,,,비연안,False,heatmap
서울특별시 강서구 우장산동,2004740.0,비연안,False,OBSERVED,True,서울특별시,강서구,우장산동,,,,,,,비연안,False,heatmap
서울특별시 강서구 화곡1동,6988138.0,비연안,False,OBSERVED,True,서울특별시,강서구,화곡1동,,,,,,,비연안,False,heatmap
서울특별시 강서구 화곡2동,1061918.0,비연안,False,OBSERVED,True,서울특별시,강서구,화곡2동,,,,,,,비연안,False,heatmap
서울특별시 강서구 화곡3동,2472236.0,비연안,False,OBSERVED,True,서울특별시,강서구,화곡3동,,,,,,,비연안,False,heatmap
서울특별시 강서구 화곡4동,1031086.0,비연안,False,OBSERVED,True,서울특별시,강서구,화곡4동,,,,,,,비연안,False,heatmap
서울특별시 강서구 화곡6동,3072244.0,비연안,False,OBSERVED,True,서울특별시,강서구,화곡6동,,,,,,,비연안,False,heatmap
서울특별시 강서구 화곡8동,26232283.0,비연안,False,OBSERVED,True,서울특별시,강서구,화곡8동,,,,,,,비연안,False,heatmap
서울특별시 강서구 화곡본동,2639630.0,비연안,False,OBSERVED,True,서울특별시,강서구,화곡본동,,,,,,,비연안,False,heatmap
서울특별시 관악구 낙성대동,6192438.0,비연안,False,OBSERVED,True,서울특별시,관악구,낙성대동,,,,,,,비연안,False,heatmap
서울특별시 관악구 난곡동,1234992.0,비연안,False,OBSERVED,True,서울특별시,관악구,난곡동,,,,,,,비연안,False,heatmap
서울특별시 관악구 난향동,522456.0,비연안,False,OBSERVED,True,서울특별시,관악구,난향동,,,,,,,비연안,False,heatmap
서울특별시 관악구 남현동,8773478.0,비연안,False,OBSERVED,True,서울특별시,관악구,남현동,,,,,,,비연안,False,heatmap
서울특별시 관악구 대학동,6558234.0,비연안,False,OBSERVED,True,서울특별시,관악구,대학동,,,,,,,비연안,False,heatmap
서울특별시 관악구 미성동,3402900.0,비연안,False,OBSERVED,True,서울특별시,관악구,미성동,,,,,,,비연안,False,heatmap
서울특별시 관악구 보라매동,2274251.0,비연안,False,OBSERVED,True,서울특별시,관악구,보라매동,,,,,,,비연안,False,heatmap
서울특별시 관악구 삼성동,1313834.0,비연안,False,OBSERVED,True,서울특별시,관악구,삼성동,,,,,,,비연안,False,heatmap
서울특별시 관악구 서림동,1003954.0,비연안,False,OBSERVED,True,서울특별시,관악구,서림동,,,,,,,비연안,False,heatmap
서울특별시 관악구 서원동,5435720.0,비연안,False,OBSERVED,True,서울특별시,관악구,서원동,,,,,,,비연안,False,heatmap
서울특별시 관악구 성현동,1040274.0,비연안,False,OBSERVED,True,서울특별시,관악구,성현동,,,,,,,비연안,False,heatmap
서울특별시 관악구 신림동,5341140.0,비연안,False,OBSERVED,True,서울특별시,관악구,신림동,,,,,,,비연안,False,heatmap
서울특별시 관악구 신사동,3034678.0,비연안,False,OBSERVED,True,서울특별시,관악구,신사동,,,,,,,비연안,False,heatmap
서울특별시 관악구 신원동,1360706.0,비연안,False,OBSERVED,True,서울특별시,관악구,신원동,,,,,,,비연안,False,heatmap
서울특별시 관악구 은천동,2580078.0,비연안,False,OBSERVED,True,서울특별시,관악구,은천동,,,,,,,비연안,False,heatmap
서울특별시 관악구 인헌동,2913522.0,비연안,False,OBSERVED,True,서울특별시,관악구,인헌동,,,,,,,비연안,False,heatmap
서울특별시 관악구 조원동,19792556.0,비연안,False,OBSERVED,True,서울특별시,관악구,조원동,,,,,,,비연안,False,heatmap
서울특별시 관악구 중앙동,1545810.0,비연안,False,OBSERVED,True,서울특별시,관악구,중앙동,,,,,,,비연안,False,heatmap
서울특별시 관악구 청룡동,7513950.0,비연안,False,OBSERVED,True,서울특별시,관악구,청룡동,,,,,,,비연안,False,heatmap
서울특별시 관악구 청림동,496713.0,비연안,False,OBSERVED,True,서울특별시,관악구,청림동,,,,,,,비연안,False,heatmap
서울특별시 관악구 행운동,2653942.0,비연안,False,OBSERVED,True,서울특별시,관악구,행운동,,,,,,,비연안,False,heatmap
서울특별시 광진구 광장동,6571264.0,비연안,False,OBSERVED,True,서울특별시,광진구,광장동,,,,,,,비연안,False,heatmap
서울특별시 광진구 구의1동,3369748.0,비연안,False,OBSERVED,True,서울특별시,광진구,구의1동,,,,,,,비연안,False,heatmap
서울특별시 광진구 구의2동,3837729.0,비연안,False,OBSERVED,True,서울특별시,광진구,구의2동,,,,,,,비연안,False,heatmap
서울특별시 광진구 구의3동,9439546.0,비연안,False,OBSERVED,True,서울특별시,광진구,구의3동,,,,,,,비연안,False,heatmap
서울특별시 광진구 군자동,7000144.0,비연안,False,OBSERVED,True,서울특별시,광진구,군자동,,,,,,,비연안,False,heatmap
서울특별시 광진구 능동,7671366.0,비연안,False,OBSERVED,True,서울특별시,광진구,능동,,,,,,,비연안,False,heatmap
서울특별시 광진구 자양1동,3330572.0,비연안,False,OBSERVED,True,서울특별시,광진구,자양1동,,,,,,,비연안,False,heatmap
서울특별시 광진구 자양2동,3534814.0,비연안,False,OBSERVED,True,서울특별시,광진구,자양2동,,,,,,,비연안,False,heatmap
서울특별시 광진구 자양3동,10177416.0,비연안,False,OBSERVED,True,서울특별시,광진구,자양3동,,,,,,,비연안,False,heatmap
서울특별시 광진구 자양4동,12892775.0,비연안,False,OBSERVED,True,서울특별시,광진구,자양4동,,,,,,,비연안,False,heatmap
서울특별시 광진구 중곡1동,3821324.0,비연안,False,OBSERVED,True,서울특별시,광진구,중곡1동,,,,,,,비연안,False,heatmap
서울특별시 광진구 중곡2동,2721747.0,비연안,False,OBSERVED,True,서울특별시,광진구,중곡2동,,,,,,,비연안,False,heatmap
서울특별시 광진구 중곡3동,2073894.0,비연안,False,OBSERVED,True,서울특별시,광진구,중곡3동,,,,,,,비연안,False,heatmap
서울특별시 광진구 중곡4동,4724307.0,비연안,False,OBSERVED,True,서울특별시,광진구,중곡4동,,,,,,,비연안,False,heatmap
서울특별시 광진구 화양동,16867218.0,비연안,False,OBSERVED,True,서울특별시,광진구,화양동,,,,,,,비연안,False,heatmap
서울특별시 구로구 가리봉동,1486614.0,비연안,False,OBSERVED,True,서울특별시,구로구,가리봉동,,,,,,,비연안,False,heatmap
서울특별시 구로구 개봉1동,3406680.0,비연안,False,OBSERVED,True,서울특별시,구로구,개봉1동,,,,,,,비연안,False,heatmap
서울특별시 구로구 개봉2동,1951488.0,비연안,False,OBSERVED,True,서울특별시,구로구,개봉2동,,,,,,,비연안,False,heatmap
서울특별시 구로구 개봉3동,3687838.0,비연안,False,OBSERVED,True,서울특별시,구로구,개봉3동,,,,,,,비연안,False,heatmap
서울특별시 구로구 고척1동,4651238.0,비연안,False,OBSERVED,True,서울특별시,구로구,고척1동,,,,,,,비연안,False,heatmap
서울특별시 구로구 고척2동,1214258.0,비연안,False,OBSERVED,True,서울특별시,구로구,고척2동,,,,,,,비연안,False,heatmap
서울특별시 구로구 구로1동,1900003.0,비연안,False,OBSERVED,True,서울특별시,구로구,구로1동,,,,,,,비연안,False,heatmap
서울특별시 구로구 구로2동,6004005.0,비연안,False,OBSERVED,True,서울특별시,구로구,구로2동,,,,,,,비연안,False,heatmap
서울특별시 구로구 구로3동,14388860.0,비연안,False,OBSERVED,True,서울특별시,구로구,구로3동,,,,,,,비연안,False,heatmap
서울특별시 구로구 구로4동,3531808.0,비연안,False,OBSERVED,True,서울특별시,구로구,구로4동,,,,,,,비연안,False,heatmap
서울특별시 구로구 구로5동,12199208.0,비연안,False,OBSERVED,True,서울특별시,구로구,구로5동,,,,,,,비연안,False,heatmap
서울특별시 구로구 수궁동,1444184.0,비연안,False,OBSERVED,True,서울특별시,구로구,수궁동,,,,,,,비연안,False,heatmap
서울특별시 구로구 신도림동,12851962.0,비연안,False,OBSERVED,True,서울특별시,구로구,신도림동,,,,,,,비연안,False,heatmap
서울특별시 구로구 오류1동,3355275.0,비연안,False,OBSERVED,True,서울특별시,구로구,오류1동,,,,,,,비연안,False,heatmap
서울특별시 구로구 오류2동,4002442.0,비연안,False,OBSERVED,True,서울특별시,구로구,오류2동,,,,,,,비연안,False,heatmap
서울특별시 구로구 항동,1348120.0,비연안,False,OBSERVED,True,서울특별시,구로구,항동,,,,,,,비연안,False,heatmap
서울특별시 금천구 가산동,14529648.0,비연안,False,OBSERVED,True,서울특별시,금천구,가산동,,,,,,,비연안,False,heatmap
서울특별시 금천구 독산1동,5892131.0,비연안,False,OBSERVED,True,서울특별시,금천구,독산1동,,,,,,,비연안,False,heatmap
서울특별시 금천구 독산2동,974726.0,비연안,False,OBSERVED,True,서울특별시,금천구,독산2동,,,,,,,비연안,False,heatmap
서울특별시 금천구 독산3동,2616610.0,비연안,False,OBSERVED,True,서울특별시,금천구,독산3동,,,,,,,비연안,False,heatmap
서울특별시 금천구 독산4동,1725591.0,비연안,False,OBSERVED,True,서울특별시,금천구,독산4동,,,,,,,비연안,False,heatmap
서울특별시 금천구 시흥1동,4925056.0,비연안,False,OBSERVED,True,서울특별시,금천구,시흥1동,,,,,,,비연안,False,heatmap
서울특별시 금천구 시흥2동,907784.0,비연안,False,OBSERVED,True,서울특별시,금천구,시흥2동,,,,,,,비연안,False,heatmap
서울특별시 금천구 시흥3동,1277584.0,비연안,False,OBSERVED,True,서울특별시,금천구,시흥3동,,,,,,,비연안,False,heatmap
서울특별시 금천구 시흥4동,993850.0,비연안,False,OBSERVED,True,서울특별시,금천구,시흥4동,,,,,,,비연안,False,heatmap
서울특별시 금천구 시흥5동,897228.0,비연안,False,OBSERVED,True,서울특별시,금천구,시흥5동,,,,,,,비연안,False,heatmap
서울특별시 노원구 공릉1동,8122216.0,비연안,False,OBSERVED,True,서울특별시,노원구,공릉1동,,,,,,,비연안,False,heatmap
서울특별시 노원구 공릉2동,8102742.0,비연안,False,OBSERVED,True,서울특별시,노원구,공릉2동,,,,,,,비연안,False,heatmap
서울특별시 노원구 상계10동,2478182.0,비연안,False,OBSERVED,True,서울특별시,노원구,상계10동,,,,,,,비연안,False,heatmap
서울특별시 노원구 상계1동,5009459.0,비연안,False,OBSERVED,True,서울특별시,노원구,상계1동,,,,,,,비연안,False,heatmap
서울특별시 노원구 상계2동,8836138.0,비연안,False,OBSERVED,True,서울특별시,노원구,상계2동,,,,,,,비연안,False,heatmap
서울특별시 노원구 상계3.4동,2544339.0,비연안,False,OBSERVED,True,서울특별시,노원구,상계3.4동,,,,,,,비연안,False,heatmap
서울특별시 노원구 상계5동,1528870.0,비연안,False,OBSERVED,True,서울특별시,노원구,상계5동,,,,,,,비연안,False,heatmap
서울특별시 노원구 상계6.7동,14286906.0,비연안,False,OBSERVED,True,서울특별시,노원구,상계6.7동,,,,,,,비연안,False,heatmap
서울특별시 노원구 상계8동,1827990.0,비연안,False,OBSERVED,True,서울특별시,노원구,상계8동,,,,,,,비연안,False,heatmap
서울특별시 노원구 상계9동,974886.0,비연안,False,OBSERVED,True,서울특별시,노원구,상계9동,,,,,,,비연안,False,heatmap
서울특별시 노원구 월계1동,4157587.0,비연안,False,OBSERVED,True,서울특별시,노원구,월계1동,,,,,,,비연안,False,heatmap
서울특별시 노원구 월계2동,2166731.0,비연안,False,OBSERVED,True,서울특별시,노원구,월계2동,,,,,,,비연안,False,heatmap
서울특별시 노원구 월계3동,5077376.0,비연안,False,OBSERVED,True,서울특별시,노원구,월계3동,,,,,,,비연안,False,heatmap
서울특별시 노원구 중계1동,1774028.0,비연안,False,OBSERVED,True,서울특별시,노원구,중계1동,,,,,,,비연안,False,heatmap
서울특별시 노원구 중계2.3동,3851547.0,비연안,False,OBSERVED,True,서울특별시,노원구,중계2.3동,,,,,,,비연안,False,heatmap
서울특별시 노원구 중계4동,1915326.0,비연안,False,OBSERVED,True,서울특별시,노원구,중계4동,,,,,,,비연안,False,heatmap
서울특별시 노원구 중계본동,1682460.0,비연안,False,OBSERVED,True,서울특별시,노원구,중계본동,,,,,,,비연안,False,heatmap
서울특별시 노원구 하계1동,5000674.0,비연안,False,OBSERVED,True,서울특별시,노원구,하계1동,,,,,,,비연안,False,heatmap
서울특별시 노원구 하계2동,1401092.0,비연안,False,OBSERVED,True,서울특별시,노원구,하계2동,,,,,,,비연안,False,heatmap
서울특별시 도봉구 도봉1동,4099568.0,비연안,False,OBSERVED,True,서울특별시,도봉구,도봉1동,,,,,,,비연안,False,heatmap
서울특별시 도봉구 도봉2동,5480640.0,비연안,False,OBSERVED,True,서울특별시,도봉구,도봉2동,,,,,,,비연안,False,heatmap
서울특별시 도봉구 방학1동,2600406.0,비연안,False,OBSERVED,True,서울특별시,도봉구,방학1동,,,,,,,비연안,False,heatmap
서울특별시 도봉구 방학2동,1067430.0,비연안,False,OBSERVED,True,서울특별시,도봉구,방학2동,,,,,,,비연안,False,heatmap
서울특별시 도봉구 방학3동,1709788.0,비연안,False,OBSERVED,True,서울특별시,도봉구,방학3동,,,,,,,비연안,False,heatmap
서울특별시 도봉구 쌍문1동,2108208.0,비연안,False,OBSERVED,True,서울특별시,도봉구,쌍문1동,,,,,,,비연안,False,heatmap
서울특별시 도봉구 쌍문2동,1814680.0,비연안,False,OBSERVED,True,서울특별시,도봉구,쌍문2동,,,,,,,비연안,False,heatmap
서울특별시 도봉구 쌍문3동,1471488.0,비연안,False,OBSERVED,True,서울특별시,도봉구,쌍문3동,,,,,,,비연안,False,heatmap
서울특별시 도봉구 쌍문4동,1034586.0,비연안,False,OBSERVED,True,서울특별시,도봉구,쌍문4동,,,,,,,비연안,False,heatmap
서울특별시 도봉구 창1동,1950532.0,비연안,False,OBSERVED,True,서울특별시,도봉구,창1동,,,,,,,비연안,False,heatmap
서울특별시 도봉구 창2동,5640943.0,비연안,False,OBSERVED,True,서울특별시,도봉구,창2동,,,,,,,비연안,False,heatmap
서울특별시 도봉구 창3동,1271540.0,비연안,False,OBSERVED,True,서울특별시,도봉구,창3동,,,,,,,비연안,False,heatmap
서울특별시 도봉구 창4동,8558746.0,비연안,False,OBSERVED,True,서울특별시,도봉구,창4동,,,,,,,비연안,False,heatmap
서울특별시 도봉구 창5동,2574558.0,비연안,False,OBSERVED,True,서울특별시,도봉구,창5동,,,,,,,비연안,False,heatmap
서울특별시 동대문구 답십리1동,3800748.0,비연안,False,OBSERVED,True,서울특별시,동대문구,답십리1동,,,,,,,비연안,False,heatmap
서울특별시 동대문구 답십리2동,2527298.0,비연안,False,OBSERVED,True,서울특별시,동대문구,답십리2동,,,,,,,비연안,False,heatmap
서울특별시 동대문구 신설동,4509074.0,비연안,False,OBSERVED,True,서울특별시,동대문구,신설동,,,,,,,비연안,False,heatmap
서울특별시 동대문구 용두동,6670419.0,비연안,False,OBSERVED,True,서울특별시,동대문구,용두동,,,,,,,비연안,False,heatmap
서울특별시 동대문구 이문1동,6523713.0,비연안,False,OBSERVED,True,서울특별시,동대문구,이문1동,,,,,,,비연안,False,heatmap
서울특별시 동대문구 이문2동,1975830.0,비연안,False,OBSERVED,True,서울특별시,동대문구,이문2동,,,,,,,비연안,False,heatmap
서울특별시 동대문구 장안1동,7310625.0,비연안,False,OBSERVED,True,서울특별시,동대문구,장안1동,,,,,,,비연안,False,heatmap
서울특별시 동대문구 장안2동,5888054.0,비연안,False,OBSERVED,True,서울특별시,동대문구,장안2동,,,,,,,비연안,False,heatmap
서울특별시 동대문구 전농1동,8256000.0,비연안,False,OBSERVED,True,서울특별시,동대문구,전농1동,,,,,,,비연안,False,heatmap
서울특별시 동대문구 전농2동,1427990.0,비연안,False,OBSERVED,True,서울특별시,동대문구,전농2동,,,,,,,비연안,False,heatmap
서울특별시 동대문구 제기동,7127012.0,비연안,False,OBSERVED,True,서울특별시,동대문구,제기동,,,,,,,비연안,False,heatmap
서울특별시 동대문구 청량리동,3715390.0,비연안,False,OBSERVED,True,서울특별시,동대문구,청량리동,,,,,,,비연안,False,heatmap
서울특별시 동대문구 회기동,4574902.0,비연안,False,OBSERVED,True,서울특별시,동대문구,회기동,,,,,,,비연안,False,heatmap
서울특별시 동대문구 휘경1동,2637628.0,비연안,False,OBSERVED,True,서울특별시,동대문구,휘경1동,,,,,,,비연안,False,heatmap
서울특별시 동대문구 휘경2동,3728095.0,비연안,False,OBSERVED,True,서울특별시,동대문구,휘경2동,,,,,,,비연안,False,heatmap
서울특별시 동작구 노량진1동,10332833.0,비연안,False,OBSERVED,True,서울특별시,동작구,노량진1동,,,,,,,비연안,False,heatmap
서울특별시 동작구 노량진2동,6740296.0,비연안,False,OBSERVED,True,서울특별시,동작구,노량진2동,,,,,,,비연안,False,heatmap
서울특별시 동작구 대방동,7428169.0,비연안,False,OBSERVED,True,서울특별시,동작구,대방동,,,,,,,비연안,False,heatmap
서울특별시 동작구 사당1동,10879222.0,비연안,False,OBSERVED,True,서울특별시,동작구,사당1동,,,,,,,비연안,False,heatmap
서울특별시 동작구 사당2동,11310481.0,비연안,False,OBSERVED,True,서울특별시,동작구,사당2동,,,,,,,비연안,False,heatmap
서울특별시 동작구 사당3동,1230803.0,비연안,False,OBSERVED,True,서울특별시,동작구,사당3동,,,,,,,비연안,False,heatmap
서울특별시 동작구 사당4동,1355462.0,비연안,False,OBSERVED,True,서울특별시,동작구,사당4동,,,,,,,비연안,False,heatmap
서울특별시 동작구 사당5동,1347514.0,비연안,False,OBSERVED,True,서울특별시,동작구,사당5동,,,,,,,비연안,False,heatmap
서울특별시 동작구 상도1동,3918492.0,비연안,False,OBSERVED,True,서울특별시,동작구,상도1동,,,,,,,비연안,False,heatmap
서울특별시 동작구 상도2동,2249432.0,비연안,False,OBSERVED,True,서울특별시,동작구,상도2동,,,,,,,비연안,False,heatmap
서울특별시 동작구 상도3동,1517530.0,비연안,False,OBSERVED,True,서울특별시,동작구,상도3동,,,,,,,비연안,False,heatmap
서울특별시 동작구 상도4동,1418932.0,비연안,False,OBSERVED,True,서울특별시,동작구,상도4동,,,,,,,비연안,False,heatmap
서울특별시 동작구 신대방1동,5214044.0,비연안,False,OBSERVED,True,서울특별시,동작구,신대방1동,,,,,,,비연안,False,heatmap
서울특별시 동작구 신대방2동,6435688.0,비연안,False,OBSERVED,True,서울특별시,동작구,신대방2동,,,,,,,비연안,False,heatmap
서울특별시 동작구 흑석동,6582009.0,비연안,False,OBSERVED,True,서울특별시,동작구,흑석동,,,,,,,비연안,False,heatmap
서울특별시 마포구 공덕동,6440326.0,비연안,False,OBSERVED,True,서울특별시,마포구,공덕동,,,,,,,비연안,False,heatmap
서울특별시 마포구 대흥동,8192992.0,비연안,False,OBSERVED,True,서울특별시,마포구,대흥동,,,,,,,비연안,False,heatmap
서울특별시 마포구 도화동,6249733.0,비연안,False,OBSERVED,True,서울특별시,마포구,도화동,,,,,,,비연안,False,heatmap
서울특별시 마포구 망원1동,6544167.0,비연안,False,OBSERVED,True,서울특별시,마포구,망원1동,,,,,,,비연안,False,heatmap
서울특별시 마포구 망원2동,4220506.0,비연안,False,OBSERVED,True,서울특별시,마포구,망원2동,,,,,,,비연안,False,heatmap
서울특별시 마포구 상암동,15970272.0,비연안,False,OBSERVED,True,서울특별시,마포구,상암동,,,,,,,비연안,False,heatmap
서울특별시 마포구 서강동,10660100.0,비연안,False,OBSERVED,True,서울특별시,마포구,서강동,,,,,,,비연안,False,heatmap
서울특별시 마포구 서교동,51656227.0,비연안,False,OBSERVED,True,서울특별시,마포구,서교동,,,,,,,비연안,False,heatmap
서울특별시 마포구 성산1동,3444808.0,비연안,False,OBSERVED,True,서울특별시,마포구,성산1동,,,,,,,비연안,False,heatmap
서울특별시 마포구 성산2동,7685528.0,비연안,False,OBSERVED,True,서울특별시,마포구,성산2동,,,,,,,비연안,False,heatmap
서울특별시 마포구 신수동,2914324.0,비연안,False,OBSERVED,True,서울특별시,마포구,신수동,,,,,,,비연안,False,heatmap
서울특별시 마포구 아현동,4626580.0,비연안,False,OBSERVED,True,서울특별시,마포구,아현동,,,,,,,비연안,False,heatmap
서울특별시 마포구 연남동,8824168.0,비연안,False,OBSERVED,True,서울특별시,마포구,연남동,,,,,,,비연안,False,heatmap
서울특별시 마포구 염리동,5554300.0,비연안,False,OBSERVED,True,서울특별시,마포구,염리동,,,,,,,비연안,False,heatmap
서울특별시 마포구 용강동,5233134.0,비연안,False,OBSERVED,True,서울특별시,마포구,용강동,,,,,,,비연안,False,heatmap
서울특별시 마포구 합정동,10688440.0,비연안,False,OBSERVED,True,서울특별시,마포구,합정동,,,,,,,비연안,False,heatmap
서울특별시 서대문구 남가좌1동,1411546.0,비연안,False,OBSERVED,True,서울특별시,서대문구,남가좌1동,,,,,,,비연안,False,heatmap
서울특별시 서대문구 남가좌2동,2299490.0,비연안,False,OBSERVED,True,서울특별시,서대문구,남가좌2동,,,,,,,비연안,False,heatmap
서울특별시 서대문구 북가좌1동,986878.0,비연안,False,OBSERVED,True,서울특별시,서대문구,북가좌1동,,,,,,,비연안,False,heatmap
서울특별시 서대문구 북가좌2동,3497543.0,비연안,False,OBSERVED,True,서울특별시,서대문구,북가좌2동,,,,,,,비연안,False,heatmap
서울특별시 서대문구 북아현동,2323080.0,비연안,False,OBSERVED,True,서울특별시,서대문구,북아현동,,,,,,,비연안,False,heatmap
서울특별시 서대문구 신촌동,31681083.0,비연안,False,OBSERVED,True,서울특별시,서대문구,신촌동,,,,,,,비연안,False,heatmap
서울특별시 서대문구 연희동,8427090.0,비연안,False,OBSERVED,True,서울특별시,서대문구,연희동,,,,,,,비연안,False,heatmap
서울특별시 서대문구 천연동,3479668.0,비연안,False,OBSERVED,True,서울특별시,서대문구,천연동,,,,,,,비연안,False,heatmap
서울특별시 서대문구 충현동,37433518.0,비연안,False,OBSERVED,True,서울특별시,서대문구,충현동,,,,,,,비연안,False,heatmap
서울특별시 서대문구 홍은1동,1551882.0,비연안,False,OBSERVED,True,서울특별시,서대문구,홍은1동,,,,,,,비연안,False,heatmap
서울특별시 서대문구 홍은2동,2739289.0,비연안,False,OBSERVED,True,서울특별시,서대문구,홍은2동,,,,,,,비연안,False,heatmap
서울특별시 서대문구 홍제1동,2917106.0,비연안,False,OBSERVED,True,서울특별시,서대문구,홍제1동,,,,,,,비연안,False,heatmap
서울특별시 서대문구 홍제2동,1179822.0,비연안,False,OBSERVED,True,서울특별시,서대문구,홍제2동,,,,,,,비연안,False,heatmap
서울특별시 서대문구 홍제3동,1927611.0,비연안,False,OBSERVED,True,서울특별시,서대문구,홍제3동,,,,,,,비연안,False,heatmap
서울특별시 서초구 내곡동,5452517.0,비연안,False,OBSERVED,True,서울특별시,서초구,내곡동,,,,,,,비연안,False,heatmap
서울특별시 서초구 반포1동,7532791.0,비연안,False,OBSERVED,True,서울특별시,서초구,반포1동,,,,,,,비연안,False,heatmap
서울특별시 서초구 반포2동,7754562.0,비연안,False,OBSERVED,True,서울특별시,서초구,반포2동,,,,,,,비연안,False,heatmap
서울특별시 서초구 반포3동,9347804.0,비연안,False,OBSERVED,True,서울특별시,서초구,반포3동,,,,,,,비연안,False,heatmap
서울특별시 서초구 반포4동,25562618.0,비연안,False,OBSERVED,True,서울특별시,서초구,반포4동,,,,,,,비연안,False,heatmap
서울특별시 서초구 반포본동,3428880.0,비연안,False,OBSERVED,True,서울특별시,서초구,반포본동,,,,,,,비연안,False,heatmap
서울특별시 서초구 방배1동,4516393.0,비연안,False,OBSERVED,True,서울특별시,서초구,방배1동,,,,,,,비연안,False,heatmap
서울특별시 서초구 방배2동,8219096.0,비연안,False,OBSERVED,True,서울특별시,서초구,방배2동,,,,,,,비연안,False,heatmap
서울특별시 서초구 방배3동,3193264.0,비연안,False,OBSERVED,True,서울특별시,서초구,방배3동,,,,,,,비연안,False,heatmap
서울특별시 서초구 방배4동,5751246.0,비연안,False,OBSERVED,True,서울특별시,서초구,방배4동,,,,,,,비연안,False,heatmap
서울특별시 서초구 방배본동,3679263.0,비연안,False,OBSERVED,True,서울특별시,서초구,방배본동,,,,,,,비연안,False,heatmap
서울특별시 서초구 서초1동,11531814.0,비연안,False,OBSERVED,True,서울특별시,서초구,서초1동,,,,,,,비연안,False,heatmap
서울특별시 서초구 서초2동,19249444.0,비연안,False,OBSERVED,True,서울특별시,서초구,서초2동,,,,,,,비연안,False,heatmap
서울특별시 서초구 서초3동,42879088.0,비연안,False,OBSERVED,True,서울특별시,서초구,서초3동,,,,,,,비연안,False,heatmap
서울특별시 서초구 서초4동,20255246.0,비연안,False,OBSERVED,True,서울특별시,서초구,서초4동,,,,,,,비연안,False,heatmap
서울특별시 서초구 양재1동,24973322.0,비연안,False,OBSERVED,True,서울특별시,서초구,양재1동,,,,,,,비연안,False,heatmap
서울특별시 서초구 양재2동,24466362.0,비연안,False,OBSERVED,True,서울특별시,서초구,양재2동,,,,,,,비연안,False,heatmap
서울특별시 서초구 잠원동,10037804.0,비연안,False,OBSERVED,True,서울특별시,서초구,잠원동,,,,,,,비연안,False,heatmap
서울특별시 성동구 금호1가동,1284836.0,비연안,False,OBSERVED,True,서울특별시,성동구,금호1가동,,,,,,,비연안,False,heatmap
서울특별시 성동구 금호2.3가동,1464592.0,비연안,False,OBSERVED,True,서울특별시,성동구,금호2.3가동,,,,,,,비연안,False,heatmap
서울특별시 성동구 금호4가동,2197783.0,비연안,False,OBSERVED,True,서울특별시,성동구,금호4가동,,,,,,,비연안,False,heatmap
서울특별시 성동구 마장동,3440682.0,비연안,False,OBSERVED,True,서울특별시,성동구,마장동,,,,,,,비연안,False,heatmap
서울특별시 성동구 사근동,5932486.0,비연안,False,OBSERVED,True,서울특별시,성동구,사근동,,,,,,,비연안,False,heatmap
서울특별시 성동구 성수1가1동,8567258.0,비연안,False,OBSERVED,True,서울특별시,성동구,성수1가1동,,,,,,,비연안,False,heatmap
서울특별시 성동구 성수1가2동,9683614.0,비연안,False,OBSERVED,True,서울특별시,성동구,성수1가2동,,,,,,,비연안,False,heatmap
서울특별시 성동구 성수2가1동,7058600.0,비연안,False,OBSERVED,True,서울특별시,성동구,성수2가1동,,,,,,,비연안,False,heatmap
서울특별시 성동구 성수2가3동,27077326.0,비연안,False,OBSERVED,True,서울특별시,성동구,성수2가3동,,,,,,,비연안,False,heatmap
서울특별시 성동구 송정동,1716981.0,비연안,False,OBSERVED,True,서울특별시,성동구,송정동,,,,,,,비연안,False,heatmap
서울특별시 성동구 옥수동,5868842.0,비연안,False,OBSERVED,True,서울특별시,성동구,옥수동,,,,,,,비연안,False,heatmap
서울특별시 성동구 왕십리2동,936509.0,비연안,False,OBSERVED,True,서울특별시,성동구,왕십리2동,,,,,,,비연안,False,heatmap
서울특별시 성동구 왕십리도선동,5895166.0,비연안,False,OBSERVED,True,서울특별시,성동구,왕십리도선동,,,,,,,비연안,False,heatmap
서울특별시 성동구 용답동,3368866.0,비연안,False,OBSERVED,True,서울특별시,성동구,용답동,,,,,,,비연안,False,heatmap
서울특별시 성동구 응봉동,1513074.0,비연안,False,OBSERVED,True,서울특별시,성동구,응봉동,,,,,,,비연안,False,heatmap
서울특별시 성동구 행당1동,13600342.0,비연안,False,OBSERVED,True,서울특별시,성동구,행당1동,,,,,,,비연안,False,heatmap
서울특별시 성동구 행당2동,1046006.0,비연안,False,OBSERVED,True,서울특별시,성동구,행당2동,,,,,,,비연안,False,heatmap
서울특별시 성북구 길음1동,3195521.0,비연안,False,OBSERVED,True,서울특별시,성북구,길음1동,,,,,,,비연안,False,heatmap
서울특별시 성북구 길음2동,2849861.0,비연안,False,OBSERVED,True,서울특별시,성북구,길음2동,,,,,,,비연안,False,heatmap
서울특별시 성북구 돈암1동,1581615.0,비연안,False,OBSERVED,True,서울특별시,성북구,돈암1동,,,,,,,비연안,False,heatmap
서울특별시 성북구 돈암2동,832503.0,비연안,False,OBSERVED,True,서울특별시,성북구,돈암2동,,,,,,,비연안,False,heatmap
서울특별시 성북구 동선동,7560819.0,비연안,False,OBSERVED,True,서울특별시,성북구,동선동,,,,,,,비연안,False,heatmap
서울특별시 성북구 보문동,3250926.0,비연안,False,OBSERVED,True,서울특별시,성북구,보문동,,,,,,,비연안,False,heatmap
서울특별시 성북구 삼선동,6695160.0,비연안,False,OBSERVED,True,서울특별시,성북구,삼선동,,,,,,,비연안,False,heatmap
서울특별시 성북구 석관동,4808496.0,비연안,False,OBSERVED,True,서울특별시,성북구,석관동,,,,,,,비연안,False,heatmap
서울특별시 성북구 성북동,6764712.0,비연안,False,OBSERVED,True,서울특별시,성북구,성북동,,,,,,,비연안,False,heatmap
서울특별시 성북구 안암동,8096526.0,비연안,False,OBSERVED,True,서울특별시,성북구,안암동,,,,,,,비연안,False,heatmap
서울특별시 성북구 월곡1동,8765298.0,비연안,False,OBSERVED,True,서울특별시,성북구,월곡1동,,,,,,,비연안,False,heatmap
서울특별시 성북구 월곡2동,5162552.0,비연안,False,OBSERVED,True,서울특별시,성북구,월곡2동,,,,,,,비연안,False,heatmap
서울특별시 성북구 장위1동,3079041.0,비연안,False,OBSERVED,True,서울특별시,성북구,장위1동,,,,,,,비연안,False,heatmap
서울특별시 성북구 장위2동,2444102.0,비연안,False,OBSERVED,True,서울특별시,성북구,장위2동,,,,,,,비연안,False,heatmap
서울특별시 성북구 장위3동,1636698.0,비연안,False,OBSERVED,True,서울특별시,성북구,장위3동,,,,,,,비연안,False,heatmap
서울특별시 성북구 정릉1동,1392506.0,비연안,False,OBSERVED,True,서울특별시,성북구,정릉1동,,,,,,,비연안,False,heatmap
서울특별시 성북구 정릉2동,2749302.0,비연안,False,OBSERVED,True,서울특별시,성북구,정릉2동,,,,,,,비연안,False,heatmap
서울특별시 성북구 정릉3동,2210750.0,비연안,False,OBSERVED,True,서울특별시,성북구,정릉3동,,,,,,,비연안,False,heatmap
서울특별시 성북구 정릉4동,1878446.0,비연안,False,OBSERVED,True,서울특별시,성북구,정릉4동,,,,,,,비연안,False,heatmap
서울특별시 성북구 종암동,4005284.0,비연안,False,OBSERVED,True,서울특별시,성북구,종암동,,,,,,,비연안,False,heatmap
서울특별시 송파구 가락1동,6420354.0,비연안,False,OBSERVED,True,서울특별시,송파구,가락1동,,,,,,,비연안,False,heatmap
서울특별시 송파구 가락2동,1951114.0,비연안,False,OBSERVED,True,서울특별시,송파구,가락2동,,,,,,,비연안,False,heatmap
서울특별시 송파구 가락본동,8895422.0,비연안,False,OBSERVED,True,서울특별시,송파구,가락본동,,,,,,,비연안,False,heatmap
서울특별시 송파구 거여1동,967516.0,비연안,False,OBSERVED,True,서울특별시,송파구,거여1동,,,,,,,비연안,False,heatmap
서울특별시 송파구 거여2동,1253511.0,비연안,False,OBSERVED,True,서울특별시,송파구,거여2동,,,,,,,비연안,False,heatmap
서울특별시 송파구 마천1동,920269.0,비연안,False,OBSERVED,True,서울특별시,송파구,마천1동,,,,,,,비연안,False,heatmap
서울특별시 송파구 마천2동,1389542.0,비연안,False,OBSERVED,True,서울특별시,송파구,마천2동,,,,,,,비연안,False,heatmap
서울특별시 송파구 문정1동,2763408.0,비연안,False,OBSERVED,True,서울특별시,송파구,문정1동,,,,,,,비연안,False,heatmap
서울특별시 송파구 문정2동,13602158.0,비연안,False,OBSERVED,True,서울특별시,송파구,문정2동,,,,,,,비연안,False,heatmap
서울특별시 송파구 방이1동,4259444.0,비연안,False,OBSERVED,True,서울특별시,송파구,방이1동,,,,,,,비연안,False,heatmap
서울특별시 송파구 방이2동,14586484.0,비연안,False,OBSERVED,True,서울특별시,송파구,방이2동,,,,,,,비연안,False,heatmap
서울특별시 송파구 삼전동,2163032.0,비연안,False,OBSERVED,True,서울특별시,송파구,삼전동,,,,,,,비연안,False,heatmap
서울특별시 송파구 석촌동,5474934.0,비연안,False,OBSERVED,True,서울특별시,송파구,석촌동,,,,,,,비연안,False,heatmap
서울특별시 송파구 송파1동,8585664.0,비연안,False,OBSERVED,True,서울특별시,송파구,송파1동,,,,,,,비연안,False,heatmap
서울특별시 송파구 송파2동,1472170.0,비연안,False,OBSERVED,True,서울특별시,송파구,송파2동,,,,,,,비연안,False,heatmap
서울특별시 송파구 오금동,3811048.0,비연안,False,OBSERVED,True,서울특별시,송파구,오금동,,,,,,,비연안,False,heatmap
서울특별시 송파구 오륜동,8085122.0,비연안,False,OBSERVED,True,서울특별시,송파구,오륜동,,,,,,,비연안,False,heatmap
서울특별시 송파구 위례동,3601888.0,비연안,False,OBSERVED,True,서울특별시,송파구,위례동,,,,,,,비연안,False,heatmap
서울특별시 송파구 잠실2동,8706838.0,비연안,False,OBSERVED,True,서울특별시,송파구,잠실2동,,,,,,,비연안,False,heatmap
서울특별시 송파구 잠실3동,21088347.0,비연안,False,OBSERVED,True,서울특별시,송파구,잠실3동,,,,,,,비연안,False,heatmap
서울특별시 송파구 잠실4동,3868529.0,비연안,False,OBSERVED,True,서울특별시,송파구,잠실4동,,,,,,,비연안,False,heatmap
서울특별시 송파구 잠실6동,30156224.0,비연안,False,OBSERVED,True,서울특별시,송파구,잠실6동,,,,,,,비연안,False,heatmap
서울특별시 송파구 잠실7동,4644619.0,비연안,False,OBSERVED,True,서울특별시,송파구,잠실7동,,,,,,,비연안,False,heatmap
서울특별시 송파구 잠실본동,8127466.0,비연안,False,OBSERVED,True,서울특별시,송파구,잠실본동,,,,,,,비연안,False,heatmap
서울특별시 송파구 장지동,2258106.0,비연안,False,OBSERVED,True,서울특별시,송파구,장지동,,,,,,,비연안,False,heatmap
서울특별시 송파구 풍납1동,2311810.0,비연안,False,OBSERVED,True,서울특별시,송파구,풍납1동,,,,,,,비연안,False,heatmap
서울특별시 송파구 풍납2동,12045047.0,비연안,False,OBSERVED,True,서울특별시,송파구,풍납2동,,,,,,,비연안,False,heatmap
서울특별시 양천구 목1동,7600492.0,비연안,False,OBSERVED,True,서울특별시,양천구,목1동,,,,,,,비연안,False,heatmap
서울특별시 양천구 목2동,2642294.0,비연안,False,OBSERVED,True,서울특별시,양천구,목2동,,,,,,,비연안,False,heatmap
서울특별시 양천구 목3동,2096752.0,비연안,False,OBSERVED,True,서울특별시,양천구,목3동,,,,,,,비연안,False,heatmap
서울특별시 양천구 목4동,2224044.0,비연안,False,OBSERVED,True,서울특별시,양천구,목4동,,,,,,,비연안,False,heatmap
서울특별시 양천구 목5동,5326755.0,비연안,False,OBSERVED,True,서울특별시,양천구,목5동,,,,,,,비연안,False,heatmap
서울특별시 양천구 신월1동,3335818.0,비연안,False,OBSERVED,True,서울특별시,양천구,신월1동,,,,,,,비연안,False,heatmap
서울특별시 양천구 신월2동,994808.0,비연안,False,OBSERVED,True,서울특별시,양천구,신월2동,,,,,,,비연안,False,heatmap
서울특별시 양천구 신월3동,1697507.0,비연안,False,OBSERVED,True,서울특별시,양천구,신월3동,,,,,,,비연안,False,heatmap
서울특별시 양천구 신월4동,688891.0,비연안,False,OBSERVED,True,서울특별시,양천구,신월4동,,,,,,,비연안,False,heatmap
서울특별시 양천구 신월5동,1370712.0,비연안,False,OBSERVED,True,서울특별시,양천구,신월5동,,,,,,,비연안,False,heatmap
서울특별시 양천구 신월6동,809638.0,비연안,False,OBSERVED,True,서울특별시,양천구,신월6동,,,,,,,비연안,False,heatmap
서울특별시 양천구 신월7동,2301929.0,비연안,False,OBSERVED,True,서울특별시,양천구,신월7동,,,,,,,비연안,False,heatmap
서울특별시 양천구 신정1동,1694816.0,비연안,False,OBSERVED,True,서울특별시,양천구,신정1동,,,,,,,비연안,False,heatmap
서울특별시 양천구 신정2동,1607568.0,비연안,False,OBSERVED,True,서울특별시,양천구,신정2동,,,,,,,비연안,False,heatmap
서울특별시 양천구 신정3동,4486338.0,비연안,False,OBSERVED,True,서울특별시,양천구,신정3동,,,,,,,비연안,False,heatmap
서울특별시 양천구 신정4동,4978102.0,비연안,False,OBSERVED,True,서울특별시,양천구,신정4동,,,,,,,비연안,False,heatmap
서울특별시 양천구 신정6동,2608386.0,비연안,False,OBSERVED,True,서울특별시,양천구,신정6동,,,,,,,비연안,False,heatmap
서울특별시 양천구 신정7동,2098355.0,비연안,False,OBSERVED,True,서울특별시,양천구,신정7동,,,,,,,비연안,False,heatmap
서울특별시 영등포구 당산1동,5644534.0,비연안,False,OBSERVED,True,서울특별시,영등포구,당산1동,,,,,,,비연안,False,heatmap
서울특별시 영등포구 당산2동,9192172.0,비연안,False,OBSERVED,True,서울특별시,영등포구,당산2동,,,,,,,비연안,False,heatmap
서울특별시 영등포구 대림1동,2556452.0,비연안,False,OBSERVED,True,서울특별시,영등포구,대림1동,,,,,,,비연안,False,heatmap
서울특별시 영등포구 대림2동,4627021.0,비연안,False,OBSERVED,True,서울특별시,영등포구,대림2동,,,,,,,비연안,False,heatmap
서울특별시 영등포구 대림3동,4944226.0,비연안,False,OBSERVED,True,서울특별시,영등포구,대림3동,,,,,,,비연안,False,heatmap
서울특별시 영등포구 도림동,1996312.0,비연안,False,OBSERVED,True,서울특별시,영등포구,도림동,,,,,,,비연안,False,heatmap
서울특별시 영등포구 문래동,9250090.0,비연안,False,OBSERVED,True,서울특별시,영등포구,문래동,,,,,,,비연안,False,heatmap
서울특별시 영등포구 신길1동,4461772.0,비연안,False,OBSERVED,True,서울특별시,영등포구,신길1동,,,,,,,비연안,False,heatmap
서울특별시 영등포구 신길3동,1044704.0,비연안,False,OBSERVED,True,서울특별시,영등포구,신길3동,,,,,,,비연안,False,heatmap
서울특별시 영등포구 신길4동,800272.0,비연안,False,OBSERVED,True,서울특별시,영등포구,신길4동,,,,,,,비연안,False,heatmap
서울특별시 영등포구 신길5동,631886.0,비연안,False,OBSERVED,True,서울특별시,영등포구,신길5동,,,,,,,비연안,False,heatmap
서울특별시 영등포구 신길6동,2376402.0,비연안,False,OBSERVED,True,서울특별시,영등포구,신길6동,,,,,,,비연안,False,heatmap
서울특별시 영등포구 신길7동,1688810.0,비연안,False,OBSERVED,True,서울특별시,영등포구,신길7동,,,,,,,비연안,False,heatmap
서울특별시 영등포구 양평1동,2847352.0,비연안,False,OBSERVED,True,서울특별시,영등포구,양평1동,,,,,,,비연안,False,heatmap
서울특별시 영등포구 양평2동,5499840.0,비연안,False,OBSERVED,True,서울특별시,영등포구,양평2동,,,,,,,비연안,False,heatmap
서울특별시 영등포구 여의동,46390092.0,비연안,False,OBSERVED,True,서울특별시,영등포구,여의동,,,,,,,비연안,False,heatmap
서울특별시 영등포구 영등포동,30945110.0,비연안,False,OBSERVED,True,서울특별시,영등포구,영등포동,,,,,,,비연안,False,heatmap
서울특별시 영등포구 영등포본동,8220608.0,비연안,False,OBSERVED,True,서울특별시,영등포구,영등포본동,,,,,,,비연안,False,heatmap
서울특별시 용산구 남영동,24015954.0,비연안,False,OBSERVED,True,서울특별시,용산구,남영동,,,,,,,비연안,False,heatmap
서울특별시 용산구 보광동,1803662.0,비연안,False,OBSERVED,True,서울특별시,용산구,보광동,,,,,,,비연안,False,heatmap
서울특별시 용산구 서빙고동,7271012.0,비연안,False,OBSERVED,True,서울특별시,용산구,서빙고동,,,,,,,비연안,False,heatmap
서울특별시 용산구 용문동,1440422.0,비연안,False,OBSERVED,True,서울특별시,용산구,용문동,,,,,,,비연안,False,heatmap
서울특별시 용산구 용산2가동,4907284.0,비연안,False,OBSERVED,True,서울특별시,용산구,용산2가동,,,,,,,비연안,False,heatmap
서울특별시 용산구 원효로1동,4905554.0,비연안,False,OBSERVED,True,서울특별시,용산구,원효로1동,,,,,,,비연안,False,heatmap
서울특별시 용산구 원효로2동,2368772.0,비연안,False,OBSERVED,True,서울특별시,용산구,원효로2동,,,,,,,비연안,False,heatmap
서울특별시 용산구 이촌1동,5435076.0,비연안,False,OBSERVED,True,서울특별시,용산구,이촌1동,,,,,,,비연안,False,heatmap
서울특별시 용산구 이촌2동,2614364.0,비연안,False,OBSERVED,True,서울특별시,용산구,이촌2동,,,,,,,비연안,False,heatmap
서울특별시 용산구 이태원1동,9673272.0,비연안,False,OBSERVED,True,서울특별시,용산구,이태원1동,,,,,,,비연안,False,heatmap
서울특별시 용산구 이태원2동,6027497.0,비연안,False,OBSERVED,True,서울특별시,용산구,이태원2동,,,,,,,비연안,False,heatmap
서울특별시 용산구 청파동,7723362.0,비연안,False,OBSERVED,True,서울특별시,용산구,청파동,,,,,,,비연안,False,heatmap
서울특별시 용산구 한강로동,47169164.0,비연안,False,OBSERVED,True,서울특별시,용산구,한강로동,,,,,,,비연안,False,heatmap
서울특별시 용산구 한남동,19474721.0,비연안,False,OBSERVED,True,서울특별시,용산구,한남동,,,,,,,비연안,False,heatmap
서울특별시 용산구 효창동,2015804.0,비연안,False,OBSERVED,True,서울특별시,용산구,효창동,,,,,,,비연안,False,heatmap
서울특별시 용산구 후암동,3791308.0,비연안,False,OBSERVED,True,서울특별시,용산구,후암동,,,,,,,비연안,False,heatmap
서울특별시 은평구 갈현1동,2254756.0,비연안,False,OBSERVED,True,서울특별시,은평구,갈현1동,,,,,,,비연안,False,heatmap
서울특별시 은평구 갈현2동,1502172.0,비연안,False,OBSERVED,True,서울특별시,은평구,갈현2동,,,,,,,비연안,False,heatmap
서울특별시 은평구 구산동,1767535.0,비연안,False,OBSERVED,True,서울특별시,은평구,구산동,,,,,,,비연안,False,heatmap
서울특별시 은평구 녹번동,3893936.0,비연안,False,OBSERVED,True,서울특별시,은평구,녹번동,,,,,,,비연안,False,heatmap
서울특별시 은평구 대조동,7718284.0,비연안,False,OBSERVED,True,서울특별시,은평구,대조동,,,,,,,비연안,False,heatmap
서울특별시 은평구 불광1동,2531210.0,비연안,False,OBSERVED,True,서울특별시,은평구,불광1동,,,,,,,비연안,False,heatmap
서울특별시 은평구 불광2동,1775011.0,비연안,False,OBSERVED,True,서울특별시,은평구,불광2동,,,,,,,비연안,False,heatmap
서울특별시 은평구 수색동,1938496.0,비연안,False,OBSERVED,True,서울특별시,은평구,수색동,,,,,,,비연안,False,heatmap
서울특별시 은평구 신사1동,1291115.0,비연안,False,OBSERVED,True,서울특별시,은평구,신사1동,,,,,,,비연안,False,heatmap
서울특별시 은평구 신사2동,788022.0,비연안,False,OBSERVED,True,서울특별시,은평구,신사2동,,,,,,,비연안,False,heatmap
서울특별시 은평구 역촌동,2565185.0,비연안,False,OBSERVED,True,서울특별시,은평구,역촌동,,,,,,,비연안,False,heatmap
서울특별시 은평구 응암1동,2367796.0,비연안,False,OBSERVED,True,서울특별시,은평구,응암1동,,,,,,,비연안,False,heatmap
서울특별시 은평구 응암2동,976944.0,비연안,False,OBSERVED,True,서울특별시,은평구,응암2동,,,,,,,비연안,False,heatmap
서울특별시 은평구 응암3동,2558986.0,비연안,False,OBSERVED,True,서울특별시,은평구,응암3동,,,,,,,비연안,False,heatmap
서울특별시 은평구 증산동,1144994.0,비연안,False,OBSERVED,True,서울특별시,은평구,증산동,,,,,,,비연안,False,heatmap
서울특별시 은평구 진관동,9531067.0,비연안,False,OBSERVED,True,서울특별시,은평구,진관동,,,,,,,비연안,False,heatmap
서울특별시 종로구 가회동,6528008.0,비연안,False,OBSERVED,True,서울특별시,종로구,가회동,,,,,,,비연안,False,heatmap
서울특별시 종로구 교남동,3161238.0,비연안,False,OBSERVED,True,서울특별시,종로구,교남동,,,,,,,비연안,False,heatmap
서울특별시 종로구 무악동,2086840.0,비연안,False,OBSERVED,True,서울특별시,종로구,무악동,,,,,,,비연안,False,heatmap
서울특별시 종로구 부암동,3873156.0,비연안,False,OBSERVED,True,서울특별시,종로구,부암동,,,,,,,비연안,False,heatmap
서울특별시 종로구 사직동,20679718.0,비연안,False,OBSERVED,True,서울특별시,종로구,사직동,,,,,,,비연안,False,heatmap
서울특별시 종로구 삼청동,6695402.0,비연안,False,OBSERVED,True,서울특별시,종로구,삼청동,,,,,,,비연안,False,heatmap
서울특별시 종로구 숭인1동,2391456.0,비연안,False,OBSERVED,True,서울특별시,종로구,숭인1동,,,,,,,비연안,False,heatmap
서울특별시 종로구 숭인2동,5669272.0,비연안,False,OBSERVED,True,서울특별시,종로구,숭인2동,,,,,,,비연안,False,heatmap
서울특별시 종로구 이화동,35256168.0,비연안,False,OBSERVED,True,서울특별시,종로구,이화동,,,,,,,비연안,False,heatmap
서울특별시 종로구 종로1.2.3.4가동,62936156.0,비연안,False,OBSERVED,True,서울특별시,종로구,종로1.2.3.4가동,,,,,,,비연안,False,heatmap
서울특별시 종로구 종로5.6가동,15078091.0,비연안,False,OBSERVED,True,서울특별시,종로구,종로5.6가동,,,,,,,비연안,False,heatmap
서울특별시 종로구 창신1동,8680066.0,비연안,False,OBSERVED,True,서울특별시,종로구,창신1동,,,,,,,비연안,False,heatmap
서울특별시 종로구 창신2동,989233.0,비연안,False,OBSERVED,True,서울특별시,종로구,창신2동,,,,,,,비연안,False,heatmap
서울특별시 종로구 창신3동,850902.0,비연안,False,OBSERVED,True,서울특별시,종로구,창신3동,,,,,,,비연안,False,heatmap
서울특별시 종로구 청운효자동,8587520.0,비연안,False,OBSERVED,True,서울특별시,종로구,청운효자동,,,,,,,비연안,False,heatmap
서울특별시 종로구 평창동,3692738.0,비연안,False,OBSERVED,True,서울특별시,종로구,평창동,,,,,,,비연안,False,heatmap
서울특별시 종로구 혜화동,12537791.0,비연안,False,OBSERVED,True,서울특별시,종로구,혜화동,,,,,,,비연안,False,heatmap
서울특별시 중구 광희동,19351668.0,비연안,False,OBSERVED,True,서울특별시,중구,광희동,,,,,,,비연안,False,heatmap
서울특별시 중구 다산동,4610564.0,비연안,False,OBSERVED,True,서울특별시,중구,다산동,,,,,,,비연안,False,heatmap
서울특별시 중구 동화동,1414878.0,비연안,False,OBSERVED,True,서울특별시,중구,동화동,,,,,,,비연안,False,heatmap
서울특별시 중구 명동,42026292.0,비연안,False,OBSERVED,True,서울특별시,중구,명동,,,,,,,비연안,False,heatmap
서울특별시 중구 소공동,25113764.0,비연안,False,OBSERVED,True,서울특별시,중구,소공동,,,,,,,비연안,False,heatmap
서울특별시 중구 신당5동,1664576.0,비연안,False,OBSERVED,True,서울특별시,중구,신당5동,,,,,,,비연안,False,heatmap
서울특별시 중구 신당동,9421839.0,비연안,False,OBSERVED,True,서울특별시,중구,신당동,,,,,,,비연안,False,heatmap
서울특별시 중구 약수동,4679094.0,비연안,False,OBSERVED,True,서울특별시,중구,약수동,,,,,,,비연안,False,heatmap
서울특별시 중구 을지로동,14855942.0,비연안,False,OBSERVED,True,서울특별시,중구,을지로동,,,,,,,비연안,False,heatmap
서울특별시 중구 장충동,7647770.0,비연안,False,OBSERVED,True,서울특별시,중구,장충동,,,,,,,비연안,False,heatmap
서울특별시 중구 중림동,3823634.0,비연안,False,OBSERVED,True,서울특별시,중구,중림동,,,,,,,비연안,False,heatmap
서울특별시 중구 청구동,1435539.0,비연안,False,OBSERVED,True,서울특별시,중구,청구동,,,,,,,비연안,False,heatmap
서울특별시 중구 필동,14720444.0,비연안,False,OBSERVED,True,서울특별시,중구,필동,,,,,,,비연안,False,heatmap
서울특별시 중구 황학동,2706529.0,비연안,False,OBSERVED,True,서울특별시,중구,황학동,,,,,,,비연안,False,heatmap
서울특별시 중구 회현동,33867102.0,비연안,False,OBSERVED,True,서울특별시,중구,회현동,,,,,,,비연안,False,heatmap
서울특별시 중랑구 망우3동,586558.0,비연안,False,OBSERVED,True,서울특별시,중랑구,망우3동,,,,,,,비연안,False,heatmap
서울특별시 중랑구 망우본동,5440946.0,비연안,False,OBSERVED,True,서울특별시,중랑구,망우본동,,,,,,,비연안,False,heatmap
서울특별시 중랑구 면목2동,2384252.0,비연안,False,OBSERVED,True,서울특별시,중랑구,면목2동,,,,,,,비연안,False,heatmap
서울특별시 중랑구 면목3.8동,3727206.0,비연안,False,OBSERVED,True,서울특별시,중랑구,면목3.8동,,,,,,,비연안,False,heatmap
서울특별시 중랑구 면목4동,2331836.0,비연안,False,OBSERVED,True,서울특별시,중랑구,면목4동,,,,,,,비연안,False,heatmap
서울특별시 중랑구 면목5동,2005182.0,비연안,False,OBSERVED,True,서울특별시,중랑구,면목5동,,,,,,,비연안,False,heatmap
서울특별시 중랑구 면목7동,1702194.0,비연안,False,OBSERVED,True,서울특별시,중랑구,면목7동,,,,,,,비연안,False,heatmap
서울특별시 중랑구 면목본동,2407184.0,비연안,False,OBSERVED,True,서울특별시,중랑구,면목본동,,,,,,,비연안,False,heatmap
서울특별시 중랑구 묵1동,2763873.0,비연안,False,OBSERVED,True,서울특별시,중랑구,묵1동,,,,,,,비연안,False,heatmap
서울특별시 중랑구 묵2동,4238122.0,비연안,False,OBSERVED,True,서울특별시,중랑구,묵2동,,,,,,,비연안,False,heatmap
서울특별시 중랑구 상봉1동,1323861.0,비연안,False,OBSERVED,True,서울특별시,중랑구,상봉1동,,,,,,,비연안,False,heatmap
서울특별시 중랑구 상봉2동,6602782.0,비연안,False,OBSERVED,True,서울특별시,중랑구,상봉2동,,,,,,,비연안,False,heatmap
서울특별시 중랑구 신내1동,3673558.0,비연안,False,OBSERVED,True,서울특별시,중랑구,신내1동,,,,,,,비연안,False,heatmap
서울특별시 중랑구 신내2동,1622873.0,비연안,False,OBSERVED,True,서울특별시,중랑구,신내2동,,,,,,,비연안,False,heatmap
서울특별시 중랑구 중화1동,2156889.0,비연안,False,OBSERVED,True,서울특별시,중랑구,중화1동,,,,,,,비연안,False,heatmap
서울특별시 중랑구 중화2동,2478010.0,비연안,False,OBSERVED,True,서울특별시,중랑구,중화2동,,,,,,,비연안,False,heatmap
세종특별자치시 세종특별자치시 고운동,1110784.0,비연안,False,OBSERVED,True,세종특별자치시,세종특별자치시,고운동,,,,,,,비연안,False,heatmap
세종특별자치시 세종특별자치시 금남면,2126698.0,비연안,False,OBSERVED,True,세종특별자치시,세종특별자치시,금남면,,,,,,,비연안,False,heatmap
세종특별자치시 세종특별자치시 나성동,3676162.0,비연안,False,OBSERVED,True,세종특별자치시,세종특별자치시,나성동,,,,,,,비연안,False,heatmap
세종특별자치시 세종특별자치시 다정동,346902.0,비연안,False,OBSERVED,True,세종특별자치시,세종특별자치시,다정동,,,,,,,비연안,False,heatmap
세종특별자치시 세종특별자치시 대평동,1124018.0,비연안,False,OBSERVED,True,세종특별자치시,세종특별자치시,대평동,,,,,,,비연안,False,heatmap
세종특별자치시 세종특별자치시 도담동,477760.0,비연안,False,OBSERVED,True,세종특별자치시,세종특별자치시,도담동,,,,,,,비연안,False,heatmap
세종특별자치시 세종특별자치시 반곡동,1450750.0,비연안,False,OBSERVED,True,세종특별자치시,세종특별자치시,반곡동,,,,,,,비연안,False,heatmap
세종특별자치시 세종특별자치시 보람동,1158948.0,비연안,False,OBSERVED,True,세종특별자치시,세종특별자치시,보람동,,,,,,,비연안,False,heatmap
세종특별자치시 세종특별자치시 부강면,1537389.0,비연안,False,OBSERVED,True,세종특별자치시,세종특별자치시,부강면,,,,,,,비연안,False,heatmap
세종특별자치시 세종특별자치시 새롬동,503500.0,비연안,False,OBSERVED,True,세종특별자치시,세종특별자치시,새롬동,,,,,,,비연안,False,heatmap
세종특별자치시 세종특별자치시 소담동,364556.0,비연안,False,OBSERVED,True,세종특별자치시,세종특별자치시,소담동,,,,,,,비연안,False,heatmap
세종특별자치시 세종특별자치시 소정면,450244.0,비연안,False,OBSERVED,True,세종특별자치시,세종특별자치시,소정면,,,,,,,비연안,False,heatmap
세종특별자치시 세종특별자치시 아름동,504742.0,비연안,False,OBSERVED,True,세종특별자치시,세종특별자치시,아름동,,,,,,,비연안,False,heatmap
세종특별자치시 세종특별자치시 어진동,12347892.0,비연안,False,OBSERVED,True,세종특별자치시,세종특별자치시,어진동,,,,,,,비연안,False,heatmap
세종특별자치시 세종특별자치시 연기면,462728.0,비연안,False,OBSERVED,True,세종특별자치시,세종특별자치시,연기면,,,,,,,비연안,False,heatmap
세종특별자치시 세종특별자치시 연동면,683092.0,비연안,False,OBSERVED,True,세종특별자치시,세종특별자치시,연동면,,,,,,,비연안,False,heatmap
세종특별자치시 세종특별자치시 연서면,1674120.0,비연안,False,OBSERVED,True,세종특별자치시,세종특별자치시,연서면,,,,,,,비연안,False,heatmap
세종특별자치시 세종특별자치시 장군면,1857506.0,비연안,False,OBSERVED,True,세종특별자치시,세종특별자치시,장군면,,,,,,,비연안,False,heatmap
세종특별자치시 세종특별자치시 전동면,831481.0,비연안,False,OBSERVED,True,세종특별자치시,세종특별자치시,전동면,,,,,,,비연안,False,heatmap
세종특별자치시 세종특별자치시 전의면,1578899.0,비연안,False,OBSERVED,True,세종특별자치시,세종특별자치시,전의면,,,,,,,비연안,False,heatmap
세종특별자치시 세종특별자치시 조치원읍,5818239.0,비연안,False,OBSERVED,True,세종특별자치시,세종특별자치시,조치원읍,,,,,,,비연안,False,heatmap
세종특별자치시 세종특별자치시 종촌동,685528.0,비연안,False,OBSERVED,True,세종특별자치시,세종특별자치시,종촌동,,,,,,,비연안,False,heatmap
세종특별자치시 세종특별자치시 집현동,,비연안,True,MISSING_NOT_IMPUTED,True,세종특별자치시,세종특별자치시,집현동,,,,,,,비연안,False,heatmap_metadata_only
세종특별자치시 세종특별자치시 한솔동,989516.0,비연안,False,OBSERVED,True,세종특별자치시,세종특별자치시,한솔동,,,,,,,비연안,False,heatmap
세종특별자치시 세종특별자치시 해밀동,1234037.0,비연안,False,OBSERVED,True,세종특별자치시,세종특별자치시,해밀동,,,,,,,비연안,False,heatmap
울산광역시 남구 달동,5191333.0,비연안,False,OBSERVED,True,울산광역시,남구,달동,,,,,,,비연안,False,heatmap
울산광역시 남구 대현동,1898918.0,비연안,False,OBSERVED,True,울산광역시,남구,대현동,,,,,,,비연안,False,heatmap
울산광역시 남구 무거동,5012637.0,비연안,False,OBSERVED,True,울산광역시,남구,무거동,,,,,,,비연안,False,heatmap
울산광역시 남구 삼산동,20589079.0,비연안,False,OBSERVED,True,울산광역시,남구,삼산동,,,,,,,비연안,False,heatmap
울산광역시 남구 삼호동,2090994.0,비연안,False,OBSERVED,True,울산광역시,남구,삼호동,,,,,,,비연안,False,heatmap
울산광역시 남구 선암동,3802362.0,연안 도시,False,OBSERVED,True,울산광역시,남구,선암동,,,,,,,연안 도시,False,heatmap
울산광역시 남구 수암동,735228.0,비연안,False,OBSERVED,True,울산광역시,남구,수암동,,,,,,,비연안,False,heatmap
울산광역시 남구 신정1동,3285030.0,비연안,False,OBSERVED,True,울산광역시,남구,신정1동,,,,,,,비연안,False,heatmap
울산광역시 남구 신정2동,5201760.0,비연안,False,OBSERVED,True,울산광역시,남구,신정2동,,,,,,,비연안,False,heatmap
울산광역시 남구 신정3동,3154252.0,비연안,False,OBSERVED,True,울산광역시,남구,신정3동,,,,,,,비연안,False,heatmap
울산광역시 남구 신정4동,1590988.0,비연안,False,OBSERVED,True,울산광역시,남구,신정4동,,,,,,,비연안,False,heatmap
울산광역시 남구 신정5동,2645860.0,비연안,False,OBSERVED,True,울산광역시,남구,신정5동,,,,,,,비연안,False,heatmap
울산광역시 남구 야음장생포동,3898734.0,연안 도시,False,OBSERVED,True,울산광역시,남구,야음장생포동,,,,,,,연안 도시,False,heatmap
울산광역시 남구 옥동,3904306.0,비연안,False,OBSERVED,True,울산광역시,남구,옥동,,,,,,,비연안,False,heatmap
울산광역시 동구 남목1동,671142.0,비연안,False,OBSERVED,True,울산광역시,동구,남목1동,,,,,,,비연안,False,heatmap
울산광역시 동구 남목2동,1587120.0,비연안,False,OBSERVED,True,울산광역시,동구,남목2동,,,,,,,비연안,False,heatmap
울산광역시 동구 남목3동,1630038.0,연안 도시,False,OBSERVED,True,울산광역시,동구,남목3동,,,,,,,연안 도시,False,heatmap
울산광역시 동구 대송동,730646.0,비연안,False,OBSERVED,True,울산광역시,동구,대송동,,,,,,,비연안,False,heatmap
울산광역시 동구 방어동,3902920.0,연안 도시,False,OBSERVED,True,울산광역시,동구,방어동,,,,,,,연안 도시,False,heatmap
울산광역시 동구 일산동,3828962.0,연안 도시,False,OBSERVED,True,울산광역시,동구,일산동,,,,,,,연안 도시,False,heatmap
울산광역시 동구 전하1동,2328190.0,연안 도시,False,OBSERVED,True,울산광역시,동구,전하1동,,,,,,,연안 도시,False,heatmap
울산광역시 동구 전하2동,2607892.0,비연안,False,OBSERVED,True,울산광역시,동구,전하2동,,,,,,,비연안,False,heatmap
울산광역시 동구 화정동,950366.0,비연안,False,OBSERVED,True,울산광역시,동구,화정동,,,,,,,비연안,False,heatmap
울산광역시 북구 강동동,4174720.0,연안 도시,False,OBSERVED,True,울산광역시,북구,강동동,,,,,,,연안 도시,False,heatmap
울산광역시 북구 농소1동,4391510.0,비연안,False,OBSERVED,True,울산광역시,북구,농소1동,,,,,,,비연안,False,heatmap
울산광역시 북구 농소2동,1808513.0,비연안,False,OBSERVED,True,울산광역시,북구,농소2동,,,,,,,비연안,False,heatmap
울산광역시 북구 농소3동,1900227.0,비연안,False,OBSERVED,True,울산광역시,북구,농소3동,,,,,,,비연안,False,heatmap
울산광역시 북구 송정동,1772477.0,비연안,False,OBSERVED,True,울산광역시,북구,송정동,,,,,,,비연안,False,heatmap
울산광역시 북구 양정동,1754991.0,연안 도시,False,OBSERVED,True,울산광역시,북구,양정동,,,,,,,연안 도시,False,heatmap
울산광역시 북구 염포동,853671.0,연안 도시,False,OBSERVED,True,울산광역시,북구,염포동,,,,,,,연안 도시,False,heatmap
울산광역시 북구 효문동,12348868.0,연안 도시,False,OBSERVED,True,울산광역시,북구,효문동,,,,,,,연안 도시,False,heatmap
울산광역시 울주군 두동면,1128799.0,비연안,False,OBSERVED,True,울산광역시,울주군,두동면,,,,,,,비연안,False,heatmap
울산광역시 울주군 두서면,949200.0,비연안,False,OBSERVED,True,울산광역시,울주군,두서면,,,,,,,비연안,False,heatmap
울산광역시 울주군 범서읍,5333307.0,비연안,False,OBSERVED,True,울산광역시,울주군,범서읍,,,,,,,비연안,False,heatmap
울산광역시 울주군 삼남읍,8125218.0,비연안,False,OBSERVED,True,울산광역시,울주군,삼남읍,,,,,,,비연안,False,heatmap
울산광역시 울주군 삼동면,2447308.0,비연안,False,OBSERVED,True,울산광역시,울주군,삼동면,,,,,,,비연안,False,heatmap
울산광역시 울주군 상북면,5040066.0,비연안,False,OBSERVED,True,울산광역시,울주군,상북면,,,,,,,비연안,False,heatmap
울산광역시 울주군 서생면,4149344.0,연안 어촌,False,OBSERVED,True,울산광역시,울주군,서생면,,,,,,,연안 어촌,False,heatmap
울산광역시 울주군 언양읍,5248866.0,비연안,False,OBSERVED,True,울산광역시,울주군,언양읍,,,,,,,비연안,False,heatmap
울산광역시 울주군 온산읍,5068014.0,연안 어촌,False,OBSERVED,True,울산광역시,울주군,온산읍,,,,,,,연안 어촌,False,heatmap
울산광역시 울주군 온양읍,2727494.0,비연안,False,OBSERVED,True,울산광역시,울주군,온양읍,,,,,,,비연안,False,heatmap
울산광역시 울주군 웅촌면,1581892.0,비연안,False,OBSERVED,True,울산광역시,울주군,웅촌면,,,,,,,비연안,False,heatmap
울산광역시 울주군 청량읍,3416602.0,연안 어촌,False,OBSERVED,True,울산광역시,울주군,청량읍,,,,,,,연안 어촌,False,heatmap
울산광역시 중구 다운동,2675911.0,비연안,False,OBSERVED,True,울산광역시,중구,다운동,,,,,,,비연안,False,heatmap
울산광역시 중구 반구1동,1304558.0,비연안,False,OBSERVED,True,울산광역시,중구,반구1동,,,,,,,비연안,False,heatmap
울산광역시 중구 반구2동,2172804.0,비연안,False,OBSERVED,True,울산광역시,중구,반구2동,,,,,,,비연안,False,heatmap
울산광역시 중구 병영1동,2729377.0,비연안,False,OBSERVED,True,울산광역시,중구,병영1동,,,,,,,비연안,False,heatmap
울산광역시 중구 병영2동,1584947.0,비연안,False,OBSERVED,True,울산광역시,중구,병영2동,,,,,,,비연안,False,heatmap
울산광역시 중구 복산동,1547094.0,비연안,False,OBSERVED,True,울산광역시,중구,복산동,,,,,,,비연안,False,heatmap
울산광역시 중구 성안동,3032228.0,비연안,False,OBSERVED,True,울산광역시,중구,성안동,,,,,,,비연안,False,heatmap
울산광역시 중구 약사동,635502.0,비연안,False,OBSERVED,True,울산광역시,중구,약사동,,,,,,,비연안,False,heatmap
울산광역시 중구 우정동,2676342.0,비연안,False,OBSERVED,True,울산광역시,중구,우정동,,,,,,,비연안,False,heatmap
울산광역시 중구 중앙동,5480010.0,비연안,False,OBSERVED,True,울산광역시,중구,중앙동,,,,,,,비연안,False,heatmap
울산광역시 중구 태화동,4366086.0,비연안,False,OBSERVED,True,울산광역시,중구,태화동,,,,,,,비연안,False,heatmap
울산광역시 중구 학성동,922400.0,비연안,False,OBSERVED,True,울산광역시,중구,학성동,,,,,,,비연안,False,heatmap
인천광역시 강화군 강화읍,5311299.0,연안 어촌,False,OBSERVED,True,인천광역시,강화군,강화읍,,,,,,,연안 어촌,False,heatmap
인천광역시 강화군 교동면,1353856.0,연안 어촌,False,OBSERVED,True,인천광역시,강화군,교동면,,,,,,,연안 어촌,False,heatmap
인천광역시 강화군 길상면,5305170.0,연안 어촌,False,OBSERVED,True,인천광역시,강화군,길상면,,,,,,,연안 어촌,False,heatmap
인천광역시 강화군 내가면,1737001.0,연안 어촌,False,OBSERVED,True,인천광역시,강화군,내가면,,,,,,,연안 어촌,False,heatmap
인천광역시 강화군 불은면,1489481.0,연안 어촌,False,OBSERVED,True,인천광역시,강화군,불은면,,,,,,,연안 어촌,False,heatmap
인천광역시 강화군 삼산면,1974046.0,연안 어촌,False,OBSERVED,True,인천광역시,강화군,삼산면,,,,,,,연안 어촌,False,heatmap
인천광역시 강화군 서도면,192314.0,연안 어촌,False,OBSERVED,True,인천광역시,강화군,서도면,,,,,,,연안 어촌,False,heatmap
인천광역시 강화군 선원면,2160928.0,연안 어촌,False,OBSERVED,True,인천광역시,강화군,선원면,,,,,,,연안 어촌,False,heatmap
인천광역시 강화군 송해면,748674.0,연안 어촌,False,OBSERVED,True,인천광역시,강화군,송해면,,,,,,,연안 어촌,False,heatmap
인천광역시 강화군 양도면,1434601.0,연안 어촌,False,OBSERVED,True,인천광역시,강화군,양도면,,,,,,,연안 어촌,False,heatmap
인천광역시 강화군 양사면,715638.0,연안 어촌,False,OBSERVED,True,인천광역시,강화군,양사면,,,,,,,연안 어촌,False,heatmap
인천광역시 강화군 하점면,1292102.0,연안 어촌,False,OBSERVED,True,인천광역시,강화군,하점면,,,,,,,연안 어촌,False,heatmap
인천광역시 강화군 화도면,3592586.0,연안 어촌,False,OBSERVED,True,인천광역시,강화군,화도면,,,,,,,연안 어촌,False,heatmap
인천광역시 검단구 검단동,2030518.0,비연안,False,OBSERVED,True,인천광역시,검단구,검단동,,,,,,,비연안,False,heatmap
인천광역시 검단구 당하동,3310052.0,비연안,False,OBSERVED,True,인천광역시,검단구,당하동,,,,,,,비연안,False,heatmap
인천광역시 검단구 마전동,1579809.0,비연안,False,OBSERVED,True,인천광역시,검단구,마전동,,,,,,,비연안,False,heatmap
인천광역시 검단구 불로대곡동,2467934.0,비연안,False,OBSERVED,True,인천광역시,검단구,불로대곡동,,,,,,,비연안,False,heatmap
인천광역시 검단구 아라1동,1011832.0,비연안,False,OBSERVED,True,인천광역시,검단구,아라1동,,,,,,,비연안,False,heatmap
인천광역시 검단구 아라2동,1242535.0,비연안,False,OBSERVED,True,인천광역시,검단구,아라2동,,,,,,,비연안,False,heatmap
인천광역시 검단구 오류왕길동,12573484.0,연안 도시,False,OBSERVED,True,인천광역시,검단구,오류왕길동,,,,,,,연안 도시,False,heatmap
인천광역시 검단구 원당동,1492886.0,비연안,False,OBSERVED,True,인천광역시,검단구,원당동,,,,,,,비연안,False,heatmap
인천광역시 계양구 계산1동,3216115.0,비연안,False,OBSERVED,True,인천광역시,계양구,계산1동,,,,,,,비연안,False,heatmap
인천광역시 계양구 계산2동,2638671.0,비연안,False,OBSERVED,True,인천광역시,계양구,계산2동,,,,,,,비연안,False,heatmap
인천광역시 계양구 계산3동,1411952.0,비연안,False,OBSERVED,True,인천광역시,계양구,계산3동,,,,,,,비연안,False,heatmap
인천광역시 계양구 계산4동,4838564.0,비연안,False,OBSERVED,True,인천광역시,계양구,계산4동,,,,,,,비연안,False,heatmap
인천광역시 계양구 계양1동,6949848.0,비연안,False,OBSERVED,True,인천광역시,계양구,계양1동,,,,,,,비연안,False,heatmap
인천광역시 계양구 계양2동,2425157.0,비연안,False,OBSERVED,True,인천광역시,계양구,계양2동,,,,,,,비연안,False,heatmap
인천광역시 계양구 계양3동,3866160.0,비연안,False,OBSERVED,True,인천광역시,계양구,계양3동,,,,,,,비연안,False,heatmap
인천광역시 계양구 작전1동,2390482.0,비연안,False,OBSERVED,True,인천광역시,계양구,작전1동,,,,,,,비연안,False,heatmap
인천광역시 계양구 작전2동,3595176.0,비연안,False,OBSERVED,True,인천광역시,계양구,작전2동,,,,,,,비연안,False,heatmap
인천광역시 계양구 작전서운동,5438668.0,비연안,False,OBSERVED,True,인천광역시,계양구,작전서운동,,,,,,,비연안,False,heatmap
인천광역시 계양구 효성1동,1239973.0,비연안,False,OBSERVED,True,인천광역시,계양구,효성1동,,,,,,,비연안,False,heatmap
인천광역시 계양구 효성2동,2021534.0,비연안,False,OBSERVED,True,인천광역시,계양구,효성2동,,,,,,,비연안,False,heatmap
인천광역시 남동구 간석1동,10855660.0,비연안,False,OBSERVED,True,인천광역시,남동구,간석1동,,,,,,,비연안,False,heatmap
인천광역시 남동구 간석2동,1660729.0,비연안,False,OBSERVED,True,인천광역시,남동구,간석2동,,,,,,,비연안,False,heatmap
인천광역시 남동구 간석3동,1611250.0,비연안,False,OBSERVED,True,인천광역시,남동구,간석3동,,,,,,,비연안,False,heatmap
인천광역시 남동구 간석4동,2055666.0,비연안,False,OBSERVED,True,인천광역시,남동구,간석4동,,,,,,,비연안,False,heatmap
인천광역시 남동구 구월1동,2163452.0,비연안,False,OBSERVED,True,인천광역시,남동구,구월1동,,,,,,,비연안,False,heatmap
인천광역시 남동구 구월2동,1812370.0,비연안,False,OBSERVED,True,인천광역시,남동구,구월2동,,,,,,,비연안,False,heatmap
인천광역시 남동구 구월3동,13918544.0,비연안,False,OBSERVED,True,인천광역시,남동구,구월3동,,,,,,,비연안,False,heatmap
인천광역시 남동구 구월4동,2419305.0,비연안,False,OBSERVED,True,인천광역시,남동구,구월4동,,,,,,,비연안,False,heatmap
인천광역시 남동구 남촌도림동,3835279.0,비연안,False,OBSERVED,True,인천광역시,남동구,남촌도림동,,,,,,,비연안,False,heatmap
인천광역시 남동구 논현1동,5149634.0,연안 도시,False,OBSERVED,True,인천광역시,남동구,논현1동,,,,,,,연안 도시,False,heatmap
인천광역시 남동구 논현2동,4461888.0,비연안,False,OBSERVED,True,인천광역시,남동구,논현2동,,,,,,,비연안,False,heatmap
인천광역시 남동구 논현고잔동,7055244.0,연안 도시,False,OBSERVED,True,인천광역시,남동구,논현고잔동,,,,,,,연안 도시,False,heatmap
인천광역시 남동구 만수1동,1222420.0,비연안,False,OBSERVED,True,인천광역시,남동구,만수1동,,,,,,,비연안,False,heatmap
인천광역시 남동구 만수2동,973742.0,비연안,False,OBSERVED,True,인천광역시,남동구,만수2동,,,,,,,비연안,False,heatmap
인천광역시 남동구 만수3동,534058.0,비연안,False,OBSERVED,True,인천광역시,남동구,만수3동,,,,,,,비연안,False,heatmap
인천광역시 남동구 만수4동,663772.0,비연안,False,OBSERVED,True,인천광역시,남동구,만수4동,,,,,,,비연안,False,heatmap
인천광역시 남동구 만수5동,1590936.0,비연안,False,OBSERVED,True,인천광역시,남동구,만수5동,,,,,,,비연안,False,heatmap
인천광역시 남동구 만수6동,1660782.0,비연안,False,OBSERVED,True,인천광역시,남동구,만수6동,,,,,,,비연안,False,heatmap
인천광역시 남동구 서창2동,733674.0,비연안,False,OBSERVED,True,인천광역시,남동구,서창2동,,,,,,,비연안,False,heatmap
인천광역시 남동구 장수서창동,6550562.0,비연안,False,OBSERVED,True,인천광역시,남동구,장수서창동,,,,,,,비연안,False,heatmap
인천광역시 미추홀구 관교동,4022378.0,비연안,False,OBSERVED,True,인천광역시,미추홀구,관교동,,,,,,,비연안,False,heatmap
인천광역시 미추홀구 도화1동,3894499.0,비연안,False,OBSERVED,True,인천광역시,미추홀구,도화1동,,,,,,,비연안,False,heatmap
인천광역시 미추홀구 도화2.3동,2203716.0,비연안,False,OBSERVED,True,인천광역시,미추홀구,도화2.3동,,,,,,,비연안,False,heatmap
인천광역시 미추홀구 문학동,3424904.0,비연안,False,OBSERVED,True,인천광역시,미추홀구,문학동,,,,,,,비연안,False,heatmap
인천광역시 미추홀구 숭의1.3동,2146305.0,비연안,False,OBSERVED,True,인천광역시,미추홀구,숭의1.3동,,,,,,,비연안,False,heatmap
인천광역시 미추홀구 숭의2동,3668196.0,비연안,False,OBSERVED,True,인천광역시,미추홀구,숭의2동,,,,,,,비연안,False,heatmap
인천광역시 미추홀구 숭의4동,1119160.0,비연안,False,OBSERVED,True,인천광역시,미추홀구,숭의4동,,,,,,,비연안,False,heatmap
인천광역시 미추홀구 용현1.4동,3162148.0,비연안,False,OBSERVED,True,인천광역시,미추홀구,용현1.4동,,,,,,,비연안,False,heatmap
인천광역시 미추홀구 용현2동,1326801.0,비연안,False,OBSERVED,True,인천광역시,미추홀구,용현2동,,,,,,,비연안,False,heatmap
인천광역시 미추홀구 용현3동,776688.0,비연안,False,OBSERVED,True,인천광역시,미추홀구,용현3동,,,,,,,비연안,False,heatmap
인천광역시 미추홀구 용현5동,2942356.0,비연안,False,OBSERVED,True,인천광역시,미추홀구,용현5동,,,,,,,비연안,False,heatmap
인천광역시 미추홀구 주안1동,6897163.0,비연안,False,OBSERVED,True,인천광역시,미추홀구,주안1동,,,,,,,비연안,False,heatmap
인천광역시 미추홀구 주안2동,2092209.0,비연안,False,OBSERVED,True,인천광역시,미추홀구,주안2동,,,,,,,비연안,False,heatmap
인천광역시 미추홀구 주안3동,1059744.0,비연안,False,OBSERVED,True,인천광역시,미추홀구,주안3동,,,,,,,비연안,False,heatmap
인천광역시 미추홀구 주안4동,2393489.0,비연안,False,OBSERVED,True,인천광역시,미추홀구,주안4동,,,,,,,비연안,False,heatmap
인천광역시 미추홀구 주안5동,2560884.0,비연안,False,OBSERVED,True,인천광역시,미추홀구,주안5동,,,,,,,비연안,False,heatmap
인천광역시 미추홀구 주안6동,3348086.0,비연안,False,OBSERVED,True,인천광역시,미추홀구,주안6동,,,,,,,비연안,False,heatmap
인천광역시 미추홀구 주안7동,2406996.0,비연안,False,OBSERVED,True,인천광역시,미추홀구,주안7동,,,,,,,비연안,False,heatmap
인천광역시 미추홀구 주안8동,2164186.0,비연안,False,OBSERVED,True,인천광역시,미추홀구,주안8동,,,,,,,비연안,False,heatmap
인천광역시 미추홀구 학익1동,5447390.0,비연안,False,OBSERVED,True,인천광역시,미추홀구,학익1동,,,,,,,비연안,False,heatmap
인천광역시 미추홀구 학익2동,2237599.0,비연안,False,OBSERVED,True,인천광역시,미추홀구,학익2동,,,,,,,비연안,False,heatmap
인천광역시 부평구 갈산1동,1411798.0,비연안,False,OBSERVED,True,인천광역시,부평구,갈산1동,,,,,,,비연안,False,heatmap
인천광역시 부평구 갈산2동,2569486.0,비연안,False,OBSERVED,True,인천광역시,부평구,갈산2동,,,,,,,비연안,False,heatmap
인천광역시 부평구 부개1동,1132026.0,비연안,False,OBSERVED,True,인천광역시,부평구,부개1동,,,,,,,비연안,False,heatmap
인천광역시 부평구 부개2동,1337000.0,비연안,False,OBSERVED,True,인천광역시,부평구,부개2동,,,,,,,비연안,False,heatmap
인천광역시 부평구 부개3동,3187590.0,비연안,False,OBSERVED,True,인천광역시,부평구,부개3동,,,,,,,비연안,False,heatmap
인천광역시 부평구 부평1동,9945772.0,비연안,False,OBSERVED,True,인천광역시,부평구,부평1동,,,,,,,비연안,False,heatmap
인천광역시 부평구 부평2동,2349977.0,비연안,False,OBSERVED,True,인천광역시,부평구,부평2동,,,,,,,비연안,False,heatmap
인천광역시 부평구 부평3동,2196180.0,비연안,False,OBSERVED,True,인천광역시,부평구,부평3동,,,,,,,비연안,False,heatmap
인천광역시 부평구 부평4동,5440575.0,비연안,False,OBSERVED,True,인천광역시,부평구,부평4동,,,,,,,비연안,False,heatmap
인천광역시 부평구 부평5동,8550115.0,비연안,False,OBSERVED,True,인천광역시,부평구,부평5동,,,,,,,비연안,False,heatmap
인천광역시 부평구 부평6동,2176464.0,비연안,False,OBSERVED,True,인천광역시,부평구,부평6동,,,,,,,비연안,False,heatmap
인천광역시 부평구 산곡1동,566982.0,비연안,False,OBSERVED,True,인천광역시,부평구,산곡1동,,,,,,,비연안,False,heatmap
인천광역시 부평구 산곡2동,1279474.0,비연안,False,OBSERVED,True,인천광역시,부평구,산곡2동,,,,,,,비연안,False,heatmap
인천광역시 부평구 산곡3동,941304.0,비연안,False,OBSERVED,True,인천광역시,부평구,산곡3동,,,,,,,비연안,False,heatmap
인천광역시 부평구 산곡4동,5660876.0,비연안,False,OBSERVED,True,인천광역시,부평구,산곡4동,,,,,,,비연안,False,heatmap
인천광역시 부평구 삼산1동,3152888.0,비연안,False,OBSERVED,True,인천광역시,부평구,삼산1동,,,,,,,비연안,False,heatmap
인천광역시 부평구 삼산2동,2992045.0,비연안,False,OBSERVED,True,인천광역시,부평구,삼산2동,,,,,,,비연안,False,heatmap
인천광역시 부평구 십정1동,2034232.0,비연안,False,OBSERVED,True,인천광역시,부평구,십정1동,,,,,,,비연안,False,heatmap
인천광역시 부평구 십정2동,2363977.0,비연안,False,OBSERVED,True,인천광역시,부평구,십정2동,,,,,,,비연안,False,heatmap
인천광역시 부평구 일신동,1617802.0,비연안,False,OBSERVED,True,인천광역시,부평구,일신동,,,,,,,비연안,False,heatmap
인천광역시 부평구 청천1동,1455657.0,비연안,False,OBSERVED,True,인천광역시,부평구,청천1동,,,,,,,비연안,False,heatmap
인천광역시 부평구 청천2동,3341401.0,비연안,False,OBSERVED,True,인천광역시,부평구,청천2동,,,,,,,비연안,False,heatmap
인천광역시 서해구 가정1동,2706774.0,비연안,False,OBSERVED,True,인천광역시,서해구,가정1동,,,,,,,비연안,False,heatmap
인천광역시 서해구 가정2동,712806.0,비연안,False,OBSERVED,True,인천광역시,서해구,가정2동,,,,,,,비연안,False,heatmap
인천광역시 서해구 가정3동,264614.0,비연안,False,OBSERVED,True,인천광역시,서해구,가정3동,,,,,,,비연안,False,heatmap
인천광역시 서해구 가좌1동,3892784.0,연안 도시,False,OBSERVED,True,인천광역시,서해구,가좌1동,,,,,,,연안 도시,False,heatmap
인천광역시 서해구 가좌2동,1539601.0,비연안,False,OBSERVED,True,인천광역시,서해구,가좌2동,,,,,,,비연안,False,heatmap
인천광역시 서해구 가좌3동,2524574.0,비연안,False,OBSERVED,True,인천광역시,서해구,가좌3동,,,,,,,비연안,False,heatmap
인천광역시 서해구 가좌4동,682034.0,비연안,False,OBSERVED,True,인천광역시,서해구,가좌4동,,,,,,,비연안,False,heatmap
인천광역시 서해구 검암경서동,6598732.0,비연안,False,OBSERVED,True,인천광역시,서해구,검암경서동,,,,,,,비연안,False,heatmap
인천광역시 서해구 석남1동,2245796.0,비연안,False,OBSERVED,True,인천광역시,서해구,석남1동,,,,,,,비연안,False,heatmap
인천광역시 서해구 석남2동,5095360.0,연안 도시,False,OBSERVED,True,인천광역시,서해구,석남2동,,,,,,,연안 도시,False,heatmap
인천광역시 서해구 석남3동,665080.0,비연안,False,OBSERVED,True,인천광역시,서해구,석남3동,,,,,,,비연안,False,heatmap
인천광역시 서해구 신현원창동,4262604.0,연안 도시,False,OBSERVED,True,인천광역시,서해구,신현원창동,,,,,,,연안 도시,False,heatmap
인천광역시 서해구 연희동,8876396.0,비연안,False,OBSERVED,True,인천광역시,서해구,연희동,,,,,,,비연안,False,heatmap
인천광역시 서해구 청라1동,4125502.0,비연안,False,OBSERVED,True,인천광역시,서해구,청라1동,,,,,,,비연안,False,heatmap
인천광역시 서해구 청라2동,3824586.0,비연안,False,OBSERVED,True,인천광역시,서해구,청라2동,,,,,,,비연안,False,heatmap
인천광역시 서해구 청라3동,5136383.0,연안 도시,False,OBSERVED,True,인천광역시,서해구,청라3동,,,,,,,연안 도시,False,heatmap
인천광역시 연수구 동춘1동,3961744.0,비연안,False,OBSERVED,True,인천광역시,연수구,동춘1동,,,,,,,비연안,False,heatmap
인천광역시 연수구 동춘2동,1260833.0,비연안,False,OBSERVED,True,인천광역시,연수구,동춘2동,,,,,,,비연안,False,heatmap
인천광역시 연수구 동춘3동,1592356.0,비연안,False,OBSERVED,True,인천광역시,연수구,동춘3동,,,,,,,비연안,False,heatmap
인천광역시 연수구 선학동,2770061.0,비연안,False,OBSERVED,True,인천광역시,연수구,선학동,,,,,,,비연안,False,heatmap
인천광역시 연수구 송도1동,14768152.0,연안 도시,False,OBSERVED,True,인천광역시,연수구,송도1동,,,,,,,연안 도시,False,heatmap
인천광역시 연수구 송도2동,3635044.0,비연안,False,OBSERVED,True,인천광역시,연수구,송도2동,,,,,,,비연안,False,heatmap
인천광역시 연수구 송도3동,10788876.0,연안 도시,False,OBSERVED,True,인천광역시,연수구,송도3동,,,,,,,연안 도시,False,heatmap
인천광역시 연수구 송도4동,4350986.0,연안 도시,False,OBSERVED,True,인천광역시,연수구,송도4동,,,,,,,연안 도시,False,heatmap
인천광역시 연수구 송도5동,1806970.0,연안 도시,False,OBSERVED,True,인천광역시,연수구,송도5동,,,,,,,연안 도시,False,heatmap
인천광역시 연수구 연수1동,1944544.0,비연안,False,OBSERVED,True,인천광역시,연수구,연수1동,,,,,,,비연안,False,heatmap
인천광역시 연수구 연수2동,5449157.0,비연안,False,OBSERVED,True,인천광역시,연수구,연수2동,,,,,,,비연안,False,heatmap
인천광역시 연수구 연수3동,2231232.0,비연안,False,OBSERVED,True,인천광역시,연수구,연수3동,,,,,,,비연안,False,heatmap
인천광역시 연수구 옥련1동,9787060.0,연안 도시,False,OBSERVED,True,인천광역시,연수구,옥련1동,,,,,,,연안 도시,False,heatmap
인천광역시 연수구 옥련2동,3157522.0,연안 도시,False,OBSERVED,True,인천광역시,연수구,옥련2동,,,,,,,연안 도시,False,heatmap
인천광역시 연수구 청학동,2280512.0,비연안,False,OBSERVED,True,인천광역시,연수구,청학동,,,,,,,비연안,False,heatmap
인천광역시 영종구 영종1동,3180121.0,연안 도시,False,OBSERVED,True,인천광역시,영종구,영종1동,,,,,,,연안 도시,False,heatmap
인천광역시 영종구 영종2동,5004510.0,연안 도시,False,OBSERVED,True,인천광역시,영종구,영종2동,,,,,,,연안 도시,False,heatmap
인천광역시 영종구 영종동,9410744.0,연안 도시,False,OBSERVED,True,인천광역시,영종구,영종동,,,,,,,연안 도시,False,heatmap
인천광역시 영종구 용유동,12587169.0,연안 도시,False,OBSERVED,True,인천광역시,영종구,용유동,,,,,,,연안 도시,False,heatmap
인천광역시 영종구 운서1동,37605694.0,연안 도시,False,OBSERVED,True,인천광역시,영종구,운서1동,,,,,,,연안 도시,False,heatmap
인천광역시 영종구 운서2동,1904010.0,연안 도시,False,OBSERVED,True,인천광역시,영종구,운서2동,,,,,,,연안 도시,False,heatmap
인천광역시 옹진군 대청면,580030.0,연안 어촌,False,OBSERVED,True,인천광역시,옹진군,대청면,,,,,,,연안 어촌,False,heatmap
인천광역시 옹진군 덕적면,1048306.0,연안 어촌,False,OBSERVED,True,인천광역시,옹진군,덕적면,,,,,,,연안 어촌,False,heatmap
인천광역시 옹진군 백령면,743897.0,연안 어촌,False,OBSERVED,True,인천광역시,옹진군,백령면,,,,,,,연안 어촌,False,heatmap
인천광역시 옹진군 북도면,902262.0,연안 어촌,False,OBSERVED,True,인천광역시,옹진군,북도면,902261.0,547144.0,39.36,64.90375477022504,2.0,연안 어촌,연안 어촌,False,heatmap_and_selected_top5
인천광역시 옹진군 연평면,625009.0,연안 어촌,False,OBSERVED,True,인천광역시,옹진군,연평면,,,,,,,연안 어촌,False,heatmap
인천광역시 옹진군 영흥면,3998054.0,연안 어촌,False,OBSERVED,True,인천광역시,옹진군,영흥면,,,,,,,연안 어촌,False,heatmap
인천광역시 옹진군 자월면,856964.0,연안 어촌,False,OBSERVED,True,인천광역시,옹진군,자월면,,,,,,,연안 어촌,False,heatmap
인천광역시 제물포구 개항동,5596640.0,연안 도시,False,OBSERVED,True,인천광역시,제물포구,개항동,,,,,,,연안 도시,False,heatmap
인천광역시 제물포구 금창동,1002050.0,비연안,False,OBSERVED,True,인천광역시,제물포구,금창동,,,,,,,비연안,False,heatmap
인천광역시 제물포구 도원동,711235.0,비연안,False,OBSERVED,True,인천광역시,제물포구,도원동,,,,,,,비연안,False,heatmap
인천광역시 제물포구 동인천동,4631630.0,비연안,False,OBSERVED,True,인천광역시,제물포구,동인천동,,,,,,,비연안,False,heatmap
인천광역시 제물포구 만석동,1092574.0,연안 도시,False,OBSERVED,True,인천광역시,제물포구,만석동,,,,,,,연안 도시,False,heatmap
인천광역시 제물포구 송림1동,1149071.0,비연안,False,OBSERVED,True,인천광역시,제물포구,송림1동,,,,,,,비연안,False,heatmap
인천광역시 제물포구 송림2동,321818.0,비연안,False,OBSERVED,True,인천광역시,제물포구,송림2동,,,,,,,비연안,False,heatmap
인천광역시 제물포구 송림3.5동,858176.0,비연안,False,OBSERVED,True,인천광역시,제물포구,송림3.5동,,,,,,,비연안,False,heatmap
인천광역시 제물포구 송림4동,1399356.0,비연안,False,OBSERVED,True,인천광역시,제물포구,송림4동,,,,,,,비연안,False,heatmap
인천광역시 제물포구 송림6동,959038.0,비연안,False,OBSERVED,True,인천광역시,제물포구,송림6동,,,,,,,비연안,False,heatmap
인천광역시 제물포구 송현1.2동,1355984.0,비연안,False,OBSERVED,True,인천광역시,제물포구,송현1.2동,,,,,,,비연안,False,heatmap
인천광역시 제물포구 송현3동,1054529.0,연안 도시,False,OBSERVED,True,인천광역시,제물포구,송현3동,,,,,,,연안 도시,False,heatmap
인천광역시 제물포구 신포동,6472053.0,연안 도시,False,OBSERVED,True,인천광역시,제물포구,신포동,,,,,,,연안 도시,False,heatmap
인천광역시 제물포구 신흥동,3721403.0,연안 도시,False,OBSERVED,True,인천광역시,제물포구,신흥동,,,,,,,연안 도시,False,heatmap
인천광역시 제물포구 연안동,6849790.0,연안 도시,False,OBSERVED,True,인천광역시,제물포구,연안동,,,,,,,연안 도시,False,heatmap
인천광역시 제물포구 율목동,338541.0,비연안,False,OBSERVED,True,인천광역시,제물포구,율목동,,,,,,,비연안,False,heatmap
인천광역시 제물포구 화수1.화평동,509198.0,비연안,False,OBSERVED,True,인천광역시,제물포구,화수1.화평동,,,,,,,비연안,False,heatmap
인천광역시 제물포구 화수2동,1067854.0,연안 도시,False,OBSERVED,True,인천광역시,제물포구,화수2동,,,,,,,연안 도시,False,heatmap
전남광주통합특별시 강진군 강진읍,2756558.0,연안 어촌,False,OBSERVED,True,전남광주통합특별시,강진군,강진읍,,,,,,,연안 어촌,False,heatmap
전남광주통합특별시 강진군 군동면,938308.0,비연안,False,OBSERVED,True,전남광주통합특별시,강진군,군동면,,,,,,,비연안,False,heatmap
전남광주통합특별시 강진군 대구면,663488.0,연안 어촌,False,OBSERVED,True,전남광주통합특별시,강진군,대구면,,,,,,,연안 어촌,False,heatmap
전남광주통합특별시 강진군 도암면,764046.0,연안 어촌,False,OBSERVED,True,전남광주통합특별시,강진군,도암면,,,,,,,연안 어촌,False,heatmap
전남광주통합특별시 강진군 마량면,616301.0,연안 어촌,False,OBSERVED,True,전남광주통합특별시,강진군,마량면,,,,,,,연안 어촌,False,heatmap
전남광주통합특별시 강진군 병영면,336956.0,비연안,False,OBSERVED,True,전남광주통합특별시,강진군,병영면,,,,,,,비연안,False,heatmap
전남광주통합특별시 강진군 성전면,882966.0,비연안,False,OBSERVED,True,전남광주통합특별시,강진군,성전면,,,,,,,비연안,False,heatmap
전남광주통합특별시 강진군 신전면,329430.0,연안 어촌,False,OBSERVED,True,전남광주통합특별시,강진군,신전면,,,,,,,연안 어촌,False,heatmap
전남광주통합특별시 강진군 옴천면,66146.0,비연안,False,OBSERVED,True,전남광주통합특별시,강진군,옴천면,,,,,,,비연안,False,heatmap
전남광주통합특별시 강진군 작천면,257894.0,비연안,False,OBSERVED,True,전남광주통합특별시,강진군,작천면,,,,,,,비연안,False,heatmap
전남광주통합특별시 강진군 칠량면,291466.0,연안 어촌,False,OBSERVED,True,전남광주통합특별시,강진군,칠량면,,,,,,,연안 어촌,False,heatmap
전남광주통합특별시 고흥군 고흥읍,1393872.0,비연안,False,OBSERVED,True,전남광주통합특별시,고흥군,고흥읍,,,,,,,비연안,False,heatmap
전남광주통합특별시 고흥군 과역면,412842.0,연안 어촌,False,OBSERVED,True,전남광주통합특별시,고흥군,과역면,,,,,,,연안 어촌,False,heatmap
전남광주통합특별시 고흥군 금산면,841715.0,연안 어촌,False,OBSERVED,True,전남광주통합특별시,고흥군,금산면,,,,,,,연안 어촌,False,heatmap
전남광주통합특별시 고흥군 남양면,306831.0,연안 어촌,False,OBSERVED,True,전남광주통합특별시,고흥군,남양면,,,,,,,연안 어촌,False,heatmap
전남광주통합특별시 고흥군 대서면,224903.0,연안 어촌,False,OBSERVED,True,전남광주통합특별시,고흥군,대서면,,,,,,,연안 어촌,False,heatmap
전남광주통합특별시 고흥군 도덕면,490931.0,연안 어촌,False,OBSERVED,True,전남광주통합특별시,고흥군,도덕면,,,,,,,연안 어촌,False,heatmap
전남광주통합특별시 고흥군 도양읍,2059729.0,연안 어촌,False,OBSERVED,True,전남광주통합특별시,고흥군,도양읍,,,,,,,연안 어촌,False,heatmap
전남광주통합특별시 고흥군 도화면,403322.0,연안 어촌,False,OBSERVED,True,전남광주통합특별시,고흥군,도화면,,,,,,,연안 어촌,False,heatmap
전남광주통합특별시 고흥군 동강면,401720.0,연안 어촌,False,OBSERVED,True,전남광주통합특별시,고흥군,동강면,,,,,,,연안 어촌,False,heatmap
전남광주통합특별시 고흥군 동일면,351578.0,연안 어촌,False,OBSERVED,True,전남광주통합특별시,고흥군,동일면,,,,,,,연안 어촌,False,heatmap
전남광주통합특별시 고흥군 두원면,482822.0,연안 어촌,False,OBSERVED,True,전남광주통합특별시,고흥군,두원면,,,,,,,연안 어촌,False,heatmap
전남광주통합특별시 고흥군 봉래면,822930.0,연안 어촌,False,OBSERVED,True,전남광주통합특별시,고흥군,봉래면,,,,,,,연안 어촌,False,heatmap
전남광주통합특별시 고흥군 영남면,494459.0,연안 어촌,False,OBSERVED,True,전남광주통합특별시,고흥군,영남면,,,,,,,연안 어촌,False,heatmap
전남광주통합특별시 고흥군 점암면,330848.0,연안 어촌,False,OBSERVED,True,전남광주통합특별시,고흥군,점암면,,,,,,,연안 어촌,False,heatmap
전남광주통합특별시 고흥군 포두면,511872.0,연안 어촌,False,OBSERVED,True,전남광주통합특별시,고흥군,포두면,,,,,,,연안 어촌,False,heatmap
전남광주통합특별시 고흥군 풍양면,283528.0,연안 어촌,False,OBSERVED,True,전남광주통합특별시,고흥군,풍양면,,,,,,,연안 어촌,False,heatmap
전남광주통합특별시 곡성군 겸면,594979.0,비연안,False,OBSERVED,True,전남광주통합특별시,곡성군,겸면,,,,,,,비연안,False,heatmap
전남광주통합특별시 곡성군 고달면,169029.0,비연안,False,OBSERVED,True,전남광주통합특별시,곡성군,고달면,,,,,,,비연안,False,heatmap
전남광주통합특별시 곡성군 곡성읍,1438444.0,비연안,False,OBSERVED,True,전남광주통합특별시,곡성군,곡성읍,,,,,,,비연안,False,heatmap
전남광주통합특별시 곡성군 목사동면,147648.0,비연안,False,OBSERVED,True,전남광주통합특별시,곡성군,목사동면,,,,,,,비연안,False,heatmap
전남광주통합특별시 곡성군 삼기면,198670.0,비연안,False,OBSERVED,True,전남광주통합특별시,곡성군,삼기면,,,,,,,비연안,False,heatmap
전남광주통합특별시 곡성군 석곡면,540421.0,비연안,False,OBSERVED,True,전남광주통합특별시,곡성군,석곡면,,,,,,,비연안,False,heatmap
전남광주통합특별시 곡성군 오곡면,1259346.0,비연안,False,OBSERVED,True,전남광주통합특별시,곡성군,오곡면,,,,,,,비연안,False,heatmap
전남광주통합특별시 곡성군 오산면,382683.0,비연안,False,OBSERVED,True,전남광주통합특별시,곡성군,오산면,,,,,,,비연안,False,heatmap
전남광주통합특별시 곡성군 옥과면,1035654.0,비연안,False,OBSERVED,True,전남광주통합특별시,곡성군,옥과면,,,,,,,비연안,False,heatmap
전남광주통합특별시 곡성군 입면,379690.0,비연안,False,OBSERVED,True,전남광주통합특별시,곡성군,입면,,,,,,,비연안,False,heatmap
전남광주통합특별시 곡성군 죽곡면,390820.0,비연안,False,OBSERVED,True,전남광주통합특별시,곡성군,죽곡면,,,,,,,비연안,False,heatmap
전남광주통합특별시 광산구 도산동,1250960.0,비연안,False,OBSERVED,True,전남광주통합특별시,광산구,도산동,,,,,,,비연안,False,heatmap
전남광주통합특별시 광산구 동곡동,572100.0,비연안,False,OBSERVED,True,전남광주통합특별시,광산구,동곡동,,,,,,,비연안,False,heatmap
전남광주통합특별시 광산구 본량동,347708.0,비연안,False,OBSERVED,True,전남광주통합특별시,광산구,본량동,,,,,,,비연안,False,heatmap
전남광주통합특별시 광산구 비아동,2459212.0,비연안,False,OBSERVED,True,전남광주통합특별시,광산구,비아동,,,,,,,비연안,False,heatmap
전남광주통합특별시 광산구 삼도동,713349.0,비연안,False,OBSERVED,True,전남광주통합특별시,광산구,삼도동,,,,,,,비연안,False,heatmap
전남광주통합특별시 광산구 송정1동,855694.0,비연안,False,OBSERVED,True,전남광주통합특별시,광산구,송정1동,,,,,,,비연안,False,heatmap
전남광주통합특별시 광산구 송정2동,6369664.0,비연안,False,OBSERVED,True,전남광주통합특별시,광산구,송정2동,,,,,,,비연안,False,heatmap
전남광주통합특별시 광산구 수완동,7245074.0,비연안,False,OBSERVED,True,전남광주통합특별시,광산구,수완동,,,,,,,비연안,False,heatmap
전남광주통합특별시 광산구 신가동,1406209.0,비연안,False,OBSERVED,True,전남광주통합특별시,광산구,신가동,,,,,,,비연안,False,heatmap
전남광주통합특별시 광산구 신창동,3373104.0,비연안,False,OBSERVED,True,전남광주통합특별시,광산구,신창동,,,,,,,비연안,False,heatmap
전남광주통합특별시 광산구 신흥동,1808894.0,비연안,False,OBSERVED,True,전남광주통합특별시,광산구,신흥동,,,,,,,비연안,False,heatmap
전남광주통합특별시 광산구 어룡동,3944675.0,비연안,False,OBSERVED,True,전남광주통합특별시,광산구,어룡동,,,,,,,비연안,False,heatmap
전남광주통합특별시 광산구 우산동,8442690.0,비연안,False,OBSERVED,True,전남광주통합특별시,광산구,우산동,,,,,,,비연안,False,heatmap
전남광주통합특별시 광산구 운남동,1470959.0,비연안,False,OBSERVED,True,전남광주통합특별시,광산구,운남동,,,,,,,비연안,False,heatmap
전남광주통합특별시 광산구 월곡1동,407099.0,비연안,False,OBSERVED,True,전남광주통합특별시,광산구,월곡1동,,,,,,,비연안,False,heatmap
전남광주통합특별시 광산구 월곡2동,2465400.0,비연안,False,OBSERVED,True,전남광주통합특별시,광산구,월곡2동,,,,,,,비연안,False,heatmap
전남광주통합특별시 광산구 임곡동,471236.0,비연안,False,OBSERVED,True,전남광주통합특별시,광산구,임곡동,,,,,,,비연안,False,heatmap
전남광주통합특별시 광산구 첨단1동,4176858.0,비연안,False,OBSERVED,True,전남광주통합특별시,광산구,첨단1동,,,,,,,비연안,False,heatmap
전남광주통합특별시 광산구 첨단2동,8871082.0,비연안,False,OBSERVED,True,전남광주통합특별시,광산구,첨단2동,,,,,,,비연안,False,heatmap
전남광주통합특별시 광산구 평동,2016259.0,비연안,False,OBSERVED,True,전남광주통합특별시,광산구,평동,,,,,,,비연안,False,heatmap
전남광주통합특별시 광산구 하남동,3851022.0,비연안,False,OBSERVED,True,전남광주통합특별시,광산구,하남동,,,,,,,비연안,False,heatmap
전남광주통합특별시 광양시 골약동,1065155.0,연안 도시,False,OBSERVED,True,전남광주통합특별시,광양시,골약동,,,,,,,연안 도시,False,heatmap
전남광주통합특별시 광양시 광양읍,5602744.0,연안 어촌,False,OBSERVED,True,전남광주통합특별시,광양시,광양읍,,,,,,,연안 어촌,False,heatmap
전남광주통합특별시 광양시 광영동,552048.0,연안 도시,False,OBSERVED,True,전남광주통합특별시,광양시,광영동,,,,,,,연안 도시,False,heatmap
전남광주통합특별시 광양시 금호동,1353009.0,연안 도시,False,OBSERVED,True,전남광주통합특별시,광양시,금호동,,,,,,,연안 도시,False,heatmap
전남광주통합특별시 광양시 다압면,862183.0,비연안,False,OBSERVED,True,전남광주통합특별시,광양시,다압면,,,,,,,비연안,False,heatmap
전남광주통합특별시 광양시 봉강면,408996.0,비연안,False,OBSERVED,True,전남광주통합특별시,광양시,봉강면,,,,,,,비연안,False,heatmap
전남광주통합특별시 광양시 옥곡면,413466.0,비연안,False,OBSERVED,True,전남광주통합특별시,광양시,옥곡면,,,,,,,비연안,False,heatmap
전남광주통합특별시 광양시 옥룡면,621540.0,비연안,False,OBSERVED,True,전남광주통합특별시,광양시,옥룡면,,,,,,,비연안,False,heatmap
전남광주통합특별시 광양시 중마동,4081486.0,연안 도시,False,OBSERVED,True,전남광주통합특별시,광양시,중마동,,,,,,,연안 도시,False,heatmap
전남광주통합특별시 광양시 진상면,254054.0,비연안,False,OBSERVED,True,전남광주통합특별시,광양시,진상면,,,,,,,비연안,False,heatmap
전남광주통합특별시 광양시 진월면,1273842.0,연안 어촌,False,OBSERVED,True,전남광주통합특별시,광양시,진월면,,,,,,,연안 어촌,False,heatmap
전남광주통합특별시 광양시 태인동,539098.0,연안 도시,False,OBSERVED,True,전남광주통합특별시,광양시,태인동,,,,,,,연안 도시,False,heatmap
전남광주통합특별시 구례군 간전면,785687.0,비연안,False,OBSERVED,True,전남광주통합특별시,구례군,간전면,,,,,,,비연안,False,heatmap
전남광주통합특별시 구례군 광의면,921921.0,비연안,False,OBSERVED,True,전남광주통합특별시,구례군,광의면,,,,,,,비연안,False,heatmap
전남광주통합특별시 구례군 구례읍,2612596.0,비연안,False,OBSERVED,True,전남광주통합특별시,구례군,구례읍,,,,,,,비연안,False,heatmap
전남광주통합특별시 구례군 마산면,1359474.0,비연안,False,OBSERVED,True,전남광주통합특별시,구례군,마산면,,,,,,,비연안,False,heatmap
전남광주통합특별시 구례군 문척면,658805.0,비연안,False,OBSERVED,True,전남광주통합특별시,구례군,문척면,,,,,,,비연안,False,heatmap
전남광주통합특별시 구례군 산동면,1731068.0,비연안,False,OBSERVED,True,전남광주통합특별시,구례군,산동면,,,,,,,비연안,False,heatmap
전남광주통합특별시 구례군 용방면,437556.0,비연안,False,OBSERVED,True,전남광주통합특별시,구례군,용방면,,,,,,,비연안,False,heatmap
전남광주통합특별시 구례군 토지면,1111582.0,비연안,False,OBSERVED,True,전남광주통합특별시,구례군,토지면,,,,,,,비연안,False,heatmap
전남광주통합특별시 나주시 공산면,410634.0,비연안,False,OBSERVED,True,전남광주통합특별시,나주시,공산면,,,,,,,비연안,False,heatmap
전남광주통합특별시 나주시 금남동,1323399.0,비연안,False,OBSERVED,True,전남광주통합특별시,나주시,금남동,,,,,,,비연안,False,heatmap
전남광주통합특별시 나주시 금천면,830144.0,비연안,False,OBSERVED,True,전남광주통합특별시,나주시,금천면,,,,,,,비연안,False,heatmap
전남광주통합특별시 나주시 남평읍,1820248.0,비연안,False,OBSERVED,True,전남광주통합특별시,나주시,남평읍,,,,,,,비연안,False,heatmap
전남광주통합특별시 나주시 노안면,1043682.0,비연안,False,OBSERVED,True,전남광주통합특별시,나주시,노안면,,,,,,,비연안,False,heatmap
전남광주통합특별시 나주시 다도면,1293002.0,비연안,False,OBSERVED,True,전남광주통합특별시,나주시,다도면,,,,,,,비연안,False,heatmap
전남광주통합특별시 나주시 다시면,562334.0,비연안,False,OBSERVED,True,전남광주통합특별시,나주시,다시면,,,,,,,비연안,False,heatmap
전남광주통합특별시 나주시 동강면,258720.0,비연안,False,OBSERVED,True,전남광주통합특별시,나주시,동강면,,,,,,,비연안,False,heatmap
전남광주통합특별시 나주시 문평면,162404.0,비연안,False,OBSERVED,True,전남광주통합특별시,나주시,문평면,,,,,,,비연안,False,heatmap
전남광주통합특별시 나주시 반남면,292834.0,비연안,False,OBSERVED,True,전남광주통합특별시,나주시,반남면,,,,,,,비연안,False,heatmap
전남광주통합특별시 나주시 봉황면,495960.0,비연안,False,OBSERVED,True,전남광주통합특별시,나주시,봉황면,,,,,,,비연안,False,heatmap
전남광주통합특별시 나주시 빛가람동,4517639.0,비연안,False,OBSERVED,True,전남광주통합특별시,나주시,빛가람동,,,,,,,비연안,False,heatmap
전남광주통합특별시 나주시 산포면,778400.0,비연안,False,OBSERVED,True,전남광주통합특별시,나주시,산포면,,,,,,,비연안,False,heatmap
전남광주통합특별시 나주시 성북동,2927785.0,비연안,False,OBSERVED,True,전남광주통합특별시,나주시,성북동,,,,,,,비연안,False,heatmap
전남광주통합특별시 나주시 세지면,421256.0,비연안,False,OBSERVED,True,전남광주통합특별시,나주시,세지면,,,,,,,비연안,False,heatmap
전남광주통합특별시 나주시 송월동,2011807.0,비연안,False,OBSERVED,True,전남광주통합특별시,나주시,송월동,,,,,,,비연안,False,heatmap
전남광주통합특별시 나주시 영강동,908820.0,비연안,False,OBSERVED,True,전남광주통합특별시,나주시,영강동,,,,,,,비연안,False,heatmap
전남광주통합특별시 나주시 영산동,504948.0,비연안,False,OBSERVED,True,전남광주통합특별시,나주시,영산동,,,,,,,비연안,False,heatmap
전남광주통합특별시 나주시 왕곡면,489216.0,비연안,False,OBSERVED,True,전남광주통합특별시,나주시,왕곡면,,,,,,,비연안,False,heatmap
전남광주통합특별시 나주시 이창동,957268.0,비연안,False,OBSERVED,True,전남광주통합특별시,나주시,이창동,,,,,,,비연안,False,heatmap
전남광주통합특별시 남구 대촌동,1431020.0,비연안,False,OBSERVED,True,전남광주통합특별시,남구,대촌동,,,,,,,비연안,False,heatmap
전남광주통합특별시 남구 방림1동,742536.0,비연안,False,OBSERVED,True,전남광주통합특별시,남구,방림1동,,,,,,,비연안,False,heatmap
전남광주통합특별시 남구 방림2동,513454.0,비연안,False,OBSERVED,True,전남광주통합특별시,남구,방림2동,,,,,,,비연안,False,heatmap
전남광주통합특별시 남구 백운1동,862393.0,비연안,False,OBSERVED,True,전남광주통합특별시,남구,백운1동,,,,,,,비연안,False,heatmap
전남광주통합특별시 남구 백운2동,692926.0,비연안,False,OBSERVED,True,전남광주통합특별시,남구,백운2동,,,,,,,비연안,False,heatmap
전남광주통합특별시 남구 봉선1동,1926508.0,비연안,False,OBSERVED,True,전남광주통합특별시,남구,봉선1동,,,,,,,비연안,False,heatmap
전남광주통합특별시 남구 봉선2동,2696642.0,비연안,False,OBSERVED,True,전남광주통합특별시,남구,봉선2동,,,,,,,비연안,False,heatmap
전남광주통합특별시 남구 사직동,834382.0,비연안,False,OBSERVED,True,전남광주통합특별시,남구,사직동,,,,,,,비연안,False,heatmap
전남광주통합특별시 남구 송암동,2563365.0,비연안,False,OBSERVED,True,전남광주통합특별시,남구,송암동,,,,,,,비연안,False,heatmap
전남광주통합특별시 남구 양림동,2561332.0,비연안,False,OBSERVED,True,전남광주통합특별시,남구,양림동,,,,,,,비연안,False,heatmap
전남광주통합특별시 남구 월산4동,1146866.0,비연안,False,OBSERVED,True,전남광주통합특별시,남구,월산4동,,,,,,,비연안,False,heatmap
전남광주통합특별시 남구 월산5동,688324.0,비연안,False,OBSERVED,True,전남광주통합특별시,남구,월산5동,,,,,,,비연안,False,heatmap
전남광주통합특별시 남구 월산동,806176.0,비연안,False,OBSERVED,True,전남광주통합특별시,남구,월산동,,,,,,,비연안,False,heatmap
전남광주통합특별시 남구 주월1동,2342445.0,비연안,False,OBSERVED,True,전남광주통합특별시,남구,주월1동,,,,,,,비연안,False,heatmap
전남광주통합특별시 남구 주월2동,610740.0,비연안,False,OBSERVED,True,전남광주통합특별시,남구,주월2동,,,,,,,비연안,False,heatmap
전남광주통합특별시 남구 진월동,2536286.0,비연안,False,OBSERVED,True,전남광주통합특별시,남구,진월동,,,,,,,비연안,False,heatmap
전남광주통합특별시 남구 효덕동,1546580.0,비연안,False,OBSERVED,True,전남광주통합특별시,남구,효덕동,,,,,,,비연안,False,heatmap
전남광주통합특별시 담양군 가사문학면,813890.0,비연안,False,OBSERVED,True,전남광주통합특별시,담양군,가사문학면,,,,,,,비연안,False,heatmap
전남광주통합특별시 담양군 고서면,1051858.0,비연안,False,OBSERVED,True,전남광주통합특별시,담양군,고서면,,,,,,,비연안,False,heatmap
전남광주통합특별시 담양군 금성면,1431230.0,비연안,False,OBSERVED,True,전남광주통합특별시,담양군,금성면,,,,,,,비연안,False,heatmap
전남광주통합특별시 담양군 담양읍,7287878.0,비연안,False,OBSERVED,True,전남광주통합특별시,담양군,담양읍,,,,,,,비연안,False,heatmap
전남광주통합특별시 담양군 대덕면,515501.0,비연안,False,OBSERVED,True,전남광주통합특별시,담양군,대덕면,,,,,,,비연안,False,heatmap
전남광주통합특별시 담양군 대전면,1891946.0,비연안,False,OBSERVED,True,전남광주통합특별시,담양군,대전면,,,,,,,비연안,False,heatmap
전남광주통합특별시 담양군 무정면,327565.0,비연안,False,OBSERVED,True,전남광주통합특별시,담양군,무정면,,,,,,,비연안,False,heatmap
전남광주통합특별시 담양군 봉산면,1721727.0,비연안,False,OBSERVED,True,전남광주통합특별시,담양군,봉산면,,,,,,,비연안,False,heatmap
전남광주통합특별시 담양군 수북면,1300806.0,비연안,False,OBSERVED,True,전남광주통합특별시,담양군,수북면,,,,,,,비연안,False,heatmap
전남광주통합특별시 담양군 용면,991403.0,비연안,False,OBSERVED,True,전남광주통합특별시,담양군,용면,,,,,,,비연안,False,heatmap
전남광주통합특별시 담양군 월산면,711571.0,비연안,False,OBSERVED,True,전남광주통합특별시,담양군,월산면,,,,,,,비연안,False,heatmap
전남광주통합특별시 담양군 창평면,1463322.0,비연안,False,OBSERVED,True,전남광주통합특별시,담양군,창평면,,,,,,,비연안,False,heatmap
전남광주통합특별시 동구 계림1동,1801793.0,비연안,False,OBSERVED,True,전남광주통합특별시,동구,계림1동,,,,,,,비연안,False,heatmap
전남광주통합특별시 동구 계림2동,946344.0,비연안,False,OBSERVED,True,전남광주통합특별시,동구,계림2동,,,,,,,비연안,False,heatmap
전남광주통합특별시 동구 동명동,5305671.0,비연안,False,OBSERVED,True,전남광주통합특별시,동구,동명동,,,,,,,비연안,False,heatmap
전남광주통합특별시 동구 산수1동,1124123.0,비연안,False,OBSERVED,True,전남광주통합특별시,동구,산수1동,,,,,,,비연안,False,heatmap
전남광주통합특별시 동구 산수2동,611744.0,비연안,False,OBSERVED,True,전남광주통합특별시,동구,산수2동,,,,,,,비연안,False,heatmap
전남광주통합특별시 동구 서남동,9740255.0,비연안,False,OBSERVED,True,전남광주통합특별시,동구,서남동,,,,,,,비연안,False,heatmap
전남광주통합특별시 동구 지산1동,1097240.0,비연안,False,OBSERVED,True,전남광주통합특별시,동구,지산1동,,,,,,,비연안,False,heatmap
전남광주통합특별시 동구 지산2동,1313592.0,비연안,False,OBSERVED,True,전남광주통합특별시,동구,지산2동,,,,,,,비연안,False,heatmap
전남광주통합특별시 동구 지원1동,907277.0,비연안,False,OBSERVED,True,전남광주통합특별시,동구,지원1동,,,,,,,비연안,False,heatmap
전남광주통합특별시 동구 지원2동,1612296.0,비연안,False,OBSERVED,True,전남광주통합특별시,동구,지원2동,,,,,,,비연안,False,heatmap
전남광주통합특별시 동구 충장동,15952444.0,비연안,False,OBSERVED,True,전남광주통합특별시,동구,충장동,,,,,,,비연안,False,heatmap
전남광주통합특별시 동구 학동,4068530.0,비연안,False,OBSERVED,True,전남광주통합특별시,동구,학동,,,,,,,비연안,False,heatmap
전남광주통합특별시 동구 학운동,2304978.0,비연안,False,OBSERVED,True,전남광주통합특별시,동구,학운동,,,,,,,비연안,False,heatmap
전남광주통합특별시 목포시 대성동,700556.0,비연안,False,OBSERVED,True,전남광주통합특별시,목포시,대성동,,,,,,,비연안,False,heatmap
전남광주통합특별시 목포시 동명동,766314.0,비연안,False,OBSERVED,True,전남광주통합특별시,목포시,동명동,,,,,,,비연안,False,heatmap
전남광주통합특별시 목포시 만호동,3334034.0,연안 도시,False,OBSERVED,True,전남광주통합특별시,목포시,만호동,,,,,,,연안 도시,False,heatmap
전남광주통합특별시 목포시 목원동,3984060.0,비연안,False,OBSERVED,True,전남광주통합특별시,목포시,목원동,,,,,,,비연안,False,heatmap
전남광주통합특별시 목포시 부주동,2230900.0,비연안,False,OBSERVED,True,전남광주통합특별시,목포시,부주동,,,,,,,비연안,False,heatmap
전남광주통합특별시 목포시 부흥동,3050316.0,연안 도시,False,OBSERVED,True,전남광주통합특별시,목포시,부흥동,,,,,,,연안 도시,False,heatmap
전남광주통합특별시 목포시 북항동,2688371.0,연안 도시,False,OBSERVED,True,전남광주통합특별시,목포시,북항동,,,,,,,연안 도시,False,heatmap
전남광주통합특별시 목포시 산정동,504676.0,비연안,False,OBSERVED,True,전남광주통합특별시,목포시,산정동,,,,,,,비연안,False,heatmap
전남광주통합특별시 목포시 삼학동,669809.0,비연안,False,OBSERVED,True,전남광주통합특별시,목포시,삼학동,,,,,,,비연안,False,heatmap
전남광주통합특별시 목포시 삼향동,901366.0,연안 도시,False,OBSERVED,True,전남광주통합특별시,목포시,삼향동,,,,,,,연안 도시,False,heatmap
전남광주통합특별시 목포시 상동,2201210.0,비연안,False,OBSERVED,True,전남광주통합특별시,목포시,상동,,,,,,,비연안,False,heatmap
전남광주통합특별시 목포시 신흥동,7774613.0,연안 도시,False,OBSERVED,True,전남광주통합특별시,목포시,신흥동,,,,,,,연안 도시,False,heatmap
전남광주통합특별시 목포시 연동,1290366.0,비연안,False,OBSERVED,True,전남광주통합특별시,목포시,연동,,,,,,,비연안,False,heatmap
전남광주통합특별시 목포시 연산동,1376837.0,연안 도시,False,OBSERVED,True,전남광주통합특별시,목포시,연산동,,,,,,,연안 도시,False,heatmap
전남광주통합특별시 목포시 옥암동,2146361.0,비연안,False,OBSERVED,True,전남광주통합특별시,목포시,옥암동,,,,,,,비연안,False,heatmap
전남광주통합특별시 목포시 용당1동,967841.0,비연안,False,OBSERVED,True,전남광주통합특별시,목포시,용당1동,,,,,,,비연안,False,heatmap
전남광주통합특별시 목포시 용당2동,748086.0,비연안,False,OBSERVED,True,전남광주통합특별시,목포시,용당2동,,,,,,,비연안,False,heatmap
전남광주통합특별시 목포시 용해동,849292.0,비연안,False,OBSERVED,True,전남광주통합특별시,목포시,용해동,,,,,,,비연안,False,heatmap
전남광주통합특별시 목포시 원산동,1321271.0,비연안,False,OBSERVED,True,전남광주통합특별시,목포시,원산동,,,,,,,비연안,False,heatmap
전남광주통합특별시 목포시 유달동,3035662.0,연안 도시,False,OBSERVED,True,전남광주통합특별시,목포시,유달동,,,,,,,연안 도시,False,heatmap
전남광주통합특별시 목포시 이로동,1024681.0,연안 도시,False,OBSERVED,True,전남광주통합특별시,목포시,이로동,,,,,,,연안 도시,False,heatmap
전남광주통합특별시 목포시 죽교동,1209030.0,연안 도시,False,OBSERVED,True,전남광주통합특별시,목포시,죽교동,,,,,,,연안 도시,False,heatmap
전남광주통합특별시 목포시 하당동,2922776.0,비연안,False,OBSERVED,True,전남광주통합특별시,목포시,하당동,,,,,,,비연안,False,heatmap
전남광주통합특별시 무안군 망운면,680466.0,연안 어촌,False,OBSERVED,True,전남광주통합특별시,무안군,망운면,,,,,,,연안 어촌,False,heatmap
전남광주통합특별시 무안군 몽탄면,421068.0,비연안,False,OBSERVED,True,전남광주통합특별시,무안군,몽탄면,,,,,,,비연안,False,heatmap
전남광주통합특별시 무안군 무안읍,2448492.0,비연안,False,OBSERVED,True,전남광주통합특별시,무안군,무안읍,,,,,,,비연안,False,heatmap
전남광주통합특별시 무안군 삼향읍,9490852.0,연안 어촌,False,OBSERVED,True,전남광주통합특별시,무안군,삼향읍,,,,,,,연안 어촌,False,heatmap
전남광주통합특별시 무안군 운남면,360084.0,연안 어촌,False,OBSERVED,True,전남광주통합특별시,무안군,운남면,,,,,,,연안 어촌,False,heatmap
전남광주통합특별시 무안군 일로읍,2326762.0,비연안,False,OBSERVED,True,전남광주통합특별시,무안군,일로읍,,,,,,,비연안,False,heatmap
전남광주통합특별시 무안군 청계면,1486796.0,연안 어촌,False,OBSERVED,True,전남광주통합특별시,무안군,청계면,,,,,,,연안 어촌,False,heatmap
전남광주통합특별시 무안군 해제면,993286.0,연안 어촌,False,OBSERVED,True,전남광주통합특별시,무안군,해제면,,,,,,,연안 어촌,False,heatmap
전남광주통합특별시 무안군 현경면,812640.0,연안 어촌,False,OBSERVED,True,전남광주통합특별시,무안군,현경면,,,,,,,연안 어촌,False,heatmap
전남광주통합특별시 보성군 겸백면,298557.0,비연안,False,OBSERVED,True,전남광주통합특별시,보성군,겸백면,,,,,,,비연안,False,heatmap
전남광주통합특별시 보성군 노동면,167832.0,비연안,False,OBSERVED,True,전남광주통합특별시,보성군,노동면,,,,,,,비연안,False,heatmap
전남광주통합특별시 보성군 득량면,689588.0,연안 어촌,False,OBSERVED,True,전남광주통합특별시,보성군,득량면,,,,,,,연안 어촌,False,heatmap
전남광주통합특별시 보성군 문덕면,204078.0,비연안,False,OBSERVED,True,전남광주통합특별시,보성군,문덕면,,,,,,,비연안,False,heatmap
전남광주통합특별시 보성군 미력면,408810.0,비연안,False,OBSERVED,True,전남광주통합특별시,보성군,미력면,,,,,,,비연안,False,heatmap
전남광주통합특별시 보성군 벌교읍,2624930.0,연안 어촌,False,OBSERVED,True,전남광주통합특별시,보성군,벌교읍,,,,,,,연안 어촌,False,heatmap
전남광주통합특별시 보성군 보성읍,1679198.0,비연안,False,OBSERVED,True,전남광주통합특별시,보성군,보성읍,,,,,,,비연안,False,heatmap
전남광주통합특별시 보성군 복내면,175896.0,비연안,False,OBSERVED,True,전남광주통합특별시,보성군,복내면,,,,,,,비연안,False,heatmap
전남광주통합특별시 보성군 웅치면,266035.0,비연안,False,OBSERVED,True,전남광주통합특별시,보성군,웅치면,,,,,,,비연안,False,heatmap
전남광주통합특별시 보성군 율어면,122230.0,비연안,False,OBSERVED,True,전남광주통합특별시,보성군,율어면,,,,,,,비연안,False,heatmap
전남광주통합특별시 보성군 조성면,498628.0,연안 어촌,False,OBSERVED,True,전남광주통합특별시,보성군,조성면,,,,,,,연안 어촌,False,heatmap
전남광주통합특별시 보성군 회천면,1480696.0,연안 어촌,False,OBSERVED,True,전남광주통합특별시,보성군,회천면,,,,,,,연안 어촌,False,heatmap
전남광주통합특별시 북구 건국동,7317846.0,비연안,False,OBSERVED,True,전남광주통합특별시,북구,건국동,,,,,,,비연안,False,heatmap
전남광주통합특별시 북구 동림동,3406210.0,비연안,False,OBSERVED,True,전남광주통합특별시,북구,동림동,,,,,,,비연안,False,heatmap
전남광주통합특별시 북구 두암1동,486132.0,비연안,False,OBSERVED,True,전남광주통합특별시,북구,두암1동,,,,,,,비연안,False,heatmap
전남광주통합특별시 북구 두암2동,2094768.0,비연안,False,OBSERVED,True,전남광주통합특별시,북구,두암2동,,,,,,,비연안,False,heatmap
전남광주통합특별시 북구 두암3동,1476822.0,비연안,False,OBSERVED,True,전남광주통합특별시,북구,두암3동,,,,,,,비연안,False,heatmap
전남광주통합특별시 북구 매곡동,1994769.0,비연안,False,OBSERVED,True,전남광주통합특별시,북구,매곡동,,,,,,,비연안,False,heatmap
전남광주통합특별시 북구 문화동,2117801.0,비연안,False,OBSERVED,True,전남광주통합특별시,북구,문화동,,,,,,,비연안,False,heatmap
전남광주통합특별시 북구 문흥1동,1422624.0,비연안,False,OBSERVED,True,전남광주통합특별시,북구,문흥1동,,,,,,,비연안,False,heatmap
전남광주통합특별시 북구 문흥2동,1009256.0,비연안,False,OBSERVED,True,전남광주통합특별시,북구,문흥2동,,,,,,,비연안,False,heatmap
전남광주통합특별시 북구 삼각동,1665240.0,비연안,False,OBSERVED,True,전남광주통합특별시,북구,삼각동,,,,,,,비연안,False,heatmap
전남광주통합특별시 북구 석곡동,1626866.0,비연안,False,OBSERVED,True,전남광주통합특별시,북구,석곡동,,,,,,,비연안,False,heatmap
전남광주통합특별시 북구 신안동,4950582.0,비연안,False,OBSERVED,True,전남광주통합특별시,북구,신안동,,,,,,,비연안,False,heatmap
전남광주통합특별시 북구 신용동,2942324.0,비연안,False,OBSERVED,True,전남광주통합특별시,북구,신용동,,,,,,,비연안,False,heatmap
전남광주통합특별시 북구 양산동,3496748.0,비연안,False,OBSERVED,True,전남광주통합특별시,북구,양산동,,,,,,,비연안,False,heatmap
전남광주통합특별시 북구 오치1동,931438.0,비연안,False,OBSERVED,True,전남광주통합특별시,북구,오치1동,,,,,,,비연안,False,heatmap
전남광주통합특별시 북구 오치2동,665658.0,비연안,False,OBSERVED,True,전남광주통합특별시,북구,오치2동,,,,,,,비연안,False,heatmap
전남광주통합특별시 북구 용봉동,7942375.0,비연안,False,OBSERVED,True,전남광주통합특별시,북구,용봉동,,,,,,,비연안,False,heatmap
전남광주통합특별시 북구 우산동,1861678.0,비연안,False,OBSERVED,True,전남광주통합특별시,북구,우산동,,,,,,,비연안,False,heatmap
전남광주통합특별시 북구 운암1동,2597672.0,비연안,False,OBSERVED,True,전남광주통합특별시,북구,운암1동,,,,,,,비연안,False,heatmap
전남광주통합특별시 북구 운암2동,3866516.0,비연안,False,OBSERVED,True,전남광주통합특별시,북구,운암2동,,,,,,,비연안,False,heatmap
전남광주통합특별시 북구 운암3동,3063792.0,비연안,False,OBSERVED,True,전남광주통합특별시,북구,운암3동,,,,,,,비연안,False,heatmap
전남광주통합특별시 북구 일곡동,2209725.0,비연안,False,OBSERVED,True,전남광주통합특별시,북구,일곡동,,,,,,,비연안,False,heatmap
전남광주통합특별시 북구 임동,2312608.0,비연안,False,OBSERVED,True,전남광주통합특별시,북구,임동,,,,,,,비연안,False,heatmap
전남광주통합특별시 북구 중앙동,2909557.0,비연안,False,OBSERVED,True,전남광주통합특별시,북구,중앙동,,,,,,,비연안,False,heatmap
전남광주통합특별시 북구 중흥1동,680561.0,비연안,False,OBSERVED,True,전남광주통합특별시,북구,중흥1동,,,,,,,비연안,False,heatmap
전남광주통합특별시 북구 중흥동,1006628.0,비연안,False,OBSERVED,True,전남광주통합특별시,북구,중흥동,,,,,,,비연안,False,heatmap
전남광주통합특별시 북구 풍향동,215198.0,비연안,False,OBSERVED,True,전남광주통합특별시,북구,풍향동,,,,,,,비연안,False,heatmap
전남광주통합특별시 서구 광천동,6727462.0,비연안,False,OBSERVED,True,전남광주통합특별시,서구,광천동,,,,,,,비연안,False,heatmap
전남광주통합특별시 서구 금호1동,1520337.0,비연안,False,OBSERVED,True,전남광주통합특별시,서구,금호1동,,,,,,,비연안,False,heatmap
전남광주통합특별시 서구 금호2동,1911287.0,비연안,False,OBSERVED,True,전남광주통합특별시,서구,금호2동,,,,,,,비연안,False,heatmap
전남광주통합특별시 서구 농성1동,13142728.0,비연안,False,OBSERVED,True,전남광주통합특별시,서구,농성1동,,,,,,,비연안,False,heatmap
전남광주통합특별시 서구 농성2동,1263115.0,비연안,False,OBSERVED,True,전남광주통합특별시,서구,농성2동,,,,,,,비연안,False,heatmap
전남광주통합특별시 서구 동천동,2647222.0,비연안,False,OBSERVED,True,전남광주통합특별시,서구,동천동,,,,,,,비연안,False,heatmap
전남광주통합특별시 서구 상무1동,2934186.0,비연안,False,OBSERVED,True,전남광주통합특별시,서구,상무1동,,,,,,,비연안,False,heatmap
전남광주통합특별시 서구 상무2동,3992450.0,비연안,False,OBSERVED,True,전남광주통합특별시,서구,상무2동,,,,,,,비연안,False,heatmap
전남광주통합특별시 서구 서창동,7523866.0,비연안,False,OBSERVED,True,전남광주통합특별시,서구,서창동,,,,,,,비연안,False,heatmap
전남광주통합특별시 서구 양3동,433328.0,비연안,False,OBSERVED,True,전남광주통합특별시,서구,양3동,,,,,,,비연안,False,heatmap
전남광주통합특별시 서구 양동,2673265.0,비연안,False,OBSERVED,True,전남광주통합특별시,서구,양동,,,,,,,비연안,False,heatmap
전남광주통합특별시 서구 유덕동,2592114.0,비연안,False,OBSERVED,True,전남광주통합특별시,서구,유덕동,,,,,,,비연안,False,heatmap
전남광주통합특별시 서구 치평동,14090758.0,비연안,False,OBSERVED,True,전남광주통합특별시,서구,치평동,,,,,,,비연안,False,heatmap
전남광주통합특별시 서구 풍암동,4326074.0,비연안,False,OBSERVED,True,전남광주통합특별시,서구,풍암동,,,,,,,비연안,False,heatmap
전남광주통합특별시 서구 화정1동,2028698.0,비연안,False,OBSERVED,True,전남광주통합특별시,서구,화정1동,,,,,,,비연안,False,heatmap
전남광주통합특별시 서구 화정2동,3389746.0,비연안,False,OBSERVED,True,전남광주통합특별시,서구,화정2동,,,,,,,비연안,False,heatmap
전남광주통합특별시 서구 화정3동,604121.0,비연안,False,OBSERVED,True,전남광주통합특별시,서구,화정3동,,,,,,,비연안,False,heatmap
전남광주통합특별시 서구 화정4동,1536462.0,비연안,False,OBSERVED,True,전남광주통합특별시,서구,화정4동,,,,,,,비연안,False,heatmap
전남광주통합특별시 순천시 낙안면,864038.0,비연안,False,OBSERVED,True,전남광주통합특별시,순천시,낙안면,,,,,,,비연안,False,heatmap
전남광주통합특별시 순천시 남제동,764337.0,비연안,False,OBSERVED,True,전남광주통합특별시,순천시,남제동,,,,,,,비연안,False,heatmap
전남광주통합특별시 순천시 덕연동,6517024.0,비연안,False,OBSERVED,True,전남광주통합특별시,순천시,덕연동,,,,,,,비연안,False,heatmap
전남광주통합특별시 순천시 도사동,3742624.0,연안 도시,False,OBSERVED,True,전남광주통합특별시,순천시,도사동,,,,,,,연안 도시,False,heatmap
전남광주통합특별시 순천시 매곡동,353994.0,비연안,False,OBSERVED,True,전남광주통합특별시,순천시,매곡동,,,,,,,비연안,False,heatmap
전남광주통합특별시 순천시 별량면,670036.0,연안 어촌,False,OBSERVED,True,전남광주통합특별시,순천시,별량면,,,,,,,연안 어촌,False,heatmap
전남광주통합특별시 순천시 삼산동,3330201.0,비연안,False,OBSERVED,True,전남광주통합특별시,순천시,삼산동,,,,,,,비연안,False,heatmap
전남광주통합특별시 순천시 상사면,499082.0,비연안,False,OBSERVED,True,전남광주통합특별시,순천시,상사면,,,,,,,비연안,False,heatmap
전남광주통합특별시 순천시 서면,1345932.0,비연안,False,OBSERVED,True,전남광주통합특별시,순천시,서면,,,,,,,비연안,False,heatmap
전남광주통합특별시 순천시 송광면,600890.0,비연안,False,OBSERVED,True,전남광주통합특별시,순천시,송광면,,,,,,,비연안,False,heatmap
전남광주통합특별시 순천시 승주읍,602662.0,비연안,False,OBSERVED,True,전남광주통합특별시,순천시,승주읍,,,,,,,비연안,False,heatmap
전남광주통합특별시 순천시 왕조1동,6027637.0,비연안,False,OBSERVED,True,전남광주통합특별시,순천시,왕조1동,,,,,,,비연안,False,heatmap
전남광주통합특별시 순천시 왕조2동,2873336.0,비연안,False,OBSERVED,True,전남광주통합특별시,순천시,왕조2동,,,,,,,비연안,False,heatmap
전남광주통합특별시 순천시 외서면,61222.0,비연안,False,OBSERVED,True,전남광주통합특별시,순천시,외서면,,,,,,,비연안,False,heatmap
전남광주통합특별시 순천시 월등면,207532.0,비연안,False,OBSERVED,True,전남광주통합특별시,순천시,월등면,,,,,,,비연안,False,heatmap
전남광주통합특별시 순천시 장천동,1515686.0,비연안,False,OBSERVED,True,전남광주통합특별시,순천시,장천동,,,,,,,비연안,False,heatmap
전남광주통합특별시 순천시 저전동,19768.0,비연안,False,OBSERVED,True,전남광주통합특별시,순천시,저전동,,,,,,,비연안,False,heatmap
전남광주통합특별시 순천시 조곡동,1695536.0,비연안,False,OBSERVED,True,전남광주통합특별시,순천시,조곡동,,,,,,,비연안,False,heatmap
전남광주통합특별시 순천시 주암면,817730.0,비연안,False,OBSERVED,True,전남광주통합특별시,순천시,주암면,,,,,,,비연안,False,heatmap
전남광주통합특별시 순천시 중앙동,1301380.0,비연안,False,OBSERVED,True,전남광주통합특별시,순천시,중앙동,,,,,,,비연안,False,heatmap
전남광주통합특별시 순천시 풍덕동,3946439.0,비연안,False,OBSERVED,True,전남광주통합특별시,순천시,풍덕동,,,,,,,비연안,False,heatmap
전남광주통합특별시 순천시 해룡면,5848434.0,연안 어촌,False,OBSERVED,True,전남광주통합특별시,순천시,해룡면,,,,,,,연안 어촌,False,heatmap
전남광주통합특별시 순천시 향동,583664.0,비연안,False,OBSERVED,True,전남광주통합특별시,순천시,향동,,,,,,,비연안,False,heatmap
전남광주통합특별시 순천시 황전면,965240.0,비연안,False,OBSERVED,True,전남광주통합특별시,순천시,황전면,,,,,,,비연안,False,heatmap
전남광주통합특별시 신안군 도초면,592816.0,연안 어촌,False,OBSERVED,True,전남광주통합특별시,신안군,도초면,,,,,,,연안 어촌,False,heatmap
전남광주통합특별시 신안군 비금면,593702.0,연안 어촌,False,OBSERVED,True,전남광주통합특별시,신안군,비금면,,,,,,,연안 어촌,False,heatmap
전남광주통합특별시 신안군 신의면,137420.0,연안 어촌,False,OBSERVED,True,전남광주통합특별시,신안군,신의면,,,,,,,연안 어촌,False,heatmap
전남광주통합특별시 신안군 안좌면,810866.0,연안 어촌,False,OBSERVED,True,전남광주통합특별시,신안군,안좌면,,,,,,,연안 어촌,False,heatmap
전남광주통합특별시 신안군 암태면,875945.0,연안 어촌,False,OBSERVED,True,전남광주통합특별시,신안군,암태면,,,,,,,연안 어촌,False,heatmap
전남광주통합특별시 신안군 압해읍,2296896.0,연안 어촌,False,OBSERVED,True,전남광주통합특별시,신안군,압해읍,,,,,,,연안 어촌,False,heatmap
전남광주통합특별시 신안군 임자면,825892.0,연안 어촌,False,OBSERVED,True,전남광주통합특별시,신안군,임자면,,,,,,,연안 어촌,False,heatmap
전남광주통합특별시 신안군 자은면,756441.0,연안 어촌,False,OBSERVED,True,전남광주통합특별시,신안군,자은면,,,,,,,연안 어촌,False,heatmap
전남광주통합특별시 신안군 장산면,198667.0,연안 어촌,False,OBSERVED,True,전남광주통합특별시,신안군,장산면,,,,,,,연안 어촌,False,heatmap
전남광주통합특별시 신안군 증도면,545878.0,연안 어촌,False,OBSERVED,True,전남광주통합특별시,신안군,증도면,,,,,,,연안 어촌,False,heatmap
전남광주통합특별시 신안군 지도읍,907522.0,연안 어촌,False,OBSERVED,True,전남광주통합특별시,신안군,지도읍,,,,,,,연안 어촌,False,heatmap
전남광주통합특별시 신안군 팔금면,344015.0,연안 어촌,False,OBSERVED,True,전남광주통합특별시,신안군,팔금면,,,,,,,연안 어촌,False,heatmap
전남광주통합특별시 신안군 하의면,140182.0,연안 어촌,False,OBSERVED,True,전남광주통합특별시,신안군,하의면,,,,,,,연안 어촌,False,heatmap
전남광주통합특별시 신안군 흑산면,1475974.0,연안 어촌,False,OBSERVED,True,전남광주통합특별시,신안군,흑산면,,,,,,,연안 어촌,False,heatmap
전남광주통합특별시 여수시 광림동,1087384.0,비연안,False,OBSERVED,True,전남광주통합특별시,여수시,광림동,,,,,,,비연안,False,heatmap
전남광주통합특별시 여수시 국동,1722217.0,연안 도시,False,OBSERVED,True,전남광주통합특별시,여수시,국동,,,,,,,연안 도시,False,heatmap
전남광주통합특별시 여수시 남면,1503649.0,연안 어촌,False,OBSERVED,True,전남광주통합특별시,여수시,남면,,,,,,,연안 어촌,False,heatmap
전남광주통합특별시 여수시 대교동,2677773.0,연안 도시,False,OBSERVED,True,전남광주통합특별시,여수시,대교동,,,,,,,연안 도시,False,heatmap
전남광주통합특별시 여수시 돌산읍,6603100.0,연안 어촌,False,OBSERVED,True,전남광주통합특별시,여수시,돌산읍,,,,,,,연안 어촌,False,heatmap
전남광주통합특별시 여수시 동문동,2801106.0,연안 도시,False,OBSERVED,True,전남광주통합특별시,여수시,동문동,,,,,,,연안 도시,False,heatmap
전남광주통합특별시 여수시 둔덕동,644301.0,비연안,False,OBSERVED,True,전남광주통합특별시,여수시,둔덕동,,,,,,,비연안,False,heatmap
전남광주통합특별시 여수시 만덕동,3597674.0,연안 도시,False,OBSERVED,True,전남광주통합특별시,여수시,만덕동,,,,,,,연안 도시,False,heatmap
전남광주통합특별시 여수시 묘도동,429586.0,연안 도시,False,OBSERVED,True,전남광주통합특별시,여수시,묘도동,,,,,,,연안 도시,False,heatmap
전남광주통합특별시 여수시 문수동,1589854.0,비연안,False,OBSERVED,True,전남광주통합특별시,여수시,문수동,,,,,,,비연안,False,heatmap
전남광주통합특별시 여수시 미평동,982254.0,비연안,False,OBSERVED,True,전남광주통합특별시,여수시,미평동,,,,,,,비연안,False,heatmap
전남광주통합특별시 여수시 삼산면,1221910.0,연안 어촌,False,OBSERVED,True,전남광주통합특별시,여수시,삼산면,,,,,,,연안 어촌,False,heatmap
전남광주통합특별시 여수시 삼일동,2100192.0,연안 도시,False,OBSERVED,True,전남광주통합특별시,여수시,삼일동,,,,,,,연안 도시,False,heatmap
전남광주통합특별시 여수시 서강동,478020.0,비연안,False,OBSERVED,True,전남광주통합특별시,여수시,서강동,,,,,,,비연안,False,heatmap
전남광주통합특별시 여수시 소라면,1550476.0,연안 어촌,False,OBSERVED,True,전남광주통합특별시,여수시,소라면,,,,,,,연안 어촌,False,heatmap
전남광주통합특별시 여수시 시전동,2711076.0,연안 도시,False,OBSERVED,True,전남광주통합특별시,여수시,시전동,,,,,,,연안 도시,False,heatmap
전남광주통합특별시 여수시 쌍봉동,4361581.0,연안 도시,False,OBSERVED,True,전남광주통합특별시,여수시,쌍봉동,,,,,,,연안 도시,False,heatmap
전남광주통합특별시 여수시 여서동,1081832.0,비연안,False,OBSERVED,True,전남광주통합특별시,여수시,여서동,,,,,,,비연안,False,heatmap
전남광주통합특별시 여수시 여천동,1820620.0,비연안,False,OBSERVED,True,전남광주통합특별시,여수시,여천동,,,,,,,비연안,False,heatmap
전남광주통합특별시 여수시 월호동,537131.0,연안 도시,False,OBSERVED,True,전남광주통합특별시,여수시,월호동,,,,,,,연안 도시,False,heatmap
전남광주통합특별시 여수시 율촌면,1020750.0,연안 어촌,False,OBSERVED,True,전남광주통합특별시,여수시,율촌면,,,,,,,연안 어촌,False,heatmap
전남광주통합특별시 여수시 주삼동,679878.0,비연안,False,OBSERVED,True,전남광주통합특별시,여수시,주삼동,,,,,,,비연안,False,heatmap
전남광주통합특별시 여수시 중앙동,4046472.0,연안 도시,False,OBSERVED,True,전남광주통합특별시,여수시,중앙동,,,,,,,연안 도시,False,heatmap
전남광주통합특별시 여수시 충무동,907518.0,비연안,False,OBSERVED,True,전남광주통합특별시,여수시,충무동,,,,,,,비연안,False,heatmap
전남광주통합특별시 여수시 한려동,3635562.0,연안 도시,False,OBSERVED,True,전남광주통합특별시,여수시,한려동,,,,,,,연안 도시,False,heatmap
전남광주통합특별시 여수시 화양면,1045618.0,연안 어촌,False,OBSERVED,True,전남광주통합특별시,여수시,화양면,,,,,,,연안 어촌,False,heatmap
전남광주통합특별시 여수시 화정면,879140.0,연안 어촌,False,OBSERVED,True,전남광주통합특별시,여수시,화정면,,,,,,,연안 어촌,False,heatmap
전남광주통합특별시 영광군 군남면,285520.0,비연안,False,OBSERVED,True,전남광주통합특별시,영광군,군남면,,,,,,,비연안,False,heatmap
전남광주통합특별시 영광군 군서면,276244.0,비연안,False,OBSERVED,True,전남광주통합특별시,영광군,군서면,,,,,,,비연안,False,heatmap
전남광주통합특별시 영광군 낙월면,369674.0,연안 어촌,False,OBSERVED,True,전남광주통합특별시,영광군,낙월면,,,,,,,연안 어촌,False,heatmap
전남광주통합특별시 영광군 대마면,330508.0,비연안,False,OBSERVED,True,전남광주통합특별시,영광군,대마면,,,,,,,비연안,False,heatmap
전남광주통합특별시 영광군 묘량면,214596.0,비연안,False,OBSERVED,True,전남광주통합특별시,영광군,묘량면,,,,,,,비연안,False,heatmap
전남광주통합특별시 영광군 백수읍,1361370.0,연안 어촌,False,OBSERVED,True,전남광주통합특별시,영광군,백수읍,,,,,,,연안 어촌,False,heatmap
전남광주통합특별시 영광군 법성면,1329314.0,연안 어촌,False,OBSERVED,True,전남광주통합특별시,영광군,법성면,,,,,,,연안 어촌,False,heatmap
전남광주통합특별시 영광군 불갑면,682654.0,비연안,False,OBSERVED,True,전남광주통합특별시,영광군,불갑면,,,,,,,비연안,False,heatmap
전남광주통합특별시 영광군 염산면,685433.0,연안 어촌,False,OBSERVED,True,전남광주통합특별시,영광군,염산면,,,,,,,연안 어촌,False,heatmap
전남광주통합특별시 영광군 영광읍,3072720.0,비연안,False,OBSERVED,True,전남광주통합특별시,영광군,영광읍,,,,,,,비연안,False,heatmap
전남광주통합특별시 영광군 홍농읍,942602.0,연안 어촌,False,OBSERVED,True,전남광주통합특별시,영광군,홍농읍,,,,,,,연안 어촌,False,heatmap
전남광주통합특별시 영암군 군서면,854262.0,비연안,False,OBSERVED,True,전남광주통합특별시,영암군,군서면,,,,,,,비연안,False,heatmap
전남광주통합특별시 영암군 금정면,498253.0,비연안,False,OBSERVED,True,전남광주통합특별시,영암군,금정면,,,,,,,비연안,False,heatmap
전남광주통합특별시 영암군 덕진면,364623.0,비연안,False,OBSERVED,True,전남광주통합특별시,영암군,덕진면,,,,,,,비연안,False,heatmap
전남광주통합특별시 영암군 도포면,164398.0,비연안,False,OBSERVED,True,전남광주통합특별시,영암군,도포면,,,,,,,비연안,False,heatmap
전남광주통합특별시 영암군 미암면,635327.0,비연안,False,OBSERVED,True,전남광주통합특별시,영암군,미암면,,,,,,,비연안,False,heatmap
전남광주통합특별시 영암군 삼호읍,5899072.0,연안 어촌,False,OBSERVED,True,전남광주통합특별시,영암군,삼호읍,,,,,,,연안 어촌,False,heatmap
전남광주통합특별시 영암군 서호면,194862.0,비연안,False,OBSERVED,True,전남광주통합특별시,영암군,서호면,,,,,,,비연안,False,heatmap
전남광주통합특별시 영암군 시종면,512764.0,비연안,False,OBSERVED,True,전남광주통합특별시,영암군,시종면,,,,,,,비연안,False,heatmap
전남광주통합특별시 영암군 신북면,722200.0,비연안,False,OBSERVED,True,전남광주통합특별시,영암군,신북면,,,,,,,비연안,False,heatmap
전남광주통합특별시 영암군 영암읍,1792718.0,비연안,False,OBSERVED,True,전남광주통합특별시,영암군,영암읍,,,,,,,비연안,False,heatmap
전남광주통합특별시 영암군 학산면,494053.0,비연안,False,OBSERVED,True,전남광주통합특별시,영암군,학산면,,,,,,,비연안,False,heatmap
전남광주통합특별시 완도군 고금면,699458.0,연안 어촌,False,OBSERVED,True,전남광주통합특별시,완도군,고금면,,,,,,,연안 어촌,False,heatmap
전남광주통합특별시 완도군 군외면,408460.0,연안 어촌,False,OBSERVED,True,전남광주통합특별시,완도군,군외면,,,,,,,연안 어촌,False,heatmap
전남광주통합특별시 완도군 금당면,181531.0,연안 어촌,False,OBSERVED,True,전남광주통합특별시,완도군,금당면,,,,,,,연안 어촌,False,heatmap
전남광주통합특별시 완도군 금일읍,250810.0,연안 어촌,False,OBSERVED,True,전남광주통합특별시,완도군,금일읍,,,,,,,연안 어촌,False,heatmap
전남광주통합특별시 완도군 노화읍,588080.0,연안 어촌,False,OBSERVED,True,전남광주통합특별시,완도군,노화읍,,,,,,,연안 어촌,False,heatmap
전남광주통합특별시 완도군 보길면,496702.0,연안 어촌,False,OBSERVED,True,전남광주통합특별시,완도군,보길면,,,,,,,연안 어촌,False,heatmap
전남광주통합특별시 완도군 생일면,183236.0,연안 어촌,False,OBSERVED,True,전남광주통합특별시,완도군,생일면,,,,,,,연안 어촌,False,heatmap
전남광주통합특별시 완도군 소안면,534684.0,연안 어촌,False,OBSERVED,True,전남광주통합특별시,완도군,소안면,,,,,,,연안 어촌,False,heatmap
전남광주통합특별시 완도군 신지면,1539226.0,연안 어촌,False,OBSERVED,True,전남광주통합특별시,완도군,신지면,,,,,,,연안 어촌,False,heatmap
전남광주통합특별시 완도군 약산면,451104.0,연안 어촌,False,OBSERVED,True,전남광주통합특별시,완도군,약산면,,,,,,,연안 어촌,False,heatmap
전남광주통합특별시 완도군 완도읍,3418628.0,연안 어촌,False,OBSERVED,True,전남광주통합특별시,완도군,완도읍,,,,,,,연안 어촌,False,heatmap
전남광주통합특별시 완도군 청산면,1751106.0,연안 어촌,False,OBSERVED,True,전남광주통합특별시,완도군,청산면,,,,,,,연안 어촌,False,heatmap
전남광주통합특별시 장성군 남면,803464.0,비연안,False,OBSERVED,True,전남광주통합특별시,장성군,남면,,,,,,,비연안,False,heatmap
전남광주통합특별시 장성군 동화면,634840.0,비연안,False,OBSERVED,True,전남광주통합특별시,장성군,동화면,,,,,,,비연안,False,heatmap
전남광주통합특별시 장성군 북이면,990318.0,비연안,False,OBSERVED,True,전남광주통합특별시,장성군,북이면,,,,,,,비연안,False,heatmap
전남광주통합특별시 장성군 북일면,644424.0,비연안,False,OBSERVED,True,전남광주통합특별시,장성군,북일면,,,,,,,비연안,False,heatmap
전남광주통합특별시 장성군 북하면,1452395.0,비연안,False,OBSERVED,True,전남광주통합특별시,장성군,북하면,,,,,,,비연안,False,heatmap
전남광주통합특별시 장성군 삼계면,905107.0,비연안,False,OBSERVED,True,전남광주통합특별시,장성군,삼계면,,,,,,,비연안,False,heatmap
전남광주통합특별시 장성군 삼서면,1016253.0,비연안,False,OBSERVED,True,전남광주통합특별시,장성군,삼서면,,,,,,,비연안,False,heatmap
전남광주통합특별시 장성군 서삼면,556150.0,비연안,False,OBSERVED,True,전남광주통합특별시,장성군,서삼면,,,,,,,비연안,False,heatmap
전남광주통합특별시 장성군 장성읍,3521091.0,비연안,False,OBSERVED,True,전남광주통합특별시,장성군,장성읍,,,,,,,비연안,False,heatmap
전남광주통합특별시 장성군 진원면,1003317.0,비연안,False,OBSERVED,True,전남광주통합특별시,장성군,진원면,,,,,,,비연안,False,heatmap
전남광주통합특별시 장성군 황룡면,1082834.0,비연안,False,OBSERVED,True,전남광주통합특별시,장성군,황룡면,,,,,,,비연안,False,heatmap
전남광주통합특별시 장흥군 관산읍,593772.0,연안 어촌,False,OBSERVED,True,전남광주통합특별시,장흥군,관산읍,,,,,,,연안 어촌,False,heatmap
전남광주통합특별시 장흥군 대덕읍,385840.0,연안 어촌,False,OBSERVED,True,전남광주통합특별시,장흥군,대덕읍,,,,,,,연안 어촌,False,heatmap
전남광주통합특별시 장흥군 부산면,556556.0,비연안,False,OBSERVED,True,전남광주통합특별시,장흥군,부산면,,,,,,,비연안,False,heatmap
전남광주통합특별시 장흥군 안양면,551411.0,연안 어촌,False,OBSERVED,True,전남광주통합특별시,장흥군,안양면,,,,,,,연안 어촌,False,heatmap
전남광주통합특별시 장흥군 용산면,268090.0,연안 어촌,False,OBSERVED,True,전남광주통합특별시,장흥군,용산면,,,,,,,연안 어촌,False,heatmap
전남광주통합특별시 장흥군 유치면,241020.0,비연안,False,OBSERVED,True,전남광주통합특별시,장흥군,유치면,,,,,,,비연안,False,heatmap
전남광주통합특별시 장흥군 장동면,114692.0,비연안,False,OBSERVED,True,전남광주통합특별시,장흥군,장동면,,,,,,,비연안,False,heatmap
전남광주통합특별시 장흥군 장평면,430605.0,비연안,False,OBSERVED,True,전남광주통합특별시,장흥군,장평면,,,,,,,비연안,False,heatmap
전남광주통합특별시 장흥군 장흥읍,3047737.0,비연안,False,OBSERVED,True,전남광주통합특별시,장흥군,장흥읍,,,,,,,비연안,False,heatmap
전남광주통합특별시 장흥군 회진면,387863.0,연안 어촌,False,OBSERVED,True,전남광주통합특별시,장흥군,회진면,,,,,,,연안 어촌,False,heatmap
전남광주통합특별시 진도군 고군면,619112.0,연안 어촌,False,OBSERVED,True,전남광주통합특별시,진도군,고군면,,,,,,,연안 어촌,False,heatmap
전남광주통합특별시 진도군 군내면,953015.0,연안 어촌,False,OBSERVED,True,전남광주통합특별시,진도군,군내면,,,,,,,연안 어촌,False,heatmap
전남광주통합특별시 진도군 의신면,1511514.0,연안 어촌,False,OBSERVED,True,전남광주통합특별시,진도군,의신면,,,,,,,연안 어촌,False,heatmap
전남광주통합특별시 진도군 임회면,1099612.0,연안 어촌,False,OBSERVED,True,전남광주통합특별시,진도군,임회면,,,,,,,연안 어촌,False,heatmap
전남광주통합특별시 진도군 조도면,1303764.0,연안 어촌,False,OBSERVED,True,전남광주통합특별시,진도군,조도면,,,,,,,연안 어촌,False,heatmap
전남광주통합특별시 진도군 지산면,795568.0,연안 어촌,False,OBSERVED,True,전남광주통합특별시,진도군,지산면,,,,,,,연안 어촌,False,heatmap
전남광주통합특별시 진도군 진도읍,1790568.0,연안 어촌,False,OBSERVED,True,전남광주통합특별시,진도군,진도읍,,,,,,,연안 어촌,False,heatmap
전남광주통합특별시 함평군 나산면,326638.0,비연안,False,OBSERVED,True,전남광주통합특별시,함평군,나산면,,,,,,,비연안,False,heatmap
전남광주통합특별시 함평군 대동면,646622.0,비연안,False,OBSERVED,True,전남광주통합특별시,함평군,대동면,,,,,,,비연안,False,heatmap
전남광주통합특별시 함평군 손불면,543011.0,연안 어촌,False,OBSERVED,True,전남광주통합특별시,함평군,손불면,,,,,,,연안 어촌,False,heatmap
전남광주통합특별시 함평군 신광면,319571.0,비연안,False,OBSERVED,True,전남광주통합특별시,함평군,신광면,,,,,,,비연안,False,heatmap
전남광주통합특별시 함평군 엄다면,635036.0,비연안,False,OBSERVED,True,전남광주통합특별시,함평군,엄다면,,,,,,,비연안,False,heatmap
전남광주통합특별시 함평군 월야면,660796.0,비연안,False,OBSERVED,True,전남광주통합특별시,함평군,월야면,,,,,,,비연안,False,heatmap
전남광주통합특별시 함평군 학교면,590810.0,비연안,False,OBSERVED,True,전남광주통합특별시,함평군,학교면,,,,,,,비연안,False,heatmap
전남광주통합특별시 함평군 함평읍,2524984.0,연안 어촌,False,OBSERVED,True,전남광주통합특별시,함평군,함평읍,,,,,,,연안 어촌,False,heatmap
전남광주통합특별시 함평군 해보면,781767.0,비연안,False,OBSERVED,True,전남광주통합특별시,함평군,해보면,,,,,,,비연안,False,heatmap
전남광주통합특별시 해남군 계곡면,246606.0,비연안,False,OBSERVED,True,전남광주통합특별시,해남군,계곡면,,,,,,,비연안,False,heatmap
전남광주통합특별시 해남군 마산면,282884.0,비연안,False,OBSERVED,True,전남광주통합특별시,해남군,마산면,,,,,,,비연안,False,heatmap
전남광주통합특별시 해남군 문내면,1206264.0,연안 어촌,False,OBSERVED,True,전남광주통합특별시,해남군,문내면,,,,,,,연안 어촌,False,heatmap
전남광주통합특별시 해남군 북일면,254674.0,연안 어촌,False,OBSERVED,True,전남광주통합특별시,해남군,북일면,,,,,,,연안 어촌,False,heatmap
전남광주통합특별시 해남군 북평면,524419.0,연안 어촌,False,OBSERVED,True,전남광주통합특별시,해남군,북평면,,,,,,,연안 어촌,False,heatmap
전남광주통합특별시 해남군 산이면,1288326.0,연안 어촌,False,OBSERVED,True,전남광주통합특별시,해남군,산이면,,,,,,,연안 어촌,False,heatmap
전남광주통합특별시 해남군 삼산면,924028.0,비연안,False,OBSERVED,True,전남광주통합특별시,해남군,삼산면,,,,,,,비연안,False,heatmap
전남광주통합특별시 해남군 송지면,1355882.0,연안 어촌,False,OBSERVED,True,전남광주통합특별시,해남군,송지면,,,,,,,연안 어촌,False,heatmap
전남광주통합특별시 해남군 옥천면,460915.0,비연안,False,OBSERVED,True,전남광주통합특별시,해남군,옥천면,,,,,,,비연안,False,heatmap
전남광주통합특별시 해남군 해남읍,3090626.0,비연안,False,OBSERVED,True,전남광주통합특별시,해남군,해남읍,,,,,,,비연안,False,heatmap
전남광주통합특별시 해남군 현산면,341148.0,연안 어촌,False,OBSERVED,True,전남광주통합특별시,해남군,현산면,,,,,,,연안 어촌,False,heatmap
전남광주통합특별시 해남군 화산면,316386.0,연안 어촌,False,OBSERVED,True,전남광주통합특별시,해남군,화산면,,,,,,,연안 어촌,False,heatmap
전남광주통합특별시 해남군 화원면,1174138.0,연안 어촌,False,OBSERVED,True,전남광주통합특별시,해남군,화원면,,,,,,,연안 어촌,False,heatmap
전남광주통합특별시 해남군 황산면,606725.0,연안 어촌,False,OBSERVED,True,전남광주통합특별시,해남군,황산면,,,,,,,연안 어촌,False,heatmap
전남광주통합특별시 화순군 능주면,952833.0,비연안,False,OBSERVED,True,전남광주통합특별시,화순군,능주면,,,,,,,비연안,False,heatmap
전남광주통합특별시 화순군 도곡면,2275294.0,비연안,False,OBSERVED,True,전남광주통합특별시,화순군,도곡면,,,,,,,비연안,False,heatmap
전남광주통합특별시 화순군 도암면,609952.0,비연안,False,OBSERVED,True,전남광주통합특별시,화순군,도암면,,,,,,,비연안,False,heatmap
전남광주통합특별시 화순군 동면,414561.0,비연안,False,OBSERVED,True,전남광주통합특별시,화순군,동면,,,,,,,비연안,False,heatmap
전남광주통합특별시 화순군 동복면,241647.0,비연안,False,OBSERVED,True,전남광주통합특별시,화순군,동복면,,,,,,,비연안,False,heatmap
전남광주통합특별시 화순군 백아면,760956.0,비연안,False,OBSERVED,True,전남광주통합특별시,화순군,백아면,,,,,,,비연안,False,heatmap
전남광주통합특별시 화순군 사평면,363822.0,비연안,False,OBSERVED,True,전남광주통합특별시,화순군,사평면,,,,,,,비연안,False,heatmap
전남광주통합특별시 화순군 이서면,377118.0,비연안,False,OBSERVED,True,전남광주통합특별시,화순군,이서면,,,,,,,비연안,False,heatmap
전남광주통합특별시 화순군 이양면,378920.0,비연안,False,OBSERVED,True,전남광주통합특별시,화순군,이양면,,,,,,,비연안,False,heatmap
전남광주통합특별시 화순군 청풍면,195814.0,비연안,False,OBSERVED,True,전남광주통합특별시,화순군,청풍면,,,,,,,비연안,False,heatmap
전남광주통합특별시 화순군 춘양면,460866.0,비연안,False,OBSERVED,True,전남광주통합특별시,화순군,춘양면,,,,,,,비연안,False,heatmap
전남광주통합특별시 화순군 한천면,345492.0,비연안,False,OBSERVED,True,전남광주통합특별시,화순군,한천면,,,,,,,비연안,False,heatmap
전남광주통합특별시 화순군 화순읍,7671646.0,비연안,False,OBSERVED,True,전남광주통합특별시,화순군,화순읍,,,,,,,비연안,False,heatmap
전북특별자치도 고창군 고수면,527863.0,비연안,False,OBSERVED,True,전북특별자치도,고창군,고수면,,,,,,,비연안,False,heatmap
전북특별자치도 고창군 고창읍,3988226.0,비연안,False,OBSERVED,True,전북특별자치도,고창군,고창읍,,,,,,,비연안,False,heatmap
전북특별자치도 고창군 공음면,723278.0,비연안,False,OBSERVED,True,전북특별자치도,고창군,공음면,,,,,,,비연안,False,heatmap
전북특별자치도 고창군 대산면,417592.0,비연안,False,OBSERVED,True,전북특별자치도,고창군,대산면,,,,,,,비연안,False,heatmap
전북특별자치도 고창군 무장면,375725.0,비연안,False,OBSERVED,True,전북특별자치도,고창군,무장면,,,,,,,비연안,False,heatmap
전북특별자치도 고창군 부안면,436166.0,연안 어촌,False,OBSERVED,True,전북특별자치도,고창군,부안면,,,,,,,연안 어촌,False,heatmap
전북특별자치도 고창군 상하면,902520.0,연안 어촌,False,OBSERVED,True,전북특별자치도,고창군,상하면,,,,,,,연안 어촌,False,heatmap
전북특별자치도 고창군 성내면,197820.0,비연안,False,OBSERVED,True,전북특별자치도,고창군,성내면,,,,,,,비연안,False,heatmap
전북특별자치도 고창군 성송면,234804.0,비연안,False,OBSERVED,True,전북특별자치도,고창군,성송면,,,,,,,비연안,False,heatmap
전북특별자치도 고창군 신림면,867601.0,비연안,False,OBSERVED,True,전북특별자치도,고창군,신림면,,,,,,,비연안,False,heatmap
전북특별자치도 고창군 심원면,902240.0,연안 어촌,False,OBSERVED,True,전북특별자치도,고창군,심원면,,,,,,,연안 어촌,False,heatmap
전북특별자치도 고창군 아산면,1866851.0,비연안,False,OBSERVED,True,전북특별자치도,고창군,아산면,,,,,,,비연안,False,heatmap
전북특별자치도 고창군 해리면,650702.0,연안 어촌,False,OBSERVED,True,전북특별자치도,고창군,해리면,,,,,,,연안 어촌,False,heatmap
전북특별자치도 고창군 흥덕면,614806.0,연안 어촌,False,OBSERVED,True,전북특별자치도,고창군,흥덕면,,,,,,,연안 어촌,False,heatmap
전북특별자치도 군산시 개정동,322539.0,비연안,False,OBSERVED,True,전북특별자치도,군산시,개정동,,,,,,,비연안,False,heatmap
전북특별자치도 군산시 개정면,279776.0,비연안,False,OBSERVED,True,전북특별자치도,군산시,개정면,,,,,,,비연안,False,heatmap
전북특별자치도 군산시 경암동,3004876.0,연안 도시,False,OBSERVED,True,전북특별자치도,군산시,경암동,,,,,,,연안 도시,False,heatmap
전북특별자치도 군산시 구암동,1256524.0,연안 도시,False,OBSERVED,True,전북특별자치도,군산시,구암동,,,,,,,연안 도시,False,heatmap
전북특별자치도 군산시 나운1동,1013712.0,비연안,False,OBSERVED,True,전북특별자치도,군산시,나운1동,,,,,,,비연안,False,heatmap
전북특별자치도 군산시 나운2동,1031278.0,비연안,False,OBSERVED,True,전북특별자치도,군산시,나운2동,,,,,,,비연안,False,heatmap
전북특별자치도 군산시 나운3동,3251468.0,비연안,False,OBSERVED,True,전북특별자치도,군산시,나운3동,,,,,,,비연안,False,heatmap
전북특별자치도 군산시 나포면,647164.0,비연안,False,OBSERVED,True,전북특별자치도,군산시,나포면,,,,,,,비연안,False,heatmap
전북특별자치도 군산시 대야면,611506.0,비연안,False,OBSERVED,True,전북특별자치도,군산시,대야면,,,,,,,비연안,False,heatmap
전북특별자치도 군산시 미성동,1317974.0,연안 도시,False,OBSERVED,True,전북특별자치도,군산시,미성동,,,,,,,연안 도시,False,heatmap
전북특별자치도 군산시 삼학동,397628.0,비연안,False,OBSERVED,True,전북특별자치도,군산시,삼학동,,,,,,,비연안,False,heatmap
전북특별자치도 군산시 서수면,438319.0,비연안,False,OBSERVED,True,전북특별자치도,군산시,서수면,,,,,,,비연안,False,heatmap
전북특별자치도 군산시 성산면,953060.0,연안 어촌,False,OBSERVED,True,전북특별자치도,군산시,성산면,,,,,,,연안 어촌,False,heatmap
전북특별자치도 군산시 소룡동,4454345.0,연안 도시,False,OBSERVED,True,전북특별자치도,군산시,소룡동,,,,,,,연안 도시,False,heatmap
전북특별자치도 군산시 수송동,4810586.0,비연안,False,OBSERVED,True,전북특별자치도,군산시,수송동,,,,,,,비연안,False,heatmap
전북특별자치도 군산시 신풍동,513485.0,비연안,False,OBSERVED,True,전북특별자치도,군산시,신풍동,,,,,,,비연안,False,heatmap
전북특별자치도 군산시 옥구읍,445700.0,연안 어촌,False,OBSERVED,True,전북특별자치도,군산시,옥구읍,,,,,,,연안 어촌,False,heatmap
전북특별자치도 군산시 옥도면,3991074.0,연안 어촌,False,OBSERVED,True,전북특별자치도,군산시,옥도면,,,,,,,연안 어촌,False,heatmap
전북특별자치도 군산시 옥산면,373580.0,비연안,False,OBSERVED,True,전북특별자치도,군산시,옥산면,,,,,,,비연안,False,heatmap
전북특별자치도 군산시 옥서면,720892.0,연안 어촌,False,OBSERVED,True,전북특별자치도,군산시,옥서면,,,,,,,연안 어촌,False,heatmap
전북특별자치도 군산시 월명동,5376858.0,연안 도시,False,OBSERVED,True,전북특별자치도,군산시,월명동,,,,,,,연안 도시,False,heatmap
전북특별자치도 군산시 임피면,646681.0,비연안,False,OBSERVED,True,전북특별자치도,군산시,임피면,,,,,,,비연안,False,heatmap
전북특별자치도 군산시 조촌동,3093380.0,비연안,False,OBSERVED,True,전북특별자치도,군산시,조촌동,,,,,,,비연안,False,heatmap
전북특별자치도 군산시 중앙동,935204.0,연안 도시,False,OBSERVED,True,전북특별자치도,군산시,중앙동,,,,,,,연안 도시,False,heatmap
전북특별자치도 군산시 해신동,846433.0,연안 도시,False,OBSERVED,True,전북특별자치도,군산시,해신동,,,,,,,연안 도시,False,heatmap
전북특별자치도 군산시 회현면,215341.0,비연안,False,OBSERVED,True,전북특별자치도,군산시,회현면,,,,,,,비연안,False,heatmap
전북특별자치도 군산시 흥남동,1660757.0,비연안,False,OBSERVED,True,전북특별자치도,군산시,흥남동,,,,,,,비연안,False,heatmap
전북특별자치도 김제시 검산동,1375605.0,비연안,False,OBSERVED,True,전북특별자치도,김제시,검산동,,,,,,,비연안,False,heatmap
전북특별자치도 김제시 공덕면,321265.0,비연안,False,OBSERVED,True,전북특별자치도,김제시,공덕면,,,,,,,비연안,False,heatmap
전북특별자치도 김제시 광활면,157864.0,연안 어촌,False,OBSERVED,True,전북특별자치도,김제시,광활면,,,,,,,연안 어촌,False,heatmap
전북특별자치도 김제시 교월동,722148.0,비연안,False,OBSERVED,True,전북특별자치도,김제시,교월동,,,,,,,비연안,False,heatmap
전북특별자치도 김제시 금구면,1707706.0,비연안,False,OBSERVED,True,전북특별자치도,김제시,금구면,,,,,,,비연안,False,heatmap
전북특별자치도 김제시 금산면,2422917.0,비연안,False,OBSERVED,True,전북특별자치도,김제시,금산면,,,,,,,비연안,False,heatmap
전북특별자치도 김제시 만경읍,542958.0,비연안,False,OBSERVED,True,전북특별자치도,김제시,만경읍,,,,,,,비연안,False,heatmap
전북특별자치도 김제시 백구면,585669.0,비연안,False,OBSERVED,True,전북특별자치도,김제시,백구면,,,,,,,비연안,False,heatmap
전북특별자치도 김제시 백산면,1532678.0,비연안,False,OBSERVED,True,전북특별자치도,김제시,백산면,,,,,,,비연안,False,heatmap
전북특별자치도 김제시 봉남면,180212.0,비연안,False,OBSERVED,True,전북특별자치도,김제시,봉남면,,,,,,,비연안,False,heatmap
전북특별자치도 김제시 부량면,409924.0,비연안,False,OBSERVED,True,전북특별자치도,김제시,부량면,,,,,,,비연안,False,heatmap
전북특별자치도 김제시 성덕면,157878.0,비연안,False,OBSERVED,True,전북특별자치도,김제시,성덕면,,,,,,,비연안,False,heatmap
전북특별자치도 김제시 신풍동,914168.0,비연안,False,OBSERVED,True,전북특별자치도,김제시,신풍동,,,,,,,비연안,False,heatmap
전북특별자치도 김제시 요촌동,2606394.0,비연안,False,OBSERVED,True,전북특별자치도,김제시,요촌동,,,,,,,비연안,False,heatmap
전북특별자치도 김제시 용지면,768880.0,비연안,False,OBSERVED,True,전북특별자치도,김제시,용지면,,,,,,,비연안,False,heatmap
전북특별자치도 김제시 죽산면,326280.0,비연안,False,OBSERVED,True,전북특별자치도,김제시,죽산면,,,,,,,비연안,False,heatmap
전북특별자치도 김제시 진봉면,472899.0,연안 어촌,False,OBSERVED,True,전북특별자치도,김제시,진봉면,,,,,,,연안 어촌,False,heatmap
전북특별자치도 김제시 청하면,336651.0,비연안,False,OBSERVED,True,전북특별자치도,김제시,청하면,,,,,,,비연안,False,heatmap
전북특별자치도 김제시 황산면,278201.0,비연안,False,OBSERVED,True,전북특별자치도,김제시,황산면,,,,,,,비연안,False,heatmap
전북특별자치도 남원시 금동,1683280.0,비연안,False,OBSERVED,True,전북특별자치도,남원시,금동,,,,,,,비연안,False,heatmap
전북특별자치도 남원시 금지면,317576.0,비연안,False,OBSERVED,True,전북특별자치도,남원시,금지면,,,,,,,비연안,False,heatmap
전북특별자치도 남원시 노암동,1044264.0,비연안,False,OBSERVED,True,전북특별자치도,남원시,노암동,,,,,,,비연안,False,heatmap
전북특별자치도 남원시 대강면,240268.0,비연안,False,OBSERVED,True,전북특별자치도,남원시,대강면,,,,,,,비연안,False,heatmap
전북특별자치도 남원시 대산면,465280.0,비연안,False,OBSERVED,True,전북특별자치도,남원시,대산면,,,,,,,비연안,False,heatmap
전북특별자치도 남원시 덕과면,117274.0,비연안,False,OBSERVED,True,전북특별자치도,남원시,덕과면,,,,,,,비연안,False,heatmap
전북특별자치도 남원시 도통동,1867526.0,비연안,False,OBSERVED,True,전북특별자치도,남원시,도통동,,,,,,,비연안,False,heatmap
전북특별자치도 남원시 동충동,893284.0,비연안,False,OBSERVED,True,전북특별자치도,남원시,동충동,,,,,,,비연안,False,heatmap
전북특별자치도 남원시 보절면,112595.0,비연안,False,OBSERVED,True,전북특별자치도,남원시,보절면,,,,,,,비연안,False,heatmap
전북특별자치도 남원시 사매면,303569.0,비연안,False,OBSERVED,True,전북특별자치도,남원시,사매면,,,,,,,비연안,False,heatmap
전북특별자치도 남원시 산내면,1104946.0,비연안,False,OBSERVED,True,전북특별자치도,남원시,산내면,,,,,,,비연안,False,heatmap
전북특별자치도 남원시 산동면,194964.0,비연안,False,OBSERVED,True,전북특별자치도,남원시,산동면,,,,,,,비연안,False,heatmap
전북특별자치도 남원시 송동면,174615.0,비연안,False,OBSERVED,True,전북특별자치도,남원시,송동면,,,,,,,비연안,False,heatmap
전북특별자치도 남원시 수지면,589550.0,비연안,False,OBSERVED,True,전북특별자치도,남원시,수지면,,,,,,,비연안,False,heatmap
전북특별자치도 남원시 아영면,377937.0,비연안,False,OBSERVED,True,전북특별자치도,남원시,아영면,,,,,,,비연안,False,heatmap
전북특별자치도 남원시 왕정동,801808.0,비연안,False,OBSERVED,True,전북특별자치도,남원시,왕정동,,,,,,,비연안,False,heatmap
전북특별자치도 남원시 운봉읍,635908.0,비연안,False,OBSERVED,True,전북특별자치도,남원시,운봉읍,,,,,,,비연안,False,heatmap
전북특별자치도 남원시 이백면,278530.0,비연안,False,OBSERVED,True,전북특별자치도,남원시,이백면,,,,,,,비연안,False,heatmap
전북특별자치도 남원시 인월면,657741.0,비연안,False,OBSERVED,True,전북특별자치도,남원시,인월면,,,,,,,비연안,False,heatmap
전북특별자치도 남원시 주생면,165018.0,비연안,False,OBSERVED,True,전북특별자치도,남원시,주생면,,,,,,,비연안,False,heatmap
전북특별자치도 남원시 주천면,815682.0,비연안,False,OBSERVED,True,전북특별자치도,남원시,주천면,,,,,,,비연안,False,heatmap
전북특별자치도 남원시 죽항동,2230739.0,비연안,False,OBSERVED,True,전북특별자치도,남원시,죽항동,,,,,,,비연안,False,heatmap
전북특별자치도 남원시 향교동,1201722.0,비연안,False,OBSERVED,True,전북특별자치도,남원시,향교동,,,,,,,비연안,False,heatmap
전북특별자치도 무주군 무주읍,1894781.0,비연안,False,OBSERVED,True,전북특별자치도,무주군,무주읍,,,,,,,비연안,False,heatmap
전북특별자치도 무주군 무풍면,430269.0,비연안,False,OBSERVED,True,전북특별자치도,무주군,무풍면,,,,,,,비연안,False,heatmap
전북특별자치도 무주군 부남면,198188.0,비연안,False,OBSERVED,True,전북특별자치도,무주군,부남면,,,,,,,비연안,False,heatmap
전북특별자치도 무주군 설천면,3084102.0,비연안,False,OBSERVED,True,전북특별자치도,무주군,설천면,,,,,,,비연안,False,heatmap
전북특별자치도 무주군 안성면,3469322.0,비연안,False,OBSERVED,True,전북특별자치도,무주군,안성면,,,,,,,비연안,False,heatmap
전북특별자치도 무주군 적상면,831957.0,비연안,False,OBSERVED,True,전북특별자치도,무주군,적상면,,,,,,,비연안,False,heatmap
전북특별자치도 부안군 계화면,368536.0,연안 어촌,False,OBSERVED,True,전북특별자치도,부안군,계화면,,,,,,,연안 어촌,False,heatmap
전북특별자치도 부안군 동진면,317384.0,비연안,False,OBSERVED,True,전북특별자치도,부안군,동진면,,,,,,,비연안,False,heatmap
전북특별자치도 부안군 백산면,221778.0,비연안,False,OBSERVED,True,전북특별자치도,부안군,백산면,,,,,,,비연안,False,heatmap
전북특별자치도 부안군 변산면,4984469.0,연안 어촌,False,OBSERVED,True,전북특별자치도,부안군,변산면,,,,,,,연안 어촌,False,heatmap
전북특별자치도 부안군 보안면,488750.0,연안 어촌,False,OBSERVED,True,전북특별자치도,부안군,보안면,,,,,,,연안 어촌,False,heatmap
전북특별자치도 부안군 부안읍,2845031.0,비연안,False,OBSERVED,True,전북특별자치도,부안군,부안읍,,,,,,,비연안,False,heatmap
전북특별자치도 부안군 상서면,383442.0,비연안,False,OBSERVED,True,전북특별자치도,부안군,상서면,,,,,,,비연안,False,heatmap
전북특별자치도 부안군 위도면,536274.0,연안 어촌,False,OBSERVED,True,전북특별자치도,부안군,위도면,,,,,,,연안 어촌,False,heatmap
전북특별자치도 부안군 주산면,585711.0,비연안,False,OBSERVED,True,전북특별자치도,부안군,주산면,,,,,,,비연안,False,heatmap
전북특별자치도 부안군 줄포면,749350.0,연안 어촌,False,OBSERVED,True,전북특별자치도,부안군,줄포면,,,,,,,연안 어촌,False,heatmap
전북특별자치도 부안군 진서면,1872094.0,연안 어촌,False,OBSERVED,True,전북특별자치도,부안군,진서면,,,,,,,연안 어촌,False,heatmap
전북특별자치도 부안군 하서면,546276.0,연안 어촌,False,OBSERVED,True,전북특별자치도,부안군,하서면,,,,,,,연안 어촌,False,heatmap
전북특별자치도 부안군 행안면,545948.0,비연안,False,OBSERVED,True,전북특별자치도,부안군,행안면,,,,,,,비연안,False,heatmap
전북특별자치도 순창군 구림면,287077.0,비연안,False,OBSERVED,True,전북특별자치도,순창군,구림면,,,,,,,비연안,False,heatmap
전북특별자치도 순창군 금과면,204564.0,비연안,False,OBSERVED,True,전북특별자치도,순창군,금과면,,,,,,,비연안,False,heatmap
전북특별자치도 순창군 동계면,338398.0,비연안,False,OBSERVED,True,전북특별자치도,순창군,동계면,,,,,,,비연안,False,heatmap
전북특별자치도 순창군 복흥면,359978.0,비연안,False,OBSERVED,True,전북특별자치도,순창군,복흥면,,,,,,,비연안,False,heatmap
전북특별자치도 순창군 순창읍,2765637.0,비연안,False,OBSERVED,True,전북특별자치도,순창군,순창읍,,,,,,,비연안,False,heatmap
전북특별자치도 순창군 쌍치면,216034.0,비연안,False,OBSERVED,True,전북특별자치도,순창군,쌍치면,,,,,,,비연안,False,heatmap
전북특별자치도 순창군 유등면,131607.0,비연안,False,OBSERVED,True,전북특별자치도,순창군,유등면,,,,,,,비연안,False,heatmap
전북특별자치도 순창군 인계면,183113.0,비연안,False,OBSERVED,True,전북특별자치도,순창군,인계면,,,,,,,비연안,False,heatmap
전북특별자치도 순창군 적성면,372708.0,비연안,False,OBSERVED,True,전북특별자치도,순창군,적성면,,,,,,,비연안,False,heatmap
전북특별자치도 순창군 팔덕면,839528.0,비연안,False,OBSERVED,True,전북특별자치도,순창군,팔덕면,,,,,,,비연안,False,heatmap
전북특별자치도 순창군 풍산면,213794.0,비연안,False,OBSERVED,True,전북특별자치도,순창군,풍산면,,,,,,,비연안,False,heatmap
전북특별자치도 완주군 경천면,210966.0,비연안,False,OBSERVED,True,전북특별자치도,완주군,경천면,,,,,,,비연안,False,heatmap
전북특별자치도 완주군 고산면,1116780.0,비연안,False,OBSERVED,True,전북특별자치도,완주군,고산면,,,,,,,비연안,False,heatmap
전북특별자치도 완주군 구이면,2256471.0,비연안,False,OBSERVED,True,전북특별자치도,완주군,구이면,,,,,,,비연안,False,heatmap
전북특별자치도 완주군 동상면,667930.0,비연안,False,OBSERVED,True,전북특별자치도,완주군,동상면,,,,,,,비연안,False,heatmap
전북특별자치도 완주군 봉동읍,3910210.0,비연안,False,OBSERVED,True,전북특별자치도,완주군,봉동읍,,,,,,,비연안,False,heatmap
전북특별자치도 완주군 비봉면,313316.0,비연안,False,OBSERVED,True,전북특별자치도,완주군,비봉면,,,,,,,비연안,False,heatmap
전북특별자치도 완주군 삼례읍,3967912.0,비연안,False,OBSERVED,True,전북특별자치도,완주군,삼례읍,,,,,,,비연안,False,heatmap
전북특별자치도 완주군 상관면,1203696.0,비연안,False,OBSERVED,True,전북특별자치도,완주군,상관면,,,,,,,비연안,False,heatmap
전북특별자치도 완주군 소양면,2435920.0,비연안,False,OBSERVED,True,전북특별자치도,완주군,소양면,,,,,,,비연안,False,heatmap
전북특별자치도 완주군 용진읍,1485022.0,비연안,False,OBSERVED,True,전북특별자치도,완주군,용진읍,,,,,,,비연안,False,heatmap
전북특별자치도 완주군 운주면,1226816.0,비연안,False,OBSERVED,True,전북특별자치도,완주군,운주면,,,,,,,비연안,False,heatmap
전북특별자치도 완주군 이서면,5959390.0,비연안,False,OBSERVED,True,전북특별자치도,완주군,이서면,,,,,,,비연안,False,heatmap
전북특별자치도 완주군 화산면,480140.0,비연안,False,OBSERVED,True,전북특별자치도,완주군,화산면,,,,,,,비연안,False,heatmap
전북특별자치도 익산시 금마면,1420864.0,비연안,False,OBSERVED,True,전북특별자치도,익산시,금마면,,,,,,,비연안,False,heatmap
전북특별자치도 익산시 남중동,1752198.0,비연안,False,OBSERVED,True,전북특별자치도,익산시,남중동,,,,,,,비연안,False,heatmap
전북특별자치도 익산시 낭산면,441077.0,비연안,False,OBSERVED,True,전북특별자치도,익산시,낭산면,,,,,,,비연안,False,heatmap
전북특별자치도 익산시 동산동,1644086.0,비연안,False,OBSERVED,True,전북특별자치도,익산시,동산동,,,,,,,비연안,False,heatmap
전북특별자치도 익산시 마동,798962.0,비연안,False,OBSERVED,True,전북특별자치도,익산시,마동,,,,,,,비연안,False,heatmap
전북특별자치도 익산시 망성면,417991.0,비연안,False,OBSERVED,True,전북특별자치도,익산시,망성면,,,,,,,비연안,False,heatmap
전북특별자치도 익산시 모현동,4359936.0,비연안,False,OBSERVED,True,전북특별자치도,익산시,모현동,,,,,,,비연안,False,heatmap
전북특별자치도 익산시 삼기면,461566.0,비연안,False,OBSERVED,True,전북특별자치도,익산시,삼기면,,,,,,,비연안,False,heatmap
전북특별자치도 익산시 삼성동,2014096.0,비연안,False,OBSERVED,True,전북특별자치도,익산시,삼성동,,,,,,,비연안,False,heatmap
전북특별자치도 익산시 성당면,260040.0,비연안,False,OBSERVED,True,전북특별자치도,익산시,성당면,,,,,,,비연안,False,heatmap
전북특별자치도 익산시 송학동,1311754.0,비연안,False,OBSERVED,True,전북특별자치도,익산시,송학동,,,,,,,비연안,False,heatmap
전북특별자치도 익산시 신동,3157542.0,비연안,False,OBSERVED,True,전북특별자치도,익산시,신동,,,,,,,비연안,False,heatmap
전북특별자치도 익산시 어양동,1684550.0,비연안,False,OBSERVED,True,전북특별자치도,익산시,어양동,,,,,,,비연안,False,heatmap
전북특별자치도 익산시 여산면,1781703.0,비연안,False,OBSERVED,True,전북특별자치도,익산시,여산면,,,,,,,비연안,False,heatmap
전북특별자치도 익산시 영등1동,1467032.0,비연안,False,OBSERVED,True,전북특별자치도,익산시,영등1동,,,,,,,비연안,False,heatmap
전북특별자치도 익산시 영등2동,3185088.0,비연안,False,OBSERVED,True,전북특별자치도,익산시,영등2동,,,,,,,비연안,False,heatmap
전북특별자치도 익산시 오산면,534156.0,비연안,False,OBSERVED,True,전북특별자치도,익산시,오산면,,,,,,,비연안,False,heatmap
전북특별자치도 익산시 왕궁면,1600893.0,비연안,False,OBSERVED,True,전북특별자치도,익산시,왕궁면,,,,,,,비연안,False,heatmap
전북특별자치도 익산시 용동면,100174.0,비연안,False,OBSERVED,True,전북특별자치도,익산시,용동면,,,,,,,비연안,False,heatmap
전북특별자치도 익산시 용안면,238606.0,비연안,False,OBSERVED,True,전북특별자치도,익산시,용안면,,,,,,,비연안,False,heatmap
전북특별자치도 익산시 웅포면,510426.0,비연안,False,OBSERVED,True,전북특별자치도,익산시,웅포면,,,,,,,비연안,False,heatmap
전북특별자치도 익산시 인화동,1275407.0,비연안,False,OBSERVED,True,전북특별자치도,익산시,인화동,,,,,,,비연안,False,heatmap
전북특별자치도 익산시 중앙동,2589254.0,비연안,False,OBSERVED,True,전북특별자치도,익산시,중앙동,,,,,,,비연안,False,heatmap
전북특별자치도 익산시 춘포면,618086.0,비연안,False,OBSERVED,True,전북특별자치도,익산시,춘포면,,,,,,,비연안,False,heatmap
전북특별자치도 익산시 팔봉동,1934628.0,비연안,False,OBSERVED,True,전북특별자치도,익산시,팔봉동,,,,,,,비연안,False,heatmap
전북특별자치도 익산시 평화동,1147993.0,비연안,False,OBSERVED,True,전북특별자치도,익산시,평화동,,,,,,,비연안,False,heatmap
전북특별자치도 익산시 함라면,467296.0,비연안,False,OBSERVED,True,전북특별자치도,익산시,함라면,,,,,,,비연안,False,heatmap
전북특별자치도 익산시 함열읍,968695.0,비연안,False,OBSERVED,True,전북특별자치도,익산시,함열읍,,,,,,,비연안,False,heatmap
전북특별자치도 익산시 황등면,714668.0,비연안,False,OBSERVED,True,전북특별자치도,익산시,황등면,,,,,,,비연안,False,heatmap
전북특별자치도 임실군 강진면,1003642.0,비연안,False,OBSERVED,True,전북특별자치도,임실군,강진면,,,,,,,비연안,False,heatmap
전북특별자치도 임실군 관촌면,758457.0,비연안,False,OBSERVED,True,전북특별자치도,임실군,관촌면,,,,,,,비연안,False,heatmap
전북특별자치도 임실군 덕치면,171882.0,비연안,False,OBSERVED,True,전북특별자치도,임실군,덕치면,,,,,,,비연안,False,heatmap
전북특별자치도 임실군 삼계면,219912.0,비연안,False,OBSERVED,True,전북특별자치도,임실군,삼계면,,,,,,,비연안,False,heatmap
전북특별자치도 임실군 성수면,1203408.0,비연안,False,OBSERVED,True,전북특별자치도,임실군,성수면,,,,,,,비연안,False,heatmap
전북특별자치도 임실군 신덕면,299229.0,비연안,False,OBSERVED,True,전북특별자치도,임실군,신덕면,,,,,,,비연안,False,heatmap
전북특별자치도 임실군 신평면,227664.0,비연안,False,OBSERVED,True,전북특별자치도,임실군,신평면,,,,,,,비연안,False,heatmap
전북특별자치도 임실군 오수면,3293122.0,비연안,False,OBSERVED,True,전북특별자치도,임실군,오수면,,,,,,,비연안,False,heatmap
전북특별자치도 임실군 운암면,1543143.0,비연안,False,OBSERVED,True,전북특별자치도,임실군,운암면,,,,,,,비연안,False,heatmap
전북특별자치도 임실군 임실읍,1727582.0,비연안,False,OBSERVED,True,전북특별자치도,임실군,임실읍,,,,,,,비연안,False,heatmap
전북특별자치도 임실군 지사면,148666.0,비연안,False,OBSERVED,True,전북특별자치도,임실군,지사면,,,,,,,비연안,False,heatmap
전북특별자치도 임실군 청웅면,205933.0,비연안,False,OBSERVED,True,전북특별자치도,임실군,청웅면,,,,,,,비연안,False,heatmap
전북특별자치도 장수군 계남면,327344.0,비연안,False,OBSERVED,True,전북특별자치도,장수군,계남면,,,,,,,비연안,False,heatmap
전북특별자치도 장수군 계북면,194170.0,비연안,False,OBSERVED,True,전북특별자치도,장수군,계북면,,,,,,,비연안,False,heatmap
전북특별자치도 장수군 번암면,439414.0,비연안,False,OBSERVED,True,전북특별자치도,장수군,번암면,,,,,,,비연안,False,heatmap
전북특별자치도 장수군 산서면,304451.0,비연안,False,OBSERVED,True,전북특별자치도,장수군,산서면,,,,,,,비연안,False,heatmap
전북특별자치도 장수군 장계면,710700.0,비연안,False,OBSERVED,True,전북특별자치도,장수군,장계면,,,,,,,비연안,False,heatmap
전북특별자치도 장수군 장수읍,926566.0,비연안,False,OBSERVED,True,전북특별자치도,장수군,장수읍,,,,,,,비연안,False,heatmap
전북특별자치도 장수군 천천면,287168.0,비연안,False,OBSERVED,True,전북특별자치도,장수군,천천면,,,,,,,비연안,False,heatmap
전북특별자치도 전주시 덕진구 금암동,7664240.0,비연안,False,OBSERVED,True,전북특별자치도,전주시 덕진구,금암동,,,,,,,비연안,False,heatmap
전북특별자치도 전주시 덕진구 덕진동,11422120.0,비연안,False,OBSERVED,True,전북특별자치도,전주시 덕진구,덕진동,,,,,,,비연안,False,heatmap
전북특별자치도 전주시 덕진구 송천1동,3310601.0,비연안,False,OBSERVED,True,전북특별자치도,전주시 덕진구,송천1동,,,,,,,비연안,False,heatmap
전북특별자치도 전주시 덕진구 송천2동,3690477.0,비연안,False,OBSERVED,True,전북특별자치도,전주시 덕진구,송천2동,,,,,,,비연안,False,heatmap
전북특별자치도 전주시 덕진구 송천3동,1907171.0,비연안,False,OBSERVED,True,전북특별자치도,전주시 덕진구,송천3동,,,,,,,비연안,False,heatmap
전북특별자치도 전주시 덕진구 여의동,4287070.0,비연안,False,OBSERVED,True,전북특별자치도,전주시 덕진구,여의동,,,,,,,비연안,False,heatmap
전북특별자치도 전주시 덕진구 우아1동,2222066.0,비연안,False,OBSERVED,True,전북특별자치도,전주시 덕진구,우아1동,,,,,,,비연안,False,heatmap
전북특별자치도 전주시 덕진구 우아2동,3936300.0,비연안,False,OBSERVED,True,전북특별자치도,전주시 덕진구,우아2동,,,,,,,비연안,False,heatmap
전북특별자치도 전주시 덕진구 인후1동,1107620.0,비연안,False,OBSERVED,True,전북특별자치도,전주시 덕진구,인후1동,,,,,,,비연안,False,heatmap
전북특별자치도 전주시 덕진구 인후2동,1410262.0,비연안,False,OBSERVED,True,전북특별자치도,전주시 덕진구,인후2동,,,,,,,비연안,False,heatmap
전북특별자치도 전주시 덕진구 인후3동,2624716.0,비연안,False,OBSERVED,True,전북특별자치도,전주시 덕진구,인후3동,,,,,,,비연안,False,heatmap
전북특별자치도 전주시 덕진구 조촌동,2214863.0,비연안,False,OBSERVED,True,전북특별자치도,전주시 덕진구,조촌동,,,,,,,비연안,False,heatmap
전북특별자치도 전주시 덕진구 진북동,2416558.0,비연안,False,OBSERVED,True,전북특별자치도,전주시 덕진구,진북동,,,,,,,비연안,False,heatmap
전북특별자치도 전주시 덕진구 팔복동,2370700.0,비연안,False,OBSERVED,True,전북특별자치도,전주시 덕진구,팔복동,,,,,,,비연안,False,heatmap
전북특별자치도 전주시 덕진구 혁신동,2949450.0,비연안,False,OBSERVED,True,전북특별자치도,전주시 덕진구,혁신동,,,,,,,비연안,False,heatmap
전북특별자치도 전주시 덕진구 호성동,1997282.0,비연안,False,OBSERVED,True,전북특별자치도,전주시 덕진구,호성동,,,,,,,비연안,False,heatmap
전북특별자치도 전주시 완산구 노송동,5831060.0,비연안,False,OBSERVED,True,전북특별자치도,전주시 완산구,노송동,,,,,,,비연안,False,heatmap
전북특별자치도 전주시 완산구 동서학동,1757746.0,비연안,False,OBSERVED,True,전북특별자치도,전주시 완산구,동서학동,,,,,,,비연안,False,heatmap
전북특별자치도 전주시 완산구 삼천1동,688667.0,비연안,False,OBSERVED,True,전북특별자치도,전주시 완산구,삼천1동,,,,,,,비연안,False,heatmap
전북특별자치도 전주시 완산구 삼천2동,1139380.0,비연안,False,OBSERVED,True,전북특별자치도,전주시 완산구,삼천2동,,,,,,,비연안,False,heatmap
전북특별자치도 전주시 완산구 삼천3동,2220404.0,비연안,False,OBSERVED,True,전북특별자치도,전주시 완산구,삼천3동,,,,,,,비연안,False,heatmap
전북특별자치도 전주시 완산구 서서학동,548684.0,비연안,False,OBSERVED,True,전북특별자치도,전주시 완산구,서서학동,,,,,,,비연안,False,heatmap
전북특별자치도 전주시 완산구 서신동,5148482.0,비연안,False,OBSERVED,True,전북특별자치도,전주시 완산구,서신동,,,,,,,비연안,False,heatmap
전북특별자치도 전주시 완산구 완산동,823249.0,비연안,False,OBSERVED,True,전북특별자치도,전주시 완산구,완산동,,,,,,,비연안,False,heatmap
전북특별자치도 전주시 완산구 중앙동,8131602.0,비연안,False,OBSERVED,True,전북특별자치도,전주시 완산구,중앙동,,,,,,,비연안,False,heatmap
전북특별자치도 전주시 완산구 중화산1동,3082790.0,비연안,False,OBSERVED,True,전북특별자치도,전주시 완산구,중화산1동,,,,,,,비연안,False,heatmap
전북특별자치도 전주시 완산구 중화산2동,3777806.0,비연안,False,OBSERVED,True,전북특별자치도,전주시 완산구,중화산2동,,,,,,,비연안,False,heatmap
전북특별자치도 전주시 완산구 평화1동,639128.0,비연안,False,OBSERVED,True,전북특별자치도,전주시 완산구,평화1동,,,,,,,비연안,False,heatmap
전북특별자치도 전주시 완산구 평화2동,3272854.0,비연안,False,OBSERVED,True,전북특별자치도,전주시 완산구,평화2동,,,,,,,비연안,False,heatmap
전북특별자치도 전주시 완산구 풍남동,7162701.0,비연안,False,OBSERVED,True,전북특별자치도,전주시 완산구,풍남동,,,,,,,비연안,False,heatmap
전북특별자치도 전주시 완산구 효자1동,1018594.0,비연안,False,OBSERVED,True,전북특별자치도,전주시 완산구,효자1동,,,,,,,비연안,False,heatmap
전북특별자치도 전주시 완산구 효자2동,1404372.0,비연안,False,OBSERVED,True,전북특별자치도,전주시 완산구,효자2동,,,,,,,비연안,False,heatmap
전북특별자치도 전주시 완산구 효자3동,1648868.0,비연안,False,OBSERVED,True,전북특별자치도,전주시 완산구,효자3동,,,,,,,비연안,False,heatmap
전북특별자치도 전주시 완산구 효자4동,5443988.0,비연안,False,OBSERVED,True,전북특별자치도,전주시 완산구,효자4동,,,,,,,비연안,False,heatmap
전북특별자치도 전주시 완산구 효자5동,7472108.0,비연안,False,OBSERVED,True,전북특별자치도,전주시 완산구,효자5동,,,,,,,비연안,False,heatmap
전북특별자치도 정읍시 감곡면,573304.0,비연안,False,OBSERVED,True,전북특별자치도,정읍시,감곡면,,,,,,,비연안,False,heatmap
전북특별자치도 정읍시 고부면,324902.0,비연안,False,OBSERVED,True,전북특별자치도,정읍시,고부면,,,,,,,비연안,False,heatmap
전북특별자치도 정읍시 내장상동,2822928.0,비연안,False,OBSERVED,True,전북특별자치도,정읍시,내장상동,,,,,,,비연안,False,heatmap
전북특별자치도 정읍시 농소동,857112.0,비연안,False,OBSERVED,True,전북특별자치도,정읍시,농소동,,,,,,,비연안,False,heatmap
전북특별자치도 정읍시 덕천면,181335.0,비연안,False,OBSERVED,True,전북특별자치도,정읍시,덕천면,,,,,,,비연안,False,heatmap
전북특별자치도 정읍시 북면,959980.0,비연안,False,OBSERVED,True,전북특별자치도,정읍시,북면,,,,,,,비연안,False,heatmap
전북특별자치도 정읍시 산내면,301609.0,비연안,False,OBSERVED,True,전북특별자치도,정읍시,산내면,,,,,,,비연안,False,heatmap
전북특별자치도 정읍시 산외면,454598.0,비연안,False,OBSERVED,True,전북특별자치도,정읍시,산외면,,,,,,,비연안,False,heatmap
전북특별자치도 정읍시 상교동,911046.0,비연안,False,OBSERVED,True,전북특별자치도,정읍시,상교동,,,,,,,비연안,False,heatmap
전북특별자치도 정읍시 소성면,206818.0,비연안,False,OBSERVED,True,전북특별자치도,정읍시,소성면,,,,,,,비연안,False,heatmap
전북특별자치도 정읍시 수성동,2070960.0,비연안,False,OBSERVED,True,전북특별자치도,정읍시,수성동,,,,,,,비연안,False,heatmap
전북특별자치도 정읍시 시기동,490987.0,비연안,False,OBSERVED,True,전북특별자치도,정읍시,시기동,,,,,,,비연안,False,heatmap
전북특별자치도 정읍시 신태인읍,599826.0,비연안,False,OBSERVED,True,전북특별자치도,정읍시,신태인읍,,,,,,,비연안,False,heatmap
전북특별자치도 정읍시 연지동,2046440.0,비연안,False,OBSERVED,True,전북특별자치도,정읍시,연지동,,,,,,,비연안,False,heatmap
전북특별자치도 정읍시 영원면,196942.0,비연안,False,OBSERVED,True,전북특별자치도,정읍시,영원면,,,,,,,비연안,False,heatmap
전북특별자치도 정읍시 옹동면,175378.0,비연안,False,OBSERVED,True,전북특별자치도,정읍시,옹동면,,,,,,,비연안,False,heatmap
전북특별자치도 정읍시 이평면,188240.0,비연안,False,OBSERVED,True,전북특별자치도,정읍시,이평면,,,,,,,비연안,False,heatmap
전북특별자치도 정읍시 입암면,250968.0,비연안,False,OBSERVED,True,전북특별자치도,정읍시,입암면,,,,,,,비연안,False,heatmap
전북특별자치도 정읍시 장명동,433184.0,비연안,False,OBSERVED,True,전북특별자치도,정읍시,장명동,,,,,,,비연안,False,heatmap
전북특별자치도 정읍시 정우면,282625.0,비연안,False,OBSERVED,True,전북특별자치도,정읍시,정우면,,,,,,,비연안,False,heatmap
전북특별자치도 정읍시 초산동,803824.0,비연안,False,OBSERVED,True,전북특별자치도,정읍시,초산동,,,,,,,비연안,False,heatmap
전북특별자치도 정읍시 칠보면,350276.0,비연안,False,OBSERVED,True,전북특별자치도,정읍시,칠보면,,,,,,,비연안,False,heatmap
전북특별자치도 정읍시 태인면,588480.0,비연안,False,OBSERVED,True,전북특별자치도,정읍시,태인면,,,,,,,비연안,False,heatmap
전북특별자치도 진안군 동향면,163023.0,비연안,False,OBSERVED,True,전북특별자치도,진안군,동향면,,,,,,,비연안,False,heatmap
전북특별자치도 진안군 마령면,993538.0,비연안,False,OBSERVED,True,전북특별자치도,진안군,마령면,,,,,,,비연안,False,heatmap
전북특별자치도 진안군 백운면,351393.0,비연안,False,OBSERVED,True,전북특별자치도,진안군,백운면,,,,,,,비연안,False,heatmap
전북특별자치도 진안군 부귀면,727976.0,비연안,False,OBSERVED,True,전북특별자치도,진안군,부귀면,,,,,,,비연안,False,heatmap
전북특별자치도 진안군 상전면,143174.0,비연안,False,OBSERVED,True,전북특별자치도,진안군,상전면,,,,,,,비연안,False,heatmap
전북특별자치도 진안군 성수면,246572.0,비연안,False,OBSERVED,True,전북특별자치도,진안군,성수면,,,,,,,비연안,False,heatmap
전북특별자치도 진안군 안천면,298204.0,비연안,False,OBSERVED,True,전북특별자치도,진안군,안천면,,,,,,,비연안,False,heatmap
전북특별자치도 진안군 용담면,237692.0,비연안,False,OBSERVED,True,전북특별자치도,진안군,용담면,,,,,,,비연안,False,heatmap
전북특별자치도 진안군 정천면,275524.0,비연안,False,OBSERVED,True,전북특별자치도,진안군,정천면,,,,,,,비연안,False,heatmap
전북특별자치도 진안군 주천면,397628.0,비연안,False,OBSERVED,True,전북특별자치도,진안군,주천면,,,,,,,비연안,False,heatmap
전북특별자치도 진안군 진안읍,2271990.0,비연안,False,OBSERVED,True,전북특별자치도,진안군,진안읍,,,,,,,비연안,False,heatmap
제주특별자치도 서귀포시 남원읍,5372647.0,연안 어촌,False,OBSERVED,True,제주특별자치도,서귀포시,남원읍,,,,,,,연안 어촌,False,heatmap
제주특별자치도 서귀포시 대륜동,4678370.0,연안 도시,False,OBSERVED,True,제주특별자치도,서귀포시,대륜동,,,,,,,연안 도시,False,heatmap
제주특별자치도 서귀포시 대정읍,6925404.0,연안 어촌,False,OBSERVED,True,제주특별자치도,서귀포시,대정읍,,,,,,,연안 어촌,False,heatmap
제주특별자치도 서귀포시 대천동,2655681.0,연안 도시,False,OBSERVED,True,제주특별자치도,서귀포시,대천동,,,,,,,연안 도시,False,heatmap
제주특별자치도 서귀포시 동홍동,3657182.0,비연안,False,OBSERVED,True,제주특별자치도,서귀포시,동홍동,,,,,,,비연안,False,heatmap
제주특별자치도 서귀포시 서홍동,1238010.0,비연안,False,OBSERVED,True,제주특별자치도,서귀포시,서홍동,,,,,,,비연안,False,heatmap
제주특별자치도 서귀포시 성산읍,8775974.0,연안 어촌,False,OBSERVED,True,제주특별자치도,서귀포시,성산읍,,,,,,,연안 어촌,False,heatmap
제주특별자치도 서귀포시 송산동,2827724.0,연안 도시,False,OBSERVED,True,제주특별자치도,서귀포시,송산동,2827723.0,1968235.0,30.4,43.66795631619191,5.0,연안 도시,연안 도시,False,heatmap_and_selected_top5
제주특별자치도 서귀포시 안덕면,11895880.0,연안 어촌,False,OBSERVED,True,제주특별자치도,서귀포시,안덕면,,,,,,,연안 어촌,False,heatmap
제주특별자치도 서귀포시 영천동,1960864.0,비연안,False,OBSERVED,True,제주특별자치도,서귀포시,영천동,,,,,,,비연안,False,heatmap
제주특별자치도 서귀포시 예래동,7383582.0,연안 도시,False,OBSERVED,True,제주특별자치도,서귀포시,예래동,,,,,,,연안 도시,False,heatmap
제주특별자치도 서귀포시 정방동,2937662.0,연안 도시,False,OBSERVED,True,제주특별자치도,서귀포시,정방동,,,,,,,연안 도시,False,heatmap
제주특별자치도 서귀포시 중문동,5280408.0,연안 도시,False,OBSERVED,True,제주특별자치도,서귀포시,중문동,,,,,,,연안 도시,False,heatmap
제주특별자치도 서귀포시 중앙동,7267967.0,비연안,False,OBSERVED,True,제주특별자치도,서귀포시,중앙동,,,,,,,비연안,False,heatmap
제주특별자치도 서귀포시 천지동,2487978.0,연안 도시,False,OBSERVED,True,제주특별자치도,서귀포시,천지동,,,,,,,연안 도시,False,heatmap
제주특별자치도 서귀포시 표선면,6825812.0,연안 어촌,False,OBSERVED,True,제주특별자치도,서귀포시,표선면,,,,,,,연안 어촌,False,heatmap
제주특별자치도 서귀포시 효돈동,1403672.0,연안 도시,False,OBSERVED,True,제주특별자치도,서귀포시,효돈동,,,,,,,연안 도시,False,heatmap
제주특별자치도 제주시 건입동,4364552.0,연안 도시,False,OBSERVED,True,제주특별자치도,제주시,건입동,,,,,,,연안 도시,False,heatmap
제주특별자치도 제주시 구좌읍,7740397.0,연안 어촌,False,OBSERVED,True,제주특별자치도,제주시,구좌읍,,,,,,,연안 어촌,False,heatmap
제주특별자치도 제주시 노형동,7859124.0,비연안,False,OBSERVED,True,제주특별자치도,제주시,노형동,,,,,,,비연안,False,heatmap
제주특별자치도 제주시 도두동,3940671.0,연안 도시,False,OBSERVED,True,제주특별자치도,제주시,도두동,,,,,,,연안 도시,False,heatmap
제주특별자치도 제주시 봉개동,2244025.0,비연안,False,OBSERVED,True,제주특별자치도,제주시,봉개동,,,,,,,비연안,False,heatmap
제주특별자치도 제주시 삼도1동,1623248.0,비연안,False,OBSERVED,True,제주특별자치도,제주시,삼도1동,,,,,,,비연안,False,heatmap
제주특별자치도 제주시 삼도2동,3599617.0,연안 도시,False,OBSERVED,True,제주특별자치도,제주시,삼도2동,,,,,,,연안 도시,False,heatmap
제주특별자치도 제주시 삼양동,1383708.0,연안 도시,False,OBSERVED,True,제주특별자치도,제주시,삼양동,,,,,,,연안 도시,False,heatmap
제주특별자치도 제주시 아라동,4599766.0,비연안,False,OBSERVED,True,제주특별자치도,제주시,아라동,,,,,,,비연안,False,heatmap
제주특별자치도 제주시 애월읍,13619620.0,연안 어촌,False,OBSERVED,True,제주특별자치도,제주시,애월읍,,,,,,,연안 어촌,False,heatmap
제주특별자치도 제주시 연동,9827776.0,비연안,False,OBSERVED,True,제주특별자치도,제주시,연동,,,,,,,비연안,False,heatmap
제주특별자치도 제주시 오라동,4295949.0,비연안,False,OBSERVED,True,제주특별자치도,제주시,오라동,,,,,,,비연안,False,heatmap
제주특별자치도 제주시 외도동,1767350.0,연안 도시,False,OBSERVED,True,제주특별자치도,제주시,외도동,,,,,,,연안 도시,False,heatmap
제주특별자치도 제주시 용담1동,1433691.0,연안 도시,False,OBSERVED,True,제주특별자치도,제주시,용담1동,,,,,,,연안 도시,False,heatmap
제주특별자치도 제주시 용담2동,17559437.0,연안 도시,False,OBSERVED,True,제주특별자치도,제주시,용담2동,,,,,,,연안 도시,False,heatmap
제주특별자치도 제주시 우도면,1416320.0,연안 어촌,False,OBSERVED,True,제주특별자치도,제주시,우도면,,,,,,,연안 어촌,False,heatmap
제주특별자치도 제주시 이도1동,4675982.0,비연안,False,OBSERVED,True,제주특별자치도,제주시,이도1동,,,,,,,비연안,False,heatmap
제주특별자치도 제주시 이도2동,5284027.0,비연안,False,OBSERVED,True,제주특별자치도,제주시,이도2동,,,,,,,비연안,False,heatmap
제주특별자치도 제주시 이호동,2581372.0,연안 도시,False,OBSERVED,True,제주특별자치도,제주시,이호동,,,,,,,연안 도시,False,heatmap
제주특별자치도 제주시 일도1동,3315816.0,비연안,False,OBSERVED,True,제주특별자치도,제주시,일도1동,,,,,,,비연안,False,heatmap
제주특별자치도 제주시 일도2동,2440680.0,비연안,False,OBSERVED,True,제주특별자치도,제주시,일도2동,,,,,,,비연안,False,heatmap
제주특별자치도 제주시 조천읍,8973660.0,연안 어촌,False,OBSERVED,True,제주특별자치도,제주시,조천읍,,,,,,,연안 어촌,False,heatmap
제주특별자치도 제주시 추자면,921974.0,연안 어촌,False,OBSERVED,True,제주특별자치도,제주시,추자면,,,,,,,연안 어촌,False,heatmap
제주특별자치도 제주시 한경면,3909654.0,연안 어촌,False,OBSERVED,True,제주특별자치도,제주시,한경면,,,,,,,연안 어촌,False,heatmap
제주특별자치도 제주시 한림읍,7326050.0,연안 어촌,False,OBSERVED,True,제주특별자치도,제주시,한림읍,,,,,,,연안 어촌,False,heatmap
제주특별자치도 제주시 화북동,1375706.0,연안 도시,False,OBSERVED,True,제주특별자치도,제주시,화북동,,,,,,,연안 도시,False,heatmap
충청남도 계룡시 금암동,1551028.0,비연안,False,OBSERVED,True,충청남도,계룡시,금암동,,,,,,,비연안,False,heatmap
충청남도 계룡시 두마면,931584.0,비연안,False,OBSERVED,True,충청남도,계룡시,두마면,,,,,,,비연안,False,heatmap
충청남도 계룡시 신도안면,1764794.0,비연안,False,OBSERVED,True,충청남도,계룡시,신도안면,,,,,,,비연안,False,heatmap
충청남도 계룡시 엄사면,1947932.0,비연안,False,OBSERVED,True,충청남도,계룡시,엄사면,,,,,,,비연안,False,heatmap
충청남도 공주시 계룡면,1509641.0,비연안,False,OBSERVED,True,충청남도,공주시,계룡면,,,,,,,비연안,False,heatmap
충청남도 공주시 금학동,727646.0,비연안,False,OBSERVED,True,충청남도,공주시,금학동,,,,,,,비연안,False,heatmap
충청남도 공주시 반포면,5373844.0,비연안,False,OBSERVED,True,충청남도,공주시,반포면,,,,,,,비연안,False,heatmap
충청남도 공주시 사곡면,1231622.0,비연안,False,OBSERVED,True,충청남도,공주시,사곡면,,,,,,,비연안,False,heatmap
충청남도 공주시 신관동,5262439.0,비연안,False,OBSERVED,True,충청남도,공주시,신관동,,,,,,,비연안,False,heatmap
충청남도 공주시 신풍면,559349.0,비연안,False,OBSERVED,True,충청남도,공주시,신풍면,,,,,,,비연안,False,heatmap
충청남도 공주시 옥룡동,1063692.0,비연안,False,OBSERVED,True,충청남도,공주시,옥룡동,,,,,,,비연안,False,heatmap
충청남도 공주시 우성면,846842.0,비연안,False,OBSERVED,True,충청남도,공주시,우성면,,,,,,,비연안,False,heatmap
충청남도 공주시 웅진동,3674366.0,비연안,False,OBSERVED,True,충청남도,공주시,웅진동,,,,,,,비연안,False,heatmap
충청남도 공주시 월송동,2237610.0,비연안,False,OBSERVED,True,충청남도,공주시,월송동,,,,,,,비연안,False,heatmap
충청남도 공주시 유구읍,1280380.0,비연안,False,OBSERVED,True,충청남도,공주시,유구읍,,,,,,,비연안,False,heatmap
충청남도 공주시 의당면,1320914.0,비연안,False,OBSERVED,True,충청남도,공주시,의당면,,,,,,,비연안,False,heatmap
충청남도 공주시 이인면,963652.0,비연안,False,OBSERVED,True,충청남도,공주시,이인면,,,,,,,비연안,False,heatmap
충청남도 공주시 정안면,3912072.0,비연안,False,OBSERVED,True,충청남도,공주시,정안면,,,,,,,비연안,False,heatmap
충청남도 공주시 중학동,1405114.0,비연안,False,OBSERVED,True,충청남도,공주시,중학동,,,,,,,비연안,False,heatmap
충청남도 공주시 탄천면,1469167.0,비연안,False,OBSERVED,True,충청남도,공주시,탄천면,,,,,,,비연안,False,heatmap
충청남도 금산군 군북면,1237176.0,비연안,False,OBSERVED,True,충청남도,금산군,군북면,,,,,,,비연안,False,heatmap
충청남도 금산군 금산읍,3421218.0,비연안,False,OBSERVED,True,충청남도,금산군,금산읍,,,,,,,비연안,False,heatmap
충청남도 금산군 금성면,564921.0,비연안,False,OBSERVED,True,충청남도,금산군,금성면,,,,,,,비연안,False,heatmap
충청남도 금산군 남이면,461188.0,비연안,False,OBSERVED,True,충청남도,금산군,남이면,,,,,,,비연안,False,heatmap
충청남도 금산군 남일면,353952.0,비연안,False,OBSERVED,True,충청남도,금산군,남일면,,,,,,,비연안,False,heatmap
충청남도 금산군 복수면,1066292.0,비연안,False,OBSERVED,True,충청남도,금산군,복수면,,,,,,,비연안,False,heatmap
충청남도 금산군 부리면,440776.0,비연안,False,OBSERVED,True,충청남도,금산군,부리면,,,,,,,비연안,False,heatmap
충청남도 금산군 제원면,1112828.0,비연안,False,OBSERVED,True,충청남도,금산군,제원면,,,,,,,비연안,False,heatmap
충청남도 금산군 진산면,1425613.0,비연안,False,OBSERVED,True,충청남도,금산군,진산면,,,,,,,비연안,False,heatmap
충청남도 금산군 추부면,2109198.0,비연안,False,OBSERVED,True,충청남도,금산군,추부면,,,,,,,비연안,False,heatmap
충청남도 논산시 가야곡면,1057900.0,비연안,False,OBSERVED,True,충청남도,논산시,가야곡면,,,,,,,비연안,False,heatmap
충청남도 논산시 강경읍,1819377.0,비연안,False,OBSERVED,True,충청남도,논산시,강경읍,,,,,,,비연안,False,heatmap
충청남도 논산시 광석면,514024.0,비연안,False,OBSERVED,True,충청남도,논산시,광석면,,,,,,,비연안,False,heatmap
충청남도 논산시 노성면,547194.0,비연안,False,OBSERVED,True,충청남도,논산시,노성면,,,,,,,비연안,False,heatmap
충청남도 논산시 벌곡면,1520018.0,비연안,False,OBSERVED,True,충청남도,논산시,벌곡면,,,,,,,비연안,False,heatmap
충청남도 논산시 부적면,998946.0,비연안,False,OBSERVED,True,충청남도,논산시,부적면,,,,,,,비연안,False,heatmap
충청남도 논산시 부창동,1666038.0,비연안,False,OBSERVED,True,충청남도,논산시,부창동,,,,,,,비연안,False,heatmap
충청남도 논산시 상월면,631410.0,비연안,False,OBSERVED,True,충청남도,논산시,상월면,,,,,,,비연안,False,heatmap
충청남도 논산시 성동면,586740.0,비연안,False,OBSERVED,True,충청남도,논산시,성동면,,,,,,,비연안,False,heatmap
충청남도 논산시 양촌면,934294.0,비연안,False,OBSERVED,True,충청남도,논산시,양촌면,,,,,,,비연안,False,heatmap
충청남도 논산시 연무읍,3480722.0,비연안,False,OBSERVED,True,충청남도,논산시,연무읍,,,,,,,비연안,False,heatmap
충청남도 논산시 연산면,1723204.0,비연안,False,OBSERVED,True,충청남도,논산시,연산면,,,,,,,비연안,False,heatmap
충청남도 논산시 은진면,754162.0,비연안,False,OBSERVED,True,충청남도,논산시,은진면,,,,,,,비연안,False,heatmap
충청남도 논산시 채운면,234689.0,비연안,False,OBSERVED,True,충청남도,논산시,채운면,,,,,,,비연안,False,heatmap
충청남도 논산시 취암동,4975544.0,비연안,False,OBSERVED,True,충청남도,논산시,취암동,,,,,,,비연안,False,heatmap
충청남도 당진시 고대면,642677.0,비연안,False,OBSERVED,True,충청남도,당진시,고대면,,,,,,,비연안,False,heatmap
충청남도 당진시 당진1동,4051610.0,비연안,False,OBSERVED,True,충청남도,당진시,당진1동,,,,,,,비연안,False,heatmap
충청남도 당진시 당진2동,1168374.0,비연안,False,OBSERVED,True,충청남도,당진시,당진2동,,,,,,,비연안,False,heatmap
충청남도 당진시 당진3동,1969496.0,비연안,False,OBSERVED,True,충청남도,당진시,당진3동,,,,,,,비연안,False,heatmap
충청남도 당진시 대호지면,267995.0,비연안,False,OBSERVED,True,충청남도,당진시,대호지면,,,,,,,비연안,False,heatmap
충청남도 당진시 면천면,954562.0,비연안,False,OBSERVED,True,충청남도,당진시,면천면,,,,,,,비연안,False,heatmap
충청남도 당진시 석문면,3030797.0,연안 어촌,False,OBSERVED,True,충청남도,당진시,석문면,,,,,,,연안 어촌,False,heatmap
충청남도 당진시 송산면,1665104.0,연안 어촌,False,OBSERVED,True,충청남도,당진시,송산면,,,,,,,연안 어촌,False,heatmap
충청남도 당진시 송악읍,3772296.0,연안 어촌,False,OBSERVED,True,충청남도,당진시,송악읍,,,,,,,연안 어촌,False,heatmap
충청남도 당진시 순성면,644119.0,비연안,False,OBSERVED,True,충청남도,당진시,순성면,,,,,,,비연안,False,heatmap
충청남도 당진시 신평면,7278656.0,연안 어촌,False,OBSERVED,True,충청남도,당진시,신평면,,,,,,,연안 어촌,False,heatmap
충청남도 당진시 우강면,451454.0,비연안,False,OBSERVED,True,충청남도,당진시,우강면,,,,,,,비연안,False,heatmap
충청남도 당진시 정미면,516520.0,비연안,False,OBSERVED,True,충청남도,당진시,정미면,,,,,,,비연안,False,heatmap
충청남도 당진시 합덕읍,1500076.0,비연안,False,OBSERVED,True,충청남도,당진시,합덕읍,,,,,,,비연안,False,heatmap
충청남도 보령시 남포면,1575658.0,연안 어촌,False,OBSERVED,True,충청남도,보령시,남포면,,,,,,,연안 어촌,False,heatmap
충청남도 보령시 대천1동,1258380.0,비연안,False,OBSERVED,True,충청남도,보령시,대천1동,,,,,,,비연안,False,heatmap
충청남도 보령시 대천2동,2428944.0,연안 도시,False,OBSERVED,True,충청남도,보령시,대천2동,,,,,,,연안 도시,False,heatmap
충청남도 보령시 대천3동,1979530.0,비연안,False,OBSERVED,True,충청남도,보령시,대천3동,,,,,,,비연안,False,heatmap
충청남도 보령시 대천4동,1720828.0,비연안,False,OBSERVED,True,충청남도,보령시,대천4동,,,,,,,비연안,False,heatmap
충청남도 보령시 대천5동,7239922.0,연안 도시,False,OBSERVED,True,충청남도,보령시,대천5동,,,,,,,연안 도시,False,heatmap
충청남도 보령시 미산면,292677.0,비연안,False,OBSERVED,True,충청남도,보령시,미산면,,,,,,,비연안,False,heatmap
충청남도 보령시 성주면,963336.0,비연안,False,OBSERVED,True,충청남도,보령시,성주면,,,,,,,비연안,False,heatmap
충청남도 보령시 오천면,2439668.0,연안 어촌,False,OBSERVED,True,충청남도,보령시,오천면,,,,,,,연안 어촌,False,heatmap
충청남도 보령시 웅천읍,1832954.0,연안 어촌,False,OBSERVED,True,충청남도,보령시,웅천읍,,,,,,,연안 어촌,False,heatmap
충청남도 보령시 주교면,833088.0,연안 어촌,False,OBSERVED,True,충청남도,보령시,주교면,,,,,,,연안 어촌,False,heatmap
충청남도 보령시 주산면,337390.0,비연안,False,OBSERVED,True,충청남도,보령시,주산면,,,,,,,비연안,False,heatmap
충청남도 보령시 주포면,275268.0,비연안,False,OBSERVED,True,충청남도,보령시,주포면,,,,,,,비연안,False,heatmap
충청남도 보령시 천북면,1155718.0,연안 어촌,False,OBSERVED,True,충청남도,보령시,천북면,,,,,,,연안 어촌,False,heatmap
충청남도 보령시 청라면,649680.0,비연안,False,OBSERVED,True,충청남도,보령시,청라면,,,,,,,비연안,False,heatmap
충청남도 보령시 청소면,367028.0,비연안,False,OBSERVED,True,충청남도,보령시,청소면,,,,,,,비연안,False,heatmap
충청남도 부여군 구룡면,1193532.0,비연안,False,OBSERVED,True,충청남도,부여군,구룡면,,,,,,,비연안,False,heatmap
충청남도 부여군 규암면,3404814.0,비연안,False,OBSERVED,True,충청남도,부여군,규암면,,,,,,,비연안,False,heatmap
충청남도 부여군 남면,322374.0,비연안,False,OBSERVED,True,충청남도,부여군,남면,,,,,,,비연안,False,heatmap
충청남도 부여군 내산면,171066.0,비연안,False,OBSERVED,True,충청남도,부여군,내산면,,,,,,,비연안,False,heatmap
충청남도 부여군 부여읍,5248313.0,비연안,False,OBSERVED,True,충청남도,부여군,부여읍,,,,,,,비연안,False,heatmap
충청남도 부여군 석성면,464877.0,비연안,False,OBSERVED,True,충청남도,부여군,석성면,,,,,,,비연안,False,heatmap
충청남도 부여군 세도면,384881.0,비연안,False,OBSERVED,True,충청남도,부여군,세도면,,,,,,,비연안,False,heatmap
충청남도 부여군 양화면,272982.0,비연안,False,OBSERVED,True,충청남도,부여군,양화면,,,,,,,비연안,False,heatmap
충청남도 부여군 옥산면,161728.0,비연안,False,OBSERVED,True,충청남도,부여군,옥산면,,,,,,,비연안,False,heatmap
충청남도 부여군 외산면,429499.0,비연안,False,OBSERVED,True,충청남도,부여군,외산면,,,,,,,비연안,False,heatmap
충청남도 부여군 은산면,624127.0,비연안,False,OBSERVED,True,충청남도,부여군,은산면,,,,,,,비연안,False,heatmap
충청남도 부여군 임천면,391391.0,비연안,False,OBSERVED,True,충청남도,부여군,임천면,,,,,,,비연안,False,heatmap
충청남도 부여군 장암면,411362.0,비연안,False,OBSERVED,True,충청남도,부여군,장암면,,,,,,,비연안,False,heatmap
충청남도 부여군 초촌면,235658.0,비연안,False,OBSERVED,True,충청남도,부여군,초촌면,,,,,,,비연안,False,heatmap
충청남도 부여군 충화면,186526.0,비연안,False,OBSERVED,True,충청남도,부여군,충화면,,,,,,,비연안,False,heatmap
충청남도 부여군 홍산면,601380.0,비연안,False,OBSERVED,True,충청남도,부여군,홍산면,,,,,,,비연안,False,heatmap
충청남도 서산시 고북면,647482.0,비연안,False,OBSERVED,True,충청남도,서산시,고북면,,,,,,,비연안,False,heatmap
충청남도 서산시 대산읍,2791674.0,연안 어촌,False,OBSERVED,True,충청남도,서산시,대산읍,,,,,,,연안 어촌,False,heatmap
충청남도 서산시 동문1동,1266867.0,비연안,False,OBSERVED,True,충청남도,서산시,동문1동,,,,,,,비연안,False,heatmap
충청남도 서산시 동문2동,2258260.0,비연안,False,OBSERVED,True,충청남도,서산시,동문2동,,,,,,,비연안,False,heatmap
충청남도 서산시 부석면,1656694.0,연안 어촌,False,OBSERVED,True,충청남도,서산시,부석면,,,,,,,연안 어촌,False,heatmap
충청남도 서산시 부춘동,3222464.0,비연안,False,OBSERVED,True,충청남도,서산시,부춘동,,,,,,,비연안,False,heatmap
충청남도 서산시 석남동,2766232.0,비연안,False,OBSERVED,True,충청남도,서산시,석남동,,,,,,,비연안,False,heatmap
충청남도 서산시 성연면,1069184.0,비연안,False,OBSERVED,True,충청남도,서산시,성연면,,,,,,,비연안,False,heatmap
충청남도 서산시 수석동,1179952.0,비연안,False,OBSERVED,True,충청남도,서산시,수석동,,,,,,,비연안,False,heatmap
충청남도 서산시 운산면,1494090.0,비연안,False,OBSERVED,True,충청남도,서산시,운산면,,,,,,,비연안,False,heatmap
충청남도 서산시 음암면,967824.0,비연안,False,OBSERVED,True,충청남도,서산시,음암면,,,,,,,비연안,False,heatmap
충청남도 서산시 인지면,626913.0,비연안,False,OBSERVED,True,충청남도,서산시,인지면,,,,,,,비연안,False,heatmap
충청남도 서산시 지곡면,707704.0,연안 어촌,False,OBSERVED,True,충청남도,서산시,지곡면,,,,,,,연안 어촌,False,heatmap
충청남도 서산시 팔봉면,740450.0,연안 어촌,False,OBSERVED,True,충청남도,서산시,팔봉면,,,,,,,연안 어촌,False,heatmap
충청남도 서산시 해미면,2651516.0,비연안,False,OBSERVED,True,충청남도,서산시,해미면,,,,,,,비연안,False,heatmap
충청남도 서천군 기산면,526960.0,비연안,False,OBSERVED,True,충청남도,서천군,기산면,,,,,,,비연안,False,heatmap
충청남도 서천군 마산면,253466.0,비연안,False,OBSERVED,True,충청남도,서천군,마산면,,,,,,,비연안,False,heatmap
충청남도 서천군 마서면,1996939.0,연안 어촌,False,OBSERVED,True,충청남도,서천군,마서면,,,,,,,연안 어촌,False,heatmap
충청남도 서천군 문산면,127194.0,비연안,False,OBSERVED,True,충청남도,서천군,문산면,,,,,,,비연안,False,heatmap
충청남도 서천군 비인면,710843.0,연안 어촌,False,OBSERVED,True,충청남도,서천군,비인면,,,,,,,연안 어촌,False,heatmap
충청남도 서천군 서면,2127734.0,연안 어촌,False,OBSERVED,True,충청남도,서천군,서면,,,,,,,연안 어촌,False,heatmap
충청남도 서천군 서천읍,2760121.0,비연안,False,OBSERVED,True,충청남도,서천군,서천읍,,,,,,,비연안,False,heatmap
충청남도 서천군 시초면,247916.0,비연안,False,OBSERVED,True,충청남도,서천군,시초면,,,,,,,비연안,False,heatmap
충청남도 서천군 장항읍,2643137.0,연안 어촌,False,OBSERVED,True,충청남도,서천군,장항읍,,,,,,,연안 어촌,False,heatmap
충청남도 서천군 종천면,619986.0,연안 어촌,False,OBSERVED,True,충청남도,서천군,종천면,,,,,,,연안 어촌,False,heatmap
충청남도 서천군 판교면,514874.0,비연안,False,OBSERVED,True,충청남도,서천군,판교면,,,,,,,비연안,False,heatmap
충청남도 서천군 한산면,476410.0,비연안,False,OBSERVED,True,충청남도,서천군,한산면,,,,,,,비연안,False,heatmap
충청남도 서천군 화양면,501935.0,비연안,False,OBSERVED,True,충청남도,서천군,화양면,,,,,,,비연안,False,heatmap
충청남도 아산시 도고면,1385671.0,비연안,False,OBSERVED,True,충청남도,아산시,도고면,,,,,,,비연안,False,heatmap
충청남도 아산시 둔포면,4040491.0,비연안,False,OBSERVED,True,충청남도,아산시,둔포면,,,,,,,비연안,False,heatmap
충청남도 아산시 배방읍,11896206.0,비연안,False,OBSERVED,True,충청남도,아산시,배방읍,,,,,,,비연안,False,heatmap
충청남도 아산시 선장면,1180340.0,비연안,False,OBSERVED,True,충청남도,아산시,선장면,,,,,,,비연안,False,heatmap
충청남도 아산시 송악면,1092539.0,비연안,False,OBSERVED,True,충청남도,아산시,송악면,,,,,,,비연안,False,heatmap
충청남도 아산시 신창면,2422252.0,비연안,False,OBSERVED,True,충청남도,아산시,신창면,,,,,,,비연안,False,heatmap
충청남도 아산시 염치읍,1908207.0,비연안,False,OBSERVED,True,충청남도,아산시,염치읍,,,,,,,비연안,False,heatmap
충청남도 아산시 영인면,2141878.0,비연안,False,OBSERVED,True,충청남도,아산시,영인면,,,,,,,비연안,False,heatmap
충청남도 아산시 온양1동,2937557.0,비연안,False,OBSERVED,True,충청남도,아산시,온양1동,,,,,,,비연안,False,heatmap
충청남도 아산시 온양2동,1613714.0,비연안,False,OBSERVED,True,충청남도,아산시,온양2동,,,,,,,비연안,False,heatmap
충청남도 아산시 온양3동,2933252.0,비연안,False,OBSERVED,True,충청남도,아산시,온양3동,,,,,,,비연안,False,heatmap
충청남도 아산시 온양4동,2272900.0,비연안,False,OBSERVED,True,충청남도,아산시,온양4동,,,,,,,비연안,False,heatmap
충청남도 아산시 온양5동,3342283.0,비연안,False,OBSERVED,True,충청남도,아산시,온양5동,,,,,,,비연안,False,heatmap
충청남도 아산시 온양6동,1865731.0,비연안,False,OBSERVED,True,충청남도,아산시,온양6동,,,,,,,비연안,False,heatmap
충청남도 아산시 음봉면,4121772.0,비연안,False,OBSERVED,True,충청남도,아산시,음봉면,,,,,,,비연안,False,heatmap
충청남도 아산시 인주면,2407422.0,연안 어촌,False,OBSERVED,True,충청남도,아산시,인주면,,,,,,,연안 어촌,False,heatmap
충청남도 아산시 탕정면,5239458.0,비연안,False,OBSERVED,True,충청남도,아산시,탕정면,,,,,,,비연안,False,heatmap
충청남도 예산군 고덕면,832041.0,비연안,False,OBSERVED,True,충청남도,예산군,고덕면,,,,,,,비연안,False,heatmap
충청남도 예산군 광시면,801230.0,비연안,False,OBSERVED,True,충청남도,예산군,광시면,,,,,,,비연안,False,heatmap
충청남도 예산군 대술면,328094.0,비연안,False,OBSERVED,True,충청남도,예산군,대술면,,,,,,,비연안,False,heatmap
충청남도 예산군 대흥면,845726.0,비연안,False,OBSERVED,True,충청남도,예산군,대흥면,,,,,,,비연안,False,heatmap
충청남도 예산군 덕산면,3899189.0,비연안,False,OBSERVED,True,충청남도,예산군,덕산면,,,,,,,비연안,False,heatmap
충청남도 예산군 봉산면,309883.0,비연안,False,OBSERVED,True,충청남도,예산군,봉산면,,,,,,,비연안,False,heatmap
충청남도 예산군 삽교읍,3781197.0,비연안,False,OBSERVED,True,충청남도,예산군,삽교읍,,,,,,,비연안,False,heatmap
충청남도 예산군 신암면,676294.0,비연안,False,OBSERVED,True,충청남도,예산군,신암면,,,,,,,비연안,False,heatmap
충청남도 예산군 신양면,714234.0,비연안,False,OBSERVED,True,충청남도,예산군,신양면,,,,,,,비연안,False,heatmap
충청남도 예산군 예산읍,4461422.0,비연안,False,OBSERVED,True,충청남도,예산군,예산읍,,,,,,,비연안,False,heatmap
충청남도 예산군 오가면,760490.0,비연안,False,OBSERVED,True,충청남도,예산군,오가면,,,,,,,비연안,False,heatmap
충청남도 예산군 응봉면,2663370.0,비연안,False,OBSERVED,True,충청남도,예산군,응봉면,,,,,,,비연안,False,heatmap
충청남도 천안시 동남구 광덕면,1327277.0,비연안,False,OBSERVED,True,충청남도,천안시 동남구,광덕면,,,,,,,비연안,False,heatmap
충청남도 천안시 동남구 동면,417266.0,비연안,False,OBSERVED,True,충청남도,천안시 동남구,동면,,,,,,,비연안,False,heatmap
충청남도 천안시 동남구 목천읍,3673652.0,비연안,False,OBSERVED,True,충청남도,천안시 동남구,목천읍,,,,,,,비연안,False,heatmap
충청남도 천안시 동남구 문성동,5698178.0,비연안,False,OBSERVED,True,충청남도,천안시 동남구,문성동,,,,,,,비연안,False,heatmap
충청남도 천안시 동남구 병천면,2633648.0,비연안,False,OBSERVED,True,충청남도,천안시 동남구,병천면,,,,,,,비연안,False,heatmap
충청남도 천안시 동남구 봉명동,3342374.0,비연안,False,OBSERVED,True,충청남도,천안시 동남구,봉명동,,,,,,,비연안,False,heatmap
충청남도 천안시 동남구 북면,942305.0,비연안,False,OBSERVED,True,충청남도,천안시 동남구,북면,,,,,,,비연안,False,heatmap
충청남도 천안시 동남구 성남면,1736798.0,비연안,False,OBSERVED,True,충청남도,천안시 동남구,성남면,,,,,,,비연안,False,heatmap
충청남도 천안시 동남구 수신면,1670644.0,비연안,False,OBSERVED,True,충청남도,천안시 동남구,수신면,,,,,,,비연안,False,heatmap
충청남도 천안시 동남구 신방동,4110432.0,비연안,False,OBSERVED,True,충청남도,천안시 동남구,신방동,,,,,,,비연안,False,heatmap
충청남도 천안시 동남구 신안동,14591885.0,비연안,False,OBSERVED,True,충청남도,천안시 동남구,신안동,,,,,,,비연안,False,heatmap
충청남도 천안시 동남구 원성1동,2475638.0,비연안,False,OBSERVED,True,충청남도,천안시 동남구,원성1동,,,,,,,비연안,False,heatmap
충청남도 천안시 동남구 원성2동,1456336.0,비연안,False,OBSERVED,True,충청남도,천안시 동남구,원성2동,,,,,,,비연안,False,heatmap
충청남도 천안시 동남구 일봉동,2408567.0,비연안,False,OBSERVED,True,충청남도,천안시 동남구,일봉동,,,,,,,비연안,False,heatmap
충청남도 천안시 동남구 중앙동,3342216.0,비연안,False,OBSERVED,True,충청남도,천안시 동남구,중앙동,,,,,,,비연안,False,heatmap
충청남도 천안시 동남구 청룡동,8742146.0,비연안,False,OBSERVED,True,충청남도,천안시 동남구,청룡동,,,,,,,비연안,False,heatmap
충청남도 천안시 동남구 풍세면,1514324.0,비연안,False,OBSERVED,True,충청남도,천안시 동남구,풍세면,,,,,,,비연안,False,heatmap
충청남도 천안시 서북구 백석동,3685434.0,비연안,False,OBSERVED,True,충청남도,천안시 서북구,백석동,,,,,,,비연안,False,heatmap
충청남도 천안시 서북구 부성1동,5285256.0,비연안,False,OBSERVED,True,충청남도,천안시 서북구,부성1동,,,,,,,비연안,False,heatmap
충청남도 천안시 서북구 부성2동,8893885.0,비연안,False,OBSERVED,True,충청남도,천안시 서북구,부성2동,,,,,,,비연안,False,heatmap
충청남도 천안시 서북구 불당1동,5791418.0,비연안,False,OBSERVED,True,충청남도,천안시 서북구,불당1동,,,,,,,비연안,False,heatmap
충청남도 천안시 서북구 불당2동,5150520.0,비연안,False,OBSERVED,True,충청남도,천안시 서북구,불당2동,,,,,,,비연안,False,heatmap
충청남도 천안시 서북구 성거읍,2660602.0,비연안,False,OBSERVED,True,충청남도,천안시 서북구,성거읍,,,,,,,비연안,False,heatmap
충청남도 천안시 서북구 성정1동,1677536.0,비연안,False,OBSERVED,True,충청남도,천안시 서북구,성정1동,,,,,,,비연안,False,heatmap
충청남도 천안시 서북구 성정2동,4812664.0,비연안,False,OBSERVED,True,충청남도,천안시 서북구,성정2동,,,,,,,비연안,False,heatmap
충청남도 천안시 서북구 성환읍,2900772.0,비연안,False,OBSERVED,True,충청남도,천안시 서북구,성환읍,,,,,,,비연안,False,heatmap
충청남도 천안시 서북구 쌍용1동,4830900.0,비연안,False,OBSERVED,True,충청남도,천안시 서북구,쌍용1동,,,,,,,비연안,False,heatmap
충청남도 천안시 서북구 쌍용2동,2462047.0,비연안,False,OBSERVED,True,충청남도,천안시 서북구,쌍용2동,,,,,,,비연안,False,heatmap
충청남도 천안시 서북구 쌍용3동,811272.0,비연안,False,OBSERVED,True,충청남도,천안시 서북구,쌍용3동,,,,,,,비연안,False,heatmap
충청남도 천안시 서북구 입장면,2213722.0,비연안,False,OBSERVED,True,충청남도,천안시 서북구,입장면,,,,,,,비연안,False,heatmap
충청남도 천안시 서북구 직산읍,2319692.0,비연안,False,OBSERVED,True,충청남도,천안시 서북구,직산읍,,,,,,,비연안,False,heatmap
충청남도 청양군 남양면,320817.0,비연안,False,OBSERVED,True,충청남도,청양군,남양면,,,,,,,비연안,False,heatmap
충청남도 청양군 대치면,1039094.0,비연안,False,OBSERVED,True,충청남도,청양군,대치면,,,,,,,비연안,False,heatmap
충청남도 청양군 목면,238934.0,비연안,False,OBSERVED,True,충청남도,청양군,목면,,,,,,,비연안,False,heatmap
충청남도 청양군 비봉면,419660.0,비연안,False,OBSERVED,True,충청남도,청양군,비봉면,,,,,,,비연안,False,heatmap
충청남도 청양군 운곡면,218628.0,비연안,False,OBSERVED,True,충청남도,청양군,운곡면,,,,,,,비연안,False,heatmap
충청남도 청양군 장평면,364035.0,비연안,False,OBSERVED,True,충청남도,청양군,장평면,,,,,,,비연안,False,heatmap
충청남도 청양군 정산면,1001976.0,비연안,False,OBSERVED,True,충청남도,청양군,정산면,,,,,,,비연안,False,heatmap
충청남도 청양군 청남면,202192.0,비연안,False,OBSERVED,True,충청남도,청양군,청남면,,,,,,,비연안,False,heatmap
충청남도 청양군 청양읍,1849060.0,비연안,False,OBSERVED,True,충청남도,청양군,청양읍,,,,,,,비연안,False,heatmap
충청남도 청양군 화성면,321632.0,비연안,False,OBSERVED,True,충청남도,청양군,화성면,,,,,,,비연안,False,heatmap
충청남도 태안군 고남면,1547704.0,연안 어촌,False,OBSERVED,True,충청남도,태안군,고남면,,,,,,,연안 어촌,False,heatmap
충청남도 태안군 근흥면,2712997.0,연안 어촌,False,OBSERVED,True,충청남도,태안군,근흥면,,,,,,,연안 어촌,False,heatmap
충청남도 태안군 남면,4185699.0,연안 어촌,False,OBSERVED,True,충청남도,태안군,남면,,,,,,,연안 어촌,False,heatmap
충청남도 태안군 소원면,2587459.0,연안 어촌,False,OBSERVED,True,충청남도,태안군,소원면,,,,,,,연안 어촌,False,heatmap
충청남도 태안군 안면읍,4751926.0,연안 어촌,False,OBSERVED,True,충청남도,태안군,안면읍,,,,,,,연안 어촌,False,heatmap
충청남도 태안군 원북면,2150670.0,연안 어촌,False,OBSERVED,True,충청남도,태안군,원북면,,,,,,,연안 어촌,False,heatmap
충청남도 태안군 이원면,718812.0,연안 어촌,False,OBSERVED,True,충청남도,태안군,이원면,,,,,,,연안 어촌,False,heatmap
충청남도 태안군 태안읍,5259726.0,연안 어촌,False,OBSERVED,True,충청남도,태안군,태안읍,,,,,,,연안 어촌,False,heatmap
충청남도 홍성군 갈산면,736736.0,비연안,False,OBSERVED,True,충청남도,홍성군,갈산면,,,,,,,비연안,False,heatmap
충청남도 홍성군 결성면,252858.0,비연안,False,OBSERVED,True,충청남도,홍성군,결성면,,,,,,,비연안,False,heatmap
충청남도 홍성군 광천읍,1249640.0,비연안,False,OBSERVED,True,충청남도,홍성군,광천읍,,,,,,,비연안,False,heatmap
충청남도 홍성군 구항면,419262.0,비연안,False,OBSERVED,True,충청남도,홍성군,구항면,,,,,,,비연안,False,heatmap
충청남도 홍성군 금마면,531615.0,비연안,False,OBSERVED,True,충청남도,홍성군,금마면,,,,,,,비연안,False,heatmap
충청남도 홍성군 서부면,1793323.0,연안 어촌,False,OBSERVED,True,충청남도,홍성군,서부면,,,,,,,연안 어촌,False,heatmap
충청남도 홍성군 은하면,500423.0,비연안,False,OBSERVED,True,충청남도,홍성군,은하면,,,,,,,비연안,False,heatmap
충청남도 홍성군 장곡면,364794.0,비연안,False,OBSERVED,True,충청남도,홍성군,장곡면,,,,,,,비연안,False,heatmap
충청남도 홍성군 홍동면,343042.0,비연안,False,OBSERVED,True,충청남도,홍성군,홍동면,,,,,,,비연안,False,heatmap
충청남도 홍성군 홍북읍,4357482.0,비연안,False,OBSERVED,True,충청남도,홍성군,홍북읍,,,,,,,비연안,False,heatmap
충청남도 홍성군 홍성읍,4983682.0,비연안,False,OBSERVED,True,충청남도,홍성군,홍성읍,,,,,,,비연안,False,heatmap
충청북도 괴산군 감물면,472350.0,비연안,False,OBSERVED,True,충청북도,괴산군,감물면,,,,,,,비연안,False,heatmap
충청북도 괴산군 괴산읍,3533408.0,비연안,False,OBSERVED,True,충청북도,괴산군,괴산읍,,,,,,,비연안,False,heatmap
충청북도 괴산군 문광면,771827.0,비연안,False,OBSERVED,True,충청북도,괴산군,문광면,,,,,,,비연안,False,heatmap
충청북도 괴산군 불정면,524531.0,비연안,False,OBSERVED,True,충청북도,괴산군,불정면,,,,,,,비연안,False,heatmap
충청북도 괴산군 사리면,432562.0,비연안,False,OBSERVED,True,충청북도,괴산군,사리면,,,,,,,비연안,False,heatmap
충청북도 괴산군 소수면,409952.0,비연안,False,OBSERVED,True,충청북도,괴산군,소수면,,,,,,,비연안,False,heatmap
충청북도 괴산군 연풍면,1816318.0,비연안,False,OBSERVED,True,충청북도,괴산군,연풍면,,,,,,,비연안,False,heatmap
충청북도 괴산군 장연면,1611704.0,비연안,False,OBSERVED,True,충청북도,괴산군,장연면,,,,,,,비연안,False,heatmap
충청북도 괴산군 청안면,845414.0,비연안,False,OBSERVED,True,충청북도,괴산군,청안면,,,,,,,비연안,False,heatmap
충청북도 괴산군 청천면,1496922.0,비연안,False,OBSERVED,True,충청북도,괴산군,청천면,,,,,,,비연안,False,heatmap
충청북도 괴산군 칠성면,1681393.0,비연안,False,OBSERVED,True,충청북도,괴산군,칠성면,,,,,,,비연안,False,heatmap
충청북도 단양군 가곡면,993223.0,비연안,False,OBSERVED,True,충청북도,단양군,가곡면,,,,,,,비연안,False,heatmap
충청북도 단양군 단성면,2144118.0,비연안,False,OBSERVED,True,충청북도,단양군,단성면,,,,,,,비연안,False,heatmap
충청북도 단양군 단양읍,3885539.0,비연안,False,OBSERVED,True,충청북도,단양군,단양읍,,,,,,,비연안,False,heatmap
충청북도 단양군 대강면,1278910.0,비연안,False,OBSERVED,True,충청북도,단양군,대강면,,,,,,,비연안,False,heatmap
충청북도 단양군 매포읍,910682.0,비연안,False,OBSERVED,True,충청북도,단양군,매포읍,,,,,,,비연안,False,heatmap
충청북도 단양군 어상천면,213420.0,비연안,False,OBSERVED,True,충청북도,단양군,어상천면,,,,,,,비연안,False,heatmap
충청북도 단양군 영춘면,1180218.0,비연안,False,OBSERVED,True,충청북도,단양군,영춘면,,,,,,,비연안,False,heatmap
충청북도 단양군 적성면,2163494.0,비연안,False,OBSERVED,True,충청북도,단양군,적성면,,,,,,,비연안,False,heatmap
충청북도 보은군 내북면,414768.0,비연안,False,OBSERVED,True,충청북도,보은군,내북면,,,,,,,비연안,False,heatmap
충청북도 보은군 마로면,2823268.0,비연안,False,OBSERVED,True,충청북도,보은군,마로면,,,,,,,비연안,False,heatmap
충청북도 보은군 보은읍,2830054.0,비연안,False,OBSERVED,True,충청북도,보은군,보은읍,,,,,,,비연안,False,heatmap
충청북도 보은군 산외면,323900.0,비연안,False,OBSERVED,True,충청북도,보은군,산외면,,,,,,,비연안,False,heatmap
충청북도 보은군 삼승면,412324.0,비연안,False,OBSERVED,True,충청북도,보은군,삼승면,,,,,,,비연안,False,heatmap
충청북도 보은군 속리산면,1771385.0,비연안,False,OBSERVED,True,충청북도,보은군,속리산면,,,,,,,비연안,False,heatmap
충청북도 보은군 수한면,317149.0,비연안,False,OBSERVED,True,충청북도,보은군,수한면,,,,,,,비연안,False,heatmap
충청북도 보은군 장안면,718851.0,비연안,False,OBSERVED,True,충청북도,보은군,장안면,,,,,,,비연안,False,heatmap
충청북도 보은군 탄부면,328181.0,비연안,False,OBSERVED,True,충청북도,보은군,탄부면,,,,,,,비연안,False,heatmap
충청북도 보은군 회남면,186560.0,비연안,False,OBSERVED,True,충청북도,보은군,회남면,,,,,,,비연안,False,heatmap
충청북도 보은군 회인면,408930.0,비연안,False,OBSERVED,True,충청북도,보은군,회인면,,,,,,,비연안,False,heatmap
충청북도 영동군 매곡면,198380.0,비연안,False,OBSERVED,True,충청북도,영동군,매곡면,,,,,,,비연안,False,heatmap
충청북도 영동군 상촌면,394674.0,비연안,False,OBSERVED,True,충청북도,영동군,상촌면,,,,,,,비연안,False,heatmap
충청북도 영동군 심천면,454951.0,비연안,False,OBSERVED,True,충청북도,영동군,심천면,,,,,,,비연안,False,heatmap
충청북도 영동군 양강면,449008.0,비연안,False,OBSERVED,True,충청북도,영동군,양강면,,,,,,,비연안,False,heatmap
충청북도 영동군 양산면,607719.0,비연안,False,OBSERVED,True,충청북도,영동군,양산면,,,,,,,비연안,False,heatmap
충청북도 영동군 영동읍,3075908.0,비연안,False,OBSERVED,True,충청북도,영동군,영동읍,,,,,,,비연안,False,heatmap
충청북도 영동군 용산면,557893.0,비연안,False,OBSERVED,True,충청북도,영동군,용산면,,,,,,,비연안,False,heatmap
충청북도 영동군 용화면,325412.0,비연안,False,OBSERVED,True,충청북도,영동군,용화면,,,,,,,비연안,False,heatmap
충청북도 영동군 추풍령면,435204.0,비연안,False,OBSERVED,True,충청북도,영동군,추풍령면,,,,,,,비연안,False,heatmap
충청북도 영동군 학산면,273942.0,비연안,False,OBSERVED,True,충청북도,영동군,학산면,,,,,,,비연안,False,heatmap
충청북도 영동군 황간면,1310838.0,비연안,False,OBSERVED,True,충청북도,영동군,황간면,,,,,,,비연안,False,heatmap
충청북도 옥천군 군북면,1266615.0,비연안,False,OBSERVED,True,충청북도,옥천군,군북면,,,,,,,비연안,False,heatmap
충청북도 옥천군 군서면,727118.0,비연안,False,OBSERVED,True,충청북도,옥천군,군서면,,,,,,,비연안,False,heatmap
충청북도 옥천군 동이면,2175901.0,비연안,False,OBSERVED,True,충청북도,옥천군,동이면,,,,,,,비연안,False,heatmap
충청북도 옥천군 안남면,218715.0,비연안,False,OBSERVED,True,충청북도,옥천군,안남면,,,,,,,비연안,False,heatmap
충청북도 옥천군 안내면,470120.0,비연안,False,OBSERVED,True,충청북도,옥천군,안내면,,,,,,,비연안,False,heatmap
충청북도 옥천군 옥천읍,6923644.0,비연안,False,OBSERVED,True,충청북도,옥천군,옥천읍,,,,,,,비연안,False,heatmap
충청북도 옥천군 이원면,1138333.0,비연안,False,OBSERVED,True,충청북도,옥천군,이원면,,,,,,,비연안,False,heatmap
충청북도 옥천군 청산면,587100.0,비연안,False,OBSERVED,True,충청북도,옥천군,청산면,,,,,,,비연안,False,heatmap
충청북도 옥천군 청성면,490914.0,비연안,False,OBSERVED,True,충청북도,옥천군,청성면,,,,,,,비연안,False,heatmap
충청북도 음성군 감곡면,2081146.0,비연안,False,OBSERVED,True,충청북도,음성군,감곡면,,,,,,,비연안,False,heatmap
충청북도 음성군 금왕읍,4569418.0,비연안,False,OBSERVED,True,충청북도,음성군,금왕읍,,,,,,,비연안,False,heatmap
충청북도 음성군 대소읍,3173730.0,비연안,False,OBSERVED,True,충청북도,음성군,대소읍,,,,,,,비연안,False,heatmap
충청북도 음성군 맹동면,2796538.0,비연안,False,OBSERVED,True,충청북도,음성군,맹동면,,,,,,,비연안,False,heatmap
충청북도 음성군 삼성면,3845058.0,비연안,False,OBSERVED,True,충청북도,음성군,삼성면,,,,,,,비연안,False,heatmap
충청북도 음성군 생극면,1159669.0,비연안,False,OBSERVED,True,충청북도,음성군,생극면,,,,,,,비연안,False,heatmap
충청북도 음성군 소이면,561043.0,비연안,False,OBSERVED,True,충청북도,음성군,소이면,,,,,,,비연안,False,heatmap
충청북도 음성군 원남면,946407.0,비연안,False,OBSERVED,True,충청북도,음성군,원남면,,,,,,,비연안,False,heatmap
충청북도 음성군 음성읍,2605484.0,비연안,False,OBSERVED,True,충청북도,음성군,음성읍,,,,,,,비연안,False,heatmap
충청북도 제천시 교동,1251932.0,비연안,False,OBSERVED,True,충청북도,제천시,교동,,,,,,,비연안,False,heatmap
충청북도 제천시 금성면,778519.0,비연안,False,OBSERVED,True,충청북도,제천시,금성면,,,,,,,비연안,False,heatmap
충청북도 제천시 남현동,1294916.0,비연안,False,OBSERVED,True,충청북도,제천시,남현동,,,,,,,비연안,False,heatmap
충청북도 제천시 덕산면,417392.0,비연안,False,OBSERVED,True,충청북도,제천시,덕산면,,,,,,,비연안,False,heatmap
충청북도 제천시 백운면,1721370.0,비연안,False,OBSERVED,True,충청북도,제천시,백운면,,,,,,,비연안,False,heatmap
충청북도 제천시 봉양읍,1420909.0,비연안,False,OBSERVED,True,충청북도,제천시,봉양읍,,,,,,,비연안,False,heatmap
충청북도 제천시 송학면,1248352.0,비연안,False,OBSERVED,True,충청북도,제천시,송학면,,,,,,,비연안,False,heatmap
충청북도 제천시 수산면,1015728.0,비연안,False,OBSERVED,True,충청북도,제천시,수산면,,,,,,,비연안,False,heatmap
충청북도 제천시 신백동,679231.0,비연안,False,OBSERVED,True,충청북도,제천시,신백동,,,,,,,비연안,False,heatmap
충청북도 제천시 영서동,1790887.0,비연안,False,OBSERVED,True,충청북도,제천시,영서동,,,,,,,비연안,False,heatmap
충청북도 제천시 용두동,1777234.0,비연안,False,OBSERVED,True,충청북도,제천시,용두동,,,,,,,비연안,False,heatmap
충청북도 제천시 의림지동,1945864.0,비연안,False,OBSERVED,True,충청북도,제천시,의림지동,,,,,,,비연안,False,heatmap
충청북도 제천시 중앙동,2930974.0,비연안,False,OBSERVED,True,충청북도,제천시,중앙동,,,,,,,비연안,False,heatmap
충청북도 제천시 청전동,1309294.0,비연안,False,OBSERVED,True,충청북도,제천시,청전동,,,,,,,비연안,False,heatmap
충청북도 제천시 청풍면,1955205.0,비연안,False,OBSERVED,True,충청북도,제천시,청풍면,,,,,,,비연안,False,heatmap
충청북도 제천시 한수면,772968.0,비연안,False,OBSERVED,True,충청북도,제천시,한수면,,,,,,,비연안,False,heatmap
충청북도 제천시 화산동,2035954.0,비연안,False,OBSERVED,True,충청북도,제천시,화산동,,,,,,,비연안,False,heatmap
충청북도 증평군 도안면,811030.0,비연안,False,OBSERVED,True,충청북도,증평군,도안면,,,,,,,비연안,False,heatmap
충청북도 증평군 증평읍,5637583.0,비연안,False,OBSERVED,True,충청북도,증평군,증평읍,,,,,,,비연안,False,heatmap
충청북도 진천군 광혜원면,1917626.0,비연안,False,OBSERVED,True,충청북도,진천군,광혜원면,,,,,,,비연안,False,heatmap
충청북도 진천군 덕산읍,3016926.0,비연안,False,OBSERVED,True,충청북도,진천군,덕산읍,,,,,,,비연안,False,heatmap
충청북도 진천군 문백면,1698669.0,비연안,False,OBSERVED,True,충청북도,진천군,문백면,,,,,,,비연안,False,heatmap
충청북도 진천군 백곡면,762262.0,비연안,False,OBSERVED,True,충청북도,진천군,백곡면,,,,,,,비연안,False,heatmap
충청북도 진천군 이월면,2078181.0,비연안,False,OBSERVED,True,충청북도,진천군,이월면,,,,,,,비연안,False,heatmap
충청북도 진천군 진천읍,4819398.0,비연안,False,OBSERVED,True,충청북도,진천군,진천읍,,,,,,,비연안,False,heatmap
충청북도 진천군 초평면,1790803.0,비연안,False,OBSERVED,True,충청북도,진천군,초평면,,,,,,,비연안,False,heatmap
충청북도 청주시 상당구 가덕면,1153184.0,비연안,False,OBSERVED,True,충청북도,청주시 상당구,가덕면,,,,,,,비연안,False,heatmap
충청북도 청주시 상당구 금천동,1856078.0,비연안,False,OBSERVED,True,충청북도,청주시 상당구,금천동,,,,,,,비연안,False,heatmap
충청북도 청주시 상당구 남일면,2678739.0,비연안,False,OBSERVED,True,충청북도,청주시 상당구,남일면,,,,,,,비연안,False,heatmap
충청북도 청주시 상당구 낭성면,673869.0,비연안,False,OBSERVED,True,충청북도,청주시 상당구,낭성면,,,,,,,비연안,False,heatmap
충청북도 청주시 상당구 문의면,2701380.0,비연안,False,OBSERVED,True,충청북도,청주시 상당구,문의면,,,,,,,비연안,False,heatmap
충청북도 청주시 상당구 미원면,1522958.0,비연안,False,OBSERVED,True,충청북도,청주시 상당구,미원면,,,,,,,비연안,False,heatmap
충청북도 청주시 상당구 성안동,8847216.0,비연안,False,OBSERVED,True,충청북도,청주시 상당구,성안동,,,,,,,비연안,False,heatmap
충청북도 청주시 상당구 영운동,632688.0,비연안,False,OBSERVED,True,충청북도,청주시 상당구,영운동,,,,,,,비연안,False,heatmap
충청북도 청주시 상당구 용담.명암.산성동,3156223.0,비연안,False,OBSERVED,True,충청북도,청주시 상당구,용담.명암.산성동,,,,,,,비연안,False,heatmap
충청북도 청주시 상당구 용암1동,5409464.0,비연안,False,OBSERVED,True,충청북도,청주시 상당구,용암1동,,,,,,,비연안,False,heatmap
충청북도 청주시 상당구 용암2동,3671818.0,비연안,False,OBSERVED,True,충청북도,청주시 상당구,용암2동,,,,,,,비연안,False,heatmap
충청북도 청주시 상당구 중앙동,6186642.0,비연안,False,OBSERVED,True,충청북도,청주시 상당구,중앙동,,,,,,,비연안,False,heatmap
충청북도 청주시 상당구 탑대성동,930738.0,비연안,False,OBSERVED,True,충청북도,청주시 상당구,탑대성동,,,,,,,비연안,False,heatmap
충청북도 청주시 서원구 남이면,3357238.0,비연안,False,OBSERVED,True,충청북도,청주시 서원구,남이면,,,,,,,비연안,False,heatmap
충청북도 청주시 서원구 모충동,1329790.0,비연안,False,OBSERVED,True,충청북도,청주시 서원구,모충동,,,,,,,비연안,False,heatmap
충청북도 청주시 서원구 분평동,7656912.0,비연안,False,OBSERVED,True,충청북도,청주시 서원구,분평동,,,,,,,비연안,False,heatmap
충청북도 청주시 서원구 사직1동,6419063.0,비연안,False,OBSERVED,True,충청북도,청주시 서원구,사직1동,,,,,,,비연안,False,heatmap
충청북도 청주시 서원구 사직2동,624956.0,비연안,False,OBSERVED,True,충청북도,청주시 서원구,사직2동,,,,,,,비연안,False,heatmap
충청북도 청주시 서원구 사창동,2855363.0,비연안,False,OBSERVED,True,충청북도,청주시 서원구,사창동,,,,,,,비연안,False,heatmap
충청북도 청주시 서원구 산남동,3234620.0,비연안,False,OBSERVED,True,충청북도,청주시 서원구,산남동,,,,,,,비연안,False,heatmap
충청북도 청주시 서원구 성화.개신.죽림동,6328024.0,비연안,False,OBSERVED,True,충청북도,청주시 서원구,성화.개신.죽림동,,,,,,,비연안,False,heatmap
충청북도 청주시 서원구 수곡1동,1198932.0,비연안,False,OBSERVED,True,충청북도,청주시 서원구,수곡1동,,,,,,,비연안,False,heatmap
충청북도 청주시 서원구 수곡2동,976164.0,비연안,False,OBSERVED,True,충청북도,청주시 서원구,수곡2동,,,,,,,비연안,False,heatmap
충청북도 청주시 서원구 현도면,2322436.0,비연안,False,OBSERVED,True,충청북도,청주시 서원구,현도면,,,,,,,비연안,False,heatmap
충청북도 청주시 청원구 내덕1동,1186465.0,비연안,False,OBSERVED,True,충청북도,청주시 청원구,내덕1동,,,,,,,비연안,False,heatmap
충청북도 청주시 청원구 내덕2동,4833518.0,비연안,False,OBSERVED,True,충청북도,청주시 청원구,내덕2동,,,,,,,비연안,False,heatmap
충청북도 청주시 청원구 내수읍,4966031.0,비연안,False,OBSERVED,True,충청북도,청주시 청원구,내수읍,,,,,,,비연안,False,heatmap
충청북도 청주시 청원구 북이면,912576.0,비연안,False,OBSERVED,True,충청북도,청주시 청원구,북이면,,,,,,,비연안,False,heatmap
충청북도 청주시 청원구 오근장동,3944619.0,비연안,False,OBSERVED,True,충청북도,청주시 청원구,오근장동,,,,,,,비연안,False,heatmap
충청북도 청주시 청원구 오창읍,8818915.0,비연안,False,OBSERVED,True,충청북도,청주시 청원구,오창읍,,,,,,,비연안,False,heatmap
충청북도 청주시 청원구 우암동,3369104.0,비연안,False,OBSERVED,True,충청북도,청주시 청원구,우암동,,,,,,,비연안,False,heatmap
충청북도 청주시 청원구 율량.사천동,7456953.0,비연안,False,OBSERVED,True,충청북도,청주시 청원구,율량.사천동,,,,,,,비연안,False,heatmap
충청북도 청주시 흥덕구 가경동,9923112.0,비연안,False,OBSERVED,True,충청북도,청주시 흥덕구,가경동,,,,,,,비연안,False,heatmap
충청북도 청주시 흥덕구 강내면,2201738.0,비연안,False,OBSERVED,True,충청북도,청주시 흥덕구,강내면,,,,,,,비연안,False,heatmap
충청북도 청주시 흥덕구 강서1동,5380081.0,비연안,False,OBSERVED,True,충청북도,청주시 흥덕구,강서1동,,,,,,,비연안,False,heatmap
충청북도 청주시 흥덕구 강서2동,4081490.0,비연안,False,OBSERVED,True,충청북도,청주시 흥덕구,강서2동,,,,,,,비연안,False,heatmap
충청북도 청주시 흥덕구 복대1동,5871691.0,비연안,False,OBSERVED,True,충청북도,청주시 흥덕구,복대1동,,,,,,,비연안,False,heatmap
충청북도 청주시 흥덕구 복대2동,2030038.0,비연안,False,OBSERVED,True,충청북도,청주시 흥덕구,복대2동,,,,,,,비연안,False,heatmap
충청북도 청주시 흥덕구 봉명1동,1518867.0,비연안,False,OBSERVED,True,충청북도,청주시 흥덕구,봉명1동,,,,,,,비연안,False,heatmap
충청북도 청주시 흥덕구 봉명2.송정동,4117600.0,비연안,False,OBSERVED,True,충청북도,청주시 흥덕구,봉명2.송정동,,,,,,,비연안,False,heatmap
충청북도 청주시 흥덕구 오송읍,9532282.0,비연안,False,OBSERVED,True,충청북도,청주시 흥덕구,오송읍,,,,,,,비연안,False,heatmap
충청북도 청주시 흥덕구 옥산면,2788429.0,비연안,False,OBSERVED,True,충청북도,청주시 흥덕구,옥산면,,,,,,,비연안,False,heatmap
충청북도 청주시 흥덕구 운천.신봉동,3387979.0,비연안,False,OBSERVED,True,충청북도,청주시 흥덕구,운천.신봉동,,,,,,,비연안,False,heatmap
충청북도 충주시 교현.안림동,2012605.0,비연안,False,OBSERVED,True,충청북도,충주시,교현.안림동,,,,,,,비연안,False,heatmap
충청북도 충주시 교현2동,810824.0,비연안,False,OBSERVED,True,충청북도,충주시,교현2동,,,,,,,비연안,False,heatmap
충청북도 충주시 금가면,1426236.0,비연안,False,OBSERVED,True,충청북도,충주시,금가면,,,,,,,비연안,False,heatmap
충청북도 충주시 노은면,925715.0,비연안,False,OBSERVED,True,충청북도,충주시,노은면,,,,,,,비연안,False,heatmap
충청북도 충주시 달천동,1520155.0,비연안,False,OBSERVED,True,충청북도,충주시,달천동,,,,,,,비연안,False,heatmap
충청북도 충주시 대소원면,2241232.0,비연안,False,OBSERVED,True,충청북도,충주시,대소원면,,,,,,,비연안,False,heatmap
충청북도 충주시 동량면,1116112.0,비연안,False,OBSERVED,True,충청북도,충주시,동량면,,,,,,,비연안,False,heatmap
충청북도 충주시 목행.용탄동,1336531.0,비연안,False,OBSERVED,True,충청북도,충주시,목행.용탄동,,,,,,,비연안,False,heatmap
충청북도 충주시 문화동,1241818.0,비연안,False,OBSERVED,True,충청북도,충주시,문화동,,,,,,,비연안,False,heatmap
충청북도 충주시 봉방동,977333.0,비연안,False,OBSERVED,True,충청북도,충주시,봉방동,,,,,,,비연안,False,heatmap
충청북도 충주시 산척면,3594154.0,비연안,False,OBSERVED,True,충청북도,충주시,산척면,,,,,,,비연안,False,heatmap
충청북도 충주시 살미면,831254.0,비연안,False,OBSERVED,True,충청북도,충주시,살미면,,,,,,,비연안,False,heatmap
충청북도 충주시 성내.충인동,3018463.0,비연안,False,OBSERVED,True,충청북도,충주시,성내.충인동,,,,,,,비연안,False,heatmap
충청북도 충주시 소태면,328696.0,비연안,False,OBSERVED,True,충청북도,충주시,소태면,,,,,,,비연안,False,heatmap
충청북도 충주시 수안보면,2271479.0,비연안,False,OBSERVED,True,충청북도,충주시,수안보면,,,,,,,비연안,False,heatmap
충청북도 충주시 신니면,1111646.0,비연안,False,OBSERVED,True,충청북도,충주시,신니면,,,,,,,비연안,False,heatmap
충청북도 충주시 앙성면,1933708.0,비연안,False,OBSERVED,True,충청북도,충주시,앙성면,,,,,,,비연안,False,heatmap
충청북도 충주시 엄정면,527440.0,비연안,False,OBSERVED,True,충청북도,충주시,엄정면,,,,,,,비연안,False,heatmap
충청북도 충주시 연수동,2148492.0,비연안,False,OBSERVED,True,충청북도,충주시,연수동,,,,,,,비연안,False,heatmap
충청북도 충주시 용산동,555681.0,비연안,False,OBSERVED,True,충청북도,충주시,용산동,,,,,,,비연안,False,heatmap
충청북도 충주시 주덕읍,1556922.0,비연안,False,OBSERVED,True,충청북도,충주시,주덕읍,,,,,,,비연안,False,heatmap
충청북도 충주시 중앙탑면,7077805.0,비연안,False,OBSERVED,True,충청북도,충주시,중앙탑면,,,,,,,비연안,False,heatmap
충청북도 충주시 지현동,396778.0,비연안,False,OBSERVED,True,충청북도,충주시,지현동,,,,,,,비연안,False,heatmap
충청북도 충주시 칠금.금릉동,3831530.0,비연안,False,OBSERVED,True,충청북도,충주시,칠금.금릉동,,,,,,,비연안,False,heatmap
충청북도 충주시 호암.직동,1426012.0,비연안,False,OBSERVED,True,충청북도,충주시,호암.직동,,,,,,,비연안,False,heatmap
