index,place_id,region,name,category,base_minutes,G_cluster,spend_region_id,spend_province,spend_level,join_status,national_share_pct,economic_context_score,boundary_review,recommendation_spend_bonus,score_status
0,gj1,경주,효우당,stay,180.0,,경상북도|경주시,경상북도,municipality,UNIQUE_MUNICIPALITY_ALIAS,0.6234246715208639,80.17241379310344,False,0.0,CONTEXT_ONLY_NOT_CALIBRATED
1,gj2,경주,쪽샘 44호 신라공주묘,herit,40.0,G08,경상북도|경주시,경상북도,municipality,UNIQUE_MUNICIPALITY_ALIAS,0.6234246715208639,80.17241379310344,False,0.0,CONTEXT_ONLY_NOT_CALIBRATED
2,gj3,경주,동궁과 월지,herit,70.0,G08,경상북도|경주시,경상북도,municipality,UNIQUE_MUNICIPALITY_ALIAS,0.6234246715208639,80.17241379310344,False,0.0,CONTEXT_ONLY_NOT_CALIBRATED
3,gj4,경주,황리단길,food,120.0,G07,경상북도|경주시,경상북도,municipality,UNIQUE_MUNICIPALITY_ALIAS,0.6234246715208639,80.17241379310344,False,0.0,CONTEXT_ONLY_NOT_CALIBRATED
4,gj5,경주,경주월드,activity,240.0,G06,경상북도|경주시,경상북도,municipality,UNIQUE_MUNICIPALITY_ALIAS,0.6234246715208639,80.17241379310344,False,0.0,CONTEXT_ONLY_NOT_CALIBRATED
5,gj6,경주,경주 라원(미디어아트),activity,60.0,G02,경상북도|경주시,경상북도,municipality,UNIQUE_MUNICIPALITY_ALIAS,0.6234246715208639,80.17241379310344,False,0.0,CONTEXT_ONLY_NOT_CALIBRATED
6,gj7,경주,추억의 달동네 (귀신의집),activity,70.0,G02,경상북도|경주시,경상북도,municipality,UNIQUE_MUNICIPALITY_ALIAS,0.6234246715208639,80.17241379310344,False,0.0,CONTEXT_ONLY_NOT_CALIBRATED
7,gjx1,경주,불국사,herit,90.0,G08,경상북도|경주시,경상북도,municipality,UNIQUE_MUNICIPALITY_ALIAS,0.6234246715208639,80.17241379310344,False,0.0,CONTEXT_ONLY_NOT_CALIBRATED
8,gjx2,경주,대릉원,herit,70.0,G08,경상북도|경주시,경상북도,municipality,UNIQUE_MUNICIPALITY_ALIAS,0.6234246715208639,80.17241379310344,False,0.0,CONTEXT_ONLY_NOT_CALIBRATED
9,gjx3,경주,첨성대,herit,40.0,G08,경상북도|경주시,경상북도,municipality,UNIQUE_MUNICIPALITY_ALIAS,0.6234246715208639,80.17241379310344,False,0.0,CONTEXT_ONLY_NOT_CALIBRATED
10,gjx4,경주,국립경주박물관,herit,90.0,G08,경상북도|경주시,경상북도,municipality,UNIQUE_MUNICIPALITY_ALIAS,0.6234246715208639,80.17241379310344,False,0.0,CONTEXT_ONLY_NOT_CALIBRATED
11,gjx5,경주,석굴암,herit,60.0,G08,경상북도|경주시,경상북도,municipality,UNIQUE_MUNICIPALITY_ALIAS,0.6234246715208639,80.17241379310344,False,0.0,CONTEXT_ONLY_NOT_CALIBRATED
12,gjx6,경주,월정교,herit,40.0,G08,경상북도|경주시,경상북도,municipality,UNIQUE_MUNICIPALITY_ALIAS,0.6234246715208639,80.17241379310344,False,0.0,CONTEXT_ONLY_NOT_CALIBRATED
13,gjx7,경주,교촌마을,herit,50.0,G08,경상북도|경주시,경상북도,municipality,UNIQUE_MUNICIPALITY_ALIAS,0.6234246715208639,80.17241379310344,False,0.0,CONTEXT_ONLY_NOT_CALIBRATED
14,gjx8,경주,경주 양남 주상절리,sea,50.0,G05,경상북도|경주시,경상북도,municipality,UNIQUE_MUNICIPALITY_ALIAS,0.6234246715208639,80.17241379310344,False,0.0,CONTEXT_ONLY_NOT_CALIBRATED
15,gjx9,경주,문무대왕릉,sea,40.0,G05,경상북도|경주시,경상북도,municipality,UNIQUE_MUNICIPALITY_ALIAS,0.6234246715208639,80.17241379310344,False,0.0,CONTEXT_ONLY_NOT_CALIBRATED
16,gjx10,경주,양동마을,herit,90.0,G08,경상북도|경주시,경상북도,municipality,UNIQUE_MUNICIPALITY_ALIAS,0.6234246715208639,80.17241379310344,False,0.0,CONTEXT_ONLY_NOT_CALIBRATED
17,gjx11,경주,경주 엑스포대공원,activity,120.0,G03,경상북도|경주시,경상북도,municipality,UNIQUE_MUNICIPALITY_ALIAS,0.6234246715208639,80.17241379310344,False,0.0,CONTEXT_ONLY_NOT_CALIBRATED
18,gjx12,경주,금관총,herit,50.0,G08,경상북도|경주시,경상북도,municipality,UNIQUE_MUNICIPALITY_ALIAS,0.6234246715208639,80.17241379310344,False,0.0,CONTEXT_ONLY_NOT_CALIBRATED
19,gjx13,경주,오릉,herit,50.0,G08,경상북도|경주시,경상북도,municipality,UNIQUE_MUNICIPALITY_ALIAS,0.6234246715208639,80.17241379310344,False,0.0,CONTEXT_ONLY_NOT_CALIBRATED
20,gjx14,경주,감포항,food,60.0,G01,경상북도|경주시,경상북도,municipality,UNIQUE_MUNICIPALITY_ALIAS,0.6234246715208639,80.17241379310344,False,0.0,CONTEXT_ONLY_NOT_CALIBRATED
21,gjx15,경주,경주 최부자댁,herit,50.0,G08,경상북도|경주시,경상북도,municipality,UNIQUE_MUNICIPALITY_ALIAS,0.6234246715208639,80.17241379310344,False,0.0,CONTEXT_ONLY_NOT_CALIBRATED
22,gjx16,경주,계림,heal,40.0,G04,경상북도|경주시,경상북도,municipality,UNIQUE_MUNICIPALITY_ALIAS,0.6234246715208639,80.17241379310344,False,0.0,CONTEXT_ONLY_NOT_CALIBRATED
23,gjx17,경주,포석정,herit,40.0,G08,경상북도|경주시,경상북도,municipality,UNIQUE_MUNICIPALITY_ALIAS,0.6234246715208639,80.17241379310344,False,0.0,CONTEXT_ONLY_NOT_CALIBRATED
24,gjx18,경주,보문관광단지,heal,60.0,G04,경상북도|경주시,경상북도,municipality,UNIQUE_MUNICIPALITY_ALIAS,0.6234246715208639,80.17241379310344,False,0.0,CONTEXT_ONLY_NOT_CALIBRATED
25,gjx19,경주,힐튼 경주,stay,,,경상북도|경주시,경상북도,municipality,UNIQUE_MUNICIPALITY_ALIAS,0.6234246715208639,80.17241379310344,False,0.0,CONTEXT_ONLY_NOT_CALIBRATED
26,gjx20,경주,신라밀레니엄파크,activity,150.0,G06,경상북도|경주시,경상북도,municipality,UNIQUE_MUNICIPALITY_ALIAS,0.6234246715208639,80.17241379310344,False,0.0,CONTEXT_ONLY_NOT_CALIBRATED
27,gjx21,경주,월성,herit,60.0,G08,경상북도|경주시,경상북도,municipality,UNIQUE_MUNICIPALITY_ALIAS,0.6234246715208639,80.17241379310344,False,0.0,CONTEXT_ONLY_NOT_CALIBRATED
28,gjx22,경주,천마총,herit,50.0,G08,경상북도|경주시,경상북도,municipality,UNIQUE_MUNICIPALITY_ALIAS,0.6234246715208639,80.17241379310344,False,0.0,CONTEXT_ONLY_NOT_CALIBRATED
29,gjx23,경주,봉황대,herit,30.0,G08,경상북도|경주시,경상북도,municipality,UNIQUE_MUNICIPALITY_ALIAS,0.6234246715208639,80.17241379310344,False,0.0,CONTEXT_ONLY_NOT_CALIBRATED
30,gjx24,경주,황룡사지,herit,40.0,G08,경상북도|경주시,경상북도,municipality,UNIQUE_MUNICIPALITY_ALIAS,0.6234246715208639,80.17241379310344,False,0.0,CONTEXT_ONLY_NOT_CALIBRATED
31,gjx25,경주,성동시장,food,60.0,G01,경상북도|경주시,경상북도,municipality,UNIQUE_MUNICIPALITY_ALIAS,0.6234246715208639,80.17241379310344,False,0.0,CONTEXT_ONLY_NOT_CALIBRATED
32,gjx26,경주,중앙시장 야시장,food,70.0,G01,경상북도|경주시,경상북도,municipality,UNIQUE_MUNICIPALITY_ALIAS,0.6234246715208639,80.17241379310344,False,0.0,CONTEXT_ONLY_NOT_CALIBRATED
33,gjx27,경주,서출지,heal,40.0,G04,경상북도|경주시,경상북도,municipality,UNIQUE_MUNICIPALITY_ALIAS,0.6234246715208639,80.17241379310344,False,0.0,CONTEXT_ONLY_NOT_CALIBRATED
34,gjx28,경주,칠불암,herit,120.0,G07,경상북도|경주시,경상북도,municipality,UNIQUE_MUNICIPALITY_ALIAS,0.6234246715208639,80.17241379310344,False,0.0,CONTEXT_ONLY_NOT_CALIBRATED
35,gjx29,경주,감은사지,herit,40.0,G08,경상북도|경주시,경상북도,municipality,UNIQUE_MUNICIPALITY_ALIAS,0.6234246715208639,80.17241379310344,False,0.0,CONTEXT_ONLY_NOT_CALIBRATED
36,gjx32,경주,경주 동궁원,activity,90.0,G03,경상북도|경주시,경상북도,municipality,UNIQUE_MUNICIPALITY_ALIAS,0.6234246715208639,80.17241379310344,False,0.0,CONTEXT_ONLY_NOT_CALIBRATED
37,gjx33,경주,테디베어박물관,activity,70.0,G02,경상북도|경주시,경상북도,municipality,UNIQUE_MUNICIPALITY_ALIAS,0.6234246715208639,80.17241379310344,False,0.0,CONTEXT_ONLY_NOT_CALIBRATED
38,gjx34,경주,민속공예촌,herit,70.0,G08,경상북도|경주시,경상북도,municipality,UNIQUE_MUNICIPALITY_ALIAS,0.6234246715208639,80.17241379310344,False,0.0,CONTEXT_ONLY_NOT_CALIBRATED
39,gjx35,경주,옥산서원,herit,60.0,G08,경상북도|경주시,경상북도,municipality,UNIQUE_MUNICIPALITY_ALIAS,0.6234246715208639,80.17241379310344,False,0.0,CONTEXT_ONLY_NOT_CALIBRATED
40,gz1,거제,덕포해수욕장,sea,70.0,G05,경상남도|거제시,경상남도,municipality,UNIQUE_MUNICIPALITY_ALIAS,0.16753507014028057,42.241379310344826,False,0.0,CONTEXT_ONLY_NOT_CALIBRATED
41,gz2,거제,매미성,sea,50.0,G05,경상남도|거제시,경상남도,municipality,UNIQUE_MUNICIPALITY_ALIAS,0.16753507014028057,42.241379310344826,False,0.0,CONTEXT_ONLY_NOT_CALIBRATED
42,gz3,거제,해금강,sea,90.0,G07,경상남도|거제시,경상남도,municipality,UNIQUE_MUNICIPALITY_ALIAS,0.16753507014028057,42.241379310344826,False,0.0,CONTEXT_ONLY_NOT_CALIBRATED
43,gz4,거제,바람의 언덕,sea,60.0,G05,경상남도|거제시,경상남도,municipality,UNIQUE_MUNICIPALITY_ALIAS,0.16753507014028057,42.241379310344826,False,0.0,CONTEXT_ONLY_NOT_CALIBRATED
44,gz5,거제,오션뷰 카페 씨야드,sea,60.0,G05,경상남도|거제시,경상남도,municipality,UNIQUE_MUNICIPALITY_ALIAS,0.16753507014028057,42.241379310344826,False,0.0,CONTEXT_ONLY_NOT_CALIBRATED
45,gz6,거제,거제식물원,heal,80.0,G07,경상남도|거제시,경상남도,municipality,UNIQUE_MUNICIPALITY_ALIAS,0.16753507014028057,42.241379310344826,False,0.0,CONTEXT_ONLY_NOT_CALIBRATED
46,gz7,거제,거제 파노라마 케이블카,heal,70.0,G04,경상남도|거제시,경상남도,municipality,UNIQUE_MUNICIPALITY_ALIAS,0.16753507014028057,42.241379310344826,False,0.0,CONTEXT_ONLY_NOT_CALIBRATED
47,gz8,거제,동부저수지,heal,40.0,G04,경상남도|거제시,경상남도,municipality,UNIQUE_MUNICIPALITY_ALIAS,0.16753507014028057,42.241379310344826,False,0.0,CONTEXT_ONLY_NOT_CALIBRATED
48,gz9,거제,고현동 상권,food,90.0,G01,경상남도|거제시,경상남도,municipality,UNIQUE_MUNICIPALITY_ALIAS,0.16753507014028057,42.241379310344826,False,0.0,CONTEXT_ONLY_NOT_CALIBRATED
49,gz10,거제,거제 고현시장,food,50.0,G01,경상남도|거제시,경상남도,municipality,UNIQUE_MUNICIPALITY_ALIAS,0.16753507014028057,42.241379310344826,False,0.0,CONTEXT_ONLY_NOT_CALIBRATED
50,gz11,거제,원조거제굴구이,food,80.0,G01,경상남도|거제시,경상남도,municipality,UNIQUE_MUNICIPALITY_ALIAS,0.16753507014028057,42.241379310344826,False,0.0,CONTEXT_ONLY_NOT_CALIBRATED
51,gz12,거제,거제 전통 양곱창 전골,food,70.0,G01,경상남도|거제시,경상남도,municipality,UNIQUE_MUNICIPALITY_ALIAS,0.16753507014028057,42.241379310344826,False,0.0,CONTEXT_ONLY_NOT_CALIBRATED
52,gz13,거제,금농갈비,food,75.0,G01,경상남도|거제시,경상남도,municipality,UNIQUE_MUNICIPALITY_ALIAS,0.16753507014028057,42.241379310344826,False,0.0,CONTEXT_ONLY_NOT_CALIBRATED
53,gz14,거제,농소몽돌해수욕장,sea,60.0,G05,경상남도|거제시,경상남도,municipality,UNIQUE_MUNICIPALITY_ALIAS,0.16753507014028057,42.241379310344826,False,0.0,CONTEXT_ONLY_NOT_CALIBRATED
54,gzx1,거제,외도 보타니아,heal,150.0,G07,경상남도|거제시,경상남도,municipality,UNIQUE_MUNICIPALITY_ALIAS,0.16753507014028057,42.241379310344826,False,0.0,CONTEXT_ONLY_NOT_CALIBRATED
55,gzx2,거제,학동 흑진주 몽돌해변,sea,60.0,G05,경상남도|거제시,경상남도,municipality,UNIQUE_MUNICIPALITY_ALIAS,0.16753507014028057,42.241379310344826,False,0.0,CONTEXT_ONLY_NOT_CALIBRATED
56,gzx3,거제,신선대,sea,40.0,G05,경상남도|거제시,경상남도,municipality,UNIQUE_MUNICIPALITY_ALIAS,0.16753507014028057,42.241379310344826,False,0.0,CONTEXT_ONLY_NOT_CALIBRATED
57,gzx4,거제,구조라성,herit,50.0,G08,경상남도|거제시,경상남도,municipality,UNIQUE_MUNICIPALITY_ALIAS,0.16753507014028057,42.241379310344826,False,0.0,CONTEXT_ONLY_NOT_CALIBRATED
58,gzx5,거제,구조라해수욕장,sea,70.0,G05,경상남도|거제시,경상남도,municipality,UNIQUE_MUNICIPALITY_ALIAS,0.16753507014028057,42.241379310344826,False,0.0,CONTEXT_ONLY_NOT_CALIBRATED
59,gzx6,거제,지심도,heal,240.0,G06,경상남도|거제시,경상남도,municipality,UNIQUE_MUNICIPALITY_ALIAS,0.16753507014028057,42.241379310344826,False,0.0,CONTEXT_ONLY_NOT_CALIBRATED
60,gzx7,거제,거제 포로수용소 유적공원,herit,110.0,G07,경상남도|거제시,경상남도,municipality,UNIQUE_MUNICIPALITY_ALIAS,0.16753507014028057,42.241379310344826,False,0.0,CONTEXT_ONLY_NOT_CALIBRATED
61,gzx8,거제,여차·홍포 전망대,sea,40.0,G05,경상남도|거제시,경상남도,municipality,UNIQUE_MUNICIPALITY_ALIAS,0.16753507014028057,42.241379310344826,False,0.0,CONTEXT_ONLY_NOT_CALIBRATED
62,ctu1,부산,대변항,sea,40.0,G05,부산광역시,부산광역시,province,PROVINCE_CONTEXT_ONLY,6.4128256513026045,,False,0.0,CONTEXT_ONLY_NOT_CALIBRATED
63,ctu2,부산,국회부산도서관,herit,60.0,G08,부산광역시,부산광역시,province,PROVINCE_CONTEXT_ONLY,6.4128256513026045,,False,0.0,CONTEXT_ONLY_NOT_CALIBRATED
64,ctu3,제주,오래물광장,heal,60.0,G04,제주특별자치도,제주특별자치도,province,PROVINCE_CONTEXT_ONLY,1.7034068136272542,,False,0.0,CONTEXT_ONLY_NOT_CALIBRATED
65,ctu4,제주,산지천,heal,60.0,G04,제주특별자치도,제주특별자치도,province,PROVINCE_CONTEXT_ONLY,1.7034068136272542,,False,0.0,CONTEXT_ONLY_NOT_CALIBRATED
66,ctu5,대구,화원동산,heal,60.0,G04,대구광역시,대구광역시,province,PROVINCE_CONTEXT_ONLY,3.707414829659318,,False,0.0,CONTEXT_ONLY_NOT_CALIBRATED
67,ctu6,해남,산이정원,heal,60.0,G04,전남광주통합특별시|해남군,전남광주통합특별시,municipality,UNIQUE_MUNICIPALITY_ALIAS,0.066000264001056,17.24137931034483,True,0.0,CONTEXT_ONLY_NOT_CALIBRATED
68,ctu7,광양,광양향교,herit,60.0,G08,전남광주통합특별시|광양시,전남광주통합특별시,municipality,UNIQUE_MUNICIPALITY_ALIAS,0.1804007216028864,45.258620689655174,True,0.0,CONTEXT_ONLY_NOT_CALIBRATED
69,ctu8,광양,배알도 섬정원,heal,60.0,G04,전남광주통합특별시|광양시,전남광주통합특별시,municipality,UNIQUE_MUNICIPALITY_ALIAS,0.1804007216028864,45.258620689655174,True,0.0,CONTEXT_ONLY_NOT_CALIBRATED
70,ctu9,광양,전남도립미술관,activity,90.0,G03,전남광주통합특별시|광양시,전남광주통합특별시,municipality,UNIQUE_MUNICIPALITY_ALIAS,0.1804007216028864,45.258620689655174,True,0.0,CONTEXT_ONLY_NOT_CALIBRATED
71,ctu10,광양,광양예술창고,activity,90.0,G03,전남광주통합특별시|광양시,전남광주통합특별시,municipality,UNIQUE_MUNICIPALITY_ALIAS,0.1804007216028864,45.258620689655174,True,0.0,CONTEXT_ONLY_NOT_CALIBRATED
72,ctu11,광양,해오름육교,heal,60.0,G04,전남광주통합특별시|광양시,전남광주통합특별시,municipality,UNIQUE_MUNICIPALITY_ALIAS,0.1804007216028864,45.258620689655174,True,0.0,CONTEXT_ONLY_NOT_CALIBRATED
73,ctu12,여수,국동어항단지,heal,60.0,G04,전남광주통합특별시|여수시,전남광주통합특별시,municipality,UNIQUE_MUNICIPALITY_ALIAS,0.3432013728054912,62.93103448275862,True,0.0,CONTEXT_ONLY_NOT_CALIBRATED
74,ctu13,여수,돌산대교,sea,40.0,G05,전남광주통합특별시|여수시,전남광주통합특별시,municipality,UNIQUE_MUNICIPALITY_ALIAS,0.3432013728054912,62.93103448275862,True,0.0,CONTEXT_ONLY_NOT_CALIBRATED
75,ctu14,여수,거북선대교,sea,40.0,G05,전남광주통합특별시|여수시,전남광주통합특별시,municipality,UNIQUE_MUNICIPALITY_ALIAS,0.3432013728054912,62.93103448275862,True,0.0,CONTEXT_ONLY_NOT_CALIBRATED
76,ctu15,여수,만성리형제묘,herit,60.0,G08,전남광주통합특별시|여수시,전남광주통합특별시,municipality,UNIQUE_MUNICIPALITY_ALIAS,0.3432013728054912,62.93103448275862,True,0.0,CONTEXT_ONLY_NOT_CALIBRATED
77,ctu16,여수,여순사건희생자위령비,herit,60.0,G08,전남광주통합특별시|여수시,전남광주통합특별시,municipality,UNIQUE_MUNICIPALITY_ALIAS,0.3432013728054912,62.93103448275862,True,0.0,CONTEXT_ONLY_NOT_CALIBRATED
78,ctu17,여수,둔병대교,sea,40.0,G05,전남광주통합특별시|여수시,전남광주통합특별시,municipality,UNIQUE_MUNICIPALITY_ALIAS,0.3432013728054912,62.93103448275862,True,0.0,CONTEXT_ONLY_NOT_CALIBRATED
79,ctu18,여수,팔영대교,sea,40.0,G05,전남광주통합특별시|여수시,전남광주통합특별시,municipality,UNIQUE_MUNICIPALITY_ALIAS,0.3432013728054912,62.93103448275862,True,0.0,CONTEXT_ONLY_NOT_CALIBRATED
80,ctu19,여수,서틀러다육식물원,activity,90.0,G03,전남광주통합특별시|여수시,전남광주통합특별시,municipality,UNIQUE_MUNICIPALITY_ALIAS,0.3432013728054912,62.93103448275862,True,0.0,CONTEXT_ONLY_NOT_CALIBRATED
81,ctu20,화성,민들레연극마을,activity,90.0,G03,경기도|화성시,경기도,municipality,UNIQUE_MUNICIPALITY_ALIAS,1.3542631903727214,94.39655172413794,False,0.0,CONTEXT_ONLY_NOT_CALIBRATED
82,ctu21,화성,융릉 건릉 역사문화관,herit,60.0,G08,경기도|화성시,경기도,municipality,UNIQUE_MUNICIPALITY_ALIAS,1.3542631903727214,94.39655172413794,False,0.0,CONTEXT_ONLY_NOT_CALIBRATED
83,ctu24,밀양,천주교명례성지,heal,60.0,G04,경상남도|밀양시,경상남도,municipality,UNIQUE_MUNICIPALITY_ALIAS,0.09899799599198397,28.448275862068964,False,0.0,CONTEXT_ONLY_NOT_CALIBRATED
84,ctu25,밀양,밀양강둔치 야외공연장,activity,90.0,G03,경상남도|밀양시,경상남도,municipality,UNIQUE_MUNICIPALITY_ALIAS,0.09899799599198397,28.448275862068964,False,0.0,CONTEXT_ONLY_NOT_CALIBRATED
85,ctu26,사천,사천항공우주과학관,activity,90.0,G03,경상남도|사천시,경상남도,municipality,UNIQUE_MUNICIPALITY_ALIAS,0.17895791583166332,44.827586206896555,False,0.0,CONTEXT_ONLY_NOT_CALIBRATED
86,ctu27,사천,대방진굴항,sea,40.0,G05,경상남도|사천시,경상남도,municipality,UNIQUE_MUNICIPALITY_ALIAS,0.17895791583166332,44.827586206896555,False,0.0,CONTEXT_ONLY_NOT_CALIBRATED
87,ctu28,사천,노을전망교,sea,40.0,G05,경상남도|사천시,경상남도,municipality,UNIQUE_MUNICIPALITY_ALIAS,0.17895791583166332,44.827586206896555,False,0.0,CONTEXT_ONLY_NOT_CALIBRATED
88,ctu29,영주,영주호 용마루공원2 평은역사,activity,90.0,G03,경상북도|영주시,경상북도,municipality,UNIQUE_MUNICIPALITY_ALIAS,0.07567582717883319,20.689655172413794,False,0.0,CONTEXT_ONLY_NOT_CALIBRATED
89,ctu30,익산,원불교 중앙총부,heal,60.0,G04,전북특별자치도|익산시,전북특별자치도,municipality,UNIQUE_MUNICIPALITY_ALIAS,0.2226452905811623,48.706896551724135,False,0.0,CONTEXT_ONLY_NOT_CALIBRATED
90,ctu31,서산,간월도,sea,40.0,G05,충청남도|서산시,충청남도,municipality,UNIQUE_MUNICIPALITY_ALIAS,0.1965893749460883,46.98275862068966,False,0.0,CONTEXT_ONLY_NOT_CALIBRATED
91,ctu32,서산,삼길포항,sea,40.0,G05,충청남도|서산시,충청남도,municipality,UNIQUE_MUNICIPALITY_ALIAS,0.1965893749460883,46.98275862068966,False,0.0,CONTEXT_ONLY_NOT_CALIBRATED
92,ctu33,연천,연천국악사랑방 서울경서도,heal,60.0,G04,경기도|연천군,경기도,municipality,UNIQUE_MUNICIPALITY_ALIAS,0.04924593419537168,12.5,False,0.0,CONTEXT_ONLY_NOT_CALIBRATED
93,ctu35,평택,팽성읍객사,herit,60.0,G08,경기도|평택시,경기도,municipality,UNIQUE_MUNICIPALITY_ALIAS,0.7633119800282611,86.63793103448276,False,0.0,CONTEXT_ONLY_NOT_CALIBRATED
94,ctu37,의정부,자일 산림욕장,heal,60.0,G04,경기도|의정부시,경기도,municipality,UNIQUE_MUNICIPALITY_ALIAS,0.5663282432467742,76.9396551724138,False,0.0,CONTEXT_ONLY_NOT_CALIBRATED
95,ctu38,의정부,백영수미술관,activity,90.0,G03,경기도|의정부시,경기도,municipality,UNIQUE_MUNICIPALITY_ALIAS,0.5663282432467742,76.9396551724138,False,0.0,CONTEXT_ONLY_NOT_CALIBRATED
96,ctu41,봉화,오전약수관광지,heal,60.0,G04,경상북도|봉화군,경상북도,municipality,UNIQUE_MUNICIPALITY_ALIAS,0.025225275726277727,3.4482758620689653,False,0.0,CONTEXT_ONLY_NOT_CALIBRATED
97,ctu42,정선,아리랑센터,heal,60.0,G04,강원특별자치도|정선군,강원특별자치도,municipality,UNIQUE_MUNICIPALITY_ALIAS,0.09298597194388776,25.0,False,0.0,CONTEXT_ONLY_NOT_CALIBRATED
98,ctu43,가평,공유양조벤처센터 술지움,heal,60.0,G04,경기도|가평군,경기도,municipality,UNIQUE_MUNICIPALITY_ALIAS,0.27085263807454424,54.741379310344826,False,0.0,CONTEXT_ONLY_NOT_CALIBRATED
99,ctu44,가평,가평크루즈,heal,60.0,G04,경기도|가평군,경기도,municipality,UNIQUE_MUNICIPALITY_ALIAS,0.27085263807454424,54.741379310344826,False,0.0,CONTEXT_ONLY_NOT_CALIBRATED
100,ctu46,시흥,배곧천,heal,60.0,G04,경기도|시흥시,경기도,municipality,UNIQUE_MUNICIPALITY_ALIAS,0.7879349471259469,87.28448275862068,False,0.0,CONTEXT_ONLY_NOT_CALIBRATED
101,ctu47,시흥,배다리선착장,sea,40.0,G05,경기도|시흥시,경기도,municipality,UNIQUE_MUNICIPALITY_ALIAS,0.7879349471259469,87.28448275862068,False,0.0,CONTEXT_ONLY_NOT_CALIBRATED
102,ctu48,인천,석모도수목원,heal,60.0,G04,인천광역시,인천광역시,province,PROVINCE_CONTEXT_ONLY,5.310621242484969,,True,0.0,CONTEXT_ONLY_NOT_CALIBRATED
103,ctu49,안산,방아머리선착장,sea,40.0,G05,경기도|안산시,경기도,municipality,UNIQUE_MUNICIPALITY_ALIAS,0.9356727497120619,89.65517241379311,False,0.0,CONTEXT_ONLY_NOT_CALIBRATED
104,ctu50,안산,그랑꼬또와이너리,heal,60.0,G04,경기도|안산시,경기도,municipality,UNIQUE_MUNICIPALITY_ALIAS,0.9356727497120619,89.65517241379311,False,0.0,CONTEXT_ONLY_NOT_CALIBRATED
105,ctu51,세종,정부세종컨벤션센터 홍보동 출입구,heal,60.0,G04,세종특별자치시,세종특별자치시,province,PROVINCE_CONTEXT_ONLY,0.3006012024048096,,False,0.0,CONTEXT_ONLY_NOT_CALIBRATED
106,ctu52,화순,이서커뮤니티센터,heal,60.0,G04,전남광주통합특별시|화순군,전남광주통합특별시,municipality,UNIQUE_MUNICIPALITY_ALIAS,0.0924003696014784,24.56896551724138,True,0.0,CONTEXT_ONLY_NOT_CALIBRATED
107,ctu53,춘천,소양아트서클,heal,60.0,G04,강원특별자치도|춘천시,강원특별자치도,municipality,UNIQUE_MUNICIPALITY_ALIAS,0.3687374749498998,63.793103448275865,False,0.0,CONTEXT_ONLY_NOT_CALIBRATED
108,ctu54,춘천,KT플라자 춘천점,heal,60.0,G04,강원특별자치도|춘천시,강원특별자치도,municipality,UNIQUE_MUNICIPALITY_ALIAS,0.3687374749498998,63.793103448275865,False,0.0,CONTEXT_ONLY_NOT_CALIBRATED
109,ctu55,김해,대성동고분박물관,herit,60.0,G08,경상남도|김해시,경상남도,municipality,UNIQUE_MUNICIPALITY_ALIAS,0.6511022044088176,81.46551724137932,False,0.0,CONTEXT_ONLY_NOT_CALIBRATED
110,ctu56,영광,숲쟁이꽃동산,heal,60.0,G04,전남광주통합특별시|영광군,전남광주통합특별시,municipality,UNIQUE_MUNICIPALITY_ALIAS,0.048400193600774404,11.422413793103448,True,0.0,CONTEXT_ONLY_NOT_CALIBRATED
111,ctu57,영광,영광물무산행복숲 질퍽질퍽맨발황톳길,heal,60.0,G04,전남광주통합특별시|영광군,전남광주통합특별시,municipality,UNIQUE_MUNICIPALITY_ALIAS,0.048400193600774404,11.422413793103448,True,0.0,CONTEXT_ONLY_NOT_CALIBRATED
112,ctu58,완주,플리커책방 두베점,heal,60.0,G04,전북특별자치도|완주군,전북특별자치도,municipality,UNIQUE_MUNICIPALITY_ALIAS,0.18296593186372748,45.689655172413794,False,0.0,CONTEXT_ONLY_NOT_CALIBRATED
113,ctu59,곡성,곡성기차마을전통시장 저온저장고,heal,60.0,G04,전남광주통합특별시|곡성군,전남광주통합특별시,municipality,UNIQUE_MUNICIPALITY_ALIAS,0.048400193600774404,11.422413793103448,True,0.0,CONTEXT_ONLY_NOT_CALIBRATED
114,ctu60,대전,낙조,heal,60.0,G04,대전광역시,대전광역시,province,PROVINCE_CONTEXT_ONLY,3.2064128256513023,,False,0.0,CONTEXT_ONLY_NOT_CALIBRATED
115,ctu61,홍천,홍천무궁화수목원,heal,60.0,G04,강원특별자치도|홍천군,강원특별자치도,municipality,UNIQUE_MUNICIPALITY_ALIAS,0.2661322645290581,54.310344827586206,False,0.0,CONTEXT_ONLY_NOT_CALIBRATED
116,ctu62,대전,계룡산국립공원 수통골,heal,60.0,G04,대전광역시,대전광역시,province,PROVINCE_CONTEXT_ONLY,3.2064128256513023,,False,0.0,CONTEXT_ONLY_NOT_CALIBRATED
117,ctu63,경산,갓바위탐방지원센터,heal,60.0,G04,경상북도|경산시,경상북도,municipality,UNIQUE_MUNICIPALITY_ALIAS,0.2954960870792534,57.758620689655174,False,0.0,CONTEXT_ONLY_NOT_CALIBRATED
118,ctu64,경산,경산의삽살개육종연구소,heal,60.0,G04,경상북도|경산시,경상북도,municipality,UNIQUE_MUNICIPALITY_ALIAS,0.2954960870792534,57.758620689655174,False,0.0,CONTEXT_ONLY_NOT_CALIBRATED
119,ctu65,울산,태화강국가정원 십리대숲,heal,60.0,G04,울산광역시,울산광역시,province,PROVINCE_CONTEXT_ONLY,1.5030060120240478,,False,0.0,CONTEXT_ONLY_NOT_CALIBRATED
120,ctu66,서울,DMZ관광,heal,60.0,G04,서울특별시,서울특별시,province,PROVINCE_CONTEXT_ONLY,29.058116232464926,,False,0.0,CONTEXT_ONLY_NOT_CALIBRATED
121,ctu67,서울,스노우피크 롯데아울렛서울역점,activity,90.0,G03,서울특별시,서울특별시,province,PROVINCE_CONTEXT_ONLY,29.058116232464926,,False,0.0,CONTEXT_ONLY_NOT_CALIBRATED
122,ctu68,서울,황금텃밭농장,activity,90.0,G03,서울특별시,서울특별시,province,PROVINCE_CONTEXT_ONLY,29.058116232464926,,False,0.0,CONTEXT_ONLY_NOT_CALIBRATED
123,ctu69,서울,별빛남문시장 6번 게이트,heal,60.0,G04,서울특별시,서울특별시,province,PROVINCE_CONTEXT_ONLY,29.058116232464926,,False,0.0,CONTEXT_ONLY_NOT_CALIBRATED
124,ctt1,부산,낙동강하구에코센터,herit,60.0,G08,부산광역시,부산광역시,province,PROVINCE_CONTEXT_ONLY,6.4128256513026045,,False,0.0,CONTEXT_ONLY_NOT_CALIBRATED
125,ctt2,부산,송도구름산책로 송도365,heal,60.0,G04,부산광역시,부산광역시,province,PROVINCE_CONTEXT_ONLY,6.4128256513026045,,False,0.0,CONTEXT_ONLY_NOT_CALIBRATED
126,ctt3,부산,암남공원,heal,60.0,G04,부산광역시,부산광역시,province,PROVINCE_CONTEXT_ONLY,6.4128256513026045,,False,0.0,CONTEXT_ONLY_NOT_CALIBRATED
127,ctt4,부산,동아대학교 석당박물관,herit,60.0,G08,부산광역시,부산광역시,province,PROVINCE_CONTEXT_ONLY,6.4128256513026045,,False,0.0,CONTEXT_ONLY_NOT_CALIBRATED
128,ctt5,부산,천마산하늘전망대,activity,90.0,G03,부산광역시,부산광역시,province,PROVINCE_CONTEXT_ONLY,6.4128256513026045,,False,0.0,CONTEXT_ONLY_NOT_CALIBRATED
129,ctt6,부산,평화공원,heal,60.0,G04,부산광역시,부산광역시,province,PROVINCE_CONTEXT_ONLY,6.4128256513026045,,False,0.0,CONTEXT_ONLY_NOT_CALIBRATED
130,ctt7,부산,BIFF광장,food,50.0,G01,부산광역시,부산광역시,province,PROVINCE_CONTEXT_ONLY,6.4128256513026045,,False,0.0,CONTEXT_ONLY_NOT_CALIBRATED
131,ctt8,부산,UN기념공원 안내소,heal,60.0,G04,부산광역시,부산광역시,province,PROVINCE_CONTEXT_ONLY,6.4128256513026045,,False,0.0,CONTEXT_ONLY_NOT_CALIBRATED
132,ctt9,대구,군위한밤마을 돌담길,food,50.0,G01,대구광역시,대구광역시,province,PROVINCE_CONTEXT_ONLY,3.707414829659318,,False,0.0,CONTEXT_ONLY_NOT_CALIBRATED
133,ctt10,대구,삼국유사테마파크,activity,90.0,G03,대구광역시,대구광역시,province,PROVINCE_CONTEXT_ONLY,3.707414829659318,,False,0.0,CONTEXT_ONLY_NOT_CALIBRATED
134,ctt11,대구,사라온이야기마을,activity,90.0,G03,대구광역시,대구광역시,province,PROVINCE_CONTEXT_ONLY,3.707414829659318,,False,0.0,CONTEXT_ONLY_NOT_CALIBRATED
135,ctt12,대구,영화 리틀포레스트 촬영지,heal,60.0,G04,대구광역시,대구광역시,province,PROVINCE_CONTEXT_ONLY,3.707414829659318,,False,0.0,CONTEXT_ONLY_NOT_CALIBRATED
136,ctt13,대구,도동서원,herit,60.0,G08,대구광역시,대구광역시,province,PROVINCE_CONTEXT_ONLY,3.707414829659318,,False,0.0,CONTEXT_ONLY_NOT_CALIBRATED
137,ctt14,대구,송해공원,heal,60.0,G04,대구광역시,대구광역시,province,PROVINCE_CONTEXT_ONLY,3.707414829659318,,False,0.0,CONTEXT_ONLY_NOT_CALIBRATED
138,ctt15,대구,비슬산자연휴양림,heal,60.0,G04,대구광역시,대구광역시,province,PROVINCE_CONTEXT_ONLY,3.707414829659318,,False,0.0,CONTEXT_ONLY_NOT_CALIBRATED
139,ctt16,대구,대구수목원,heal,60.0,G04,대구광역시,대구광역시,province,PROVINCE_CONTEXT_ONLY,3.707414829659318,,False,0.0,CONTEXT_ONLY_NOT_CALIBRATED
140,ctt17,대구,마비정벽화마을,herit,60.0,G08,대구광역시,대구광역시,province,PROVINCE_CONTEXT_ONLY,3.707414829659318,,False,0.0,CONTEXT_ONLY_NOT_CALIBRATED
141,ctt18,대구,화원자연휴양림,heal,60.0,G04,대구광역시,대구광역시,province,PROVINCE_CONTEXT_ONLY,3.707414829659318,,False,0.0,CONTEXT_ONLY_NOT_CALIBRATED
142,ctt19,대구,대명유수지,heal,60.0,G04,대구광역시,대구광역시,province,PROVINCE_CONTEXT_ONLY,3.707414829659318,,False,0.0,CONTEXT_ONLY_NOT_CALIBRATED
143,ctt20,대구,삼존석굴모전석탑,herit,60.0,G08,대구광역시,대구광역시,province,PROVINCE_CONTEXT_ONLY,3.707414829659318,,False,0.0,CONTEXT_ONLY_NOT_CALIBRATED
144,ctt21,대구,김수환추기경사랑과나눔공원,heal,60.0,G04,대구광역시,대구광역시,province,PROVINCE_CONTEXT_ONLY,3.707414829659318,,False,0.0,CONTEXT_ONLY_NOT_CALIBRATED
145,ctt22,대구,엄마아빠어렸을적에,activity,90.0,G03,대구광역시,대구광역시,province,PROVINCE_CONTEXT_ONLY,3.707414829659318,,False,0.0,CONTEXT_ONLY_NOT_CALIBRATED
146,ctt23,대구,화원유원지,heal,60.0,G04,대구광역시,대구광역시,province,PROVINCE_CONTEXT_ONLY,3.707414829659318,,False,0.0,CONTEXT_ONLY_NOT_CALIBRATED
147,ctt24,대구,달성습지,heal,60.0,G04,대구광역시,대구광역시,province,PROVINCE_CONTEXT_ONLY,3.707414829659318,,False,0.0,CONTEXT_ONLY_NOT_CALIBRATED
148,ctt25,대구,디아크문화관,heal,60.0,G04,대구광역시,대구광역시,province,PROVINCE_CONTEXT_ONLY,3.707414829659318,,False,0.0,CONTEXT_ONLY_NOT_CALIBRATED
149,ctt26,대구,봉무공원,heal,60.0,G04,대구광역시,대구광역시,province,PROVINCE_CONTEXT_ONLY,3.707414829659318,,False,0.0,CONTEXT_ONLY_NOT_CALIBRATED
150,ctt27,대구,갓바위 자생식물원,heal,60.0,G04,대구광역시,대구광역시,province,PROVINCE_CONTEXT_ONLY,3.707414829659318,,False,0.0,CONTEXT_ONLY_NOT_CALIBRATED
151,ctt28,대구,대구방짜유기박물관,herit,60.0,G08,대구광역시,대구광역시,province,PROVINCE_CONTEXT_ONLY,3.707414829659318,,False,0.0,CONTEXT_ONLY_NOT_CALIBRATED
152,ctt29,대구,대구중구골목투어 근대문화골목(2코스),heal,60.0,G04,대구광역시,대구광역시,province,PROVINCE_CONTEXT_ONLY,3.707414829659318,,False,0.0,CONTEXT_ONLY_NOT_CALIBRATED
153,ctt30,대구,두류공원,heal,60.0,G04,대구광역시,대구광역시,province,PROVINCE_CONTEXT_ONLY,3.707414829659318,,False,0.0,CONTEXT_ONLY_NOT_CALIBRATED
154,ctt31,대구,앞산해넘이전망대,activity,90.0,G03,대구광역시,대구광역시,province,PROVINCE_CONTEXT_ONLY,3.707414829659318,,False,0.0,CONTEXT_ONLY_NOT_CALIBRATED
155,ctt32,대구,대구앞산공원,heal,60.0,G04,대구광역시,대구광역시,province,PROVINCE_CONTEXT_ONLY,3.707414829659318,,False,0.0,CONTEXT_ONLY_NOT_CALIBRATED
156,ctt33,대구,고산골공룡공원,activity,90.0,G03,대구광역시,대구광역시,province,PROVINCE_CONTEXT_ONLY,3.707414829659318,,False,0.0,CONTEXT_ONLY_NOT_CALIBRATED
157,ctt34,대구,메타세콰이어길,heal,60.0,G04,대구광역시,대구광역시,province,PROVINCE_CONTEXT_ONLY,3.707414829659318,,False,0.0,CONTEXT_ONLY_NOT_CALIBRATED
158,ctt35,대구,동촌유원지,heal,60.0,G04,대구광역시,대구광역시,province,PROVINCE_CONTEXT_ONLY,3.707414829659318,,False,0.0,CONTEXT_ONLY_NOT_CALIBRATED
159,ctt36,광양,광양김시식지,herit,60.0,G08,전남광주통합특별시|광양시,전남광주통합특별시,municipality,UNIQUE_MUNICIPALITY_ALIAS,0.1804007216028864,45.258620689655174,True,0.0,CONTEXT_ONLY_NOT_CALIBRATED
160,ctt37,광양,섬진강망덕포구먹거리타운,food,50.0,G01,전남광주통합특별시|광양시,전남광주통합특별시,municipality,UNIQUE_MUNICIPALITY_ALIAS,0.1804007216028864,45.258620689655174,True,0.0,CONTEXT_ONLY_NOT_CALIBRATED
161,ctt38,광양,조선수군지 선소기념관,herit,60.0,G08,전남광주통합특별시|광양시,전남광주통합특별시,municipality,UNIQUE_MUNICIPALITY_ALIAS,0.1804007216028864,45.258620689655174,True,0.0,CONTEXT_ONLY_NOT_CALIBRATED
162,ctt39,광양,백운산자연휴양림,heal,60.0,G04,전남광주통합특별시|광양시,전남광주통합특별시,municipality,UNIQUE_MUNICIPALITY_ALIAS,0.1804007216028864,45.258620689655174,True,0.0,CONTEXT_ONLY_NOT_CALIBRATED
163,ctt40,광양,백운산산림박물관,herit,60.0,G08,전남광주통합특별시|광양시,전남광주통합특별시,municipality,UNIQUE_MUNICIPALITY_ALIAS,0.1804007216028864,45.258620689655174,True,0.0,CONTEXT_ONLY_NOT_CALIBRATED
164,ctt41,광양,광양불고기특화거리,food,50.0,G01,전남광주통합특별시|광양시,전남광주통합특별시,municipality,UNIQUE_MUNICIPALITY_ALIAS,0.1804007216028864,45.258620689655174,True,0.0,CONTEXT_ONLY_NOT_CALIBRATED
165,ctt42,광양,광양시관광안내소,heal,60.0,G04,전남광주통합특별시|광양시,전남광주통합특별시,municipality,UNIQUE_MUNICIPALITY_ALIAS,0.1804007216028864,45.258620689655174,True,0.0,CONTEXT_ONLY_NOT_CALIBRATED
166,ctt43,광양,이순신대교 먹거리타운,food,50.0,G01,전남광주통합특별시|광양시,전남광주통합특별시,municipality,UNIQUE_MUNICIPALITY_ALIAS,0.1804007216028864,45.258620689655174,True,0.0,CONTEXT_ONLY_NOT_CALIBRATED
167,ctt44,여수,소호동동다리,heal,60.0,G04,전남광주통합특별시|여수시,전남광주통합특별시,municipality,UNIQUE_MUNICIPALITY_ALIAS,0.3432013728054912,62.93103448275862,True,0.0,CONTEXT_ONLY_NOT_CALIBRATED
168,ctt45,여수,여수선소유적,herit,60.0,G08,전남광주통합특별시|여수시,전남광주통합특별시,municipality,UNIQUE_MUNICIPALITY_ALIAS,0.3432013728054912,62.93103448275862,True,0.0,CONTEXT_ONLY_NOT_CALIBRATED
169,ctt46,여수,하멜전시관,activity,90.0,G03,전남광주통합특별시|여수시,전남광주통합특별시,municipality,UNIQUE_MUNICIPALITY_ALIAS,0.3432013728054912,62.93103448275862,True,0.0,CONTEXT_ONLY_NOT_CALIBRATED
170,ctt47,여수,여수국가산업단지전망대,activity,90.0,G03,전남광주통합특별시|여수시,전남광주통합특별시,municipality,UNIQUE_MUNICIPALITY_ALIAS,0.3432013728054912,62.93103448275862,True,0.0,CONTEXT_ONLY_NOT_CALIBRATED
171,ctt48,여수,여수충민사,herit,60.0,G08,전남광주통합특별시|여수시,전남광주통합특별시,municipality,UNIQUE_MUNICIPALITY_ALIAS,0.3432013728054912,62.93103448275862,True,0.0,CONTEXT_ONLY_NOT_CALIBRATED
172,ctt49,여수,고소대,herit,60.0,G08,전남광주통합특별시|여수시,전남광주통합특별시,municipality,UNIQUE_MUNICIPALITY_ALIAS,0.3432013728054912,62.93103448275862,True,0.0,CONTEXT_ONLY_NOT_CALIBRATED
173,ctt50,여수,이충무공 어머니 사시던 곳,herit,60.0,G08,전남광주통합특별시|여수시,전남광주통합특별시,municipality,UNIQUE_MUNICIPALITY_ALIAS,0.3432013728054912,62.93103448275862,True,0.0,CONTEXT_ONLY_NOT_CALIBRATED
174,ctt51,여수,여순사건 기념관,herit,60.0,G08,전남광주통합특별시|여수시,전남광주통합특별시,municipality,UNIQUE_MUNICIPALITY_ALIAS,0.3432013728054912,62.93103448275862,True,0.0,CONTEXT_ONLY_NOT_CALIBRATED
175,ctt52,여수,낭도,sea,40.0,G05,전남광주통합특별시|여수시,전남광주통합특별시,municipality,UNIQUE_MUNICIPALITY_ALIAS,0.3432013728054912,62.93103448275862,True,0.0,CONTEXT_ONLY_NOT_CALIBRATED
176,ctt53,여수,적금도,sea,40.0,G05,전남광주통합특별시|여수시,전남광주통합특별시,municipality,UNIQUE_MUNICIPALITY_ALIAS,0.3432013728054912,62.93103448275862,True,0.0,CONTEXT_ONLY_NOT_CALIBRATED
177,ctt54,여수,적금도전망공원,heal,60.0,G04,전남광주통합특별시|여수시,전남광주통합특별시,municipality,UNIQUE_MUNICIPALITY_ALIAS,0.3432013728054912,62.93103448275862,True,0.0,CONTEXT_ONLY_NOT_CALIBRATED
178,ctt55,여수,가사리생태공원,heal,60.0,G04,전남광주통합특별시|여수시,전남광주통합특별시,municipality,UNIQUE_MUNICIPALITY_ALIAS,0.3432013728054912,62.93103448275862,True,0.0,CONTEXT_ONLY_NOT_CALIBRATED
179,ctt56,여수,전남광주통합특별시해양수산과학관,heal,60.0,G04,전남광주통합특별시|여수시,전남광주통합특별시,municipality,UNIQUE_MUNICIPALITY_ALIAS,0.3432013728054912,62.93103448275862,True,0.0,CONTEXT_ONLY_NOT_CALIBRATED
180,ctt57,목포,유달유원지,heal,60.0,G04,전남광주통합특별시|목포시,전남광주통합특별시,municipality,UNIQUE_MUNICIPALITY_ALIAS,0.2596010384041536,53.01724137931034,True,0.0,CONTEXT_ONLY_NOT_CALIBRATED
181,ctt58,목포,목포스카이워크,heal,60.0,G04,전남광주통합특별시|목포시,전남광주통합특별시,municipality,UNIQUE_MUNICIPALITY_ALIAS,0.2596010384041536,53.01724137931034,True,0.0,CONTEXT_ONLY_NOT_CALIBRATED
182,ctt59,목포,가톨릭목포성지 역사박물관,herit,60.0,G08,전남광주통합특별시|목포시,전남광주통합특별시,municipality,UNIQUE_MUNICIPALITY_ALIAS,0.2596010384041536,53.01724137931034,True,0.0,CONTEXT_ONLY_NOT_CALIBRATED
183,ctt60,목포,김대중노벨평화상기념관,herit,60.0,G08,전남광주통합특별시|목포시,전남광주통합특별시,municipality,UNIQUE_MUNICIPALITY_ALIAS,0.2596010384041536,53.01724137931034,True,0.0,CONTEXT_ONLY_NOT_CALIBRATED
184,ctt61,목포,목포자연사박물관,herit,60.0,G08,전남광주통합특별시|목포시,전남광주통합특별시,municipality,UNIQUE_MUNICIPALITY_ALIAS,0.2596010384041536,53.01724137931034,True,0.0,CONTEXT_ONLY_NOT_CALIBRATED
185,ctt62,화성,화성요트,activity,90.0,G03,경기도|화성시,경기도,municipality,UNIQUE_MUNICIPALITY_ALIAS,1.3542631903727214,94.39655172413794,False,0.0,CONTEXT_ONLY_NOT_CALIBRATED
186,ctt63,화성,화성시공예문화관,heal,60.0,G04,경기도|화성시,경기도,municipality,UNIQUE_MUNICIPALITY_ALIAS,1.3542631903727214,94.39655172413794,False,0.0,CONTEXT_ONLY_NOT_CALIBRATED
187,ctt64,화성,예랑도예원,heal,60.0,G04,경기도|화성시,경기도,municipality,UNIQUE_MUNICIPALITY_ALIAS,1.3542631903727214,94.39655172413794,False,0.0,CONTEXT_ONLY_NOT_CALIBRATED
188,ctt65,화성,소다미술관,activity,90.0,G03,경기도|화성시,경기도,municipality,UNIQUE_MUNICIPALITY_ALIAS,1.3542631903727214,94.39655172413794,False,0.0,CONTEXT_ONLY_NOT_CALIBRATED
189,ctt66,화성,진주목장,heal,60.0,G04,경기도|화성시,경기도,municipality,UNIQUE_MUNICIPALITY_ALIAS,1.3542631903727214,94.39655172413794,False,0.0,CONTEXT_ONLY_NOT_CALIBRATED
190,ctt67,화성,라바팜스토리,activity,90.0,G03,경기도|화성시,경기도,municipality,UNIQUE_MUNICIPALITY_ALIAS,1.3542631903727214,94.39655172413794,False,0.0,CONTEXT_ONLY_NOT_CALIBRATED
191,ctt68,화성,백미리어촌체험휴양마을,activity,90.0,G03,경기도|화성시,경기도,municipality,UNIQUE_MUNICIPALITY_ALIAS,1.3542631903727214,94.39655172413794,False,0.0,CONTEXT_ONLY_NOT_CALIBRATED
192,ctt69,화성,제부마리나 클럽하우스,heal,60.0,G04,경기도|화성시,경기도,municipality,UNIQUE_MUNICIPALITY_ALIAS,1.3542631903727214,94.39655172413794,False,0.0,CONTEXT_ONLY_NOT_CALIBRATED
193,ctt70,화성,궁평관광지,heal,60.0,G04,경기도|화성시,경기도,municipality,UNIQUE_MUNICIPALITY_ALIAS,1.3542631903727214,94.39655172413794,False,0.0,CONTEXT_ONLY_NOT_CALIBRATED
194,ctt71,화성,전곡항 층상 응회암,heal,60.0,G04,경기도|화성시,경기도,municipality,UNIQUE_MUNICIPALITY_ALIAS,1.3542631903727214,94.39655172413794,False,0.0,CONTEXT_ONLY_NOT_CALIBRATED
195,ctt72,화성,화성황금해안길 3구간 궁평관광길,heal,60.0,G04,경기도|화성시,경기도,municipality,UNIQUE_MUNICIPALITY_ALIAS,1.3542631903727214,94.39655172413794,False,0.0,CONTEXT_ONLY_NOT_CALIBRATED
196,ctt73,화성,화성융릉과건릉,herit,60.0,G08,경기도|화성시,경기도,municipality,UNIQUE_MUNICIPALITY_ALIAS,1.3542631903727214,94.39655172413794,False,0.0,CONTEXT_ONLY_NOT_CALIBRATED
197,ctt74,화성,제부도,sea,40.0,G05,경기도|화성시,경기도,municipality,UNIQUE_MUNICIPALITY_ALIAS,1.3542631903727214,94.39655172413794,False,0.0,CONTEXT_ONLY_NOT_CALIBRATED
198,ctt75,화성,공룡알화석산지 방문자센터,heal,60.0,G04,경기도|화성시,경기도,municipality,UNIQUE_MUNICIPALITY_ALIAS,1.3542631903727214,94.39655172413794,False,0.0,CONTEXT_ONLY_NOT_CALIBRATED
199,ctt76,화성,제부도해상케이블카 서해랑 전곡정류장,activity,90.0,G03,경기도|화성시,경기도,municipality,UNIQUE_MUNICIPALITY_ALIAS,1.3542631903727214,94.39655172413794,False,0.0,CONTEXT_ONLY_NOT_CALIBRATED
200,ctt77,화성,화성시우리꽃식물원,heal,60.0,G04,경기도|화성시,경기도,municipality,UNIQUE_MUNICIPALITY_ALIAS,1.3542631903727214,94.39655172413794,False,0.0,CONTEXT_ONLY_NOT_CALIBRATED
201,ctt78,화성,서해랑길 87코스,heal,60.0,G04,경기도|화성시,경기도,municipality,UNIQUE_MUNICIPALITY_ALIAS,1.3542631903727214,94.39655172413794,False,0.0,CONTEXT_ONLY_NOT_CALIBRATED
202,ctt79,화성,남양성모성지,herit,60.0,G08,경기도|화성시,경기도,municipality,UNIQUE_MUNICIPALITY_ALIAS,1.3542631903727214,94.39655172413794,False,0.0,CONTEXT_ONLY_NOT_CALIBRATED
203,ctt80,화성,용주사,herit,60.0,G08,경기도|화성시,경기도,municipality,UNIQUE_MUNICIPALITY_ALIAS,1.3542631903727214,94.39655172413794,False,0.0,CONTEXT_ONLY_NOT_CALIBRATED
204,ctt81,화성,화성시독립운동기념관,herit,60.0,G08,경기도|화성시,경기도,municipality,UNIQUE_MUNICIPALITY_ALIAS,1.3542631903727214,94.39655172413794,False,0.0,CONTEXT_ONLY_NOT_CALIBRATED
205,ctt82,화성,정조효공원,heal,60.0,G04,경기도|화성시,경기도,municipality,UNIQUE_MUNICIPALITY_ALIAS,1.3542631903727214,94.39655172413794,False,0.0,CONTEXT_ONLY_NOT_CALIBRATED
206,ctt83,합천,핫들생태공원,heal,60.0,G04,경상남도|합천군,경상남도,municipality,UNIQUE_MUNICIPALITY_ALIAS,0.0342685370741483,6.4655172413793105,False,0.0,CONTEXT_ONLY_NOT_CALIBRATED
207,ctt84,밀양,만어사,herit,60.0,G08,경상남도|밀양시,경상남도,municipality,UNIQUE_MUNICIPALITY_ALIAS,0.09899799599198397,28.448275862068964,False,0.0,CONTEXT_ONLY_NOT_CALIBRATED
208,ctt85,밀양,수산제역사공원,heal,60.0,G04,경상남도|밀양시,경상남도,municipality,UNIQUE_MUNICIPALITY_ALIAS,0.09899799599198397,28.448275862068964,False,0.0,CONTEXT_ONLY_NOT_CALIBRATED
209,ctt86,밀양,밀양아리랑 우주천문대,heal,60.0,G04,경상남도|밀양시,경상남도,municipality,UNIQUE_MUNICIPALITY_ALIAS,0.09899799599198397,28.448275862068964,False,0.0,CONTEXT_ONLY_NOT_CALIBRATED
210,ctt87,밀양,밀양향교,herit,60.0,G08,경상남도|밀양시,경상남도,municipality,UNIQUE_MUNICIPALITY_ALIAS,0.09899799599198397,28.448275862068964,False,0.0,CONTEXT_ONLY_NOT_CALIBRATED
211,ctt88,밀양,밀양아리랑아트센터,activity,90.0,G03,경상남도|밀양시,경상남도,municipality,UNIQUE_MUNICIPALITY_ALIAS,0.09899799599198397,28.448275862068964,False,0.0,CONTEXT_ONLY_NOT_CALIBRATED
212,ctt89,사천,사천시 우주항공청 홍보관,activity,90.0,G03,경상남도|사천시,경상남도,municipality,UNIQUE_MUNICIPALITY_ALIAS,0.17895791583166332,44.827586206896555,False,0.0,CONTEXT_ONLY_NOT_CALIBRATED
213,ctt90,사천,무지갯빛해안도로,heal,60.0,G04,경상남도|사천시,경상남도,municipality,UNIQUE_MUNICIPALITY_ALIAS,0.17895791583166332,44.827586206896555,False,0.0,CONTEXT_ONLY_NOT_CALIBRATED
214,ctt91,사천,다솔사 봉일암,herit,60.0,G08,경상남도|사천시,경상남도,municipality,UNIQUE_MUNICIPALITY_ALIAS,0.17895791583166332,44.827586206896555,False,0.0,CONTEXT_ONLY_NOT_CALIBRATED
215,ctt92,사천,사천조명군총,herit,60.0,G08,경상남도|사천시,경상남도,municipality,UNIQUE_MUNICIPALITY_ALIAS,0.17895791583166332,44.827586206896555,False,0.0,CONTEXT_ONLY_NOT_CALIBRATED
216,ctt93,사천,모충공원,heal,60.0,G04,경상남도|사천시,경상남도,municipality,UNIQUE_MUNICIPALITY_ALIAS,0.17895791583166332,44.827586206896555,False,0.0,CONTEXT_ONLY_NOT_CALIBRATED
217,ctt94,사천,사천케이블카자연휴양림,heal,60.0,G04,경상남도|사천시,경상남도,municipality,UNIQUE_MUNICIPALITY_ALIAS,0.17895791583166332,44.827586206896555,False,0.0,CONTEXT_ONLY_NOT_CALIBRATED
218,ctt95,영주,영주금성대군신단,herit,60.0,G08,경상북도|영주시,경상북도,municipality,UNIQUE_MUNICIPALITY_ALIAS,0.07567582717883319,20.689655172413794,False,0.0,CONTEXT_ONLY_NOT_CALIBRATED
219,ctt96,영주,관사골 부용대,heal,60.0,G04,경상북도|영주시,경상북도,municipality,UNIQUE_MUNICIPALITY_ALIAS,0.07567582717883319,20.689655172413794,False,0.0,CONTEXT_ONLY_NOT_CALIBRATED
220,ctt97,영주,영주댐전망대,activity,90.0,G03,경상북도|영주시,경상북도,municipality,UNIQUE_MUNICIPALITY_ALIAS,0.07567582717883319,20.689655172413794,False,0.0,CONTEXT_ONLY_NOT_CALIBRATED
221,ctt98,영주,용마루2공원,heal,60.0,G04,경상북도|영주시,경상북도,municipality,UNIQUE_MUNICIPALITY_ALIAS,0.07567582717883319,20.689655172413794,False,0.0,CONTEXT_ONLY_NOT_CALIBRATED
222,ctt99,익산,무왕릉,herit,60.0,G08,전북특별자치도|익산시,전북특별자치도,municipality,UNIQUE_MUNICIPALITY_ALIAS,0.2226452905811623,48.706896551724135,False,0.0,CONTEXT_ONLY_NOT_CALIBRATED
223,ctt100,익산,나바위성지 성당,herit,60.0,G08,전북특별자치도|익산시,전북특별자치도,municipality,UNIQUE_MUNICIPALITY_ALIAS,0.2226452905811623,48.706896551724135,False,0.0,CONTEXT_ONLY_NOT_CALIBRATED
224,ctt101,익산,익산문화예술의거리,food,50.0,G01,전북특별자치도|익산시,전북특별자치도,municipality,UNIQUE_MUNICIPALITY_ALIAS,0.2226452905811623,48.706896551724135,False,0.0,CONTEXT_ONLY_NOT_CALIBRATED
225,ctt102,홍성,광천토굴새우젓 홍보전시관,activity,90.0,G03,충청남도|홍성군,충청남도,municipality,UNIQUE_MUNICIPALITY_ALIAS,0.12286835934130522,33.4051724137931,False,0.0,CONTEXT_ONLY_NOT_CALIBRATED
226,ctt103,홍성,광천 새우젓토굴 테마공원,heal,60.0,G04,충청남도|홍성군,충청남도,municipality,UNIQUE_MUNICIPALITY_ALIAS,0.12286835934130522,33.4051724137931,False,0.0,CONTEXT_ONLY_NOT_CALIBRATED
227,ctt104,홍성,그림같은수목원,heal,60.0,G04,충청남도|홍성군,충청남도,municipality,UNIQUE_MUNICIPALITY_ALIAS,0.12286835934130522,33.4051724137931,False,0.0,CONTEXT_ONLY_NOT_CALIBRATED
228,ctt105,홍성,남당노을전망대,activity,90.0,G03,충청남도|홍성군,충청남도,municipality,UNIQUE_MUNICIPALITY_ALIAS,0.12286835934130522,33.4051724137931,False,0.0,CONTEXT_ONLY_NOT_CALIBRATED
229,ctt106,홍성,어사리 노을공원,heal,60.0,G04,충청남도|홍성군,충청남도,municipality,UNIQUE_MUNICIPALITY_ALIAS,0.12286835934130522,33.4051724137931,False,0.0,CONTEXT_ONLY_NOT_CALIBRATED
230,ctt107,홍성,이응노의집,herit,60.0,G08,충청남도|홍성군,충청남도,municipality,UNIQUE_MUNICIPALITY_ALIAS,0.12286835934130522,33.4051724137931,False,0.0,CONTEXT_ONLY_NOT_CALIBRATED
231,ctt108,서산,서산버드랜드,heal,60.0,G04,충청남도|서산시,충청남도,municipality,UNIQUE_MUNICIPALITY_ALIAS,0.1965893749460883,46.98275862068966,False,0.0,CONTEXT_ONLY_NOT_CALIBRATED
232,ctt109,서산,천수만,heal,60.0,G04,충청남도|서산시,충청남도,municipality,UNIQUE_MUNICIPALITY_ALIAS,0.1965893749460883,46.98275862068966,False,0.0,CONTEXT_ONLY_NOT_CALIBRATED
233,ctt110,서산,서산시광역자원회수시설 전망대,activity,90.0,G03,충청남도|서산시,충청남도,municipality,UNIQUE_MUNICIPALITY_ALIAS,0.1965893749460883,46.98275862068966,False,0.0,CONTEXT_ONLY_NOT_CALIBRATED
234,ctt111,서산,서산동부전통시장 쌈지공원,heal,60.0,G04,충청남도|서산시,충청남도,municipality,UNIQUE_MUNICIPALITY_ALIAS,0.1965893749460883,46.98275862068966,False,0.0,CONTEXT_ONLY_NOT_CALIBRATED
235,ctt112,서산,황금산,heal,60.0,G04,충청남도|서산시,충청남도,municipality,UNIQUE_MUNICIPALITY_ALIAS,0.1965893749460883,46.98275862068966,False,0.0,CONTEXT_ONLY_NOT_CALIBRATED
236,ctt113,서산,안견기념관,herit,60.0,G08,충청남도|서산시,충청남도,municipality,UNIQUE_MUNICIPALITY_ALIAS,0.1965893749460883,46.98275862068966,False,0.0,CONTEXT_ONLY_NOT_CALIBRATED
237,ctt114,서산,해미 국제성지,herit,60.0,G08,충청남도|서산시,충청남도,municipality,UNIQUE_MUNICIPALITY_ALIAS,0.1965893749460883,46.98275862068966,False,0.0,CONTEXT_ONLY_NOT_CALIBRATED
238,ctt115,천안,충청남도안전체험관,activity,90.0,G03,충청남도|천안시,충청남도,municipality,UNIQUE_MUNICIPALITY_ALIAS,1.1479415287030514,91.37931034482759,False,0.0,CONTEXT_ONLY_NOT_CALIBRATED
239,ctt116,천안,태조산공원,heal,60.0,G04,충청남도|천안시,충청남도,municipality,UNIQUE_MUNICIPALITY_ALIAS,1.1479415287030514,91.37931034482759,False,0.0,CONTEXT_ONLY_NOT_CALIBRATED
240,ctt117,천안,유관순열사사적지,herit,60.0,G08,충청남도|천안시,충청남도,municipality,UNIQUE_MUNICIPALITY_ALIAS,1.1479415287030514,91.37931034482759,False,0.0,CONTEXT_ONLY_NOT_CALIBRATED
241,ctt118,충주,중원문화길 1코스(생태탐방길),heal,60.0,G04,충청북도|충주시,충청북도,municipality,UNIQUE_MUNICIPALITY_ALIAS,0.336337009683703,61.63793103448276,False,0.0,CONTEXT_ONLY_NOT_CALIBRATED
242,ctt119,충주,비내길 2코스,heal,60.0,G04,충청북도|충주시,충청북도,municipality,UNIQUE_MUNICIPALITY_ALIAS,0.336337009683703,61.63793103448276,False,0.0,CONTEXT_ONLY_NOT_CALIBRATED
243,ctt120,태백,철암탄광역사촌,heal,60.0,G04,강원특별자치도|태백시,강원특별자치도,municipality,UNIQUE_MUNICIPALITY_ALIAS,0.05771543086172345,15.086206896551724,False,0.0,CONTEXT_ONLY_NOT_CALIBRATED
244,ctt121,원주,빙하미술관,activity,90.0,G03,강원특별자치도|원주시,강원특별자치도,municipality,UNIQUE_MUNICIPALITY_ALIAS,0.4809619238476953,71.55172413793103,False,0.0,CONTEXT_ONLY_NOT_CALIBRATED
245,ctt122,연천,숭의전,herit,60.0,G08,경기도|연천군,경기도,municipality,UNIQUE_MUNICIPALITY_ALIAS,0.04924593419537168,12.5,False,0.0,CONTEXT_ONLY_NOT_CALIBRATED
246,ctt123,연천,은대리문화벽돌공장,heal,60.0,G04,경기도|연천군,경기도,municipality,UNIQUE_MUNICIPALITY_ALIAS,0.04924593419537168,12.5,False,0.0,CONTEXT_ONLY_NOT_CALIBRATED
247,ctt124,연천,재인폭포,heal,60.0,G04,경기도|연천군,경기도,municipality,UNIQUE_MUNICIPALITY_ALIAS,0.04924593419537168,12.5,False,0.0,CONTEXT_ONLY_NOT_CALIBRATED
248,ctt125,연천,태풍전망대,activity,90.0,G03,경기도|연천군,경기도,municipality,UNIQUE_MUNICIPALITY_ALIAS,0.04924593419537168,12.5,False,0.0,CONTEXT_ONLY_NOT_CALIBRATED
249,ctt126,연천,한탄강 베개용암 출렁다리,heal,60.0,G04,경기도|연천군,경기도,municipality,UNIQUE_MUNICIPALITY_ALIAS,0.04924593419537168,12.5,False,0.0,CONTEXT_ONLY_NOT_CALIBRATED
250,ctt127,연천,임진강자연센터,heal,60.0,G04,경기도|연천군,경기도,municipality,UNIQUE_MUNICIPALITY_ALIAS,0.04924593419537168,12.5,False,0.0,CONTEXT_ONLY_NOT_CALIBRATED
251,ctt128,연천,연천 경순왕릉,herit,60.0,G08,경기도|연천군,경기도,municipality,UNIQUE_MUNICIPALITY_ALIAS,0.04924593419537168,12.5,False,0.0,CONTEXT_ONLY_NOT_CALIBRATED
252,ctt129,연천,고랑포구역사공원,heal,60.0,G04,경기도|연천군,경기도,municipality,UNIQUE_MUNICIPALITY_ALIAS,0.04924593419537168,12.5,False,0.0,CONTEXT_ONLY_NOT_CALIBRATED
253,ctt130,연천,연천호로고루,herit,60.0,G08,경기도|연천군,경기도,municipality,UNIQUE_MUNICIPALITY_ALIAS,0.04924593419537168,12.5,False,0.0,CONTEXT_ONLY_NOT_CALIBRATED
254,ctt131,이천,도예촌쌀밥거리,food,50.0,G01,경기도|이천시,경기도,municipality,UNIQUE_MUNICIPALITY_ALIAS,0.5663282432467742,76.9396551724138,False,0.0,CONTEXT_ONLY_NOT_CALIBRATED
255,ctt132,이천,이천산수유마을,heal,60.0,G04,경기도|이천시,경기도,municipality,UNIQUE_MUNICIPALITY_ALIAS,0.5663282432467742,76.9396551724138,False,0.0,CONTEXT_ONLY_NOT_CALIBRATED
256,ctt133,이천,서경들마을,activity,90.0,G03,경기도|이천시,경기도,municipality,UNIQUE_MUNICIPALITY_ALIAS,0.5663282432467742,76.9396551724138,False,0.0,CONTEXT_ONLY_NOT_CALIBRATED
257,ctt134,이천,자채방아마을,activity,90.0,G03,경기도|이천시,경기도,municipality,UNIQUE_MUNICIPALITY_ALIAS,0.5663282432467742,76.9396551724138,False,0.0,CONTEXT_ONLY_NOT_CALIBRATED
258,ctt135,평택,진위향교,herit,60.0,G08,경기도|평택시,경기도,municipality,UNIQUE_MUNICIPALITY_ALIAS,0.7633119800282611,86.63793103448276,False,0.0,CONTEXT_ONLY_NOT_CALIBRATED
259,ctt136,평택,원릉군기념관,herit,60.0,G08,경기도|평택시,경기도,municipality,UNIQUE_MUNICIPALITY_ALIAS,0.7633119800282611,86.63793103448276,False,0.0,CONTEXT_ONLY_NOT_CALIBRATED
260,ctt137,평택,정도전사당,herit,60.0,G08,경기도|평택시,경기도,municipality,UNIQUE_MUNICIPALITY_ALIAS,0.7633119800282611,86.63793103448276,False,0.0,CONTEXT_ONLY_NOT_CALIBRATED
261,ctt138,평택,만기사,herit,60.0,G08,경기도|평택시,경기도,municipality,UNIQUE_MUNICIPALITY_ALIAS,0.7633119800282611,86.63793103448276,False,0.0,CONTEXT_ONLY_NOT_CALIBRATED
262,ctt139,평택,평택향교,herit,60.0,G08,경기도|평택시,경기도,municipality,UNIQUE_MUNICIPALITY_ALIAS,0.7633119800282611,86.63793103448276,False,0.0,CONTEXT_ONLY_NOT_CALIBRATED
263,ctt140,평택,농성,herit,60.0,G08,경기도|평택시,경기도,municipality,UNIQUE_MUNICIPALITY_ALIAS,0.7633119800282611,86.63793103448276,False,0.0,CONTEXT_ONLY_NOT_CALIBRATED
264,ctt141,평택,수도사,herit,60.0,G08,경기도|평택시,경기도,municipality,UNIQUE_MUNICIPALITY_ALIAS,0.7633119800282611,86.63793103448276,False,0.0,CONTEXT_ONLY_NOT_CALIBRATED
265,ctt142,평택,심복사,herit,60.0,G08,경기도|평택시,경기도,municipality,UNIQUE_MUNICIPALITY_ALIAS,0.7633119800282611,86.63793103448276,False,0.0,CONTEXT_ONLY_NOT_CALIBRATED
266,ctt143,평택,이대원장군묘및신도비,herit,60.0,G08,경기도|평택시,경기도,municipality,UNIQUE_MUNICIPALITY_ALIAS,0.7633119800282611,86.63793103448276,False,0.0,CONTEXT_ONLY_NOT_CALIBRATED
267,ctt144,평택,오썸플랙스,activity,90.0,G03,경기도|평택시,경기도,municipality,UNIQUE_MUNICIPALITY_ALIAS,0.7633119800282611,86.63793103448276,False,0.0,CONTEXT_ONLY_NOT_CALIBRATED
268,ctt145,평택,신당근린공원 평택항홍보관,activity,90.0,G03,경기도|평택시,경기도,municipality,UNIQUE_MUNICIPALITY_ALIAS,0.7633119800282611,86.63793103448276,False,0.0,CONTEXT_ONLY_NOT_CALIBRATED
269,ctt146,평택,평택문화원 웃다리문화촌,heal,60.0,G04,경기도|평택시,경기도,municipality,UNIQUE_MUNICIPALITY_ALIAS,0.7633119800282611,86.63793103448276,False,0.0,CONTEXT_ONLY_NOT_CALIBRATED
270,ctt147,평택,팽성생활사박물관,herit,60.0,G08,경기도|평택시,경기도,municipality,UNIQUE_MUNICIPALITY_ALIAS,0.7633119800282611,86.63793103448276,False,0.0,CONTEXT_ONLY_NOT_CALIBRATED
271,ctt148,평택,원평나루,heal,60.0,G04,경기도|평택시,경기도,municipality,UNIQUE_MUNICIPALITY_ALIAS,0.7633119800282611,86.63793103448276,False,0.0,CONTEXT_ONLY_NOT_CALIBRATED
272,ctt149,평택,내리문화공원,heal,60.0,G04,경기도|평택시,경기도,municipality,UNIQUE_MUNICIPALITY_ALIAS,0.7633119800282611,86.63793103448276,False,0.0,CONTEXT_ONLY_NOT_CALIBRATED
273,ctt150,평택,안정리예술인광장,heal,60.0,G04,경기도|평택시,경기도,municipality,UNIQUE_MUNICIPALITY_ALIAS,0.7633119800282611,86.63793103448276,False,0.0,CONTEXT_ONLY_NOT_CALIBRATED
274,ctt151,평택,평택시농업생태원,activity,90.0,G03,경기도|평택시,경기도,municipality,UNIQUE_MUNICIPALITY_ALIAS,0.7633119800282611,86.63793103448276,False,0.0,CONTEXT_ONLY_NOT_CALIBRATED
275,ctt152,평택,평택호관광단지,heal,60.0,G04,경기도|평택시,경기도,municipality,UNIQUE_MUNICIPALITY_ALIAS,0.7633119800282611,86.63793103448276,False,0.0,CONTEXT_ONLY_NOT_CALIBRATED
276,ctt153,청주,청주체육관,activity,90.0,G03,충청북도|청주시,충청북도,municipality,UNIQUE_MUNICIPALITY_ALIAS,2.0180220581022184,96.55172413793103,False,0.0,CONTEXT_ONLY_NOT_CALIBRATED
277,ctt154,청주,옥화9경 제1경 청석굴,heal,60.0,G04,충청북도|청주시,충청북도,municipality,UNIQUE_MUNICIPALITY_ALIAS,2.0180220581022184,96.55172413793103,False,0.0,CONTEXT_ONLY_NOT_CALIBRATED
278,ctt155,청주,성안길,food,50.0,G01,충청북도|청주시,충청북도,municipality,UNIQUE_MUNICIPALITY_ALIAS,2.0180220581022184,96.55172413793103,False,0.0,CONTEXT_ONLY_NOT_CALIBRATED
279,ctt156,여주,대신섬,sea,40.0,G05,경기도|여주시,경기도,municipality,UNIQUE_MUNICIPALITY_ALIAS,0.6648201116375178,82.54310344827586,False,0.0,CONTEXT_ONLY_NOT_CALIBRATED
280,ctt157,여주,이포보전망대,activity,90.0,G03,경기도|여주시,경기도,municipality,UNIQUE_MUNICIPALITY_ALIAS,0.6648201116375178,82.54310344827586,False,0.0,CONTEXT_ONLY_NOT_CALIBRATED
281,ctt158,여주,파사성,herit,60.0,G08,경기도|여주시,경기도,municipality,UNIQUE_MUNICIPALITY_ALIAS,0.6648201116375178,82.54310344827586,False,0.0,CONTEXT_ONLY_NOT_CALIBRATED
282,ctt159,여주,대로사,herit,60.0,G08,경기도|여주시,경기도,municipality,UNIQUE_MUNICIPALITY_ALIAS,0.6648201116375178,82.54310344827586,False,0.0,CONTEXT_ONLY_NOT_CALIBRATED
283,ctt160,여주,금은모래캠핑장 어린이물놀이장,activity,90.0,G03,경기도|여주시,경기도,municipality,UNIQUE_MUNICIPALITY_ALIAS,0.6648201116375178,82.54310344827586,False,0.0,CONTEXT_ONLY_NOT_CALIBRATED
284,ctt161,양산,창기마을체험휴양관,activity,90.0,G03,경상남도|양산시,경상남도,municipality,UNIQUE_MUNICIPALITY_ALIAS,0.3426853707414829,62.5,False,0.0,CONTEXT_ONLY_NOT_CALIBRATED
285,ctt162,양산,한국궁중꽃박물관,herit,60.0,G08,경상남도|양산시,경상남도,municipality,UNIQUE_MUNICIPALITY_ALIAS,0.3426853707414829,62.5,False,0.0,CONTEXT_ONLY_NOT_CALIBRATED
286,ctt163,양산,법기수원지,heal,60.0,G04,경상남도|양산시,경상남도,municipality,UNIQUE_MUNICIPALITY_ALIAS,0.3426853707414829,62.5,False,0.0,CONTEXT_ONLY_NOT_CALIBRATED
287,ctt164,봉화,가평리계서당,herit,60.0,G08,경상북도|봉화군,경상북도,municipality,UNIQUE_MUNICIPALITY_ALIAS,0.025225275726277727,3.4482758620689653,False,0.0,CONTEXT_ONLY_NOT_CALIBRATED
288,ctt165,봉화,봉화닭실마을,activity,90.0,G03,경상북도|봉화군,경상북도,municipality,UNIQUE_MUNICIPALITY_ALIAS,0.025225275726277727,3.4482758620689653,False,0.0,CONTEXT_ONLY_NOT_CALIBRATED
289,ctt166,봉화,봉화목재문화체험장,activity,90.0,G03,경상북도|봉화군,경상북도,municipality,UNIQUE_MUNICIPALITY_ALIAS,0.025225275726277727,3.4482758620689653,False,0.0,CONTEXT_ONLY_NOT_CALIBRATED
290,ctt167,봉화,오전약수탕,heal,60.0,G04,경상북도|봉화군,경상북도,municipality,UNIQUE_MUNICIPALITY_ALIAS,0.025225275726277727,3.4482758620689653,False,0.0,CONTEXT_ONLY_NOT_CALIBRATED
291,ctt168,청도,새마을운동발상지 기념관,herit,60.0,G08,경상북도|청도군,경상북도,municipality,UNIQUE_MUNICIPALITY_ALIAS,0.09729749208707124,27.586206896551722,False,0.0,CONTEXT_ONLY_NOT_CALIBRATED
292,ctt169,청도,청도소싸움미디어체험관,activity,90.0,G03,경상북도|청도군,경상북도,municipality,UNIQUE_MUNICIPALITY_ALIAS,0.09729749208707124,27.586206896551722,False,0.0,CONTEXT_ONLY_NOT_CALIBRATED
293,ctt170,청도,와인터널,heal,60.0,G04,경상북도|청도군,경상북도,municipality,UNIQUE_MUNICIPALITY_ALIAS,0.09729749208707124,27.586206896551722,False,0.0,CONTEXT_ONLY_NOT_CALIBRATED
294,ctt171,안동,하회세계탈박물관 하회장터,heal,60.0,G04,경상북도|안동시,경상북도,municipality,UNIQUE_MUNICIPALITY_ALIAS,0.16936970844786475,43.53448275862069,False,0.0,CONTEXT_ONLY_NOT_CALIBRATED
295,ctt172,안동,탈놀이전수관,activity,90.0,G03,경상북도|안동시,경상북도,municipality,UNIQUE_MUNICIPALITY_ALIAS,0.16936970844786475,43.53448275862069,False,0.0,CONTEXT_ONLY_NOT_CALIBRATED
296,ctt173,안동,영호루,herit,60.0,G08,경상북도|안동시,경상북도,municipality,UNIQUE_MUNICIPALITY_ALIAS,0.16936970844786475,43.53448275862069,False,0.0,CONTEXT_ONLY_NOT_CALIBRATED
297,ctt174,안동,웅부공원,heal,60.0,G04,경상북도|안동시,경상북도,municipality,UNIQUE_MUNICIPALITY_ALIAS,0.16936970844786475,43.53448275862069,False,0.0,CONTEXT_ONLY_NOT_CALIBRATED
298,ctt175,예산,덕산 메타세쿼이아길,food,50.0,G01,충청남도|예산군,충청남도,municipality,UNIQUE_MUNICIPALITY_ALIAS,0.16850517852521854,42.88793103448276,False,0.0,CONTEXT_ONLY_NOT_CALIBRATED
299,ctt176,예산,덕산온천족욕장,heal,60.0,G04,충청남도|예산군,충청남도,municipality,UNIQUE_MUNICIPALITY_ALIAS,0.16850517852521854,42.88793103448276,False,0.0,CONTEXT_ONLY_NOT_CALIBRATED
300,ctt177,부여,사비수체육공원 축구장6,activity,90.0,G03,충청남도|부여군,충청남도,municipality,UNIQUE_MUNICIPALITY_ALIAS,0.12286835934130522,33.4051724137931,False,0.0,CONTEXT_ONLY_NOT_CALIBRATED
301,ctt178,부여,충남종합관광안내소,heal,60.0,G04,충청남도|부여군,충청남도,municipality,UNIQUE_MUNICIPALITY_ALIAS,0.12286835934130522,33.4051724137931,False,0.0,CONTEXT_ONLY_NOT_CALIBRATED
302,ctt179,부여,신동엽문학관,activity,90.0,G03,충청남도|부여군,충청남도,municipality,UNIQUE_MUNICIPALITY_ALIAS,0.12286835934130522,33.4051724137931,False,0.0,CONTEXT_ONLY_NOT_CALIBRATED
303,ctt180,부여,백강문화관,heal,60.0,G04,충청남도|부여군,충청남도,municipality,UNIQUE_MUNICIPALITY_ALIAS,0.12286835934130522,33.4051724137931,False,0.0,CONTEXT_ONLY_NOT_CALIBRATED
304,ctt181,정선,정선아리랑 창작센터,activity,90.0,G03,강원특별자치도|정선군,강원특별자치도,municipality,UNIQUE_MUNICIPALITY_ALIAS,0.09298597194388776,25.0,False,0.0,CONTEXT_ONLY_NOT_CALIBRATED
305,ctt182,정선,정선아라리촌,heal,60.0,G04,강원특별자치도|정선군,강원특별자치도,municipality,UNIQUE_MUNICIPALITY_ALIAS,0.09298597194388776,25.0,False,0.0,CONTEXT_ONLY_NOT_CALIBRATED
306,ctt183,정선,정선가리왕산케이블카 숙암역,activity,90.0,G03,강원특별자치도|정선군,강원특별자치도,municipality,UNIQUE_MUNICIPALITY_ALIAS,0.09298597194388776,25.0,False,0.0,CONTEXT_ONLY_NOT_CALIBRATED
307,ctt184,가평,가평레일파크,activity,90.0,G03,경기도|가평군,경기도,municipality,UNIQUE_MUNICIPALITY_ALIAS,0.27085263807454424,54.741379310344826,False,0.0,CONTEXT_ONLY_NOT_CALIBRATED
308,ctt185,가평,가평빠지아토믹워터파크,activity,90.0,G03,경기도|가평군,경기도,municipality,UNIQUE_MUNICIPALITY_ALIAS,0.27085263807454424,54.741379310344826,False,0.0,CONTEXT_ONLY_NOT_CALIBRATED
309,ctt186,가평,신비동물원,activity,90.0,G03,경기도|가평군,경기도,municipality,UNIQUE_MUNICIPALITY_ALIAS,0.27085263807454424,54.741379310344826,False,0.0,CONTEXT_ONLY_NOT_CALIBRATED
310,ctt187,파주,DMZ 평화의 길 5코스,heal,60.0,G04,경기도|파주시,경기도,municipality,UNIQUE_MUNICIPALITY_ALIAS,0.7879349471259469,87.28448275862068,False,0.0,CONTEXT_ONLY_NOT_CALIBRATED
311,ctt188,파주,파주혜음원지,herit,60.0,G08,경기도|파주시,경기도,municipality,UNIQUE_MUNICIPALITY_ALIAS,0.7879349471259469,87.28448275862068,False,0.0,CONTEXT_ONLY_NOT_CALIBRATED
312,ctt189,파주,국립민속박물관 파주,herit,60.0,G08,경기도|파주시,경기도,municipality,UNIQUE_MUNICIPALITY_ALIAS,0.7879349471259469,87.28448275862068,False,0.0,CONTEXT_ONLY_NOT_CALIBRATED
313,ctt190,파주,파주장단콩웰빙마루,activity,90.0,G03,경기도|파주시,경기도,municipality,UNIQUE_MUNICIPALITY_ALIAS,0.7879349471259469,87.28448275862068,False,0.0,CONTEXT_ONLY_NOT_CALIBRATED
314,ctt191,파주,파주임진각평화곤돌라,activity,90.0,G03,경기도|파주시,경기도,municipality,UNIQUE_MUNICIPALITY_ALIAS,0.7879349471259469,87.28448275862068,False,0.0,CONTEXT_ONLY_NOT_CALIBRATED
315,ctt192,파주,임진각관광지,activity,90.0,G03,경기도|파주시,경기도,municipality,UNIQUE_MUNICIPALITY_ALIAS,0.7879349471259469,87.28448275862068,False,0.0,CONTEXT_ONLY_NOT_CALIBRATED
316,ctt193,파주,황희선생유적지,herit,60.0,G08,경기도|파주시,경기도,municipality,UNIQUE_MUNICIPALITY_ALIAS,0.7879349471259469,87.28448275862068,False,0.0,CONTEXT_ONLY_NOT_CALIBRATED
317,ctt194,파주,황포돛배,heal,60.0,G04,경기도|파주시,경기도,municipality,UNIQUE_MUNICIPALITY_ALIAS,0.7879349471259469,87.28448275862068,False,0.0,CONTEXT_ONLY_NOT_CALIBRATED
318,ctt195,파주,국립극장 무대예술지원센터,heal,60.0,G04,경기도|파주시,경기도,municipality,UNIQUE_MUNICIPALITY_ALIAS,0.7879349471259469,87.28448275862068,False,0.0,CONTEXT_ONLY_NOT_CALIBRATED
319,ctt196,시흥,관곡지,heal,60.0,G04,경기도|시흥시,경기도,municipality,UNIQUE_MUNICIPALITY_ALIAS,0.7879349471259469,87.28448275862068,False,0.0,CONTEXT_ONLY_NOT_CALIBRATED
320,ctt197,시흥,물왕호수,heal,60.0,G04,경기도|시흥시,경기도,municipality,UNIQUE_MUNICIPALITY_ALIAS,0.7879349471259469,87.28448275862068,False,0.0,CONTEXT_ONLY_NOT_CALIBRATED
321,ctt198,시흥,거북섬,sea,40.0,G05,경기도|시흥시,경기도,municipality,UNIQUE_MUNICIPALITY_ALIAS,0.7879349471259469,87.28448275862068,False,0.0,CONTEXT_ONLY_NOT_CALIBRATED
322,ctt199,시흥,패밀리테마파크,activity,90.0,G03,경기도|시흥시,경기도,municipality,UNIQUE_MUNICIPALITY_ALIAS,0.7879349471259469,87.28448275862068,False,0.0,CONTEXT_ONLY_NOT_CALIBRATED
323,ctt200,시흥,거북섬홍보관,heal,60.0,G04,경기도|시흥시,경기도,municipality,UNIQUE_MUNICIPALITY_ALIAS,0.7879349471259469,87.28448275862068,False,0.0,CONTEXT_ONLY_NOT_CALIBRATED
324,ctt201,시흥,해양생태과학관,heal,60.0,G04,경기도|시흥시,경기도,municipality,UNIQUE_MUNICIPALITY_ALIAS,0.7879349471259469,87.28448275862068,False,0.0,CONTEXT_ONLY_NOT_CALIBRATED
325,ctt202,시흥,시흥오이도박물관,herit,60.0,G08,경기도|시흥시,경기도,municipality,UNIQUE_MUNICIPALITY_ALIAS,0.7879349471259469,87.28448275862068,False,0.0,CONTEXT_ONLY_NOT_CALIBRATED
326,ctt203,대구,비슬산 유가사,herit,60.0,G08,대구광역시,대구광역시,province,PROVINCE_CONTEXT_ONLY,3.707414829659318,,False,0.0,CONTEXT_ONLY_NOT_CALIBRATED
327,ctt204,대구,달성화석박물관,herit,60.0,G08,대구광역시,대구광역시,province,PROVINCE_CONTEXT_ONLY,3.707414829659318,,False,0.0,CONTEXT_ONLY_NOT_CALIBRATED
328,ctt205,대구,달성현풍 석빙고,herit,60.0,G08,대구광역시,대구광역시,province,PROVINCE_CONTEXT_ONLY,3.707414829659318,,False,0.0,CONTEXT_ONLY_NOT_CALIBRATED
329,ctt206,대구,현풍향교,herit,60.0,G08,대구광역시,대구광역시,province,PROVINCE_CONTEXT_ONLY,3.707414829659318,,False,0.0,CONTEXT_ONLY_NOT_CALIBRATED
330,ctt207,군산,동국사,herit,60.0,G08,전북특별자치도|군산시,전북특별자치도,municipality,UNIQUE_MUNICIPALITY_ALIAS,0.3571142284569138,63.36206896551724,False,0.0,CONTEXT_ONLY_NOT_CALIBRATED
331,ctt208,군산,신흥동일본식가옥,heal,60.0,G04,전북특별자치도|군산시,전북특별자치도,municipality,UNIQUE_MUNICIPALITY_ALIAS,0.3571142284569138,63.36206896551724,False,0.0,CONTEXT_ONLY_NOT_CALIBRATED
332,ctt209,동해,관동팔경녹색경관길 동해2코스(묵호역~옥계시장),heal,60.0,G04,강원특별자치도|동해시,강원특별자치도,municipality,UNIQUE_MUNICIPALITY_ALIAS,0.1346693386773547,36.206896551724135,False,0.0,CONTEXT_ONLY_NOT_CALIBRATED
333,ctt210,안산,안산갈대습지,heal,60.0,G04,경기도|안산시,경기도,municipality,UNIQUE_MUNICIPALITY_ALIAS,0.9356727497120619,89.65517241379311,False,0.0,CONTEXT_ONLY_NOT_CALIBRATED
334,ctt211,안산,안산산업역사박물관,herit,60.0,G08,경기도|안산시,경기도,municipality,UNIQUE_MUNICIPALITY_ALIAS,0.9356727497120619,89.65517241379311,False,0.0,CONTEXT_ONLY_NOT_CALIBRATED
335,ctt212,안산,안산식물원,heal,60.0,G04,경기도|안산시,경기도,municipality,UNIQUE_MUNICIPALITY_ALIAS,0.9356727497120619,89.65517241379311,False,0.0,CONTEXT_ONLY_NOT_CALIBRATED
336,ctt213,안산,안산다문화거리,food,50.0,G01,경기도|안산시,경기도,municipality,UNIQUE_MUNICIPALITY_ALIAS,0.9356727497120619,89.65517241379311,False,0.0,CONTEXT_ONLY_NOT_CALIBRATED
337,ctt214,안산,시화조력문화관,activity,90.0,G03,경기도|안산시,경기도,municipality,UNIQUE_MUNICIPALITY_ALIAS,0.9356727497120619,89.65517241379311,False,0.0,CONTEXT_ONLY_NOT_CALIBRATED
338,ctt215,안산,종이미술관,activity,90.0,G03,경기도|안산시,경기도,municipality,UNIQUE_MUNICIPALITY_ALIAS,0.9356727497120619,89.65517241379311,False,0.0,CONTEXT_ONLY_NOT_CALIBRATED
339,ctt216,안산,유리섬,activity,90.0,G03,경기도|안산시,경기도,municipality,UNIQUE_MUNICIPALITY_ALIAS,0.9356727497120619,89.65517241379311,False,0.0,CONTEXT_ONLY_NOT_CALIBRATED
340,ctt217,안산,바다향기수목원,heal,60.0,G04,경기도|안산시,경기도,municipality,UNIQUE_MUNICIPALITY_ALIAS,0.9356727497120619,89.65517241379311,False,0.0,CONTEXT_ONLY_NOT_CALIBRATED
341,ctt218,안산,안산대부광산 퇴적암층,heal,60.0,G04,경기도|안산시,경기도,municipality,UNIQUE_MUNICIPALITY_ALIAS,0.9356727497120619,89.65517241379311,False,0.0,CONTEXT_ONLY_NOT_CALIBRATED
342,ctt219,안산,방아머리해변,sea,40.0,G05,경기도|안산시,경기도,municipality,UNIQUE_MUNICIPALITY_ALIAS,0.9356727497120619,89.65517241379311,False,0.0,CONTEXT_ONLY_NOT_CALIBRATED
343,ctt220,안산,반달섬,sea,40.0,G05,경기도|안산시,경기도,municipality,UNIQUE_MUNICIPALITY_ALIAS,0.9356727497120619,89.65517241379311,False,0.0,CONTEXT_ONLY_NOT_CALIBRATED
344,ctt221,세종,도시상징광장,heal,60.0,G04,세종특별자치시,세종특별자치시,province,PROVINCE_CONTEXT_ONLY,0.3006012024048096,,False,0.0,CONTEXT_ONLY_NOT_CALIBRATED
345,ctt222,세종,방축천 음악분수,heal,60.0,G04,세종특별자치시,세종특별자치시,province,PROVINCE_CONTEXT_ONLY,0.3006012024048096,,False,0.0,CONTEXT_ONLY_NOT_CALIBRATED
346,ctt223,세종,초려역사공원,heal,60.0,G04,세종특별자치시,세종특별자치시,province,PROVINCE_CONTEXT_ONLY,0.3006012024048096,,False,0.0,CONTEXT_ONLY_NOT_CALIBRATED
347,ctt224,세종,아침뜰근린공원 역사공원,heal,60.0,G04,세종특별자치시,세종특별자치시,province,PROVINCE_CONTEXT_ONLY,0.3006012024048096,,False,0.0,CONTEXT_ONLY_NOT_CALIBRATED
348,ctt225,세종,세종전통문화체험관,heal,60.0,G04,세종특별자치시,세종특별자치시,province,PROVINCE_CONTEXT_ONLY,0.3006012024048096,,False,0.0,CONTEXT_ONLY_NOT_CALIBRATED
349,ctt226,세종,미래엔교과서박물관,herit,60.0,G08,세종특별자치시,세종특별자치시,province,PROVINCE_CONTEXT_ONLY,0.3006012024048096,,False,0.0,CONTEXT_ONLY_NOT_CALIBRATED
350,ctt227,세종,세종홍판서댁,herit,60.0,G08,세종특별자치시,세종특별자치시,province,PROVINCE_CONTEXT_ONLY,0.3006012024048096,,False,0.0,CONTEXT_ONLY_NOT_CALIBRATED
351,ctt228,세종,숭모각,herit,60.0,G08,세종특별자치시,세종특별자치시,province,PROVINCE_CONTEXT_ONLY,0.3006012024048096,,False,0.0,CONTEXT_ONLY_NOT_CALIBRATED
352,ctt229,세종,조천변벚꽃길,food,50.0,G01,세종특별자치시,세종특별자치시,province,PROVINCE_CONTEXT_ONLY,0.3006012024048096,,False,0.0,CONTEXT_ONLY_NOT_CALIBRATED
353,ctt230,화순,세량제,heal,60.0,G04,전남광주통합특별시|화순군,전남광주통합특별시,municipality,UNIQUE_MUNICIPALITY_ALIAS,0.0924003696014784,24.56896551724138,True,0.0,CONTEXT_ONLY_NOT_CALIBRATED
354,ctt231,태안,유류피해극복기념관,herit,60.0,G08,충청남도|태안군,충청남도,municipality,UNIQUE_MUNICIPALITY_ALIAS,0.16499465397260984,41.37931034482759,False,0.0,CONTEXT_ONLY_NOT_CALIBRATED
355,ctt232,태안,팜카밀레허브농원,heal,60.0,G04,충청남도|태안군,충청남도,municipality,UNIQUE_MUNICIPALITY_ALIAS,0.16499465397260984,41.37931034482759,False,0.0,CONTEXT_ONLY_NOT_CALIBRATED
356,ctt233,태안,안면도수목원,heal,60.0,G04,충청남도|태안군,충청남도,municipality,UNIQUE_MUNICIPALITY_ALIAS,0.16499465397260984,41.37931034482759,False,0.0,CONTEXT_ONLY_NOT_CALIBRATED
357,ctt234,태안,태안해양유물전시관,activity,90.0,G03,충청남도|태안군,충청남도,municipality,UNIQUE_MUNICIPALITY_ALIAS,0.16499465397260984,41.37931034482759,False,0.0,CONTEXT_ONLY_NOT_CALIBRATED
358,ctt235,춘천,공지천,heal,60.0,G04,강원특별자치도|춘천시,강원특별자치도,municipality,UNIQUE_MUNICIPALITY_ALIAS,0.3687374749498998,63.793103448275865,False,0.0,CONTEXT_ONLY_NOT_CALIBRATED
359,ctt236,춘천,춘천삼악산호수케이블카,activity,90.0,G03,강원특별자치도|춘천시,강원특별자치도,municipality,UNIQUE_MUNICIPALITY_ALIAS,0.3687374749498998,63.793103448275865,False,0.0,CONTEXT_ONLY_NOT_CALIBRATED
360,ctt237,춘천,강원특별자치도립화목원,heal,60.0,G04,강원특별자치도|춘천시,강원특별자치도,municipality,UNIQUE_MUNICIPALITY_ALIAS,0.3687374749498998,63.793103448275865,False,0.0,CONTEXT_ONLY_NOT_CALIBRATED
361,ctt238,춘천,K-water 소양강댐물문화관,activity,90.0,G03,강원특별자치도|춘천시,강원특별자치도,municipality,UNIQUE_MUNICIPALITY_ALIAS,0.3687374749498998,63.793103448275865,False,0.0,CONTEXT_ONLY_NOT_CALIBRATED
362,ctt239,춘천,책과인쇄박물관,herit,60.0,G08,강원특별자치도|춘천시,강원특별자치도,municipality,UNIQUE_MUNICIPALITY_ALIAS,0.3687374749498998,63.793103448275865,False,0.0,CONTEXT_ONLY_NOT_CALIBRATED
363,ctt240,춘천,춘천사이로248,heal,60.0,G04,강원특별자치도|춘천시,강원특별자치도,municipality,UNIQUE_MUNICIPALITY_ALIAS,0.3687374749498998,63.793103448275865,False,0.0,CONTEXT_ONLY_NOT_CALIBRATED
364,ctt241,춘천,구봉산전망대카페거리,food,50.0,G01,강원특별자치도|춘천시,강원특별자치도,municipality,UNIQUE_MUNICIPALITY_ALIAS,0.3687374749498998,63.793103448275865,False,0.0,CONTEXT_ONLY_NOT_CALIBRATED
365,ctt242,창원,창원스포츠파크 만남의광장,heal,60.0,G04,경상남도|창원시,경상남도,municipality,UNIQUE_MUNICIPALITY_ALIAS,1.2869739478957913,93.96551724137932,False,0.0,CONTEXT_ONLY_NOT_CALIBRATED
366,ctt243,창원,창원가로수길,food,50.0,G01,경상남도|창원시,경상남도,municipality,UNIQUE_MUNICIPALITY_ALIAS,1.2869739478957913,93.96551724137932,False,0.0,CONTEXT_ONLY_NOT_CALIBRATED
367,ctt244,창원,창원의집,herit,60.0,G08,경상남도|창원시,경상남도,municipality,UNIQUE_MUNICIPALITY_ALIAS,1.2869739478957913,93.96551724137932,False,0.0,CONTEXT_ONLY_NOT_CALIBRATED
368,ctt245,창원,상상길,food,50.0,G01,경상남도|창원시,경상남도,municipality,UNIQUE_MUNICIPALITY_ALIAS,1.2869739478957913,93.96551724137932,False,0.0,CONTEXT_ONLY_NOT_CALIBRATED
369,ctt246,창원,장복산,heal,60.0,G04,경상남도|창원시,경상남도,municipality,UNIQUE_MUNICIPALITY_ALIAS,1.2869739478957913,93.96551724137932,False,0.0,CONTEXT_ONLY_NOT_CALIBRATED
370,ctt247,경기광주,영은미술관,activity,90.0,G03,경기도|광주시,경기도,municipality,EXPLICIT_PARENT_ALIAS,0.5170823090514027,73.27586206896552,False,0.0,CONTEXT_ONLY_NOT_CALIBRATED
371,ctt248,경기광주,신익희 생가,herit,60.0,G08,경기도|광주시,경기도,municipality,EXPLICIT_PARENT_ALIAS,0.5170823090514027,73.27586206896552,False,0.0,CONTEXT_ONLY_NOT_CALIBRATED
372,ctt249,김해,김해탄소중립체험관,activity,90.0,G03,경상남도|김해시,경상남도,municipality,UNIQUE_MUNICIPALITY_ALIAS,0.6511022044088176,81.46551724137932,False,0.0,CONTEXT_ONLY_NOT_CALIBRATED
373,ctt250,김해,김해목재문화박물관,herit,60.0,G08,경상남도|김해시,경상남도,municipality,UNIQUE_MUNICIPALITY_ALIAS,0.6511022044088176,81.46551724137932,False,0.0,CONTEXT_ONLY_NOT_CALIBRATED
374,ctt251,김해,율하유적전시관,activity,90.0,G03,경상남도|김해시,경상남도,municipality,UNIQUE_MUNICIPALITY_ALIAS,0.6511022044088176,81.46551724137932,False,0.0,CONTEXT_ONLY_NOT_CALIBRATED
375,ctt252,김해,수로왕비릉,herit,60.0,G08,경상남도|김해시,경상남도,municipality,UNIQUE_MUNICIPALITY_ALIAS,0.6511022044088176,81.46551724137932,False,0.0,CONTEXT_ONLY_NOT_CALIBRATED
376,ctt253,김해,김해구지봉,herit,60.0,G08,경상남도|김해시,경상남도,municipality,UNIQUE_MUNICIPALITY_ALIAS,0.6511022044088176,81.46551724137932,False,0.0,CONTEXT_ONLY_NOT_CALIBRATED
377,ctt254,김해,진영역사공원,heal,60.0,G04,경상남도|김해시,경상남도,municipality,UNIQUE_MUNICIPALITY_ALIAS,0.6511022044088176,81.46551724137932,False,0.0,CONTEXT_ONLY_NOT_CALIBRATED
378,ctt255,김해,화포천습지 과학관,heal,60.0,G04,경상남도|김해시,경상남도,municipality,UNIQUE_MUNICIPALITY_ALIAS,0.6511022044088176,81.46551724137932,False,0.0,CONTEXT_ONLY_NOT_CALIBRATED
379,ctt256,김해,김해시 수도박물관,herit,60.0,G08,경상남도|김해시,경상남도,municipality,UNIQUE_MUNICIPALITY_ALIAS,0.6511022044088176,81.46551724137932,False,0.0,CONTEXT_ONLY_NOT_CALIBRATED
380,ctt257,서천,장항6080음식골목 맛나로,food,50.0,G01,충청남도|서천군,충청남도,municipality,UNIQUE_MUNICIPALITY_ALIAS,0.06318944194695697,15.948275862068966,False,0.0,CONTEXT_ONLY_NOT_CALIBRATED
381,ctt258,서천,장항 송림 자연휴양림,heal,60.0,G04,충청남도|서천군,충청남도,municipality,UNIQUE_MUNICIPALITY_ALIAS,0.06318944194695697,15.948275862068966,False,0.0,CONTEXT_ONLY_NOT_CALIBRATED
382,ctt259,서천,조류생태전시관,activity,90.0,G03,충청남도|서천군,충청남도,municipality,UNIQUE_MUNICIPALITY_ALIAS,0.06318944194695697,15.948275862068966,False,0.0,CONTEXT_ONLY_NOT_CALIBRATED
383,ctt260,서천,금강하구둑관광지,heal,60.0,G04,충청남도|서천군,충청남도,municipality,UNIQUE_MUNICIPALITY_ALIAS,0.06318944194695697,15.948275862068966,False,0.0,CONTEXT_ONLY_NOT_CALIBRATED
384,ctt261,서천,문헌서원,herit,60.0,G08,충청남도|서천군,충청남도,municipality,UNIQUE_MUNICIPALITY_ALIAS,0.06318944194695697,15.948275862068966,False,0.0,CONTEXT_ONLY_NOT_CALIBRATED
385,ctt262,서천,봉선저수지,heal,60.0,G04,충청남도|서천군,충청남도,municipality,UNIQUE_MUNICIPALITY_ALIAS,0.06318944194695697,15.948275862068966,False,0.0,CONTEXT_ONLY_NOT_CALIBRATED
386,ctt263,서천,이상재선생 생가,herit,60.0,G08,충청남도|서천군,충청남도,municipality,UNIQUE_MUNICIPALITY_ALIAS,0.06318944194695697,15.948275862068966,False,0.0,CONTEXT_ONLY_NOT_CALIBRATED
387,ctt264,서천,한산모시관,activity,90.0,G03,충청남도|서천군,충청남도,municipality,UNIQUE_MUNICIPALITY_ALIAS,0.06318944194695697,15.948275862068966,False,0.0,CONTEXT_ONLY_NOT_CALIBRATED
388,ctt265,서천,이하복고택전시관,activity,90.0,G03,충청남도|서천군,충청남도,municipality,UNIQUE_MUNICIPALITY_ALIAS,0.06318944194695697,15.948275862068966,False,0.0,CONTEXT_ONLY_NOT_CALIBRATED
389,ctt266,서천,성경전래지기념관,herit,60.0,G08,충청남도|서천군,충청남도,municipality,UNIQUE_MUNICIPALITY_ALIAS,0.06318944194695697,15.948275862068966,False,0.0,CONTEXT_ONLY_NOT_CALIBRATED
390,ctt267,서천,서천치유의숲 치유센터,heal,60.0,G04,충청남도|서천군,충청남도,municipality,UNIQUE_MUNICIPALITY_ALIAS,0.06318944194695697,15.948275862068966,False,0.0,CONTEXT_ONLY_NOT_CALIBRATED
391,ctt268,서천,국립해양생물자원관,activity,90.0,G03,충청남도|서천군,충청남도,municipality,UNIQUE_MUNICIPALITY_ALIAS,0.06318944194695697,15.948275862068966,False,0.0,CONTEXT_ONLY_NOT_CALIBRATED
392,ctt269,영광,백수해안도로,heal,60.0,G04,전남광주통합특별시|영광군,전남광주통합특별시,municipality,UNIQUE_MUNICIPALITY_ALIAS,0.048400193600774404,11.422413793103448,True,0.0,CONTEXT_ONLY_NOT_CALIBRATED
393,ctt270,영광,원불교 영산성지,herit,60.0,G08,전남광주통합특별시|영광군,전남광주통합특별시,municipality,UNIQUE_MUNICIPALITY_ALIAS,0.048400193600774404,11.422413793103448,True,0.0,CONTEXT_ONLY_NOT_CALIBRATED
394,ctt271,영광,매간당,herit,60.0,G08,전남광주통합특별시|영광군,전남광주통합특별시,municipality,UNIQUE_MUNICIPALITY_ALIAS,0.048400193600774404,11.422413793103448,True,0.0,CONTEXT_ONLY_NOT_CALIBRATED
395,ctt272,영광,불갑사,herit,60.0,G08,전남광주통합특별시|영광군,전남광주통합특별시,municipality,UNIQUE_MUNICIPALITY_ALIAS,0.048400193600774404,11.422413793103448,True,0.0,CONTEXT_ONLY_NOT_CALIBRATED
396,ctt273,평창,평창돌문화체험관,activity,90.0,G03,강원특별자치도|평창군,강원특별자치도,municipality,UNIQUE_MUNICIPALITY_ALIAS,0.18917835671342684,46.12068965517241,False,0.0,CONTEXT_ONLY_NOT_CALIBRATED
397,ctt274,삼척,삼척해양레일바이크 용화정거장,heal,60.0,G04,강원특별자치도|삼척시,강원특별자치도,municipality,UNIQUE_MUNICIPALITY_ALIAS,0.09619238476953906,26.724137931034484,False,0.0,CONTEXT_ONLY_NOT_CALIBRATED
398,ctt275,삼척,삼척해상케이블카 용화역,activity,90.0,G03,강원특별자치도|삼척시,강원특별자치도,municipality,UNIQUE_MUNICIPALITY_ALIAS,0.09619238476953906,26.724137931034484,False,0.0,CONTEXT_ONLY_NOT_CALIBRATED
399,ctt276,삼척,삼척활기치유의숲,heal,60.0,G04,강원특별자치도|삼척시,강원특별자치도,municipality,UNIQUE_MUNICIPALITY_ALIAS,0.09619238476953906,26.724137931034484,False,0.0,CONTEXT_ONLY_NOT_CALIBRATED
400,ctt277,완주,오성제저수지,heal,60.0,G04,전북특별자치도|완주군,전북특별자치도,municipality,UNIQUE_MUNICIPALITY_ALIAS,0.18296593186372748,45.689655172413794,False,0.0,CONTEXT_ONLY_NOT_CALIBRATED
401,ctt278,완주,아원고택,herit,60.0,G08,전북특별자치도|완주군,전북특별자치도,municipality,UNIQUE_MUNICIPALITY_ALIAS,0.18296593186372748,45.689655172413794,False,0.0,CONTEXT_ONLY_NOT_CALIBRATED
402,ctt279,완주,위봉산성,herit,60.0,G08,전북특별자치도|완주군,전북특별자치도,municipality,UNIQUE_MUNICIPALITY_ALIAS,0.18296593186372748,45.689655172413794,False,0.0,CONTEXT_ONLY_NOT_CALIBRATED
403,ctt280,완주,위봉폭포,heal,60.0,G04,전북특별자치도|완주군,전북특별자치도,municipality,UNIQUE_MUNICIPALITY_ALIAS,0.18296593186372748,45.689655172413794,False,0.0,CONTEXT_ONLY_NOT_CALIBRATED
404,ctt281,완주,공기마을 편백나무숲,heal,60.0,G04,전북특별자치도|완주군,전북특별자치도,municipality,UNIQUE_MUNICIPALITY_ALIAS,0.18296593186372748,45.689655172413794,False,0.0,CONTEXT_ONLY_NOT_CALIBRATED
405,ctt282,완주,대한민국 술테마박물관,herit,60.0,G08,전북특별자치도|완주군,전북특별자치도,municipality,UNIQUE_MUNICIPALITY_ALIAS,0.18296593186372748,45.689655172413794,False,0.0,CONTEXT_ONLY_NOT_CALIBRATED
406,ctt283,평창,2018평창동계올림픽대회 및 동계패럴림픽대회기념관,herit,60.0,G08,강원특별자치도|평창군,강원특별자치도,municipality,UNIQUE_MUNICIPALITY_ALIAS,0.18917835671342684,46.12068965517241,False,0.0,CONTEXT_ONLY_NOT_CALIBRATED
407,ctt284,완도,장보고기념관,herit,60.0,G08,전남광주통합특별시|완도군,전남광주통합특별시,municipality,UNIQUE_MUNICIPALITY_ALIAS,0.030800123200492798,5.172413793103448,True,0.0,CONTEXT_ONLY_NOT_CALIBRATED
408,ctt285,진도,진도개테마파크,activity,90.0,G03,전남광주통합특별시|진도군,전남광주통합특별시,municipality,UNIQUE_MUNICIPALITY_ALIAS,0.0264001056004224,4.094827586206897,True,0.0,CONTEXT_ONLY_NOT_CALIBRATED
409,ctt286,진도,운림산방,herit,60.0,G08,전남광주통합특별시|진도군,전남광주통합특별시,municipality,UNIQUE_MUNICIPALITY_ALIAS,0.0264001056004224,4.094827586206897,True,0.0,CONTEXT_ONLY_NOT_CALIBRATED
410,ctt287,진도,진도타워,activity,90.0,G03,전남광주통합특별시|진도군,전남광주통합특별시,municipality,UNIQUE_MUNICIPALITY_ALIAS,0.0264001056004224,4.094827586206897,True,0.0,CONTEXT_ONLY_NOT_CALIBRATED
411,ctt288,진도,명량해상케이블카 진도스테이션,activity,90.0,G03,전남광주통합특별시|진도군,전남광주통합특별시,municipality,UNIQUE_MUNICIPALITY_ALIAS,0.0264001056004224,4.094827586206897,True,0.0,CONTEXT_ONLY_NOT_CALIBRATED
412,ctt289,진도,진도 용장성,herit,60.0,G08,전남광주통합특별시|진도군,전남광주통합특별시,municipality,UNIQUE_MUNICIPALITY_ALIAS,0.0264001056004224,4.094827586206897,True,0.0,CONTEXT_ONLY_NOT_CALIBRATED
413,ctt290,양주,양주초록지기마을,activity,90.0,G03,경기도|양주시,경기도,municipality,UNIQUE_MUNICIPALITY_ALIAS,0.39396747356297346,66.16379310344827,False,0.0,CONTEXT_ONLY_NOT_CALIBRATED
414,ctt291,양주,조명박물관,herit,60.0,G08,경기도|양주시,경기도,municipality,UNIQUE_MUNICIPALITY_ALIAS,0.39396747356297346,66.16379310344827,False,0.0,CONTEXT_ONLY_NOT_CALIBRATED
415,ctt292,양주,온릉,herit,60.0,G08,경기도|양주시,경기도,municipality,UNIQUE_MUNICIPALITY_ALIAS,0.39396747356297346,66.16379310344827,False,0.0,CONTEXT_ONLY_NOT_CALIBRATED
416,ctt293,양구,DMZ펀치볼둘레길,heal,60.0,G04,강원특별자치도|양구군,강원특별자치도,municipality,UNIQUE_MUNICIPALITY_ALIAS,0.019238476953907815,1.293103448275862,False,0.0,CONTEXT_ONLY_NOT_CALIBRATED
417,ctt294,양구,을지전망대,activity,90.0,G03,강원특별자치도|양구군,강원특별자치도,municipality,UNIQUE_MUNICIPALITY_ALIAS,0.019238476953907815,1.293103448275862,False,0.0,CONTEXT_ONLY_NOT_CALIBRATED
418,ctt295,양구,한반도섬,sea,40.0,G05,강원특별자치도|양구군,강원특별자치도,municipality,UNIQUE_MUNICIPALITY_ALIAS,0.019238476953907815,1.293103448275862,False,0.0,CONTEXT_ONLY_NOT_CALIBRATED
419,ctt296,양구,양구수목원,heal,60.0,G04,강원특별자치도|양구군,강원특별자치도,municipality,UNIQUE_MUNICIPALITY_ALIAS,0.019238476953907815,1.293103448275862,False,0.0,CONTEXT_ONLY_NOT_CALIBRATED
420,ctt297,양구,두타연,heal,60.0,G04,강원특별자치도|양구군,강원특별자치도,municipality,UNIQUE_MUNICIPALITY_ALIAS,0.019238476953907815,1.293103448275862,False,0.0,CONTEXT_ONLY_NOT_CALIBRATED
421,ctt298,양구,양구백자박물관,herit,60.0,G08,강원특별자치도|양구군,강원특별자치도,municipality,UNIQUE_MUNICIPALITY_ALIAS,0.019238476953907815,1.293103448275862,False,0.0,CONTEXT_ONLY_NOT_CALIBRATED
422,ctt299,곡성,곡성섬진강기차마을,heal,60.0,G04,전남광주통합특별시|곡성군,전남광주통합특별시,municipality,UNIQUE_MUNICIPALITY_ALIAS,0.048400193600774404,11.422413793103448,True,0.0,CONTEXT_ONLY_NOT_CALIBRATED
423,ctt300,곡성,섬진강레일바이크,activity,90.0,G03,전남광주통합특별시|곡성군,전남광주통합특별시,municipality,UNIQUE_MUNICIPALITY_ALIAS,0.048400193600774404,11.422413793103448,True,0.0,CONTEXT_ONLY_NOT_CALIBRATED
424,ctt301,곡성,6070청춘공작소,heal,60.0,G04,전남광주통합특별시|곡성군,전남광주통합특별시,municipality,UNIQUE_MUNICIPALITY_ALIAS,0.048400193600774404,11.422413793103448,True,0.0,CONTEXT_ONLY_NOT_CALIBRATED
425,ctt302,곡성,스트리트갤러리 107,activity,90.0,G03,전남광주통합특별시|곡성군,전남광주통합특별시,municipality,UNIQUE_MUNICIPALITY_ALIAS,0.048400193600774404,11.422413793103448,True,0.0,CONTEXT_ONLY_NOT_CALIBRATED
426,ctt303,곡성,곡성성당,herit,60.0,G08,전남광주통합특별시|곡성군,전남광주통합특별시,municipality,UNIQUE_MUNICIPALITY_ALIAS,0.048400193600774404,11.422413793103448,True,0.0,CONTEXT_ONLY_NOT_CALIBRATED
427,ctt304,곡성,기차당뚝방마켓,heal,60.0,G04,전남광주통합특별시|곡성군,전남광주통합특별시,municipality,UNIQUE_MUNICIPALITY_ALIAS,0.048400193600774404,11.422413793103448,True,0.0,CONTEXT_ONLY_NOT_CALIBRATED
428,ctt305,대전,대동하늘공원,heal,60.0,G04,대전광역시,대전광역시,province,PROVINCE_CONTEXT_ONLY,3.2064128256513023,,False,0.0,CONTEXT_ONLY_NOT_CALIBRATED
429,ctt306,대전,만인산자연휴양림,heal,60.0,G04,대전광역시,대전광역시,province,PROVINCE_CONTEXT_ONLY,3.2064128256513023,,False,0.0,CONTEXT_ONLY_NOT_CALIBRATED
430,ctt307,대전,우암사적공원,heal,60.0,G04,대전광역시,대전광역시,province,PROVINCE_CONTEXT_ONLY,3.2064128256513023,,False,0.0,CONTEXT_ONLY_NOT_CALIBRATED
431,ctt308,대전,뿌리공원 한국족보박물관,herit,60.0,G08,대전광역시,대전광역시,province,PROVINCE_CONTEXT_ONLY,3.2064128256513023,,False,0.0,CONTEXT_ONLY_NOT_CALIBRATED
432,ctt309,대전,한국지질자원연구원 지질박물관,herit,60.0,G08,대전광역시,대전광역시,province,PROVINCE_CONTEXT_ONLY,3.2064128256513023,,False,0.0,CONTEXT_ONLY_NOT_CALIBRATED
433,ctt310,대전,대전시민천문대,heal,60.0,G04,대전광역시,대전광역시,province,PROVINCE_CONTEXT_ONLY,3.2064128256513023,,False,0.0,CONTEXT_ONLY_NOT_CALIBRATED
434,ctt311,대전,대청호자연생태관,herit,60.0,G08,대전광역시,대전광역시,province,PROVINCE_CONTEXT_ONLY,3.2064128256513023,,False,0.0,CONTEXT_ONLY_NOT_CALIBRATED
435,ctt312,대전,구대전형무소망루,herit,60.0,G08,대전광역시,대전광역시,province,PROVINCE_CONTEXT_ONLY,3.2064128256513023,,False,0.0,CONTEXT_ONLY_NOT_CALIBRATED
436,ctt313,대전,목동성당,herit,60.0,G08,대전광역시,대전광역시,province,PROVINCE_CONTEXT_ONLY,3.2064128256513023,,False,0.0,CONTEXT_ONLY_NOT_CALIBRATED
437,ctt314,대전,국립대전현충원 현충문,herit,60.0,G08,대전광역시,대전광역시,province,PROVINCE_CONTEXT_ONLY,3.2064128256513023,,False,0.0,CONTEXT_ONLY_NOT_CALIBRATED
438,ctt315,아산,피나클랜드 수목원,heal,60.0,G04,충청남도|아산시,충청남도,municipality,UNIQUE_MUNICIPALITY_ALIAS,0.45285766728652493,70.6896551724138,False,0.0,CONTEXT_ONLY_NOT_CALIBRATED
439,ctt316,아산,영인산자연휴양림,heal,60.0,G04,충청남도|아산시,충청남도,municipality,UNIQUE_MUNICIPALITY_ALIAS,0.45285766728652493,70.6896551724138,False,0.0,CONTEXT_ONLY_NOT_CALIBRATED
440,ctt317,아산,신정호지방정원,heal,60.0,G04,충청남도|아산시,충청남도,municipality,UNIQUE_MUNICIPALITY_ALIAS,0.45285766728652493,70.6896551724138,False,0.0,CONTEXT_ONLY_NOT_CALIBRATED
441,ctt318,아산,아산맹씨행단,herit,60.0,G08,충청남도|아산시,충청남도,municipality,UNIQUE_MUNICIPALITY_ALIAS,0.45285766728652493,70.6896551724138,False,0.0,CONTEXT_ONLY_NOT_CALIBRATED
442,ctt319,아산,온양민속박물관,herit,60.0,G08,충청남도|아산시,충청남도,municipality,UNIQUE_MUNICIPALITY_ALIAS,0.45285766728652493,70.6896551724138,False,0.0,CONTEXT_ONLY_NOT_CALIBRATED
443,ctt320,대전,유성온천공원 족욕체험장,activity,90.0,G03,대전광역시,대전광역시,province,PROVINCE_CONTEXT_ONLY,3.2064128256513023,,False,0.0,CONTEXT_ONLY_NOT_CALIBRATED
444,ctt321,대전,한밭교육박물관,herit,60.0,G08,대전광역시,대전광역시,province,PROVINCE_CONTEXT_ONLY,3.2064128256513023,,False,0.0,CONTEXT_ONLY_NOT_CALIBRATED
445,ctt322,대전,대청호반길 3-2코스(청남대조망길),heal,60.0,G04,대전광역시,대전광역시,province,PROVINCE_CONTEXT_ONLY,3.2064128256513023,,False,0.0,CONTEXT_ONLY_NOT_CALIBRATED
446,ctt323,대전,테미오래,heal,60.0,G04,대전광역시,대전광역시,province,PROVINCE_CONTEXT_ONLY,3.2064128256513023,,False,0.0,CONTEXT_ONLY_NOT_CALIBRATED
447,ctt324,대전,대전아쿠아리움,activity,90.0,G03,대전광역시,대전광역시,province,PROVINCE_CONTEXT_ONLY,3.2064128256513023,,False,0.0,CONTEXT_ONLY_NOT_CALIBRATED
448,ctt325,대전,주교좌대흥동성당,herit,60.0,G08,대전광역시,대전광역시,province,PROVINCE_CONTEXT_ONLY,3.2064128256513023,,False,0.0,CONTEXT_ONLY_NOT_CALIBRATED
449,ctt326,태안,태안해양치유센터,heal,60.0,G04,충청남도|태안군,충청남도,municipality,UNIQUE_MUNICIPALITY_ALIAS,0.16499465397260984,41.37931034482759,False,0.0,CONTEXT_ONLY_NOT_CALIBRATED
450,ctt327,서천,이동백소리솔바람길,heal,60.0,G04,충청남도|서천군,충청남도,municipality,UNIQUE_MUNICIPALITY_ALIAS,0.06318944194695697,15.948275862068966,False,0.0,CONTEXT_ONLY_NOT_CALIBRATED
451,ctt328,서천,마량리동백나무숲,heal,60.0,G04,충청남도|서천군,충청남도,municipality,UNIQUE_MUNICIPALITY_ALIAS,0.06318944194695697,15.948275862068966,False,0.0,CONTEXT_ONLY_NOT_CALIBRATED
452,ctt329,서천,서천군문화예술창작공간,heal,60.0,G04,충청남도|서천군,충청남도,municipality,UNIQUE_MUNICIPALITY_ALIAS,0.06318944194695697,15.948275862068966,False,0.0,CONTEXT_ONLY_NOT_CALIBRATED
453,ctt330,홍천,척야산문화수목원,heal,60.0,G04,강원특별자치도|홍천군,강원특별자치도,municipality,UNIQUE_MUNICIPALITY_ALIAS,0.2661322645290581,54.310344827586206,False,0.0,CONTEXT_ONLY_NOT_CALIBRATED
454,ctt331,홍천,수타사농촌테마공원,heal,60.0,G04,강원특별자치도|홍천군,강원특별자치도,municipality,UNIQUE_MUNICIPALITY_ALIAS,0.2661322645290581,54.310344827586206,False,0.0,CONTEXT_ONLY_NOT_CALIBRATED
455,ctt332,홍천,수타사,herit,60.0,G08,강원특별자치도|홍천군,강원특별자치도,municipality,UNIQUE_MUNICIPALITY_ALIAS,0.2661322645290581,54.310344827586206,False,0.0,CONTEXT_ONLY_NOT_CALIBRATED
456,ctt333,화천,산천어커피박물관,herit,60.0,G08,강원특별자치도|화천군,강원특별자치도,municipality,UNIQUE_MUNICIPALITY_ALIAS,0.022444889779559114,2.586206896551724,False,0.0,CONTEXT_ONLY_NOT_CALIBRATED
457,ctt334,화천,화천박물관,herit,60.0,G08,강원특별자치도|화천군,강원특별자치도,municipality,UNIQUE_MUNICIPALITY_ALIAS,0.022444889779559114,2.586206896551724,False,0.0,CONTEXT_ONLY_NOT_CALIBRATED
458,ctt335,화천,K-water 평화의댐 물문화관,activity,90.0,G03,강원특별자치도|화천군,강원특별자치도,municipality,UNIQUE_MUNICIPALITY_ALIAS,0.022444889779559114,2.586206896551724,False,0.0,CONTEXT_ONLY_NOT_CALIBRATED
459,ctt336,순천,상사호,heal,60.0,G04,전남광주통합특별시|순천시,전남광주통합특별시,municipality,UNIQUE_MUNICIPALITY_ALIAS,0.2728010912043648,55.172413793103445,True,0.0,CONTEXT_ONLY_NOT_CALIBRATED
460,ctt337,순천,순천전통야생차체험관,activity,90.0,G03,전남광주통합특별시|순천시,전남광주통합특별시,municipality,UNIQUE_MUNICIPALITY_ALIAS,0.2728010912043648,55.172413793103445,True,0.0,CONTEXT_ONLY_NOT_CALIBRATED
461,ctt338,순천,순천왜성,herit,60.0,G08,전남광주통합특별시|순천시,전남광주통합특별시,municipality,UNIQUE_MUNICIPALITY_ALIAS,0.2728010912043648,55.172413793103445,True,0.0,CONTEXT_ONLY_NOT_CALIBRATED
462,ctt339,순천,순천만국가정원 스페이스브릿지,heal,60.0,G04,전남광주통합특별시|순천시,전남광주통합특별시,municipality,UNIQUE_MUNICIPALITY_ALIAS,0.2728010912043648,55.172413793103445,True,0.0,CONTEXT_ONLY_NOT_CALIBRATED
463,ctt340,나주,국립나주박물관,herit,60.0,G08,전남광주통합특별시|나주시,전남광주통합특별시,municipality,UNIQUE_MUNICIPALITY_ALIAS,0.16280065120260478,40.94827586206897,True,0.0,CONTEXT_ONLY_NOT_CALIBRATED
464,ctt341,나주,전남광주통합특별시산림연구원 토피어리,heal,60.0,G04,전남광주통합특별시|나주시,전남광주통합특별시,municipality,UNIQUE_MUNICIPALITY_ALIAS,0.16280065120260478,40.94827586206897,True,0.0,CONTEXT_ONLY_NOT_CALIBRATED
465,ctt342,아산,옹기발효음식 전시체험관,activity,90.0,G03,충청남도|아산시,충청남도,municipality,UNIQUE_MUNICIPALITY_ALIAS,0.45285766728652493,70.6896551724138,False,0.0,CONTEXT_ONLY_NOT_CALIBRATED
466,ctt343,아산,도고아트홀,activity,90.0,G03,충청남도|아산시,충청남도,municipality,UNIQUE_MUNICIPALITY_ALIAS,0.45285766728652493,70.6896551724138,False,0.0,CONTEXT_ONLY_NOT_CALIBRATED
467,ctt344,아산,세계꽃식물원,heal,60.0,G04,충청남도|아산시,충청남도,municipality,UNIQUE_MUNICIPALITY_ALIAS,0.45285766728652493,70.6896551724138,False,0.0,CONTEXT_ONLY_NOT_CALIBRATED
468,ctt345,대전,유림공원,heal,60.0,G04,대전광역시,대전광역시,province,PROVINCE_CONTEXT_ONLY,3.2064128256513023,,False,0.0,CONTEXT_ONLY_NOT_CALIBRATED
469,ctt346,대전,진잠향교,herit,60.0,G08,대전광역시,대전광역시,province,PROVINCE_CONTEXT_ONLY,3.2064128256513023,,False,0.0,CONTEXT_ONLY_NOT_CALIBRATED
470,ctt347,안성,안성맞춤박물관,herit,60.0,G08,경기도|안성시,경기도,municipality,UNIQUE_MUNICIPALITY_ALIAS,0.6648201116375178,82.54310344827586,False,0.0,CONTEXT_ONLY_NOT_CALIBRATED
471,ctt348,안성,농협안성팜랜드,activity,90.0,G03,경기도|안성시,경기도,municipality,UNIQUE_MUNICIPALITY_ALIAS,0.6648201116375178,82.54310344827586,False,0.0,CONTEXT_ONLY_NOT_CALIBRATED
472,ctt349,안성,안성맞춤랜드,activity,90.0,G03,경기도|안성시,경기도,municipality,UNIQUE_MUNICIPALITY_ALIAS,0.6648201116375178,82.54310344827586,False,0.0,CONTEXT_ONLY_NOT_CALIBRATED
473,ctt350,안성,청룡사,herit,60.0,G08,경기도|안성시,경기도,municipality,UNIQUE_MUNICIPALITY_ALIAS,0.6648201116375178,82.54310344827586,False,0.0,CONTEXT_ONLY_NOT_CALIBRATED
474,ctt351,대전,식장산문화공원,heal,60.0,G04,대전광역시,대전광역시,province,PROVINCE_CONTEXT_ONLY,3.2064128256513023,,False,0.0,CONTEXT_ONLY_NOT_CALIBRATED
475,ctt352,경산,임당동고분군,herit,60.0,G08,경상북도|경산시,경상북도,municipality,UNIQUE_MUNICIPALITY_ALIAS,0.2954960870792534,57.758620689655174,False,0.0,CONTEXT_ONLY_NOT_CALIBRATED
476,ctt353,경산,경산시립박물관,herit,60.0,G08,경상북도|경산시,경상북도,municipality,UNIQUE_MUNICIPALITY_ALIAS,0.2954960870792534,57.758620689655174,False,0.0,CONTEXT_ONLY_NOT_CALIBRATED
477,ctt354,경산,삼성현역사문화공원,heal,60.0,G04,경상북도|경산시,경상북도,municipality,UNIQUE_MUNICIPALITY_ALIAS,0.2954960870792534,57.758620689655174,False,0.0,CONTEXT_ONLY_NOT_CALIBRATED
478,ctt355,경산,경산동의한방촌,activity,90.0,G03,경상북도|경산시,경상북도,municipality,UNIQUE_MUNICIPALITY_ALIAS,0.2954960870792534,57.758620689655174,False,0.0,CONTEXT_ONLY_NOT_CALIBRATED
479,ctt356,경산,반곡지,heal,60.0,G04,경상북도|경산시,경상북도,municipality,UNIQUE_MUNICIPALITY_ALIAS,0.2954960870792534,57.758620689655174,False,0.0,CONTEXT_ONLY_NOT_CALIBRATED
480,ctt357,울산,장생포고래박물관,herit,60.0,G08,울산광역시,울산광역시,province,PROVINCE_CONTEXT_ONLY,1.5030060120240478,,False,0.0,CONTEXT_ONLY_NOT_CALIBRATED
481,ctt358,울산,태화강국가정원 태화강전망대,activity,90.0,G03,울산광역시,울산광역시,province,PROVINCE_CONTEXT_ONLY,1.5030060120240478,,False,0.0,CONTEXT_ONLY_NOT_CALIBRATED
482,ctt359,울산,울산문화예술회관,activity,90.0,G03,울산광역시,울산광역시,province,PROVINCE_CONTEXT_ONLY,1.5030060120240478,,False,0.0,CONTEXT_ONLY_NOT_CALIBRATED
483,ctt360,공주,계룡도예,heal,60.0,G04,충청남도|공주시,충청남도,municipality,UNIQUE_MUNICIPALITY_ALIAS,0.2808419642086976,55.60344827586207,False,0.0,CONTEXT_ONLY_NOT_CALIBRATED
484,ctt361,공주,공주산림휴양마을 산림문화휴양관,heal,60.0,G04,충청남도|공주시,충청남도,municipality,UNIQUE_MUNICIPALITY_ALIAS,0.2808419642086976,55.60344827586207,False,0.0,CONTEXT_ONLY_NOT_CALIBRATED
485,ctt362,공주,유구전통시장 광장,heal,60.0,G04,충청남도|공주시,충청남도,municipality,UNIQUE_MUNICIPALITY_ALIAS,0.2808419642086976,55.60344827586207,False,0.0,CONTEXT_ONLY_NOT_CALIBRATED
486,ctt363,공주,충청남도역사박물관,herit,60.0,G08,충청남도|공주시,충청남도,municipality,UNIQUE_MUNICIPALITY_ALIAS,0.2808419642086976,55.60344827586207,False,0.0,CONTEXT_ONLY_NOT_CALIBRATED
487,ctt364,공주,공주 반죽동 당간지주,herit,60.0,G08,충청남도|공주시,충청남도,municipality,UNIQUE_MUNICIPALITY_ALIAS,0.2808419642086976,55.60344827586207,False,0.0,CONTEXT_ONLY_NOT_CALIBRATED
488,ctt365,공주,백제오감체험관,activity,90.0,G03,충청남도|공주시,충청남도,municipality,UNIQUE_MUNICIPALITY_ALIAS,0.2808419642086976,55.60344827586207,False,0.0,CONTEXT_ONLY_NOT_CALIBRATED
489,ctt366,서울,익스트림스포츠디엠지,activity,90.0,G03,서울특별시,서울특별시,province,PROVINCE_CONTEXT_ONLY,29.058116232464926,,False,0.0,CONTEXT_ONLY_NOT_CALIBRATED
490,ctt367,서울,JSA어패럴,sea,40.0,G05,서울특별시,서울특별시,province,PROVINCE_CONTEXT_ONLY,29.058116232464926,,False,0.0,CONTEXT_ONLY_NOT_CALIBRATED
491,ro116,양평,스타벅스 더양평DT점,food,50.0,G01,경기도|양평군,경기도,municipality,UNIQUE_MUNICIPALITY_ALIAS,0.2462296709768584,51.508620689655174,False,0.0,CONTEXT_ONLY_NOT_CALIBRATED
492,ro117,경주,분황사,herit,60.0,G08,경상북도|경주시,경상북도,municipality,UNIQUE_MUNICIPALITY_ALIAS,0.6234246715208639,80.17241379310344,False,0.0,CONTEXT_ONLY_NOT_CALIBRATED
493,ro366,양평,사나사계곡,sea,40.0,G05,경기도|양평군,경기도,municipality,UNIQUE_MUNICIPALITY_ALIAS,0.2462296709768584,51.508620689655174,False,0.0,CONTEXT_ONLY_NOT_CALIBRATED
494,ro419,아산,궁평저수지 맨발황톳길,activity,90.0,G03,충청남도|아산시,충청남도,municipality,UNIQUE_MUNICIPALITY_ALIAS,0.45285766728652493,70.6896551724138,False,0.0,CONTEXT_ONLY_NOT_CALIBRATED
495,ro500,김해,장유사,herit,60.0,G08,경상남도|김해시,경상남도,municipality,UNIQUE_MUNICIPALITY_ALIAS,0.6511022044088176,81.46551724137932,False,0.0,CONTEXT_ONLY_NOT_CALIBRATED
496,ro570,창원,3.15해양누리공원,heal,60.0,G04,경상남도|창원시,경상남도,municipality,UNIQUE_MUNICIPALITY_ALIAS,1.2869739478957913,93.96551724137932,False,0.0,CONTEXT_ONLY_NOT_CALIBRATED
497,ro813,천안,천안 성성호수공원,heal,60.0,G04,충청남도|천안시,충청남도,municipality,UNIQUE_MUNICIPALITY_ALIAS,1.1479415287030514,91.37931034482759,False,0.0,CONTEXT_ONLY_NOT_CALIBRATED
498,ro881,봉화,국립청옥산자연휴양림,heal,60.0,G04,경상북도|봉화군,경상북도,municipality,UNIQUE_MUNICIPALITY_ALIAS,0.025225275726277727,3.4482758620689653,False,0.0,CONTEXT_ONLY_NOT_CALIBRATED
499,ro885,하동,하동 코리아짚와이어,activity,90.0,G03,경상남도|하동군,경상남도,municipality,UNIQUE_MUNICIPALITY_ALIAS,0.06092184368737475,15.517241379310345,False,0.0,CONTEXT_ONLY_NOT_CALIBRATED
500,ro970,서울,유한양행 윌로우하우스,herit,60.0,G08,서울특별시,서울특별시,province,PROVINCE_CONTEXT_ONLY,29.058116232464926,,False,0.0,CONTEXT_ONLY_NOT_CALIBRATED
501,rs383,서울,힐튼가든인 서울강남,stay,30.0,,서울특별시,서울특별시,province,PROVINCE_CONTEXT_ONLY,29.058116232464926,,False,0.0,CONTEXT_ONLY_NOT_CALIBRATED
502,ro1,강릉,주문진수산시장,food,50.0,G01,강원특별자치도|강릉시,강원특별자치도,municipality,UNIQUE_MUNICIPALITY_ALIAS,0.5098196392785571,72.84482758620689,False,0.0,CONTEXT_ONLY_NOT_CALIBRATED
503,ro2,통영,통영중앙전통시장,food,50.0,G01,경상남도|통영시,경상남도,municipality,UNIQUE_MUNICIPALITY_ALIAS,0.13326653306613226,35.3448275862069,False,0.0,CONTEXT_ONLY_NOT_CALIBRATED
504,ro3,속초,청초수물회 속초본점,food,50.0,G01,강원특별자치도|속초시,강원특별자치도,municipality,UNIQUE_MUNICIPALITY_ALIAS,0.38797595190380757,65.51724137931035,False,0.0,CONTEXT_ONLY_NOT_CALIBRATED
505,ro4,부산,광안리해수욕장,sea,40.0,G05,부산광역시,부산광역시,province,PROVINCE_CONTEXT_ONLY,6.4128256513026045,,False,0.0,CONTEXT_ONLY_NOT_CALIBRATED
506,ro5,강릉,안목해변,sea,40.0,G05,강원특별자치도|강릉시,강원특별자치도,municipality,UNIQUE_MUNICIPALITY_ALIAS,0.5098196392785571,72.84482758620689,False,0.0,CONTEXT_ONLY_NOT_CALIBRATED
507,ro6,고성(강원),송지호해수욕장,sea,40.0,G05,강원특별자치도|고성군,강원특별자치도,municipality,EXPLICIT_PARENT_ALIAS,0.10260521042084167,29.74137931034483,False,0.0,CONTEXT_ONLY_NOT_CALIBRATED
508,ro7,양양,낙산해수욕장,sea,40.0,G05,강원특별자치도|양양군,강원특별자치도,municipality,UNIQUE_MUNICIPALITY_ALIAS,0.1442885771543086,37.06896551724138,False,0.0,CONTEXT_ONLY_NOT_CALIBRATED
509,ro8,고성,바다정원펜션,food,50.0,G01,,,unresolved,AMBIGUOUS_NAME,,,False,0.0,CONTEXT_ONLY_NOT_CALIBRATED
510,ro9,속초,동명항,sea,40.0,G05,강원특별자치도|속초시,강원특별자치도,municipality,UNIQUE_MUNICIPALITY_ALIAS,0.38797595190380757,65.51724137931035,False,0.0,CONTEXT_ONLY_NOT_CALIBRATED
511,ro10,삼척,맹방해수욕장,sea,40.0,G05,강원특별자치도|삼척시,강원특별자치도,municipality,UNIQUE_MUNICIPALITY_ALIAS,0.09619238476953906,26.724137931034484,False,0.0,CONTEXT_ONLY_NOT_CALIBRATED
512,ro11,삼척,삼척해변,sea,40.0,G05,강원특별자치도|삼척시,강원특별자치도,municipality,UNIQUE_MUNICIPALITY_ALIAS,0.09619238476953906,26.724137931034484,False,0.0,CONTEXT_ONLY_NOT_CALIBRATED
513,ro12,인천,강화풍물시장,food,50.0,G01,인천광역시,인천광역시,province,PROVINCE_CONTEXT_ONLY,5.310621242484969,,True,0.0,CONTEXT_ONLY_NOT_CALIBRATED
514,ro13,인천,동막해변,sea,40.0,G05,인천광역시,인천광역시,province,PROVINCE_CONTEXT_ONLY,5.310621242484969,,True,0.0,CONTEXT_ONLY_NOT_CALIBRATED
515,ro14,삼척,삼척중앙시장,food,50.0,G01,강원특별자치도|삼척시,강원특별자치도,municipality,UNIQUE_MUNICIPALITY_ALIAS,0.09619238476953906,26.724137931034484,False,0.0,CONTEXT_ONLY_NOT_CALIBRATED
516,ro15,제주,서귀포매일올레시장,food,50.0,G01,제주특별자치도,제주특별자치도,province,PROVINCE_CONTEXT_ONLY,1.7034068136272542,,False,0.0,CONTEXT_ONLY_NOT_CALIBRATED
517,ro16,인천,조양방직,food,50.0,G01,인천광역시,인천광역시,province,PROVINCE_CONTEXT_ONLY,5.310621242484969,,True,0.0,CONTEXT_ONLY_NOT_CALIBRATED
518,ro17,서울,코엑스,herit,60.0,G08,서울특별시,서울특별시,province,PROVINCE_CONTEXT_ONLY,29.058116232464926,,False,0.0,CONTEXT_ONLY_NOT_CALIBRATED
519,ro18,태안,안면도수산시장,food,50.0,G01,충청남도|태안군,충청남도,municipality,UNIQUE_MUNICIPALITY_ALIAS,0.16499465397260984,41.37931034482759,False,0.0,CONTEXT_ONLY_NOT_CALIBRATED
520,ro19,서울,반포한강공원,heal,60.0,G04,서울특별시,서울특별시,province,PROVINCE_CONTEXT_ONLY,29.058116232464926,,False,0.0,CONTEXT_ONLY_NOT_CALIBRATED
521,ro20,서울,북악스카이웨이,activity,90.0,G03,서울특별시,서울특별시,province,PROVINCE_CONTEXT_ONLY,29.058116232464926,,False,0.0,CONTEXT_ONLY_NOT_CALIBRATED
522,ro21,속초,만석닭강정 시장1호점,food,50.0,G01,강원특별자치도|속초시,강원특별자치도,municipality,UNIQUE_MUNICIPALITY_ALIAS,0.38797595190380757,65.51724137931035,False,0.0,CONTEXT_ONLY_NOT_CALIBRATED
523,ro22,인천,교동대룡시장,food,50.0,G01,인천광역시,인천광역시,province,PROVINCE_CONTEXT_ONLY,5.310621242484969,,True,0.0,CONTEXT_ONLY_NOT_CALIBRATED
524,ro23,태안,백사장항,sea,40.0,G05,충청남도|태안군,충청남도,municipality,UNIQUE_MUNICIPALITY_ALIAS,0.16499465397260984,41.37931034482759,False,0.0,CONTEXT_ONLY_NOT_CALIBRATED
525,ro24,강릉,강릉카페거리,food,50.0,G01,강원특별자치도|강릉시,강원특별자치도,municipality,UNIQUE_MUNICIPALITY_ALIAS,0.5098196392785571,72.84482758620689,False,0.0,CONTEXT_ONLY_NOT_CALIBRATED
526,ro25,영덕,고래불해수욕장,sea,40.0,G05,경상북도|영덕군,경상북도,municipality,UNIQUE_MUNICIPALITY_ALIAS,0.10090110290511091,29.310344827586206,False,0.0,CONTEXT_ONLY_NOT_CALIBRATED
527,ro26,태안,몽산포해수욕장,sea,40.0,G05,충청남도|태안군,충청남도,municipality,UNIQUE_MUNICIPALITY_ALIAS,0.16499465397260984,41.37931034482759,False,0.0,CONTEXT_ONLY_NOT_CALIBRATED
528,ro27,태안,안면암,herit,60.0,G08,충청남도|태안군,충청남도,municipality,UNIQUE_MUNICIPALITY_ALIAS,0.16499465397260984,41.37931034482759,False,0.0,CONTEXT_ONLY_NOT_CALIBRATED
529,ro28,서울,가락동 농수산물도매시장,food,50.0,G01,서울특별시,서울특별시,province,PROVINCE_CONTEXT_ONLY,29.058116232464926,,False,0.0,CONTEXT_ONLY_NOT_CALIBRATED
530,ro29,양양,하조대해수욕장,sea,40.0,G05,강원특별자치도|양양군,강원특별자치도,municipality,UNIQUE_MUNICIPALITY_ALIAS,0.1442885771543086,37.06896551724138,False,0.0,CONTEXT_ONLY_NOT_CALIBRATED
531,ro30,울진,후포항,sea,40.0,G05,경상북도|울진군,경상북도,municipality,UNIQUE_MUNICIPALITY_ALIAS,0.0720722163607935,18.53448275862069,False,0.0,CONTEXT_ONLY_NOT_CALIBRATED
532,ro31,평창,월정사,herit,60.0,G08,강원특별자치도|평창군,강원특별자치도,municipality,UNIQUE_MUNICIPALITY_ALIAS,0.18917835671342684,46.12068965517241,False,0.0,CONTEXT_ONLY_NOT_CALIBRATED
533,ro32,강릉,정동진 해변,sea,40.0,G05,강원특별자치도|강릉시,강원특별자치도,municipality,UNIQUE_MUNICIPALITY_ALIAS,0.5098196392785571,72.84482758620689,False,0.0,CONTEXT_ONLY_NOT_CALIBRATED
534,ro33,강릉,주문진해변,sea,40.0,G05,강원특별자치도|강릉시,강원특별자치도,municipality,UNIQUE_MUNICIPALITY_ALIAS,0.5098196392785571,72.84482758620689,False,0.0,CONTEXT_ONLY_NOT_CALIBRATED
535,ro34,고성(강원),화진포해변,sea,40.0,G05,강원특별자치도|고성군,강원특별자치도,municipality,EXPLICIT_PARENT_ALIAS,0.10260521042084167,29.74137931034483,False,0.0,CONTEXT_ONLY_NOT_CALIBRATED
536,ro35,인천,전등사,herit,60.0,G08,인천광역시,인천광역시,province,PROVINCE_CONTEXT_ONLY,5.310621242484969,,True,0.0,CONTEXT_ONLY_NOT_CALIBRATED
537,ro36,춘천,통나무집닭갈비 본점,food,50.0,G01,강원특별자치도|춘천시,강원특별자치도,municipality,UNIQUE_MUNICIPALITY_ALIAS,0.3687374749498998,63.793103448275865,False,0.0,CONTEXT_ONLY_NOT_CALIBRATED
538,ro37,천안,뚜쥬루 빵돌가마점,food,50.0,G01,충청남도|천안시,충청남도,municipality,UNIQUE_MUNICIPALITY_ALIAS,1.1479415287030514,91.37931034482759,False,0.0,CONTEXT_ONLY_NOT_CALIBRATED
539,ro38,서울,보문사,herit,60.0,G08,서울특별시,서울특별시,province,PROVINCE_CONTEXT_ONLY,29.058116232464926,,False,0.0,CONTEXT_ONLY_NOT_CALIBRATED
540,ro39,보령,원산도해수욕장,sea,40.0,G05,충청남도|보령시,충청남도,municipality,UNIQUE_MUNICIPALITY_ALIAS,0.15095255576217495,38.793103448275865,False,0.0,CONTEXT_ONLY_NOT_CALIBRATED
541,ro40,삼척,용화해변,sea,40.0,G05,강원특별자치도|삼척시,강원특별자치도,municipality,UNIQUE_MUNICIPALITY_ALIAS,0.09619238476953906,26.724137931034484,False,0.0,CONTEXT_ONLY_NOT_CALIBRATED
542,ro41,삼척,삼척항,sea,40.0,G05,강원특별자치도|삼척시,강원특별자치도,municipality,UNIQUE_MUNICIPALITY_ALIAS,0.09619238476953906,26.724137931034484,False,0.0,CONTEXT_ONLY_NOT_CALIBRATED
543,ro42,인천,강화제적봉 평화전망대,activity,90.0,G03,인천광역시,인천광역시,province,PROVINCE_CONTEXT_ONLY,5.310621242484969,,True,0.0,CONTEXT_ONLY_NOT_CALIBRATED
544,ro43,태안,삼봉해수욕장캠핑장,sea,40.0,G05,충청남도|태안군,충청남도,municipality,UNIQUE_MUNICIPALITY_ALIAS,0.16499465397260984,41.37931034482759,False,0.0,CONTEXT_ONLY_NOT_CALIBRATED
545,ro44,영덕,영덕해맞이공원,heal,60.0,G04,경상북도|영덕군,경상북도,municipality,UNIQUE_MUNICIPALITY_ALIAS,0.10090110290511091,29.310344827586206,False,0.0,CONTEXT_ONLY_NOT_CALIBRATED
546,ro45,당진,한진포구,sea,40.0,G05,충청남도|당진시,충청남도,municipality,UNIQUE_MUNICIPALITY_ALIAS,0.3194577342873935,60.3448275862069,False,0.0,CONTEXT_ONLY_NOT_CALIBRATED
547,ro46,강릉,사근진해변,sea,40.0,G05,강원특별자치도|강릉시,강원특별자치도,municipality,UNIQUE_MUNICIPALITY_ALIAS,0.5098196392785571,72.84482758620689,False,0.0,CONTEXT_ONLY_NOT_CALIBRATED
548,ro47,강릉,강문해변,sea,40.0,G05,강원특별자치도|강릉시,강원특별자치도,municipality,UNIQUE_MUNICIPALITY_ALIAS,0.5098196392785571,72.84482758620689,False,0.0,CONTEXT_ONLY_NOT_CALIBRATED
549,ro48,영덕,대진해수욕장,sea,40.0,G05,경상북도|영덕군,경상북도,municipality,UNIQUE_MUNICIPALITY_ALIAS,0.10090110290511091,29.310344827586206,False,0.0,CONTEXT_ONLY_NOT_CALIBRATED
550,ro49,서울,YTN서울타워,activity,90.0,G03,서울특별시,서울특별시,province,PROVINCE_CONTEXT_ONLY,29.058116232464926,,False,0.0,CONTEXT_ONLY_NOT_CALIBRATED
551,ro50,서울,동대문종합시장,food,50.0,G01,서울특별시,서울특별시,province,PROVINCE_CONTEXT_ONLY,29.058116232464926,,False,0.0,CONTEXT_ONLY_NOT_CALIBRATED
552,ro51,여수,여수예술랜드,activity,90.0,G03,전남광주통합특별시|여수시,전남광주통합특별시,municipality,UNIQUE_MUNICIPALITY_ALIAS,0.3432013728054912,62.93103448275862,True,0.0,CONTEXT_ONLY_NOT_CALIBRATED
553,ro52,태안,안면도영목항전망대,activity,90.0,G03,충청남도|태안군,충청남도,municipality,UNIQUE_MUNICIPALITY_ALIAS,0.16499465397260984,41.37931034482759,False,0.0,CONTEXT_ONLY_NOT_CALIBRATED
554,ro53,서천,홍원항,sea,40.0,G05,충청남도|서천군,충청남도,municipality,UNIQUE_MUNICIPALITY_ALIAS,0.06318944194695697,15.948275862068966,False,0.0,CONTEXT_ONLY_NOT_CALIBRATED
555,ro54,인천,금문도,food,50.0,G01,인천광역시,인천광역시,province,PROVINCE_CONTEXT_ONLY,5.310621242484969,,True,0.0,CONTEXT_ONLY_NOT_CALIBRATED
556,ro55,통영,서호시장,food,50.0,G01,경상남도|통영시,경상남도,municipality,UNIQUE_MUNICIPALITY_ALIAS,0.13326653306613226,35.3448275862069,False,0.0,CONTEXT_ONLY_NOT_CALIBRATED
557,ro56,거제,저구항,sea,40.0,G05,경상남도|거제시,경상남도,municipality,UNIQUE_MUNICIPALITY_ALIAS,0.16753507014028057,42.241379310344826,False,0.0,CONTEXT_ONLY_NOT_CALIBRATED
558,ro57,정선,강원랜드카지노리조트복지관,activity,90.0,G03,강원특별자치도|정선군,강원특별자치도,municipality,UNIQUE_MUNICIPALITY_ALIAS,0.09298597194388776,25.0,False,0.0,CONTEXT_ONLY_NOT_CALIBRATED
559,ro58,고성(강원),거진항,sea,40.0,G05,강원특별자치도|고성군,강원특별자치도,municipality,EXPLICIT_PARENT_ALIAS,0.10260521042084167,29.74137931034483,False,0.0,CONTEXT_ONLY_NOT_CALIBRATED
560,ro59,제주,판포포구,sea,40.0,G05,제주특별자치도,제주특별자치도,province,PROVINCE_CONTEXT_ONLY,1.7034068136272542,,False,0.0,CONTEXT_ONLY_NOT_CALIBRATED
561,ro60,강릉,동화가든,food,50.0,G01,강원특별자치도|강릉시,강원특별자치도,municipality,UNIQUE_MUNICIPALITY_ALIAS,0.5098196392785571,72.84482758620689,False,0.0,CONTEXT_ONLY_NOT_CALIBRATED
562,ro61,속초,외옹치해수욕장,sea,40.0,G05,강원특별자치도|속초시,강원특별자치도,municipality,UNIQUE_MUNICIPALITY_ALIAS,0.38797595190380757,65.51724137931035,False,0.0,CONTEXT_ONLY_NOT_CALIBRATED
563,ro62,속초,장사항,sea,40.0,G05,강원특별자치도|속초시,강원특별자치도,municipality,UNIQUE_MUNICIPALITY_ALIAS,0.38797595190380757,65.51724137931035,False,0.0,CONTEXT_ONLY_NOT_CALIBRATED
564,ro63,해남,땅끝전망대,activity,90.0,G03,전남광주통합특별시|해남군,전남광주통합특별시,municipality,UNIQUE_MUNICIPALITY_ALIAS,0.066000264001056,17.24137931034483,True,0.0,CONTEXT_ONLY_NOT_CALIBRATED
565,ro64,완도,신지명사십리해수욕장,sea,40.0,G05,전남광주통합특별시|완도군,전남광주통합특별시,municipality,UNIQUE_MUNICIPALITY_ALIAS,0.030800123200492798,5.172413793103448,True,0.0,CONTEXT_ONLY_NOT_CALIBRATED
566,ro65,영덕,축산항,sea,40.0,G05,경상북도|영덕군,경상북도,municipality,UNIQUE_MUNICIPALITY_ALIAS,0.10090110290511091,29.310344827586206,False,0.0,CONTEXT_ONLY_NOT_CALIBRATED
567,ro66,제주,제주동화마을,heal,60.0,G04,제주특별자치도,제주특별자치도,province,PROVINCE_CONTEXT_ONLY,1.7034068136272542,,False,0.0,CONTEXT_ONLY_NOT_CALIBRATED
568,ro67,서천,춘장대해수욕장,sea,40.0,G05,충청남도|서천군,충청남도,municipality,UNIQUE_MUNICIPALITY_ALIAS,0.06318944194695697,15.948275862068966,False,0.0,CONTEXT_ONLY_NOT_CALIBRATED
569,ro68,여수,여수낭만포차거리,food,50.0,G01,전남광주통합특별시|여수시,전남광주통합특별시,municipality,UNIQUE_MUNICIPALITY_ALIAS,0.3432013728054912,62.93103448275862,True,0.0,CONTEXT_ONLY_NOT_CALIBRATED
570,ro69,목포,목포동부시장,food,50.0,G01,전남광주통합특별시|목포시,전남광주통합특별시,municipality,UNIQUE_MUNICIPALITY_ALIAS,0.2596010384041536,53.01724137931034,True,0.0,CONTEXT_ONLY_NOT_CALIBRATED
571,ro70,양양,하조대전망대,activity,90.0,G03,강원특별자치도|양양군,강원특별자치도,municipality,UNIQUE_MUNICIPALITY_ALIAS,0.1442885771543086,37.06896551724138,False,0.0,CONTEXT_ONLY_NOT_CALIBRATED
572,ro71,목포,목포북항,sea,40.0,G05,전남광주통합특별시|목포시,전남광주통합특별시,municipality,UNIQUE_MUNICIPALITY_ALIAS,0.2596010384041536,53.01724137931034,True,0.0,CONTEXT_ONLY_NOT_CALIBRATED
573,ro72,부산,기장시장,food,50.0,G01,부산광역시,부산광역시,province,PROVINCE_CONTEXT_ONLY,6.4128256513026045,,False,0.0,CONTEXT_ONLY_NOT_CALIBRATED
574,ro73,삼척,부일막국수,food,50.0,G01,강원특별자치도|삼척시,강원특별자치도,municipality,UNIQUE_MUNICIPALITY_ALIAS,0.09619238476953906,26.724137931034484,False,0.0,CONTEXT_ONLY_NOT_CALIBRATED
575,ro74,목포,커피창고로,food,50.0,G01,전남광주통합특별시|목포시,전남광주통합특별시,municipality,UNIQUE_MUNICIPALITY_ALIAS,0.2596010384041536,53.01724137931034,True,0.0,CONTEXT_ONLY_NOT_CALIBRATED
576,ro75,태안,딴뚝통나무집식당,food,50.0,G01,충청남도|태안군,충청남도,municipality,UNIQUE_MUNICIPALITY_ALIAS,0.16499465397260984,41.37931034482759,False,0.0,CONTEXT_ONLY_NOT_CALIBRATED
577,ro76,태안,덕수식당,food,50.0,G01,충청남도|태안군,충청남도,municipality,UNIQUE_MUNICIPALITY_ALIAS,0.16499465397260984,41.37931034482759,False,0.0,CONTEXT_ONLY_NOT_CALIBRATED
578,ro77,서울,토속촌삼계탕,food,50.0,G01,서울특별시,서울특별시,province,PROVINCE_CONTEXT_ONLY,29.058116232464926,,False,0.0,CONTEXT_ONLY_NOT_CALIBRATED
579,ro78,통영,수륙해수욕장,sea,40.0,G05,경상남도|통영시,경상남도,municipality,UNIQUE_MUNICIPALITY_ALIAS,0.13326653306613226,35.3448275862069,False,0.0,CONTEXT_ONLY_NOT_CALIBRATED
580,ro79,사천,삼천포항,sea,40.0,G05,경상남도|사천시,경상남도,municipality,UNIQUE_MUNICIPALITY_ALIAS,0.17895791583166332,44.827586206896555,False,0.0,CONTEXT_ONLY_NOT_CALIBRATED
581,ro80,울진,덕구온천스파월드,heal,60.0,G04,경상북도|울진군,경상북도,municipality,UNIQUE_MUNICIPALITY_ALIAS,0.0720722163607935,18.53448275862069,False,0.0,CONTEXT_ONLY_NOT_CALIBRATED
582,ro81,여수,여수수산시장,food,50.0,G01,전남광주통합특별시|여수시,전남광주통합특별시,municipality,UNIQUE_MUNICIPALITY_ALIAS,0.3432013728054912,62.93103448275862,True,0.0,CONTEXT_ONLY_NOT_CALIBRATED
583,ro82,사천,남일대해수욕장,sea,40.0,G05,경상남도|사천시,경상남도,municipality,UNIQUE_MUNICIPALITY_ALIAS,0.17895791583166332,44.827586206896555,False,0.0,CONTEXT_ONLY_NOT_CALIBRATED
584,ro83,삼척,삼고정문,food,50.0,G01,강원특별자치도|삼척시,강원특별자치도,municipality,UNIQUE_MUNICIPALITY_ALIAS,0.09619238476953906,26.724137931034484,False,0.0,CONTEXT_ONLY_NOT_CALIBRATED
585,ro84,영월,영월소금빵,food,50.0,G01,강원특별자치도|영월군,강원특별자치도,municipality,UNIQUE_MUNICIPALITY_ALIAS,0.06412825651302605,16.379310344827587,False,0.0,CONTEXT_ONLY_NOT_CALIBRATED
586,ro85,여수,꽃돌게장1번가,food,50.0,G01,전남광주통합특별시|여수시,전남광주통합특별시,municipality,UNIQUE_MUNICIPALITY_ALIAS,0.3432013728054912,62.93103448275862,True,0.0,CONTEXT_ONLY_NOT_CALIBRATED
587,ro86,당진,로드1950카페,food,50.0,G01,충청남도|당진시,충청남도,municipality,UNIQUE_MUNICIPALITY_ALIAS,0.3194577342873935,60.3448275862069,False,0.0,CONTEXT_ONLY_NOT_CALIBRATED
588,ro87,제주,스타벅스 더제주송당파크R점,food,50.0,G01,제주특별자치도,제주특별자치도,province,PROVINCE_CONTEXT_ONLY,1.7034068136272542,,False,0.0,CONTEXT_ONLY_NOT_CALIBRATED
589,ro88,거제,정글돔풀빌라앤글램핑,activity,90.0,G03,경상남도|거제시,경상남도,municipality,UNIQUE_MUNICIPALITY_ALIAS,0.16753507014028057,42.241379310344826,False,0.0,CONTEXT_ONLY_NOT_CALIBRATED
590,ro89,동해,어달해변,sea,40.0,G05,강원특별자치도|동해시,강원특별자치도,municipality,UNIQUE_MUNICIPALITY_ALIAS,0.1346693386773547,36.206896551724135,False,0.0,CONTEXT_ONLY_NOT_CALIBRATED
591,ro90,목포,유달산조각공원,heal,60.0,G04,전남광주통합특별시|목포시,전남광주통합특별시,municipality,UNIQUE_MUNICIPALITY_ALIAS,0.2596010384041536,53.01724137931034,True,0.0,CONTEXT_ONLY_NOT_CALIBRATED
592,ro91,춘천,춘천교육대학교 행정본관,herit,60.0,G08,강원특별자치도|춘천시,강원특별자치도,municipality,UNIQUE_MUNICIPALITY_ALIAS,0.3687374749498998,63.793103448275865,False,0.0,CONTEXT_ONLY_NOT_CALIBRATED
593,ro92,논산,반야사,herit,60.0,G08,충청남도|논산시,충청남도,municipality,UNIQUE_MUNICIPALITY_ALIAS,0.16850517852521854,42.88793103448276,False,0.0,CONTEXT_ONLY_NOT_CALIBRATED
594,ro93,보령,상화원,heal,60.0,G04,충청남도|보령시,충청남도,municipality,UNIQUE_MUNICIPALITY_ALIAS,0.15095255576217495,38.793103448275865,False,0.0,CONTEXT_ONLY_NOT_CALIBRATED
595,ro94,부안,곰소항,sea,40.0,G05,전북특별자치도|부안군,전북특별자치도,municipality,UNIQUE_MUNICIPALITY_ALIAS,0.09478957915831662,25.862068965517242,False,0.0,CONTEXT_ONLY_NOT_CALIBRATED
596,ro95,통영,동피랑전복마을,food,50.0,G01,경상남도|통영시,경상남도,municipality,UNIQUE_MUNICIPALITY_ALIAS,0.13326653306613226,35.3448275862069,False,0.0,CONTEXT_ONLY_NOT_CALIBRATED
597,ro96,함안,함안연꽃테마파크,heal,60.0,G04,경상남도|함안군,경상남도,municipality,UNIQUE_MUNICIPALITY_ALIAS,0.17134268537074146,43.96551724137931,False,0.0,CONTEXT_ONLY_NOT_CALIBRATED
598,ro97,속초,등대해수욕장,sea,40.0,G05,강원특별자치도|속초시,강원특별자치도,municipality,UNIQUE_MUNICIPALITY_ALIAS,0.38797595190380757,65.51724137931035,False,0.0,CONTEXT_ONLY_NOT_CALIBRATED
599,ro98,고성(강원),건봉사,herit,60.0,G08,강원특별자치도|고성군,강원특별자치도,municipality,EXPLICIT_PARENT_ALIAS,0.10260521042084167,29.74137931034483,False,0.0,CONTEXT_ONLY_NOT_CALIBRATED
600,ro99,양양,양양전통시장,food,50.0,G01,강원특별자치도|양양군,강원특별자치도,municipality,UNIQUE_MUNICIPALITY_ALIAS,0.1442885771543086,37.06896551724138,False,0.0,CONTEXT_ONLY_NOT_CALIBRATED
601,ro100,서천,서천특화시장임시상설시장,food,50.0,G01,충청남도|서천군,충청남도,municipality,UNIQUE_MUNICIPALITY_ALIAS,0.06318944194695697,15.948275862068966,False,0.0,CONTEXT_ONLY_NOT_CALIBRATED
602,ro101,춘천,산토리니,food,50.0,G01,강원특별자치도|춘천시,강원특별자치도,municipality,UNIQUE_MUNICIPALITY_ALIAS,0.3687374749498998,63.793103448275865,False,0.0,CONTEXT_ONLY_NOT_CALIBRATED
603,ro102,부산,모모스 영도 로스터리&커피바,food,50.0,G01,부산광역시,부산광역시,province,PROVINCE_CONTEXT_ONLY,6.4128256513026045,,False,0.0,CONTEXT_ONLY_NOT_CALIBRATED
604,ro103,거제,거제씨월드,activity,90.0,G03,경상남도|거제시,경상남도,municipality,UNIQUE_MUNICIPALITY_ALIAS,0.16753507014028057,42.241379310344826,False,0.0,CONTEXT_ONLY_NOT_CALIBRATED
605,ro104,거제,조선해양문화관,herit,60.0,G08,경상남도|거제시,경상남도,municipality,UNIQUE_MUNICIPALITY_ALIAS,0.16753507014028057,42.241379310344826,False,0.0,CONTEXT_ONLY_NOT_CALIBRATED
606,ro105,거제,지세포항,sea,40.0,G05,경상남도|거제시,경상남도,municipality,UNIQUE_MUNICIPALITY_ALIAS,0.16753507014028057,42.241379310344826,False,0.0,CONTEXT_ONLY_NOT_CALIBRATED
607,ro106,영월,영월 고씨굴,heal,60.0,G04,강원특별자치도|영월군,강원특별자치도,municipality,UNIQUE_MUNICIPALITY_ALIAS,0.06412825651302605,16.379310344827587,False,0.0,CONTEXT_ONLY_NOT_CALIBRATED
608,ro107,군산,군산수산물종합센터,food,50.0,G01,전북특별자치도|군산시,전북특별자치도,municipality,UNIQUE_MUNICIPALITY_ALIAS,0.3571142284569138,63.36206896551724,False,0.0,CONTEXT_ONLY_NOT_CALIBRATED
609,ro108,영덕,옥계계곡,sea,40.0,G05,경상북도|영덕군,경상북도,municipality,UNIQUE_MUNICIPALITY_ALIAS,0.10090110290511091,29.310344827586206,False,0.0,CONTEXT_ONLY_NOT_CALIBRATED
610,ro109,영덕,동광어시장,food,50.0,G01,경상북도|영덕군,경상북도,municipality,UNIQUE_MUNICIPALITY_ALIAS,0.10090110290511091,29.310344827586206,False,0.0,CONTEXT_ONLY_NOT_CALIBRATED
611,ro110,공주,대한불교조계종 동학사,herit,60.0,G08,충청남도|공주시,충청남도,municipality,UNIQUE_MUNICIPALITY_ALIAS,0.2808419642086976,55.60344827586207,False,0.0,CONTEXT_ONLY_NOT_CALIBRATED
612,ro111,제주,성이시돌목장,heal,60.0,G04,제주특별자치도,제주특별자치도,province,PROVINCE_CONTEXT_ONLY,1.7034068136272542,,False,0.0,CONTEXT_ONLY_NOT_CALIBRATED
613,ro112,제주,금능해수욕장,sea,40.0,G05,제주특별자치도,제주특별자치도,province,PROVINCE_CONTEXT_ONLY,1.7034068136272542,,False,0.0,CONTEXT_ONLY_NOT_CALIBRATED
614,ro113,사천,하주옥 진주냉면,food,50.0,G01,경상남도|사천시,경상남도,municipality,UNIQUE_MUNICIPALITY_ALIAS,0.17895791583166332,44.827586206896555,False,0.0,CONTEXT_ONLY_NOT_CALIBRATED
615,ro114,보령,바이더오,food,50.0,G01,충청남도|보령시,충청남도,municipality,UNIQUE_MUNICIPALITY_ALIAS,0.15095255576217495,38.793103448275865,False,0.0,CONTEXT_ONLY_NOT_CALIBRATED
616,ro115,양평,옥천냉면황해식당 본점,food,50.0,G01,경기도|양평군,경기도,municipality,UNIQUE_MUNICIPALITY_ALIAS,0.2462296709768584,51.508620689655174,False,0.0,CONTEXT_ONLY_NOT_CALIBRATED
617,ro118,경주,경주중앙시장,food,50.0,G01,경상북도|경주시,경상북도,municipality,UNIQUE_MUNICIPALITY_ALIAS,0.6234246715208639,80.17241379310344,False,0.0,CONTEXT_ONLY_NOT_CALIBRATED
618,ro119,양양,물치항,sea,40.0,G05,강원특별자치도|양양군,강원특별자치도,municipality,UNIQUE_MUNICIPALITY_ALIAS,0.1442885771543086,37.06896551724138,False,0.0,CONTEXT_ONLY_NOT_CALIBRATED
619,ro120,동해,묵호등대전망대,activity,90.0,G03,강원특별자치도|동해시,강원특별자치도,municipality,UNIQUE_MUNICIPALITY_ALIAS,0.1346693386773547,36.206896551724135,False,0.0,CONTEXT_ONLY_NOT_CALIBRATED
620,ro121,인천,하나개해수욕장,sea,40.0,G05,인천광역시,인천광역시,province,PROVINCE_CONTEXT_ONLY,5.310621242484969,,True,0.0,CONTEXT_ONLY_NOT_CALIBRATED
621,ro122,공주,유구색동수국정원,heal,60.0,G04,충청남도|공주시,충청남도,municipality,UNIQUE_MUNICIPALITY_ALIAS,0.2808419642086976,55.60344827586207,False,0.0,CONTEXT_ONLY_NOT_CALIBRATED
622,ro123,보령,보령석탄박물관,herit,60.0,G08,충청남도|보령시,충청남도,municipality,UNIQUE_MUNICIPALITY_ALIAS,0.15095255576217495,38.793103448275865,False,0.0,CONTEXT_ONLY_NOT_CALIBRATED
623,ro124,부안,격포해수욕장,sea,40.0,G05,전북특별자치도|부안군,전북특별자치도,municipality,UNIQUE_MUNICIPALITY_ALIAS,0.09478957915831662,25.862068965517242,False,0.0,CONTEXT_ONLY_NOT_CALIBRATED
624,ro125,울진,국립해양과학관,herit,60.0,G08,경상북도|울진군,경상북도,municipality,UNIQUE_MUNICIPALITY_ALIAS,0.0720722163607935,18.53448275862069,False,0.0,CONTEXT_ONLY_NOT_CALIBRATED
625,ro126,부산,청사포방파제,sea,40.0,G05,부산광역시,부산광역시,province,PROVINCE_CONTEXT_ONLY,6.4128256513026045,,False,0.0,CONTEXT_ONLY_NOT_CALIBRATED
626,ro127,부산,황령산전망쉼터,activity,90.0,G03,부산광역시,부산광역시,province,PROVINCE_CONTEXT_ONLY,6.4128256513026045,,False,0.0,CONTEXT_ONLY_NOT_CALIBRATED
627,ro128,부산,반여농산물도매시장,food,50.0,G01,부산광역시,부산광역시,province,PROVINCE_CONTEXT_ONLY,6.4128256513026045,,False,0.0,CONTEXT_ONLY_NOT_CALIBRATED
628,ro129,경주,황남빵,food,50.0,G01,경상북도|경주시,경상북도,municipality,UNIQUE_MUNICIPALITY_ALIAS,0.6234246715208639,80.17241379310344,False,0.0,CONTEXT_ONLY_NOT_CALIBRATED
629,ro130,거제,하면옥 본점,food,50.0,G01,경상남도|거제시,경상남도,municipality,UNIQUE_MUNICIPALITY_ALIAS,0.16753507014028057,42.241379310344826,False,0.0,CONTEXT_ONLY_NOT_CALIBRATED
630,ro131,창원,동부회센타,food,50.0,G01,경상남도|창원시,경상남도,municipality,UNIQUE_MUNICIPALITY_ALIAS,1.2869739478957913,93.96551724137932,False,0.0,CONTEXT_ONLY_NOT_CALIBRATED
631,ro132,당진,우렁이박사,food,50.0,G01,충청남도|당진시,충청남도,municipality,UNIQUE_MUNICIPALITY_ALIAS,0.3194577342873935,60.3448275862069,False,0.0,CONTEXT_ONLY_NOT_CALIBRATED
632,ro133,태백,몽토랑,food,50.0,G01,강원특별자치도|태백시,강원특별자치도,municipality,UNIQUE_MUNICIPALITY_ALIAS,0.05771543086172345,15.086206896551724,False,0.0,CONTEXT_ONLY_NOT_CALIBRATED
633,ro134,제주,숙성도 중문점,food,50.0,G01,제주특별자치도,제주특별자치도,province,PROVINCE_CONTEXT_ONLY,1.7034068136272542,,False,0.0,CONTEXT_ONLY_NOT_CALIBRATED
634,ro135,거제,흥남해수욕장,sea,40.0,G05,경상남도|거제시,경상남도,municipality,UNIQUE_MUNICIPALITY_ALIAS,0.16753507014028057,42.241379310344826,False,0.0,CONTEXT_ONLY_NOT_CALIBRATED
635,ro136,양양,수산항,sea,40.0,G05,강원특별자치도|양양군,강원특별자치도,municipality,UNIQUE_MUNICIPALITY_ALIAS,0.1442885771543086,37.06896551724138,False,0.0,CONTEXT_ONLY_NOT_CALIBRATED
636,ro137,통영,스카이라인 루지 통영,activity,90.0,G03,경상남도|통영시,경상남도,municipality,UNIQUE_MUNICIPALITY_ALIAS,0.13326653306613226,35.3448275862069,False,0.0,CONTEXT_ONLY_NOT_CALIBRATED
637,ro138,여수,무슬목해수욕장,sea,40.0,G05,전남광주통합특별시|여수시,전남광주통합특별시,municipality,UNIQUE_MUNICIPALITY_ALIAS,0.3432013728054912,62.93103448275862,True,0.0,CONTEXT_ONLY_NOT_CALIBRATED
638,ro139,보성,율포해수욕장,sea,40.0,G05,전남광주통합특별시|보성군,전남광주통합특별시,municipality,UNIQUE_MUNICIPALITY_ALIAS,0.0572002288009152,14.224137931034482,True,0.0,CONTEXT_ONLY_NOT_CALIBRATED
639,ro140,고성(강원),송지호관망타워,activity,90.0,G03,강원특별자치도|고성군,강원특별자치도,municipality,EXPLICIT_PARENT_ALIAS,0.10260521042084167,29.74137931034483,False,0.0,CONTEXT_ONLY_NOT_CALIBRATED
640,ro141,당진,합덕제 수변공원,sea,40.0,G05,충청남도|당진시,충청남도,municipality,UNIQUE_MUNICIPALITY_ALIAS,0.3194577342873935,60.3448275862069,False,0.0,CONTEXT_ONLY_NOT_CALIBRATED
641,ro142,울진,망양정해수욕장,sea,40.0,G05,경상북도|울진군,경상북도,municipality,UNIQUE_MUNICIPALITY_ALIAS,0.0720722163607935,18.53448275862069,False,0.0,CONTEXT_ONLY_NOT_CALIBRATED
642,ro143,보령,성주산자연휴양림,heal,60.0,G04,충청남도|보령시,충청남도,municipality,UNIQUE_MUNICIPALITY_ALIAS,0.15095255576217495,38.793103448275865,False,0.0,CONTEXT_ONLY_NOT_CALIBRATED
643,ro144,보령,대천해수욕장 스카이바이크,activity,90.0,G03,충청남도|보령시,충청남도,municipality,UNIQUE_MUNICIPALITY_ALIAS,0.15095255576217495,38.793103448275865,False,0.0,CONTEXT_ONLY_NOT_CALIBRATED
644,ro145,울진,울진항,sea,40.0,G05,경상북도|울진군,경상북도,municipality,UNIQUE_MUNICIPALITY_ALIAS,0.0720722163607935,18.53448275862069,False,0.0,CONTEXT_ONLY_NOT_CALIBRATED
645,ro146,파주,임진각 평화누리공원,heal,60.0,G04,경기도|파주시,경기도,municipality,UNIQUE_MUNICIPALITY_ALIAS,0.7879349471259469,87.28448275862068,False,0.0,CONTEXT_ONLY_NOT_CALIBRATED
646,ro147,울진,구산해수욕장,sea,40.0,G05,경상북도|울진군,경상북도,municipality,UNIQUE_MUNICIPALITY_ALIAS,0.0720722163607935,18.53448275862069,False,0.0,CONTEXT_ONLY_NOT_CALIBRATED
647,ro148,서울,잠원한강공원,heal,60.0,G04,서울특별시,서울특별시,province,PROVINCE_CONTEXT_ONLY,29.058116232464926,,False,0.0,CONTEXT_ONLY_NOT_CALIBRATED
648,ro149,제주,아르떼뮤지엄 제주,herit,60.0,G08,제주특별자치도,제주특별자치도,province,PROVINCE_CONTEXT_ONLY,1.7034068136272542,,False,0.0,CONTEXT_ONLY_NOT_CALIBRATED
649,ro150,거제,온더선셋,food,50.0,G01,경상남도|거제시,경상남도,municipality,UNIQUE_MUNICIPALITY_ALIAS,0.16753507014028057,42.241379310344826,False,0.0,CONTEXT_ONLY_NOT_CALIBRATED
650,ro151,영월,박가네,food,50.0,G01,강원특별자치도|영월군,강원특별자치도,municipality,UNIQUE_MUNICIPALITY_ALIAS,0.06412825651302605,16.379310344827587,False,0.0,CONTEXT_ONLY_NOT_CALIBRATED
651,ro152,해남,해남소망식당 본점,food,50.0,G01,전남광주통합특별시|해남군,전남광주통합특별시,municipality,UNIQUE_MUNICIPALITY_ALIAS,0.066000264001056,17.24137931034483,True,0.0,CONTEXT_ONLY_NOT_CALIBRATED
652,ro153,보령,원산도명가식당,food,50.0,G01,충청남도|보령시,충청남도,municipality,UNIQUE_MUNICIPALITY_ALIAS,0.15095255576217495,38.793103448275865,False,0.0,CONTEXT_ONLY_NOT_CALIBRATED
653,ro154,인천,인천종합어시장,food,50.0,G01,인천광역시,인천광역시,province,PROVINCE_CONTEXT_ONLY,5.310621242484969,,True,0.0,CONTEXT_ONLY_NOT_CALIBRATED
654,ro155,부안,국립새만금간척박물관,herit,60.0,G08,전북특별자치도|부안군,전북특별자치도,municipality,UNIQUE_MUNICIPALITY_ALIAS,0.09478957915831662,25.862068965517242,False,0.0,CONTEXT_ONLY_NOT_CALIBRATED
655,ro156,원주,구룡사,herit,60.0,G08,강원특별자치도|원주시,강원특별자치도,municipality,UNIQUE_MUNICIPALITY_ALIAS,0.4809619238476953,71.55172413793103,False,0.0,CONTEXT_ONLY_NOT_CALIBRATED
656,ro157,보령,보령중앙시장,food,50.0,G01,충청남도|보령시,충청남도,municipality,UNIQUE_MUNICIPALITY_ALIAS,0.15095255576217495,38.793103448275865,False,0.0,CONTEXT_ONLY_NOT_CALIBRATED
657,ro158,해남,송호해수욕장,sea,40.0,G05,전남광주통합특별시|해남군,전남광주통합특별시,municipality,UNIQUE_MUNICIPALITY_ALIAS,0.066000264001056,17.24137931034483,True,0.0,CONTEXT_ONLY_NOT_CALIBRATED
658,ro159,고성(강원),하늬라벤더팜,heal,60.0,G04,강원특별자치도|고성군,강원특별자치도,municipality,EXPLICIT_PARENT_ALIAS,0.10260521042084167,29.74137931034483,False,0.0,CONTEXT_ONLY_NOT_CALIBRATED
659,ro160,서울,전쟁기념관,herit,60.0,G08,서울특별시,서울특별시,province,PROVINCE_CONTEXT_ONLY,29.058116232464926,,False,0.0,CONTEXT_ONLY_NOT_CALIBRATED
660,ro161,경주,맷돌순두부,food,50.0,G01,경상북도|경주시,경상북도,municipality,UNIQUE_MUNICIPALITY_ALIAS,0.6234246715208639,80.17241379310344,False,0.0,CONTEXT_ONLY_NOT_CALIBRATED
661,ro162,진주,송기원 진주냉면 본점,food,50.0,G01,경상남도|진주시,경상남도,municipality,UNIQUE_MUNICIPALITY_ALIAS,0.2284569138276553,49.13793103448276,False,0.0,CONTEXT_ONLY_NOT_CALIBRATED
662,ro163,목포,코롬방제과점,food,50.0,G01,전남광주통합특별시|목포시,전남광주통합특별시,municipality,UNIQUE_MUNICIPALITY_ALIAS,0.2596010384041536,53.01724137931034,True,0.0,CONTEXT_ONLY_NOT_CALIBRATED
663,ro164,공주,곰골식당,food,50.0,G01,충청남도|공주시,충청남도,municipality,UNIQUE_MUNICIPALITY_ALIAS,0.2808419642086976,55.60344827586207,False,0.0,CONTEXT_ONLY_NOT_CALIBRATED
664,ro165,이천,경춘당Bakery&Brunch카페,food,50.0,G01,경기도|이천시,경기도,municipality,UNIQUE_MUNICIPALITY_ALIAS,0.5663282432467742,76.9396551724138,False,0.0,CONTEXT_ONLY_NOT_CALIBRATED
665,ro166,경주,경주 감은사지동서삼층석탑,herit,60.0,G08,경상북도|경주시,경상북도,municipality,UNIQUE_MUNICIPALITY_ALIAS,0.6234246715208639,80.17241379310344,False,0.0,CONTEXT_ONLY_NOT_CALIBRATED
666,ro167,창원,용원어시장,food,50.0,G01,경상남도|창원시,경상남도,municipality,UNIQUE_MUNICIPALITY_ALIAS,1.2869739478957913,93.96551724137932,False,0.0,CONTEXT_ONLY_NOT_CALIBRATED
667,ro168,제천,제천중앙시장,food,50.0,G01,충청북도|제천시,충청북도,municipality,UNIQUE_MUNICIPALITY_ALIAS,0.21371414156985294,47.8448275862069,False,0.0,CONTEXT_ONLY_NOT_CALIBRATED
668,ro169,동해,도째비골 해랑전망대,activity,90.0,G03,강원특별자치도|동해시,강원특별자치도,municipality,UNIQUE_MUNICIPALITY_ALIAS,0.1346693386773547,36.206896551724135,False,0.0,CONTEXT_ONLY_NOT_CALIBRATED
669,ro170,함안,능가사,herit,60.0,G08,경상남도|함안군,경상남도,municipality,UNIQUE_MUNICIPALITY_ALIAS,0.17134268537074146,43.96551724137931,False,0.0,CONTEXT_ONLY_NOT_CALIBRATED
670,ro171,목포,연희네슈퍼,activity,90.0,G03,전남광주통합특별시|목포시,전남광주통합특별시,municipality,UNIQUE_MUNICIPALITY_ALIAS,0.2596010384041536,53.01724137931034,True,0.0,CONTEXT_ONLY_NOT_CALIBRATED
671,ro172,울산,자수정동굴나라,heal,60.0,G04,울산광역시,울산광역시,province,PROVINCE_CONTEXT_ONLY,1.5030060120240478,,False,0.0,CONTEXT_ONLY_NOT_CALIBRATED
672,ro173,서천,장항스카이워크,activity,90.0,G03,충청남도|서천군,충청남도,municipality,UNIQUE_MUNICIPALITY_ALIAS,0.06318944194695697,15.948275862068966,False,0.0,CONTEXT_ONLY_NOT_CALIBRATED
673,ro174,서산,서산한우목장 웰빙산책로,heal,60.0,G04,충청남도|서산시,충청남도,municipality,UNIQUE_MUNICIPALITY_ALIAS,0.1965893749460883,46.98275862068966,False,0.0,CONTEXT_ONLY_NOT_CALIBRATED
674,ro175,제천,제천경찰수련원,activity,90.0,G03,충청북도|제천시,충청북도,municipality,UNIQUE_MUNICIPALITY_ALIAS,0.21371414156985294,47.8448275862069,False,0.0,CONTEXT_ONLY_NOT_CALIBRATED
675,ro176,창원,창원NC파크,activity,90.0,G03,경상남도|창원시,경상남도,municipality,UNIQUE_MUNICIPALITY_ALIAS,1.2869739478957913,93.96551724137932,False,0.0,CONTEXT_ONLY_NOT_CALIBRATED
676,ro177,부산,동백섬,sea,40.0,G05,부산광역시,부산광역시,province,PROVINCE_CONTEXT_ONLY,6.4128256513026045,,False,0.0,CONTEXT_ONLY_NOT_CALIBRATED
677,ro178,제주,제주아트서커스,activity,90.0,G03,제주특별자치도,제주특별자치도,province,PROVINCE_CONTEXT_ONLY,1.7034068136272542,,False,0.0,CONTEXT_ONLY_NOT_CALIBRATED
678,ro179,남해,남해전복물회,food,50.0,G01,경상남도|남해군,경상남도,municipality,UNIQUE_MUNICIPALITY_ALIAS,0.07234468937875752,19.18103448275862,False,0.0,CONTEXT_ONLY_NOT_CALIBRATED
679,ro180,공주,부자떡집,food,50.0,G01,충청남도|공주시,충청남도,municipality,UNIQUE_MUNICIPALITY_ALIAS,0.2808419642086976,55.60344827586207,False,0.0,CONTEXT_ONLY_NOT_CALIBRATED
680,ro181,남해,힙한식 (2026년 9월 이전예정),food,50.0,G01,경상남도|남해군,경상남도,municipality,UNIQUE_MUNICIPALITY_ALIAS,0.07234468937875752,19.18103448275862,False,0.0,CONTEXT_ONLY_NOT_CALIBRATED
681,ro182,남양주,팔당초계국수 본점,food,50.0,G01,경기도|남양주시,경기도,municipality,UNIQUE_MUNICIPALITY_ALIAS,0.8864268155166903,88.79310344827586,False,0.0,CONTEXT_ONLY_NOT_CALIBRATED
682,ro183,울산,언양기와집불고기,food,50.0,G01,울산광역시,울산광역시,province,PROVINCE_CONTEXT_ONLY,1.5030060120240478,,False,0.0,CONTEXT_ONLY_NOT_CALIBRATED
683,ro184,해남,해남고구마빵 피낭시에,food,50.0,G01,전남광주통합특별시|해남군,전남광주통합특별시,municipality,UNIQUE_MUNICIPALITY_ALIAS,0.066000264001056,17.24137931034483,True,0.0,CONTEXT_ONLY_NOT_CALIBRATED
684,ro185,부안,슬지제빵소,food,50.0,G01,전북특별자치도|부안군,전북특별자치도,municipality,UNIQUE_MUNICIPALITY_ALIAS,0.09478957915831662,25.862068965517242,False,0.0,CONTEXT_ONLY_NOT_CALIBRATED
685,ro186,양양,낙산 바람꽃해녀마을,food,50.0,G01,강원특별자치도|양양군,강원특별자치도,municipality,UNIQUE_MUNICIPALITY_ALIAS,0.1442885771543086,37.06896551724138,False,0.0,CONTEXT_ONLY_NOT_CALIBRATED
686,ro187,원주,까치둥지,food,50.0,G01,강원특별자치도|원주시,강원특별자치도,municipality,UNIQUE_MUNICIPALITY_ALIAS,0.4809619238476953,71.55172413793103,False,0.0,CONTEXT_ONLY_NOT_CALIBRATED
687,ro188,영월,장릉,herit,60.0,G08,강원특별자치도|영월군,강원특별자치도,municipality,UNIQUE_MUNICIPALITY_ALIAS,0.06412825651302605,16.379310344827587,False,0.0,CONTEXT_ONLY_NOT_CALIBRATED
688,ro189,태백,태백석탄박물관,herit,60.0,G08,강원특별자치도|태백시,강원특별자치도,municipality,UNIQUE_MUNICIPALITY_ALIAS,0.05771543086172345,15.086206896551724,False,0.0,CONTEXT_ONLY_NOT_CALIBRATED
689,ro190,태백,용연동굴,heal,60.0,G04,강원특별자치도|태백시,강원특별자치도,municipality,UNIQUE_MUNICIPALITY_ALIAS,0.05771543086172345,15.086206896551724,False,0.0,CONTEXT_ONLY_NOT_CALIBRATED
690,ro191,태백,황지공원 황지연못,sea,40.0,G05,강원특별자치도|태백시,강원특별자치도,municipality,UNIQUE_MUNICIPALITY_ALIAS,0.05771543086172345,15.086206896551724,False,0.0,CONTEXT_ONLY_NOT_CALIBRATED
691,ro192,여수,국동항,sea,40.0,G05,전남광주통합특별시|여수시,전남광주통합특별시,municipality,UNIQUE_MUNICIPALITY_ALIAS,0.3432013728054912,62.93103448275862,True,0.0,CONTEXT_ONLY_NOT_CALIBRATED
692,ro193,목포,고하도전망대,activity,90.0,G03,전남광주통합특별시|목포시,전남광주통합특별시,municipality,UNIQUE_MUNICIPALITY_ALIAS,0.2596010384041536,53.01724137931034,True,0.0,CONTEXT_ONLY_NOT_CALIBRATED
693,ro194,남해,남해전통시장,food,50.0,G01,경상남도|남해군,경상남도,municipality,UNIQUE_MUNICIPALITY_ALIAS,0.07234468937875752,19.18103448275862,False,0.0,CONTEXT_ONLY_NOT_CALIBRATED
694,ro195,함안,함안말이산고분군,herit,60.0,G08,경상남도|함안군,경상남도,municipality,UNIQUE_MUNICIPALITY_ALIAS,0.17134268537074146,43.96551724137931,False,0.0,CONTEXT_ONLY_NOT_CALIBRATED
695,ro196,부여,사랑나무돈까스,activity,90.0,G03,충청남도|부여군,충청남도,municipality,UNIQUE_MUNICIPALITY_ALIAS,0.12286835934130522,33.4051724137931,False,0.0,CONTEXT_ONLY_NOT_CALIBRATED
696,ro197,남해,물미해안전망대,activity,90.0,G03,경상남도|남해군,경상남도,municipality,UNIQUE_MUNICIPALITY_ALIAS,0.07234468937875752,19.18103448275862,False,0.0,CONTEXT_ONLY_NOT_CALIBRATED
697,ro198,공주,무령왕릉,herit,60.0,G08,충청남도|공주시,충청남도,municipality,UNIQUE_MUNICIPALITY_ALIAS,0.2808419642086976,55.60344827586207,False,0.0,CONTEXT_ONLY_NOT_CALIBRATED
698,ro199,당진,면천읍성,herit,60.0,G08,충청남도|당진시,충청남도,municipality,UNIQUE_MUNICIPALITY_ALIAS,0.3194577342873935,60.3448275862069,False,0.0,CONTEXT_ONLY_NOT_CALIBRATED
699,ro200,예산,예당저수지,sea,40.0,G05,충청남도|예산군,충청남도,municipality,UNIQUE_MUNICIPALITY_ALIAS,0.16850517852521854,42.88793103448276,False,0.0,CONTEXT_ONLY_NOT_CALIBRATED
700,ro201,논산,논산선샤인랜드,activity,90.0,G03,충청남도|논산시,충청남도,municipality,UNIQUE_MUNICIPALITY_ALIAS,0.16850517852521854,42.88793103448276,False,0.0,CONTEXT_ONLY_NOT_CALIBRATED
701,ro202,군산,몽돌해변,sea,40.0,G05,전북특별자치도|군산시,전북특별자치도,municipality,UNIQUE_MUNICIPALITY_ALIAS,0.3571142284569138,63.36206896551724,False,0.0,CONTEXT_ONLY_NOT_CALIBRATED
702,ro203,논산,명재고택,herit,60.0,G08,충청남도|논산시,충청남도,municipality,UNIQUE_MUNICIPALITY_ALIAS,0.16850517852521854,42.88793103448276,False,0.0,CONTEXT_ONLY_NOT_CALIBRATED
703,ro204,파주,보광사 대웅보전,herit,60.0,G08,경기도|파주시,경기도,municipality,UNIQUE_MUNICIPALITY_ALIAS,0.7879349471259469,87.28448275862068,False,0.0,CONTEXT_ONLY_NOT_CALIBRATED
704,ro205,남양주,빛터널공원,heal,60.0,G04,경기도|남양주시,경기도,municipality,UNIQUE_MUNICIPALITY_ALIAS,0.8864268155166903,88.79310344827586,False,0.0,CONTEXT_ONLY_NOT_CALIBRATED
705,ro206,평창,광천선굴 어드벤처 테마파크,heal,60.0,G04,강원특별자치도|평창군,강원특별자치도,municipality,UNIQUE_MUNICIPALITY_ALIAS,0.18917835671342684,46.12068965517241,False,0.0,CONTEXT_ONLY_NOT_CALIBRATED
706,ro207,고창,고창 세계유산 고인돌박물관,herit,60.0,G08,전북특별자치도|고창군,전북특별자치도,municipality,UNIQUE_MUNICIPALITY_ALIAS,0.07715430861723448,21.120689655172413,False,0.0,CONTEXT_ONLY_NOT_CALIBRATED
707,ro208,서울,양화한강공원,heal,60.0,G04,서울특별시,서울특별시,province,PROVINCE_CONTEXT_ONLY,29.058116232464926,,False,0.0,CONTEXT_ONLY_NOT_CALIBRATED
708,ro209,제주,원앙폭포,sea,40.0,G05,제주특별자치도,제주특별자치도,province,PROVINCE_CONTEXT_ONLY,1.7034068136272542,,False,0.0,CONTEXT_ONLY_NOT_CALIBRATED
709,ro210,제주,법환포구,sea,40.0,G05,제주특별자치도,제주특별자치도,province,PROVINCE_CONTEXT_ONLY,1.7034068136272542,,False,0.0,CONTEXT_ONLY_NOT_CALIBRATED
710,ro211,영덕,나비산기사식당,food,50.0,G01,경상북도|영덕군,경상북도,municipality,UNIQUE_MUNICIPALITY_ALIAS,0.10090110290511091,29.310344827586206,False,0.0,CONTEXT_ONLY_NOT_CALIBRATED
711,ro212,동해,황정숙막국수,food,50.0,G01,강원특별자치도|동해시,강원특별자치도,municipality,UNIQUE_MUNICIPALITY_ALIAS,0.1346693386773547,36.206896551724135,False,0.0,CONTEXT_ONLY_NOT_CALIBRATED
712,ro213,양양,영광정메밀국수,food,50.0,G01,강원특별자치도|양양군,강원특별자치도,municipality,UNIQUE_MUNICIPALITY_ALIAS,0.1442885771543086,37.06896551724138,False,0.0,CONTEXT_ONLY_NOT_CALIBRATED
713,ro214,인천,메이드림,food,50.0,G01,인천광역시,인천광역시,province,PROVINCE_CONTEXT_ONLY,5.310621242484969,,True,0.0,CONTEXT_ONLY_NOT_CALIBRATED
714,ro215,담양,베비에르밀팩토리,food,50.0,G01,전남광주통합특별시|담양군,전남광주통합특별시,municipality,UNIQUE_MUNICIPALITY_ALIAS,0.1056004224016896,30.603448275862068,True,0.0,CONTEXT_ONLY_NOT_CALIBRATED
715,ro216,논산,반월소바,food,50.0,G01,충청남도|논산시,충청남도,municipality,UNIQUE_MUNICIPALITY_ALIAS,0.16850517852521854,42.88793103448276,False,0.0,CONTEXT_ONLY_NOT_CALIBRATED
716,ro217,동해,감추해변,sea,40.0,G05,강원특별자치도|동해시,강원특별자치도,municipality,UNIQUE_MUNICIPALITY_ALIAS,0.1346693386773547,36.206896551724135,False,0.0,CONTEXT_ONLY_NOT_CALIBRATED
717,ro218,진주,진주남강유등전시관,herit,60.0,G08,경상남도|진주시,경상남도,municipality,UNIQUE_MUNICIPALITY_ALIAS,0.2284569138276553,49.13793103448276,False,0.0,CONTEXT_ONLY_NOT_CALIBRATED
718,ro219,인천,인천항 연안부두,sea,40.0,G05,인천광역시,인천광역시,province,PROVINCE_CONTEXT_ONLY,5.310621242484969,,True,0.0,CONTEXT_ONLY_NOT_CALIBRATED
719,ro220,장흥,정남진장흥토요시장,food,50.0,G01,전남광주통합특별시|장흥군,전남광주통합특별시,municipality,UNIQUE_MUNICIPALITY_ALIAS,0.035200140800563204,7.327586206896552,True,0.0,CONTEXT_ONLY_NOT_CALIBRATED
720,ro221,사천,아라마루 아쿠아리움,activity,90.0,G03,경상남도|사천시,경상남도,municipality,UNIQUE_MUNICIPALITY_ALIAS,0.17895791583166332,44.827586206896555,False,0.0,CONTEXT_ONLY_NOT_CALIBRATED
721,ro222,부여,정림사지5층석탑,herit,60.0,G08,충청남도|부여군,충청남도,municipality,UNIQUE_MUNICIPALITY_ALIAS,0.12286835934130522,33.4051724137931,False,0.0,CONTEXT_ONLY_NOT_CALIBRATED
722,ro223,가평,국립유명산자연휴양림,heal,60.0,G04,경기도|가평군,경기도,municipality,UNIQUE_MUNICIPALITY_ALIAS,0.27085263807454424,54.741379310344826,False,0.0,CONTEXT_ONLY_NOT_CALIBRATED
723,ro224,부안,고사포해수욕장,sea,40.0,G05,전북특별자치도|부안군,전북특별자치도,municipality,UNIQUE_MUNICIPALITY_ALIAS,0.09478957915831662,25.862068965517242,False,0.0,CONTEXT_ONLY_NOT_CALIBRATED
724,ro225,양평,황순원문학촌 소나기마을,herit,60.0,G08,경기도|양평군,경기도,municipality,UNIQUE_MUNICIPALITY_ALIAS,0.2462296709768584,51.508620689655174,False,0.0,CONTEXT_ONLY_NOT_CALIBRATED
725,ro226,부산,해운대달맞이길,activity,90.0,G03,부산광역시,부산광역시,province,PROVINCE_CONTEXT_ONLY,6.4128256513026045,,False,0.0,CONTEXT_ONLY_NOT_CALIBRATED
726,ro227,원주,미로예술 원주중앙시장,food,50.0,G01,강원특별자치도|원주시,강원특별자치도,municipality,UNIQUE_MUNICIPALITY_ALIAS,0.4809619238476953,71.55172413793103,False,0.0,CONTEXT_ONLY_NOT_CALIBRATED
727,ro228,동해,거동탕수육,food,50.0,G01,강원특별자치도|동해시,강원특별자치도,municipality,UNIQUE_MUNICIPALITY_ALIAS,0.1346693386773547,36.206896551724135,False,0.0,CONTEXT_ONLY_NOT_CALIBRATED
728,ro229,평창,평창한우마을 대관령,food,50.0,G01,강원특별자치도|평창군,강원특별자치도,municipality,UNIQUE_MUNICIPALITY_ALIAS,0.18917835671342684,46.12068965517241,False,0.0,CONTEXT_ONLY_NOT_CALIBRATED
729,ro230,대구,리안,food,50.0,G01,대구광역시,대구광역시,province,PROVINCE_CONTEXT_ONLY,3.707414829659318,,False,0.0,CONTEXT_ONLY_NOT_CALIBRATED
730,ro231,평창,부일식당,food,50.0,G01,강원특별자치도|평창군,강원특별자치도,municipality,UNIQUE_MUNICIPALITY_ALIAS,0.18917835671342684,46.12068965517241,False,0.0,CONTEXT_ONLY_NOT_CALIBRATED
731,ro232,인천,황해 해물칼국수 본점,food,50.0,G01,인천광역시,인천광역시,province,PROVINCE_CONTEXT_ONLY,5.310621242484969,,True,0.0,CONTEXT_ONLY_NOT_CALIBRATED
732,ro233,예산,소복갈비,food,50.0,G01,충청남도|예산군,충청남도,municipality,UNIQUE_MUNICIPALITY_ALIAS,0.16850517852521854,42.88793103448276,False,0.0,CONTEXT_ONLY_NOT_CALIBRATED
733,ro234,진주,진주냉면산홍 본점,food,50.0,G01,경상남도|진주시,경상남도,municipality,UNIQUE_MUNICIPALITY_ALIAS,0.2284569138276553,49.13793103448276,False,0.0,CONTEXT_ONLY_NOT_CALIBRATED
734,ro235,고창,북경반점,food,50.0,G01,전북특별자치도|고창군,전북특별자치도,municipality,UNIQUE_MUNICIPALITY_ALIAS,0.07715430861723448,21.120689655172413,False,0.0,CONTEXT_ONLY_NOT_CALIBRATED
735,ro236,군산,한일옥,food,50.0,G01,전북특별자치도|군산시,전북특별자치도,municipality,UNIQUE_MUNICIPALITY_ALIAS,0.3571142284569138,63.36206896551724,False,0.0,CONTEXT_ONLY_NOT_CALIBRATED
736,ro237,부안,변산명인바지락죽,food,50.0,G01,전북특별자치도|부안군,전북특별자치도,municipality,UNIQUE_MUNICIPALITY_ALIAS,0.09478957915831662,25.862068965517242,False,0.0,CONTEXT_ONLY_NOT_CALIBRATED
737,ro238,고양,일산칼국수 본점,food,50.0,G01,경기도|고양시,경기도,municipality,UNIQUE_MUNICIPALITY_ALIAS,2.166821104596354,97.41379310344827,False,0.0,CONTEXT_ONLY_NOT_CALIBRATED
738,ro239,영덕,보움,food,50.0,G01,경상북도|영덕군,경상북도,municipality,UNIQUE_MUNICIPALITY_ALIAS,0.10090110290511091,29.310344827586206,False,0.0,CONTEXT_ONLY_NOT_CALIBRATED
739,ro240,부산,풍원장시골밥상집,food,50.0,G01,부산광역시,부산광역시,province,PROVINCE_CONTEXT_ONLY,6.4128256513026045,,False,0.0,CONTEXT_ONLY_NOT_CALIBRATED
740,ro241,부산,피아크 카페엔베이커리,food,50.0,G01,부산광역시,부산광역시,province,PROVINCE_CONTEXT_ONLY,6.4128256513026045,,False,0.0,CONTEXT_ONLY_NOT_CALIBRATED
741,ro242,경주,송대말등대,activity,90.0,G03,경상북도|경주시,경상북도,municipality,UNIQUE_MUNICIPALITY_ALIAS,0.6234246715208639,80.17241379310344,False,0.0,CONTEXT_ONLY_NOT_CALIBRATED
742,ro243,정선,강원네이처로드 5코스 만항재드라이브길,activity,90.0,G03,강원특별자치도|정선군,강원특별자치도,municipality,UNIQUE_MUNICIPALITY_ALIAS,0.09298597194388776,25.0,False,0.0,CONTEXT_ONLY_NOT_CALIBRATED
743,ro244,경주,나정고운모래해변,sea,40.0,G05,경상북도|경주시,경상북도,municipality,UNIQUE_MUNICIPALITY_ALIAS,0.6234246715208639,80.17241379310344,False,0.0,CONTEXT_ONLY_NOT_CALIBRATED
744,ro245,전주,전주덕진공원,heal,60.0,G04,전북특별자치도|전주시,전북특별자치도,municipality,UNIQUE_MUNICIPALITY_ALIAS,0.7384769539078156,86.20689655172414,False,0.0,CONTEXT_ONLY_NOT_CALIBRATED
745,ro246,통영,통영달아공원 달아전망대,activity,90.0,G03,경상남도|통영시,경상남도,municipality,UNIQUE_MUNICIPALITY_ALIAS,0.13326653306613226,35.3448275862069,False,0.0,CONTEXT_ONLY_NOT_CALIBRATED
746,ro247,철원,노동당사,herit,60.0,G08,강원특별자치도|철원군,강원특별자치도,municipality,UNIQUE_MUNICIPALITY_ALIAS,0.04168336673346693,9.913793103448276,False,0.0,CONTEXT_ONLY_NOT_CALIBRATED
747,ro248,철원,고석정국민관광지,activity,90.0,G03,강원특별자치도|철원군,강원특별자치도,municipality,UNIQUE_MUNICIPALITY_ALIAS,0.04168336673346693,9.913793103448276,False,0.0,CONTEXT_ONLY_NOT_CALIBRATED
748,ro249,산청,수선사,herit,60.0,G08,경상남도|산청군,경상남도,municipality,UNIQUE_MUNICIPALITY_ALIAS,0.07995991983967936,21.551724137931036,False,0.0,CONTEXT_ONLY_NOT_CALIBRATED
749,ro250,인천,국립인천해양박물관,herit,60.0,G08,인천광역시,인천광역시,province,PROVINCE_CONTEXT_ONLY,5.310621242484969,,True,0.0,CONTEXT_ONLY_NOT_CALIBRATED
750,ro251,목포,국립해양유산연구소,herit,60.0,G08,전남광주통합특별시|목포시,전남광주통합특별시,municipality,UNIQUE_MUNICIPALITY_ALIAS,0.2596010384041536,53.01724137931034,True,0.0,CONTEXT_ONLY_NOT_CALIBRATED
751,ro252,부안,소노벨변산 오션플레이,activity,90.0,G03,전북특별자치도|부안군,전북특별자치도,municipality,UNIQUE_MUNICIPALITY_ALIAS,0.09478957915831662,25.862068965517242,False,0.0,CONTEXT_ONLY_NOT_CALIBRATED
752,ro253,부여,정림사지박물관,herit,60.0,G08,충청남도|부여군,충청남도,municipality,UNIQUE_MUNICIPALITY_ALIAS,0.12286835934130522,33.4051724137931,False,0.0,CONTEXT_ONLY_NOT_CALIBRATED
753,ro254,고성,고성박물관,herit,60.0,G08,,,unresolved,AMBIGUOUS_NAME,,,False,0.0,CONTEXT_ONLY_NOT_CALIBRATED
754,ro255,군산,옥돌해변,sea,40.0,G05,전북특별자치도|군산시,전북특별자치도,municipality,UNIQUE_MUNICIPALITY_ALIAS,0.3571142284569138,63.36206896551724,False,0.0,CONTEXT_ONLY_NOT_CALIBRATED
755,ro256,부안,격포항 수산시장,food,50.0,G01,전북특별자치도|부안군,전북특별자치도,municipality,UNIQUE_MUNICIPALITY_ALIAS,0.09478957915831662,25.862068965517242,False,0.0,CONTEXT_ONLY_NOT_CALIBRATED
756,ro257,서산,대산항,sea,40.0,G05,충청남도|서산시,충청남도,municipality,UNIQUE_MUNICIPALITY_ALIAS,0.1965893749460883,46.98275862068966,False,0.0,CONTEXT_ONLY_NOT_CALIBRATED
757,ro258,밀양,얼음골,sea,40.0,G05,경상남도|밀양시,경상남도,municipality,UNIQUE_MUNICIPALITY_ALIAS,0.09899799599198397,28.448275862068964,False,0.0,CONTEXT_ONLY_NOT_CALIBRATED
758,ro259,고창,동호해수욕장,sea,40.0,G05,전북특별자치도|고창군,전북특별자치도,municipality,UNIQUE_MUNICIPALITY_ALIAS,0.07715430861723448,21.120689655172413,False,0.0,CONTEXT_ONLY_NOT_CALIBRATED
759,ro260,부산,태종대 전망대,activity,90.0,G03,부산광역시,부산광역시,province,PROVINCE_CONTEXT_ONLY,6.4128256513026045,,False,0.0,CONTEXT_ONLY_NOT_CALIBRATED
760,ro261,제주,한라산둘레길 사려니숲길,activity,90.0,G03,제주특별자치도,제주특별자치도,province,PROVINCE_CONTEXT_ONLY,1.7034068136272542,,False,0.0,CONTEXT_ONLY_NOT_CALIBRATED
761,ro262,안동,안동 간고등어 일직식당 직영점 예미정,food,50.0,G01,경상북도|안동시,경상북도,municipality,UNIQUE_MUNICIPALITY_ALIAS,0.16936970844786475,43.53448275862069,False,0.0,CONTEXT_ONLY_NOT_CALIBRATED
762,ro263,화순,미네랄하우스,food,50.0,G01,전남광주통합특별시|화순군,전남광주통합특별시,municipality,UNIQUE_MUNICIPALITY_ALIAS,0.0924003696014784,24.56896551724138,True,0.0,CONTEXT_ONLY_NOT_CALIBRATED
763,ro264,남원,명문제과,food,50.0,G01,전북특별자치도|남원시,전북특별자치도,municipality,UNIQUE_MUNICIPALITY_ALIAS,0.10360721442885772,30.17241379310345,False,0.0,CONTEXT_ONLY_NOT_CALIBRATED
764,ro265,부여,장원막국수,food,50.0,G01,충청남도|부여군,충청남도,municipality,UNIQUE_MUNICIPALITY_ALIAS,0.12286835934130522,33.4051724137931,False,0.0,CONTEXT_ONLY_NOT_CALIBRATED
765,ro266,익산,한일식당,food,50.0,G01,전북특별자치도|익산시,전북특별자치도,municipality,UNIQUE_MUNICIPALITY_ALIAS,0.2226452905811623,48.706896551724135,False,0.0,CONTEXT_ONLY_NOT_CALIBRATED
766,ro267,논산,강경해물칼국수,food,50.0,G01,충청남도|논산시,충청남도,municipality,UNIQUE_MUNICIPALITY_ALIAS,0.16850517852521854,42.88793103448276,False,0.0,CONTEXT_ONLY_NOT_CALIBRATED
767,ro268,파주,갈릴리농원 본관,food,50.0,G01,경기도|파주시,경기도,municipality,UNIQUE_MUNICIPALITY_ALIAS,0.7879349471259469,87.28448275862068,False,0.0,CONTEXT_ONLY_NOT_CALIBRATED
768,ro269,대구,코오롱야외음악당,activity,90.0,G03,대구광역시,대구광역시,province,PROVINCE_CONTEXT_ONLY,3.707414829659318,,False,0.0,CONTEXT_ONLY_NOT_CALIBRATED
769,ro270,대구,대구간송미술관,herit,60.0,G08,대구광역시,대구광역시,province,PROVINCE_CONTEXT_ONLY,3.707414829659318,,False,0.0,CONTEXT_ONLY_NOT_CALIBRATED
770,ro271,영월,김삿갓계곡,sea,40.0,G05,강원특별자치도|영월군,강원특별자치도,municipality,UNIQUE_MUNICIPALITY_ALIAS,0.06412825651302605,16.379310344827587,False,0.0,CONTEXT_ONLY_NOT_CALIBRATED
771,ro272,철원,소이산모노레일 철원역,activity,90.0,G03,강원특별자치도|철원군,강원특별자치도,municipality,UNIQUE_MUNICIPALITY_ALIAS,0.04168336673346693,9.913793103448276,False,0.0,CONTEXT_ONLY_NOT_CALIBRATED
772,ro273,전주,국립전주박물관,herit,60.0,G08,전북특별자치도|전주시,전북특별자치도,municipality,UNIQUE_MUNICIPALITY_ALIAS,0.7384769539078156,86.20689655172414,False,0.0,CONTEXT_ONLY_NOT_CALIBRATED
773,ro274,순천,낙안읍성민속마을 김소아가옥,herit,60.0,G08,전남광주통합특별시|순천시,전남광주통합특별시,municipality,UNIQUE_MUNICIPALITY_ALIAS,0.2728010912043648,55.172413793103445,True,0.0,CONTEXT_ONLY_NOT_CALIBRATED
774,ro275,고성,그레이스정원,activity,90.0,G03,,,unresolved,AMBIGUOUS_NAME,,,False,0.0,CONTEXT_ONLY_NOT_CALIBRATED
775,ro276,남해,항도몽돌해수욕장,sea,40.0,G05,경상남도|남해군,경상남도,municipality,UNIQUE_MUNICIPALITY_ALIAS,0.07234468937875752,19.18103448275862,False,0.0,CONTEXT_ONLY_NOT_CALIBRATED
776,ro277,안동,안동시립박물관,herit,60.0,G08,경상북도|안동시,경상북도,municipality,UNIQUE_MUNICIPALITY_ALIAS,0.16936970844786475,43.53448275862069,False,0.0,CONTEXT_ONLY_NOT_CALIBRATED
777,ro278,해남,우수영국민관광지,activity,90.0,G03,전남광주통합특별시|해남군,전남광주통합특별시,municipality,UNIQUE_MUNICIPALITY_ALIAS,0.066000264001056,17.24137931034483,True,0.0,CONTEXT_ONLY_NOT_CALIBRATED
778,ro279,남해,초전몽돌해변,sea,40.0,G05,경상남도|남해군,경상남도,municipality,UNIQUE_MUNICIPALITY_ALIAS,0.07234468937875752,19.18103448275862,False,0.0,CONTEXT_ONLY_NOT_CALIBRATED
779,ro280,합천,합천박물관,herit,60.0,G08,경상남도|합천군,경상남도,municipality,UNIQUE_MUNICIPALITY_ALIAS,0.0342685370741483,6.4655172413793105,False,0.0,CONTEXT_ONLY_NOT_CALIBRATED
780,ro281,남원,서도역영상촬영장,activity,90.0,G03,전북특별자치도|남원시,전북특별자치도,municipality,UNIQUE_MUNICIPALITY_ALIAS,0.10360721442885772,30.17241379310345,False,0.0,CONTEXT_ONLY_NOT_CALIBRATED
781,ro282,공주,나태주풀꽃문학관,herit,60.0,G08,충청남도|공주시,충청남도,municipality,UNIQUE_MUNICIPALITY_ALIAS,0.2808419642086976,55.60344827586207,False,0.0,CONTEXT_ONLY_NOT_CALIBRATED
782,ro283,서천,마량포구,sea,40.0,G05,충청남도|서천군,충청남도,municipality,UNIQUE_MUNICIPALITY_ALIAS,0.06318944194695697,15.948275862068966,False,0.0,CONTEXT_ONLY_NOT_CALIBRATED
783,ro284,해남,도솔암,herit,60.0,G08,전남광주통합특별시|해남군,전남광주통합특별시,municipality,UNIQUE_MUNICIPALITY_ALIAS,0.066000264001056,17.24137931034483,True,0.0,CONTEXT_ONLY_NOT_CALIBRATED
784,ro285,고창,구시포해수욕장,sea,40.0,G05,전북특별자치도|고창군,전북특별자치도,municipality,UNIQUE_MUNICIPALITY_ALIAS,0.07715430861723448,21.120689655172413,False,0.0,CONTEXT_ONLY_NOT_CALIBRATED
785,ro286,논산,충곡서원,herit,60.0,G08,충청남도|논산시,충청남도,municipality,UNIQUE_MUNICIPALITY_ALIAS,0.16850517852521854,42.88793103448276,False,0.0,CONTEXT_ONLY_NOT_CALIBRATED
786,ro287,아산,온양온천시장,food,50.0,G01,충청남도|아산시,충청남도,municipality,UNIQUE_MUNICIPALITY_ALIAS,0.45285766728652493,70.6896551724138,False,0.0,CONTEXT_ONLY_NOT_CALIBRATED
787,ro288,해남,땅끝국민관광지,activity,90.0,G03,전남광주통합특별시|해남군,전남광주통합특별시,municipality,UNIQUE_MUNICIPALITY_ALIAS,0.066000264001056,17.24137931034483,True,0.0,CONTEXT_ONLY_NOT_CALIBRATED
788,ro289,서천,국립희리산해송자연휴양림,heal,60.0,G04,충청남도|서천군,충청남도,municipality,UNIQUE_MUNICIPALITY_ALIAS,0.06318944194695697,15.948275862068966,False,0.0,CONTEXT_ONLY_NOT_CALIBRATED
789,ro290,홍성,홍성스카이타워,activity,90.0,G03,충청남도|홍성군,충청남도,municipality,UNIQUE_MUNICIPALITY_ALIAS,0.12286835934130522,33.4051724137931,False,0.0,CONTEXT_ONLY_NOT_CALIBRATED
790,ro291,서울,여의도 한강공원 수영장,activity,90.0,G03,서울특별시,서울특별시,province,PROVINCE_CONTEXT_ONLY,29.058116232464926,,False,0.0,CONTEXT_ONLY_NOT_CALIBRATED
791,ro292,부산,부전마켓타운,food,50.0,G01,부산광역시,부산광역시,province,PROVINCE_CONTEXT_ONLY,6.4128256513026045,,False,0.0,CONTEXT_ONLY_NOT_CALIBRATED
792,ro293,부산,엄궁농산물도매시장,food,50.0,G01,부산광역시,부산광역시,province,PROVINCE_CONTEXT_ONLY,6.4128256513026045,,False,0.0,CONTEXT_ONLY_NOT_CALIBRATED
793,ro294,서울,수협 강서수산시장,food,50.0,G01,서울특별시,서울특별시,province,PROVINCE_CONTEXT_ONLY,29.058116232464926,,False,0.0,CONTEXT_ONLY_NOT_CALIBRATED
794,ro295,단양,카페산,food,50.0,G01,충청북도|단양군,충청북도,municipality,UNIQUE_MUNICIPALITY_ALIAS,0.08408425242092575,22.413793103448278,False,0.0,CONTEXT_ONLY_NOT_CALIBRATED
795,ro296,정선,회동집,food,50.0,G01,강원특별자치도|정선군,강원특별자치도,municipality,UNIQUE_MUNICIPALITY_ALIAS,0.09298597194388776,25.0,False,0.0,CONTEXT_ONLY_NOT_CALIBRATED
796,ro297,태백,원조태성실비식당,food,50.0,G01,강원특별자치도|태백시,강원특별자치도,municipality,UNIQUE_MUNICIPALITY_ALIAS,0.05771543086172345,15.086206896551724,False,0.0,CONTEXT_ONLY_NOT_CALIBRATED
797,ro298,청주,베이커리카페 공간,food,50.0,G01,충청북도|청주시,충청북도,municipality,UNIQUE_MUNICIPALITY_ALIAS,2.0180220581022184,96.55172413793103,False,0.0,CONTEXT_ONLY_NOT_CALIBRATED
798,ro299,인천,롱비치커피앤브래드,food,50.0,G01,인천광역시,인천광역시,province,PROVINCE_CONTEXT_ONLY,5.310621242484969,,True,0.0,CONTEXT_ONLY_NOT_CALIBRATED
799,ro300,담양,뚝방국수,food,50.0,G01,전남광주통합특별시|담양군,전남광주통합특별시,municipality,UNIQUE_MUNICIPALITY_ALIAS,0.1056004224016896,30.603448275862068,True,0.0,CONTEXT_ONLY_NOT_CALIBRATED
800,ro301,인제,고향집식당,food,50.0,G01,강원특별자치도|인제군,강원특별자치도,municipality,UNIQUE_MUNICIPALITY_ALIAS,0.07054108216432865,17.887931034482758,False,0.0,CONTEXT_ONLY_NOT_CALIBRATED
801,ro302,아산,목화반점,food,50.0,G01,충청남도|아산시,충청남도,municipality,UNIQUE_MUNICIPALITY_ALIAS,0.45285766728652493,70.6896551724138,False,0.0,CONTEXT_ONLY_NOT_CALIBRATED
802,ro303,군산,빈해원,food,50.0,G01,전북특별자치도|군산시,전북특별자치도,municipality,UNIQUE_MUNICIPALITY_ALIAS,0.3571142284569138,63.36206896551724,False,0.0,CONTEXT_ONLY_NOT_CALIBRATED
803,ro304,남양주,기와집순두부 조안본점,food,50.0,G01,경기도|남양주시,경기도,municipality,UNIQUE_MUNICIPALITY_ALIAS,0.8864268155166903,88.79310344827586,False,0.0,CONTEXT_ONLY_NOT_CALIBRATED
804,ro305,부산,해운대가야밀면,food,50.0,G01,부산광역시,부산광역시,province,PROVINCE_CONTEXT_ONLY,6.4128256513026045,,False,0.0,CONTEXT_ONLY_NOT_CALIBRATED
805,ro306,부산,냉수탕가든,food,50.0,G01,부산광역시,부산광역시,province,PROVINCE_CONTEXT_ONLY,6.4128256513026045,,False,0.0,CONTEXT_ONLY_NOT_CALIBRATED
806,ro307,하동,더로드101 하동,food,50.0,G01,경상남도|하동군,경상남도,municipality,UNIQUE_MUNICIPALITY_ALIAS,0.06092184368737475,15.517241379310345,False,0.0,CONTEXT_ONLY_NOT_CALIBRATED
807,ro308,제천,송계계곡,sea,40.0,G05,충청북도|제천시,충청북도,municipality,UNIQUE_MUNICIPALITY_ALIAS,0.21371414156985294,47.8448275862069,False,0.0,CONTEXT_ONLY_NOT_CALIBRATED
808,ro309,제천,청풍호관광 모노레일,activity,90.0,G03,충청북도|제천시,충청북도,municipality,UNIQUE_MUNICIPALITY_ALIAS,0.21371414156985294,47.8448275862069,False,0.0,CONTEXT_ONLY_NOT_CALIBRATED
809,ro310,제천,청풍문화유산단지,activity,90.0,G03,충청북도|제천시,충청북도,municipality,UNIQUE_MUNICIPALITY_ALIAS,0.21371414156985294,47.8448275862069,False,0.0,CONTEXT_ONLY_NOT_CALIBRATED
810,ro311,청주,육거리종합시장,food,50.0,G01,충청북도|청주시,충청북도,municipality,UNIQUE_MUNICIPALITY_ALIAS,2.0180220581022184,96.55172413793103,False,0.0,CONTEXT_ONLY_NOT_CALIBRATED
811,ro312,통영,당포항,sea,40.0,G05,경상남도|통영시,경상남도,municipality,UNIQUE_MUNICIPALITY_ALIAS,0.13326653306613226,35.3448275862069,False,0.0,CONTEXT_ONLY_NOT_CALIBRATED
812,ro313,대구,이월드,activity,90.0,G03,대구광역시,대구광역시,province,PROVINCE_CONTEXT_ONLY,3.707414829659318,,False,0.0,CONTEXT_ONLY_NOT_CALIBRATED
813,ro314,인천,소래포구종합어시장,food,50.0,G01,인천광역시,인천광역시,province,PROVINCE_CONTEXT_ONLY,5.310621242484969,,True,0.0,CONTEXT_ONLY_NOT_CALIBRATED
814,ro315,사천,삼천포대교공원,heal,60.0,G04,경상남도|사천시,경상남도,municipality,UNIQUE_MUNICIPALITY_ALIAS,0.17895791583166332,44.827586206896555,False,0.0,CONTEXT_ONLY_NOT_CALIBRATED
815,ro316,부여,낙화암,herit,60.0,G08,충청남도|부여군,충청남도,municipality,UNIQUE_MUNICIPALITY_ALIAS,0.12286835934130522,33.4051724137931,False,0.0,CONTEXT_ONLY_NOT_CALIBRATED
816,ro317,인천,상상플랫폼,activity,90.0,G03,인천광역시,인천광역시,province,PROVINCE_CONTEXT_ONLY,5.310621242484969,,True,0.0,CONTEXT_ONLY_NOT_CALIBRATED
817,ro318,부여,부여왕릉원,herit,60.0,G08,충청남도|부여군,충청남도,municipality,UNIQUE_MUNICIPALITY_ALIAS,0.12286835934130522,33.4051724137931,False,0.0,CONTEXT_ONLY_NOT_CALIBRATED
818,ro319,천안,천안타운홀 전망대,activity,90.0,G03,충청남도|천안시,충청남도,municipality,UNIQUE_MUNICIPALITY_ALIAS,1.1479415287030514,91.37931034482759,False,0.0,CONTEXT_ONLY_NOT_CALIBRATED
819,ro320,남원,피오리움,herit,60.0,G08,전북특별자치도|남원시,전북특별자치도,municipality,UNIQUE_MUNICIPALITY_ALIAS,0.10360721442885772,30.17241379310345,False,0.0,CONTEXT_ONLY_NOT_CALIBRATED
820,ro321,천안,천안중앙시장,food,50.0,G01,충청남도|천안시,충청남도,municipality,UNIQUE_MUNICIPALITY_ALIAS,1.1479415287030514,91.37931034482759,False,0.0,CONTEXT_ONLY_NOT_CALIBRATED
821,ro322,군산,고군산군도,sea,40.0,G05,전북특별자치도|군산시,전북특별자치도,municipality,UNIQUE_MUNICIPALITY_ALIAS,0.3571142284569138,63.36206896551724,False,0.0,CONTEXT_ONLY_NOT_CALIBRATED
822,ro323,군산,장자도,sea,40.0,G05,전북특별자치도|군산시,전북특별자치도,municipality,UNIQUE_MUNICIPALITY_ALIAS,0.3571142284569138,63.36206896551724,False,0.0,CONTEXT_ONLY_NOT_CALIBRATED
823,ro324,이천,관고전통시장,food,50.0,G01,경기도|이천시,경기도,municipality,UNIQUE_MUNICIPALITY_ALIAS,0.5663282432467742,76.9396551724138,False,0.0,CONTEXT_ONLY_NOT_CALIBRATED
824,ro325,예산,예당호 모노레일,activity,90.0,G03,충청남도|예산군,충청남도,municipality,UNIQUE_MUNICIPALITY_ALIAS,0.16850517852521854,42.88793103448276,False,0.0,CONTEXT_ONLY_NOT_CALIBRATED
825,ro326,남양주,정약용유적지 생가,herit,60.0,G08,경기도|남양주시,경기도,municipality,UNIQUE_MUNICIPALITY_ALIAS,0.8864268155166903,88.79310344827586,False,0.0,CONTEXT_ONLY_NOT_CALIBRATED
826,ro327,창원,반송시장,food,50.0,G01,경상남도|창원시,경상남도,municipality,UNIQUE_MUNICIPALITY_ALIAS,1.2869739478957913,93.96551724137932,False,0.0,CONTEXT_ONLY_NOT_CALIBRATED
827,ro328,고창,상하농원,heal,60.0,G04,전북특별자치도|고창군,전북특별자치도,municipality,UNIQUE_MUNICIPALITY_ALIAS,0.07715430861723448,21.120689655172413,False,0.0,CONTEXT_ONLY_NOT_CALIBRATED
828,ro329,서울,마포농수산물시장,food,50.0,G01,서울특별시,서울특별시,province,PROVINCE_CONTEXT_ONLY,29.058116232464926,,False,0.0,CONTEXT_ONLY_NOT_CALIBRATED
829,ro330,서울,삼청각 유하정,activity,90.0,G03,서울특별시,서울특별시,province,PROVINCE_CONTEXT_ONLY,29.058116232464926,,False,0.0,CONTEXT_ONLY_NOT_CALIBRATED
830,ro331,제천,산아래석갈비 본점,food,50.0,G01,충청북도|제천시,충청북도,municipality,UNIQUE_MUNICIPALITY_ALIAS,0.21371414156985294,47.8448275862069,False,0.0,CONTEXT_ONLY_NOT_CALIBRATED
831,ro332,전주,호남각,food,50.0,G01,전북특별자치도|전주시,전북특별자치도,municipality,UNIQUE_MUNICIPALITY_ALIAS,0.7384769539078156,86.20689655172414,False,0.0,CONTEXT_ONLY_NOT_CALIBRATED
832,ro333,전주,현대옥 전주본점,food,50.0,G01,전북특별자치도|전주시,전북특별자치도,municipality,UNIQUE_MUNICIPALITY_ALIAS,0.7384769539078156,86.20689655172414,False,0.0,CONTEXT_ONLY_NOT_CALIBRATED
833,ro334,창원,투썸플레이스 창원귀산해변점,food,50.0,G01,경상남도|창원시,경상남도,municipality,UNIQUE_MUNICIPALITY_ALIAS,1.2869739478957913,93.96551724137932,False,0.0,CONTEXT_ONLY_NOT_CALIBRATED
834,ro335,울진,산수옥,food,50.0,G01,경상북도|울진군,경상북도,municipality,UNIQUE_MUNICIPALITY_ALIAS,0.0720722163607935,18.53448275862069,False,0.0,CONTEXT_ONLY_NOT_CALIBRATED
835,ro336,부여,사비향,food,50.0,G01,충청남도|부여군,충청남도,municipality,UNIQUE_MUNICIPALITY_ALIAS,0.12286835934130522,33.4051724137931,False,0.0,CONTEXT_ONLY_NOT_CALIBRATED
836,ro337,천안,랜드마크 195,food,50.0,G01,충청남도|천안시,충청남도,municipality,UNIQUE_MUNICIPALITY_ALIAS,1.1479415287030514,91.37931034482759,False,0.0,CONTEXT_ONLY_NOT_CALIBRATED
837,ro338,울산,언양진미불고기,food,50.0,G01,울산광역시,울산광역시,province,PROVINCE_CONTEXT_ONLY,1.5030060120240478,,False,0.0,CONTEXT_ONLY_NOT_CALIBRATED
838,ro339,이천,강민주의들밥 이천본점,food,50.0,G01,경기도|이천시,경기도,municipality,UNIQUE_MUNICIPALITY_ALIAS,0.5663282432467742,76.9396551724138,False,0.0,CONTEXT_ONLY_NOT_CALIBRATED
839,ro340,양주,장흥폭포수식당,food,50.0,G01,경기도|양주시,경기도,municipality,UNIQUE_MUNICIPALITY_ALIAS,0.39396747356297346,66.16379310344827,False,0.0,CONTEXT_ONLY_NOT_CALIBRATED
840,ro341,여주,천서리막국수 본점,food,50.0,G01,경기도|여주시,경기도,municipality,UNIQUE_MUNICIPALITY_ALIAS,0.6648201116375178,82.54310344827586,False,0.0,CONTEXT_ONLY_NOT_CALIBRATED
841,ro342,포천,갈비1987,food,50.0,G01,경기도|포천시,경기도,municipality,UNIQUE_MUNICIPALITY_ALIAS,0.44321340775834517,69.82758620689656,False,0.0,CONTEXT_ONLY_NOT_CALIBRATED
842,ro343,익산,어스언더파크 익산,food,50.0,G01,전북특별자치도|익산시,전북특별자치도,municipality,UNIQUE_MUNICIPALITY_ALIAS,0.2226452905811623,48.706896551724135,False,0.0,CONTEXT_ONLY_NOT_CALIBRATED
843,ro344,서울,성북동면옥집,food,50.0,G01,서울특별시,서울특별시,province,PROVINCE_CONTEXT_ONLY,29.058116232464926,,False,0.0,CONTEXT_ONLY_NOT_CALIBRATED
844,ro345,부산,탄티,food,50.0,G01,부산광역시,부산광역시,province,PROVINCE_CONTEXT_ONLY,6.4128256513026045,,False,0.0,CONTEXT_ONLY_NOT_CALIBRATED
845,ro346,정선,정선레일바이크,activity,90.0,G03,강원특별자치도|정선군,강원특별자치도,municipality,UNIQUE_MUNICIPALITY_ALIAS,0.09298597194388776,25.0,False,0.0,CONTEXT_ONLY_NOT_CALIBRATED
846,ro347,수원,지동시장,food,50.0,G01,경기도|수원시,경기도,municipality,UNIQUE_MUNICIPALITY_ALIAS,2.289935940084783,98.70689655172414,False,0.0,CONTEXT_ONLY_NOT_CALIBRATED
847,ro348,창원,창원컨벤션센터,herit,60.0,G08,경상남도|창원시,경상남도,municipality,UNIQUE_MUNICIPALITY_ALIAS,1.2869739478957913,93.96551724137932,False,0.0,CONTEXT_ONLY_NOT_CALIBRATED
848,ro349,수원,정자시장,food,50.0,G01,경기도|수원시,경기도,municipality,UNIQUE_MUNICIPALITY_ALIAS,2.289935940084783,98.70689655172414,False,0.0,CONTEXT_ONLY_NOT_CALIBRATED
849,ro350,대구,대구미술관,herit,60.0,G08,대구광역시,대구광역시,province,PROVINCE_CONTEXT_ONLY,3.707414829659318,,False,0.0,CONTEXT_ONLY_NOT_CALIBRATED
850,ro351,진주,진주실크박물관,herit,60.0,G08,경상남도|진주시,경상남도,municipality,UNIQUE_MUNICIPALITY_ALIAS,0.2284569138276553,49.13793103448276,False,0.0,CONTEXT_ONLY_NOT_CALIBRATED
851,ro352,철원,한탄강 횃불전망대,activity,90.0,G03,강원특별자치도|철원군,강원특별자치도,municipality,UNIQUE_MUNICIPALITY_ALIAS,0.04168336673346693,9.913793103448276,False,0.0,CONTEXT_ONLY_NOT_CALIBRATED
852,ro353,하동,동정호,sea,40.0,G05,경상남도|하동군,경상남도,municipality,UNIQUE_MUNICIPALITY_ALIAS,0.06092184368737475,15.517241379310345,False,0.0,CONTEXT_ONLY_NOT_CALIBRATED
853,ro354,진주,철도문화공원,heal,60.0,G04,경상남도|진주시,경상남도,municipality,UNIQUE_MUNICIPALITY_ALIAS,0.2284569138276553,49.13793103448276,False,0.0,CONTEXT_ONLY_NOT_CALIBRATED
854,ro355,사천,항공우주박물관,herit,60.0,G08,경상남도|사천시,경상남도,municipality,UNIQUE_MUNICIPALITY_ALIAS,0.17895791583166332,44.827586206896555,False,0.0,CONTEXT_ONLY_NOT_CALIBRATED
855,ro356,울릉,천부해중전망대,activity,90.0,G03,경상북도|울릉군,경상북도,municipality,UNIQUE_MUNICIPALITY_ALIAS,0.018018054090198375,0.43103448275862066,False,0.0,CONTEXT_ONLY_NOT_CALIBRATED
856,ro357,춘천,춘천막국수체험박물관,herit,60.0,G08,강원특별자치도|춘천시,강원특별자치도,municipality,UNIQUE_MUNICIPALITY_ALIAS,0.3687374749498998,63.793103448275865,False,0.0,CONTEXT_ONLY_NOT_CALIBRATED
857,ro358,화순,만연사,herit,60.0,G08,전남광주통합특별시|화순군,전남광주통합특별시,municipality,UNIQUE_MUNICIPALITY_ALIAS,0.0924003696014784,24.56896551724138,True,0.0,CONTEXT_ONLY_NOT_CALIBRATED
858,ro359,거창,거창산림레포츠파크,activity,90.0,G03,경상남도|거창군,경상남도,municipality,UNIQUE_MUNICIPALITY_ALIAS,0.049498997995991986,12.931034482758621,False,0.0,CONTEXT_ONLY_NOT_CALIBRATED
859,ro360,공주,공주 무령왕릉과 왕릉원,herit,60.0,G08,충청남도|공주시,충청남도,municipality,UNIQUE_MUNICIPALITY_ALIAS,0.2808419642086976,55.60344827586207,False,0.0,CONTEXT_ONLY_NOT_CALIBRATED
860,ro361,창원,마금산원탕보양온천,heal,60.0,G04,경상남도|창원시,경상남도,municipality,UNIQUE_MUNICIPALITY_ALIAS,1.2869739478957913,93.96551724137932,False,0.0,CONTEXT_ONLY_NOT_CALIBRATED
861,ro362,남원,남원시립김병종미술관,herit,60.0,G08,전북특별자치도|남원시,전북특별자치도,municipality,UNIQUE_MUNICIPALITY_ALIAS,0.10360721442885772,30.17241379310345,False,0.0,CONTEXT_ONLY_NOT_CALIBRATED
862,ro363,천안,천안박물관,herit,60.0,G08,충청남도|천안시,충청남도,municipality,UNIQUE_MUNICIPALITY_ALIAS,1.1479415287030514,91.37931034482759,False,0.0,CONTEXT_ONLY_NOT_CALIBRATED
863,ro364,울산,언양알프스시장,food,50.0,G01,울산광역시,울산광역시,province,PROVINCE_CONTEXT_ONLY,1.5030060120240478,,False,0.0,CONTEXT_ONLY_NOT_CALIBRATED
864,ro365,공주,석장리박물관,herit,60.0,G08,충청남도|공주시,충청남도,municipality,UNIQUE_MUNICIPALITY_ALIAS,0.2808419642086976,55.60344827586207,False,0.0,CONTEXT_ONLY_NOT_CALIBRATED
865,ro367,서울,독립문영천시장,food,50.0,G01,서울특별시,서울특별시,province,PROVINCE_CONTEXT_ONLY,29.058116232464926,,False,0.0,CONTEXT_ONLY_NOT_CALIBRATED
866,ro368,홍성,남당항 해양분수공원,heal,60.0,G04,충청남도|홍성군,충청남도,municipality,UNIQUE_MUNICIPALITY_ALIAS,0.12286835934130522,33.4051724137931,False,0.0,CONTEXT_ONLY_NOT_CALIBRATED
867,ro369,서울,화계사,herit,60.0,G08,서울특별시,서울특별시,province,PROVINCE_CONTEXT_ONLY,29.058116232464926,,False,0.0,CONTEXT_ONLY_NOT_CALIBRATED
868,ro370,부산,삼락생태공원 연꽃단지,heal,60.0,G04,부산광역시,부산광역시,province,PROVINCE_CONTEXT_ONLY,6.4128256513026045,,False,0.0,CONTEXT_ONLY_NOT_CALIBRATED
869,ro371,서울,잠실한강공원,heal,60.0,G04,서울특별시,서울특별시,province,PROVINCE_CONTEXT_ONLY,29.058116232464926,,False,0.0,CONTEXT_ONLY_NOT_CALIBRATED
870,ro372,서울,암사종합시장,food,50.0,G01,서울특별시,서울특별시,province,PROVINCE_CONTEXT_ONLY,29.058116232464926,,False,0.0,CONTEXT_ONLY_NOT_CALIBRATED
871,ro373,서울,대한민국역사박물관,herit,60.0,G08,서울특별시,서울특별시,province,PROVINCE_CONTEXT_ONLY,29.058116232464926,,False,0.0,CONTEXT_ONLY_NOT_CALIBRATED
872,ro374,제천,청풍황금떡갈비,food,50.0,G01,충청북도|제천시,충청북도,municipality,UNIQUE_MUNICIPALITY_ALIAS,0.21371414156985294,47.8448275862069,False,0.0,CONTEXT_ONLY_NOT_CALIBRATED
873,ro375,충주,게으른악어,food,50.0,G01,충청북도|충주시,충청북도,municipality,UNIQUE_MUNICIPALITY_ALIAS,0.336337009683703,61.63793103448276,False,0.0,CONTEXT_ONLY_NOT_CALIBRATED
874,ro376,창원,임진각식당,food,50.0,G01,경상남도|창원시,경상남도,municipality,UNIQUE_MUNICIPALITY_ALIAS,1.2869739478957913,93.96551724137932,False,0.0,CONTEXT_ONLY_NOT_CALIBRATED
875,ro377,울릉,울릉도태양식당 따개비칼국수 본점,food,50.0,G01,경상북도|울릉군,경상북도,municipality,UNIQUE_MUNICIPALITY_ALIAS,0.018018054090198375,0.43103448275862066,False,0.0,CONTEXT_ONLY_NOT_CALIBRATED
876,ro378,창원,퍼시먼커피,food,50.0,G01,경상남도|창원시,경상남도,municipality,UNIQUE_MUNICIPALITY_ALIAS,1.2869739478957913,93.96551724137932,False,0.0,CONTEXT_ONLY_NOT_CALIBRATED
877,ro379,밀양,밀양돌짬뽕,food,50.0,G01,경상남도|밀양시,경상남도,municipality,UNIQUE_MUNICIPALITY_ALIAS,0.09899799599198397,28.448275862068964,False,0.0,CONTEXT_ONLY_NOT_CALIBRATED
878,ro380,서천,한우마을,food,50.0,G01,충청남도|서천군,충청남도,municipality,UNIQUE_MUNICIPALITY_ALIAS,0.06318944194695697,15.948275862068966,False,0.0,CONTEXT_ONLY_NOT_CALIBRATED
879,ro381,아산,죽순산장,food,50.0,G01,충청남도|아산시,충청남도,municipality,UNIQUE_MUNICIPALITY_ALIAS,0.45285766728652493,70.6896551724138,False,0.0,CONTEXT_ONLY_NOT_CALIBRATED
880,ro382,가평,델씨엘로,food,50.0,G01,경기도|가평군,경기도,municipality,UNIQUE_MUNICIPALITY_ALIAS,0.27085263807454424,54.741379310344826,False,0.0,CONTEXT_ONLY_NOT_CALIBRATED
881,ro383,파주,심학산도토리국수 본점,food,50.0,G01,경기도|파주시,경기도,municipality,UNIQUE_MUNICIPALITY_ALIAS,0.7879349471259469,87.28448275862068,False,0.0,CONTEXT_ONLY_NOT_CALIBRATED
882,ro384,완도,유일정식당,food,50.0,G01,전남광주통합특별시|완도군,전남광주통합특별시,municipality,UNIQUE_MUNICIPALITY_ALIAS,0.030800123200492798,5.172413793103448,True,0.0,CONTEXT_ONLY_NOT_CALIBRATED
883,ro385,울진,울산회식당,food,50.0,G01,경상북도|울진군,경상북도,municipality,UNIQUE_MUNICIPALITY_ALIAS,0.0720722163607935,18.53448275862069,False,0.0,CONTEXT_ONLY_NOT_CALIBRATED
884,ro386,완도,개성순두부,food,50.0,G01,전남광주통합특별시|완도군,전남광주통합특별시,municipality,UNIQUE_MUNICIPALITY_ALIAS,0.030800123200492798,5.172413793103448,True,0.0,CONTEXT_ONLY_NOT_CALIBRATED
885,ro387,사천,삼천포돌게장,food,50.0,G01,경상남도|사천시,경상남도,municipality,UNIQUE_MUNICIPALITY_ALIAS,0.17895791583166332,44.827586206896555,False,0.0,CONTEXT_ONLY_NOT_CALIBRATED
886,ro388,서천,장항갯벌식당,food,50.0,G01,충청남도|서천군,충청남도,municipality,UNIQUE_MUNICIPALITY_ALIAS,0.06318944194695697,15.948275862068966,False,0.0,CONTEXT_ONLY_NOT_CALIBRATED
887,ro389,인제,옛날원대막국수,food,50.0,G01,강원특별자치도|인제군,강원특별자치도,municipality,UNIQUE_MUNICIPALITY_ALIAS,0.07054108216432865,17.887931034482758,False,0.0,CONTEXT_ONLY_NOT_CALIBRATED
888,ro390,대전,대전엑스포아쿠아리움,activity,90.0,G03,대전광역시,대전광역시,province,PROVINCE_CONTEXT_ONLY,3.2064128256513023,,False,0.0,CONTEXT_ONLY_NOT_CALIBRATED
889,ro391,대전,한국조폐공사 화폐박물관,herit,60.0,G08,대전광역시,대전광역시,province,PROVINCE_CONTEXT_ONLY,3.2064128256513023,,False,0.0,CONTEXT_ONLY_NOT_CALIBRATED
890,ro392,충주,악어봉,sea,40.0,G05,충청북도|충주시,충청북도,municipality,UNIQUE_MUNICIPALITY_ALIAS,0.336337009683703,61.63793103448276,False,0.0,CONTEXT_ONLY_NOT_CALIBRATED
891,ro393,평창,청옥산 육백마지기농장,heal,60.0,G04,강원특별자치도|평창군,강원특별자치도,municipality,UNIQUE_MUNICIPALITY_ALIAS,0.18917835671342684,46.12068965517241,False,0.0,CONTEXT_ONLY_NOT_CALIBRATED
892,ro394,평창,장전계곡,sea,40.0,G05,강원특별자치도|평창군,강원특별자치도,municipality,UNIQUE_MUNICIPALITY_ALIAS,0.18917835671342684,46.12068965517241,False,0.0,CONTEXT_ONLY_NOT_CALIBRATED
893,ro395,제천,박달재자연휴양림,heal,60.0,G04,충청북도|제천시,충청북도,municipality,UNIQUE_MUNICIPALITY_ALIAS,0.21371414156985294,47.8448275862069,False,0.0,CONTEXT_ONLY_NOT_CALIBRATED
894,ro396,태백,태백고원자연휴양림,heal,60.0,G04,강원특별자치도|태백시,강원특별자치도,municipality,UNIQUE_MUNICIPALITY_ALIAS,0.05771543086172345,15.086206896551724,False,0.0,CONTEXT_ONLY_NOT_CALIBRATED
895,ro397,태백,365세이프타운,activity,90.0,G03,강원특별자치도|태백시,강원특별자치도,municipality,UNIQUE_MUNICIPALITY_ALIAS,0.05771543086172345,15.086206896551724,False,0.0,CONTEXT_ONLY_NOT_CALIBRATED
896,ro398,정선,화암약수,sea,40.0,G05,강원특별자치도|정선군,강원특별자치도,municipality,UNIQUE_MUNICIPALITY_ALIAS,0.09298597194388776,25.0,False,0.0,CONTEXT_ONLY_NOT_CALIBRATED
897,ro399,평창,청옥산 전망대,activity,90.0,G03,강원특별자치도|평창군,강원특별자치도,municipality,UNIQUE_MUNICIPALITY_ALIAS,0.18917835671342684,46.12068965517241,False,0.0,CONTEXT_ONLY_NOT_CALIBRATED
898,ro400,수원,수원화성 장안문,herit,60.0,G08,경기도|수원시,경기도,municipality,UNIQUE_MUNICIPALITY_ALIAS,2.289935940084783,98.70689655172414,False,0.0,CONTEXT_ONLY_NOT_CALIBRATED
899,ro401,대구,국립대구과학관,herit,60.0,G08,대구광역시,대구광역시,province,PROVINCE_CONTEXT_ONLY,3.707414829659318,,False,0.0,CONTEXT_ONLY_NOT_CALIBRATED
900,ro402,포천,담터계곡,sea,40.0,G05,경기도|포천시,경기도,municipality,UNIQUE_MUNICIPALITY_ALIAS,0.44321340775834517,69.82758620689656,False,0.0,CONTEXT_ONLY_NOT_CALIBRATED
901,ro403,고성,고성시장,food,50.0,G01,,,unresolved,AMBIGUOUS_NAME,,,False,0.0,CONTEXT_ONLY_NOT_CALIBRATED
902,ro404,태백,구와우마을,herit,60.0,G08,강원특별자치도|태백시,강원특별자치도,municipality,UNIQUE_MUNICIPALITY_ALIAS,0.05771543086172345,15.086206896551724,False,0.0,CONTEXT_ONLY_NOT_CALIBRATED
903,ro405,인천,남촌농산물도매시장,food,50.0,G01,인천광역시,인천광역시,province,PROVINCE_CONTEXT_ONLY,5.310621242484969,,True,0.0,CONTEXT_ONLY_NOT_CALIBRATED
904,ro406,순천,순천조례호수공원,heal,60.0,G04,전남광주통합특별시|순천시,전남광주통합특별시,municipality,UNIQUE_MUNICIPALITY_ALIAS,0.2728010912043648,55.172413793103445,True,0.0,CONTEXT_ONLY_NOT_CALIBRATED
905,ro407,함안,함안고려동유적지,herit,60.0,G08,경상남도|함안군,경상남도,municipality,UNIQUE_MUNICIPALITY_ALIAS,0.17134268537074146,43.96551724137931,False,0.0,CONTEXT_ONLY_NOT_CALIBRATED
906,ro408,사천,백천사,herit,60.0,G08,경상남도|사천시,경상남도,municipality,UNIQUE_MUNICIPALITY_ALIAS,0.17895791583166332,44.827586206896555,False,0.0,CONTEXT_ONLY_NOT_CALIBRATED
907,ro409,진주,진양호,sea,40.0,G05,경상남도|진주시,경상남도,municipality,UNIQUE_MUNICIPALITY_ALIAS,0.2284569138276553,49.13793103448276,False,0.0,CONTEXT_ONLY_NOT_CALIBRATED
908,ro410,산청,남사예담촌,herit,60.0,G08,경상남도|산청군,경상남도,municipality,UNIQUE_MUNICIPALITY_ALIAS,0.07995991983967936,21.551724137931036,False,0.0,CONTEXT_ONLY_NOT_CALIBRATED
909,ro411,춘천,레고랜드코리아리조트,activity,90.0,G03,강원특별자치도|춘천시,강원특별자치도,municipality,UNIQUE_MUNICIPALITY_ALIAS,0.3687374749498998,63.793103448275865,False,0.0,CONTEXT_ONLY_NOT_CALIBRATED
910,ro412,울릉,저동항,sea,40.0,G05,경상북도|울릉군,경상북도,municipality,UNIQUE_MUNICIPALITY_ALIAS,0.018018054090198375,0.43103448275862066,False,0.0,CONTEXT_ONLY_NOT_CALIBRATED
911,ro413,화순,개미산 전망대,activity,90.0,G03,전남광주통합특별시|화순군,전남광주통합특별시,municipality,UNIQUE_MUNICIPALITY_ALIAS,0.0924003696014784,24.56896551724138,True,0.0,CONTEXT_ONLY_NOT_CALIBRATED
912,ro414,창원,신촌온천,heal,60.0,G04,경상남도|창원시,경상남도,municipality,UNIQUE_MUNICIPALITY_ALIAS,1.2869739478957913,93.96551724137932,False,0.0,CONTEXT_ONLY_NOT_CALIBRATED
913,ro415,남해,사촌해수욕장,sea,40.0,G05,경상남도|남해군,경상남도,municipality,UNIQUE_MUNICIPALITY_ALIAS,0.07234468937875752,19.18103448275862,False,0.0,CONTEXT_ONLY_NOT_CALIBRATED
914,ro416,부여,부여중앙시장,food,50.0,G01,충청남도|부여군,충청남도,municipality,UNIQUE_MUNICIPALITY_ALIAS,0.12286835934130522,33.4051724137931,False,0.0,CONTEXT_ONLY_NOT_CALIBRATED
915,ro417,남원,뱀사골계곡,sea,40.0,G05,전북특별자치도|남원시,전북특별자치도,municipality,UNIQUE_MUNICIPALITY_ALIAS,0.10360721442885772,30.17241379310345,False,0.0,CONTEXT_ONLY_NOT_CALIBRATED
916,ro418,아산,강당골,sea,40.0,G05,충청남도|아산시,충청남도,municipality,UNIQUE_MUNICIPALITY_ALIAS,0.45285766728652493,70.6896551724138,False,0.0,CONTEXT_ONLY_NOT_CALIBRATED
917,ro420,아산,파라다이스스파도고,heal,60.0,G04,충청남도|아산시,충청남도,municipality,UNIQUE_MUNICIPALITY_ALIAS,0.45285766728652493,70.6896551724138,False,0.0,CONTEXT_ONLY_NOT_CALIBRATED
918,ro421,울산,영남알프스 복합웰컴센터,activity,90.0,G03,울산광역시,울산광역시,province,PROVINCE_CONTEXT_ONLY,1.5030060120240478,,False,0.0,CONTEXT_ONLY_NOT_CALIBRATED
919,ro422,논산,탑정호수변생태공원,heal,60.0,G04,충청남도|논산시,충청남도,municipality,UNIQUE_MUNICIPALITY_ALIAS,0.16850517852521854,42.88793103448276,False,0.0,CONTEXT_ONLY_NOT_CALIBRATED
920,ro423,정읍,서현사지,herit,60.0,G08,전북특별자치도|정읍시,전북특별자치도,municipality,UNIQUE_MUNICIPALITY_ALIAS,0.09919839679358718,28.879310344827587,False,0.0,CONTEXT_ONLY_NOT_CALIBRATED
921,ro424,울산,남창옹기종기시장,food,50.0,G01,울산광역시,울산광역시,province,PROVINCE_CONTEXT_ONLY,1.5030060120240478,,False,0.0,CONTEXT_ONLY_NOT_CALIBRATED
922,ro425,창원,대산파크골프장,activity,90.0,G03,경상남도|창원시,경상남도,municipality,UNIQUE_MUNICIPALITY_ALIAS,1.2869739478957913,93.96551724137932,False,0.0,CONTEXT_ONLY_NOT_CALIBRATED
923,ro426,당진,도비도항,sea,40.0,G05,충청남도|당진시,충청남도,municipality,UNIQUE_MUNICIPALITY_ALIAS,0.3194577342873935,60.3448275862069,False,0.0,CONTEXT_ONLY_NOT_CALIBRATED
924,ro427,창원,가음정 전통시장,food,50.0,G01,경상남도|창원시,경상남도,municipality,UNIQUE_MUNICIPALITY_ALIAS,1.2869739478957913,93.96551724137932,False,0.0,CONTEXT_ONLY_NOT_CALIBRATED
925,ro428,밀양,여여정사,herit,60.0,G08,경상남도|밀양시,경상남도,municipality,UNIQUE_MUNICIPALITY_ALIAS,0.09899799599198397,28.448275862068964,False,0.0,CONTEXT_ONLY_NOT_CALIBRATED
926,ro429,가평,가평베고니아새정원,activity,90.0,G03,경기도|가평군,경기도,municipality,UNIQUE_MUNICIPALITY_ALIAS,0.27085263807454424,54.741379310344826,False,0.0,CONTEXT_ONLY_NOT_CALIBRATED
927,ro430,서산,서산중앙호수공원,heal,60.0,G04,충청남도|서산시,충청남도,municipality,UNIQUE_MUNICIPALITY_ALIAS,0.1965893749460883,46.98275862068966,False,0.0,CONTEXT_ONLY_NOT_CALIBRATED
928,ro431,고창,석정휴스파,heal,60.0,G04,전북특별자치도|고창군,전북특별자치도,municipality,UNIQUE_MUNICIPALITY_ALIAS,0.07715430861723448,21.120689655172413,False,0.0,CONTEXT_ONLY_NOT_CALIBRATED
929,ro432,여주,한강6경바위늪경 강천섬,sea,40.0,G05,경기도|여주시,경기도,municipality,UNIQUE_MUNICIPALITY_ALIAS,0.6648201116375178,82.54310344827586,False,0.0,CONTEXT_ONLY_NOT_CALIBRATED
930,ro433,밀양,선샤인밀양테마파크,activity,90.0,G03,경상남도|밀양시,경상남도,municipality,UNIQUE_MUNICIPALITY_ALIAS,0.09899799599198397,28.448275862068964,False,0.0,CONTEXT_ONLY_NOT_CALIBRATED
931,ro434,파주,율곡수목원,activity,90.0,G03,경기도|파주시,경기도,municipality,UNIQUE_MUNICIPALITY_ALIAS,0.7879349471259469,87.28448275862068,False,0.0,CONTEXT_ONLY_NOT_CALIBRATED
932,ro435,포천,예술정원1999 자연예술테마파크,activity,90.0,G03,경기도|포천시,경기도,municipality,UNIQUE_MUNICIPALITY_ALIAS,0.44321340775834517,69.82758620689656,False,0.0,CONTEXT_ONLY_NOT_CALIBRATED
933,ro436,단양,다누리아쿠아리움,activity,90.0,G03,충청북도|단양군,충청북도,municipality,UNIQUE_MUNICIPALITY_ALIAS,0.08408425242092575,22.413793103448278,False,0.0,CONTEXT_ONLY_NOT_CALIBRATED
934,ro437,서울,한성백제박물관,herit,60.0,G08,서울특별시,서울특별시,province,PROVINCE_CONTEXT_ONLY,29.058116232464926,,False,0.0,CONTEXT_ONLY_NOT_CALIBRATED
935,ro438,서울,4.19학생혁명기념탑,herit,60.0,G08,서울특별시,서울특별시,province,PROVINCE_CONTEXT_ONLY,29.058116232464926,,False,0.0,CONTEXT_ONLY_NOT_CALIBRATED
936,ro439,서울,광나루한강공원,heal,60.0,G04,서울특별시,서울특별시,province,PROVINCE_CONTEXT_ONLY,29.058116232464926,,False,0.0,CONTEXT_ONLY_NOT_CALIBRATED
937,ro440,서울,이촌한강공원,heal,60.0,G04,서울특별시,서울특별시,province,PROVINCE_CONTEXT_ONLY,29.058116232464926,,False,0.0,CONTEXT_ONLY_NOT_CALIBRATED
938,ro441,서울,청와대 사랑채,herit,60.0,G08,서울특별시,서울특별시,province,PROVINCE_CONTEXT_ONLY,29.058116232464926,,False,0.0,CONTEXT_ONLY_NOT_CALIBRATED
939,ro442,부산,더베이101,activity,90.0,G03,부산광역시,부산광역시,province,PROVINCE_CONTEXT_ONLY,6.4128256513026045,,False,0.0,CONTEXT_ONLY_NOT_CALIBRATED
940,ro443,부산,삼광사,herit,60.0,G08,부산광역시,부산광역시,province,PROVINCE_CONTEXT_ONLY,6.4128256513026045,,False,0.0,CONTEXT_ONLY_NOT_CALIBRATED
941,ro444,부산,아홉산숲,activity,90.0,G03,부산광역시,부산광역시,province,PROVINCE_CONTEXT_ONLY,6.4128256513026045,,False,0.0,CONTEXT_ONLY_NOT_CALIBRATED
942,ro445,파주,심학산 약천사,herit,60.0,G08,경기도|파주시,경기도,municipality,UNIQUE_MUNICIPALITY_ALIAS,0.7879349471259469,87.28448275862068,False,0.0,CONTEXT_ONLY_NOT_CALIBRATED
943,ro446,양주,국립아세안자연휴양림,heal,60.0,G04,경기도|양주시,경기도,municipality,UNIQUE_MUNICIPALITY_ALIAS,0.39396747356297346,66.16379310344827,False,0.0,CONTEXT_ONLY_NOT_CALIBRATED
944,ro447,파주,한국근현대사박물관,herit,60.0,G08,경기도|파주시,경기도,municipality,UNIQUE_MUNICIPALITY_ALIAS,0.7879349471259469,87.28448275862068,False,0.0,CONTEXT_ONLY_NOT_CALIBRATED
945,ro448,서산,용현계곡,sea,40.0,G05,충청남도|서산시,충청남도,municipality,UNIQUE_MUNICIPALITY_ALIAS,0.1965893749460883,46.98275862068966,False,0.0,CONTEXT_ONLY_NOT_CALIBRATED
946,ro449,원주,원주자유시장번영회 영선반,food,50.0,G01,강원특별자치도|원주시,강원특별자치도,municipality,UNIQUE_MUNICIPALITY_ALIAS,0.4809619238476953,71.55172413793103,False,0.0,CONTEXT_ONLY_NOT_CALIBRATED
947,ro450,양주,헤세의정원,activity,90.0,G03,경기도|양주시,경기도,municipality,UNIQUE_MUNICIPALITY_ALIAS,0.39396747356297346,66.16379310344827,False,0.0,CONTEXT_ONLY_NOT_CALIBRATED
948,ro451,전주,전주왱이콩나물국밥전문점,food,50.0,G01,전북특별자치도|전주시,전북특별자치도,municipality,UNIQUE_MUNICIPALITY_ALIAS,0.7384769539078156,86.20689655172414,False,0.0,CONTEXT_ONLY_NOT_CALIBRATED
949,ro452,대전,원조태평소국밥 본관,food,50.0,G01,대전광역시,대전광역시,province,PROVINCE_CONTEXT_ONLY,3.2064128256513023,,False,0.0,CONTEXT_ONLY_NOT_CALIBRATED
950,ro453,용인,라임그라스,food,50.0,G01,경기도|용인시,경기도,municipality,UNIQUE_MUNICIPALITY_ALIAS,2.265312972987097,98.27586206896552,False,0.0,CONTEXT_ONLY_NOT_CALIBRATED
951,ro454,전주,고궁 전주본점,food,50.0,G01,전북특별자치도|전주시,전북특별자치도,municipality,UNIQUE_MUNICIPALITY_ALIAS,0.7384769539078156,86.20689655172414,False,0.0,CONTEXT_ONLY_NOT_CALIBRATED
952,ro455,철원,리버포레스트카페&해오름가든,food,50.0,G01,강원특별자치도|철원군,강원특별자치도,municipality,UNIQUE_MUNICIPALITY_ALIAS,0.04168336673346693,9.913793103448276,False,0.0,CONTEXT_ONLY_NOT_CALIBRATED
953,ro456,인천,송도토스트국수,food,50.0,G01,인천광역시,인천광역시,province,PROVINCE_CONTEXT_ONLY,5.310621242484969,,True,0.0,CONTEXT_ONLY_NOT_CALIBRATED
954,ro457,청송,원조신촌식당,food,50.0,G01,경상북도|청송군,경상북도,municipality,UNIQUE_MUNICIPALITY_ALIAS,0.03603610818039675,7.974137931034483,False,0.0,CONTEXT_ONLY_NOT_CALIBRATED
955,ro458,영주,녹스고지,food,50.0,G01,경상북도|영주시,경상북도,municipality,UNIQUE_MUNICIPALITY_ALIAS,0.07567582717883319,20.689655172413794,False,0.0,CONTEXT_ONLY_NOT_CALIBRATED
956,ro459,거창,도감어가,food,50.0,G01,경상남도|거창군,경상남도,municipality,UNIQUE_MUNICIPALITY_ALIAS,0.049498997995991986,12.931034482758621,False,0.0,CONTEXT_ONLY_NOT_CALIBRATED
957,ro460,울릉,카페울라,food,50.0,G01,경상북도|울릉군,경상북도,municipality,UNIQUE_MUNICIPALITY_ALIAS,0.018018054090198375,0.43103448275862066,False,0.0,CONTEXT_ONLY_NOT_CALIBRATED
958,ro461,봉화,봉화한약우프라자,food,50.0,G01,경상북도|봉화군,경상북도,municipality,UNIQUE_MUNICIPALITY_ALIAS,0.025225275726277727,3.4482758620689653,False,0.0,CONTEXT_ONLY_NOT_CALIBRATED
959,ro462,여주,감성식탁,food,50.0,G01,경기도|여주시,경기도,municipality,UNIQUE_MUNICIPALITY_ALIAS,0.6648201116375178,82.54310344827586,False,0.0,CONTEXT_ONLY_NOT_CALIBRATED
960,ro463,가평,설악막국수 춘천닭갈비 별관,food,50.0,G01,경기도|가평군,경기도,municipality,UNIQUE_MUNICIPALITY_ALIAS,0.27085263807454424,54.741379310344826,False,0.0,CONTEXT_ONLY_NOT_CALIBRATED
961,ro464,보성,청광도예원,food,50.0,G01,전남광주통합특별시|보성군,전남광주통합특별시,municipality,UNIQUE_MUNICIPALITY_ALIAS,0.0572002288009152,14.224137931034482,True,0.0,CONTEXT_ONLY_NOT_CALIBRATED
962,ro465,서울,원조호수삼계탕 본점,food,50.0,G01,서울특별시,서울특별시,province,PROVINCE_CONTEXT_ONLY,29.058116232464926,,False,0.0,CONTEXT_ONLY_NOT_CALIBRATED
963,ro468,서울,돈까스잔치 동빙고점,food,50.0,G01,서울특별시,서울특별시,province,PROVINCE_CONTEXT_ONLY,29.058116232464926,,False,0.0,CONTEXT_ONLY_NOT_CALIBRATED
964,ro469,서울,쌍다리돼지불백 본점,food,50.0,G01,서울특별시,서울특별시,province,PROVINCE_CONTEXT_ONLY,29.058116232464926,,False,0.0,CONTEXT_ONLY_NOT_CALIBRATED
965,ro470,서울,임병주 산동칼국수,food,50.0,G01,서울특별시,서울특별시,province,PROVINCE_CONTEXT_ONLY,29.058116232464926,,False,0.0,CONTEXT_ONLY_NOT_CALIBRATED
966,ro471,부산,영진돼지국밥 본점,food,50.0,G01,부산광역시,부산광역시,province,PROVINCE_CONTEXT_ONLY,6.4128256513026045,,False,0.0,CONTEXT_ONLY_NOT_CALIBRATED
967,ro472,수원,수원화성 팔달문,herit,60.0,G08,경기도|수원시,경기도,municipality,UNIQUE_MUNICIPALITY_ALIAS,2.289935940084783,98.70689655172414,False,0.0,CONTEXT_ONLY_NOT_CALIBRATED
968,ro473,청송,달기약수터,sea,40.0,G05,경상북도|청송군,경상북도,municipality,UNIQUE_MUNICIPALITY_ALIAS,0.03603610818039675,7.974137931034483,False,0.0,CONTEXT_ONLY_NOT_CALIBRATED
969,ro474,정선,강원랜드,activity,90.0,G03,강원특별자치도|정선군,강원특별자치도,municipality,UNIQUE_MUNICIPALITY_ALIAS,0.09298597194388776,25.0,False,0.0,CONTEXT_ONLY_NOT_CALIBRATED
970,ro475,정선,로미지안가든,activity,90.0,G03,강원특별자치도|정선군,강원특별자치도,municipality,UNIQUE_MUNICIPALITY_ALIAS,0.09298597194388776,25.0,False,0.0,CONTEXT_ONLY_NOT_CALIBRATED
971,ro476,청주,국립청주박물관,herit,60.0,G08,충청북도|청주시,충청북도,municipality,UNIQUE_MUNICIPALITY_ALIAS,2.0180220581022184,96.55172413793103,False,0.0,CONTEXT_ONLY_NOT_CALIBRATED
972,ro477,용인,호암미술관,herit,60.0,G08,경기도|용인시,경기도,municipality,UNIQUE_MUNICIPALITY_ALIAS,2.265312972987097,98.27586206896552,False,0.0,CONTEXT_ONLY_NOT_CALIBRATED
973,ro478,철원,철원역사문화공원,heal,60.0,G04,강원특별자치도|철원군,강원특별자치도,municipality,UNIQUE_MUNICIPALITY_ALIAS,0.04168336673346693,9.913793103448276,False,0.0,CONTEXT_ONLY_NOT_CALIBRATED
974,ro479,청주,옥화자연휴양림,heal,60.0,G04,충청북도|청주시,충청북도,municipality,UNIQUE_MUNICIPALITY_ALIAS,2.0180220581022184,96.55172413793103,False,0.0,CONTEXT_ONLY_NOT_CALIBRATED
975,ro480,보성,벌교시장,food,50.0,G01,전남광주통합특별시|보성군,전남광주통합특별시,municipality,UNIQUE_MUNICIPALITY_ALIAS,0.0572002288009152,14.224137931034482,True,0.0,CONTEXT_ONLY_NOT_CALIBRATED
976,ro481,인천,솔찬공원,heal,60.0,G04,인천광역시,인천광역시,province,PROVINCE_CONTEXT_ONLY,5.310621242484969,,True,0.0,CONTEXT_ONLY_NOT_CALIBRATED
977,ro482,인천,롱비치파크,heal,60.0,G04,인천광역시,인천광역시,province,PROVINCE_CONTEXT_ONLY,5.310621242484969,,True,0.0,CONTEXT_ONLY_NOT_CALIBRATED
978,ro483,진주,초전공원,heal,60.0,G04,경상남도|진주시,경상남도,municipality,UNIQUE_MUNICIPALITY_ALIAS,0.2284569138276553,49.13793103448276,False,0.0,CONTEXT_ONLY_NOT_CALIBRATED
979,ro484,진주,지수승산부자마을,herit,60.0,G08,경상남도|진주시,경상남도,municipality,UNIQUE_MUNICIPALITY_ALIAS,0.2284569138276553,49.13793103448276,False,0.0,CONTEXT_ONLY_NOT_CALIBRATED
980,ro485,안동,안동소주전통음식박물관,herit,60.0,G08,경상북도|안동시,경상북도,municipality,UNIQUE_MUNICIPALITY_ALIAS,0.16936970844786475,43.53448275862069,False,0.0,CONTEXT_ONLY_NOT_CALIBRATED
981,ro486,산청,대원사,herit,60.0,G08,경상남도|산청군,경상남도,municipality,UNIQUE_MUNICIPALITY_ALIAS,0.07995991983967936,21.551724137931036,False,0.0,CONTEXT_ONLY_NOT_CALIBRATED
982,ro487,울릉,학포항,sea,40.0,G05,경상북도|울릉군,경상북도,municipality,UNIQUE_MUNICIPALITY_ALIAS,0.018018054090198375,0.43103448275862066,False,0.0,CONTEXT_ONLY_NOT_CALIBRATED
983,ro488,춘천,의암호스카이워크,activity,90.0,G03,강원특별자치도|춘천시,강원특별자치도,municipality,UNIQUE_MUNICIPALITY_ALIAS,0.3687374749498998,63.793103448275865,False,0.0,CONTEXT_ONLY_NOT_CALIBRATED
984,ro489,춘천,춘천중도물레길,activity,90.0,G03,강원특별자치도|춘천시,강원특별자치도,municipality,UNIQUE_MUNICIPALITY_ALIAS,0.3687374749498998,63.793103448275865,False,0.0,CONTEXT_ONLY_NOT_CALIBRATED
985,ro490,울릉,사동항(울릉도),sea,40.0,G05,경상북도|울릉군,경상북도,municipality,UNIQUE_MUNICIPALITY_ALIAS,0.018018054090198375,0.43103448275862066,False,0.0,CONTEXT_ONLY_NOT_CALIBRATED
986,ro491,함양,함양대봉산휴양밸리 대봉스카이랜드,activity,90.0,G03,경상남도|함양군,경상남도,municipality,UNIQUE_MUNICIPALITY_ALIAS,0.04188376753507014,10.344827586206897,False,0.0,CONTEXT_ONLY_NOT_CALIBRATED
987,ro492,울릉,내수전몽돌해변,sea,40.0,G05,경상북도|울릉군,경상북도,municipality,UNIQUE_MUNICIPALITY_ALIAS,0.018018054090198375,0.43103448275862066,False,0.0,CONTEXT_ONLY_NOT_CALIBRATED
988,ro493,울릉,천부항,sea,40.0,G05,경상북도|울릉군,경상북도,municipality,UNIQUE_MUNICIPALITY_ALIAS,0.018018054090198375,0.43103448275862066,False,0.0,CONTEXT_ONLY_NOT_CALIBRATED
989,ro494,남원,인월시장,food,50.0,G01,전북특별자치도|남원시,전북특별자치도,municipality,UNIQUE_MUNICIPALITY_ALIAS,0.10360721442885772,30.17241379310345,False,0.0,CONTEXT_ONLY_NOT_CALIBRATED
990,ro495,아산,모나밸리,activity,90.0,G03,충청남도|아산시,충청남도,municipality,UNIQUE_MUNICIPALITY_ALIAS,0.45285766728652493,70.6896551724138,False,0.0,CONTEXT_ONLY_NOT_CALIBRATED
991,ro496,천안,천안홍대용과학관,herit,60.0,G08,충청남도|천안시,충청남도,municipality,UNIQUE_MUNICIPALITY_ALIAS,1.1479415287030514,91.37931034482759,False,0.0,CONTEXT_ONLY_NOT_CALIBRATED
992,ro497,천안,아름다운정원 화수목,heal,60.0,G04,충청남도|천안시,충청남도,municipality,UNIQUE_MUNICIPALITY_ALIAS,1.1479415287030514,91.37931034482759,False,0.0,CONTEXT_ONLY_NOT_CALIBRATED
993,ro498,울산,작천정계곡,sea,40.0,G05,울산광역시,울산광역시,province,PROVINCE_CONTEXT_ONLY,1.5030060120240478,,False,0.0,CONTEXT_ONLY_NOT_CALIBRATED
994,ro499,용인,경기도어린이박물관,herit,60.0,G08,경기도|용인시,경기도,municipality,UNIQUE_MUNICIPALITY_ALIAS,2.265312972987097,98.27586206896552,False,0.0,CONTEXT_ONLY_NOT_CALIBRATED
995,ro501,용인,삼성화재 모빌리티뮤지엄,herit,60.0,G08,경기도|용인시,경기도,municipality,UNIQUE_MUNICIPALITY_ALIAS,2.265312972987097,98.27586206896552,False,0.0,CONTEXT_ONLY_NOT_CALIBRATED
996,ro502,양산,홍룡사,herit,60.0,G08,경상남도|양산시,경상남도,municipality,UNIQUE_MUNICIPALITY_ALIAS,0.3426853707414829,62.5,False,0.0,CONTEXT_ONLY_NOT_CALIBRATED
997,ro503,양평,양평군립미술관,herit,60.0,G08,경기도|양평군,경기도,municipality,UNIQUE_MUNICIPALITY_ALIAS,0.2462296709768584,51.508620689655174,False,0.0,CONTEXT_ONLY_NOT_CALIBRATED
998,ro504,여주,여주곤충박물관,herit,60.0,G08,경기도|여주시,경기도,municipality,UNIQUE_MUNICIPALITY_ALIAS,0.6648201116375178,82.54310344827586,False,0.0,CONTEXT_ONLY_NOT_CALIBRATED
999,ro505,고양,아쿠아플라넷 일산,activity,90.0,G03,경기도|고양시,경기도,municipality,UNIQUE_MUNICIPALITY_ALIAS,2.166821104596354,97.41379310344827,False,0.0,CONTEXT_ONLY_NOT_CALIBRATED
1000,ro506,여주,국가유산청 궁능유적본부 세종대왕유적관리소,herit,60.0,G08,경기도|여주시,경기도,municipality,UNIQUE_MUNICIPALITY_ALIAS,0.6648201116375178,82.54310344827586,False,0.0,CONTEXT_ONLY_NOT_CALIBRATED
1001,ro507,함양,용추계곡,sea,40.0,G05,경상남도|함양군,경상남도,municipality,UNIQUE_MUNICIPALITY_ALIAS,0.04188376753507014,10.344827586206897,False,0.0,CONTEXT_ONLY_NOT_CALIBRATED
1002,ro508,익산,국립익산박물관,herit,60.0,G08,전북특별자치도|익산시,전북특별자치도,municipality,UNIQUE_MUNICIPALITY_ALIAS,0.2226452905811623,48.706896551724135,False,0.0,CONTEXT_ONLY_NOT_CALIBRATED
1003,ro509,고창,넓은들 학원농장,heal,60.0,G04,전북특별자치도|고창군,전북특별자치도,municipality,UNIQUE_MUNICIPALITY_ALIAS,0.07715430861723448,21.120689655172413,False,0.0,CONTEXT_ONLY_NOT_CALIBRATED
1004,ro510,단양,구인사,herit,60.0,G08,충청북도|단양군,충청북도,municipality,UNIQUE_MUNICIPALITY_ALIAS,0.08408425242092575,22.413793103448278,False,0.0,CONTEXT_ONLY_NOT_CALIBRATED
1005,ro511,인제,국립방태산자연휴양림,heal,60.0,G04,강원특별자치도|인제군,강원특별자치도,municipality,UNIQUE_MUNICIPALITY_ALIAS,0.07054108216432865,17.887931034482758,False,0.0,CONTEXT_ONLY_NOT_CALIBRATED
1006,ro512,서울,영등포전통시장,food,50.0,G01,서울특별시,서울특별시,province,PROVINCE_CONTEXT_ONLY,29.058116232464926,,False,0.0,CONTEXT_ONLY_NOT_CALIBRATED
1007,ro513,서울,망원한강공원,heal,60.0,G04,서울특별시,서울특별시,province,PROVINCE_CONTEXT_ONLY,29.058116232464926,,False,0.0,CONTEXT_ONLY_NOT_CALIBRATED
1008,ro514,서울,난지한강공원,heal,60.0,G04,서울특별시,서울특별시,province,PROVINCE_CONTEXT_ONLY,29.058116232464926,,False,0.0,CONTEXT_ONLY_NOT_CALIBRATED
1009,ro515,서울,금남시장,food,50.0,G01,서울특별시,서울특별시,province,PROVINCE_CONTEXT_ONLY,29.058116232464926,,False,0.0,CONTEXT_ONLY_NOT_CALIBRATED
1010,ro516,파주,뮤지엄헤이,herit,60.0,G08,경기도|파주시,경기도,municipality,UNIQUE_MUNICIPALITY_ALIAS,0.7879349471259469,87.28448275862068,False,0.0,CONTEXT_ONLY_NOT_CALIBRATED
1011,ro517,부산,동부산우체국,food,50.0,G01,부산광역시,부산광역시,province,PROVINCE_CONTEXT_ONLY,6.4128256513026045,,False,0.0,CONTEXT_ONLY_NOT_CALIBRATED
1012,ro518,부산,피아크,activity,90.0,G03,부산광역시,부산광역시,province,PROVINCE_CONTEXT_ONLY,6.4128256513026045,,False,0.0,CONTEXT_ONLY_NOT_CALIBRATED
1013,ro519,양주,일영유원지,activity,90.0,G03,경기도|양주시,경기도,municipality,UNIQUE_MUNICIPALITY_ALIAS,0.39396747356297346,66.16379310344827,False,0.0,CONTEXT_ONLY_NOT_CALIBRATED
1014,ro520,원주,원주 강원감영,herit,60.0,G08,강원특별자치도|원주시,강원특별자치도,municipality,UNIQUE_MUNICIPALITY_ALIAS,0.4809619238476953,71.55172413793103,False,0.0,CONTEXT_ONLY_NOT_CALIBRATED
1015,ro521,서산,국립용현자연휴양림,heal,60.0,G04,충청남도|서산시,충청남도,municipality,UNIQUE_MUNICIPALITY_ALIAS,0.1965893749460883,46.98275862068966,False,0.0,CONTEXT_ONLY_NOT_CALIBRATED
1016,ro522,하동,스타웨이하동,activity,90.0,G03,경상남도|하동군,경상남도,municipality,UNIQUE_MUNICIPALITY_ALIAS,0.06092184368737475,15.517241379310345,False,0.0,CONTEXT_ONLY_NOT_CALIBRATED
1017,ro523,용인,포레스트아웃팅스 용인점,food,50.0,G01,경기도|용인시,경기도,municipality,UNIQUE_MUNICIPALITY_ALIAS,2.265312972987097,98.27586206896552,False,0.0,CONTEXT_ONLY_NOT_CALIBRATED
1018,ro525,김해,팥고방,food,50.0,G01,경상남도|김해시,경상남도,municipality,UNIQUE_MUNICIPALITY_ALIAS,0.6511022044088176,81.46551724137932,False,0.0,CONTEXT_ONLY_NOT_CALIBRATED
1019,ro526,철원,솔향기,food,50.0,G01,강원특별자치도|철원군,강원특별자치도,municipality,UNIQUE_MUNICIPALITY_ALIAS,0.04168336673346693,9.913793103448276,False,0.0,CONTEXT_ONLY_NOT_CALIBRATED
1020,ro527,대구,신천궁전떡볶이,food,50.0,G01,대구광역시,대구광역시,province,PROVINCE_CONTEXT_ONLY,3.707414829659318,,False,0.0,CONTEXT_ONLY_NOT_CALIBRATED
1021,ro528,영주,한결청국장,food,50.0,G01,경상북도|영주시,경상북도,municipality,UNIQUE_MUNICIPALITY_ALIAS,0.07567582717883319,20.689655172413794,False,0.0,CONTEXT_ONLY_NOT_CALIBRATED
1022,ro529,창녕,대중분식당,food,50.0,G01,경상남도|창녕군,경상남도,municipality,UNIQUE_MUNICIPALITY_ALIAS,0.11803607214428857,31.896551724137932,False,0.0,CONTEXT_ONLY_NOT_CALIBRATED
1023,ro530,창원,스타벅스 창원마창대교점,food,50.0,G01,경상남도|창원시,경상남도,municipality,UNIQUE_MUNICIPALITY_ALIAS,1.2869739478957913,93.96551724137932,False,0.0,CONTEXT_ONLY_NOT_CALIBRATED
1024,ro531,김해,대청마루카페사계,food,50.0,G01,경상남도|김해시,경상남도,municipality,UNIQUE_MUNICIPALITY_ALIAS,0.6511022044088176,81.46551724137932,False,0.0,CONTEXT_ONLY_NOT_CALIBRATED
1025,ro533,정읍,양자강,food,50.0,G01,전북특별자치도|정읍시,전북특별자치도,municipality,UNIQUE_MUNICIPALITY_ALIAS,0.09919839679358718,28.879310344827587,False,0.0,CONTEXT_ONLY_NOT_CALIBRATED
1026,ro534,함안,아라가야 함안점,food,50.0,G01,경상남도|함안군,경상남도,municipality,UNIQUE_MUNICIPALITY_ALIAS,0.17134268537074146,43.96551724137931,False,0.0,CONTEXT_ONLY_NOT_CALIBRATED
1027,ro535,서울,스타벅스 구의DT점,food,50.0,G01,서울특별시,서울특별시,province,PROVINCE_CONTEXT_ONLY,29.058116232464926,,False,0.0,CONTEXT_ONLY_NOT_CALIBRATED
1028,ro537,예산,백설농부,food,50.0,G01,충청남도|예산군,충청남도,municipality,UNIQUE_MUNICIPALITY_ALIAS,0.16850517852521854,42.88793103448276,False,0.0,CONTEXT_ONLY_NOT_CALIBRATED
1029,ro538,서울,감나무집기사식당,food,50.0,G01,서울특별시,서울특별시,province,PROVINCE_CONTEXT_ONLY,29.058116232464926,,False,0.0,CONTEXT_ONLY_NOT_CALIBRATED
1030,ro539,단양,보리곳간,food,50.0,G01,충청북도|단양군,충청북도,municipality,UNIQUE_MUNICIPALITY_ALIAS,0.08408425242092575,22.413793103448278,False,0.0,CONTEXT_ONLY_NOT_CALIBRATED
1031,ro541,부산,춘하추동밀면 서면본점,food,50.0,G01,부산광역시,부산광역시,province,PROVINCE_CONTEXT_ONLY,6.4128256513026045,,False,0.0,CONTEXT_ONLY_NOT_CALIBRATED
1032,ro542,대전,엑스포과학공원,heal,60.0,G04,대전광역시,대전광역시,province,PROVINCE_CONTEXT_ONLY,3.2064128256513023,,False,0.0,CONTEXT_ONLY_NOT_CALIBRATED
1033,ro543,수원,권선종합시장,food,50.0,G01,경기도|수원시,경기도,municipality,UNIQUE_MUNICIPALITY_ALIAS,2.289935940084783,98.70689655172414,False,0.0,CONTEXT_ONLY_NOT_CALIBRATED
1034,ro544,용인,용인농촌테마파크,activity,90.0,G03,경기도|용인시,경기도,municipality,UNIQUE_MUNICIPALITY_ALIAS,2.265312972987097,98.27586206896552,False,0.0,CONTEXT_ONLY_NOT_CALIBRATED
1035,ro545,창원,명서전통시장,food,50.0,G01,경상남도|창원시,경상남도,municipality,UNIQUE_MUNICIPALITY_ALIAS,1.2869739478957913,93.96551724137932,False,0.0,CONTEXT_ONLY_NOT_CALIBRATED
1036,ro546,충주,충주탄금공원(구 세계무술공원),heal,60.0,G04,충청북도|충주시,충청북도,municipality,UNIQUE_MUNICIPALITY_ALIAS,0.336337009683703,61.63793103448276,False,0.0,CONTEXT_ONLY_NOT_CALIBRATED
1037,ro547,단양,시루섬,sea,40.0,G05,충청북도|단양군,충청북도,municipality,UNIQUE_MUNICIPALITY_ALIAS,0.08408425242092575,22.413793103448278,False,0.0,CONTEXT_ONLY_NOT_CALIBRATED
1038,ro548,양산,내원사계곡,herit,60.0,G08,경상남도|양산시,경상남도,municipality,UNIQUE_MUNICIPALITY_ALIAS,0.3426853707414829,62.5,False,0.0,CONTEXT_ONLY_NOT_CALIBRATED
1039,ro549,청주,대청댐전망대,activity,90.0,G03,충청북도|청주시,충청북도,municipality,UNIQUE_MUNICIPALITY_ALIAS,2.0180220581022184,96.55172413793103,False,0.0,CONTEXT_ONLY_NOT_CALIBRATED
1040,ro550,청주,명암저수지,sea,40.0,G05,충청북도|청주시,충청북도,municipality,UNIQUE_MUNICIPALITY_ALIAS,2.0180220581022184,96.55172413793103,False,0.0,CONTEXT_ONLY_NOT_CALIBRATED
1041,ro551,전주,한국도로공사 전주수목원,activity,90.0,G03,전북특별자치도|전주시,전북특별자치도,municipality,UNIQUE_MUNICIPALITY_ALIAS,0.7384769539078156,86.20689655172414,False,0.0,CONTEXT_ONLY_NOT_CALIBRATED
1042,ro552,전주,전주월드컵경기장,activity,90.0,G03,전북특별자치도|전주시,전북특별자치도,municipality,UNIQUE_MUNICIPALITY_ALIAS,0.7384769539078156,86.20689655172414,False,0.0,CONTEXT_ONLY_NOT_CALIBRATED
1043,ro553,인천,송도컨벤시아,herit,60.0,G08,인천광역시,인천광역시,province,PROVINCE_CONTEXT_ONLY,5.310621242484969,,True,0.0,CONTEXT_ONLY_NOT_CALIBRATED
1044,ro554,인천,구월동로데오거리,activity,90.0,G03,인천광역시,인천광역시,province,PROVINCE_CONTEXT_ONLY,5.310621242484969,,True,0.0,CONTEXT_ONLY_NOT_CALIBRATED
1045,ro555,순천,아랫장,food,50.0,G01,전남광주통합특별시|순천시,전남광주통합특별시,municipality,UNIQUE_MUNICIPALITY_ALIAS,0.2728010912043648,55.172413793103445,True,0.0,CONTEXT_ONLY_NOT_CALIBRATED
1046,ro556,인천,모래내시장,food,50.0,G01,인천광역시,인천광역시,province,PROVINCE_CONTEXT_ONLY,5.310621242484969,,True,0.0,CONTEXT_ONLY_NOT_CALIBRATED
1047,ro558,안동,안동호 선성수상길,activity,90.0,G03,경상북도|안동시,경상북도,municipality,UNIQUE_MUNICIPALITY_ALIAS,0.16936970844786475,43.53448275862069,False,0.0,CONTEXT_ONLY_NOT_CALIBRATED
1048,ro559,인제,백담계곡,sea,40.0,G05,강원특별자치도|인제군,강원특별자치도,municipality,UNIQUE_MUNICIPALITY_ALIAS,0.07054108216432865,17.887931034482758,False,0.0,CONTEXT_ONLY_NOT_CALIBRATED
1049,ro560,안동,체화정,herit,60.0,G08,경상북도|안동시,경상북도,municipality,UNIQUE_MUNICIPALITY_ALIAS,0.16936970844786475,43.53448275862069,False,0.0,CONTEXT_ONLY_NOT_CALIBRATED
1050,ro561,춘천,국립춘천박물관,herit,60.0,G08,강원특별자치도|춘천시,강원특별자치도,municipality,UNIQUE_MUNICIPALITY_ALIAS,0.3687374749498998,63.793103448275865,False,0.0,CONTEXT_ONLY_NOT_CALIBRATED
1051,ro562,화순,남산공원,heal,60.0,G04,전남광주통합특별시|화순군,전남광주통합특별시,municipality,UNIQUE_MUNICIPALITY_ALIAS,0.0924003696014784,24.56896551724138,True,0.0,CONTEXT_ONLY_NOT_CALIBRATED
1052,ro563,창녕,창녕박물관,herit,60.0,G08,경상남도|창녕군,경상남도,municipality,UNIQUE_MUNICIPALITY_ALIAS,0.11803607214428857,31.896551724137932,False,0.0,CONTEXT_ONLY_NOT_CALIBRATED
1053,ro564,거창,백두산천지온천,heal,60.0,G04,경상남도|거창군,경상남도,municipality,UNIQUE_MUNICIPALITY_ALIAS,0.049498997995991986,12.931034482758621,False,0.0,CONTEXT_ONLY_NOT_CALIBRATED
1054,ro565,화순,동구리호수공원,heal,60.0,G04,전남광주통합특별시|화순군,전남광주통합특별시,municipality,UNIQUE_MUNICIPALITY_ALIAS,0.0924003696014784,24.56896551724138,True,0.0,CONTEXT_ONLY_NOT_CALIBRATED
1055,ro566,밀양,용두산달팽이전망대,activity,90.0,G03,경상남도|밀양시,경상남도,municipality,UNIQUE_MUNICIPALITY_ALIAS,0.09899799599198397,28.448275862068964,False,0.0,CONTEXT_ONLY_NOT_CALIBRATED
1056,ro567,천안,천안상록리조트 아쿠아피아,activity,90.0,G03,충청남도|천안시,충청남도,municipality,UNIQUE_MUNICIPALITY_ALIAS,1.1479415287030514,91.37931034482759,False,0.0,CONTEXT_ONLY_NOT_CALIBRATED
1057,ro568,창원,삼밀사,herit,60.0,G08,경상남도|창원시,경상남도,municipality,UNIQUE_MUNICIPALITY_ALIAS,1.2869739478957913,93.96551724137932,False,0.0,CONTEXT_ONLY_NOT_CALIBRATED
1058,ro569,담양,담양온천,heal,60.0,G04,전남광주통합특별시|담양군,전남광주통합특별시,municipality,UNIQUE_MUNICIPALITY_ALIAS,0.1056004224016896,30.603448275862068,True,0.0,CONTEXT_ONLY_NOT_CALIBRATED
1059,ro571,포천,국립운악산자연휴양림,heal,60.0,G04,경기도|포천시,경기도,municipality,UNIQUE_MUNICIPALITY_ALIAS,0.44321340775834517,69.82758620689656,False,0.0,CONTEXT_ONLY_NOT_CALIBRATED
1060,ro572,경기광주,중대물빛공원,heal,60.0,G04,경기도|광주시,경기도,municipality,EXPLICIT_PARENT_ALIAS,0.5170823090514027,73.27586206896552,False,0.0,CONTEXT_ONLY_NOT_CALIBRATED
1061,ro573,완도,완도청해진유적,herit,60.0,G08,전남광주통합특별시|완도군,전남광주통합특별시,municipality,UNIQUE_MUNICIPALITY_ALIAS,0.030800123200492798,5.172413793103448,True,0.0,CONTEXT_ONLY_NOT_CALIBRATED
1062,ro574,양평,더마구,activity,90.0,G03,경기도|양평군,경기도,municipality,UNIQUE_MUNICIPALITY_ALIAS,0.2462296709768584,51.508620689655174,False,0.0,CONTEXT_ONLY_NOT_CALIBRATED
1063,ro575,여주,한강문화관,activity,90.0,G03,경기도|여주시,경기도,municipality,UNIQUE_MUNICIPALITY_ALIAS,0.6648201116375178,82.54310344827586,False,0.0,CONTEXT_ONLY_NOT_CALIBRATED
1064,ro576,이천,테르메덴,heal,60.0,G04,경기도|이천시,경기도,municipality,UNIQUE_MUNICIPALITY_ALIAS,0.5663282432467742,76.9396551724138,False,0.0,CONTEXT_ONLY_NOT_CALIBRATED
1065,ro577,이천,이천설봉온천랜드,heal,60.0,G04,경기도|이천시,경기도,municipality,UNIQUE_MUNICIPALITY_ALIAS,0.5663282432467742,76.9396551724138,False,0.0,CONTEXT_ONLY_NOT_CALIBRATED
1066,ro578,예산,예당호 전망대,activity,90.0,G03,충청남도|예산군,충청남도,municipality,UNIQUE_MUNICIPALITY_ALIAS,0.16850517852521854,42.88793103448276,False,0.0,CONTEXT_ONLY_NOT_CALIBRATED
1067,ro579,함안,악양둑방,activity,90.0,G03,경상남도|함안군,경상남도,municipality,UNIQUE_MUNICIPALITY_ALIAS,0.17134268537074146,43.96551724137931,False,0.0,CONTEXT_ONLY_NOT_CALIBRATED
1068,ro580,인제,방동약수,sea,40.0,G05,강원특별자치도|인제군,강원특별자치도,municipality,UNIQUE_MUNICIPALITY_ALIAS,0.07054108216432865,17.887931034482758,False,0.0,CONTEXT_ONLY_NOT_CALIBRATED
1069,ro581,단양,단양강잔도,activity,90.0,G03,충청북도|단양군,충청북도,municipality,UNIQUE_MUNICIPALITY_ALIAS,0.08408425242092575,22.413793103448278,False,0.0,CONTEXT_ONLY_NOT_CALIBRATED
1070,ro582,서울,코엑스마곡 컨벤션센터,herit,60.0,G08,서울특별시,서울특별시,province,PROVINCE_CONTEXT_ONLY,29.058116232464926,,False,0.0,CONTEXT_ONLY_NOT_CALIBRATED
1071,ro583,서울,퐁피두센터 한화,herit,60.0,G08,서울특별시,서울특별시,province,PROVINCE_CONTEXT_ONLY,29.058116232464926,,False,0.0,CONTEXT_ONLY_NOT_CALIBRATED
1072,ro584,예산,윤봉길의사기념관,herit,60.0,G08,충청남도|예산군,충청남도,municipality,UNIQUE_MUNICIPALITY_ALIAS,0.16850517852521854,42.88793103448276,False,0.0,CONTEXT_ONLY_NOT_CALIBRATED
1073,ro585,서울,서울상상나라,herit,60.0,G08,서울특별시,서울특별시,province,PROVINCE_CONTEXT_ONLY,29.058116232464926,,False,0.0,CONTEXT_ONLY_NOT_CALIBRATED
1074,ro586,서울,더숲아카데미하우스,activity,90.0,G03,서울특별시,서울특별시,province,PROVINCE_CONTEXT_ONLY,29.058116232464926,,False,0.0,CONTEXT_ONLY_NOT_CALIBRATED
1075,ro587,서울,김창열화가의집,herit,60.0,G08,서울특별시,서울특별시,province,PROVINCE_CONTEXT_ONLY,29.058116232464926,,False,0.0,CONTEXT_ONLY_NOT_CALIBRATED
1076,ro588,서울,블루스퀘어,activity,90.0,G03,서울특별시,서울특별시,province,PROVINCE_CONTEXT_ONLY,29.058116232464926,,False,0.0,CONTEXT_ONLY_NOT_CALIBRATED
1077,ro589,서울,마장축산물시장,food,50.0,G01,서울특별시,서울특별시,province,PROVINCE_CONTEXT_ONLY,29.058116232464926,,False,0.0,CONTEXT_ONLY_NOT_CALIBRATED
1078,ro590,서울,도산근린공원,heal,60.0,G04,서울특별시,서울특별시,province,PROVINCE_CONTEXT_ONLY,29.058116232464926,,False,0.0,CONTEXT_ONLY_NOT_CALIBRATED
1079,ro591,부산,서원시장,food,50.0,G01,부산광역시,부산광역시,province,PROVINCE_CONTEXT_ONLY,6.4128256513026045,,False,0.0,CONTEXT_ONLY_NOT_CALIBRATED
1080,ro592,부산,민락회타운시장,food,50.0,G01,부산광역시,부산광역시,province,PROVINCE_CONTEXT_ONLY,6.4128256513026045,,False,0.0,CONTEXT_ONLY_NOT_CALIBRATED
1081,ro593,원주,오크밸리CC,activity,90.0,G03,강원특별자치도|원주시,강원특별자치도,municipality,UNIQUE_MUNICIPALITY_ALIAS,0.4809619238476953,71.55172413793103,False,0.0,CONTEXT_ONLY_NOT_CALIBRATED
1082,ro594,원주,오크밸리리조트 빌리지센터,activity,90.0,G03,강원특별자치도|원주시,강원특별자치도,municipality,UNIQUE_MUNICIPALITY_ALIAS,0.4809619238476953,71.55172413793103,False,0.0,CONTEXT_ONLY_NOT_CALIBRATED
1083,ro595,합천,금관식당,food,50.0,G01,경상남도|합천군,경상남도,municipality,UNIQUE_MUNICIPALITY_ALIAS,0.0342685370741483,6.4655172413793105,False,0.0,CONTEXT_ONLY_NOT_CALIBRATED
1084,ro596,고성,군령포 하모자연산횟집,food,50.0,G01,,,unresolved,AMBIGUOUS_NAME,,,False,0.0,CONTEXT_ONLY_NOT_CALIBRATED
1085,ro597,문경,뉴욕제과,food,50.0,G01,경상북도|문경시,경상북도,municipality,UNIQUE_MUNICIPALITY_ALIAS,0.1477480435396267,37.93103448275862,False,0.0,CONTEXT_ONLY_NOT_CALIBRATED
1086,ro598,함안,대구식당,food,50.0,G01,경상남도|함안군,경상남도,municipality,UNIQUE_MUNICIPALITY_ALIAS,0.17134268537074146,43.96551724137931,False,0.0,CONTEXT_ONLY_NOT_CALIBRATED
1087,ro599,밀양,달리아커피 단장면,food,50.0,G01,경상남도|밀양시,경상남도,municipality,UNIQUE_MUNICIPALITY_ALIAS,0.09899799599198397,28.448275862068964,False,0.0,CONTEXT_ONLY_NOT_CALIBRATED
1088,ro600,용인,어로프슬라이스피스,food,50.0,G01,경기도|용인시,경기도,municipality,UNIQUE_MUNICIPALITY_ALIAS,2.265312972987097,98.27586206896552,False,0.0,CONTEXT_ONLY_NOT_CALIBRATED
1089,ro601,창원,시티베이,food,50.0,G01,경상남도|창원시,경상남도,municipality,UNIQUE_MUNICIPALITY_ALIAS,1.2869739478957913,93.96551724137932,False,0.0,CONTEXT_ONLY_NOT_CALIBRATED
1090,ro602,서산,진국집,food,50.0,G01,충청남도|서산시,충청남도,municipality,UNIQUE_MUNICIPALITY_ALIAS,0.1965893749460883,46.98275862068966,False,0.0,CONTEXT_ONLY_NOT_CALIBRATED
1091,ro603,서산,냉면만허유,food,50.0,G01,충청남도|서산시,충청남도,municipality,UNIQUE_MUNICIPALITY_ALIAS,0.1965893749460883,46.98275862068966,False,0.0,CONTEXT_ONLY_NOT_CALIBRATED
1092,ro604,양산,순지카페,food,50.0,G01,경상남도|양산시,경상남도,municipality,UNIQUE_MUNICIPALITY_ALIAS,0.3426853707414829,62.5,False,0.0,CONTEXT_ONLY_NOT_CALIBRATED
1093,ro605,고양,배다골베이커리 포레,food,50.0,G01,경기도|고양시,경기도,municipality,UNIQUE_MUNICIPALITY_ALIAS,2.166821104596354,97.41379310344827,False,0.0,CONTEXT_ONLY_NOT_CALIBRATED
1094,ro606,고양,고자리냉면 본점,food,50.0,G01,경기도|고양시,경기도,municipality,UNIQUE_MUNICIPALITY_ALIAS,2.166821104596354,97.41379310344827,False,0.0,CONTEXT_ONLY_NOT_CALIBRATED
1095,ro607,서울,어나더사이드,food,50.0,G01,서울특별시,서울특별시,province,PROVINCE_CONTEXT_ONLY,29.058116232464926,,False,0.0,CONTEXT_ONLY_NOT_CALIBRATED
1096,ro608,서울,함경도찹쌀순대,food,50.0,G01,서울특별시,서울특별시,province,PROVINCE_CONTEXT_ONLY,29.058116232464926,,False,0.0,CONTEXT_ONLY_NOT_CALIBRATED
1097,ro609,서울,스타벅스 연희DT점,food,50.0,G01,서울특별시,서울특별시,province,PROVINCE_CONTEXT_ONLY,29.058116232464926,,False,0.0,CONTEXT_ONLY_NOT_CALIBRATED
1098,ro610,부산,해운대기와집대구탕,food,50.0,G01,부산광역시,부산광역시,province,PROVINCE_CONTEXT_ONLY,6.4128256513026045,,False,0.0,CONTEXT_ONLY_NOT_CALIBRATED
1099,ro611,거창,허브팜민들레울,food,50.0,G01,경상남도|거창군,경상남도,municipality,UNIQUE_MUNICIPALITY_ALIAS,0.049498997995991986,12.931034482758621,False,0.0,CONTEXT_ONLY_NOT_CALIBRATED
1100,ro612,대전,대전컨벤션센터,herit,60.0,G08,대전광역시,대전광역시,province,PROVINCE_CONTEXT_ONLY,3.2064128256513023,,False,0.0,CONTEXT_ONLY_NOT_CALIBRATED
1101,ro613,대전,중리전통시장,food,50.0,G01,대전광역시,대전광역시,province,PROVINCE_CONTEXT_ONLY,3.2064128256513023,,False,0.0,CONTEXT_ONLY_NOT_CALIBRATED
1102,ro614,수원,수원컨벤션센터,herit,60.0,G08,경기도|수원시,경기도,municipality,UNIQUE_MUNICIPALITY_ALIAS,2.289935940084783,98.70689655172414,False,0.0,CONTEXT_ONLY_NOT_CALIBRATED
1103,ro615,양산,양산타워,activity,90.0,G03,경상남도|양산시,경상남도,municipality,UNIQUE_MUNICIPALITY_ALIAS,0.3426853707414829,62.5,False,0.0,CONTEXT_ONLY_NOT_CALIBRATED
1104,ro616,수원,구매탄시장,food,50.0,G01,경기도|수원시,경기도,municipality,UNIQUE_MUNICIPALITY_ALIAS,2.289935940084783,98.70689655172414,False,0.0,CONTEXT_ONLY_NOT_CALIBRATED
1105,ro617,수원,북수원온천,heal,60.0,G04,경기도|수원시,경기도,municipality,UNIQUE_MUNICIPALITY_ALIAS,2.289935940084783,98.70689655172414,False,0.0,CONTEXT_ONLY_NOT_CALIBRATED
1106,ro618,수원,화서시장,food,50.0,G01,경기도|수원시,경기도,municipality,UNIQUE_MUNICIPALITY_ALIAS,2.289935940084783,98.70689655172414,False,0.0,CONTEXT_ONLY_NOT_CALIBRATED
1107,ro619,수원,방화수류정,herit,60.0,G08,경기도|수원시,경기도,municipality,UNIQUE_MUNICIPALITY_ALIAS,2.289935940084783,98.70689655172414,False,0.0,CONTEXT_ONLY_NOT_CALIBRATED
1108,ro620,대구,수성유원지,activity,90.0,G03,대구광역시,대구광역시,province,PROVINCE_CONTEXT_ONLY,3.707414829659318,,False,0.0,CONTEXT_ONLY_NOT_CALIBRATED
1109,ro622,완주,전북특별자치도립미술관,herit,60.0,G08,전북특별자치도|완주군,전북특별자치도,municipality,UNIQUE_MUNICIPALITY_ALIAS,0.18296593186372748,45.689655172413794,False,0.0,CONTEXT_ONLY_NOT_CALIBRATED
1110,ro623,대구,수성시장,food,50.0,G01,대구광역시,대구광역시,province,PROVINCE_CONTEXT_ONLY,3.707414829659318,,False,0.0,CONTEXT_ONLY_NOT_CALIBRATED
1111,ro624,인천,토지금고시장,food,50.0,G01,인천광역시,인천광역시,province,PROVINCE_CONTEXT_ONLY,5.310621242484969,,True,0.0,CONTEXT_ONLY_NOT_CALIBRATED
1112,ro625,인천,신기시장,food,50.0,G01,인천광역시,인천광역시,province,PROVINCE_CONTEXT_ONLY,5.310621242484969,,True,0.0,CONTEXT_ONLY_NOT_CALIBRATED
1113,ro626,봉화,청량사 유리보전,herit,60.0,G08,경상북도|봉화군,경상북도,municipality,UNIQUE_MUNICIPALITY_ALIAS,0.025225275726277727,3.4482758620689653,False,0.0,CONTEXT_ONLY_NOT_CALIBRATED
1114,ro627,인천,인스파이어 아레나,activity,90.0,G03,인천광역시,인천광역시,province,PROVINCE_CONTEXT_ONLY,5.310621242484969,,True,0.0,CONTEXT_ONLY_NOT_CALIBRATED
1115,ro628,담양,딜라이트 담양,herit,60.0,G08,전남광주통합특별시|담양군,전남광주통합특별시,municipality,UNIQUE_MUNICIPALITY_ALIAS,0.1056004224016896,30.603448275862068,True,0.0,CONTEXT_ONLY_NOT_CALIBRATED
1116,ro629,인천,인천도시역사관,herit,60.0,G08,인천광역시,인천광역시,province,PROVINCE_CONTEXT_ONLY,5.310621242484969,,True,0.0,CONTEXT_ONLY_NOT_CALIBRATED
1117,ro630,영주,선비세상,activity,90.0,G03,경상북도|영주시,경상북도,municipality,UNIQUE_MUNICIPALITY_ALIAS,0.07567582717883319,20.689655172413794,False,0.0,CONTEXT_ONLY_NOT_CALIBRATED
1118,ro631,문경,문경에코월드,activity,90.0,G03,경상북도|문경시,경상북도,municipality,UNIQUE_MUNICIPALITY_ALIAS,0.1477480435396267,37.93103448275862,False,0.0,CONTEXT_ONLY_NOT_CALIBRATED
1119,ro632,함양,농월정,activity,90.0,G03,경상남도|함양군,경상남도,municipality,UNIQUE_MUNICIPALITY_ALIAS,0.04188376753507014,10.344827586206897,False,0.0,CONTEXT_ONLY_NOT_CALIBRATED
1120,ro633,전주,전주난장,herit,60.0,G08,전북특별자치도|전주시,전북특별자치도,municipality,UNIQUE_MUNICIPALITY_ALIAS,0.7384769539078156,86.20689655172414,False,0.0,CONTEXT_ONLY_NOT_CALIBRATED
1121,ro634,울산,울산암각화박물관,herit,60.0,G08,울산광역시,울산광역시,province,PROVINCE_CONTEXT_ONLY,1.5030060120240478,,False,0.0,CONTEXT_ONLY_NOT_CALIBRATED
1122,ro635,무주,백련사,herit,60.0,G08,전북특별자치도|무주군,전북특별자치도,municipality,UNIQUE_MUNICIPALITY_ALIAS,0.05511022044088176,13.362068965517242,False,0.0,CONTEXT_ONLY_NOT_CALIBRATED
1123,ro636,남원,춘향골 공설시장,food,50.0,G01,전북특별자치도|남원시,전북특별자치도,municipality,UNIQUE_MUNICIPALITY_ALIAS,0.10360721442885772,30.17241379310345,False,0.0,CONTEXT_ONLY_NOT_CALIBRATED
1124,ro637,창원,안민고개 만남전망대,activity,90.0,G03,경상남도|창원시,경상남도,municipality,UNIQUE_MUNICIPALITY_ALIAS,1.2869739478957913,93.96551724137932,False,0.0,CONTEXT_ONLY_NOT_CALIBRATED
1125,ro638,용인,법륜사,herit,60.0,G08,경기도|용인시,경기도,municipality,UNIQUE_MUNICIPALITY_ALIAS,2.265312972987097,98.27586206896552,False,0.0,CONTEXT_ONLY_NOT_CALIBRATED
1126,ro639,창원,안민고개 벚꽃길,activity,90.0,G03,경상남도|창원시,경상남도,municipality,UNIQUE_MUNICIPALITY_ALIAS,1.2869739478957913,93.96551724137932,False,0.0,CONTEXT_ONLY_NOT_CALIBRATED
1127,ro640,창원,불모산노을전망대,activity,90.0,G03,경상남도|창원시,경상남도,municipality,UNIQUE_MUNICIPALITY_ALIAS,1.2869739478957913,93.96551724137932,False,0.0,CONTEXT_ONLY_NOT_CALIBRATED
1128,ro641,창원,창원축구센터,activity,90.0,G03,경상남도|창원시,경상남도,municipality,UNIQUE_MUNICIPALITY_ALIAS,1.2869739478957913,93.96551724137932,False,0.0,CONTEXT_ONLY_NOT_CALIBRATED
1129,ro642,함안,입곡군립공원,heal,60.0,G04,경상남도|함안군,경상남도,municipality,UNIQUE_MUNICIPALITY_ALIAS,0.17134268537074146,43.96551724137931,False,0.0,CONTEXT_ONLY_NOT_CALIBRATED
1130,ro643,밀양,금시당유원지,activity,90.0,G03,경상남도|밀양시,경상남도,municipality,UNIQUE_MUNICIPALITY_ALIAS,0.09899799599198397,28.448275862068964,False,0.0,CONTEXT_ONLY_NOT_CALIBRATED
1131,ro644,김해,김해시립김영원미술관,herit,60.0,G08,경상남도|김해시,경상남도,municipality,UNIQUE_MUNICIPALITY_ALIAS,0.6511022044088176,81.46551724137932,False,0.0,CONTEXT_ONLY_NOT_CALIBRATED
1132,ro645,정읍,정읍시립박물관,herit,60.0,G08,전북특별자치도|정읍시,전북특별자치도,municipality,UNIQUE_MUNICIPALITY_ALIAS,0.09919839679358718,28.879310344827587,False,0.0,CONTEXT_ONLY_NOT_CALIBRATED
1133,ro646,양산,임경대,herit,60.0,G08,경상남도|양산시,경상남도,municipality,UNIQUE_MUNICIPALITY_ALIAS,0.3426853707414829,62.5,False,0.0,CONTEXT_ONLY_NOT_CALIBRATED
1134,ro647,단양,보발재전망대,activity,90.0,G03,충청북도|단양군,충청북도,municipality,UNIQUE_MUNICIPALITY_ALIAS,0.08408425242092575,22.413793103448278,False,0.0,CONTEXT_ONLY_NOT_CALIBRATED
1135,ro648,양평,양수리전통시장,food,50.0,G01,경기도|양평군,경기도,municipality,UNIQUE_MUNICIPALITY_ALIAS,0.2462296709768584,51.508620689655174,False,0.0,CONTEXT_ONLY_NOT_CALIBRATED
1136,ro649,완도,완도항 제3부두,sea,40.0,G05,전남광주통합특별시|완도군,전남광주통합특별시,municipality,UNIQUE_MUNICIPALITY_ALIAS,0.030800123200492798,5.172413793103448,True,0.0,CONTEXT_ONLY_NOT_CALIBRATED
1137,ro650,가평,가평군어린이음악놀이터,activity,90.0,G03,경기도|가평군,경기도,municipality,UNIQUE_MUNICIPALITY_ALIAS,0.27085263807454424,54.741379310344826,False,0.0,CONTEXT_ONLY_NOT_CALIBRATED
1138,ro651,남양주,다산생태공원,heal,60.0,G04,경기도|남양주시,경기도,municipality,UNIQUE_MUNICIPALITY_ALIAS,0.8864268155166903,88.79310344827586,False,0.0,CONTEXT_ONLY_NOT_CALIBRATED
1139,ro652,함양,지리산함양시장,food,50.0,G01,경상남도|함양군,경상남도,municipality,UNIQUE_MUNICIPALITY_ALIAS,0.04188376753507014,10.344827586206897,False,0.0,CONTEXT_ONLY_NOT_CALIBRATED
1140,ro653,여주,여주박물관,herit,60.0,G08,경기도|여주시,경기도,municipality,UNIQUE_MUNICIPALITY_ALIAS,0.6648201116375178,82.54310344827586,False,0.0,CONTEXT_ONLY_NOT_CALIBRATED
1141,ro654,거창,거창전통시장,food,50.0,G01,경상남도|거창군,경상남도,municipality,UNIQUE_MUNICIPALITY_ALIAS,0.049498997995991986,12.931034482758621,False,0.0,CONTEXT_ONLY_NOT_CALIBRATED
1142,ro655,상주,장각폭포,sea,40.0,G05,경상북도|상주시,경상북도,municipality,UNIQUE_MUNICIPALITY_ALIAS,0.09369388126903157,25.43103448275862,False,0.0,CONTEXT_ONLY_NOT_CALIBRATED
1143,ro656,장성,남창계곡,sea,40.0,G05,전남광주통합특별시|장성군,전남광주통합특별시,municipality,UNIQUE_MUNICIPALITY_ALIAS,0.12320049280197119,34.48275862068966,True,0.0,CONTEXT_ONLY_NOT_CALIBRATED
1144,ro657,익산,미륵사지석탑,herit,60.0,G08,전북특별자치도|익산시,전북특별자치도,municipality,UNIQUE_MUNICIPALITY_ALIAS,0.2226452905811623,48.706896551724135,False,0.0,CONTEXT_ONLY_NOT_CALIBRATED
1145,ro658,포천,천보산자연휴양림,heal,60.0,G04,경기도|포천시,경기도,municipality,UNIQUE_MUNICIPALITY_ALIAS,0.44321340775834517,69.82758620689656,False,0.0,CONTEXT_ONLY_NOT_CALIBRATED
1146,ro659,고양,행주산성,herit,60.0,G08,경기도|고양시,경기도,municipality,UNIQUE_MUNICIPALITY_ALIAS,2.166821104596354,97.41379310344827,False,0.0,CONTEXT_ONLY_NOT_CALIBRATED
1147,ro660,인제,십이선녀탕계곡,sea,40.0,G05,강원특별자치도|인제군,강원특별자치도,municipality,UNIQUE_MUNICIPALITY_ALIAS,0.07054108216432865,17.887931034482758,False,0.0,CONTEXT_ONLY_NOT_CALIBRATED
1148,ro661,서울,진관사,herit,60.0,G08,서울특별시,서울특별시,province,PROVINCE_CONTEXT_ONLY,29.058116232464926,,False,0.0,CONTEXT_ONLY_NOT_CALIBRATED
1149,ro662,서울,신창시장,food,50.0,G01,서울특별시,서울특별시,province,PROVINCE_CONTEXT_ONLY,29.058116232464926,,False,0.0,CONTEXT_ONLY_NOT_CALIBRATED
1150,ro663,서울,우림시장,food,50.0,G01,서울특별시,서울특별시,province,PROVINCE_CONTEXT_ONLY,29.058116232464926,,False,0.0,CONTEXT_ONLY_NOT_CALIBRATED
1151,ro665,서울,초안산 수국동산,heal,60.0,G04,서울특별시,서울특별시,province,PROVINCE_CONTEXT_ONLY,29.058116232464926,,False,0.0,CONTEXT_ONLY_NOT_CALIBRATED
1152,ro666,서울,서울스카이,activity,90.0,G03,서울특별시,서울특별시,province,PROVINCE_CONTEXT_ONLY,29.058116232464926,,False,0.0,CONTEXT_ONLY_NOT_CALIBRATED
1153,ro667,부산,홍법사,herit,60.0,G08,부산광역시,부산광역시,province,PROVINCE_CONTEXT_ONLY,6.4128256513026045,,False,0.0,CONTEXT_ONLY_NOT_CALIBRATED
1154,ro668,당진,한진포구 전망대,activity,90.0,G03,충청남도|당진시,충청남도,municipality,UNIQUE_MUNICIPALITY_ALIAS,0.3194577342873935,60.3448275862069,False,0.0,CONTEXT_ONLY_NOT_CALIBRATED
1155,ro669,고양,원당시장,food,50.0,G01,경기도|고양시,경기도,municipality,UNIQUE_MUNICIPALITY_ALIAS,2.166821104596354,97.41379310344827,False,0.0,CONTEXT_ONLY_NOT_CALIBRATED
1156,ro670,서산,보원사지 오층석탑,herit,60.0,G08,충청남도|서산시,충청남도,municipality,UNIQUE_MUNICIPALITY_ALIAS,0.1965893749460883,46.98275862068966,False,0.0,CONTEXT_ONLY_NOT_CALIBRATED
1157,ro671,서울,은평한옥마을,herit,60.0,G08,서울특별시,서울특별시,province,PROVINCE_CONTEXT_ONLY,29.058116232464926,,False,0.0,CONTEXT_ONLY_NOT_CALIBRATED
1158,ro672,용인,호수앉기,food,50.0,G01,경기도|용인시,경기도,municipality,UNIQUE_MUNICIPALITY_ALIAS,2.265312972987097,98.27586206896552,False,0.0,CONTEXT_ONLY_NOT_CALIBRATED
1159,ro673,수원,진미통닭,food,50.0,G01,경기도|수원시,경기도,municipality,UNIQUE_MUNICIPALITY_ALIAS,2.289935940084783,98.70689655172414,False,0.0,CONTEXT_ONLY_NOT_CALIBRATED
1160,ro674,충주,원조중앙탑막국수 충주단월점,food,50.0,G01,충청북도|충주시,충청북도,municipality,UNIQUE_MUNICIPALITY_ALIAS,0.336337009683703,61.63793103448276,False,0.0,CONTEXT_ONLY_NOT_CALIBRATED
1161,ro675,보은,일상화글램핑,food,50.0,G01,충청북도|보은군,충청북도,municipality,UNIQUE_MUNICIPALITY_ALIAS,0.05605616828061718,13.793103448275861,False,0.0,CONTEXT_ONLY_NOT_CALIBRATED
1162,ro676,대구,아페산,food,50.0,G01,대구광역시,대구광역시,province,PROVINCE_CONTEXT_ONLY,3.707414829659318,,False,0.0,CONTEXT_ONLY_NOT_CALIBRATED
1163,ro677,봉화,비진숲커피,food,50.0,G01,경상북도|봉화군,경상북도,municipality,UNIQUE_MUNICIPALITY_ALIAS,0.025225275726277727,3.4482758620689653,False,0.0,CONTEXT_ONLY_NOT_CALIBRATED
1164,ro678,합천,적사부,food,50.0,G01,경상남도|합천군,경상남도,municipality,UNIQUE_MUNICIPALITY_ALIAS,0.0342685370741483,6.4655172413793105,False,0.0,CONTEXT_ONLY_NOT_CALIBRATED
1165,ro679,창원,바다아라,food,50.0,G01,경상남도|창원시,경상남도,municipality,UNIQUE_MUNICIPALITY_ALIAS,1.2869739478957913,93.96551724137932,False,0.0,CONTEXT_ONLY_NOT_CALIBRATED
1166,ro680,정읍,대일정,food,50.0,G01,전북특별자치도|정읍시,전북특별자치도,municipality,UNIQUE_MUNICIPALITY_ALIAS,0.09919839679358718,28.879310344827587,False,0.0,CONTEXT_ONLY_NOT_CALIBRATED
1167,ro681,함양,카페오도재,food,50.0,G01,경상남도|함양군,경상남도,municipality,UNIQUE_MUNICIPALITY_ALIAS,0.04188376753507014,10.344827586206897,False,0.0,CONTEXT_ONLY_NOT_CALIBRATED
1168,ro682,장성,알콩달콩,food,50.0,G01,전남광주통합특별시|장성군,전남광주통합특별시,municipality,UNIQUE_MUNICIPALITY_ALIAS,0.12320049280197119,34.48275862068966,True,0.0,CONTEXT_ONLY_NOT_CALIBRATED
1169,ro683,서울,서일순대국 별관,food,50.0,G01,서울특별시,서울특별시,province,PROVINCE_CONTEXT_ONLY,29.058116232464926,,False,0.0,CONTEXT_ONLY_NOT_CALIBRATED
1170,ro685,부산,남천리녹차팥빙수,food,50.0,G01,부산광역시,부산광역시,province,PROVINCE_CONTEXT_ONLY,6.4128256513026045,,False,0.0,CONTEXT_ONLY_NOT_CALIBRATED
1171,ro686,부산,국제밀면 본점,food,50.0,G01,부산광역시,부산광역시,province,PROVINCE_CONTEXT_ONLY,6.4128256513026045,,False,0.0,CONTEXT_ONLY_NOT_CALIBRATED
1172,ro687,부산,리초야 밀락더마켓점,food,50.0,G01,부산광역시,부산광역시,province,PROVINCE_CONTEXT_ONLY,6.4128256513026045,,False,0.0,CONTEXT_ONLY_NOT_CALIBRATED
1173,ro688,부산,이재모피자 명지대방점,food,50.0,G01,부산광역시,부산광역시,province,PROVINCE_CONTEXT_ONLY,6.4128256513026045,,False,0.0,CONTEXT_ONLY_NOT_CALIBRATED
1174,ro689,서울,서울물빛나루 1호 홍제천 카페폭포,food,50.0,G01,서울특별시,서울특별시,province,PROVINCE_CONTEXT_ONLY,29.058116232464926,,False,0.0,CONTEXT_ONLY_NOT_CALIBRATED
1175,ro690,대전,대전컨벤션센터 제2전시장,herit,60.0,G08,대전광역시,대전광역시,province,PROVINCE_CONTEXT_ONLY,3.2064128256513023,,False,0.0,CONTEXT_ONLY_NOT_CALIBRATED
1176,ro691,충주,수주팔봉,sea,40.0,G05,충청북도|충주시,충청북도,municipality,UNIQUE_MUNICIPALITY_ALIAS,0.336337009683703,61.63793103448276,False,0.0,CONTEXT_ONLY_NOT_CALIBRATED
1177,ro693,용인,기흥호수공원,heal,60.0,G04,경기도|용인시,경기도,municipality,UNIQUE_MUNICIPALITY_ALIAS,2.265312972987097,98.27586206896552,False,0.0,CONTEXT_ONLY_NOT_CALIBRATED
1178,ro694,충주,계명산자연휴양림,heal,60.0,G04,충청북도|충주시,충청북도,municipality,UNIQUE_MUNICIPALITY_ALIAS,0.336337009683703,61.63793103448276,False,0.0,CONTEXT_ONLY_NOT_CALIBRATED
1179,ro695,수원,수원박물관,herit,60.0,G08,경기도|수원시,경기도,municipality,UNIQUE_MUNICIPALITY_ALIAS,2.289935940084783,98.70689655172414,False,0.0,CONTEXT_ONLY_NOT_CALIBRATED
1180,ro696,충주,충주자유시장,food,50.0,G01,충청북도|충주시,충청북도,municipality,UNIQUE_MUNICIPALITY_ALIAS,0.336337009683703,61.63793103448276,False,0.0,CONTEXT_ONLY_NOT_CALIBRATED
1181,ro697,대전,대전시립박물관,herit,60.0,G08,대전광역시,대전광역시,province,PROVINCE_CONTEXT_ONLY,3.2064128256513023,,False,0.0,CONTEXT_ONLY_NOT_CALIBRATED
1182,ro698,보은,말티재 전망대,activity,90.0,G03,충청북도|보은군,충청북도,municipality,UNIQUE_MUNICIPALITY_ALIAS,0.05605616828061718,13.793103448275861,False,0.0,CONTEXT_ONLY_NOT_CALIBRATED
1183,ro699,청주,수암골전망대,activity,90.0,G03,충청북도|청주시,충청북도,municipality,UNIQUE_MUNICIPALITY_ALIAS,2.0180220581022184,96.55172413793103,False,0.0,CONTEXT_ONLY_NOT_CALIBRATED
1184,ro700,전주,금성당,activity,90.0,G03,전북특별자치도|전주시,전북특별자치도,municipality,UNIQUE_MUNICIPALITY_ALIAS,0.7384769539078156,86.20689655172414,False,0.0,CONTEXT_ONLY_NOT_CALIBRATED
1185,ro701,익산,백제왕궁박물관,herit,60.0,G08,전북특별자치도|익산시,전북특별자치도,municipality,UNIQUE_MUNICIPALITY_ALIAS,0.2226452905811623,48.706896551724135,False,0.0,CONTEXT_ONLY_NOT_CALIBRATED
1186,ro702,평창,흥정계곡,sea,40.0,G05,강원특별자치도|평창군,강원특별자치도,municipality,UNIQUE_MUNICIPALITY_ALIAS,0.18917835671342684,46.12068965517241,False,0.0,CONTEXT_ONLY_NOT_CALIBRATED
1187,ro703,인천,인천SSG랜더스필드,activity,90.0,G03,인천광역시,인천광역시,province,PROVINCE_CONTEXT_ONLY,5.310621242484969,,True,0.0,CONTEXT_ONLY_NOT_CALIBRATED
1188,ro704,보성,주월산패러글라이딩장,activity,90.0,G03,전남광주통합특별시|보성군,전남광주통합특별시,municipality,UNIQUE_MUNICIPALITY_ALIAS,0.0572002288009152,14.224137931034482,True,0.0,CONTEXT_ONLY_NOT_CALIBRATED
1189,ro705,인천,신도,sea,40.0,G05,인천광역시,인천광역시,province,PROVINCE_CONTEXT_ONLY,5.310621242484969,,True,0.0,CONTEXT_ONLY_NOT_CALIBRATED
1190,ro706,인천,인천광역시립박물관,herit,60.0,G08,인천광역시,인천광역시,province,PROVINCE_CONTEXT_ONLY,5.310621242484969,,True,0.0,CONTEXT_ONLY_NOT_CALIBRATED
1191,ro707,장흥,정남진 장흥 물축제,activity,90.0,G03,전남광주통합특별시|장흥군,전남광주통합특별시,municipality,UNIQUE_MUNICIPALITY_ALIAS,0.035200140800563204,7.327586206896552,True,0.0,CONTEXT_ONLY_NOT_CALIBRATED
1192,ro708,인천,화도진공원,heal,60.0,G04,인천광역시,인천광역시,province,PROVINCE_CONTEXT_ONLY,5.310621242484969,,True,0.0,CONTEXT_ONLY_NOT_CALIBRATED
1193,ro709,인천,영종씨사이드 레일바이크,activity,90.0,G03,인천광역시,인천광역시,province,PROVINCE_CONTEXT_ONLY,5.310621242484969,,True,0.0,CONTEXT_ONLY_NOT_CALIBRATED
1194,ro710,산청,정취암,herit,60.0,G08,경상남도|산청군,경상남도,municipality,UNIQUE_MUNICIPALITY_ALIAS,0.07995991983967936,21.551724137931036,False,0.0,CONTEXT_ONLY_NOT_CALIBRATED
1195,ro711,인천,시도,sea,40.0,G05,인천광역시,인천광역시,province,PROVINCE_CONTEXT_ONLY,5.310621242484969,,True,0.0,CONTEXT_ONLY_NOT_CALIBRATED
1196,ro712,영주,여우생태관찰원,herit,60.0,G08,경상북도|영주시,경상북도,municipality,UNIQUE_MUNICIPALITY_ALIAS,0.07567582717883319,20.689655172413794,False,0.0,CONTEXT_ONLY_NOT_CALIBRATED
1197,ro713,인천,수기해수욕장,sea,40.0,G05,인천광역시,인천광역시,province,PROVINCE_CONTEXT_ONLY,5.310621242484969,,True,0.0,CONTEXT_ONLY_NOT_CALIBRATED
1198,ro714,청송,대전사,herit,60.0,G08,경상북도|청송군,경상북도,municipality,UNIQUE_MUNICIPALITY_ALIAS,0.03603610818039675,7.974137931034483,False,0.0,CONTEXT_ONLY_NOT_CALIBRATED
1199,ro715,창녕,창녕교동과송현동고분군,herit,60.0,G08,경상남도|창녕군,경상남도,municipality,UNIQUE_MUNICIPALITY_ALIAS,0.11803607214428857,31.896551724137932,False,0.0,CONTEXT_ONLY_NOT_CALIBRATED
1200,ro716,진안,마이산 탑사,herit,60.0,G08,전북특별자치도|진안군,전북특별자치도,municipality,UNIQUE_MUNICIPALITY_ALIAS,0.030861723446893783,6.0344827586206895,False,0.0,CONTEXT_ONLY_NOT_CALIBRATED
1201,ro717,홍성,홍성전통시장,food,50.0,G01,충청남도|홍성군,충청남도,municipality,UNIQUE_MUNICIPALITY_ALIAS,0.12286835934130522,33.4051724137931,False,0.0,CONTEXT_ONLY_NOT_CALIBRATED
1202,ro718,창원,가포수변공원,heal,60.0,G04,경상남도|창원시,경상남도,municipality,UNIQUE_MUNICIPALITY_ALIAS,1.2869739478957913,93.96551724137932,False,0.0,CONTEXT_ONLY_NOT_CALIBRATED
1203,ro719,창원,창원국제사격장,activity,90.0,G03,경상남도|창원시,경상남도,municipality,UNIQUE_MUNICIPALITY_ALIAS,1.2869739478957913,93.96551724137932,False,0.0,CONTEXT_ONLY_NOT_CALIBRATED
1204,ro720,김해,수안마을회관,herit,60.0,G08,경상남도|김해시,경상남도,municipality,UNIQUE_MUNICIPALITY_ALIAS,0.6511022044088176,81.46551724137932,False,0.0,CONTEXT_ONLY_NOT_CALIBRATED
1205,ro721,장성,홍길동테마파크,activity,90.0,G03,전남광주통합특별시|장성군,전남광주통합특별시,municipality,UNIQUE_MUNICIPALITY_ALIAS,0.12320049280197119,34.48275862068966,True,0.0,CONTEXT_ONLY_NOT_CALIBRATED
1206,ro722,창원,진해루해변공원,heal,60.0,G04,경상남도|창원시,경상남도,municipality,UNIQUE_MUNICIPALITY_ALIAS,1.2869739478957913,93.96551724137932,False,0.0,CONTEXT_ONLY_NOT_CALIBRATED
1207,ro723,정읍,내장사,herit,60.0,G08,전북특별자치도|정읍시,전북특별자치도,municipality,UNIQUE_MUNICIPALITY_ALIAS,0.09919839679358718,28.879310344827587,False,0.0,CONTEXT_ONLY_NOT_CALIBRATED
1208,ro724,포천,제일유황온천,heal,60.0,G04,경기도|포천시,경기도,municipality,UNIQUE_MUNICIPALITY_ALIAS,0.44321340775834517,69.82758620689656,False,0.0,CONTEXT_ONLY_NOT_CALIBRATED
1209,ro725,양산,극락암,herit,60.0,G08,경상남도|양산시,경상남도,municipality,UNIQUE_MUNICIPALITY_ALIAS,0.3426853707414829,62.5,False,0.0,CONTEXT_ONLY_NOT_CALIBRATED
1210,ro726,포천,도마치계곡,sea,40.0,G05,경기도|포천시,경기도,municipality,UNIQUE_MUNICIPALITY_ALIAS,0.44321340775834517,69.82758620689656,False,0.0,CONTEXT_ONLY_NOT_CALIBRATED
1211,ro727,경기광주,팔당전망대,activity,90.0,G03,경기도|광주시,경기도,municipality,EXPLICIT_PARENT_ALIAS,0.5170823090514027,73.27586206896552,False,0.0,CONTEXT_ONLY_NOT_CALIBRATED
1212,ro728,여주,여주시립 폰박물관,herit,60.0,G08,경기도|여주시,경기도,municipality,UNIQUE_MUNICIPALITY_ALIAS,0.6648201116375178,82.54310344827586,False,0.0,CONTEXT_ONLY_NOT_CALIBRATED
1213,ro729,가평,명지계곡,sea,40.0,G05,경기도|가평군,경기도,municipality,UNIQUE_MUNICIPALITY_ALIAS,0.27085263807454424,54.741379310344826,False,0.0,CONTEXT_ONLY_NOT_CALIBRATED
1214,ro731,함양,지안재,sea,40.0,G05,경상남도|함양군,경상남도,municipality,UNIQUE_MUNICIPALITY_ALIAS,0.04188376753507014,10.344827586206897,False,0.0,CONTEXT_ONLY_NOT_CALIBRATED
1215,ro732,담양,담양관방제림,herit,60.0,G08,전남광주통합특별시|담양군,전남광주통합특별시,municipality,UNIQUE_MUNICIPALITY_ALIAS,0.1056004224016896,30.603448275862068,True,0.0,CONTEXT_ONLY_NOT_CALIBRATED
1216,ro733,담양,플레이펫,activity,90.0,G03,전남광주통합특별시|담양군,전남광주통합특별시,municipality,UNIQUE_MUNICIPALITY_ALIAS,0.1056004224016896,30.603448275862068,True,0.0,CONTEXT_ONLY_NOT_CALIBRATED
1217,ro734,창녕,창녕영산만년교,herit,60.0,G08,경상남도|창녕군,경상남도,municipality,UNIQUE_MUNICIPALITY_ALIAS,0.11803607214428857,31.896551724137932,False,0.0,CONTEXT_ONLY_NOT_CALIBRATED
1218,ro735,상주,파머스룸 치유농장,heal,60.0,G04,경상북도|상주시,경상북도,municipality,UNIQUE_MUNICIPALITY_ALIAS,0.09369388126903157,25.43103448275862,False,0.0,CONTEXT_ONLY_NOT_CALIBRATED
1219,ro736,화순,화순고인돌전통시장,food,50.0,G01,전남광주통합특별시|화순군,전남광주통합특별시,municipality,UNIQUE_MUNICIPALITY_ALIAS,0.0924003696014784,24.56896551724138,True,0.0,CONTEXT_ONLY_NOT_CALIBRATED
1220,ro737,장성,국립장성치유의숲,heal,60.0,G04,전남광주통합특별시|장성군,전남광주통합특별시,municipality,UNIQUE_MUNICIPALITY_ALIAS,0.12320049280197119,34.48275862068966,True,0.0,CONTEXT_ONLY_NOT_CALIBRATED
1221,ro738,화순,숲속유원지,sea,40.0,G05,전남광주통합특별시|화순군,전남광주통합특별시,municipality,UNIQUE_MUNICIPALITY_ALIAS,0.0924003696014784,24.56896551724138,True,0.0,CONTEXT_ONLY_NOT_CALIBRATED
1222,ro739,이천,이천시립박물관,herit,60.0,G08,경기도|이천시,경기도,municipality,UNIQUE_MUNICIPALITY_ALIAS,0.5663282432467742,76.9396551724138,False,0.0,CONTEXT_ONLY_NOT_CALIBRATED
1223,ro740,고성,고성탈박물관,herit,60.0,G08,,,unresolved,AMBIGUOUS_NAME,,,False,0.0,CONTEXT_ONLY_NOT_CALIBRATED
1224,ro741,서울,용양봉저정공원,heal,60.0,G04,서울특별시,서울특별시,province,PROVINCE_CONTEXT_ONLY,29.058116232464926,,False,0.0,CONTEXT_ONLY_NOT_CALIBRATED
1225,ro742,완도,화흥포항 대합실,sea,40.0,G05,전남광주통합특별시|완도군,전남광주통합특별시,municipality,UNIQUE_MUNICIPALITY_ALIAS,0.030800123200492798,5.172413793103448,True,0.0,CONTEXT_ONLY_NOT_CALIBRATED
1226,ro743,서울,대림시장,food,50.0,G01,서울특별시,서울특별시,province,PROVINCE_CONTEXT_ONLY,29.058116232464926,,False,0.0,CONTEXT_ONLY_NOT_CALIBRATED
1227,ro744,홍성,용봉산자연휴양림,heal,60.0,G04,충청남도|홍성군,충청남도,municipality,UNIQUE_MUNICIPALITY_ALIAS,0.12286835934130522,33.4051724137931,False,0.0,CONTEXT_ONLY_NOT_CALIBRATED
1228,ro745,서울,보라매공원,heal,60.0,G04,서울특별시,서울특별시,province,PROVINCE_CONTEXT_ONLY,29.058116232464926,,False,0.0,CONTEXT_ONLY_NOT_CALIBRATED
1229,ro747,서울,용산용문시장,food,50.0,G01,서울특별시,서울특별시,province,PROVINCE_CONTEXT_ONLY,29.058116232464926,,False,0.0,CONTEXT_ONLY_NOT_CALIBRATED
1230,ro748,부산,태종사,herit,60.0,G08,부산광역시,부산광역시,province,PROVINCE_CONTEXT_ONLY,6.4128256513026045,,False,0.0,CONTEXT_ONLY_NOT_CALIBRATED
1231,ro749,서울,명일전통시장 청춘마켓,food,50.0,G01,서울특별시,서울특별시,province,PROVINCE_CONTEXT_ONLY,29.058116232464926,,False,0.0,CONTEXT_ONLY_NOT_CALIBRATED
1232,ro750,부산,개금골목시장,food,50.0,G01,부산광역시,부산광역시,province,PROVINCE_CONTEXT_ONLY,6.4128256513026045,,False,0.0,CONTEXT_ONLY_NOT_CALIBRATED
1233,ro751,서울,강서별빛우주과학관,herit,60.0,G08,서울특별시,서울특별시,province,PROVINCE_CONTEXT_ONLY,29.058116232464926,,False,0.0,CONTEXT_ONLY_NOT_CALIBRATED
1234,ro752,부산,당감새시장,food,50.0,G01,부산광역시,부산광역시,province,PROVINCE_CONTEXT_ONLY,6.4128256513026045,,False,0.0,CONTEXT_ONLY_NOT_CALIBRATED
1235,ro753,서울,서울물재생체험관,herit,60.0,G08,서울특별시,서울특별시,province,PROVINCE_CONTEXT_ONLY,29.058116232464926,,False,0.0,CONTEXT_ONLY_NOT_CALIBRATED
1236,ro754,부산,장림포구,sea,40.0,G05,부산광역시,부산광역시,province,PROVINCE_CONTEXT_ONLY,6.4128256513026045,,False,0.0,CONTEXT_ONLY_NOT_CALIBRATED
1237,ro755,부산,칠암방파제,sea,40.0,G05,부산광역시,부산광역시,province,PROVINCE_CONTEXT_ONLY,6.4128256513026045,,False,0.0,CONTEXT_ONLY_NOT_CALIBRATED
1238,ro756,부산,신평소공원,heal,60.0,G04,부산광역시,부산광역시,province,PROVINCE_CONTEXT_ONLY,6.4128256513026045,,False,0.0,CONTEXT_ONLY_NOT_CALIBRATED
1239,ro757,부산,충렬사,herit,60.0,G08,부산광역시,부산광역시,province,PROVINCE_CONTEXT_ONLY,6.4128256513026045,,False,0.0,CONTEXT_ONLY_NOT_CALIBRATED
1240,ro759,횡성,국립청태산자연휴양림,heal,60.0,G04,강원특별자치도|횡성군,강원특별자치도,municipality,UNIQUE_MUNICIPALITY_ALIAS,0.1571142284569138,40.08620689655172,False,0.0,CONTEXT_ONLY_NOT_CALIBRATED
1241,ro760,부산,민락어민활어직판장,food,50.0,G01,부산광역시,부산광역시,province,PROVINCE_CONTEXT_ONLY,6.4128256513026045,,False,0.0,CONTEXT_ONLY_NOT_CALIBRATED
1242,ro761,부산,감지해변,sea,40.0,G05,부산광역시,부산광역시,province,PROVINCE_CONTEXT_ONLY,6.4128256513026045,,False,0.0,CONTEXT_ONLY_NOT_CALIBRATED
1243,ro762,부산,F1963,activity,90.0,G03,부산광역시,부산광역시,province,PROVINCE_CONTEXT_ONLY,6.4128256513026045,,False,0.0,CONTEXT_ONLY_NOT_CALIBRATED
1244,ro763,부산,중리바닷가,sea,40.0,G05,부산광역시,부산광역시,province,PROVINCE_CONTEXT_ONLY,6.4128256513026045,,False,0.0,CONTEXT_ONLY_NOT_CALIBRATED
1245,ro764,양주,장흥자생수목원,heal,60.0,G04,경기도|양주시,경기도,municipality,UNIQUE_MUNICIPALITY_ALIAS,0.39396747356297346,66.16379310344827,False,0.0,CONTEXT_ONLY_NOT_CALIBRATED
1246,ro765,하동,하동군지리산생태과학관,herit,60.0,G08,경상남도|하동군,경상남도,municipality,UNIQUE_MUNICIPALITY_ALIAS,0.06092184368737475,15.517241379310345,False,0.0,CONTEXT_ONLY_NOT_CALIBRATED
1247,ro766,수원,강남면옥 수원점,food,50.0,G01,경기도|수원시,경기도,municipality,UNIQUE_MUNICIPALITY_ALIAS,2.289935940084783,98.70689655172414,False,0.0,CONTEXT_ONLY_NOT_CALIBRATED
1248,ro767,수원,신라갈비,food,50.0,G01,경기도|수원시,경기도,municipality,UNIQUE_MUNICIPALITY_ALIAS,2.289935940084783,98.70689655172414,False,0.0,CONTEXT_ONLY_NOT_CALIBRATED
1249,ro768,인천,오목골즉석메밀우동,food,50.0,G01,인천광역시,인천광역시,province,PROVINCE_CONTEXT_ONLY,5.310621242484969,,True,0.0,CONTEXT_ONLY_NOT_CALIBRATED
1250,ro769,장성,고려조삼계탕 본점,food,50.0,G01,전남광주통합특별시|장성군,전남광주통합특별시,municipality,UNIQUE_MUNICIPALITY_ALIAS,0.12320049280197119,34.48275862068966,True,0.0,CONTEXT_ONLY_NOT_CALIBRATED
1251,ro770,고성,카페도어스,food,50.0,G01,,,unresolved,AMBIGUOUS_NAME,,,False,0.0,CONTEXT_ONLY_NOT_CALIBRATED
1252,ro771,천안,뚜쥬루 성정점,food,50.0,G01,충청남도|천안시,충청남도,municipality,UNIQUE_MUNICIPALITY_ALIAS,1.1479415287030514,91.37931034482759,False,0.0,CONTEXT_ONLY_NOT_CALIBRATED
1253,ro772,용인,고기리막국수,food,50.0,G01,경기도|용인시,경기도,municipality,UNIQUE_MUNICIPALITY_ALIAS,2.265312972987097,98.27586206896552,False,0.0,CONTEXT_ONLY_NOT_CALIBRATED
1254,ro773,용인,수지외식타운,food,50.0,G01,경기도|용인시,경기도,municipality,UNIQUE_MUNICIPALITY_ALIAS,2.265312972987097,98.27586206896552,False,0.0,CONTEXT_ONLY_NOT_CALIBRATED
1255,ro774,창녕,도천진짜순대 본점,food,50.0,G01,경상남도|창녕군,경상남도,municipality,UNIQUE_MUNICIPALITY_ALIAS,0.11803607214428857,31.896551724137932,False,0.0,CONTEXT_ONLY_NOT_CALIBRATED
1256,ro775,함양,나무달쉼터,food,50.0,G01,경상남도|함양군,경상남도,municipality,UNIQUE_MUNICIPALITY_ALIAS,0.04188376753507014,10.344827586206897,False,0.0,CONTEXT_ONLY_NOT_CALIBRATED
1257,ro776,상주,상주주막,food,50.0,G01,경상북도|상주시,경상북도,municipality,UNIQUE_MUNICIPALITY_ALIAS,0.09369388126903157,25.43103448275862,False,0.0,CONTEXT_ONLY_NOT_CALIBRATED
1258,ro777,문경,대흥정육점,food,50.0,G01,경상북도|문경시,경상북도,municipality,UNIQUE_MUNICIPALITY_ALIAS,0.1477480435396267,37.93103448275862,False,0.0,CONTEXT_ONLY_NOT_CALIBRATED
1259,ro778,무주,무심원,food,50.0,G01,전북특별자치도|무주군,전북특별자치도,municipality,UNIQUE_MUNICIPALITY_ALIAS,0.05511022044088176,13.362068965517242,False,0.0,CONTEXT_ONLY_NOT_CALIBRATED
1260,ro779,무주,메가MGC커피 무주군청점,food,50.0,G01,전북특별자치도|무주군,전북특별자치도,municipality,UNIQUE_MUNICIPALITY_ALIAS,0.05511022044088176,13.362068965517242,False,0.0,CONTEXT_ONLY_NOT_CALIBRATED
1261,ro781,구미,한채쭈꾸미,food,50.0,G01,경상북도|구미시,경상북도,municipality,UNIQUE_MUNICIPALITY_ALIAS,0.32072136280553115,61.206896551724135,False,0.0,CONTEXT_ONLY_NOT_CALIBRATED
1262,ro782,홍성,비츠,food,50.0,G01,충청남도|홍성군,충청남도,municipality,UNIQUE_MUNICIPALITY_ALIAS,0.12286835934130522,33.4051724137931,False,0.0,CONTEXT_ONLY_NOT_CALIBRATED
1263,ro783,서울,가나돈까스의집,food,50.0,G01,서울특별시,서울특별시,province,PROVINCE_CONTEXT_ONLY,29.058116232464926,,False,0.0,CONTEXT_ONLY_NOT_CALIBRATED
1264,ro784,부산,오르디,food,50.0,G01,부산광역시,부산광역시,province,PROVINCE_CONTEXT_ONLY,6.4128256513026045,,False,0.0,CONTEXT_ONLY_NOT_CALIBRATED
1265,ro785,부산,동래밀면 본점,food,50.0,G01,부산광역시,부산광역시,province,PROVINCE_CONTEXT_ONLY,6.4128256513026045,,False,0.0,CONTEXT_ONLY_NOT_CALIBRATED
1266,ro786,부산,이흥용과자점 두실점,food,50.0,G01,부산광역시,부산광역시,province,PROVINCE_CONTEXT_ONLY,6.4128256513026045,,False,0.0,CONTEXT_ONLY_NOT_CALIBRATED
1267,ro787,수원,경기아트센터,activity,90.0,G03,경기도|수원시,경기도,municipality,UNIQUE_MUNICIPALITY_ALIAS,2.289935940084783,98.70689655172414,False,0.0,CONTEXT_ONLY_NOT_CALIBRATED
1268,ro788,수원,해우재문화센터,herit,60.0,G08,경기도|수원시,경기도,municipality,UNIQUE_MUNICIPALITY_ALIAS,2.289935940084783,98.70689655172414,False,0.0,CONTEXT_ONLY_NOT_CALIBRATED
1269,ro789,수원,나혜석거리,activity,90.0,G03,경기도|수원시,경기도,municipality,UNIQUE_MUNICIPALITY_ALIAS,2.289935940084783,98.70689655172414,False,0.0,CONTEXT_ONLY_NOT_CALIBRATED
1270,ro790,청주,국립상당산성자연휴양림,heal,60.0,G04,충청북도|청주시,충청북도,municipality,UNIQUE_MUNICIPALITY_ALIAS,2.0180220581022184,96.55172413793103,False,0.0,CONTEXT_ONLY_NOT_CALIBRATED
1271,ro791,청주,정북동토성,herit,60.0,G08,충청북도|청주시,충청북도,municipality,UNIQUE_MUNICIPALITY_ALIAS,2.0180220581022184,96.55172413793103,False,0.0,CONTEXT_ONLY_NOT_CALIBRATED
1272,ro792,충주,월악산 만수계곡자연관찰로분기점,sea,40.0,G05,충청북도|충주시,충청북도,municipality,UNIQUE_MUNICIPALITY_ALIAS,0.336337009683703,61.63793103448276,False,0.0,CONTEXT_ONLY_NOT_CALIBRATED
1273,ro793,전주,전주자연생태관,herit,60.0,G08,전북특별자치도|전주시,전북특별자치도,municipality,UNIQUE_MUNICIPALITY_ALIAS,0.7384769539078156,86.20689655172414,False,0.0,CONTEXT_ONLY_NOT_CALIBRATED
1274,ro794,전주,팔복예술공장,herit,60.0,G08,전북특별자치도|전주시,전북특별자치도,municipality,UNIQUE_MUNICIPALITY_ALIAS,0.7384769539078156,86.20689655172414,False,0.0,CONTEXT_ONLY_NOT_CALIBRATED
1275,ro795,전주,한국전통문화전당,herit,60.0,G08,전북특별자치도|전주시,전북특별자치도,municipality,UNIQUE_MUNICIPALITY_ALIAS,0.7384769539078156,86.20689655172414,False,0.0,CONTEXT_ONLY_NOT_CALIBRATED
1276,ro796,전주,완산벙커 더 스페이스,activity,90.0,G03,전북특별자치도|전주시,전북특별자치도,municipality,UNIQUE_MUNICIPALITY_ALIAS,0.7384769539078156,86.20689655172414,False,0.0,CONTEXT_ONLY_NOT_CALIBRATED
1277,ro797,청주,수암골타운,herit,60.0,G08,충청북도|청주시,충청북도,municipality,UNIQUE_MUNICIPALITY_ALIAS,2.0180220581022184,96.55172413793103,False,0.0,CONTEXT_ONLY_NOT_CALIBRATED
1278,ro798,순천,호남호국기념관,herit,60.0,G08,전남광주통합특별시|순천시,전남광주통합특별시,municipality,UNIQUE_MUNICIPALITY_ALIAS,0.2728010912043648,55.172413793103445,True,0.0,CONTEXT_ONLY_NOT_CALIBRATED
1279,ro799,봉화,축서사,herit,60.0,G08,경상북도|봉화군,경상북도,municipality,UNIQUE_MUNICIPALITY_ALIAS,0.025225275726277727,3.4482758620689653,False,0.0,CONTEXT_ONLY_NOT_CALIBRATED
1280,ro800,인천,국립세계문자박물관,herit,60.0,G08,인천광역시,인천광역시,province,PROVINCE_CONTEXT_ONLY,5.310621242484969,,True,0.0,CONTEXT_ONLY_NOT_CALIBRATED
1281,ro801,인천,수봉공원,heal,60.0,G04,인천광역시,인천광역시,province,PROVINCE_CONTEXT_ONLY,5.310621242484969,,True,0.0,CONTEXT_ONLY_NOT_CALIBRATED
1282,ro802,인천,한국이민사박물관,herit,60.0,G08,인천광역시,인천광역시,province,PROVINCE_CONTEXT_ONLY,5.310621242484969,,True,0.0,CONTEXT_ONLY_NOT_CALIBRATED
1283,ro803,영주,부석사 무량수전,herit,60.0,G08,경상북도|영주시,경상북도,municipality,UNIQUE_MUNICIPALITY_ALIAS,0.07567582717883319,20.689655172413794,False,0.0,CONTEXT_ONLY_NOT_CALIBRATED
1284,ro804,영주,국립산림치유원,heal,60.0,G04,경상북도|영주시,경상북도,municipality,UNIQUE_MUNICIPALITY_ALIAS,0.07567582717883319,20.689655172413794,False,0.0,CONTEXT_ONLY_NOT_CALIBRATED
1285,ro805,인천,배미꾸미조각공원,heal,60.0,G04,인천광역시,인천광역시,province,PROVINCE_CONTEXT_ONLY,5.310621242484969,,True,0.0,CONTEXT_ONLY_NOT_CALIBRATED
1286,ro806,하동,하동공설시장,food,50.0,G01,경상남도|하동군,경상남도,municipality,UNIQUE_MUNICIPALITY_ALIAS,0.06092184368737475,15.517241379310345,False,0.0,CONTEXT_ONLY_NOT_CALIBRATED
1287,ro807,합천,합천왕후시장,food,50.0,G01,경상남도|합천군,경상남도,municipality,UNIQUE_MUNICIPALITY_ALIAS,0.0342685370741483,6.4655172413793105,False,0.0,CONTEXT_ONLY_NOT_CALIBRATED
1288,ro808,창녕,무심사,herit,60.0,G08,경상남도|창녕군,경상남도,municipality,UNIQUE_MUNICIPALITY_ALIAS,0.11803607214428857,31.896551724137932,False,0.0,CONTEXT_ONLY_NOT_CALIBRATED
1289,ro809,합천,오도산자연휴양림,heal,60.0,G04,경상남도|합천군,경상남도,municipality,UNIQUE_MUNICIPALITY_ALIAS,0.0342685370741483,6.4655172413793105,False,0.0,CONTEXT_ONLY_NOT_CALIBRATED
1290,ro810,합천,황강군민체육공원 축구장,activity,90.0,G03,경상남도|합천군,경상남도,municipality,UNIQUE_MUNICIPALITY_ALIAS,0.0342685370741483,6.4655172413793105,False,0.0,CONTEXT_ONLY_NOT_CALIBRATED
1291,ro811,담양,한재골,sea,40.0,G05,전남광주통합특별시|담양군,전남광주통합특별시,municipality,UNIQUE_MUNICIPALITY_ALIAS,0.1056004224016896,30.603448275862068,True,0.0,CONTEXT_ONLY_NOT_CALIBRATED
1292,ro812,홍성,광천전통시장,food,50.0,G01,충청남도|홍성군,충청남도,municipality,UNIQUE_MUNICIPALITY_ALIAS,0.12286835934130522,33.4051724137931,False,0.0,CONTEXT_ONLY_NOT_CALIBRATED
1293,ro815,담양,담양호,sea,40.0,G05,전남광주통합특별시|담양군,전남광주통합특별시,municipality,UNIQUE_MUNICIPALITY_ALIAS,0.1056004224016896,30.603448275862068,True,0.0,CONTEXT_ONLY_NOT_CALIBRATED
1294,ro816,창원,굿데이뮤지엄,herit,60.0,G08,경상남도|창원시,경상남도,municipality,UNIQUE_MUNICIPALITY_ALIAS,1.2869739478957913,93.96551724137932,False,0.0,CONTEXT_ONLY_NOT_CALIBRATED
1295,ro817,창원,소계시장,food,50.0,G01,경상남도|창원시,경상남도,municipality,UNIQUE_MUNICIPALITY_ALIAS,1.2869739478957913,93.96551724137932,False,0.0,CONTEXT_ONLY_NOT_CALIBRATED
1296,ro818,이천,비승대체력단련장,activity,90.0,G03,경기도|이천시,경기도,municipality,UNIQUE_MUNICIPALITY_ALIAS,0.5663282432467742,76.9396551724138,False,0.0,CONTEXT_ONLY_NOT_CALIBRATED
1297,ro819,정읍,정읍피향정,herit,60.0,G08,전북특별자치도|정읍시,전북특별자치도,municipality,UNIQUE_MUNICIPALITY_ALIAS,0.09919839679358718,28.879310344827587,False,0.0,CONTEXT_ONLY_NOT_CALIBRATED
1298,ro820,정읍,정읍국가유산미디어아트관 1894달하루,herit,60.0,G08,전북특별자치도|정읍시,전북특별자치도,municipality,UNIQUE_MUNICIPALITY_ALIAS,0.09919839679358718,28.879310344827587,False,0.0,CONTEXT_ONLY_NOT_CALIBRATED
1299,ro821,남양주,몽골문화촌,activity,90.0,G03,경기도|남양주시,경기도,municipality,UNIQUE_MUNICIPALITY_ALIAS,0.8864268155166903,88.79310344827586,False,0.0,CONTEXT_ONLY_NOT_CALIBRATED
1300,ro822,남양주,천보사,herit,60.0,G08,경기도|남양주시,경기도,municipality,UNIQUE_MUNICIPALITY_ALIAS,0.8864268155166903,88.79310344827586,False,0.0,CONTEXT_ONLY_NOT_CALIBRATED
1301,ro823,양주,대한불교조계종회암사,herit,60.0,G08,경기도|양주시,경기도,municipality,UNIQUE_MUNICIPALITY_ALIAS,0.39396747356297346,66.16379310344827,False,0.0,CONTEXT_ONLY_NOT_CALIBRATED
1302,ro824,강릉,무위사,herit,60.0,G08,강원특별자치도|강릉시,강원특별자치도,municipality,UNIQUE_MUNICIPALITY_ALIAS,0.5098196392785571,72.84482758620689,False,0.0,CONTEXT_ONLY_NOT_CALIBRATED
1303,ro825,익산,달빛소리수목원,activity,90.0,G03,전북특별자치도|익산시,전북특별자치도,municipality,UNIQUE_MUNICIPALITY_ALIAS,0.2226452905811623,48.706896551724135,False,0.0,CONTEXT_ONLY_NOT_CALIBRATED
1304,ro826,장성,황룡강생태공원,heal,60.0,G04,전남광주통합특별시|장성군,전남광주통합특별시,municipality,UNIQUE_MUNICIPALITY_ALIAS,0.12320049280197119,34.48275862068966,True,0.0,CONTEXT_ONLY_NOT_CALIBRATED
1305,ro827,경기광주,경기도자박물관,herit,60.0,G08,경기도|광주시,경기도,municipality,EXPLICIT_PARENT_ALIAS,0.5170823090514027,73.27586206896552,False,0.0,CONTEXT_ONLY_NOT_CALIBRATED
1306,ro828,고양,현대 모터스튜디오 고양,herit,60.0,G08,경기도|고양시,경기도,municipality,UNIQUE_MUNICIPALITY_ALIAS,2.166821104596354,97.41379310344827,False,0.0,CONTEXT_ONLY_NOT_CALIBRATED
1307,ro829,완도,완도자연휴양림,heal,60.0,G04,전남광주통합특별시|완도군,전남광주통합특별시,municipality,UNIQUE_MUNICIPALITY_ALIAS,0.030800123200492798,5.172413793103448,True,0.0,CONTEXT_ONLY_NOT_CALIBRATED
1308,ro830,고성,맥전포항,sea,40.0,G05,,,unresolved,AMBIGUOUS_NAME,,,False,0.0,CONTEXT_ONLY_NOT_CALIBRATED
1309,ro831,무주,무주반디랜드 무주곤충박물관,herit,60.0,G08,전북특별자치도|무주군,전북특별자치도,municipality,UNIQUE_MUNICIPALITY_ALIAS,0.05511022044088176,13.362068965517242,False,0.0,CONTEXT_ONLY_NOT_CALIBRATED
1310,ro832,인제,하추자연휴양림,heal,60.0,G04,강원특별자치도|인제군,강원특별자치도,municipality,UNIQUE_MUNICIPALITY_ALIAS,0.07054108216432865,17.887931034482758,False,0.0,CONTEXT_ONLY_NOT_CALIBRATED
1311,ro833,서울,노룬산골목시장,food,50.0,G01,서울특별시,서울특별시,province,PROVINCE_CONTEXT_ONLY,29.058116232464926,,False,0.0,CONTEXT_ONLY_NOT_CALIBRATED
1312,ro834,서울,구로리어린이공원,heal,60.0,G04,서울특별시,서울특별시,province,PROVINCE_CONTEXT_ONLY,29.058116232464926,,False,0.0,CONTEXT_ONLY_NOT_CALIBRATED
1313,ro837,서울,솔밭근린공원,heal,60.0,G04,서울특별시,서울특별시,province,PROVINCE_CONTEXT_ONLY,29.058116232464926,,False,0.0,CONTEXT_ONLY_NOT_CALIBRATED
1314,ro839,서울,청량리 청과물 도매시장,food,50.0,G01,서울특별시,서울특별시,province,PROVINCE_CONTEXT_ONLY,29.058116232464926,,False,0.0,CONTEXT_ONLY_NOT_CALIBRATED
1315,ro840,구미,구미코,herit,60.0,G08,경상북도|구미시,경상북도,municipality,UNIQUE_MUNICIPALITY_ALIAS,0.32072136280553115,61.206896551724135,False,0.0,CONTEXT_ONLY_NOT_CALIBRATED
1316,ro841,서울,망원유수지체육공원,heal,60.0,G04,서울특별시,서울특별시,province,PROVINCE_CONTEXT_ONLY,29.058116232464926,,False,0.0,CONTEXT_ONLY_NOT_CALIBRATED
1317,ro843,부산,국립부산국악원,activity,90.0,G03,부산광역시,부산광역시,province,PROVINCE_CONTEXT_ONLY,6.4128256513026045,,False,0.0,CONTEXT_ONLY_NOT_CALIBRATED
1318,ro844,부산,장림골목시장,food,50.0,G01,부산광역시,부산광역시,province,PROVINCE_CONTEXT_ONLY,6.4128256513026045,,False,0.0,CONTEXT_ONLY_NOT_CALIBRATED
1319,ro846,부산,부산해양자연사박물관,herit,60.0,G08,부산광역시,부산광역시,province,PROVINCE_CONTEXT_ONLY,6.4128256513026045,,False,0.0,CONTEXT_ONLY_NOT_CALIBRATED
1320,ro847,서울,봉원사,herit,60.0,G08,서울특별시,서울특별시,province,PROVINCE_CONTEXT_ONLY,29.058116232464926,,False,0.0,CONTEXT_ONLY_NOT_CALIBRATED
1321,ro848,부산,스포원파크,heal,60.0,G04,부산광역시,부산광역시,province,PROVINCE_CONTEXT_ONLY,6.4128256513026045,,False,0.0,CONTEXT_ONLY_NOT_CALIBRATED
1322,ro850,예산,충의사,herit,60.0,G08,충청남도|예산군,충청남도,municipality,UNIQUE_MUNICIPALITY_ALIAS,0.16850517852521854,42.88793103448276,False,0.0,CONTEXT_ONLY_NOT_CALIBRATED
1323,ro851,수원,백세삼계탕 본점,food,50.0,G01,경기도|수원시,경기도,municipality,UNIQUE_MUNICIPALITY_ALIAS,2.289935940084783,98.70689655172414,False,0.0,CONTEXT_ONLY_NOT_CALIBRATED
1324,ro852,청주,쫄쫄호떡 중앙공원본점,food,50.0,G01,충청북도|청주시,충청북도,municipality,UNIQUE_MUNICIPALITY_ALIAS,2.0180220581022184,96.55172413793103,False,0.0,CONTEXT_ONLY_NOT_CALIBRATED
1325,ro853,대구,홍구원 가창점,food,50.0,G01,대구광역시,대구광역시,province,PROVINCE_CONTEXT_ONLY,3.707414829659318,,False,0.0,CONTEXT_ONLY_NOT_CALIBRATED
1326,ro854,대구,오퐁드부아,food,50.0,G01,대구광역시,대구광역시,province,PROVINCE_CONTEXT_ONLY,3.707414829659318,,False,0.0,CONTEXT_ONLY_NOT_CALIBRATED
1327,ro855,인천,늘솜당,food,50.0,G01,인천광역시,인천광역시,province,PROVINCE_CONTEXT_ONLY,5.310621242484969,,True,0.0,CONTEXT_ONLY_NOT_CALIBRATED
1328,ro856,인천,스타벅스 인천용현DT점,food,50.0,G01,인천광역시,인천광역시,province,PROVINCE_CONTEXT_ONLY,5.310621242484969,,True,0.0,CONTEXT_ONLY_NOT_CALIBRATED
1329,ro858,고양,유해자의 일산소바 본점,food,50.0,G01,경기도|고양시,경기도,municipality,UNIQUE_MUNICIPALITY_ALIAS,2.166821104596354,97.41379310344827,False,0.0,CONTEXT_ONLY_NOT_CALIBRATED
1330,ro859,청송,바우,food,50.0,G01,경상북도|청송군,경상북도,municipality,UNIQUE_MUNICIPALITY_ALIAS,0.03603610818039675,7.974137931034483,False,0.0,CONTEXT_ONLY_NOT_CALIBRATED
1331,ro860,구미,곤지곤지 남통점,food,50.0,G01,경상북도|구미시,경상북도,municipality,UNIQUE_MUNICIPALITY_ALIAS,0.32072136280553115,61.206896551724135,False,0.0,CONTEXT_ONLY_NOT_CALIBRATED
1332,ro861,서울,함경면옥,food,50.0,G01,서울특별시,서울특별시,province,PROVINCE_CONTEXT_ONLY,29.058116232464926,,False,0.0,CONTEXT_ONLY_NOT_CALIBRATED
1333,ro862,서울,신토불이떡볶이 본점,food,50.0,G01,서울특별시,서울특별시,province,PROVINCE_CONTEXT_ONLY,29.058116232464926,,False,0.0,CONTEXT_ONLY_NOT_CALIBRATED
1334,ro863,서울,어머니대성집,food,50.0,G01,서울특별시,서울특별시,province,PROVINCE_CONTEXT_ONLY,29.058116232464926,,False,0.0,CONTEXT_ONLY_NOT_CALIBRATED
1335,ro864,대전,동춘당역사공원,heal,60.0,G04,대전광역시,대전광역시,province,PROVINCE_CONTEXT_ONLY,3.2064128256513023,,False,0.0,CONTEXT_ONLY_NOT_CALIBRATED
1336,ro865,수원,영흥수목원,activity,90.0,G03,경기도|수원시,경기도,municipality,UNIQUE_MUNICIPALITY_ALIAS,2.289935940084783,98.70689655172414,False,0.0,CONTEXT_ONLY_NOT_CALIBRATED
1337,ro867,수원,수원시립만석전시관,herit,60.0,G08,경기도|수원시,경기도,municipality,UNIQUE_MUNICIPALITY_ALIAS,2.289935940084783,98.70689655172414,False,0.0,CONTEXT_ONLY_NOT_CALIBRATED
1338,ro868,보은,속리산CC,activity,90.0,G03,충청북도|보은군,충청북도,municipality,UNIQUE_MUNICIPALITY_ALIAS,0.05605616828061718,13.793103448275861,False,0.0,CONTEXT_ONLY_NOT_CALIBRATED
1339,ro869,청주,초정행궁,herit,60.0,G08,충청북도|청주시,충청북도,municipality,UNIQUE_MUNICIPALITY_ALIAS,2.0180220581022184,96.55172413793103,False,0.0,CONTEXT_ONLY_NOT_CALIBRATED
1340,ro870,청주,청주북부시장,food,50.0,G01,충청북도|청주시,충청북도,municipality,UNIQUE_MUNICIPALITY_ALIAS,2.0180220581022184,96.55172413793103,False,0.0,CONTEXT_ONLY_NOT_CALIBRATED
1341,ro871,대구,플레이월드 대구점,activity,90.0,G03,대구광역시,대구광역시,province,PROVINCE_CONTEXT_ONLY,3.707414829659318,,False,0.0,CONTEXT_ONLY_NOT_CALIBRATED
1342,ro872,대구,수성아트피아,activity,90.0,G03,대구광역시,대구광역시,province,PROVINCE_CONTEXT_ONLY,3.707414829659318,,False,0.0,CONTEXT_ONLY_NOT_CALIBRATED
1343,ro873,전주,한국소리문화의전당,activity,90.0,G03,전북특별자치도|전주시,전북특별자치도,municipality,UNIQUE_MUNICIPALITY_ALIAS,0.7384769539078156,86.20689655172414,False,0.0,CONTEXT_ONLY_NOT_CALIBRATED
1344,ro874,인천,남동소래아트홀,activity,90.0,G03,인천광역시,인천광역시,province,PROVINCE_CONTEXT_ONLY,5.310621242484969,,True,0.0,CONTEXT_ONLY_NOT_CALIBRATED
1345,ro875,진안,마이산,sea,40.0,G05,전북특별자치도|진안군,전북특별자치도,municipality,UNIQUE_MUNICIPALITY_ALIAS,0.030861723446893783,6.0344827586206895,False,0.0,CONTEXT_ONLY_NOT_CALIBRATED
1346,ro877,진안,운일암반일암계곡,sea,40.0,G05,전북특별자치도|진안군,전북특별자치도,municipality,UNIQUE_MUNICIPALITY_ALIAS,0.030861723446893783,6.0344827586206895,False,0.0,CONTEXT_ONLY_NOT_CALIBRATED
1347,ro878,인천,남동물빛놀이터,activity,90.0,G03,인천광역시,인천광역시,province,PROVINCE_CONTEXT_ONLY,5.310621242484969,,True,0.0,CONTEXT_ONLY_NOT_CALIBRATED
1348,ro879,순천,중앙시장,food,50.0,G01,전남광주통합특별시|순천시,전남광주통합특별시,municipality,UNIQUE_MUNICIPALITY_ALIAS,0.2728010912043648,55.172413793103445,True,0.0,CONTEXT_ONLY_NOT_CALIBRATED
1349,ro880,청송,신촌약수터,sea,40.0,G05,경상북도|청송군,경상북도,municipality,UNIQUE_MUNICIPALITY_ALIAS,0.03603610818039675,7.974137931034483,False,0.0,CONTEXT_ONLY_NOT_CALIBRATED
1350,ro882,청송,백석탄 포트홀,sea,40.0,G05,경상북도|청송군,경상북도,municipality,UNIQUE_MUNICIPALITY_ALIAS,0.03603610818039675,7.974137931034483,False,0.0,CONTEXT_ONLY_NOT_CALIBRATED
1351,ro884,하동,정금정,herit,60.0,G08,경상남도|하동군,경상남도,municipality,UNIQUE_MUNICIPALITY_ALIAS,0.06092184368737475,15.517241379310345,False,0.0,CONTEXT_ONLY_NOT_CALIBRATED
1352,ro886,거창,오도산전망대,activity,90.0,G03,경상남도|거창군,경상남도,municipality,UNIQUE_MUNICIPALITY_ALIAS,0.049498997995991986,12.931034482758621,False,0.0,CONTEXT_ONLY_NOT_CALIBRATED
1353,ro887,합천,황계폭포,sea,40.0,G05,경상남도|합천군,경상남도,municipality,UNIQUE_MUNICIPALITY_ALIAS,0.0342685370741483,6.4655172413793105,False,0.0,CONTEXT_ONLY_NOT_CALIBRATED
1354,ro888,합천,가야산소리길,activity,90.0,G03,경상남도|합천군,경상남도,municipality,UNIQUE_MUNICIPALITY_ALIAS,0.0342685370741483,6.4655172413793105,False,0.0,CONTEXT_ONLY_NOT_CALIBRATED
1355,ro889,임실,옥정호 붕어섬생태공원,heal,60.0,G04,전북특별자치도|임실군,전북특별자치도,municipality,UNIQUE_MUNICIPALITY_ALIAS,0.07054108216432865,17.887931034482758,False,0.0,CONTEXT_ONLY_NOT_CALIBRATED
1356,ro890,창원,진해보타닉뮤지엄,activity,90.0,G03,경상남도|창원시,경상남도,municipality,UNIQUE_MUNICIPALITY_ALIAS,1.2869739478957913,93.96551724137932,False,0.0,CONTEXT_ONLY_NOT_CALIBRATED
1357,ro891,천안,천안축구센터 본관동,activity,90.0,G03,충청남도|천안시,충청남도,municipality,UNIQUE_MUNICIPALITY_ALIAS,1.1479415287030514,91.37931034482759,False,0.0,CONTEXT_ONLY_NOT_CALIBRATED
1358,ro892,창원,성흥사,herit,60.0,G08,경상남도|창원시,경상남도,municipality,UNIQUE_MUNICIPALITY_ALIAS,1.2869739478957913,93.96551724137932,False,0.0,CONTEXT_ONLY_NOT_CALIBRATED
1359,ro893,익산,북부시장,food,50.0,G01,전북특별자치도|익산시,전북특별자치도,municipality,UNIQUE_MUNICIPALITY_ALIAS,0.2226452905811623,48.706896551724135,False,0.0,CONTEXT_ONLY_NOT_CALIBRATED
1360,ro894,용인,용담저수지,sea,40.0,G05,경기도|용인시,경기도,municipality,UNIQUE_MUNICIPALITY_ALIAS,2.265312972987097,98.27586206896552,False,0.0,CONTEXT_ONLY_NOT_CALIBRATED
1361,ro896,정읍,백제가요 정읍사문화공원,heal,60.0,G04,전북특별자치도|정읍시,전북특별자치도,municipality,UNIQUE_MUNICIPALITY_ALIAS,0.09919839679358718,28.879310344827587,False,0.0,CONTEXT_ONLY_NOT_CALIBRATED
1362,ro897,보은,국립속리산말티재자연휴양림,heal,60.0,G04,충청북도|보은군,충청북도,municipality,UNIQUE_MUNICIPALITY_ALIAS,0.05605616828061718,13.793103448275861,False,0.0,CONTEXT_ONLY_NOT_CALIBRATED
1363,ro898,경기광주,경안천습지생태공원,heal,60.0,G04,경기도|광주시,경기도,municipality,EXPLICIT_PARENT_ALIAS,0.5170823090514027,73.27586206896552,False,0.0,CONTEXT_ONLY_NOT_CALIBRATED
1364,ro899,경기광주,율봄식물원,activity,90.0,G03,경기도|광주시,경기도,municipality,EXPLICIT_PARENT_ALIAS,0.5170823090514027,73.27586206896552,False,0.0,CONTEXT_ONLY_NOT_CALIBRATED
1365,ro900,거창,거창항노화힐링랜드,heal,60.0,G04,경상남도|거창군,경상남도,municipality,UNIQUE_MUNICIPALITY_ALIAS,0.049498997995991986,12.931034482758621,False,0.0,CONTEXT_ONLY_NOT_CALIBRATED
1366,ro901,문경,문경야구장,activity,90.0,G03,경상북도|문경시,경상북도,municipality,UNIQUE_MUNICIPALITY_ALIAS,0.1477480435396267,37.93103448275862,False,0.0,CONTEXT_ONLY_NOT_CALIBRATED
1367,ro902,산청,덕천서원,herit,60.0,G08,경상남도|산청군,경상남도,municipality,UNIQUE_MUNICIPALITY_ALIAS,0.07995991983967936,21.551724137931036,False,0.0,CONTEXT_ONLY_NOT_CALIBRATED
1368,ro903,상주,경천섬공원,heal,60.0,G04,경상북도|상주시,경상북도,municipality,UNIQUE_MUNICIPALITY_ALIAS,0.09369388126903157,25.43103448275862,False,0.0,CONTEXT_ONLY_NOT_CALIBRATED
1369,ro904,고령,우륵박물관,herit,60.0,G08,경상북도|고령군,경상북도,municipality,UNIQUE_MUNICIPALITY_ALIAS,0.03603610818039675,7.974137931034483,False,0.0,CONTEXT_ONLY_NOT_CALIBRATED
1370,ro905,창녕,창녕우포곤충나라,herit,60.0,G08,경상남도|창녕군,경상남도,municipality,UNIQUE_MUNICIPALITY_ALIAS,0.11803607214428857,31.896551724137932,False,0.0,CONTEXT_ONLY_NOT_CALIBRATED
1371,ro906,창녕,화왕산자연휴양림,heal,60.0,G04,경상남도|창녕군,경상남도,municipality,UNIQUE_MUNICIPALITY_ALIAS,0.11803607214428857,31.896551724137932,False,0.0,CONTEXT_ONLY_NOT_CALIBRATED
1372,ro907,예산,스플라스 스파&워터파크,activity,90.0,G03,충청남도|예산군,충청남도,municipality,UNIQUE_MUNICIPALITY_ALIAS,0.16850517852521854,42.88793103448276,False,0.0,CONTEXT_ONLY_NOT_CALIBRATED
1373,ro908,양주,가나아트파크,herit,60.0,G08,경기도|양주시,경기도,municipality,UNIQUE_MUNICIPALITY_ALIAS,0.39396747356297346,66.16379310344827,False,0.0,CONTEXT_ONLY_NOT_CALIBRATED
1374,ro909,청송,청송자연휴양림,heal,60.0,G04,경상북도|청송군,경상북도,municipality,UNIQUE_MUNICIPALITY_ALIAS,0.03603610818039675,7.974137931034483,False,0.0,CONTEXT_ONLY_NOT_CALIBRATED
1375,ro910,서울,영화사,herit,60.0,G08,서울특별시,서울특별시,province,PROVINCE_CONTEXT_ONLY,29.058116232464926,,False,0.0,CONTEXT_ONLY_NOT_CALIBRATED
1376,ro912,서울,대한불교조계종 연화사,herit,60.0,G08,서울특별시,서울특별시,province,PROVINCE_CONTEXT_ONLY,29.058116232464926,,False,0.0,CONTEXT_ONLY_NOT_CALIBRATED
1377,ro913,서울,뚝도시장,food,50.0,G01,서울특별시,서울특별시,province,PROVINCE_CONTEXT_ONLY,29.058116232464926,,False,0.0,CONTEXT_ONLY_NOT_CALIBRATED
1378,ro914,서울,마곡실내배드민턴장,activity,90.0,G03,서울특별시,서울특별시,province,PROVINCE_CONTEXT_ONLY,29.058116232464926,,False,0.0,CONTEXT_ONLY_NOT_CALIBRATED
1379,ro915,서울,흥천사,herit,60.0,G08,서울특별시,서울특별시,province,PROVINCE_CONTEXT_ONLY,29.058116232464926,,False,0.0,CONTEXT_ONLY_NOT_CALIBRATED
1380,ro916,서울,서울함공원,heal,60.0,G04,서울특별시,서울특별시,province,PROVINCE_CONTEXT_ONLY,29.058116232464926,,False,0.0,CONTEXT_ONLY_NOT_CALIBRATED
1381,ro917,부산,부산콘서트홀,activity,90.0,G03,부산광역시,부산광역시,province,PROVINCE_CONTEXT_ONLY,6.4128256513026045,,False,0.0,CONTEXT_ONLY_NOT_CALIBRATED
1382,ro918,부산,연동시장,food,50.0,G01,부산광역시,부산광역시,province,PROVINCE_CONTEXT_ONLY,6.4128256513026045,,False,0.0,CONTEXT_ONLY_NOT_CALIBRATED
1383,ro920,부산,수영팔도상가시장,food,50.0,G01,부산광역시,부산광역시,province,PROVINCE_CONTEXT_ONLY,6.4128256513026045,,False,0.0,CONTEXT_ONLY_NOT_CALIBRATED
1384,ro921,거창,거창사과테마파크,activity,90.0,G03,경상남도|거창군,경상남도,municipality,UNIQUE_MUNICIPALITY_ALIAS,0.049498997995991986,12.931034482758621,False,0.0,CONTEXT_ONLY_NOT_CALIBRATED
1385,ro922,보성,보성열화정,herit,60.0,G08,전남광주통합특별시|보성군,전남광주통합특별시,municipality,UNIQUE_MUNICIPALITY_ALIAS,0.0572002288009152,14.224137931034482,True,0.0,CONTEXT_ONLY_NOT_CALIBRATED
1386,ro923,부산,대저생태공원,heal,60.0,G04,부산광역시,부산광역시,province,PROVINCE_CONTEXT_ONLY,6.4128256513026045,,False,0.0,CONTEXT_ONLY_NOT_CALIBRATED
1387,ro924,서울,청계천박물관,herit,60.0,G08,서울특별시,서울특별시,province,PROVINCE_CONTEXT_ONLY,29.058116232464926,,False,0.0,CONTEXT_ONLY_NOT_CALIBRATED
1388,ro925,서울,모래내시장 먹자골목,food,50.0,G01,서울특별시,서울특별시,province,PROVINCE_CONTEXT_ONLY,29.058116232464926,,False,0.0,CONTEXT_ONLY_NOT_CALIBRATED
1389,ro926,횡성,횡성호수길축제,activity,90.0,G03,강원특별자치도|횡성군,강원특별자치도,municipality,UNIQUE_MUNICIPALITY_ALIAS,0.1571142284569138,40.08620689655172,False,0.0,CONTEXT_ONLY_NOT_CALIBRATED
1390,ro927,수원,아쿠아플라넷 광교,activity,90.0,G03,경기도|수원시,경기도,municipality,UNIQUE_MUNICIPALITY_ALIAS,2.289935940084783,98.70689655172414,False,0.0,CONTEXT_ONLY_NOT_CALIBRATED
1391,ro928,용인,기흥레스피아호수공원 반려동물놀이터,heal,60.0,G04,경기도|용인시,경기도,municipality,UNIQUE_MUNICIPALITY_ALIAS,2.265312972987097,98.27586206896552,False,0.0,CONTEXT_ONLY_NOT_CALIBRATED
1392,ro929,시흥,오이도 빨강등대,activity,90.0,G03,경기도|시흥시,경기도,municipality,UNIQUE_MUNICIPALITY_ALIAS,0.7879349471259469,87.28448275862068,False,0.0,CONTEXT_ONLY_NOT_CALIBRATED
1393,ro930,청주,운보의집,herit,60.0,G08,충청북도|청주시,충청북도,municipality,UNIQUE_MUNICIPALITY_ALIAS,2.0180220581022184,96.55172413793103,False,0.0,CONTEXT_ONLY_NOT_CALIBRATED
1394,ro931,대구,2026 대구치맥페스티벌,activity,90.0,G03,대구광역시,대구광역시,province,PROVINCE_CONTEXT_ONLY,3.707414829659318,,False,0.0,CONTEXT_ONLY_NOT_CALIBRATED
1395,ro932,전주,전주한지박물관,herit,60.0,G08,전북특별자치도|전주시,전북특별자치도,municipality,UNIQUE_MUNICIPALITY_ALIAS,0.7384769539078156,86.20689655172414,False,0.0,CONTEXT_ONLY_NOT_CALIBRATED
1396,ro933,완주,고산자연휴양림,heal,60.0,G04,전북특별자치도|완주군,전북특별자치도,municipality,UNIQUE_MUNICIPALITY_ALIAS,0.18296593186372748,45.689655172413794,False,0.0,CONTEXT_ONLY_NOT_CALIBRATED
1397,ro934,인천,드림파크야생화단지,heal,60.0,G04,인천광역시,인천광역시,province,PROVINCE_CONTEXT_ONLY,5.310621242484969,,True,0.0,CONTEXT_ONLY_NOT_CALIBRATED
1398,ro935,장흥,보림사,herit,60.0,G08,전남광주통합특별시|장흥군,전남광주통합특별시,municipality,UNIQUE_MUNICIPALITY_ALIAS,0.035200140800563204,7.327586206896552,True,0.0,CONTEXT_ONLY_NOT_CALIBRATED
1399,ro936,용인,용인시박물관,herit,60.0,G08,경기도|용인시,경기도,municipality,UNIQUE_MUNICIPALITY_ALIAS,2.265312972987097,98.27586206896552,False,0.0,CONTEXT_ONLY_NOT_CALIBRATED
1400,ro937,보은,보은스포츠파크 야구장,activity,90.0,G03,충청북도|보은군,충청북도,municipality,UNIQUE_MUNICIPALITY_ALIAS,0.05605616828061718,13.793103448275861,False,0.0,CONTEXT_ONLY_NOT_CALIBRATED
1401,ro938,경기광주,곤지암호국스포츠타운,heal,60.0,G04,경기도|광주시,경기도,municipality,EXPLICIT_PARENT_ALIAS,0.5170823090514027,73.27586206896552,False,0.0,CONTEXT_ONLY_NOT_CALIBRATED
1402,ro939,시흥,연꽃테마파크,activity,90.0,G03,경기도|시흥시,경기도,municipality,UNIQUE_MUNICIPALITY_ALIAS,0.7879349471259469,87.28448275862068,False,0.0,CONTEXT_ONLY_NOT_CALIBRATED
1403,ro940,장성,황룡시장,food,50.0,G01,전남광주통합특별시|장성군,전남광주통합특별시,municipality,UNIQUE_MUNICIPALITY_ALIAS,0.12320049280197119,34.48275862068966,True,0.0,CONTEXT_ONLY_NOT_CALIBRATED
1404,ro941,장성,국립방장산자연휴양림,heal,60.0,G04,전남광주통합특별시|장성군,전남광주통합특별시,municipality,UNIQUE_MUNICIPALITY_ALIAS,0.12320049280197119,34.48275862068966,True,0.0,CONTEXT_ONLY_NOT_CALIBRATED
1405,ro942,고령,소리체험관,herit,60.0,G08,경상북도|고령군,경상북도,municipality,UNIQUE_MUNICIPALITY_ALIAS,0.03603610818039675,7.974137931034483,False,0.0,CONTEXT_ONLY_NOT_CALIBRATED
1406,ro943,상주,낙동강 역사이야기관,herit,60.0,G08,경상북도|상주시,경상북도,municipality,UNIQUE_MUNICIPALITY_ALIAS,0.09369388126903157,25.43103448275862,False,0.0,CONTEXT_ONLY_NOT_CALIBRATED
1407,ro944,구미,지산샛강생태공원,heal,60.0,G04,경상북도|구미시,경상북도,municipality,UNIQUE_MUNICIPALITY_ALIAS,0.32072136280553115,61.206896551724135,False,0.0,CONTEXT_ONLY_NOT_CALIBRATED
1408,ro945,청송,주왕산온천관광호텔 청송솔기온천,heal,60.0,G04,경상북도|청송군,경상북도,municipality,UNIQUE_MUNICIPALITY_ALIAS,0.03603610818039675,7.974137931034483,False,0.0,CONTEXT_ONLY_NOT_CALIBRATED
1409,ro946,세종,국립어린이박물관,herit,60.0,G08,세종특별자치시,세종특별자치시,province,PROVINCE_CONTEXT_ONLY,0.3006012024048096,,False,0.0,CONTEXT_ONLY_NOT_CALIBRATED
1410,ro947,세종,고복저수지,sea,40.0,G05,세종특별자치시,세종특별자치시,province,PROVINCE_CONTEXT_ONLY,0.3006012024048096,,False,0.0,CONTEXT_ONLY_NOT_CALIBRATED
1411,ro948,세종,세종전통시장,food,50.0,G01,세종특별자치시,세종특별자치시,province,PROVINCE_CONTEXT_ONLY,0.3006012024048096,,False,0.0,CONTEXT_ONLY_NOT_CALIBRATED
1412,ro949,서울,성대전통시장,food,50.0,G01,서울특별시,서울특별시,province,PROVINCE_CONTEXT_ONLY,29.058116232464926,,False,0.0,CONTEXT_ONLY_NOT_CALIBRATED
1413,ro950,서울,대신시장,food,50.0,G01,서울특별시,서울특별시,province,PROVINCE_CONTEXT_ONLY,29.058116232464926,,False,0.0,CONTEXT_ONLY_NOT_CALIBRATED
1414,ro952,서울,상계중앙시장,food,50.0,G01,서울특별시,서울특별시,province,PROVINCE_CONTEXT_ONLY,29.058116232464926,,False,0.0,CONTEXT_ONLY_NOT_CALIBRATED
1415,ro953,서울,서울로봇인공지능과학관,herit,60.0,G08,서울특별시,서울특별시,province,PROVINCE_CONTEXT_ONLY,29.058116232464926,,False,0.0,CONTEXT_ONLY_NOT_CALIBRATED
1416,ro954,서울,점프,activity,90.0,G03,서울특별시,서울특별시,province,PROVINCE_CONTEXT_ONLY,29.058116232464926,,False,0.0,CONTEXT_ONLY_NOT_CALIBRATED
1417,ro956,서울,삼성동시장,food,50.0,G01,서울특별시,서울특별시,province,PROVINCE_CONTEXT_ONLY,29.058116232464926,,False,0.0,CONTEXT_ONLY_NOT_CALIBRATED
1418,ro957,서울,서울연극창작센터,activity,90.0,G03,서울특별시,서울특별시,province,PROVINCE_CONTEXT_ONLY,29.058116232464926,,False,0.0,CONTEXT_ONLY_NOT_CALIBRATED
1419,ro958,서울,서울시립 서서울미술관,herit,60.0,G08,서울특별시,서울특별시,province,PROVINCE_CONTEXT_ONLY,29.058116232464926,,False,0.0,CONTEXT_ONLY_NOT_CALIBRATED
1420,ro959,서울,대성사,herit,60.0,G08,서울특별시,서울특별시,province,PROVINCE_CONTEXT_ONLY,29.058116232464926,,False,0.0,CONTEXT_ONLY_NOT_CALIBRATED
1421,ro960,서울,강동아트센터,activity,90.0,G03,서울특별시,서울특별시,province,PROVINCE_CONTEXT_ONLY,29.058116232464926,,False,0.0,CONTEXT_ONLY_NOT_CALIBRATED
1422,ro961,부산,부산119안전체험관,heal,60.0,G04,부산광역시,부산광역시,province,PROVINCE_CONTEXT_ONLY,6.4128256513026045,,False,0.0,CONTEXT_ONLY_NOT_CALIBRATED
1423,ro962,부산,을숙도문화회관 들락날락,activity,90.0,G03,부산광역시,부산광역시,province,PROVINCE_CONTEXT_ONLY,6.4128256513026045,,False,0.0,CONTEXT_ONLY_NOT_CALIBRATED
1424,ro963,부산,부산광역시교육청 학생안전체험관,heal,60.0,G04,부산광역시,부산광역시,province,PROVINCE_CONTEXT_ONLY,6.4128256513026045,,False,0.0,CONTEXT_ONLY_NOT_CALIBRATED
1425,ro964,부산,낙동아트센터,activity,90.0,G03,부산광역시,부산광역시,province,PROVINCE_CONTEXT_ONLY,6.4128256513026045,,False,0.0,CONTEXT_ONLY_NOT_CALIBRATED
1426,ro965,부산,천성항,sea,40.0,G05,부산광역시,부산광역시,province,PROVINCE_CONTEXT_ONLY,6.4128256513026045,,False,0.0,CONTEXT_ONLY_NOT_CALIBRATED
1427,ro966,고양,행주산성 역사공원,heal,60.0,G04,경기도|고양시,경기도,municipality,UNIQUE_MUNICIPALITY_ALIAS,2.166821104596354,97.41379310344827,False,0.0,CONTEXT_ONLY_NOT_CALIBRATED
1428,ro967,고양,고양CC,activity,90.0,G03,경기도|고양시,경기도,municipality,UNIQUE_MUNICIPALITY_ALIAS,2.166821104596354,97.41379310344827,False,0.0,CONTEXT_ONLY_NOT_CALIBRATED
1429,ro968,부산,다대포항,sea,40.0,G05,부산광역시,부산광역시,province,PROVINCE_CONTEXT_ONLY,6.4128256513026045,,False,0.0,CONTEXT_ONLY_NOT_CALIBRATED
1430,ro969,부산,광안리해양레포츠센터,activity,90.0,G03,부산광역시,부산광역시,province,PROVINCE_CONTEXT_ONLY,6.4128256513026045,,False,0.0,CONTEXT_ONLY_NOT_CALIBRATED
1431,ro971,봉화,봉화은어축제,activity,90.0,G03,경상북도|봉화군,경상북도,municipality,UNIQUE_MUNICIPALITY_ALIAS,0.025225275726277727,3.4482758620689653,False,0.0,CONTEXT_ONLY_NOT_CALIBRATED
1432,ro972,서울,서울시립 남서울미술관,herit,60.0,G08,서울특별시,서울특별시,province,PROVINCE_CONTEXT_ONLY,29.058116232464926,,False,0.0,CONTEXT_ONLY_NOT_CALIBRATED
1433,ro973,서울,서울풍물시장,food,50.0,G01,서울특별시,서울특별시,province,PROVINCE_CONTEXT_ONLY,29.058116232464926,,False,0.0,CONTEXT_ONLY_NOT_CALIBRATED
1434,ro974,서울,홍릉시험림,heal,60.0,G04,서울특별시,서울특별시,province,PROVINCE_CONTEXT_ONLY,29.058116232464926,,False,0.0,CONTEXT_ONLY_NOT_CALIBRATED
1435,ro975,서울,파리문화공원,heal,60.0,G04,서울특별시,서울특별시,province,PROVINCE_CONTEXT_ONLY,29.058116232464926,,False,0.0,CONTEXT_ONLY_NOT_CALIBRATED
1436,ro976,서울,노들나루공원,heal,60.0,G04,서울특별시,서울특별시,province,PROVINCE_CONTEXT_ONLY,29.058116232464926,,False,0.0,CONTEXT_ONLY_NOT_CALIBRATED
1437,rs1,삼척,쏠비치 삼척,stay,30.0,,강원특별자치도|삼척시,강원특별자치도,municipality,UNIQUE_MUNICIPALITY_ALIAS,0.09619238476953906,26.724137931034484,False,0.0,CONTEXT_ONLY_NOT_CALIBRATED
1438,rs2,고성(강원),소노캄 델피노,stay,30.0,,강원특별자치도|고성군,강원특별자치도,municipality,EXPLICIT_PARENT_ALIAS,0.10260521042084167,29.74137931034483,False,0.0,CONTEXT_ONLY_NOT_CALIBRATED
1439,rs3,고성(강원),소노벨 델피노,stay,30.0,,강원특별자치도|고성군,강원특별자치도,municipality,EXPLICIT_PARENT_ALIAS,0.10260521042084167,29.74137931034483,False,0.0,CONTEXT_ONLY_NOT_CALIBRATED
1440,rs4,속초,한화리조트 설악 쏘라노,stay,30.0,,강원특별자치도|속초시,강원특별자치도,municipality,UNIQUE_MUNICIPALITY_ALIAS,0.38797595190380757,65.51724137931035,False,0.0,CONTEXT_ONLY_NOT_CALIBRATED
1441,rs5,속초,현대수리조트,stay,30.0,,강원특별자치도|속초시,강원특별자치도,municipality,UNIQUE_MUNICIPALITY_ALIAS,0.38797595190380757,65.51724137931035,False,0.0,CONTEXT_ONLY_NOT_CALIBRATED
1442,rs6,속초,체스터톤스속초,stay,30.0,,강원특별자치도|속초시,강원특별자치도,municipality,UNIQUE_MUNICIPALITY_ALIAS,0.38797595190380757,65.51724137931035,False,0.0,CONTEXT_ONLY_NOT_CALIBRATED
1443,rs7,양양,쏠비치 양양,stay,30.0,,강원특별자치도|양양군,강원특별자치도,municipality,UNIQUE_MUNICIPALITY_ALIAS,0.1442885771543086,37.06896551724138,False,0.0,CONTEXT_ONLY_NOT_CALIBRATED
1444,rs8,통영,금호리조트 통영마리나,stay,30.0,,경상남도|통영시,경상남도,municipality,UNIQUE_MUNICIPALITY_ALIAS,0.13326653306613226,35.3448275862069,False,0.0,CONTEXT_ONLY_NOT_CALIBRATED
1445,rs9,속초,금호리조트 설악,stay,30.0,,강원특별자치도|속초시,강원특별자치도,municipality,UNIQUE_MUNICIPALITY_ALIAS,0.38797595190380757,65.51724137931035,False,0.0,CONTEXT_ONLY_NOT_CALIBRATED
1446,rs10,속초,속초 아이파크스위트 호텔앤리조트,stay,30.0,,강원특별자치도|속초시,강원특별자치도,municipality,UNIQUE_MUNICIPALITY_ALIAS,0.38797595190380757,65.51724137931035,False,0.0,CONTEXT_ONLY_NOT_CALIBRATED
1447,rs11,고성(강원),소노펠리체 빌리지 델피노,stay,30.0,,강원특별자치도|고성군,강원특별자치도,municipality,EXPLICIT_PARENT_ALIAS,0.10260521042084167,29.74137931034483,False,0.0,CONTEXT_ONLY_NOT_CALIBRATED
1448,rs12,고성(강원),켄싱턴리조트 설악비치,stay,30.0,,강원특별자치도|고성군,강원특별자치도,municipality,EXPLICIT_PARENT_ALIAS,0.10260521042084167,29.74137931034483,False,0.0,CONTEXT_ONLY_NOT_CALIBRATED
1449,rs13,여수,소노캄 여수,stay,30.0,,전남광주통합특별시|여수시,전남광주통합특별시,municipality,UNIQUE_MUNICIPALITY_ALIAS,0.3432013728054912,62.93103448275862,True,0.0,CONTEXT_ONLY_NOT_CALIBRATED
1450,rs14,인천,인스파이어 엔터테인먼트 리조트,stay,30.0,,인천광역시,인천광역시,province,PROVINCE_CONTEXT_ONLY,5.310621242484969,,True,0.0,CONTEXT_ONLY_NOT_CALIBRATED
1451,rs15,강릉,썬크루즈호텔&리조트,stay,30.0,,강원특별자치도|강릉시,강원특별자치도,municipality,UNIQUE_MUNICIPALITY_ALIAS,0.5098196392785571,72.84482758620689,False,0.0,CONTEXT_ONLY_NOT_CALIBRATED
1452,rs16,경주,한화리조트 경주 에톤,stay,30.0,,경상북도|경주시,경상북도,municipality,UNIQUE_MUNICIPALITY_ALIAS,0.6234246715208639,80.17241379310344,False,0.0,CONTEXT_ONLY_NOT_CALIBRATED
1453,rs17,영덕,파나크 영덕 바이소노벨,stay,30.0,,경상북도|영덕군,경상북도,municipality,UNIQUE_MUNICIPALITY_ALIAS,0.10090110290511091,29.310344827586206,False,0.0,CONTEXT_ONLY_NOT_CALIBRATED
1454,rs18,속초,라마다호텔 속초,stay,30.0,,강원특별자치도|속초시,강원특별자치도,municipality,UNIQUE_MUNICIPALITY_ALIAS,0.38797595190380757,65.51724137931035,False,0.0,CONTEXT_ONLY_NOT_CALIBRATED
1455,rs19,속초,롯데리조트 속초,stay,30.0,,강원특별자치도|속초시,강원특별자치도,municipality,UNIQUE_MUNICIPALITY_ALIAS,0.38797595190380757,65.51724137931035,False,0.0,CONTEXT_ONLY_NOT_CALIBRATED
1456,rs20,경주,소노캄 경주,stay,30.0,,경상북도|경주시,경상북도,municipality,UNIQUE_MUNICIPALITY_ALIAS,0.6234246715208639,80.17241379310344,False,0.0,CONTEXT_ONLY_NOT_CALIBRATED
1457,rs21,강릉,SL호텔 강릉,stay,30.0,,강원특별자치도|강릉시,강원특별자치도,municipality,UNIQUE_MUNICIPALITY_ALIAS,0.5098196392785571,72.84482758620689,False,0.0,CONTEXT_ONLY_NOT_CALIBRATED
1458,rs22,여수,신라스테이 여수,stay,30.0,,전남광주통합특별시|여수시,전남광주통합특별시,municipality,UNIQUE_MUNICIPALITY_ALIAS,0.3432013728054912,62.93103448275862,True,0.0,CONTEXT_ONLY_NOT_CALIBRATED
1459,rs23,부산,한화리조트 해운대,stay,30.0,,부산광역시,부산광역시,province,PROVINCE_CONTEXT_ONLY,6.4128256513026045,,False,0.0,CONTEXT_ONLY_NOT_CALIBRATED
1460,rs24,강릉,라카이샌드파인,stay,30.0,,강원특별자치도|강릉시,강원특별자치도,municipality,UNIQUE_MUNICIPALITY_ALIAS,0.5098196392785571,72.84482758620689,False,0.0,CONTEXT_ONLY_NOT_CALIBRATED
1461,rs25,태안,서초휴양소 태안점,stay,30.0,,충청남도|태안군,충청남도,municipality,UNIQUE_MUNICIPALITY_ALIAS,0.16499465397260984,41.37931034482759,False,0.0,CONTEXT_ONLY_NOT_CALIBRATED
1462,rs26,강릉,탑스텐호텔,stay,30.0,,강원특별자치도|강릉시,강원특별자치도,municipality,UNIQUE_MUNICIPALITY_ALIAS,0.5098196392785571,72.84482758620689,False,0.0,CONTEXT_ONLY_NOT_CALIBRATED
1463,rs27,여수,라마다프라자바이윈덤 여수,stay,30.0,,전남광주통합특별시|여수시,전남광주통합특별시,municipality,UNIQUE_MUNICIPALITY_ALIAS,0.3432013728054912,62.93103448275862,True,0.0,CONTEXT_ONLY_NOT_CALIBRATED
1464,rs28,고성(강원),켄싱턴리조트 설악밸리,stay,30.0,,강원특별자치도|고성군,강원특별자치도,municipality,EXPLICIT_PARENT_ALIAS,0.10260521042084167,29.74137931034483,False,0.0,CONTEXT_ONLY_NOT_CALIBRATED
1465,rs29,여수,유탑마리나호텔&리조트,stay,30.0,,전남광주통합특별시|여수시,전남광주통합특별시,municipality,UNIQUE_MUNICIPALITY_ALIAS,0.3432013728054912,62.93103448275862,True,0.0,CONTEXT_ONLY_NOT_CALIBRATED
1466,rs30,제주,소노벨 제주,stay,30.0,,제주특별자치도,제주특별자치도,province,PROVINCE_CONTEXT_ONLY,1.7034068136272542,,False,0.0,CONTEXT_ONLY_NOT_CALIBRATED
1467,rs31,부안,소노벨 변산,stay,30.0,,전북특별자치도|부안군,전북특별자치도,municipality,UNIQUE_MUNICIPALITY_ALIAS,0.09478957915831662,25.862068965517242,False,0.0,CONTEXT_ONLY_NOT_CALIBRATED
1468,rs32,서울,그랜드 하얏트 서울,stay,30.0,,서울특별시,서울특별시,province,PROVINCE_CONTEXT_ONLY,29.058116232464926,,False,0.0,CONTEXT_ONLY_NOT_CALIBRATED
1469,rs33,경주,라한셀렉트 경주,stay,30.0,,경상북도|경주시,경상북도,municipality,UNIQUE_MUNICIPALITY_ALIAS,0.6234246715208639,80.17241379310344,False,0.0,CONTEXT_ONLY_NOT_CALIBRATED
1470,rs34,통영,스탠포드호텔앤리조트 통영,stay,30.0,,경상남도|통영시,경상남도,municipality,UNIQUE_MUNICIPALITY_ALIAS,0.13326653306613226,35.3448275862069,False,0.0,CONTEXT_ONLY_NOT_CALIBRATED
1471,rs35,영월,탑스텐리조트 동강시스타,stay,30.0,,강원특별자치도|영월군,강원특별자치도,municipality,UNIQUE_MUNICIPALITY_ALIAS,0.06412825651302605,16.379310344827587,False,0.0,CONTEXT_ONLY_NOT_CALIBRATED
1472,rs36,양양,더앤리조트,stay,30.0,,강원특별자치도|양양군,강원특별자치도,municipality,UNIQUE_MUNICIPALITY_ALIAS,0.1442885771543086,37.06896551724138,False,0.0,CONTEXT_ONLY_NOT_CALIBRATED
1473,rs37,동해,동해보양온천컨벤션호텔,stay,30.0,,강원특별자치도|동해시,강원특별자치도,municipality,UNIQUE_MUNICIPALITY_ALIAS,0.1346693386773547,36.206896551724135,False,0.0,CONTEXT_ONLY_NOT_CALIBRATED
1474,rs38,강릉,스카이베이호텔 경포,stay,30.0,,강원특별자치도|강릉시,강원특별자치도,municipality,UNIQUE_MUNICIPALITY_ALIAS,0.5098196392785571,72.84482758620689,False,0.0,CONTEXT_ONLY_NOT_CALIBRATED
1475,rs39,여수,디오션리조트,stay,30.0,,전남광주통합특별시|여수시,전남광주통합특별시,municipality,UNIQUE_MUNICIPALITY_ALIAS,0.3432013728054912,62.93103448275862,True,0.0,CONTEXT_ONLY_NOT_CALIBRATED
1476,rs40,속초,리센오션파크속초A동,stay,30.0,,강원특별자치도|속초시,강원특별자치도,municipality,UNIQUE_MUNICIPALITY_ALIAS,0.38797595190380757,65.51724137931035,False,0.0,CONTEXT_ONLY_NOT_CALIBRATED
1477,rs41,여수,여수베네치아호텔앤스위트,stay,30.0,,전남광주통합특별시|여수시,전남광주통합특별시,municipality,UNIQUE_MUNICIPALITY_ALIAS,0.3432013728054912,62.93103448275862,True,0.0,CONTEXT_ONLY_NOT_CALIBRATED
1478,rs42,경주,켄싱턴리조트 경주,stay,30.0,,경상북도|경주시,경상북도,municipality,UNIQUE_MUNICIPALITY_ALIAS,0.6234246715208639,80.17241379310344,False,0.0,CONTEXT_ONLY_NOT_CALIBRATED
1479,rs43,정선,메이힐스리조트,stay,30.0,,강원특별자치도|정선군,강원특별자치도,municipality,UNIQUE_MUNICIPALITY_ALIAS,0.09298597194388776,25.0,False,0.0,CONTEXT_ONLY_NOT_CALIBRATED
1480,rs44,삼척,씨스포빌,stay,30.0,,강원특별자치도|삼척시,강원특별자치도,municipality,UNIQUE_MUNICIPALITY_ALIAS,0.09619238476953906,26.724137931034484,False,0.0,CONTEXT_ONLY_NOT_CALIBRATED
1481,rs45,경주,경주 코오롱호텔,stay,30.0,,경상북도|경주시,경상북도,municipality,UNIQUE_MUNICIPALITY_ALIAS,0.6234246715208639,80.17241379310344,False,0.0,CONTEXT_ONLY_NOT_CALIBRATED
1482,rs46,정선,하이원리조트 힐콘도,stay,30.0,,강원특별자치도|정선군,강원특별자치도,municipality,UNIQUE_MUNICIPALITY_ALIAS,0.09298597194388776,25.0,False,0.0,CONTEXT_ONLY_NOT_CALIBRATED
1483,rs47,여수,오션힐호텔,stay,30.0,,전남광주통합특별시|여수시,전남광주통합특별시,municipality,UNIQUE_MUNICIPALITY_ALIAS,0.3432013728054912,62.93103448275862,True,0.0,CONTEXT_ONLY_NOT_CALIBRATED
1484,rs48,여수,히든베이호텔,stay,30.0,,전남광주통합특별시|여수시,전남광주통합특별시,municipality,UNIQUE_MUNICIPALITY_ALIAS,0.3432013728054912,62.93103448275862,True,0.0,CONTEXT_ONLY_NOT_CALIBRATED
1485,rs49,여수,호텔헤이븐,stay,30.0,,전남광주통합특별시|여수시,전남광주통합특별시,municipality,UNIQUE_MUNICIPALITY_ALIAS,0.3432013728054912,62.93103448275862,True,0.0,CONTEXT_ONLY_NOT_CALIBRATED
1486,rs50,제주,휘닉스 아일랜드,stay,30.0,,제주특별자치도,제주특별자치도,province,PROVINCE_CONTEXT_ONLY,1.7034068136272542,,False,0.0,CONTEXT_ONLY_NOT_CALIBRATED
1487,rs51,예산,스플라스 리솜,stay,30.0,,충청남도|예산군,충청남도,municipality,UNIQUE_MUNICIPALITY_ALIAS,0.16850517852521854,42.88793103448276,False,0.0,CONTEXT_ONLY_NOT_CALIBRATED
1488,rs52,속초,씨크루즈호텔속초,stay,30.0,,강원특별자치도|속초시,강원특별자치도,municipality,UNIQUE_MUNICIPALITY_ALIAS,0.38797595190380757,65.51724137931035,False,0.0,CONTEXT_ONLY_NOT_CALIBRATED
1489,rs53,양평,소노벨 양평,stay,30.0,,경기도|양평군,경기도,municipality,UNIQUE_MUNICIPALITY_ALIAS,0.2462296709768584,51.508620689655174,False,0.0,CONTEXT_ONLY_NOT_CALIBRATED
1490,rs54,양양,디그니티호텔,stay,30.0,,강원특별자치도|양양군,강원특별자치도,municipality,UNIQUE_MUNICIPALITY_ALIAS,0.1442885771543086,37.06896551724138,False,0.0,CONTEXT_ONLY_NOT_CALIBRATED
1491,rs55,여수,라테라스리조트앤스파,stay,30.0,,전남광주통합특별시|여수시,전남광주통합특별시,municipality,UNIQUE_MUNICIPALITY_ALIAS,0.3432013728054912,62.93103448275862,True,0.0,CONTEXT_ONLY_NOT_CALIBRATED
1492,rs56,속초,더블루테라호텔,stay,30.0,,강원특별자치도|속초시,강원특별자치도,municipality,UNIQUE_MUNICIPALITY_ALIAS,0.38797595190380757,65.51724137931035,False,0.0,CONTEXT_ONLY_NOT_CALIBRATED
1493,rs57,울진,덕구온천호텔,stay,30.0,,경상북도|울진군,경상북도,municipality,UNIQUE_MUNICIPALITY_ALIAS,0.0720722163607935,18.53448275862069,False,0.0,CONTEXT_ONLY_NOT_CALIBRATED
1494,rs58,부여,롯데리조트 부여,stay,30.0,,충청남도|부여군,충청남도,municipality,UNIQUE_MUNICIPALITY_ALIAS,0.12286835934130522,33.4051724137931,False,0.0,CONTEXT_ONLY_NOT_CALIBRATED
1495,rs59,서울,포시즌스 호텔 서울,stay,30.0,,서울특별시,서울특별시,province,PROVINCE_CONTEXT_ONLY,29.058116232464926,,False,0.0,CONTEXT_ONLY_NOT_CALIBRATED
1496,rs60,경주,힐튼호텔 경주,stay,30.0,,경상북도|경주시,경상북도,municipality,UNIQUE_MUNICIPALITY_ALIAS,0.6234246715208639,80.17241379310344,False,0.0,CONTEXT_ONLY_NOT_CALIBRATED
1497,rs61,평창,스테이1538 평창,stay,30.0,,강원특별자치도|평창군,강원특별자치도,municipality,UNIQUE_MUNICIPALITY_ALIAS,0.18917835671342684,46.12068965517241,False,0.0,CONTEXT_ONLY_NOT_CALIBRATED
1498,rs62,속초,속초마리비스타호텔,stay,30.0,,강원특별자치도|속초시,강원특별자치도,municipality,UNIQUE_MUNICIPALITY_ALIAS,0.38797595190380757,65.51724137931035,False,0.0,CONTEXT_ONLY_NOT_CALIBRATED
1499,rs63,화순,금호화순스파리조트,stay,30.0,,전남광주통합특별시|화순군,전남광주통합특별시,municipality,UNIQUE_MUNICIPALITY_ALIAS,0.0924003696014784,24.56896551724138,True,0.0,CONTEXT_ONLY_NOT_CALIBRATED
1500,rs64,정선,JS그랜드팰리스,stay,30.0,,강원특별자치도|정선군,강원특별자치도,municipality,UNIQUE_MUNICIPALITY_ALIAS,0.09298597194388776,25.0,False,0.0,CONTEXT_ONLY_NOT_CALIBRATED
1501,rs65,목포,신안비치호텔,stay,30.0,,전남광주통합특별시|목포시,전남광주통합특별시,municipality,UNIQUE_MUNICIPALITY_ALIAS,0.2596010384041536,53.01724137931034,True,0.0,CONTEXT_ONLY_NOT_CALIBRATED
1502,rs66,양평,블룸비스타 호텔앤컨퍼런스,stay,30.0,,경기도|양평군,경기도,municipality,UNIQUE_MUNICIPALITY_ALIAS,0.2462296709768584,51.508620689655174,False,0.0,CONTEXT_ONLY_NOT_CALIBRATED
1503,rs67,거제,호텔리베라 거제,stay,30.0,,경상남도|거제시,경상남도,municipality,UNIQUE_MUNICIPALITY_ALIAS,0.16753507014028057,42.241379310344826,False,0.0,CONTEXT_ONLY_NOT_CALIBRATED
1504,rs68,통영,클럽ES통영리조트,stay,30.0,,경상남도|통영시,경상남도,municipality,UNIQUE_MUNICIPALITY_ALIAS,0.13326653306613226,35.3448275862069,False,0.0,CONTEXT_ONLY_NOT_CALIBRATED
1505,rs69,속초,썬라이즈호텔,stay,30.0,,강원특별자치도|속초시,강원특별자치도,municipality,UNIQUE_MUNICIPALITY_ALIAS,0.38797595190380757,65.51724137931035,False,0.0,CONTEXT_ONLY_NOT_CALIBRATED
1506,rs70,태백,태백호텔,stay,30.0,,강원특별자치도|태백시,강원특별자치도,municipality,UNIQUE_MUNICIPALITY_ALIAS,0.05771543086172345,15.086206896551724,False,0.0,CONTEXT_ONLY_NOT_CALIBRATED
1507,rs71,제주,그랜드조선 제주,stay,30.0,,제주특별자치도,제주특별자치도,province,PROVINCE_CONTEXT_ONLY,1.7034068136272542,,False,0.0,CONTEXT_ONLY_NOT_CALIBRATED
1508,rs72,강릉,컨피네스 오션스위트,stay,30.0,,강원특별자치도|강릉시,강원특별자치도,municipality,UNIQUE_MUNICIPALITY_ALIAS,0.5098196392785571,72.84482758620689,False,0.0,CONTEXT_ONLY_NOT_CALIBRATED
1509,rs73,인천,강화씨사이드리조트,stay,30.0,,인천광역시,인천광역시,province,PROVINCE_CONTEXT_ONLY,5.310621242484969,,True,0.0,CONTEXT_ONLY_NOT_CALIBRATED
1510,rs74,동해,동해오션시티레지던스호텔,stay,30.0,,강원특별자치도|동해시,강원특별자치도,municipality,UNIQUE_MUNICIPALITY_ALIAS,0.1346693386773547,36.206896551724135,False,0.0,CONTEXT_ONLY_NOT_CALIBRATED
1511,rs75,정선,하이원리조트 마운틴콘도,stay,30.0,,강원특별자치도|정선군,강원특별자치도,municipality,UNIQUE_MUNICIPALITY_ALIAS,0.09298597194388776,25.0,False,0.0,CONTEXT_ONLY_NOT_CALIBRATED
1512,rs76,여수,여수벨메르,stay,30.0,,전남광주통합특별시|여수시,전남광주통합특별시,municipality,UNIQUE_MUNICIPALITY_ALIAS,0.3432013728054912,62.93103448275862,True,0.0,CONTEXT_ONLY_NOT_CALIBRATED
1513,rs77,부안,모항해나루가족호텔,stay,30.0,,전북특별자치도|부안군,전북특별자치도,municipality,UNIQUE_MUNICIPALITY_ALIAS,0.09478957915831662,25.862068965517242,False,0.0,CONTEXT_ONLY_NOT_CALIBRATED
1514,rs78,안동,스탠포드호텔 안동,stay,30.0,,경상북도|안동시,경상북도,municipality,UNIQUE_MUNICIPALITY_ALIAS,0.16936970844786475,43.53448275862069,False,0.0,CONTEXT_ONLY_NOT_CALIBRATED
1515,rs79,사천,사천아르떼리조트 풀빌라,stay,30.0,,경상남도|사천시,경상남도,municipality,UNIQUE_MUNICIPALITY_ALIAS,0.17895791583166332,44.827586206896555,False,0.0,CONTEXT_ONLY_NOT_CALIBRATED
1516,rs80,서울,이비스 앰배서더 서울 인사동,stay,30.0,,서울특별시,서울특별시,province,PROVINCE_CONTEXT_ONLY,29.058116232464926,,False,0.0,CONTEXT_ONLY_NOT_CALIBRATED
1517,rs81,단양,소노벨 단양,stay,30.0,,충청북도|단양군,충청북도,municipality,UNIQUE_MUNICIPALITY_ALIAS,0.08408425242092575,22.413793103448278,False,0.0,CONTEXT_ONLY_NOT_CALIBRATED
1518,rs82,양양,설해원,stay,30.0,,강원특별자치도|양양군,강원특별자치도,municipality,UNIQUE_MUNICIPALITY_ALIAS,0.1442885771543086,37.06896551724138,False,0.0,CONTEXT_ONLY_NOT_CALIBRATED
1519,rs83,대전,계룡스파텔,stay,30.0,,대전광역시,대전광역시,province,PROVINCE_CONTEXT_ONLY,3.2064128256513023,,False,0.0,CONTEXT_ONLY_NOT_CALIBRATED
1520,rs84,속초,속초마리나베이,stay,30.0,,강원특별자치도|속초시,강원특별자치도,municipality,UNIQUE_MUNICIPALITY_ALIAS,0.38797595190380757,65.51724137931035,False,0.0,CONTEXT_ONLY_NOT_CALIBRATED
1521,rs85,강릉,씨마크호텔,stay,30.0,,강원특별자치도|강릉시,강원특별자치도,municipality,UNIQUE_MUNICIPALITY_ALIAS,0.5098196392785571,72.84482758620689,False,0.0,CONTEXT_ONLY_NOT_CALIBRATED
1522,rs86,평창,켄싱턴호텔 평창,stay,30.0,,강원특별자치도|평창군,강원특별자치도,municipality,UNIQUE_MUNICIPALITY_ALIAS,0.18917835671342684,46.12068965517241,False,0.0,CONTEXT_ONLY_NOT_CALIBRATED
1523,rs87,해남,해남126호텔,stay,30.0,,전남광주통합특별시|해남군,전남광주통합특별시,municipality,UNIQUE_MUNICIPALITY_ALIAS,0.066000264001056,17.24137931034483,True,0.0,CONTEXT_ONLY_NOT_CALIBRATED
1524,rs88,목포,목포오션호텔,stay,30.0,,전남광주통합특별시|목포시,전남광주통합특별시,municipality,UNIQUE_MUNICIPALITY_ALIAS,0.2596010384041536,53.01724137931034,True,0.0,CONTEXT_ONLY_NOT_CALIBRATED
1525,rs89,진주,골든튤립 호텔남강,stay,30.0,,경상남도|진주시,경상남도,municipality,UNIQUE_MUNICIPALITY_ALIAS,0.2284569138276553,49.13793103448276,False,0.0,CONTEXT_ONLY_NOT_CALIBRATED
1526,rs90,서울,JW 메리어트 호텔 서울,stay,30.0,,서울특별시,서울특별시,province,PROVINCE_CONTEXT_ONLY,29.058116232464926,,False,0.0,CONTEXT_ONLY_NOT_CALIBRATED
1527,rs91,춘천,벨라스테이호텔 춘천,stay,30.0,,강원특별자치도|춘천시,강원특별자치도,municipality,UNIQUE_MUNICIPALITY_ALIAS,0.3687374749498998,63.793103448275865,False,0.0,CONTEXT_ONLY_NOT_CALIBRATED
1528,rs92,제주,소노캄 제주,stay,30.0,,제주특별자치도,제주특별자치도,province,PROVINCE_CONTEXT_ONLY,1.7034068136272542,,False,0.0,CONTEXT_ONLY_NOT_CALIBRATED
1529,rs93,부산,해운대센텀호텔,stay,30.0,,부산광역시,부산광역시,province,PROVINCE_CONTEXT_ONLY,6.4128256513026045,,False,0.0,CONTEXT_ONLY_NOT_CALIBRATED
1530,rs94,부산,시그니엘 부산,stay,30.0,,부산광역시,부산광역시,province,PROVINCE_CONTEXT_ONLY,6.4128256513026045,,False,0.0,CONTEXT_ONLY_NOT_CALIBRATED
1531,rs95,동해,망상오토캠핑리조트,stay,30.0,,강원특별자치도|동해시,강원특별자치도,municipality,UNIQUE_MUNICIPALITY_ALIAS,0.1346693386773547,36.206896551724135,False,0.0,CONTEXT_ONLY_NOT_CALIBRATED
1532,rs96,양양,센텀마크호텔 양양,stay,30.0,,강원특별자치도|양양군,강원특별자치도,municipality,UNIQUE_MUNICIPALITY_ALIAS,0.1442885771543086,37.06896551724138,False,0.0,CONTEXT_ONLY_NOT_CALIBRATED
1533,rs97,김해,롯데호텔앤리조트 김해,stay,30.0,,경상남도|김해시,경상남도,municipality,UNIQUE_MUNICIPALITY_ALIAS,0.6511022044088176,81.46551724137932,False,0.0,CONTEXT_ONLY_NOT_CALIBRATED
1534,rs98,부산,해운대부민병원,stay,30.0,,부산광역시,부산광역시,province,PROVINCE_CONTEXT_ONLY,6.4128256513026045,,False,0.0,CONTEXT_ONLY_NOT_CALIBRATED
1535,rs99,천안,소노벨 천안,stay,30.0,,충청남도|천안시,충청남도,municipality,UNIQUE_MUNICIPALITY_ALIAS,1.1479415287030514,91.37931034482759,False,0.0,CONTEXT_ONLY_NOT_CALIBRATED
1536,rs100,하동,하동야생차박물관,stay,30.0,,경상남도|하동군,경상남도,municipality,UNIQUE_MUNICIPALITY_ALIAS,0.06092184368737475,15.517241379310345,False,0.0,CONTEXT_ONLY_NOT_CALIBRATED
1537,rs101,제주,더포그레이스호텔앤리조트,stay,30.0,,제주특별자치도,제주특별자치도,province,PROVINCE_CONTEXT_ONLY,1.7034068136272542,,False,0.0,CONTEXT_ONLY_NOT_CALIBRATED
1538,rs102,서울,스위스 그랜드 호텔,stay,30.0,,서울특별시,서울특별시,province,PROVINCE_CONTEXT_ONLY,29.058116232464926,,False,0.0,CONTEXT_ONLY_NOT_CALIBRATED
1539,rs103,서울,해밀톤호텔,stay,30.0,,서울특별시,서울특별시,province,PROVINCE_CONTEXT_ONLY,29.058116232464926,,False,0.0,CONTEXT_ONLY_NOT_CALIBRATED
1540,rs104,경주,코모도호텔 경주,stay,30.0,,경상북도|경주시,경상북도,municipality,UNIQUE_MUNICIPALITY_ALIAS,0.6234246715208639,80.17241379310344,False,0.0,CONTEXT_ONLY_NOT_CALIBRATED
1541,rs105,동해,동해현진관광호텔,stay,30.0,,강원특별자치도|동해시,강원특별자치도,municipality,UNIQUE_MUNICIPALITY_ALIAS,0.1346693386773547,36.206896551724135,False,0.0,CONTEXT_ONLY_NOT_CALIBRATED
1542,rs106,강릉,호텔위더스,stay,30.0,,강원특별자치도|강릉시,강원특별자치도,municipality,UNIQUE_MUNICIPALITY_ALIAS,0.5098196392785571,72.84482758620689,False,0.0,CONTEXT_ONLY_NOT_CALIBRATED
1543,rs107,통영,한산호텔,stay,30.0,,경상남도|통영시,경상남도,municipality,UNIQUE_MUNICIPALITY_ALIAS,0.13326653306613226,35.3448275862069,False,0.0,CONTEXT_ONLY_NOT_CALIBRATED
1544,rs108,여주,썬밸리호텔,stay,30.0,,경기도|여주시,경기도,municipality,UNIQUE_MUNICIPALITY_ALIAS,0.6648201116375178,82.54310344827586,False,0.0,CONTEXT_ONLY_NOT_CALIBRATED
1545,rs109,해남,호텔써던힐,stay,30.0,,전남광주통합특별시|해남군,전남광주통합특별시,municipality,UNIQUE_MUNICIPALITY_ALIAS,0.066000264001056,17.24137931034483,True,0.0,CONTEXT_ONLY_NOT_CALIBRATED
1546,rs110,보성,춘운서옥,stay,30.0,,전남광주통합특별시|보성군,전남광주통합특별시,municipality,UNIQUE_MUNICIPALITY_ALIAS,0.0572002288009152,14.224137931034482,True,0.0,CONTEXT_ONLY_NOT_CALIBRATED
1547,rs111,창원,그랜드머큐어앰배서더 창원 창원호텔,stay,30.0,,경상남도|창원시,경상남도,municipality,UNIQUE_MUNICIPALITY_ALIAS,1.2869739478957913,93.96551724137932,False,0.0,CONTEXT_ONLY_NOT_CALIBRATED
1548,rs112,군산,라마다바이윈덤 군산,stay,30.0,,전북특별자치도|군산시,전북특별자치도,municipality,UNIQUE_MUNICIPALITY_ALIAS,0.3571142284569138,63.36206896551724,False,0.0,CONTEXT_ONLY_NOT_CALIBRATED
1549,rs113,울진,덕구온천콘도,stay,30.0,,경상북도|울진군,경상북도,municipality,UNIQUE_MUNICIPALITY_ALIAS,0.0720722163607935,18.53448275862069,False,0.0,CONTEXT_ONLY_NOT_CALIBRATED
1550,rs114,서울,콘래드 서울,stay,30.0,,서울특별시,서울특별시,province,PROVINCE_CONTEXT_ONLY,29.058116232464926,,False,0.0,CONTEXT_ONLY_NOT_CALIBRATED
1551,rs115,제주,켄싱턴리조트 서귀포,stay,30.0,,제주특별자치도,제주특별자치도,province,PROVINCE_CONTEXT_ONLY,1.7034068136272542,,False,0.0,CONTEXT_ONLY_NOT_CALIBRATED
1552,rs116,제주,더베스트 제주 성산 호텔,stay,30.0,,제주특별자치도,제주특별자치도,province,PROVINCE_CONTEXT_ONLY,1.7034068136272542,,False,0.0,CONTEXT_ONLY_NOT_CALIBRATED
1553,rs117,제주,한화리조트 제주,stay,30.0,,제주특별자치도,제주특별자치도,province,PROVINCE_CONTEXT_ONLY,1.7034068136272542,,False,0.0,CONTEXT_ONLY_NOT_CALIBRATED
1554,rs118,경주,더케이호텔 경주,stay,30.0,,경상북도|경주시,경상북도,municipality,UNIQUE_MUNICIPALITY_ALIAS,0.6234246715208639,80.17241379310344,False,0.0,CONTEXT_ONLY_NOT_CALIBRATED
1555,rs119,정선,정선랜드,stay,30.0,,강원특별자치도|정선군,강원특별자치도,municipality,UNIQUE_MUNICIPALITY_ALIAS,0.09298597194388776,25.0,False,0.0,CONTEXT_ONLY_NOT_CALIBRATED
1556,rs120,통영,포르투나호텔,stay,30.0,,경상남도|통영시,경상남도,municipality,UNIQUE_MUNICIPALITY_ALIAS,0.13326653306613226,35.3448275862069,False,0.0,CONTEXT_ONLY_NOT_CALIBRATED
1557,rs121,대전,롯데시티호텔 대전,stay,30.0,,대전광역시,대전광역시,province,PROVINCE_CONTEXT_ONLY,3.2064128256513023,,False,0.0,CONTEXT_ONLY_NOT_CALIBRATED
1558,rs122,동해,뉴동해관광호텔,stay,30.0,,강원특별자치도|동해시,강원특별자치도,municipality,UNIQUE_MUNICIPALITY_ALIAS,0.1346693386773547,36.206896551724135,False,0.0,CONTEXT_ONLY_NOT_CALIBRATED
1559,rs123,전주,신라스테이 전주,stay,30.0,,전북특별자치도|전주시,전북특별자치도,municipality,UNIQUE_MUNICIPALITY_ALIAS,0.7384769539078156,86.20689655172414,False,0.0,CONTEXT_ONLY_NOT_CALIBRATED
1560,rs124,태백,오투리조트 타워콘도,stay,30.0,,강원특별자치도|태백시,강원특별자치도,municipality,UNIQUE_MUNICIPALITY_ALIAS,0.05771543086172345,15.086206896551724,False,0.0,CONTEXT_ONLY_NOT_CALIBRATED
1561,rs125,순천,호텔라움,stay,30.0,,전남광주통합특별시|순천시,전남광주통합특별시,municipality,UNIQUE_MUNICIPALITY_ALIAS,0.2728010912043648,55.172413793103445,True,0.0,CONTEXT_ONLY_NOT_CALIBRATED
1562,rs126,목포,이음호텔 목포평화광장점,stay,30.0,,전남광주통합특별시|목포시,전남광주통합특별시,municipality,UNIQUE_MUNICIPALITY_ALIAS,0.2596010384041536,53.01724137931034,True,0.0,CONTEXT_ONLY_NOT_CALIBRATED
1563,rs127,부안,태왕리조트,stay,30.0,,전북특별자치도|부안군,전북특별자치도,municipality,UNIQUE_MUNICIPALITY_ALIAS,0.09478957915831662,25.862068965517242,False,0.0,CONTEXT_ONLY_NOT_CALIBRATED
1564,rs128,제천,클럽이에스 제천리조트,stay,30.0,,충청북도|제천시,충청북도,municipality,UNIQUE_MUNICIPALITY_ALIAS,0.21371414156985294,47.8448275862069,False,0.0,CONTEXT_ONLY_NOT_CALIBRATED
1565,rs129,군산,에이본호텔 군산,stay,30.0,,전북특별자치도|군산시,전북특별자치도,municipality,UNIQUE_MUNICIPALITY_ALIAS,0.3571142284569138,63.36206896551724,False,0.0,CONTEXT_ONLY_NOT_CALIBRATED
1566,rs130,포천,한화리조트 산정호수,stay,30.0,,경기도|포천시,경기도,municipality,UNIQUE_MUNICIPALITY_ALIAS,0.44321340775834517,69.82758620689656,False,0.0,CONTEXT_ONLY_NOT_CALIBRATED
1567,rs131,가평,켄싱턴리조트 가평,stay,30.0,,경기도|가평군,경기도,municipality,UNIQUE_MUNICIPALITY_ALIAS,0.27085263807454424,54.741379310344826,False,0.0,CONTEXT_ONLY_NOT_CALIBRATED
1568,rs132,서울,롯데호텔 월드,stay,30.0,,서울특별시,서울특별시,province,PROVINCE_CONTEXT_ONLY,29.058116232464926,,False,0.0,CONTEXT_ONLY_NOT_CALIBRATED
1569,rs133,영덕,고래불국민야영장,stay,30.0,,경상북도|영덕군,경상북도,municipality,UNIQUE_MUNICIPALITY_ALIAS,0.10090110290511091,29.310344827586206,False,0.0,CONTEXT_ONLY_NOT_CALIBRATED
1570,rs134,부산,롯데호텔 부산,stay,30.0,,부산광역시,부산광역시,province,PROVINCE_CONTEXT_ONLY,6.4128256513026045,,False,0.0,CONTEXT_ONLY_NOT_CALIBRATED
1571,rs135,영월,어라연 별관,stay,30.0,,강원특별자치도|영월군,강원특별자치도,municipality,UNIQUE_MUNICIPALITY_ALIAS,0.06412825651302605,16.379310344827587,False,0.0,CONTEXT_ONLY_NOT_CALIBRATED
1572,rs136,제주,파르나스호텔 제주,stay,30.0,,제주특별자치도,제주특별자치도,province,PROVINCE_CONTEXT_ONLY,1.7034068136272542,,False,0.0,CONTEXT_ONLY_NOT_CALIBRATED
1573,rs137,부산,신라스테이 서부산,stay,30.0,,부산광역시,부산광역시,province,PROVINCE_CONTEXT_ONLY,6.4128256513026045,,False,0.0,CONTEXT_ONLY_NOT_CALIBRATED
1574,rs138,정선,하이원리조트 밸리콘도,stay,30.0,,강원특별자치도|정선군,강원특별자치도,municipality,UNIQUE_MUNICIPALITY_ALIAS,0.09298597194388776,25.0,False,0.0,CONTEXT_ONLY_NOT_CALIBRATED
1575,rs139,정선,파크로쉬리조트앤웰니스,stay,30.0,,강원특별자치도|정선군,강원특별자치도,municipality,UNIQUE_MUNICIPALITY_ALIAS,0.09298597194388776,25.0,False,0.0,CONTEXT_ONLY_NOT_CALIBRATED
1576,rs140,정선,파인포레스트 정선알파인리조트,stay,30.0,,강원특별자치도|정선군,강원특별자치도,municipality,UNIQUE_MUNICIPALITY_ALIAS,0.09298597194388776,25.0,False,0.0,CONTEXT_ONLY_NOT_CALIBRATED
1577,rs141,대전,라마다바이윈덤 대전,stay,30.0,,대전광역시,대전광역시,province,PROVINCE_CONTEXT_ONLY,3.2064128256513023,,False,0.0,CONTEXT_ONLY_NOT_CALIBRATED
1578,rs142,통영,통영관광호텔,stay,30.0,,경상남도|통영시,경상남도,municipality,UNIQUE_MUNICIPALITY_ALIAS,0.13326653306613226,35.3448275862069,False,0.0,CONTEXT_ONLY_NOT_CALIBRATED
1579,rs143,춘천,에스턴호텔 춘천,stay,30.0,,강원특별자치도|춘천시,강원특별자치도,municipality,UNIQUE_MUNICIPALITY_ALIAS,0.3687374749498998,63.793103448275865,False,0.0,CONTEXT_ONLY_NOT_CALIBRATED
1580,rs144,창원,토요코인호텔 창원점,stay,30.0,,경상남도|창원시,경상남도,municipality,UNIQUE_MUNICIPALITY_ALIAS,1.2869739478957913,93.96551724137932,False,0.0,CONTEXT_ONLY_NOT_CALIBRATED
1581,rs145,보령,환상의바다리조트,stay,30.0,,충청남도|보령시,충청남도,municipality,UNIQUE_MUNICIPALITY_ALIAS,0.15095255576217495,38.793103448275865,False,0.0,CONTEXT_ONLY_NOT_CALIBRATED
1582,rs146,서울,호텔 베르누이 서울,stay,30.0,,서울특별시,서울특별시,province,PROVINCE_CONTEXT_ONLY,29.058116232464926,,False,0.0,CONTEXT_ONLY_NOT_CALIBRATED
1583,rs147,울진,라벨르호텔앤스파,stay,30.0,,경상북도|울진군,경상북도,municipality,UNIQUE_MUNICIPALITY_ALIAS,0.0720722163607935,18.53448275862069,False,0.0,CONTEXT_ONLY_NOT_CALIBRATED
1584,rs148,서울,켄싱턴호텔 여의도,stay,30.0,,서울특별시,서울특별시,province,PROVINCE_CONTEXT_ONLY,29.058116232464926,,False,0.0,CONTEXT_ONLY_NOT_CALIBRATED
1585,rs149,서울,시그니엘 서울,stay,30.0,,서울특별시,서울특별시,province,PROVINCE_CONTEXT_ONLY,29.058116232464926,,False,0.0,CONTEXT_ONLY_NOT_CALIBRATED
1586,rs150,서울,서울올림픽파크텔,stay,30.0,,서울특별시,서울특별시,province,PROVINCE_CONTEXT_ONLY,29.058116232464926,,False,0.0,CONTEXT_ONLY_NOT_CALIBRATED
1587,rs151,제주,성산마리나호텔,stay,30.0,,제주특별자치도,제주특별자치도,province,PROVINCE_CONTEXT_ONLY,1.7034068136272542,,False,0.0,CONTEXT_ONLY_NOT_CALIBRATED
1588,rs152,서울,이비스 스타일 앰배서더 서울 용산,stay,30.0,,서울특별시,서울특별시,province,PROVINCE_CONTEXT_ONLY,29.058116232464926,,False,0.0,CONTEXT_ONLY_NOT_CALIBRATED
1589,rs153,제주,서귀포KAL호텔,stay,30.0,,제주특별자치도,제주특별자치도,province,PROVINCE_CONTEXT_ONLY,1.7034068136272542,,False,0.0,CONTEXT_ONLY_NOT_CALIBRATED
1590,rs154,서울,웨스틴 서울 파르나스,stay,30.0,,서울특별시,서울특별시,province,PROVINCE_CONTEXT_ONLY,29.058116232464926,,False,0.0,CONTEXT_ONLY_NOT_CALIBRATED
1591,rs155,대전,호텔인터시티,stay,30.0,,대전광역시,대전광역시,province,PROVINCE_CONTEXT_ONLY,3.2064128256513023,,False,0.0,CONTEXT_ONLY_NOT_CALIBRATED
1592,rs156,강릉,연곡해변 솔향기 캠핑장,stay,30.0,,강원특별자치도|강릉시,강원특별자치도,municipality,UNIQUE_MUNICIPALITY_ALIAS,0.5098196392785571,72.84482758620689,False,0.0,CONTEXT_ONLY_NOT_CALIBRATED
1593,rs157,대전,호텔오노마 대전 오토그래프컬렉션,stay,30.0,,대전광역시,대전광역시,province,PROVINCE_CONTEXT_ONLY,3.2064128256513023,,False,0.0,CONTEXT_ONLY_NOT_CALIBRATED
1594,rs158,정선,하이원그랜드호텔,stay,30.0,,강원특별자치도|정선군,강원특별자치도,municipality,UNIQUE_MUNICIPALITY_ALIAS,0.09298597194388776,25.0,False,0.0,CONTEXT_ONLY_NOT_CALIBRATED
1595,rs159,철원,한탄리버스파호텔,stay,30.0,,강원특별자치도|철원군,강원특별자치도,municipality,UNIQUE_MUNICIPALITY_ALIAS,0.04168336673346693,9.913793103448276,False,0.0,CONTEXT_ONLY_NOT_CALIBRATED
1596,rs160,순천,호텔지뜨,stay,30.0,,전남광주통합특별시|순천시,전남광주통합특별시,municipality,UNIQUE_MUNICIPALITY_ALIAS,0.2728010912043648,55.172413793103445,True,0.0,CONTEXT_ONLY_NOT_CALIBRATED
1597,rs161,남해,남해스포츠파크호텔,stay,30.0,,경상남도|남해군,경상남도,municipality,UNIQUE_MUNICIPALITY_ALIAS,0.07234468937875752,19.18103448275862,False,0.0,CONTEXT_ONLY_NOT_CALIBRATED
1598,rs162,천안,신라스테이 천안,stay,30.0,,충청남도|천안시,충청남도,municipality,UNIQUE_MUNICIPALITY_ALIAS,1.1479415287030514,91.37931034482759,False,0.0,CONTEXT_ONLY_NOT_CALIBRATED
1599,rs163,영주,소백산풍기온천리조트,stay,30.0,,경상북도|영주시,경상북도,municipality,UNIQUE_MUNICIPALITY_ALIAS,0.07567582717883319,20.689655172413794,False,0.0,CONTEXT_ONLY_NOT_CALIBRATED
1600,rs164,군산,군산스테이호텔,stay,30.0,,전북특별자치도|군산시,전북특별자치도,municipality,UNIQUE_MUNICIPALITY_ALIAS,0.3571142284569138,63.36206896551724,False,0.0,CONTEXT_ONLY_NOT_CALIBRATED
1601,rs165,서산,베니키아호텔 서산,stay,30.0,,충청남도|서산시,충청남도,municipality,UNIQUE_MUNICIPALITY_ALIAS,0.1965893749460883,46.98275862068966,False,0.0,CONTEXT_ONLY_NOT_CALIBRATED
1602,rs166,양평,더힐하우스호텔 양평,stay,30.0,,경기도|양평군,경기도,municipality,UNIQUE_MUNICIPALITY_ALIAS,0.2462296709768584,51.508620689655174,False,0.0,CONTEXT_ONLY_NOT_CALIBRATED
1603,rs167,익산,탑클라우드호텔 익산점,stay,30.0,,전북특별자치도|익산시,전북특별자치도,municipality,UNIQUE_MUNICIPALITY_ALIAS,0.2226452905811623,48.706896551724135,False,0.0,CONTEXT_ONLY_NOT_CALIBRATED
1604,rs168,아산,온양관광호텔,stay,30.0,,충청남도|아산시,충청남도,municipality,UNIQUE_MUNICIPALITY_ALIAS,0.45285766728652493,70.6896551724138,False,0.0,CONTEXT_ONLY_NOT_CALIBRATED
1605,rs169,부안,모항레저타운,stay,30.0,,전북특별자치도|부안군,전북특별자치도,municipality,UNIQUE_MUNICIPALITY_ALIAS,0.09478957915831662,25.862068965517242,False,0.0,CONTEXT_ONLY_NOT_CALIBRATED
1606,rs170,서울,글래드 여의도,stay,30.0,,서울특별시,서울특별시,province,PROVINCE_CONTEXT_ONLY,29.058116232464926,,False,0.0,CONTEXT_ONLY_NOT_CALIBRATED
1607,rs171,보령,토모노야 호텔&료칸 대천점,stay,30.0,,충청남도|보령시,충청남도,municipality,UNIQUE_MUNICIPALITY_ALIAS,0.15095255576217495,38.793103448275865,False,0.0,CONTEXT_ONLY_NOT_CALIBRATED
1608,rs172,서울,그랜드인터컨티넨탈 서울파르나스,stay,30.0,,서울특별시,서울특별시,province,PROVINCE_CONTEXT_ONLY,29.058116232464926,,False,0.0,CONTEXT_ONLY_NOT_CALIBRATED
1609,rs173,경기광주,곤지암리조트,stay,30.0,,경기도|광주시,경기도,municipality,EXPLICIT_PARENT_ALIAS,0.5170823090514027,73.27586206896552,False,0.0,CONTEXT_ONLY_NOT_CALIBRATED
1610,rs174,서울,삼정호텔,stay,30.0,,서울특별시,서울특별시,province,PROVINCE_CONTEXT_ONLY,29.058116232464926,,False,0.0,CONTEXT_ONLY_NOT_CALIBRATED
1611,rs175,서울,오라카이 인사동 스위츠,stay,30.0,,서울특별시,서울특별시,province,PROVINCE_CONTEXT_ONLY,29.058116232464926,,False,0.0,CONTEXT_ONLY_NOT_CALIBRATED
1612,rs176,서울,머큐어 서울 마곡,stay,30.0,,서울특별시,서울특별시,province,PROVINCE_CONTEXT_ONLY,29.058116232464926,,False,0.0,CONTEXT_ONLY_NOT_CALIBRATED
1613,rs177,부산,해운대센트럴호텔,stay,30.0,,부산광역시,부산광역시,province,PROVINCE_CONTEXT_ONLY,6.4128256513026045,,False,0.0,CONTEXT_ONLY_NOT_CALIBRATED
1614,rs178,부산,그랜드조선 부산,stay,30.0,,부산광역시,부산광역시,province,PROVINCE_CONTEXT_ONLY,6.4128256513026045,,False,0.0,CONTEXT_ONLY_NOT_CALIBRATED
1615,rs179,부산,코오롱씨클라우드호텔,stay,30.0,,부산광역시,부산광역시,province,PROVINCE_CONTEXT_ONLY,6.4128256513026045,,False,0.0,CONTEXT_ONLY_NOT_CALIBRATED
1616,rs180,부산,동부산온천호텔,stay,30.0,,부산광역시,부산광역시,province,PROVINCE_CONTEXT_ONLY,6.4128256513026045,,False,0.0,CONTEXT_ONLY_NOT_CALIBRATED
1617,rs181,부산,웨스틴조선 부산,stay,30.0,,부산광역시,부산광역시,province,PROVINCE_CONTEXT_ONLY,6.4128256513026045,,False,0.0,CONTEXT_ONLY_NOT_CALIBRATED
1618,rs182,제주,봄그리고가을 리조트,stay,30.0,,제주특별자치도,제주특별자치도,province,PROVINCE_CONTEXT_ONLY,1.7034068136272542,,False,0.0,CONTEXT_ONLY_NOT_CALIBRATED
1619,rs183,제천,레스트리리솜,stay,30.0,,충청북도|제천시,충청북도,municipality,UNIQUE_MUNICIPALITY_ALIAS,0.21371414156985294,47.8448275862069,False,0.0,CONTEXT_ONLY_NOT_CALIBRATED
1620,rs184,경주,강동리조트,stay,30.0,,경상북도|경주시,경상북도,municipality,UNIQUE_MUNICIPALITY_ALIAS,0.6234246715208639,80.17241379310344,False,0.0,CONTEXT_ONLY_NOT_CALIBRATED
1621,rs185,충주,수안보상록호텔,stay,30.0,,충청북도|충주시,충청북도,municipality,UNIQUE_MUNICIPALITY_ALIAS,0.336337009683703,61.63793103448276,False,0.0,CONTEXT_ONLY_NOT_CALIBRATED
1622,rs186,거제,바람의언덕 호텔&리조트,stay,30.0,,경상남도|거제시,경상남도,municipality,UNIQUE_MUNICIPALITY_ALIAS,0.16753507014028057,42.241379310344826,False,0.0,CONTEXT_ONLY_NOT_CALIBRATED
1623,rs187,동해,코스모스호텔,stay,30.0,,강원특별자치도|동해시,강원특별자치도,municipality,UNIQUE_MUNICIPALITY_ALIAS,0.1346693386773547,36.206896551724135,False,0.0,CONTEXT_ONLY_NOT_CALIBRATED
1624,rs188,정선,하이원팰리스호텔,stay,30.0,,강원특별자치도|정선군,강원특별자치도,municipality,UNIQUE_MUNICIPALITY_ALIAS,0.09298597194388776,25.0,False,0.0,CONTEXT_ONLY_NOT_CALIBRATED
1625,rs189,전주,글로스터호텔 전주,stay,30.0,,전북특별자치도|전주시,전북특별자치도,municipality,UNIQUE_MUNICIPALITY_ALIAS,0.7384769539078156,86.20689655172414,False,0.0,CONTEXT_ONLY_NOT_CALIBRATED
1626,rs190,양양,세인트더스위트 양양,stay,30.0,,강원특별자치도|양양군,강원특별자치도,municipality,UNIQUE_MUNICIPALITY_ALIAS,0.1442885771543086,37.06896551724138,False,0.0,CONTEXT_ONLY_NOT_CALIBRATED
1627,rs191,강릉,베니키아호텔 산과바다주문진리조트,stay,30.0,,강원특별자치도|강릉시,강원특별자치도,municipality,UNIQUE_MUNICIPALITY_ALIAS,0.5098196392785571,72.84482758620689,False,0.0,CONTEXT_ONLY_NOT_CALIBRATED
1628,rs192,속초,호텔마레몬스,stay,30.0,,강원특별자치도|속초시,강원특별자치도,municipality,UNIQUE_MUNICIPALITY_ALIAS,0.38797595190380757,65.51724137931035,False,0.0,CONTEXT_ONLY_NOT_CALIBRATED
1629,rs193,태백,태백산국립공원 소도야영장,stay,30.0,,강원특별자치도|태백시,강원특별자치도,municipality,UNIQUE_MUNICIPALITY_ALIAS,0.05771543086172345,15.086206896551724,False,0.0,CONTEXT_ONLY_NOT_CALIBRATED
1630,rs194,여수,하이락리조트,stay,30.0,,전남광주통합특별시|여수시,전남광주통합특별시,municipality,UNIQUE_MUNICIPALITY_ALIAS,0.3432013728054912,62.93103448275862,True,0.0,CONTEXT_ONLY_NOT_CALIBRATED
1631,rs195,청주,엔포드호텔,stay,30.0,,충청북도|청주시,충청북도,municipality,UNIQUE_MUNICIPALITY_ALIAS,2.0180220581022184,96.55172413793103,False,0.0,CONTEXT_ONLY_NOT_CALIBRATED
1632,rs196,안동,안동그랜드호텔,stay,30.0,,경상북도|안동시,경상북도,municipality,UNIQUE_MUNICIPALITY_ALIAS,0.16936970844786475,43.53448275862069,False,0.0,CONTEXT_ONLY_NOT_CALIBRATED
1633,rs197,인천,글로스터호텔 인천,stay,30.0,,인천광역시,인천광역시,province,PROVINCE_CONTEXT_ONLY,5.310621242484969,,True,0.0,CONTEXT_ONLY_NOT_CALIBRATED
1634,rs198,인천,하버파크호텔,stay,30.0,,인천광역시,인천광역시,province,PROVINCE_CONTEXT_ONLY,5.310621242484969,,True,0.0,CONTEXT_ONLY_NOT_CALIBRATED
1635,rs199,안동,월영호텔 바이 뉴시즈,stay,30.0,,경상북도|안동시,경상북도,municipality,UNIQUE_MUNICIPALITY_ALIAS,0.16936970844786475,43.53448275862069,False,0.0,CONTEXT_ONLY_NOT_CALIBRATED
1636,rs200,춘천,엘리시안강촌,stay,30.0,,강원특별자치도|춘천시,강원특별자치도,municipality,UNIQUE_MUNICIPALITY_ALIAS,0.3687374749498998,63.793103448275865,False,0.0,CONTEXT_ONLY_NOT_CALIBRATED
1637,rs201,춘천,더잭슨나인스호텔,stay,30.0,,강원특별자치도|춘천시,강원특별자치도,municipality,UNIQUE_MUNICIPALITY_ALIAS,0.3687374749498998,63.793103448275865,False,0.0,CONTEXT_ONLY_NOT_CALIBRATED
1638,rs202,울릉,코스모스 울릉도,stay,30.0,,경상북도|울릉군,경상북도,municipality,UNIQUE_MUNICIPALITY_ALIAS,0.018018054090198375,0.43103448275862066,False,0.0,CONTEXT_ONLY_NOT_CALIBRATED
1639,rs203,울릉,학포야영장,stay,30.0,,경상북도|울릉군,경상북도,municipality,UNIQUE_MUNICIPALITY_ALIAS,0.018018054090198375,0.43103448275862066,False,0.0,CONTEXT_ONLY_NOT_CALIBRATED
1640,rs204,태안,캐시미르,stay,30.0,,충청남도|태안군,충청남도,municipality,UNIQUE_MUNICIPALITY_ALIAS,0.16499465397260984,41.37931034482759,False,0.0,CONTEXT_ONLY_NOT_CALIBRATED
1641,rs205,공주,파크오브드림,stay,30.0,,충청남도|공주시,충청남도,municipality,UNIQUE_MUNICIPALITY_ALIAS,0.2808419642086976,55.60344827586207,False,0.0,CONTEXT_ONLY_NOT_CALIBRATED
1642,rs206,남해,이제 남해,stay,30.0,,경상남도|남해군,경상남도,municipality,UNIQUE_MUNICIPALITY_ALIAS,0.07234468937875752,19.18103448275862,False,0.0,CONTEXT_ONLY_NOT_CALIBRATED
1643,rs207,보령,호텔쏠레르,stay,30.0,,충청남도|보령시,충청남도,municipality,UNIQUE_MUNICIPALITY_ALIAS,0.15095255576217495,38.793103448275865,False,0.0,CONTEXT_ONLY_NOT_CALIBRATED
1644,rs208,울진,울진그랜드호텔,stay,30.0,,경상북도|울진군,경상북도,municipality,UNIQUE_MUNICIPALITY_ALIAS,0.0720722163607935,18.53448275862069,False,0.0,CONTEXT_ONLY_NOT_CALIBRATED
1645,rs209,서울,신라스테이 역삼,stay,30.0,,서울특별시,서울특별시,province,PROVINCE_CONTEXT_ONLY,29.058116232464926,,False,0.0,CONTEXT_ONLY_NOT_CALIBRATED
1646,rs210,서울,노보텔 앰배서더 서울 강남,stay,30.0,,서울특별시,서울특별시,province,PROVINCE_CONTEXT_ONLY,29.058116232464926,,False,0.0,CONTEXT_ONLY_NOT_CALIBRATED
1647,rs211,부산,L7 해운대바이롯데,stay,30.0,,부산광역시,부산광역시,province,PROVINCE_CONTEXT_ONLY,6.4128256513026045,,False,0.0,CONTEXT_ONLY_NOT_CALIBRATED
1648,rs212,부산,해운대영무파라드호텔,stay,30.0,,부산광역시,부산광역시,province,PROVINCE_CONTEXT_ONLY,6.4128256513026045,,False,0.0,CONTEXT_ONLY_NOT_CALIBRATED
1649,rs213,부산,하단 레이어스호텔점,stay,30.0,,부산광역시,부산광역시,province,PROVINCE_CONTEXT_ONLY,6.4128256513026045,,False,0.0,CONTEXT_ONLY_NOT_CALIBRATED
1650,rs214,제주,호텔골든데이지 서귀포오션,stay,30.0,,제주특별자치도,제주특별자치도,province,PROVINCE_CONTEXT_ONLY,1.7034068136272542,,False,0.0,CONTEXT_ONLY_NOT_CALIBRATED
1651,rs215,인제,인제스피디움 호텔,stay,30.0,,강원특별자치도|인제군,강원특별자치도,municipality,UNIQUE_MUNICIPALITY_ALIAS,0.07054108216432865,17.887931034482758,False,0.0,CONTEXT_ONLY_NOT_CALIBRATED
1652,rs216,제주,서귀포월드컵리조트,stay,30.0,,제주특별자치도,제주특별자치도,province,PROVINCE_CONTEXT_ONLY,1.7034068136272542,,False,0.0,CONTEXT_ONLY_NOT_CALIBRATED
1653,rs217,제주,그랜드하얏트 제주,stay,30.0,,제주특별자치도,제주특별자치도,province,PROVINCE_CONTEXT_ONLY,1.7034068136272542,,False,0.0,CONTEXT_ONLY_NOT_CALIBRATED
1654,rs218,서울,몬드리안 서울이태원,stay,30.0,,서울특별시,서울특별시,province,PROVINCE_CONTEXT_ONLY,29.058116232464926,,False,0.0,CONTEXT_ONLY_NOT_CALIBRATED
1655,rs219,제주,탐라스테이호텔제주,stay,30.0,,제주특별자치도,제주특별자치도,province,PROVINCE_CONTEXT_ONLY,1.7034068136272542,,False,0.0,CONTEXT_ONLY_NOT_CALIBRATED
1656,rs220,당진,어반스테이 당진터미널,stay,30.0,,충청남도|당진시,충청남도,municipality,UNIQUE_MUNICIPALITY_ALIAS,0.3194577342873935,60.3448275862069,False,0.0,CONTEXT_ONLY_NOT_CALIBRATED
1657,rs221,제주,호텔더본 제주,stay,30.0,,제주특별자치도,제주특별자치도,province,PROVINCE_CONTEXT_ONLY,1.7034068136272542,,False,0.0,CONTEXT_ONLY_NOT_CALIBRATED
1658,rs222,제주,더 시에나 리조트,stay,30.0,,제주특별자치도,제주특별자치도,province,PROVINCE_CONTEXT_ONLY,1.7034068136272542,,False,0.0,CONTEXT_ONLY_NOT_CALIBRATED
1659,rs223,서울,호텔파크하비오,stay,30.0,,서울특별시,서울특별시,province,PROVINCE_CONTEXT_ONLY,29.058116232464926,,False,0.0,CONTEXT_ONLY_NOT_CALIBRATED
1660,rs224,하동,비바체리조트,stay,30.0,,경상남도|하동군,경상남도,municipality,UNIQUE_MUNICIPALITY_ALIAS,0.06092184368737475,15.517241379310345,False,0.0,CONTEXT_ONLY_NOT_CALIBRATED
1661,rs225,거제,스터번호텔,stay,30.0,,경상남도|거제시,경상남도,municipality,UNIQUE_MUNICIPALITY_ALIAS,0.16753507014028057,42.241379310344826,False,0.0,CONTEXT_ONLY_NOT_CALIBRATED
1662,rs226,정선,하이원그랜드호텔 컨벤션타워,stay,30.0,,강원특별자치도|정선군,강원특별자치도,municipality,UNIQUE_MUNICIPALITY_ALIAS,0.09298597194388776,25.0,False,0.0,CONTEXT_ONLY_NOT_CALIBRATED
1663,rs227,경주,경주시티호텔,stay,30.0,,경상북도|경주시,경상북도,municipality,UNIQUE_MUNICIPALITY_ALIAS,0.6234246715208639,80.17241379310344,False,0.0,CONTEXT_ONLY_NOT_CALIBRATED
1664,rs228,정선,트라움밸리호텔,stay,30.0,,강원특별자치도|정선군,강원특별자치도,municipality,UNIQUE_MUNICIPALITY_ALIAS,0.09298597194388776,25.0,False,0.0,CONTEXT_ONLY_NOT_CALIBRATED
1665,rs229,전주,베스트웨스턴플러스 전주호텔,stay,30.0,,전북특별자치도|전주시,전북특별자치도,municipality,UNIQUE_MUNICIPALITY_ALIAS,0.7384769539078156,86.20689655172414,False,0.0,CONTEXT_ONLY_NOT_CALIBRATED
1666,rs230,태백,매봉산 천상의 숲,stay,30.0,,강원특별자치도|태백시,강원특별자치도,municipality,UNIQUE_MUNICIPALITY_ALIAS,0.05771543086172345,15.086206896551724,False,0.0,CONTEXT_ONLY_NOT_CALIBRATED
1667,rs231,양양,E7양양죽도호텔,stay,30.0,,강원특별자치도|양양군,강원특별자치도,municipality,UNIQUE_MUNICIPALITY_ALIAS,0.1442885771543086,37.06896551724138,False,0.0,CONTEXT_ONLY_NOT_CALIBRATED
1668,rs232,인천,라마다송도호텔,stay,30.0,,인천광역시,인천광역시,province,PROVINCE_CONTEXT_ONLY,5.310621242484969,,True,0.0,CONTEXT_ONLY_NOT_CALIBRATED
1669,rs233,진주,아시아레이크사이드호텔,stay,30.0,,경상남도|진주시,경상남도,municipality,UNIQUE_MUNICIPALITY_ALIAS,0.2284569138276553,49.13793103448276,False,0.0,CONTEXT_ONLY_NOT_CALIBRATED
1670,rs234,속초,팜파스호텔&리조트,stay,30.0,,강원특별자치도|속초시,강원특별자치도,municipality,UNIQUE_MUNICIPALITY_ALIAS,0.38797595190380757,65.51724137931035,False,0.0,CONTEXT_ONLY_NOT_CALIBRATED
1671,rs235,양양,다이아메르호텔 속초 양양 바이 스테이네오,stay,30.0,,강원특별자치도|양양군,강원특별자치도,municipality,UNIQUE_MUNICIPALITY_ALIAS,0.1442885771543086,37.06896551724138,False,0.0,CONTEXT_ONLY_NOT_CALIBRATED
1672,rs236,강릉,스테이안목을담다,stay,30.0,,강원특별자치도|강릉시,강원특별자치도,municipality,UNIQUE_MUNICIPALITY_ALIAS,0.5098196392785571,72.84482758620689,False,0.0,CONTEXT_ONLY_NOT_CALIBRATED
1673,rs237,인천,오션파크나인호텔,stay,30.0,,인천광역시,인천광역시,province,PROVINCE_CONTEXT_ONLY,5.310621242484969,,True,0.0,CONTEXT_ONLY_NOT_CALIBRATED
1674,rs238,안동,브라운도트호텔 안동태화점,stay,30.0,,경상북도|안동시,경상북도,municipality,UNIQUE_MUNICIPALITY_ALIAS,0.16936970844786475,43.53448275862069,False,0.0,CONTEXT_ONLY_NOT_CALIBRATED
1675,rs239,안동,브라운도트 안동문화의거리점,stay,30.0,,경상북도|안동시,경상북도,municipality,UNIQUE_MUNICIPALITY_ALIAS,0.16936970844786475,43.53448275862069,False,0.0,CONTEXT_ONLY_NOT_CALIBRATED
1676,rs240,안동,브라운도트 풍산점,stay,30.0,,경상북도|안동시,경상북도,municipality,UNIQUE_MUNICIPALITY_ALIAS,0.16936970844786475,43.53448275862069,False,0.0,CONTEXT_ONLY_NOT_CALIBRATED
1677,rs241,부여,부여파크아트빌라스,stay,30.0,,충청남도|부여군,충청남도,municipality,UNIQUE_MUNICIPALITY_ALIAS,0.12286835934130522,33.4051724137931,False,0.0,CONTEXT_ONLY_NOT_CALIBRATED
1678,rs242,군산,베스트웨스턴호텔 군산,stay,30.0,,전북특별자치도|군산시,전북특별자치도,municipality,UNIQUE_MUNICIPALITY_ALIAS,0.3571142284569138,63.36206896551724,False,0.0,CONTEXT_ONLY_NOT_CALIBRATED
1679,rs243,상주,브라운도트호텔 상주점,stay,30.0,,경상북도|상주시,경상북도,municipality,UNIQUE_MUNICIPALITY_ALIAS,0.09369388126903157,25.43103448275862,False,0.0,CONTEXT_ONLY_NOT_CALIBRATED
1680,rs244,남원,산리지호텔,stay,30.0,,전북특별자치도|남원시,전북특별자치도,municipality,UNIQUE_MUNICIPALITY_ALIAS,0.10360721442885772,30.17241379310345,False,0.0,CONTEXT_ONLY_NOT_CALIBRATED
1681,rs245,가평,아난티 코드,stay,30.0,,경기도|가평군,경기도,municipality,UNIQUE_MUNICIPALITY_ALIAS,0.27085263807454424,54.741379310344826,False,0.0,CONTEXT_ONLY_NOT_CALIBRATED
1682,rs246,군산,노을바다펜션,stay,30.0,,전북특별자치도|군산시,전북특별자치도,municipality,UNIQUE_MUNICIPALITY_ALIAS,0.3571142284569138,63.36206896551724,False,0.0,CONTEXT_ONLY_NOT_CALIBRATED
1683,rs247,양평,데이지호텔 양평,stay,30.0,,경기도|양평군,경기도,municipality,UNIQUE_MUNICIPALITY_ALIAS,0.2462296709768584,51.508620689655174,False,0.0,CONTEXT_ONLY_NOT_CALIBRATED
1684,rs248,공주,공주호텔,stay,30.0,,충청남도|공주시,충청남도,municipality,UNIQUE_MUNICIPALITY_ALIAS,0.2808419642086976,55.60344827586207,False,0.0,CONTEXT_ONLY_NOT_CALIBRATED
1685,rs249,아산,아산온천호텔,stay,30.0,,충청남도|아산시,충청남도,municipality,UNIQUE_MUNICIPALITY_ALIAS,0.45285766728652493,70.6896551724138,False,0.0,CONTEXT_ONLY_NOT_CALIBRATED
1686,rs250,창원,호텔인터내셔널,stay,30.0,,경상남도|창원시,경상남도,municipality,UNIQUE_MUNICIPALITY_ALIAS,1.2869739478957913,93.96551724137932,False,0.0,CONTEXT_ONLY_NOT_CALIBRATED
1687,rs251,태안,호텔마리스테이 태안,stay,30.0,,충청남도|태안군,충청남도,municipality,UNIQUE_MUNICIPALITY_ALIAS,0.16499465397260984,41.37931034482759,False,0.0,CONTEXT_ONLY_NOT_CALIBRATED
1688,rs252,가평,자라섬캠핑장,stay,30.0,,경기도|가평군,경기도,municipality,UNIQUE_MUNICIPALITY_ALIAS,0.27085263807454424,54.741379310344826,False,0.0,CONTEXT_ONLY_NOT_CALIBRATED
1689,rs253,아산,베스트웨스턴 아산호텔,stay,30.0,,충청남도|아산시,충청남도,municipality,UNIQUE_MUNICIPALITY_ALIAS,0.45285766728652493,70.6896551724138,False,0.0,CONTEXT_ONLY_NOT_CALIBRATED
1690,rs254,단양,한국호텔관광고등학교,stay,30.0,,충청북도|단양군,충청북도,municipality,UNIQUE_MUNICIPALITY_ALIAS,0.08408425242092575,22.413793103448278,False,0.0,CONTEXT_ONLY_NOT_CALIBRATED
1691,rs255,보령,국군대천콘도,stay,30.0,,충청남도|보령시,충청남도,municipality,UNIQUE_MUNICIPALITY_ALIAS,0.15095255576217495,38.793103448275865,False,0.0,CONTEXT_ONLY_NOT_CALIBRATED
1692,rs256,서울,안토 서울,stay,30.0,,서울특별시,서울특별시,province,PROVINCE_CONTEXT_ONLY,29.058116232464926,,False,0.0,CONTEXT_ONLY_NOT_CALIBRATED
1693,rs257,영덕,호텔글로리엘,stay,30.0,,경상북도|영덕군,경상북도,municipality,UNIQUE_MUNICIPALITY_ALIAS,0.10090110290511091,29.310344827586206,False,0.0,CONTEXT_ONLY_NOT_CALIBRATED
1694,rs258,보령,엘리스테이 보령,stay,30.0,,충청남도|보령시,충청남도,municipality,UNIQUE_MUNICIPALITY_ALIAS,0.15095255576217495,38.793103448275865,False,0.0,CONTEXT_ONLY_NOT_CALIBRATED
1695,rs259,서울,신라스테이 서대문,stay,30.0,,서울특별시,서울특별시,province,PROVINCE_CONTEXT_ONLY,29.058116232464926,,False,0.0,CONTEXT_ONLY_NOT_CALIBRATED
1696,rs260,서울,서울가든호텔,stay,30.0,,서울특별시,서울특별시,province,PROVINCE_CONTEXT_ONLY,29.058116232464926,,False,0.0,CONTEXT_ONLY_NOT_CALIBRATED
1697,rs261,서울,그랜드 머큐어 앰배서더 호텔 앤 레지던스 서울 용산,stay,30.0,,서울특별시,서울특별시,province,PROVINCE_CONTEXT_ONLY,29.058116232464926,,False,0.0,CONTEXT_ONLY_NOT_CALIBRATED
1698,rs262,서울,인터시티서울호텔,stay,30.0,,서울특별시,서울특별시,province,PROVINCE_CONTEXT_ONLY,29.058116232464926,,False,0.0,CONTEXT_ONLY_NOT_CALIBRATED
1699,rs263,부산,부산도시공사 아르피나,stay,30.0,,부산광역시,부산광역시,province,PROVINCE_CONTEXT_ONLY,6.4128256513026045,,False,0.0,CONTEXT_ONLY_NOT_CALIBRATED
1700,rs264,부산,호텔아쿠아펠리스,stay,30.0,,부산광역시,부산광역시,province,PROVINCE_CONTEXT_ONLY,6.4128256513026045,,False,0.0,CONTEXT_ONLY_NOT_CALIBRATED
1701,rs265,부산,팔라티움 해운대 바이 소노펠리체,stay,30.0,,부산광역시,부산광역시,province,PROVINCE_CONTEXT_ONLY,6.4128256513026045,,False,0.0,CONTEXT_ONLY_NOT_CALIBRATED
1702,rs266,부산,신라스테이 해운대,stay,30.0,,부산광역시,부산광역시,province,PROVINCE_CONTEXT_ONLY,6.4128256513026045,,False,0.0,CONTEXT_ONLY_NOT_CALIBRATED
1703,rs267,평창,알펜시아 홀리데이인리조트호텔,stay,30.0,,강원특별자치도|평창군,강원특별자치도,municipality,UNIQUE_MUNICIPALITY_ALIAS,0.18917835671342684,46.12068965517241,False,0.0,CONTEXT_ONLY_NOT_CALIBRATED
1704,rs268,밀양,호텔아리나,stay,30.0,,경상남도|밀양시,경상남도,municipality,UNIQUE_MUNICIPALITY_ALIAS,0.09899799599198397,28.448275862068964,False,0.0,CONTEXT_ONLY_NOT_CALIBRATED
1705,rs269,서울,나인트리 프리미어 로카우스 호텔 서울 용산,stay,30.0,,서울특별시,서울특별시,province,PROVINCE_CONTEXT_ONLY,29.058116232464926,,False,0.0,CONTEXT_ONLY_NOT_CALIBRATED
1706,rs270,제주,켄싱턴리조트 제주중문,stay,30.0,,제주특별자치도,제주특별자치도,province,PROVINCE_CONTEXT_ONLY,1.7034068136272542,,False,0.0,CONTEXT_ONLY_NOT_CALIBRATED
1707,rs271,제주,스위트호텔 제주점,stay,30.0,,제주특별자치도,제주특별자치도,province,PROVINCE_CONTEXT_ONLY,1.7034068136272542,,False,0.0,CONTEXT_ONLY_NOT_CALIBRATED
1708,rs272,서울,서머셋팰리스 서울,stay,30.0,,서울특별시,서울특별시,province,PROVINCE_CONTEXT_ONLY,29.058116232464926,,False,0.0,CONTEXT_ONLY_NOT_CALIBRATED
1709,rs273,경주,체스터톤스 경주,stay,30.0,,경상북도|경주시,경상북도,municipality,UNIQUE_MUNICIPALITY_ALIAS,0.6234246715208639,80.17241379310344,False,0.0,CONTEXT_ONLY_NOT_CALIBRATED
1710,rs274,충주,보훈휴양원,stay,30.0,,충청북도|충주시,충청북도,municipality,UNIQUE_MUNICIPALITY_ALIAS,0.336337009683703,61.63793103448276,False,0.0,CONTEXT_ONLY_NOT_CALIBRATED
1711,rs275,경주,교원프라퍼티 키녹,stay,30.0,,경상북도|경주시,경상북도,municipality,UNIQUE_MUNICIPALITY_ALIAS,0.6234246715208639,80.17241379310344,False,0.0,CONTEXT_ONLY_NOT_CALIBRATED
1712,rs276,경주,신라레거시호텔,stay,30.0,,경상북도|경주시,경상북도,municipality,UNIQUE_MUNICIPALITY_ALIAS,0.6234246715208639,80.17241379310344,False,0.0,CONTEXT_ONLY_NOT_CALIBRATED
1713,rs277,용인,선봉레스텔,stay,30.0,,경기도|용인시,경기도,municipality,UNIQUE_MUNICIPALITY_ALIAS,2.265312972987097,98.27586206896552,False,0.0,CONTEXT_ONLY_NOT_CALIBRATED
1714,rs278,거제,프래밀리풀빌라호텔,stay,30.0,,경상남도|거제시,경상남도,municipality,UNIQUE_MUNICIPALITY_ALIAS,0.16753507014028057,42.241379310344826,False,0.0,CONTEXT_ONLY_NOT_CALIBRATED
1715,rs279,정선,마이애미정선호텔,stay,30.0,,강원특별자치도|정선군,강원특별자치도,municipality,UNIQUE_MUNICIPALITY_ALIAS,0.09298597194388776,25.0,False,0.0,CONTEXT_ONLY_NOT_CALIBRATED
1716,rs280,정선,하이원리조트 마운틴콘도 아테나키친,stay,30.0,,강원특별자치도|정선군,강원특별자치도,municipality,UNIQUE_MUNICIPALITY_ALIAS,0.09298597194388776,25.0,False,0.0,CONTEXT_ONLY_NOT_CALIBRATED
1717,rs281,여수,해미리온풀빌라&리조트,stay,30.0,,전남광주통합특별시|여수시,전남광주통합특별시,municipality,UNIQUE_MUNICIPALITY_ALIAS,0.3432013728054912,62.93103448275862,True,0.0,CONTEXT_ONLY_NOT_CALIBRATED
1718,rs282,인천,쉐라톤그랜드 인천호텔,stay,30.0,,인천광역시,인천광역시,province,PROVINCE_CONTEXT_ONLY,5.310621242484969,,True,0.0,CONTEXT_ONLY_NOT_CALIBRATED
1719,rs283,여수,호텔케니 여수,stay,30.0,,전남광주통합특별시|여수시,전남광주통합특별시,municipality,UNIQUE_MUNICIPALITY_ALIAS,0.3432013728054912,62.93103448275862,True,0.0,CONTEXT_ONLY_NOT_CALIBRATED
1720,rs284,청송,주왕산관광호텔,stay,30.0,,경상북도|청송군,경상북도,municipality,UNIQUE_MUNICIPALITY_ALIAS,0.03603610818039675,7.974137931034483,False,0.0,CONTEXT_ONLY_NOT_CALIBRATED
1721,rs285,수원,노보텔 앰배서더 수원,stay,30.0,,경기도|수원시,경기도,municipality,UNIQUE_MUNICIPALITY_ALIAS,2.289935940084783,98.70689655172414,False,0.0,CONTEXT_ONLY_NOT_CALIBRATED
1722,rs286,여수,깔라까따 호텔&리조트,stay,30.0,,전남광주통합특별시|여수시,전남광주통합특별시,municipality,UNIQUE_MUNICIPALITY_ALIAS,0.3432013728054912,62.93103448275862,True,0.0,CONTEXT_ONLY_NOT_CALIBRATED
1723,rs287,안동,CM파크호텔,stay,30.0,,경상북도|안동시,경상북도,municipality,UNIQUE_MUNICIPALITY_ALIAS,0.16936970844786475,43.53448275862069,False,0.0,CONTEXT_ONLY_NOT_CALIBRATED
1724,rs288,안동,하운드호텔 안동문화의거리점,stay,30.0,,경상북도|안동시,경상북도,municipality,UNIQUE_MUNICIPALITY_ALIAS,0.16936970844786475,43.53448275862069,False,0.0,CONTEXT_ONLY_NOT_CALIBRATED
1725,rs289,통영,통영갤러리호텔,stay,30.0,,경상남도|통영시,경상남도,municipality,UNIQUE_MUNICIPALITY_ALIAS,0.13326653306613226,35.3448275862069,False,0.0,CONTEXT_ONLY_NOT_CALIBRATED
1726,rs290,김해,아이스퀘어호텔,stay,30.0,,경상남도|김해시,경상남도,municipality,UNIQUE_MUNICIPALITY_ALIAS,0.6511022044088176,81.46551724137932,False,0.0,CONTEXT_ONLY_NOT_CALIBRATED
1727,rs291,울릉,대아울릉리조트 울릉지점,stay,30.0,,경상북도|울릉군,경상북도,municipality,UNIQUE_MUNICIPALITY_ALIAS,0.018018054090198375,0.43103448275862066,False,0.0,CONTEXT_ONLY_NOT_CALIBRATED
1728,rs292,남해,엘림마리나앤리조트,stay,30.0,,경상남도|남해군,경상남도,municipality,UNIQUE_MUNICIPALITY_ALIAS,0.07234468937875752,19.18103448275862,False,0.0,CONTEXT_ONLY_NOT_CALIBRATED
1729,rs293,양주,호텔그리다,stay,30.0,,경기도|양주시,경기도,municipality,UNIQUE_MUNICIPALITY_ALIAS,0.39396747356297346,66.16379310344827,False,0.0,CONTEXT_ONLY_NOT_CALIBRATED
1730,rs294,양양,웨이블런트 양양,stay,30.0,,강원특별자치도|양양군,강원특별자치도,municipality,UNIQUE_MUNICIPALITY_ALIAS,0.1442885771543086,37.06896551724138,False,0.0,CONTEXT_ONLY_NOT_CALIBRATED
1731,rs295,서울,더 리버사이드호텔,stay,30.0,,서울특별시,서울특별시,province,PROVINCE_CONTEXT_ONLY,29.058116232464926,,False,0.0,CONTEXT_ONLY_NOT_CALIBRATED
1732,rs296,목포,클라우드인호텔 평화광장점,stay,30.0,,전남광주통합특별시|목포시,전남광주통합특별시,municipality,UNIQUE_MUNICIPALITY_ALIAS,0.2596010384041536,53.01724137931034,True,0.0,CONTEXT_ONLY_NOT_CALIBRATED
1733,rs297,인천,오크우드프리미어 인천,stay,30.0,,인천광역시,인천광역시,province,PROVINCE_CONTEXT_ONLY,5.310621242484969,,True,0.0,CONTEXT_ONLY_NOT_CALIBRATED
1734,rs298,울릉,울릉아일랜드펜션,stay,30.0,,경상북도|울릉군,경상북도,municipality,UNIQUE_MUNICIPALITY_ALIAS,0.018018054090198375,0.43103448275862066,False,0.0,CONTEXT_ONLY_NOT_CALIBRATED
1735,rs299,울릉,시에스타펜션,stay,30.0,,경상북도|울릉군,경상북도,municipality,UNIQUE_MUNICIPALITY_ALIAS,0.018018054090198375,0.43103448275862066,False,0.0,CONTEXT_ONLY_NOT_CALIBRATED
1736,rs300,울릉,스테이22,stay,30.0,,경상북도|울릉군,경상북도,municipality,UNIQUE_MUNICIPALITY_ALIAS,0.018018054090198375,0.43103448275862066,False,0.0,CONTEXT_ONLY_NOT_CALIBRATED
1737,rs301,남해,호텔 어반아일랜드,stay,30.0,,경상남도|남해군,경상남도,municipality,UNIQUE_MUNICIPALITY_ALIAS,0.07234468937875752,19.18103448275862,False,0.0,CONTEXT_ONLY_NOT_CALIBRATED
1738,rs302,남해,상주비치유스호스텔&펜션,stay,30.0,,경상남도|남해군,경상남도,municipality,UNIQUE_MUNICIPALITY_ALIAS,0.07234468937875752,19.18103448275862,False,0.0,CONTEXT_ONLY_NOT_CALIBRATED
1739,rs303,영덕,씨아일랜드펜션,stay,30.0,,경상북도|영덕군,경상북도,municipality,UNIQUE_MUNICIPALITY_ALIAS,0.10090110290511091,29.310344827586206,False,0.0,CONTEXT_ONLY_NOT_CALIBRATED
1740,rs304,창원,AT비지니스호텔,stay,30.0,,경상남도|창원시,경상남도,municipality,UNIQUE_MUNICIPALITY_ALIAS,1.2869739478957913,93.96551724137932,False,0.0,CONTEXT_ONLY_NOT_CALIBRATED
1741,rs305,태안,태안비치리조텔,stay,30.0,,충청남도|태안군,충청남도,municipality,UNIQUE_MUNICIPALITY_ALIAS,0.16499465397260984,41.37931034482759,False,0.0,CONTEXT_ONLY_NOT_CALIBRATED
1742,rs306,논산,더 시티 호텔,stay,30.0,,충청남도|논산시,충청남도,municipality,UNIQUE_MUNICIPALITY_ALIAS,0.16850517852521854,42.88793103448276,False,0.0,CONTEXT_ONLY_NOT_CALIBRATED
1743,rs307,고창,상하농원 파머스빌리지,stay,30.0,,전북특별자치도|고창군,전북특별자치도,municipality,UNIQUE_MUNICIPALITY_ALIAS,0.07715430861723448,21.120689655172413,False,0.0,CONTEXT_ONLY_NOT_CALIBRATED
1744,rs308,여주,일성남한강콘도&리조트,stay,30.0,,경기도|여주시,경기도,municipality,UNIQUE_MUNICIPALITY_ALIAS,0.6648201116375178,82.54310344827586,False,0.0,CONTEXT_ONLY_NOT_CALIBRATED
1745,rs309,양양,오색그린야드호텔,stay,30.0,,강원특별자치도|양양군,강원특별자치도,municipality,UNIQUE_MUNICIPALITY_ALIAS,0.1442885771543086,37.06896551724138,False,0.0,CONTEXT_ONLY_NOT_CALIBRATED
1746,rs310,아산,호텔라그라스 아산점,stay,30.0,,충청남도|아산시,충청남도,municipality,UNIQUE_MUNICIPALITY_ALIAS,0.45285766728652493,70.6896551724138,False,0.0,CONTEXT_ONLY_NOT_CALIBRATED
1747,rs311,예산,스파뷰호텔,stay,30.0,,충청남도|예산군,충청남도,municipality,UNIQUE_MUNICIPALITY_ALIAS,0.16850517852521854,42.88793103448276,False,0.0,CONTEXT_ONLY_NOT_CALIBRATED
1748,rs312,인제,만해마을,stay,30.0,,강원특별자치도|인제군,강원특별자치도,municipality,UNIQUE_MUNICIPALITY_ALIAS,0.07054108216432865,17.887931034482758,False,0.0,CONTEXT_ONLY_NOT_CALIBRATED
1749,rs313,서울,신라스테이 삼성,stay,30.0,,서울특별시,서울특별시,province,PROVINCE_CONTEXT_ONLY,29.058116232464926,,False,0.0,CONTEXT_ONLY_NOT_CALIBRATED
1750,rs314,구미,라마다바이윈덤 구미호텔,stay,30.0,,경상북도|구미시,경상북도,municipality,UNIQUE_MUNICIPALITY_ALIAS,0.32072136280553115,61.206896551724135,False,0.0,CONTEXT_ONLY_NOT_CALIBRATED
1751,rs315,서울,페어필드 바이 메리어트 서울,stay,30.0,,서울특별시,서울특별시,province,PROVINCE_CONTEXT_ONLY,29.058116232464926,,False,0.0,CONTEXT_ONLY_NOT_CALIBRATED
1752,rs316,서울,하이서울유스호스텔,stay,30.0,,서울특별시,서울특별시,province,PROVINCE_CONTEXT_ONLY,29.058116232464926,,False,0.0,CONTEXT_ONLY_NOT_CALIBRATED
1753,rs317,서울,아미드호텔서울,stay,30.0,,서울특별시,서울특별시,province,PROVINCE_CONTEXT_ONLY,29.058116232464926,,False,0.0,CONTEXT_ONLY_NOT_CALIBRATED
1754,rs318,서울,레이크호텔,stay,30.0,,서울특별시,서울특별시,province,PROVINCE_CONTEXT_ONLY,29.058116232464926,,False,0.0,CONTEXT_ONLY_NOT_CALIBRATED
1755,rs319,서울,메이필드호텔 서울,stay,30.0,,서울특별시,서울특별시,province,PROVINCE_CONTEXT_ONLY,29.058116232464926,,False,0.0,CONTEXT_ONLY_NOT_CALIBRATED
1756,rs320,제주,호텔브릿지 서귀포,stay,30.0,,제주특별자치도,제주특별자치도,province,PROVINCE_CONTEXT_ONLY,1.7034068136272542,,False,0.0,CONTEXT_ONLY_NOT_CALIBRATED
1757,rs321,제주,JW 메리어트 제주 리조트 & 스파,stay,30.0,,제주특별자치도,제주특별자치도,province,PROVINCE_CONTEXT_ONLY,1.7034068136272542,,False,0.0,CONTEXT_ONLY_NOT_CALIBRATED
1758,rs322,제주,더그랜드섬오름,stay,30.0,,제주특별자치도,제주특별자치도,province,PROVINCE_CONTEXT_ONLY,1.7034068136272542,,False,0.0,CONTEXT_ONLY_NOT_CALIBRATED
1759,rs323,제주,롯데시티호텔 제주,stay,30.0,,제주특별자치도,제주특별자치도,province,PROVINCE_CONTEXT_ONLY,1.7034068136272542,,False,0.0,CONTEXT_ONLY_NOT_CALIBRATED
1760,rs324,제주,롯데리조트 제주아트빌라스,stay,30.0,,제주특별자치도,제주특별자치도,province,PROVINCE_CONTEXT_ONLY,1.7034068136272542,,False,0.0,CONTEXT_ONLY_NOT_CALIBRATED
1761,rs325,영월,김삿갓계곡캠핑장,stay,30.0,,강원특별자치도|영월군,강원특별자치도,municipality,UNIQUE_MUNICIPALITY_ALIAS,0.06412825651302605,16.379310344827587,False,0.0,CONTEXT_ONLY_NOT_CALIBRATED
1762,rs326,태백,태백눈꽃야영장,stay,30.0,,강원특별자치도|태백시,강원특별자치도,municipality,UNIQUE_MUNICIPALITY_ALIAS,0.05771543086172345,15.086206896551724,False,0.0,CONTEXT_ONLY_NOT_CALIBRATED
1763,rs327,인천,골든튤립 호텔&스위트,stay,30.0,,인천광역시,인천광역시,province,PROVINCE_CONTEXT_ONLY,5.310621242484969,,True,0.0,CONTEXT_ONLY_NOT_CALIBRATED
1764,rs328,안동,안동케이스호텔,stay,30.0,,경상북도|안동시,경상북도,municipality,UNIQUE_MUNICIPALITY_ALIAS,0.16936970844786475,43.53448275862069,False,0.0,CONTEXT_ONLY_NOT_CALIBRATED
1765,rs329,공주,공주관광호텔잉크,stay,30.0,,충청남도|공주시,충청남도,municipality,UNIQUE_MUNICIPALITY_ALIAS,0.2808419642086976,55.60344827586207,False,0.0,CONTEXT_ONLY_NOT_CALIBRATED
1766,rs330,고창,동호비치호텔,stay,30.0,,전북특별자치도|고창군,전북특별자치도,municipality,UNIQUE_MUNICIPALITY_ALIAS,0.07715430861723448,21.120689655172413,False,0.0,CONTEXT_ONLY_NOT_CALIBRATED
1767,rs331,양양,연화문호텔 양양,stay,30.0,,강원특별자치도|양양군,강원특별자치도,municipality,UNIQUE_MUNICIPALITY_ALIAS,0.1442885771543086,37.06896551724138,False,0.0,CONTEXT_ONLY_NOT_CALIBRATED
1768,rs332,아산,더위트도고,stay,30.0,,충청남도|아산시,충청남도,municipality,UNIQUE_MUNICIPALITY_ALIAS,0.45285766728652493,70.6896551724138,False,0.0,CONTEXT_ONLY_NOT_CALIBRATED
1769,rs333,단양,오무아무아 풀빌라,stay,30.0,,충청북도|단양군,충청북도,municipality,UNIQUE_MUNICIPALITY_ALIAS,0.08408425242092575,22.413793103448278,False,0.0,CONTEXT_ONLY_NOT_CALIBRATED
1770,rs334,부산,더클럽호텔 연화리점,stay,30.0,,부산광역시,부산광역시,province,PROVINCE_CONTEXT_ONLY,6.4128256513026045,,False,0.0,CONTEXT_ONLY_NOT_CALIBRATED
1771,rs335,원주,원주 센트럴호텔,stay,30.0,,강원특별자치도|원주시,강원특별자치도,municipality,UNIQUE_MUNICIPALITY_ALIAS,0.4809619238476953,71.55172413793103,False,0.0,CONTEXT_ONLY_NOT_CALIBRATED
1772,rs336,영월,산골초가펜션,stay,30.0,,강원특별자치도|영월군,강원특별자치도,municipality,UNIQUE_MUNICIPALITY_ALIAS,0.06412825651302605,16.379310344827587,False,0.0,CONTEXT_ONLY_NOT_CALIBRATED
1773,rs337,서울,JW 메리어트 동대문 스퀘어 서울,stay,30.0,,서울특별시,서울특별시,province,PROVINCE_CONTEXT_ONLY,29.058116232464926,,False,0.0,CONTEXT_ONLY_NOT_CALIBRATED
1774,rs338,충주,라마다 바이윈덤 호텔 충주 수안보,stay,30.0,,충청북도|충주시,충청북도,municipality,UNIQUE_MUNICIPALITY_ALIAS,0.336337009683703,61.63793103448276,False,0.0,CONTEXT_ONLY_NOT_CALIBRATED
1775,rs339,경주,마우나오션리조트,stay,30.0,,경상북도|경주시,경상북도,municipality,UNIQUE_MUNICIPALITY_ALIAS,0.6234246715208639,80.17241379310344,False,0.0,CONTEXT_ONLY_NOT_CALIBRATED
1776,rs340,영덕,옥계계곡 야영장,stay,30.0,,경상북도|영덕군,경상북도,municipality,UNIQUE_MUNICIPALITY_ALIAS,0.10090110290511091,29.310344827586206,False,0.0,CONTEXT_ONLY_NOT_CALIBRATED
1777,rs341,용인,더트리니 어반스위트,stay,30.0,,경기도|용인시,경기도,municipality,UNIQUE_MUNICIPALITY_ALIAS,2.265312972987097,98.27586206896552,False,0.0,CONTEXT_ONLY_NOT_CALIBRATED
1778,rs342,철원,브라운도트호텔 동송점,stay,30.0,,강원특별자치도|철원군,강원특별자치도,municipality,UNIQUE_MUNICIPALITY_ALIAS,0.04168336673346693,9.913793103448276,False,0.0,CONTEXT_ONLY_NOT_CALIBRATED
1779,rs343,인천,오라카이 송도파크호텔 BW 프리미어 컬렉션,stay,30.0,,인천광역시,인천광역시,province,PROVINCE_CONTEXT_ONLY,5.310621242484969,,True,0.0,CONTEXT_ONLY_NOT_CALIBRATED
1780,rs344,담양,브라운도트 전남담양점,stay,30.0,,전남광주통합특별시|담양군,전남광주통합특별시,municipality,UNIQUE_MUNICIPALITY_ALIAS,0.1056004224016896,30.603448275862068,True,0.0,CONTEXT_ONLY_NOT_CALIBRATED
1781,rs345,인천,골드코스트인천오피스텔,stay,30.0,,인천광역시,인천광역시,province,PROVINCE_CONTEXT_ONLY,5.310621242484969,,True,0.0,CONTEXT_ONLY_NOT_CALIBRATED
1782,rs346,여수,여수스테이호텔,stay,30.0,,전남광주통합특별시|여수시,전남광주통합특별시,municipality,UNIQUE_MUNICIPALITY_ALIAS,0.3432013728054912,62.93103448275862,True,0.0,CONTEXT_ONLY_NOT_CALIBRATED
1783,rs347,인천,웨스턴그레이스호텔,stay,30.0,,인천광역시,인천광역시,province,PROVINCE_CONTEXT_ONLY,5.310621242484969,,True,0.0,CONTEXT_ONLY_NOT_CALIBRATED
1784,rs348,목포,호텔더시티,stay,30.0,,전남광주통합특별시|목포시,전남광주통합특별시,municipality,UNIQUE_MUNICIPALITY_ALIAS,0.2596010384041536,53.01724137931034,True,0.0,CONTEXT_ONLY_NOT_CALIBRATED
1785,rs349,진주,라온스테이인페를라,stay,30.0,,경상남도|진주시,경상남도,municipality,UNIQUE_MUNICIPALITY_ALIAS,0.2284569138276553,49.13793103448276,False,0.0,CONTEXT_ONLY_NOT_CALIBRATED
1786,rs350,인천,브라운도트호텔 공항신도시점,stay,30.0,,인천광역시,인천광역시,province,PROVINCE_CONTEXT_ONLY,5.310621242484969,,True,0.0,CONTEXT_ONLY_NOT_CALIBRATED
1787,rs351,영주,영주온천관광호텔,stay,30.0,,경상북도|영주시,경상북도,municipality,UNIQUE_MUNICIPALITY_ALIAS,0.07567582717883319,20.689655172413794,False,0.0,CONTEXT_ONLY_NOT_CALIBRATED
1788,rs352,인천,어반스테이 인천차이나타운,stay,30.0,,인천광역시,인천광역시,province,PROVINCE_CONTEXT_ONLY,5.310621242484969,,True,0.0,CONTEXT_ONLY_NOT_CALIBRATED
1789,rs353,울릉,다온프라임호텔,stay,30.0,,경상북도|울릉군,경상북도,municipality,UNIQUE_MUNICIPALITY_ALIAS,0.018018054090198375,0.43103448275862066,False,0.0,CONTEXT_ONLY_NOT_CALIBRATED
1790,rs354,울릉,추산노을빛펜션,stay,30.0,,경상북도|울릉군,경상북도,municipality,UNIQUE_MUNICIPALITY_ALIAS,0.018018054090198375,0.43103448275862066,False,0.0,CONTEXT_ONLY_NOT_CALIBRATED
1791,rs355,울릉,비치온관광호텔,stay,30.0,,경상북도|울릉군,경상북도,municipality,UNIQUE_MUNICIPALITY_ALIAS,0.018018054090198375,0.43103448275862066,False,0.0,CONTEXT_ONLY_NOT_CALIBRATED
1792,rs356,울릉,웅포야영장,stay,30.0,,경상북도|울릉군,경상북도,municipality,UNIQUE_MUNICIPALITY_ALIAS,0.018018054090198375,0.43103448275862066,False,0.0,CONTEXT_ONLY_NOT_CALIBRATED
1793,rs357,순천,브라운도트호텔 순천역점,stay,30.0,,전남광주통합특별시|순천시,전남광주통합특별시,municipality,UNIQUE_MUNICIPALITY_ALIAS,0.2728010912043648,55.172413793103445,True,0.0,CONTEXT_ONLY_NOT_CALIBRATED
1794,rs358,순천,에코그라드호텔,stay,30.0,,전남광주통합특별시|순천시,전남광주통합특별시,municipality,UNIQUE_MUNICIPALITY_ALIAS,0.2728010912043648,55.172413793103445,True,0.0,CONTEXT_ONLY_NOT_CALIBRATED
1795,rs359,용인,얼레이호텔,stay,30.0,,경기도|용인시,경기도,municipality,UNIQUE_MUNICIPALITY_ALIAS,2.265312972987097,98.27586206896552,False,0.0,CONTEXT_ONLY_NOT_CALIBRATED
1796,rs360,남원,일성지리산콘도&리조트,stay,30.0,,전북특별자치도|남원시,전북특별자치도,municipality,UNIQUE_MUNICIPALITY_ALIAS,0.10360721442885772,30.17241379310345,False,0.0,CONTEXT_ONLY_NOT_CALIBRATED
1797,rs361,아산,온양제일호텔,stay,30.0,,충청남도|아산시,충청남도,municipality,UNIQUE_MUNICIPALITY_ALIAS,0.45285766728652493,70.6896551724138,False,0.0,CONTEXT_ONLY_NOT_CALIBRATED
1798,rs362,군산,탑클라우드호텔 군산점,stay,30.0,,전북특별자치도|군산시,전북특별자치도,municipality,UNIQUE_MUNICIPALITY_ALIAS,0.3571142284569138,63.36206896551724,False,0.0,CONTEXT_ONLY_NOT_CALIBRATED
1799,rs363,군산,브라운도트호텔 군산터미널점,stay,30.0,,전북특별자치도|군산시,전북특별자치도,municipality,UNIQUE_MUNICIPALITY_ALIAS,0.3571142284569138,63.36206896551724,False,0.0,CONTEXT_ONLY_NOT_CALIBRATED
1800,rs364,군산,베니키아아리울호텔,stay,30.0,,전북특별자치도|군산시,전북특별자치도,municipality,UNIQUE_MUNICIPALITY_ALIAS,0.3571142284569138,63.36206896551724,False,0.0,CONTEXT_ONLY_NOT_CALIBRATED
1801,rs365,태안,골든비치펜션,stay,30.0,,충청남도|태안군,충청남도,municipality,UNIQUE_MUNICIPALITY_ALIAS,0.16499465397260984,41.37931034482759,False,0.0,CONTEXT_ONLY_NOT_CALIBRATED
1802,rs366,창원,그랜드시티 호텔 창원,stay,30.0,,경상남도|창원시,경상남도,municipality,UNIQUE_MUNICIPALITY_ALIAS,1.2869739478957913,93.96551724137932,False,0.0,CONTEXT_ONLY_NOT_CALIBRATED
1803,rs367,태안,말리오션스파펜션,stay,30.0,,충청남도|태안군,충청남도,municipality,UNIQUE_MUNICIPALITY_ALIAS,0.16499465397260984,41.37931034482759,False,0.0,CONTEXT_ONLY_NOT_CALIBRATED
1804,rs368,가평,연인산리조트,stay,30.0,,경기도|가평군,경기도,municipality,UNIQUE_MUNICIPALITY_ALIAS,0.27085263807454424,54.741379310344826,False,0.0,CONTEXT_ONLY_NOT_CALIBRATED
1805,rs369,가평,농업회사법인 산들애파크 188다산트라,stay,30.0,,경기도|가평군,경기도,municipality,UNIQUE_MUNICIPALITY_ALIAS,0.27085263807454424,54.741379310344826,False,0.0,CONTEXT_ONLY_NOT_CALIBRATED
1806,rs370,함양,용추계곡제2야영장,stay,30.0,,경상남도|함양군,경상남도,municipality,UNIQUE_MUNICIPALITY_ALIAS,0.04188376753507014,10.344827586206897,False,0.0,CONTEXT_ONLY_NOT_CALIBRATED
1807,rs371,부안,연화문호텔 변산,stay,30.0,,전북특별자치도|부안군,전북특별자치도,municipality,UNIQUE_MUNICIPALITY_ALIAS,0.09478957915831662,25.862068965517242,False,0.0,CONTEXT_ONLY_NOT_CALIBRATED
1808,rs372,김해,파인그로브호텔,stay,30.0,,경상남도|김해시,경상남도,municipality,UNIQUE_MUNICIPALITY_ALIAS,0.6511022044088176,81.46551724137932,False,0.0,CONTEXT_ONLY_NOT_CALIBRATED
1809,rs373,영덕,풀빌라식스,stay,30.0,,경상북도|영덕군,경상북도,municipality,UNIQUE_MUNICIPALITY_ALIAS,0.10090110290511091,29.310344827586206,False,0.0,CONTEXT_ONLY_NOT_CALIBRATED
1810,rs374,밀양,밀양댐오토캠핑장,stay,30.0,,경상남도|밀양시,경상남도,municipality,UNIQUE_MUNICIPALITY_ALIAS,0.09899799599198397,28.448275862068964,False,0.0,CONTEXT_ONLY_NOT_CALIBRATED
1811,rs375,세종,베스트웨스턴 플러스 호텔세종,stay,30.0,,세종특별자치시,세종특별자치시,province,PROVINCE_CONTEXT_ONLY,0.3006012024048096,,False,0.0,CONTEXT_ONLY_NOT_CALIBRATED
1812,rs376,서울,토요코인호텔 서울강남점,stay,30.0,,서울특별시,서울특별시,province,PROVINCE_CONTEXT_ONLY,29.058116232464926,,False,0.0,CONTEXT_ONLY_NOT_CALIBRATED
1813,rs377,서울,로이넷호텔 서울마포,stay,30.0,,서울특별시,서울특별시,province,PROVINCE_CONTEXT_ONLY,29.058116232464926,,False,0.0,CONTEXT_ONLY_NOT_CALIBRATED
1814,rs378,서울,강동그린웨이 가족캠핑장,stay,30.0,,서울특별시,서울특별시,province,PROVINCE_CONTEXT_ONLY,29.058116232464926,,False,0.0,CONTEXT_ONLY_NOT_CALIBRATED
1815,rs379,서울,오라카이대학로호텔 BW시그니처컬렉션,stay,30.0,,서울특별시,서울특별시,province,PROVINCE_CONTEXT_ONLY,29.058116232464926,,False,0.0,CONTEXT_ONLY_NOT_CALIBRATED
1816,rs380,서울,로얄스퀘어호텔,stay,30.0,,서울특별시,서울특별시,province,PROVINCE_CONTEXT_ONLY,29.058116232464926,,False,0.0,CONTEXT_ONLY_NOT_CALIBRATED
1817,rs381,서울,코트야드 바이메리어트 서울보타닉파크,stay,30.0,,서울특별시,서울특별시,province,PROVINCE_CONTEXT_ONLY,29.058116232464926,,False,0.0,CONTEXT_ONLY_NOT_CALIBRATED
1818,rs382,서울,신라스테이 마포,stay,30.0,,서울특별시,서울특별시,province,PROVINCE_CONTEXT_ONLY,29.058116232464926,,False,0.0,CONTEXT_ONLY_NOT_CALIBRATED
1819,rs384,평창,모나용평 빌라콘도,stay,30.0,,강원특별자치도|평창군,강원특별자치도,municipality,UNIQUE_MUNICIPALITY_ALIAS,0.18917835671342684,46.12068965517241,False,0.0,CONTEXT_ONLY_NOT_CALIBRATED
1820,rs385,평창,모나용평 그린피아콘도,stay,30.0,,강원특별자치도|평창군,강원특별자치도,municipality,UNIQUE_MUNICIPALITY_ALIAS,0.18917835671342684,46.12068965517241,False,0.0,CONTEXT_ONLY_NOT_CALIBRATED
1821,rs386,부산,하운드호텔 기장오시리아점,stay,30.0,,부산광역시,부산광역시,province,PROVINCE_CONTEXT_ONLY,6.4128256513026045,,False,0.0,CONTEXT_ONLY_NOT_CALIBRATED
1822,rs387,제주,베스트웨스턴 제주호텔,stay,30.0,,제주특별자치도,제주특별자치도,province,PROVINCE_CONTEXT_ONLY,1.7034068136272542,,False,0.0,CONTEXT_ONLY_NOT_CALIBRATED
1823,rs388,부산,라마다 앙코르바이윈덤 부산 해운대,stay,30.0,,부산광역시,부산광역시,province,PROVINCE_CONTEXT_ONLY,6.4128256513026045,,False,0.0,CONTEXT_ONLY_NOT_CALIBRATED
1824,rs389,제주,다인리조트,stay,30.0,,제주특별자치도,제주특별자치도,province,PROVINCE_CONTEXT_ONLY,1.7034068136272542,,False,0.0,CONTEXT_ONLY_NOT_CALIBRATED
1825,rs390,제주,다인오세아노호텔,stay,30.0,,제주특별자치도,제주특별자치도,province,PROVINCE_CONTEXT_ONLY,1.7034068136272542,,False,0.0,CONTEXT_ONLY_NOT_CALIBRATED
1826,rs391,제주,호텔시리우스,stay,30.0,,제주특별자치도,제주특별자치도,province,PROVINCE_CONTEXT_ONLY,1.7034068136272542,,False,0.0,CONTEXT_ONLY_NOT_CALIBRATED
1827,rs392,제주,엠버 퓨어힐 호텔 앤 리조트 제주,stay,30.0,,제주특별자치도,제주특별자치도,province,PROVINCE_CONTEXT_ONLY,1.7034068136272542,,False,0.0,CONTEXT_ONLY_NOT_CALIBRATED
1828,rs393,제주,메종 글래드 제주,stay,30.0,,제주특별자치도,제주특별자치도,province,PROVINCE_CONTEXT_ONLY,1.7034068136272542,,False,0.0,CONTEXT_ONLY_NOT_CALIBRATED
1829,rs394,제주,해비치 호텔&리조트 제주,stay,30.0,,제주특별자치도,제주특별자치도,province,PROVINCE_CONTEXT_ONLY,1.7034068136272542,,False,0.0,CONTEXT_ONLY_NOT_CALIBRATED
1830,rs395,제주,오션스타콘도,stay,30.0,,제주특별자치도,제주특별자치도,province,PROVINCE_CONTEXT_ONLY,1.7034068136272542,,False,0.0,CONTEXT_ONLY_NOT_CALIBRATED
1831,rs396,제주,포도호텔,stay,30.0,,제주특별자치도,제주특별자치도,province,PROVINCE_CONTEXT_ONLY,1.7034068136272542,,False,0.0,CONTEXT_ONLY_NOT_CALIBRATED
1832,rs397,제주,야크마을,stay,30.0,,제주특별자치도,제주특별자치도,province,PROVINCE_CONTEXT_ONLY,1.7034068136272542,,False,0.0,CONTEXT_ONLY_NOT_CALIBRATED
1833,rs398,제주,제주디아일랜드블루호텔,stay,30.0,,제주특별자치도,제주특별자치도,province,PROVINCE_CONTEXT_ONLY,1.7034068136272542,,False,0.0,CONTEXT_ONLY_NOT_CALIBRATED
1834,rs399,제주,블룸호텔,stay,30.0,,제주특별자치도,제주특별자치도,province,PROVINCE_CONTEXT_ONLY,1.7034068136272542,,False,0.0,CONTEXT_ONLY_NOT_CALIBRATED
1835,rs400,제주,벨룸리조트,stay,30.0,,제주특별자치도,제주특별자치도,province,PROVINCE_CONTEXT_ONLY,1.7034068136272542,,False,0.0,CONTEXT_ONLY_NOT_CALIBRATED
1836,rs401,제주,WE호텔 제주,stay,30.0,,제주특별자치도,제주특별자치도,province,PROVINCE_CONTEXT_ONLY,1.7034068136272542,,False,0.0,CONTEXT_ONLY_NOT_CALIBRATED
1837,rs402,대구,아리아나호텔,stay,30.0,,대구광역시,대구광역시,province,PROVINCE_CONTEXT_ONLY,3.707414829659318,,False,0.0,CONTEXT_ONLY_NOT_CALIBRATED
1838,rs403,통영,통영767,stay,30.0,,경상남도|통영시,경상남도,municipality,UNIQUE_MUNICIPALITY_ALIAS,0.13326653306613226,35.3448275862069,False,0.0,CONTEXT_ONLY_NOT_CALIBRATED
1839,rs404,목포,바반트 관광호텔,stay,30.0,,전남광주통합특별시|목포시,전남광주통합특별시,municipality,UNIQUE_MUNICIPALITY_ALIAS,0.2596010384041536,53.01724137931034,True,0.0,CONTEXT_ONLY_NOT_CALIBRATED
1840,rs405,가평,환타지콜라보,stay,30.0,,경기도|가평군,경기도,municipality,UNIQUE_MUNICIPALITY_ALIAS,0.27085263807454424,54.741379310344826,False,0.0,CONTEXT_ONLY_NOT_CALIBRATED
1841,rs406,서울,메이플레이스호텔 서울동대문,stay,30.0,,서울특별시,서울특별시,province,PROVINCE_CONTEXT_ONLY,29.058116232464926,,False,0.0,CONTEXT_ONLY_NOT_CALIBRATED
1842,rs407,파주,브라운도트호텔 파주헤이리점,stay,30.0,,경기도|파주시,경기도,municipality,UNIQUE_MUNICIPALITY_ALIAS,0.7879349471259469,87.28448275862068,False,0.0,CONTEXT_ONLY_NOT_CALIBRATED
1843,rs408,제주,빠레브호텔 제주,stay,30.0,,제주특별자치도,제주특별자치도,province,PROVINCE_CONTEXT_ONLY,1.7034068136272542,,False,0.0,CONTEXT_ONLY_NOT_CALIBRATED
1844,rs409,제주,디아넥스호텔,stay,30.0,,제주특별자치도,제주특별자치도,province,PROVINCE_CONTEXT_ONLY,1.7034068136272542,,False,0.0,CONTEXT_ONLY_NOT_CALIBRATED
1845,rs410,영월,내리계곡솔밭캠핑장,stay,30.0,,강원특별자치도|영월군,강원특별자치도,municipality,UNIQUE_MUNICIPALITY_ALIAS,0.06412825651302605,16.379310344827587,False,0.0,CONTEXT_ONLY_NOT_CALIBRATED
1846,rs411,대전,호텔ICC,stay,30.0,,대전광역시,대전광역시,province,PROVINCE_CONTEXT_ONLY,3.2064128256513023,,False,0.0,CONTEXT_ONLY_NOT_CALIBRATED
1847,rs412,제천,월악산국립공원 덕주야영장 피크닉전용영지,stay,30.0,,충청북도|제천시,충청북도,municipality,UNIQUE_MUNICIPALITY_ALIAS,0.21371414156985294,47.8448275862069,False,0.0,CONTEXT_ONLY_NOT_CALIBRATED
1848,rs413,대전,호텔 스카이파크 대전1호점,stay,30.0,,대전광역시,대전광역시,province,PROVINCE_CONTEXT_ONLY,3.2064128256513023,,False,0.0,CONTEXT_ONLY_NOT_CALIBRATED
1849,rs414,경주,강동리조트 패밀리콘도,stay,30.0,,경상북도|경주시,경상북도,municipality,UNIQUE_MUNICIPALITY_ALIAS,0.6234246715208639,80.17241379310344,False,0.0,CONTEXT_ONLY_NOT_CALIBRATED
1850,rs415,경주,강동프라이빗콘도,stay,30.0,,경상북도|경주시,경상북도,municipality,UNIQUE_MUNICIPALITY_ALIAS,0.6234246715208639,80.17241379310344,False,0.0,CONTEXT_ONLY_NOT_CALIBRATED
1851,rs416,동해,망상제2오토캠핑장,stay,30.0,,강원특별자치도|동해시,강원특별자치도,municipality,UNIQUE_MUNICIPALITY_ALIAS,0.1346693386773547,36.206896551724135,False,0.0,CONTEXT_ONLY_NOT_CALIBRATED
1852,rs417,거제,거제돔관광호텔,stay,30.0,,경상남도|거제시,경상남도,municipality,UNIQUE_MUNICIPALITY_ALIAS,0.16753507014028057,42.241379310344826,False,0.0,CONTEXT_ONLY_NOT_CALIBRATED
1853,rs418,동해,동해무릉건강숲,stay,30.0,,강원특별자치도|동해시,강원특별자치도,municipality,UNIQUE_MUNICIPALITY_ALIAS,0.1346693386773547,36.206896551724135,False,0.0,CONTEXT_ONLY_NOT_CALIBRATED
1854,rs419,정선,정선아리아리호텔,stay,30.0,,강원특별자치도|정선군,강원특별자치도,municipality,UNIQUE_MUNICIPALITY_ALIAS,0.09298597194388776,25.0,False,0.0,CONTEXT_ONLY_NOT_CALIBRATED
1855,rs420,전주,메종드온유호텔 전주한옥마을점,stay,30.0,,전북특별자치도|전주시,전북특별자치도,municipality,UNIQUE_MUNICIPALITY_ALIAS,0.7384769539078156,86.20689655172414,False,0.0,CONTEXT_ONLY_NOT_CALIBRATED
1856,rs421,통영,아스트로펜션,stay,30.0,,경상남도|통영시,경상남도,municipality,UNIQUE_MUNICIPALITY_ALIAS,0.13326653306613226,35.3448275862069,False,0.0,CONTEXT_ONLY_NOT_CALIBRATED
1857,rs422,통영,브룩스호텔,stay,30.0,,경상남도|통영시,경상남도,municipality,UNIQUE_MUNICIPALITY_ALIAS,0.13326653306613226,35.3448275862069,False,0.0,CONTEXT_ONLY_NOT_CALIBRATED
1858,rs423,통영,통영마티스비치스파펜션,stay,30.0,,경상남도|통영시,경상남도,municipality,UNIQUE_MUNICIPALITY_ALIAS,0.13326653306613226,35.3448275862069,False,0.0,CONTEXT_ONLY_NOT_CALIBRATED
1859,rs424,강릉,파인아트라벨,stay,30.0,,강원특별자치도|강릉시,강원특별자치도,municipality,UNIQUE_MUNICIPALITY_ALIAS,0.5098196392785571,72.84482758620689,False,0.0,CONTEXT_ONLY_NOT_CALIBRATED
1860,rs425,속초,호텔리츠,stay,30.0,,강원특별자치도|속초시,강원특별자치도,municipality,UNIQUE_MUNICIPALITY_ALIAS,0.38797595190380757,65.51724137931035,False,0.0,CONTEXT_ONLY_NOT_CALIBRATED
1861,rs426,평창,오리엔트리조트 평창본점,stay,30.0,,강원특별자치도|평창군,강원특별자치도,municipality,UNIQUE_MUNICIPALITY_ALIAS,0.18917835671342684,46.12068965517241,False,0.0,CONTEXT_ONLY_NOT_CALIBRATED
1862,rs427,여수,르그랑블루리조트,stay,30.0,,전남광주통합특별시|여수시,전남광주통합특별시,municipality,UNIQUE_MUNICIPALITY_ALIAS,0.3432013728054912,62.93103448275862,True,0.0,CONTEXT_ONLY_NOT_CALIBRATED
1863,rs428,안동,고려호텔,stay,30.0,,경상북도|안동시,경상북도,municipality,UNIQUE_MUNICIPALITY_ALIAS,0.16936970844786475,43.53448275862069,False,0.0,CONTEXT_ONLY_NOT_CALIBRATED
1864,rs429,양산,베니키아 양산호텔,stay,30.0,,경상남도|양산시,경상남도,municipality,UNIQUE_MUNICIPALITY_ALIAS,0.3426853707414829,62.5,False,0.0,CONTEXT_ONLY_NOT_CALIBRATED
1865,rs430,영주,소백산국립공원 삼가야영장,stay,30.0,,경상북도|영주시,경상북도,municipality,UNIQUE_MUNICIPALITY_ALIAS,0.07567582717883319,20.689655172413794,False,0.0,CONTEXT_ONLY_NOT_CALIBRATED
1866,rs431,영주,알토호텔,stay,30.0,,경상북도|영주시,경상북도,municipality,UNIQUE_MUNICIPALITY_ALIAS,0.07567582717883319,20.689655172413794,False,0.0,CONTEXT_ONLY_NOT_CALIBRATED
1867,rs432,목포,하운드호텔 목포평화광장점,stay,30.0,,전남광주통합특별시|목포시,전남광주통합특별시,municipality,UNIQUE_MUNICIPALITY_ALIAS,0.2596010384041536,53.01724137931034,True,0.0,CONTEXT_ONLY_NOT_CALIBRATED
1868,rs433,울릉,울릉도일등펜션,stay,30.0,,경상북도|울릉군,경상북도,municipality,UNIQUE_MUNICIPALITY_ALIAS,0.018018054090198375,0.43103448275862066,False,0.0,CONTEXT_ONLY_NOT_CALIBRATED
1869,rs434,울릉,호텔울릉드림,stay,30.0,,경상북도|울릉군,경상북도,municipality,UNIQUE_MUNICIPALITY_ALIAS,0.018018054090198375,0.43103448275862066,False,0.0,CONTEXT_ONLY_NOT_CALIBRATED
1870,rs435,군산,맨션브릿지호텔 군산,stay,30.0,,전북특별자치도|군산시,전북특별자치도,municipality,UNIQUE_MUNICIPALITY_ALIAS,0.3571142284569138,63.36206896551724,False,0.0,CONTEXT_ONLY_NOT_CALIBRATED
1871,rs436,담양,담양리조트,stay,30.0,,전남광주통합특별시|담양군,전남광주통합특별시,municipality,UNIQUE_MUNICIPALITY_ALIAS,0.1056004224016896,30.603448275862068,True,0.0,CONTEXT_ONLY_NOT_CALIBRATED
1872,rs437,군산,브라운도트호텔 근대화거리점,stay,30.0,,전북특별자치도|군산시,전북특별자치도,municipality,UNIQUE_MUNICIPALITY_ALIAS,0.3571142284569138,63.36206896551724,False,0.0,CONTEXT_ONLY_NOT_CALIBRATED
1873,rs438,태안,파도와노을캠핑장,stay,30.0,,충청남도|태안군,충청남도,municipality,UNIQUE_MUNICIPALITY_ALIAS,0.16499465397260984,41.37931034482759,False,0.0,CONTEXT_ONLY_NOT_CALIBRATED
1874,rs439,가평,더스테이힐링파크,stay,30.0,,경기도|가평군,경기도,municipality,UNIQUE_MUNICIPALITY_ALIAS,0.27085263807454424,54.741379310344826,False,0.0,CONTEXT_ONLY_NOT_CALIBRATED
1875,rs440,김해,아세라빌라드아쿠아호텔,stay,30.0,,경상남도|김해시,경상남도,municipality,UNIQUE_MUNICIPALITY_ALIAS,0.6511022044088176,81.46551724137932,False,0.0,CONTEXT_ONLY_NOT_CALIBRATED
1876,rs441,포천,신북온심재,stay,30.0,,경기도|포천시,경기도,municipality,UNIQUE_MUNICIPALITY_ALIAS,0.44321340775834517,69.82758620689656,False,0.0,CONTEXT_ONLY_NOT_CALIBRATED
1877,rs442,울진,동해바다펜션,stay,30.0,,경상북도|울진군,경상북도,municipality,UNIQUE_MUNICIPALITY_ALIAS,0.0720722163607935,18.53448275862069,False,0.0,CONTEXT_ONLY_NOT_CALIBRATED
1878,rs443,부안,스테이80,stay,30.0,,전북특별자치도|부안군,전북특별자치도,municipality,UNIQUE_MUNICIPALITY_ALIAS,0.09478957915831662,25.862068965517242,False,0.0,CONTEXT_ONLY_NOT_CALIBRATED
1879,rs444,부안,가온리조트,stay,30.0,,전북특별자치도|부안군,전북특별자치도,municipality,UNIQUE_MUNICIPALITY_ALIAS,0.09478957915831662,25.862068965517242,False,0.0,CONTEXT_ONLY_NOT_CALIBRATED
1880,rs445,양양,코게러지 호텔,stay,30.0,,강원특별자치도|양양군,강원특별자치도,municipality,UNIQUE_MUNICIPALITY_ALIAS,0.1442885771543086,37.06896551724138,False,0.0,CONTEXT_ONLY_NOT_CALIBRATED
1881,rs446,양양,서프리조트인더시티 양양,stay,30.0,,강원특별자치도|양양군,강원특별자치도,municipality,UNIQUE_MUNICIPALITY_ALIAS,0.1442885771543086,37.06896551724138,False,0.0,CONTEXT_ONLY_NOT_CALIBRATED
1882,rs447,보령,동백관,stay,30.0,,충청남도|보령시,충청남도,municipality,UNIQUE_MUNICIPALITY_ALIAS,0.15095255576217495,38.793103448275865,False,0.0,CONTEXT_ONLY_NOT_CALIBRATED
1883,rs448,영덕,연화문호텔 영덕,stay,30.0,,경상북도|영덕군,경상북도,municipality,UNIQUE_MUNICIPALITY_ALIAS,0.10090110290511091,29.310344827586206,False,0.0,CONTEXT_ONLY_NOT_CALIBRATED
1884,rs449,서울,조선호텔 포포인츠바이쉐라톤 서울역,stay,30.0,,서울특별시,서울특별시,province,PROVINCE_CONTEXT_ONLY,29.058116232464926,,False,0.0,CONTEXT_ONLY_NOT_CALIBRATED
1885,rs450,부산,브라운도트호텔 엄궁점,stay,30.0,,부산광역시,부산광역시,province,PROVINCE_CONTEXT_ONLY,6.4128256513026045,,False,0.0,CONTEXT_ONLY_NOT_CALIBRATED
1886,rs451,부산,하얏트 플레이스 부산 연산,stay,30.0,,부산광역시,부산광역시,province,PROVINCE_CONTEXT_ONLY,6.4128256513026045,,False,0.0,CONTEXT_ONLY_NOT_CALIBRATED
1887,rs452,부산,케니스테이 기장,stay,30.0,,부산광역시,부산광역시,province,PROVINCE_CONTEXT_ONLY,6.4128256513026045,,False,0.0,CONTEXT_ONLY_NOT_CALIBRATED
1888,rs453,부산,소노문 해운대,stay,30.0,,부산광역시,부산광역시,province,PROVINCE_CONTEXT_ONLY,6.4128256513026045,,False,0.0,CONTEXT_ONLY_NOT_CALIBRATED
1889,rs454,부산,썬클라우드호텔,stay,30.0,,부산광역시,부산광역시,province,PROVINCE_CONTEXT_ONLY,6.4128256513026045,,False,0.0,CONTEXT_ONLY_NOT_CALIBRATED
1890,rs455,부산,해운대블루스토리호텔,stay,30.0,,부산광역시,부산광역시,province,PROVINCE_CONTEXT_ONLY,6.4128256513026045,,False,0.0,CONTEXT_ONLY_NOT_CALIBRATED
1891,rs456,제주,호텔난타,stay,30.0,,제주특별자치도,제주특별자치도,province,PROVINCE_CONTEXT_ONLY,1.7034068136272542,,False,0.0,CONTEXT_ONLY_NOT_CALIBRATED
1892,rs457,제주,더스테이센추리호텔,stay,30.0,,제주특별자치도,제주특별자치도,province,PROVINCE_CONTEXT_ONLY,1.7034068136272542,,False,0.0,CONTEXT_ONLY_NOT_CALIBRATED
1893,rs458,제주,베니키아호텔 제주,stay,30.0,,제주특별자치도,제주특별자치도,province,PROVINCE_CONTEXT_ONLY,1.7034068136272542,,False,0.0,CONTEXT_ONLY_NOT_CALIBRATED
1894,rs459,제주,신라스테이 플러스 이호테우,stay,30.0,,제주특별자치도,제주특별자치도,province,PROVINCE_CONTEXT_ONLY,1.7034068136272542,,False,0.0,CONTEXT_ONLY_NOT_CALIBRATED
1895,rs460,제주,제주리조트,stay,30.0,,제주특별자치도,제주특별자치도,province,PROVINCE_CONTEXT_ONLY,1.7034068136272542,,False,0.0,CONTEXT_ONLY_NOT_CALIBRATED
1896,rs461,제주,몽돌스테이1119,stay,30.0,,제주특별자치도,제주특별자치도,province,PROVINCE_CONTEXT_ONLY,1.7034068136272542,,False,0.0,CONTEXT_ONLY_NOT_CALIBRATED
1897,rs462,제주,코업시티호텔 성산,stay,30.0,,제주특별자치도,제주특별자치도,province,PROVINCE_CONTEXT_ONLY,1.7034068136272542,,False,0.0,CONTEXT_ONLY_NOT_CALIBRATED
1898,rs463,제주,신라스테이 제주,stay,30.0,,제주특별자치도,제주특별자치도,province,PROVINCE_CONTEXT_ONLY,1.7034068136272542,,False,0.0,CONTEXT_ONLY_NOT_CALIBRATED
1899,rs464,당진,모든날펜션,stay,30.0,,충청남도|당진시,충청남도,municipality,UNIQUE_MUNICIPALITY_ALIAS,0.3194577342873935,60.3448275862069,False,0.0,CONTEXT_ONLY_NOT_CALIBRATED
1900,rs465,서산,저스트슬립호텔 서산대산점,stay,30.0,,충청남도|서산시,충청남도,municipality,UNIQUE_MUNICIPALITY_ALIAS,0.1965893749460883,46.98275862068966,False,0.0,CONTEXT_ONLY_NOT_CALIBRATED
1901,rs466,제천,휴가 게스트하우스,stay,30.0,,충청북도|제천시,충청북도,municipality,UNIQUE_MUNICIPALITY_ALIAS,0.21371414156985294,47.8448275862069,False,0.0,CONTEXT_ONLY_NOT_CALIBRATED
1902,rs467,서울,난지캠핑장,stay,30.0,,서울특별시,서울특별시,province,PROVINCE_CONTEXT_ONLY,29.058116232464926,,False,0.0,CONTEXT_ONLY_NOT_CALIBRATED
1903,rs468,서울,호텔씨에스에비뉴,stay,30.0,,서울특별시,서울특별시,province,PROVINCE_CONTEXT_ONLY,29.058116232464926,,False,0.0,CONTEXT_ONLY_NOT_CALIBRATED
1904,rs469,하동,소소화개,stay,30.0,,경상남도|하동군,경상남도,municipality,UNIQUE_MUNICIPALITY_ALIAS,0.06092184368737475,15.517241379310345,False,0.0,CONTEXT_ONLY_NOT_CALIBRATED
1905,rs470,강릉,망상비치호텔,stay,30.0,,강원특별자치도|강릉시,강원특별자치도,municipality,UNIQUE_MUNICIPALITY_ALIAS,0.5098196392785571,72.84482758620689,False,0.0,CONTEXT_ONLY_NOT_CALIBRATED
1906,rs471,통영,데이지호텔,stay,30.0,,경상남도|통영시,경상남도,municipality,UNIQUE_MUNICIPALITY_ALIAS,0.13326653306613226,35.3448275862069,False,0.0,CONTEXT_ONLY_NOT_CALIBRATED
1907,rs472,통영,통영 한산마리나호텔&리조트,stay,30.0,,경상남도|통영시,경상남도,municipality,UNIQUE_MUNICIPALITY_ALIAS,0.13326653306613226,35.3448275862069,False,0.0,CONTEXT_ONLY_NOT_CALIBRATED
1908,rs473,울릉,섬바디관광호텔,stay,30.0,,경상북도|울릉군,경상북도,municipality,UNIQUE_MUNICIPALITY_ALIAS,0.018018054090198375,0.43103448275862066,False,0.0,CONTEXT_ONLY_NOT_CALIBRATED
1909,rs474,인천,제이앤파크호텔,stay,30.0,,인천광역시,인천광역시,province,PROVINCE_CONTEXT_ONLY,5.310621242484969,,True,0.0,CONTEXT_ONLY_NOT_CALIBRATED
1910,rs475,태안,리틀베이 풀빌라,stay,30.0,,충청남도|태안군,충청남도,municipality,UNIQUE_MUNICIPALITY_ALIAS,0.16499465397260984,41.37931034482759,False,0.0,CONTEXT_ONLY_NOT_CALIBRATED
1911,rs476,포천,유식물원캠핑장,stay,30.0,,경기도|포천시,경기도,municipality,UNIQUE_MUNICIPALITY_ALIAS,0.44321340775834517,69.82758620689656,False,0.0,CONTEXT_ONLY_NOT_CALIBRATED
1912,rs477,구미,스테이더공단호텔,stay,30.0,,경상북도|구미시,경상북도,municipality,UNIQUE_MUNICIPALITY_ALIAS,0.32072136280553115,61.206896551724135,False,0.0,CONTEXT_ONLY_NOT_CALIBRATED
1913,rs478,평창,휘닉스파크,stay,30.0,,강원특별자치도|평창군,강원특별자치도,municipality,UNIQUE_MUNICIPALITY_ALIAS,0.18917835671342684,46.12068965517241,False,0.0,CONTEXT_ONLY_NOT_CALIBRATED
1914,rs479,제주,팜파스호텔 제주,stay,30.0,,제주특별자치도,제주특별자치도,province,PROVINCE_CONTEXT_ONLY,1.7034068136272542,,False,0.0,CONTEXT_ONLY_NOT_CALIBRATED
1915,rs480,서산,서라온,stay,30.0,,충청남도|서산시,충청남도,municipality,UNIQUE_MUNICIPALITY_ALIAS,0.1965893749460883,46.98275862068966,False,0.0,CONTEXT_ONLY_NOT_CALIBRATED
1916,rs481,서울,머큐어 앰배서더 서울 홍대,stay,30.0,,서울특별시,서울특별시,province,PROVINCE_CONTEXT_ONLY,29.058116232464926,,False,0.0,CONTEXT_ONLY_NOT_CALIBRATED
1917,rs482,제천,닷돈재4색야영장,stay,30.0,,충청북도|제천시,충청북도,municipality,UNIQUE_MUNICIPALITY_ALIAS,0.21371414156985294,47.8448275862069,False,0.0,CONTEXT_ONLY_NOT_CALIBRATED
1918,rs483,경주,경주화랑마을 오토캠핑장,stay,30.0,,경상북도|경주시,경상북도,municipality,UNIQUE_MUNICIPALITY_ALIAS,0.6234246715208639,80.17241379310344,False,0.0,CONTEXT_ONLY_NOT_CALIBRATED
1919,rs484,경주,황남관,stay,30.0,,경상북도|경주시,경상북도,municipality,UNIQUE_MUNICIPALITY_ALIAS,0.6234246715208639,80.17241379310344,False,0.0,CONTEXT_ONLY_NOT_CALIBRATED
1920,rs485,경주,신라부티크호텔,stay,30.0,,경상북도|경주시,경상북도,municipality,UNIQUE_MUNICIPALITY_ALIAS,0.6234246715208639,80.17241379310344,False,0.0,CONTEXT_ONLY_NOT_CALIBRATED
1921,rs486,경주,덴바스타호텔 헤리티지 경주점,stay,30.0,,경상북도|경주시,경상북도,municipality,UNIQUE_MUNICIPALITY_ALIAS,0.6234246715208639,80.17241379310344,False,0.0,CONTEXT_ONLY_NOT_CALIBRATED
1922,rs487,거제,흑진주마리나리조트,stay,30.0,,경상남도|거제시,경상남도,municipality,UNIQUE_MUNICIPALITY_ALIAS,0.16753507014028057,42.241379310344826,False,0.0,CONTEXT_ONLY_NOT_CALIBRATED
1923,rs488,거제,까사델문도,stay,30.0,,경상남도|거제시,경상남도,municipality,UNIQUE_MUNICIPALITY_ALIAS,0.16753507014028057,42.241379310344826,False,0.0,CONTEXT_ONLY_NOT_CALIBRATED
1924,rs489,거제,브라운도트 거제근 포항점,stay,30.0,,경상남도|거제시,경상남도,municipality,UNIQUE_MUNICIPALITY_ALIAS,0.16753507014028057,42.241379310344826,False,0.0,CONTEXT_ONLY_NOT_CALIBRATED
1925,rs490,거제,포시즌펜션,stay,30.0,,경상남도|거제시,경상남도,municipality,UNIQUE_MUNICIPALITY_ALIAS,0.16753507014028057,42.241379310344826,False,0.0,CONTEXT_ONLY_NOT_CALIBRATED
1926,rs491,청주,천경대키즈풀빌라,stay,30.0,,충청북도|청주시,충청북도,municipality,UNIQUE_MUNICIPALITY_ALIAS,2.0180220581022184,96.55172413793103,False,0.0,CONTEXT_ONLY_NOT_CALIBRATED
1927,rs492,거제,거제로펜션,stay,30.0,,경상남도|거제시,경상남도,municipality,UNIQUE_MUNICIPALITY_ALIAS,0.16753507014028057,42.241379310344826,False,0.0,CONTEXT_ONLY_NOT_CALIBRATED
1928,rs493,삼척,덕풍계곡 제2야영장,stay,30.0,,강원특별자치도|삼척시,강원특별자치도,municipality,UNIQUE_MUNICIPALITY_ALIAS,0.09619238476953906,26.724137931034484,False,0.0,CONTEXT_ONLY_NOT_CALIBRATED
1929,rs494,통영,물개스테이,stay,30.0,,경상남도|통영시,경상남도,municipality,UNIQUE_MUNICIPALITY_ALIAS,0.13326653306613226,35.3448275862069,False,0.0,CONTEXT_ONLY_NOT_CALIBRATED
1930,rs495,통영,바다52스파펜션,stay,30.0,,경상남도|통영시,경상남도,municipality,UNIQUE_MUNICIPALITY_ALIAS,0.13326653306613226,35.3448275862069,False,0.0,CONTEXT_ONLY_NOT_CALIBRATED
1931,rs496,여수,호텔더엘,stay,30.0,,전남광주통합특별시|여수시,전남광주통합특별시,municipality,UNIQUE_MUNICIPALITY_ALIAS,0.3432013728054912,62.93103448275862,True,0.0,CONTEXT_ONLY_NOT_CALIBRATED
1932,rs497,여수,여수 디아크리조트,stay,30.0,,전남광주통합특별시|여수시,전남광주통합특별시,municipality,UNIQUE_MUNICIPALITY_ALIAS,0.3432013728054912,62.93103448275862,True,0.0,CONTEXT_ONLY_NOT_CALIBRATED
1933,rs498,안동,리첼호텔,stay,30.0,,경상북도|안동시,경상북도,municipality,UNIQUE_MUNICIPALITY_ALIAS,0.16936970844786475,43.53448275862069,False,0.0,CONTEXT_ONLY_NOT_CALIBRATED
1934,rs499,안동,전통리조트 구름에,stay,30.0,,경상북도|안동시,경상북도,municipality,UNIQUE_MUNICIPALITY_ALIAS,0.16936970844786475,43.53448275862069,False,0.0,CONTEXT_ONLY_NOT_CALIBRATED
1935,rs500,진주,브라운도트호텔,stay,30.0,,경상남도|진주시,경상남도,municipality,UNIQUE_MUNICIPALITY_ALIAS,0.2284569138276553,49.13793103448276,False,0.0,CONTEXT_ONLY_NOT_CALIBRATED
1936,rs501,남해,슬로우남해,stay,30.0,,경상남도|남해군,경상남도,municipality,UNIQUE_MUNICIPALITY_ALIAS,0.07234468937875752,19.18103448275862,False,0.0,CONTEXT_ONLY_NOT_CALIBRATED
1937,rs502,영주,풍기관광호텔,stay,30.0,,경상북도|영주시,경상북도,municipality,UNIQUE_MUNICIPALITY_ALIAS,0.07567582717883319,20.689655172413794,False,0.0,CONTEXT_ONLY_NOT_CALIBRATED
1938,rs503,목포,호텔야자 목포평화광장점,stay,30.0,,전남광주통합특별시|목포시,전남광주통합특별시,municipality,UNIQUE_MUNICIPALITY_ALIAS,0.2596010384041536,53.01724137931034,True,0.0,CONTEXT_ONLY_NOT_CALIBRATED
1939,rs504,울릉,가고싶다펜션,stay,30.0,,경상북도|울릉군,경상북도,municipality,UNIQUE_MUNICIPALITY_ALIAS,0.018018054090198375,0.43103448275862066,False,0.0,CONTEXT_ONLY_NOT_CALIBRATED
1940,rs505,울릉,학포다이브리조트,stay,30.0,,경상북도|울릉군,경상북도,municipality,UNIQUE_MUNICIPALITY_ALIAS,0.018018054090198375,0.43103448275862066,False,0.0,CONTEXT_ONLY_NOT_CALIBRATED
1941,rs506,합천,마노아워터캠핑장,stay,30.0,,경상남도|합천군,경상남도,municipality,UNIQUE_MUNICIPALITY_ALIAS,0.0342685370741483,6.4655172413793105,False,0.0,CONTEXT_ONLY_NOT_CALIBRATED
1942,rs507,남해,여여담,stay,30.0,,경상남도|남해군,경상남도,municipality,UNIQUE_MUNICIPALITY_ALIAS,0.07234468937875752,19.18103448275862,False,0.0,CONTEXT_ONLY_NOT_CALIBRATED
1943,rs508,남해,상주은모래비치 오토캠핑장,stay,30.0,,경상남도|남해군,경상남도,municipality,UNIQUE_MUNICIPALITY_ALIAS,0.07234468937875752,19.18103448275862,False,0.0,CONTEXT_ONLY_NOT_CALIBRATED
1944,rs509,울산,삼성산장,stay,30.0,,울산광역시,울산광역시,province,PROVINCE_CONTEXT_ONLY,1.5030060120240478,,False,0.0,CONTEXT_ONLY_NOT_CALIBRATED
1945,rs510,울산,온더웨이브호텔,stay,30.0,,울산광역시,울산광역시,province,PROVINCE_CONTEXT_ONLY,1.5030060120240478,,False,0.0,CONTEXT_ONLY_NOT_CALIBRATED
1946,rs511,창원,CNN호텔,stay,30.0,,경상남도|창원시,경상남도,municipality,UNIQUE_MUNICIPALITY_ALIAS,1.2869739478957913,93.96551724137932,False,0.0,CONTEXT_ONLY_NOT_CALIBRATED
1947,rs512,태안,무이림,stay,30.0,,충청남도|태안군,충청남도,municipality,UNIQUE_MUNICIPALITY_ALIAS,0.16499465397260984,41.37931034482759,False,0.0,CONTEXT_ONLY_NOT_CALIBRATED
1948,rs513,태안,나문재카페,stay,30.0,,충청남도|태안군,충청남도,municipality,UNIQUE_MUNICIPALITY_ALIAS,0.16499465397260984,41.37931034482759,False,0.0,CONTEXT_ONLY_NOT_CALIBRATED
1949,rs514,창원,호텔에비뉴,stay,30.0,,경상남도|창원시,경상남도,municipality,UNIQUE_MUNICIPALITY_ALIAS,1.2869739478957913,93.96551724137932,False,0.0,CONTEXT_ONLY_NOT_CALIBRATED
1950,rs515,가평,호텔하우스,stay,30.0,,경기도|가평군,경기도,municipality,UNIQUE_MUNICIPALITY_ALIAS,0.27085263807454424,54.741379310344826,False,0.0,CONTEXT_ONLY_NOT_CALIBRATED
1951,rs516,상주,객주촌한옥펜션,stay,30.0,,경상북도|상주시,경상북도,municipality,UNIQUE_MUNICIPALITY_ALIAS,0.09369388126903157,25.43103448275862,False,0.0,CONTEXT_ONLY_NOT_CALIBRATED
1952,rs517,김해,덴바스타 테마 키즈호텔,stay,30.0,,경상남도|김해시,경상남도,municipality,UNIQUE_MUNICIPALITY_ALIAS,0.6511022044088176,81.46551724137932,False,0.0,CONTEXT_ONLY_NOT_CALIBRATED
1953,rs518,김해,잠101호텔,stay,30.0,,경상남도|김해시,경상남도,municipality,UNIQUE_MUNICIPALITY_ALIAS,0.6511022044088176,81.46551724137932,False,0.0,CONTEXT_ONLY_NOT_CALIBRATED
1954,rs519,익산,한옥펜션 수수헌,stay,30.0,,전북특별자치도|익산시,전북특별자치도,municipality,UNIQUE_MUNICIPALITY_ALIAS,0.2226452905811623,48.706896551724135,False,0.0,CONTEXT_ONLY_NOT_CALIBRATED
1955,rs520,전주,전주관광호텔,stay,30.0,,전북특별자치도|전주시,전북특별자치도,municipality,UNIQUE_MUNICIPALITY_ALIAS,0.7384769539078156,86.20689655172414,False,0.0,CONTEXT_ONLY_NOT_CALIBRATED
1956,rs521,울진,불영계곡캠핑장,stay,30.0,,경상북도|울진군,경상북도,municipality,UNIQUE_MUNICIPALITY_ALIAS,0.0720722163607935,18.53448275862069,False,0.0,CONTEXT_ONLY_NOT_CALIBRATED
1957,rs522,고창,선운산유스호스텔,stay,30.0,,전북특별자치도|고창군,전북특별자치도,municipality,UNIQUE_MUNICIPALITY_ALIAS,0.07715430861723448,21.120689655172413,False,0.0,CONTEXT_ONLY_NOT_CALIBRATED
1958,rs523,고양,밀레니엄호텔,stay,30.0,,경기도|고양시,경기도,municipality,UNIQUE_MUNICIPALITY_ALIAS,2.166821104596354,97.41379310344827,False,0.0,CONTEXT_ONLY_NOT_CALIBRATED
1959,rs524,고양,호텔 클라움,stay,30.0,,경기도|고양시,경기도,municipality,UNIQUE_MUNICIPALITY_ALIAS,2.166821104596354,97.41379310344827,False,0.0,CONTEXT_ONLY_NOT_CALIBRATED
1960,rs525,고양,글로스터호텔 킨텍스,stay,30.0,,경기도|고양시,경기도,municipality,UNIQUE_MUNICIPALITY_ALIAS,2.166821104596354,97.41379310344827,False,0.0,CONTEXT_ONLY_NOT_CALIBRATED
1961,rs526,담양,퀸즈캐슬,stay,30.0,,전남광주통합특별시|담양군,전남광주통합특별시,municipality,UNIQUE_MUNICIPALITY_ALIAS,0.1056004224016896,30.603448275862068,True,0.0,CONTEXT_ONLY_NOT_CALIBRATED
1962,rs527,인제,아침뜨락황토마을,stay,30.0,,강원특별자치도|인제군,강원특별자치도,municipality,UNIQUE_MUNICIPALITY_ALIAS,0.07054108216432865,17.887931034482758,False,0.0,CONTEXT_ONLY_NOT_CALIBRATED
1963,rs528,양양,브리드호텔 양양,stay,30.0,,강원특별자치도|양양군,강원특별자치도,municipality,UNIQUE_MUNICIPALITY_ALIAS,0.1442885771543086,37.06896551724138,False,0.0,CONTEXT_ONLY_NOT_CALIBRATED
1964,rs529,청송,송소고택펜션,stay,30.0,,경상북도|청송군,경상북도,municipality,UNIQUE_MUNICIPALITY_ALIAS,0.03603610818039675,7.974137931034483,False,0.0,CONTEXT_ONLY_NOT_CALIBRATED
1965,rs530,영덕,클라우드나인호텔모텔,stay,30.0,,경상북도|영덕군,경상북도,municipality,UNIQUE_MUNICIPALITY_ALIAS,0.10090110290511091,29.310344827586206,False,0.0,CONTEXT_ONLY_NOT_CALIBRATED
1966,rs531,보령,대천사과나무펜션,stay,30.0,,충청남도|보령시,충청남도,municipality,UNIQUE_MUNICIPALITY_ALIAS,0.15095255576217495,38.793103448275865,False,0.0,CONTEXT_ONLY_NOT_CALIBRATED
1967,rs532,보령,더반힐글램핑&리조트펜션,stay,30.0,,충청남도|보령시,충청남도,municipality,UNIQUE_MUNICIPALITY_ALIAS,0.15095255576217495,38.793103448275865,False,0.0,CONTEXT_ONLY_NOT_CALIBRATED
1968,rs533,영덕,영덕프라다호텔,stay,30.0,,경상북도|영덕군,경상북도,municipality,UNIQUE_MUNICIPALITY_ALIAS,0.10090110290511091,29.310344827586206,False,0.0,CONTEXT_ONLY_NOT_CALIBRATED
1969,rs534,영덕,영덕바다펜션,stay,30.0,,경상북도|영덕군,경상북도,municipality,UNIQUE_MUNICIPALITY_ALIAS,0.10090110290511091,29.310344827586206,False,0.0,CONTEXT_ONLY_NOT_CALIBRATED
1970,rs535,부산,브라운도트호텔 다대포해수욕장점,stay,30.0,,부산광역시,부산광역시,province,PROVINCE_CONTEXT_ONLY,6.4128256513026045,,False,0.0,CONTEXT_ONLY_NOT_CALIBRATED
1971,rs536,부산,에이치에비뉴 정관점,stay,30.0,,부산광역시,부산광역시,province,PROVINCE_CONTEXT_ONLY,6.4128256513026045,,False,0.0,CONTEXT_ONLY_NOT_CALIBRATED
1972,rs537,고양,호텔더윈,stay,30.0,,경기도|고양시,경기도,municipality,UNIQUE_MUNICIPALITY_ALIAS,2.166821104596354,97.41379310344827,False,0.0,CONTEXT_ONLY_NOT_CALIBRATED
1973,rs538,부산,더블유레지던스호텔,stay,30.0,,부산광역시,부산광역시,province,PROVINCE_CONTEXT_ONLY,6.4128256513026045,,False,0.0,CONTEXT_ONLY_NOT_CALIBRATED
1974,rs539,거창,덕유공방펜션,stay,30.0,,경상남도|거창군,경상남도,municipality,UNIQUE_MUNICIPALITY_ALIAS,0.049498997995991986,12.931034482758621,False,0.0,CONTEXT_ONLY_NOT_CALIBRATED
1975,rs540,부산,베니키아 프리미어 호텔 해운대,stay,30.0,,부산광역시,부산광역시,province,PROVINCE_CONTEXT_ONLY,6.4128256513026045,,False,0.0,CONTEXT_ONLY_NOT_CALIBRATED
1976,rs541,거창,패밀리관광호텔,stay,30.0,,경상남도|거창군,경상남도,municipality,UNIQUE_MUNICIPALITY_ALIAS,0.049498997995991986,12.931034482758621,False,0.0,CONTEXT_ONLY_NOT_CALIBRATED
1977,rs542,거창,거창국민여가캠핑장 미리내숲,stay,30.0,,경상남도|거창군,경상남도,municipality,UNIQUE_MUNICIPALITY_ALIAS,0.049498997995991986,12.931034482758621,False,0.0,CONTEXT_ONLY_NOT_CALIBRATED
1978,rs543,부산,광수호텔,stay,30.0,,부산광역시,부산광역시,province,PROVINCE_CONTEXT_ONLY,6.4128256513026045,,False,0.0,CONTEXT_ONLY_NOT_CALIBRATED
1979,rs544,제주,까사로마호텔,stay,30.0,,제주특별자치도,제주특별자치도,province,PROVINCE_CONTEXT_ONLY,1.7034068136272542,,False,0.0,CONTEXT_ONLY_NOT_CALIBRATED
1980,rs545,제주,제주노블레스관광호텔,stay,30.0,,제주특별자치도,제주특별자치도,province,PROVINCE_CONTEXT_ONLY,1.7034068136272542,,False,0.0,CONTEXT_ONLY_NOT_CALIBRATED
1981,rs546,제주,제주항공우주호텔,stay,30.0,,제주특별자치도,제주특별자치도,province,PROVINCE_CONTEXT_ONLY,1.7034068136272542,,False,0.0,CONTEXT_ONLY_NOT_CALIBRATED
1982,rs547,제주,일성제주비치콘도&리조트,stay,30.0,,제주특별자치도,제주특별자치도,province,PROVINCE_CONTEXT_ONLY,1.7034068136272542,,False,0.0,CONTEXT_ONLY_NOT_CALIBRATED
1983,rs548,제주,소노벨제주 신관,stay,30.0,,제주특별자치도,제주특별자치도,province,PROVINCE_CONTEXT_ONLY,1.7034068136272542,,False,0.0,CONTEXT_ONLY_NOT_CALIBRATED
1984,rs549,제주,제주해군호텔,stay,30.0,,제주특별자치도,제주특별자치도,province,PROVINCE_CONTEXT_ONLY,1.7034068136272542,,False,0.0,CONTEXT_ONLY_NOT_CALIBRATED
1985,rs550,제주,머큐어 앰배서더 제주,stay,30.0,,제주특별자치도,제주특별자치도,province,PROVINCE_CONTEXT_ONLY,1.7034068136272542,,False,0.0,CONTEXT_ONLY_NOT_CALIBRATED
1986,rs551,영월,느티나무캠핑장,stay,30.0,,강원특별자치도|영월군,강원특별자치도,municipality,UNIQUE_MUNICIPALITY_ALIAS,0.06412825651302605,16.379310344827587,False,0.0,CONTEXT_ONLY_NOT_CALIBRATED
1987,rs552,영월,영월키즈캠핑장,stay,30.0,,강원특별자치도|영월군,강원특별자치도,municipality,UNIQUE_MUNICIPALITY_ALIAS,0.06412825651302605,16.379310344827587,False,0.0,CONTEXT_ONLY_NOT_CALIBRATED
1988,rs553,제주,천지연크리스탈호텔,stay,30.0,,제주특별자치도,제주특별자치도,province,PROVINCE_CONTEXT_ONLY,1.7034068136272542,,False,0.0,CONTEXT_ONLY_NOT_CALIBRATED
1989,rs554,홍성,브라운도트호텔 홍성내포점,stay,30.0,,충청남도|홍성군,충청남도,municipality,UNIQUE_MUNICIPALITY_ALIAS,0.12286835934130522,33.4051724137931,False,0.0,CONTEXT_ONLY_NOT_CALIBRATED
1990,rs555,제천,하운드호텔,stay,30.0,,충청북도|제천시,충청북도,municipality,UNIQUE_MUNICIPALITY_ALIAS,0.21371414156985294,47.8448275862069,False,0.0,CONTEXT_ONLY_NOT_CALIBRATED
1991,rs556,보성,보성여관,stay,30.0,,전남광주통합특별시|보성군,전남광주통합특별시,municipality,UNIQUE_MUNICIPALITY_ALIAS,0.0572002288009152,14.224137931034482,True,0.0,CONTEXT_ONLY_NOT_CALIBRATED
1992,rs557,서울,글래드 강남 코엑스센터,stay,30.0,,서울특별시,서울특별시,province,PROVINCE_CONTEXT_ONLY,29.058116232464926,,False,0.0,CONTEXT_ONLY_NOT_CALIBRATED
1993,rs558,서울,크라운호텔,stay,30.0,,서울특별시,서울특별시,province,PROVINCE_CONTEXT_ONLY,29.058116232464926,,False,0.0,CONTEXT_ONLY_NOT_CALIBRATED
1994,rs559,서울,노을공원 노을캠핑장,stay,30.0,,서울특별시,서울특별시,province,PROVINCE_CONTEXT_ONLY,29.058116232464926,,False,0.0,CONTEXT_ONLY_NOT_CALIBRATED
1995,rs560,부산,호텔이목,stay,30.0,,부산광역시,부산광역시,province,PROVINCE_CONTEXT_ONLY,6.4128256513026045,,False,0.0,CONTEXT_ONLY_NOT_CALIBRATED
1996,rs561,서울,홀리데이 인 익스프레스 서울 홍대,stay,30.0,,서울특별시,서울특별시,province,PROVINCE_CONTEXT_ONLY,29.058116232464926,,False,0.0,CONTEXT_ONLY_NOT_CALIBRATED
1997,rs562,삼척,코아페바다,stay,30.0,,강원특별자치도|삼척시,강원특별자치도,municipality,UNIQUE_MUNICIPALITY_ALIAS,0.09619238476953906,26.724137931034484,False,0.0,CONTEXT_ONLY_NOT_CALIBRATED
1998,rs563,양주,장흥수목원펜션,stay,30.0,,경기도|양주시,경기도,municipality,UNIQUE_MUNICIPALITY_ALIAS,0.39396747356297346,66.16379310344827,False,0.0,CONTEXT_ONLY_NOT_CALIBRATED
1999,rs564,하동,3층사진관펜션,stay,30.0,,경상남도|하동군,경상남도,municipality,UNIQUE_MUNICIPALITY_ALIAS,0.06092184368737475,15.517241379310345,False,0.0,CONTEXT_ONLY_NOT_CALIBRATED
2000,na1,수원,수원화성,herit,120.0,G07,경기도|수원시,경기도,municipality,UNIQUE_MUNICIPALITY_ALIAS,2.289935940084783,98.70689655172414,False,0.0,CONTEXT_ONLY_NOT_CALIBRATED
2001,na22,수원,수원화성 국궁체험장,herit,90.0,G08,경기도|수원시,경기도,municipality,UNIQUE_MUNICIPALITY_ALIAS,2.289935940084783,98.70689655172414,False,0.0,CONTEXT_ONLY_NOT_CALIBRATED
2002,na23,수원,화홍문,herit,40.0,G08,경기도|수원시,경기도,municipality,UNIQUE_MUNICIPALITY_ALIAS,2.289935940084783,98.70689655172414,False,0.0,CONTEXT_ONLY_NOT_CALIBRATED
2003,na2,수원,수원전통문화관,herit,70.0,G08,경기도|수원시,경기도,municipality,UNIQUE_MUNICIPALITY_ALIAS,2.289935940084783,98.70689655172414,False,0.0,CONTEXT_ONLY_NOT_CALIBRATED
2004,na3,수원,행리단길,food,100.0,G07,경기도|수원시,경기도,municipality,UNIQUE_MUNICIPALITY_ALIAS,2.289935940084783,98.70689655172414,False,0.0,CONTEXT_ONLY_NOT_CALIBRATED
2005,na4,정선,정선 하이원 스키장 / 워터월드,activity,300.0,G06,강원특별자치도|정선군,강원특별자치도,municipality,UNIQUE_MUNICIPALITY_ALIAS,0.09298597194388776,25.0,False,0.0,CONTEXT_ONLY_NOT_CALIBRATED
2006,na5,정선,하이원 리조트 (동물농장 / 알파인코스터),stay,180.0,,강원특별자치도|정선군,강원특별자치도,municipality,UNIQUE_MUNICIPALITY_ALIAS,0.09298597194388776,25.0,False,0.0,CONTEXT_ONLY_NOT_CALIBRATED
2007,na6,대전,성심당,food,60.0,G01,대전광역시,대전광역시,province,PROVINCE_CONTEXT_ONLY,3.2064128256513023,,False,0.0,CONTEXT_ONLY_NOT_CALIBRATED
2008,na7a,대전,미미 제과점,food,50.0,G01,대전광역시,대전광역시,province,PROVINCE_CONTEXT_ONLY,3.2064128256513023,,False,0.0,CONTEXT_ONLY_NOT_CALIBRATED
2009,na7b,대전,파이가든,food,50.0,G01,대전광역시,대전광역시,province,PROVINCE_CONTEXT_ONLY,3.2064128256513023,,False,0.0,CONTEXT_ONLY_NOT_CALIBRATED
2010,na7c,대전,파티세리 소신,food,50.0,G01,대전광역시,대전광역시,province,PROVINCE_CONTEXT_ONLY,3.2064128256513023,,False,0.0,CONTEXT_ONLY_NOT_CALIBRATED
2011,na8,충주,충주 악어다리,heal,50.0,G04,충청북도|충주시,충청북도,municipality,UNIQUE_MUNICIPALITY_ALIAS,0.336337009683703,61.63793103448276,False,0.0,CONTEXT_ONLY_NOT_CALIBRATED
2012,na9,충주,충주 무학시장,food,60.0,G01,충청북도|충주시,충청북도,municipality,UNIQUE_MUNICIPALITY_ALIAS,0.336337009683703,61.63793103448276,False,0.0,CONTEXT_ONLY_NOT_CALIBRATED
2013,na10,동해,망상해수욕장,sea,90.0,G07,강원특별자치도|동해시,강원특별자치도,municipality,UNIQUE_MUNICIPALITY_ALIAS,0.1346693386773547,36.206896551724135,False,0.0,CONTEXT_ONLY_NOT_CALIBRATED
2014,na11,동해,동해망상해변한옥촌,stay,180.0,,강원특별자치도|동해시,강원특별자치도,municipality,UNIQUE_MUNICIPALITY_ALIAS,0.1346693386773547,36.206896551724135,False,0.0,CONTEXT_ONLY_NOT_CALIBRATED
2015,nax1,수원,광교호수공원,heal,80.0,G07,경기도|수원시,경기도,municipality,UNIQUE_MUNICIPALITY_ALIAS,2.289935940084783,98.70689655172414,False,0.0,CONTEXT_ONLY_NOT_CALIBRATED
2016,nax2,정선,정선아리랑시장,food,70.0,G01,강원특별자치도|정선군,강원특별자치도,municipality,UNIQUE_MUNICIPALITY_ALIAS,0.09298597194388776,25.0,False,0.0,CONTEXT_ONLY_NOT_CALIBRATED
2017,nax3,정선,병방치 스카이워크,activity,50.0,G02,강원특별자치도|정선군,강원특별자치도,municipality,UNIQUE_MUNICIPALITY_ALIAS,0.09298597194388776,25.0,False,0.0,CONTEXT_ONLY_NOT_CALIBRATED
2018,nax4,대전,한밭수목원,heal,80.0,G07,대전광역시,대전광역시,province,PROVINCE_CONTEXT_ONLY,3.2064128256513023,,False,0.0,CONTEXT_ONLY_NOT_CALIBRATED
2019,nax5,대전,대전 오월드,activity,180.0,G06,대전광역시,대전광역시,province,PROVINCE_CONTEXT_ONLY,3.2064128256513023,,False,0.0,CONTEXT_ONLY_NOT_CALIBRATED
2020,nax6,충주,탄금호 무지개길,heal,60.0,G04,충청북도|충주시,충청북도,municipality,UNIQUE_MUNICIPALITY_ALIAS,0.336337009683703,61.63793103448276,False,0.0,CONTEXT_ONLY_NOT_CALIBRATED
2021,nax7,충주,수안보온천,heal,90.0,G07,충청북도|충주시,충청북도,municipality,UNIQUE_MUNICIPALITY_ALIAS,0.336337009683703,61.63793103448276,False,0.0,CONTEXT_ONLY_NOT_CALIBRATED
2022,nax8,동해,추암 촛대바위,sea,50.0,G05,강원특별자치도|동해시,강원특별자치도,municipality,UNIQUE_MUNICIPALITY_ALIAS,0.1346693386773547,36.206896551724135,False,0.0,CONTEXT_ONLY_NOT_CALIBRATED
2023,nax9,동해,무릉계곡,heal,120.0,G07,강원특별자치도|동해시,강원특별자치도,municipality,UNIQUE_MUNICIPALITY_ALIAS,0.1346693386773547,36.206896551724135,False,0.0,CONTEXT_ONLY_NOT_CALIBRATED
2024,nax10,동해,묵호항,sea,50.0,G05,강원특별자치도|동해시,강원특별자치도,municipality,UNIQUE_MUNICIPALITY_ALIAS,0.1346693386773547,36.206896551724135,False,0.0,CONTEXT_ONLY_NOT_CALIBRATED
2025,nax11,동해,동쪽바다중앙시장,food,60.0,G01,강원특별자치도|동해시,강원특별자치도,municipality,UNIQUE_MUNICIPALITY_ALIAS,0.1346693386773547,36.206896551724135,False,0.0,CONTEXT_ONLY_NOT_CALIBRATED
2026,nax12,동해,도째비골 스카이밸리,activity,70.0,G02,강원특별자치도|동해시,강원특별자치도,municipality,UNIQUE_MUNICIPALITY_ALIAS,0.1346693386773547,36.206896551724135,False,0.0,CONTEXT_ONLY_NOT_CALIBRATED
2027,nax14,동해,천곡황금박쥐동굴,heal,60.0,G04,강원특별자치도|동해시,강원특별자치도,municipality,UNIQUE_MUNICIPALITY_ALIAS,0.1346693386773547,36.206896551724135,False,0.0,CONTEXT_ONLY_NOT_CALIBRATED
2028,nax15,동해,한섬해변,sea,50.0,G05,강원특별자치도|동해시,강원특별자치도,municipality,UNIQUE_MUNICIPALITY_ALIAS,0.1346693386773547,36.206896551724135,False,0.0,CONTEXT_ONLY_NOT_CALIBRATED
2029,nax16,동해,추암해변,sea,50.0,G05,강원특별자치도|동해시,강원특별자치도,municipality,UNIQUE_MUNICIPALITY_ALIAS,0.1346693386773547,36.206896551724135,False,0.0,CONTEXT_ONLY_NOT_CALIBRATED
2030,nax17,대전,엑스포과학공원 한빛탑,activity,70.0,G02,대전광역시,대전광역시,province,PROVINCE_CONTEXT_ONLY,3.2064128256513023,,False,0.0,CONTEXT_ONLY_NOT_CALIBRATED
2031,nax18,대전,국립중앙과학관,activity,110.0,G03,대전광역시,대전광역시,province,PROVINCE_CONTEXT_ONLY,3.2064128256513023,,False,0.0,CONTEXT_ONLY_NOT_CALIBRATED
2032,nax19,대전,계족산 황톳길,heal,120.0,G07,대전광역시,대전광역시,province,PROVINCE_CONTEXT_ONLY,3.2064128256513023,,False,0.0,CONTEXT_ONLY_NOT_CALIBRATED
2033,nax20,대전,대청호 오백리길,heal,100.0,G07,대전광역시,대전광역시,province,PROVINCE_CONTEXT_ONLY,3.2064128256513023,,False,0.0,CONTEXT_ONLY_NOT_CALIBRATED
2034,nax21,대전,으능정이 스카이로드,food,60.0,G01,대전광역시,대전광역시,province,PROVINCE_CONTEXT_ONLY,3.2064128256513023,,False,0.0,CONTEXT_ONLY_NOT_CALIBRATED
2035,nax22,대전,뿌리공원,heal,70.0,G04,대전광역시,대전광역시,province,PROVINCE_CONTEXT_ONLY,3.2064128256513023,,False,0.0,CONTEXT_ONLY_NOT_CALIBRATED
2036,nax23,수원,화성행궁,herit,80.0,G08,경기도|수원시,경기도,municipality,UNIQUE_MUNICIPALITY_ALIAS,2.289935940084783,98.70689655172414,False,0.0,CONTEXT_ONLY_NOT_CALIBRATED
2037,nax24,수원,수원화성박물관,herit,70.0,G08,경기도|수원시,경기도,municipality,UNIQUE_MUNICIPALITY_ALIAS,2.289935940084783,98.70689655172414,False,0.0,CONTEXT_ONLY_NOT_CALIBRATED
2038,nax25,수원,팔달문시장,food,60.0,G01,경기도|수원시,경기도,municipality,UNIQUE_MUNICIPALITY_ALIAS,2.289935940084783,98.70689655172414,False,0.0,CONTEXT_ONLY_NOT_CALIBRATED
2039,nax26,수원,월화원,heal,40.0,G04,경기도|수원시,경기도,municipality,UNIQUE_MUNICIPALITY_ALIAS,2.289935940084783,98.70689655172414,False,0.0,CONTEXT_ONLY_NOT_CALIBRATED
2040,nax27,수원,수원 스타필드,food,90.0,G01,경기도|수원시,경기도,municipality,UNIQUE_MUNICIPALITY_ALIAS,2.289935940084783,98.70689655172414,False,0.0,CONTEXT_ONLY_NOT_CALIBRATED
2041,nax28,수원,광교 갤러리아,activity,60.0,G02,경기도|수원시,경기도,municipality,UNIQUE_MUNICIPALITY_ALIAS,2.289935940084783,98.70689655172414,False,0.0,CONTEXT_ONLY_NOT_CALIBRATED
2042,nax29,정선,정선 5일장,food,80.0,G01,강원특별자치도|정선군,강원특별자치도,municipality,UNIQUE_MUNICIPALITY_ALIAS,0.09298597194388776,25.0,False,0.0,CONTEXT_ONLY_NOT_CALIBRATED
2043,nax30,정선,화암동굴,heal,90.0,G07,강원특별자치도|정선군,강원특별자치도,municipality,UNIQUE_MUNICIPALITY_ALIAS,0.09298597194388776,25.0,False,0.0,CONTEXT_ONLY_NOT_CALIBRATED
2044,nax31,정선,아우라지,heal,50.0,G04,강원특별자치도|정선군,강원특별자치도,municipality,UNIQUE_MUNICIPALITY_ALIAS,0.09298597194388776,25.0,False,0.0,CONTEXT_ONLY_NOT_CALIBRATED
2045,nax32,정선,정암사,herit,50.0,G08,강원특별자치도|정선군,강원특별자치도,municipality,UNIQUE_MUNICIPALITY_ALIAS,0.09298597194388776,25.0,False,0.0,CONTEXT_ONLY_NOT_CALIBRATED
2046,nax33,정선,삼탄아트마인,activity,90.0,G03,강원특별자치도|정선군,강원특별자치도,municipality,UNIQUE_MUNICIPALITY_ALIAS,0.09298597194388776,25.0,False,0.0,CONTEXT_ONLY_NOT_CALIBRATED
2047,nax34,정선,레일바이크 (구절리~아우라지),activity,90.0,G03,강원특별자치도|정선군,강원특별자치도,municipality,UNIQUE_MUNICIPALITY_ALIAS,0.09298597194388776,25.0,False,0.0,CONTEXT_ONLY_NOT_CALIBRATED
2048,nax35,충주,중앙탑공원,herit,60.0,G08,충청북도|충주시,충청북도,municipality,UNIQUE_MUNICIPALITY_ALIAS,0.336337009683703,61.63793103448276,False,0.0,CONTEXT_ONLY_NOT_CALIBRATED
2049,nax36,충주,충주 고구려비 전시관,herit,50.0,G08,충청북도|충주시,충청북도,municipality,UNIQUE_MUNICIPALITY_ALIAS,0.336337009683703,61.63793103448276,False,0.0,CONTEXT_ONLY_NOT_CALIBRATED
2050,nax37,충주,충주호 유람선 (충주나루),activity,90.0,G03,충청북도|충주시,충청북도,municipality,UNIQUE_MUNICIPALITY_ALIAS,0.336337009683703,61.63793103448276,False,0.0,CONTEXT_ONLY_NOT_CALIBRATED
2051,nax38,충주,미륵대원지,herit,50.0,G08,충청북도|충주시,충청북도,municipality,UNIQUE_MUNICIPALITY_ALIAS,0.336337009683703,61.63793103448276,False,0.0,CONTEXT_ONLY_NOT_CALIBRATED
2052,nax39,충주,활옥동굴,activity,70.0,G02,충청북도|충주시,충청북도,municipality,UNIQUE_MUNICIPALITY_ALIAS,0.336337009683703,61.63793103448276,False,0.0,CONTEXT_ONLY_NOT_CALIBRATED
2053,nax40,충주,충주 라이트월드,activity,80.0,G03,충청북도|충주시,충청북도,municipality,UNIQUE_MUNICIPALITY_ALIAS,0.336337009683703,61.63793103448276,False,0.0,CONTEXT_ONLY_NOT_CALIBRATED
2054,nax101,대구,서문시장,food,70.0,G01,대구광역시,대구광역시,province,PROVINCE_CONTEXT_ONLY,3.707414829659318,,False,0.0,CONTEXT_ONLY_NOT_CALIBRATED
2055,nax102,대구,동성로,food,80.0,G01,대구광역시,대구광역시,province,PROVINCE_CONTEXT_ONLY,3.707414829659318,,False,0.0,CONTEXT_ONLY_NOT_CALIBRATED
2056,nax103,대구,김광석다시그리기길,activity,60.0,G02,대구광역시,대구광역시,province,PROVINCE_CONTEXT_ONLY,3.707414829659318,,False,0.0,CONTEXT_ONLY_NOT_CALIBRATED
2057,nax104,대구,앞산전망대,heal,90.0,G07,대구광역시,대구광역시,province,PROVINCE_CONTEXT_ONLY,3.707414829659318,,False,0.0,CONTEXT_ONLY_NOT_CALIBRATED
2058,nax105,대구,이월드 83타워,activity,150.0,G06,대구광역시,대구광역시,province,PROVINCE_CONTEXT_ONLY,3.707414829659318,,False,0.0,CONTEXT_ONLY_NOT_CALIBRATED
2059,nax106,대구,팔공산 동화사,herit,90.0,G08,대구광역시,대구광역시,province,PROVINCE_CONTEXT_ONLY,3.707414829659318,,False,0.0,CONTEXT_ONLY_NOT_CALIBRATED
2060,nax107,대구,국립대구박물관,herit,80.0,G08,대구광역시,대구광역시,province,PROVINCE_CONTEXT_ONLY,3.707414829659318,,False,0.0,CONTEXT_ONLY_NOT_CALIBRATED
2061,nax108,대구,수성못,heal,60.0,G04,대구광역시,대구광역시,province,PROVINCE_CONTEXT_ONLY,3.707414829659318,,False,0.0,CONTEXT_ONLY_NOT_CALIBRATED
2062,nax109,전주,전주한옥마을,herit,120.0,G07,전북특별자치도|전주시,전북특별자치도,municipality,UNIQUE_MUNICIPALITY_ALIAS,0.7384769539078156,86.20689655172414,False,0.0,CONTEXT_ONLY_NOT_CALIBRATED
2063,nax110,전주,경기전,herit,60.0,G08,전북특별자치도|전주시,전북특별자치도,municipality,UNIQUE_MUNICIPALITY_ALIAS,0.7384769539078156,86.20689655172414,False,0.0,CONTEXT_ONLY_NOT_CALIBRATED
2064,nax111,전주,전동성당,herit,40.0,G08,전북특별자치도|전주시,전북특별자치도,municipality,UNIQUE_MUNICIPALITY_ALIAS,0.7384769539078156,86.20689655172414,False,0.0,CONTEXT_ONLY_NOT_CALIBRATED
2065,nax112,전주,자만벽화마을,activity,50.0,G02,전북특별자치도|전주시,전북특별자치도,municipality,UNIQUE_MUNICIPALITY_ALIAS,0.7384769539078156,86.20689655172414,False,0.0,CONTEXT_ONLY_NOT_CALIBRATED
2066,nax113,전주,남부시장,food,70.0,G01,전북특별자치도|전주시,전북특별자치도,municipality,UNIQUE_MUNICIPALITY_ALIAS,0.7384769539078156,86.20689655172414,False,0.0,CONTEXT_ONLY_NOT_CALIBRATED
2067,nax114,전주,오목대,herit,40.0,G08,전북특별자치도|전주시,전북특별자치도,municipality,UNIQUE_MUNICIPALITY_ALIAS,0.7384769539078156,86.20689655172414,False,0.0,CONTEXT_ONLY_NOT_CALIBRATED
2068,nax115,전주,전주향교,herit,50.0,G08,전북특별자치도|전주시,전북특별자치도,municipality,UNIQUE_MUNICIPALITY_ALIAS,0.7384769539078156,86.20689655172414,False,0.0,CONTEXT_ONLY_NOT_CALIBRATED
2069,nax116,전주,덕진공원,heal,60.0,G04,전북특별자치도|전주시,전북특별자치도,municipality,UNIQUE_MUNICIPALITY_ALIAS,0.7384769539078156,86.20689655172414,False,0.0,CONTEXT_ONLY_NOT_CALIBRATED
2070,nax117,강릉,경포해변,sea,80.0,G05,강원특별자치도|강릉시,강원특별자치도,municipality,UNIQUE_MUNICIPALITY_ALIAS,0.5098196392785571,72.84482758620689,False,0.0,CONTEXT_ONLY_NOT_CALIBRATED
2071,nax118,강릉,강릉중앙시장,food,60.0,G01,강원특별자치도|강릉시,강원특별자치도,municipality,UNIQUE_MUNICIPALITY_ALIAS,0.5098196392785571,72.84482758620689,False,0.0,CONTEXT_ONLY_NOT_CALIBRATED
2072,nax119,강릉,안목해변 커피거리,food,70.0,G01,강원특별자치도|강릉시,강원특별자치도,municipality,UNIQUE_MUNICIPALITY_ALIAS,0.5098196392785571,72.84482758620689,False,0.0,CONTEXT_ONLY_NOT_CALIBRATED
2073,nax120,강릉,오죽헌,herit,70.0,G08,강원특별자치도|강릉시,강원특별자치도,municipality,UNIQUE_MUNICIPALITY_ALIAS,0.5098196392785571,72.84482758620689,False,0.0,CONTEXT_ONLY_NOT_CALIBRATED
2074,nax121,강릉,정동진,sea,60.0,G05,강원특별자치도|강릉시,강원특별자치도,municipality,UNIQUE_MUNICIPALITY_ALIAS,0.5098196392785571,72.84482758620689,False,0.0,CONTEXT_ONLY_NOT_CALIBRATED
2075,nax122,강릉,선교장,herit,60.0,G08,강원특별자치도|강릉시,강원특별자치도,municipality,UNIQUE_MUNICIPALITY_ALIAS,0.5098196392785571,72.84482758620689,False,0.0,CONTEXT_ONLY_NOT_CALIBRATED
2076,nax123,강릉,주문진항,food,60.0,G01,강원특별자치도|강릉시,강원특별자치도,municipality,UNIQUE_MUNICIPALITY_ALIAS,0.5098196392785571,72.84482758620689,False,0.0,CONTEXT_ONLY_NOT_CALIBRATED
2077,nax124,강릉,경포호,heal,60.0,G04,강원특별자치도|강릉시,강원특별자치도,municipality,UNIQUE_MUNICIPALITY_ALIAS,0.5098196392785571,72.84482758620689,False,0.0,CONTEXT_ONLY_NOT_CALIBRATED
2078,nax125,여수,오동도,sea,80.0,G05,전남광주통합특별시|여수시,전남광주통합특별시,municipality,UNIQUE_MUNICIPALITY_ALIAS,0.3432013728054912,62.93103448275862,True,0.0,CONTEXT_ONLY_NOT_CALIBRATED
2079,nax126,여수,향일암,herit,90.0,G08,전남광주통합특별시|여수시,전남광주통합특별시,municipality,UNIQUE_MUNICIPALITY_ALIAS,0.3432013728054912,62.93103448275862,True,0.0,CONTEXT_ONLY_NOT_CALIBRATED
2080,nax127,여수,여수해상케이블카,activity,70.0,G02,전남광주통합특별시|여수시,전남광주통합특별시,municipality,UNIQUE_MUNICIPALITY_ALIAS,0.3432013728054912,62.93103448275862,True,0.0,CONTEXT_ONLY_NOT_CALIBRATED
2081,nax128,여수,이순신광장,herit,40.0,G08,전남광주통합특별시|여수시,전남광주통합특별시,municipality,UNIQUE_MUNICIPALITY_ALIAS,0.3432013728054912,62.93103448275862,True,0.0,CONTEXT_ONLY_NOT_CALIBRATED
2082,nax129,여수,진남관,herit,50.0,G08,전남광주통합특별시|여수시,전남광주통합특별시,municipality,UNIQUE_MUNICIPALITY_ALIAS,0.3432013728054912,62.93103448275862,True,0.0,CONTEXT_ONLY_NOT_CALIBRATED
2083,nax130,여수,돌산공원,heal,50.0,G04,전남광주통합특별시|여수시,전남광주통합특별시,municipality,UNIQUE_MUNICIPALITY_ALIAS,0.3432013728054912,62.93103448275862,True,0.0,CONTEXT_ONLY_NOT_CALIBRATED
2084,nax131,여수,낭만포차거리,food,70.0,G01,전남광주통합특별시|여수시,전남광주통합특별시,municipality,UNIQUE_MUNICIPALITY_ALIAS,0.3432013728054912,62.93103448275862,True,0.0,CONTEXT_ONLY_NOT_CALIBRATED
2085,nax132,여수,여수해양공원,heal,50.0,G04,전남광주통합특별시|여수시,전남광주통합특별시,municipality,UNIQUE_MUNICIPALITY_ALIAS,0.3432013728054912,62.93103448275862,True,0.0,CONTEXT_ONLY_NOT_CALIBRATED
2086,nax133,통영,동피랑벽화마을,activity,60.0,G02,경상남도|통영시,경상남도,municipality,UNIQUE_MUNICIPALITY_ALIAS,0.13326653306613226,35.3448275862069,False,0.0,CONTEXT_ONLY_NOT_CALIBRATED
2087,nax134,통영,통영중앙시장,food,60.0,G01,경상남도|통영시,경상남도,municipality,UNIQUE_MUNICIPALITY_ALIAS,0.13326653306613226,35.3448275862069,False,0.0,CONTEXT_ONLY_NOT_CALIBRATED
2088,nax135,통영,한려수도 조망케이블카,activity,90.0,G03,경상남도|통영시,경상남도,municipality,UNIQUE_MUNICIPALITY_ALIAS,0.13326653306613226,35.3448275862069,False,0.0,CONTEXT_ONLY_NOT_CALIBRATED
2089,nax136,통영,이순신공원,heal,60.0,G04,경상남도|통영시,경상남도,municipality,UNIQUE_MUNICIPALITY_ALIAS,0.13326653306613226,35.3448275862069,False,0.0,CONTEXT_ONLY_NOT_CALIBRATED
2090,nax137,통영,달아공원,sea,50.0,G05,경상남도|통영시,경상남도,municipality,UNIQUE_MUNICIPALITY_ALIAS,0.13326653306613226,35.3448275862069,False,0.0,CONTEXT_ONLY_NOT_CALIBRATED
2091,nax138,통영,삼도수군통제영,herit,70.0,G08,경상남도|통영시,경상남도,municipality,UNIQUE_MUNICIPALITY_ALIAS,0.13326653306613226,35.3448275862069,False,0.0,CONTEXT_ONLY_NOT_CALIBRATED
2092,nax139,통영,통영해저터널,herit,40.0,G08,경상남도|통영시,경상남도,municipality,UNIQUE_MUNICIPALITY_ALIAS,0.13326653306613226,35.3448275862069,False,0.0,CONTEXT_ONLY_NOT_CALIBRATED
2093,nax140,통영,강구안,heal,50.0,G04,경상남도|통영시,경상남도,municipality,UNIQUE_MUNICIPALITY_ALIAS,0.13326653306613226,35.3448275862069,False,0.0,CONTEXT_ONLY_NOT_CALIBRATED
2094,nax141,속초,속초관광수산시장,food,70.0,G01,강원특별자치도|속초시,강원특별자치도,municipality,UNIQUE_MUNICIPALITY_ALIAS,0.38797595190380757,65.51724137931035,False,0.0,CONTEXT_ONLY_NOT_CALIBRATED
2095,nax142,속초,영금정,sea,40.0,G05,강원특별자치도|속초시,강원특별자치도,municipality,UNIQUE_MUNICIPALITY_ALIAS,0.38797595190380757,65.51724137931035,False,0.0,CONTEXT_ONLY_NOT_CALIBRATED
2096,nax143,속초,아바이마을,herit,60.0,G08,강원특별자치도|속초시,강원특별자치도,municipality,UNIQUE_MUNICIPALITY_ALIAS,0.38797595190380757,65.51724137931035,False,0.0,CONTEXT_ONLY_NOT_CALIBRATED
2097,nax144,속초,속초해수욕장,sea,70.0,G05,강원특별자치도|속초시,강원특별자치도,municipality,UNIQUE_MUNICIPALITY_ALIAS,0.38797595190380757,65.51724137931035,False,0.0,CONTEXT_ONLY_NOT_CALIBRATED
2098,nax145,속초,설악산 소공원,heal,180.0,G06,강원특별자치도|속초시,강원특별자치도,municipality,UNIQUE_MUNICIPALITY_ALIAS,0.38797595190380757,65.51724137931035,False,0.0,CONTEXT_ONLY_NOT_CALIBRATED
2099,nax146,속초,청초호수공원,heal,50.0,G04,강원특별자치도|속초시,강원특별자치도,municipality,UNIQUE_MUNICIPALITY_ALIAS,0.38797595190380757,65.51724137931035,False,0.0,CONTEXT_ONLY_NOT_CALIBRATED
2100,nax147,속초,대포항,food,60.0,G01,강원특별자치도|속초시,강원특별자치도,municipality,UNIQUE_MUNICIPALITY_ALIAS,0.38797595190380757,65.51724137931035,False,0.0,CONTEXT_ONLY_NOT_CALIBRATED
2101,nax148,속초,외옹치 바다향기로,sea,60.0,G05,강원특별자치도|속초시,강원특별자치도,municipality,UNIQUE_MUNICIPALITY_ALIAS,0.38797595190380757,65.51724137931035,False,0.0,CONTEXT_ONLY_NOT_CALIBRATED
2102,nax149,철원,고석정,heal,60.0,G04,강원특별자치도|철원군,강원특별자치도,municipality,UNIQUE_MUNICIPALITY_ALIAS,0.04168336673346693,9.913793103448276,False,0.0,CONTEXT_ONLY_NOT_CALIBRATED
2103,nax150,철원,한탄강 물윗길,activity,120.0,G03,강원특별자치도|철원군,강원특별자치도,municipality,UNIQUE_MUNICIPALITY_ALIAS,0.04168336673346693,9.913793103448276,False,0.0,CONTEXT_ONLY_NOT_CALIBRATED
2104,nax151,철원,철원 노동당사,herit,40.0,G08,강원특별자치도|철원군,강원특별자치도,municipality,UNIQUE_MUNICIPALITY_ALIAS,0.04168336673346693,9.913793103448276,False,0.0,CONTEXT_ONLY_NOT_CALIBRATED
2105,nax152,철원,제2땅굴,herit,60.0,G08,강원특별자치도|철원군,강원특별자치도,municipality,UNIQUE_MUNICIPALITY_ALIAS,0.04168336673346693,9.913793103448276,False,0.0,CONTEXT_ONLY_NOT_CALIBRATED
2106,nax153,철원,철원평화전망대,heal,60.0,G04,강원특별자치도|철원군,강원특별자치도,municipality,UNIQUE_MUNICIPALITY_ALIAS,0.04168336673346693,9.913793103448276,False,0.0,CONTEXT_ONLY_NOT_CALIBRATED
2107,nax154,철원,삼부연폭포,heal,40.0,G04,강원특별자치도|철원군,강원특별자치도,municipality,UNIQUE_MUNICIPALITY_ALIAS,0.04168336673346693,9.913793103448276,False,0.0,CONTEXT_ONLY_NOT_CALIBRATED
2108,nax155,철원,직탕폭포,heal,40.0,G04,강원특별자치도|철원군,강원특별자치도,municipality,UNIQUE_MUNICIPALITY_ALIAS,0.04168336673346693,9.913793103448276,False,0.0,CONTEXT_ONLY_NOT_CALIBRATED
2109,nax156,철원,한탄강 은하수교,activity,50.0,G02,강원특별자치도|철원군,강원특별자치도,municipality,UNIQUE_MUNICIPALITY_ALIAS,0.04168336673346693,9.913793103448276,False,0.0,CONTEXT_ONLY_NOT_CALIBRATED
2110,nax157,안동,안동하회마을,herit,120.0,G07,경상북도|안동시,경상북도,municipality,UNIQUE_MUNICIPALITY_ALIAS,0.16936970844786475,43.53448275862069,False,0.0,CONTEXT_ONLY_NOT_CALIBRATED
2111,nax158,안동,부용대,heal,50.0,G04,경상북도|안동시,경상북도,municipality,UNIQUE_MUNICIPALITY_ALIAS,0.16936970844786475,43.53448275862069,False,0.0,CONTEXT_ONLY_NOT_CALIBRATED
2112,nax159,안동,월영교,heal,50.0,G04,경상북도|안동시,경상북도,municipality,UNIQUE_MUNICIPALITY_ALIAS,0.16936970844786475,43.53448275862069,False,0.0,CONTEXT_ONLY_NOT_CALIBRATED
2113,nax160,안동,도산서원,herit,80.0,G08,경상북도|안동시,경상북도,municipality,UNIQUE_MUNICIPALITY_ALIAS,0.16936970844786475,43.53448275862069,False,0.0,CONTEXT_ONLY_NOT_CALIBRATED
2114,nax161,안동,안동구시장 찜닭골목,food,60.0,G01,경상북도|안동시,경상북도,municipality,UNIQUE_MUNICIPALITY_ALIAS,0.16936970844786475,43.53448275862069,False,0.0,CONTEXT_ONLY_NOT_CALIBRATED
2115,nax162,안동,병산서원,herit,70.0,G08,경상북도|안동시,경상북도,municipality,UNIQUE_MUNICIPALITY_ALIAS,0.16936970844786475,43.53448275862069,False,0.0,CONTEXT_ONLY_NOT_CALIBRATED
2116,nax163,안동,안동민속촌,herit,60.0,G08,경상북도|안동시,경상북도,municipality,UNIQUE_MUNICIPALITY_ALIAS,0.16936970844786475,43.53448275862069,False,0.0,CONTEXT_ONLY_NOT_CALIBRATED
2117,nax164,안동,임청각,herit,50.0,G08,경상북도|안동시,경상북도,municipality,UNIQUE_MUNICIPALITY_ALIAS,0.16936970844786475,43.53448275862069,False,0.0,CONTEXT_ONLY_NOT_CALIBRATED
2118,nax165,인천,인천 차이나타운,food,70.0,G01,인천광역시,인천광역시,province,PROVINCE_CONTEXT_ONLY,5.310621242484969,,True,0.0,CONTEXT_ONLY_NOT_CALIBRATED
2119,nax166,인천,송월동 동화마을,activity,50.0,G02,인천광역시,인천광역시,province,PROVINCE_CONTEXT_ONLY,5.310621242484969,,True,0.0,CONTEXT_ONLY_NOT_CALIBRATED
2120,nax167,인천,월미도,heal,90.0,G07,인천광역시,인천광역시,province,PROVINCE_CONTEXT_ONLY,5.310621242484969,,True,0.0,CONTEXT_ONLY_NOT_CALIBRATED
2121,nax168,인천,인천 개항장 거리,herit,70.0,G08,인천광역시,인천광역시,province,PROVINCE_CONTEXT_ONLY,5.310621242484969,,True,0.0,CONTEXT_ONLY_NOT_CALIBRATED
2122,nax169,인천,소래포구,food,70.0,G01,인천광역시,인천광역시,province,PROVINCE_CONTEXT_ONLY,5.310621242484969,,True,0.0,CONTEXT_ONLY_NOT_CALIBRATED
2123,nax170,인천,송도 센트럴파크,heal,70.0,G04,인천광역시,인천광역시,province,PROVINCE_CONTEXT_ONLY,5.310621242484969,,True,0.0,CONTEXT_ONLY_NOT_CALIBRATED
2124,nax171,인천,강화 고인돌 유적,herit,60.0,G08,인천광역시,인천광역시,province,PROVINCE_CONTEXT_ONLY,5.310621242484969,,True,0.0,CONTEXT_ONLY_NOT_CALIBRATED
2125,nax172,인천,을왕리해수욕장,sea,80.0,G05,인천광역시,인천광역시,province,PROVINCE_CONTEXT_ONLY,5.310621242484969,,True,0.0,CONTEXT_ONLY_NOT_CALIBRATED
2126,nax181,인천,인천대공원,heal,90.0,G07,인천광역시,인천광역시,province,PROVINCE_CONTEXT_ONLY,5.310621242484969,,True,0.0,CONTEXT_ONLY_NOT_CALIBRATED
2127,nax182,인천,자유공원,herit,50.0,G08,인천광역시,인천광역시,province,PROVINCE_CONTEXT_ONLY,5.310621242484969,,True,0.0,CONTEXT_ONLY_NOT_CALIBRATED
2128,nax183,인천,인천상륙작전기념관,herit,70.0,G08,인천광역시,인천광역시,province,PROVINCE_CONTEXT_ONLY,5.310621242484969,,True,0.0,CONTEXT_ONLY_NOT_CALIBRATED
2129,nax184,인천,강화 전등사,herit,80.0,G08,인천광역시,인천광역시,province,PROVINCE_CONTEXT_ONLY,5.310621242484969,,True,0.0,CONTEXT_ONLY_NOT_CALIBRATED
2130,nax185,인천,강화 마니산,heal,180.0,G06,인천광역시,인천광역시,province,PROVINCE_CONTEXT_ONLY,5.310621242484969,,True,0.0,CONTEXT_ONLY_NOT_CALIBRATED
2131,nax186,인천,강화 광성보,herit,60.0,G08,인천광역시,인천광역시,province,PROVINCE_CONTEXT_ONLY,5.310621242484969,,True,0.0,CONTEXT_ONLY_NOT_CALIBRATED
2132,nax187,인천,정서진,sea,50.0,G05,인천광역시,인천광역시,province,PROVINCE_CONTEXT_ONLY,5.310621242484969,,True,0.0,CONTEXT_ONLY_NOT_CALIBRATED
2133,nax188,인천,배다리 헌책방거리,activity,50.0,G02,인천광역시,인천광역시,province,PROVINCE_CONTEXT_ONLY,5.310621242484969,,True,0.0,CONTEXT_ONLY_NOT_CALIBRATED
2134,nax189,인천,신포국제시장,food,60.0,G01,인천광역시,인천광역시,province,PROVINCE_CONTEXT_ONLY,5.310621242484969,,True,0.0,CONTEXT_ONLY_NOT_CALIBRATED
2135,nax190,인천,인천 아트플랫폼,activity,60.0,G02,인천광역시,인천광역시,province,PROVINCE_CONTEXT_ONLY,5.310621242484969,,True,0.0,CONTEXT_ONLY_NOT_CALIBRATED
2136,nax191,인천,수도국산달동네박물관,herit,50.0,G08,인천광역시,인천광역시,province,PROVINCE_CONTEXT_ONLY,5.310621242484969,,True,0.0,CONTEXT_ONLY_NOT_CALIBRATED
2137,nax192,인천,영종도 구읍뱃터,sea,50.0,G05,인천광역시,인천광역시,province,PROVINCE_CONTEXT_ONLY,5.310621242484969,,True,0.0,CONTEXT_ONLY_NOT_CALIBRATED
2138,nax193,인천,무의도 하나개해수욕장,sea,90.0,G07,인천광역시,인천광역시,province,PROVINCE_CONTEXT_ONLY,5.310621242484969,,True,0.0,CONTEXT_ONLY_NOT_CALIBRATED
2139,nax194,인천,청라호수공원,heal,60.0,G04,인천광역시,인천광역시,province,PROVINCE_CONTEXT_ONLY,5.310621242484969,,True,0.0,CONTEXT_ONLY_NOT_CALIBRATED
2140,nax201,진주,진주성,herit,80.0,G08,경상남도|진주시,경상남도,municipality,UNIQUE_MUNICIPALITY_ALIAS,0.2284569138276553,49.13793103448276,False,0.0,CONTEXT_ONLY_NOT_CALIBRATED
2141,nax202,진주,촉석루,herit,40.0,G08,경상남도|진주시,경상남도,municipality,UNIQUE_MUNICIPALITY_ALIAS,0.2284569138276553,49.13793103448276,False,0.0,CONTEXT_ONLY_NOT_CALIBRATED
2142,nax203,진주,진주 남강,heal,50.0,G04,경상남도|진주시,경상남도,municipality,UNIQUE_MUNICIPALITY_ALIAS,0.2284569138276553,49.13793103448276,False,0.0,CONTEXT_ONLY_NOT_CALIBRATED
2143,nax204,진주,국립진주박물관,herit,70.0,G08,경상남도|진주시,경상남도,municipality,UNIQUE_MUNICIPALITY_ALIAS,0.2284569138276553,49.13793103448276,False,0.0,CONTEXT_ONLY_NOT_CALIBRATED
2144,nax205,진주,진주중앙시장,food,60.0,G01,경상남도|진주시,경상남도,municipality,UNIQUE_MUNICIPALITY_ALIAS,0.2284569138276553,49.13793103448276,False,0.0,CONTEXT_ONLY_NOT_CALIBRATED
2145,nax206,진주,월아산 숲속의 진주,heal,80.0,G07,경상남도|진주시,경상남도,municipality,UNIQUE_MUNICIPALITY_ALIAS,0.2284569138276553,49.13793103448276,False,0.0,CONTEXT_ONLY_NOT_CALIBRATED
2146,nax207,순천,순천만습지,heal,100.0,G07,전남광주통합특별시|순천시,전남광주통합특별시,municipality,UNIQUE_MUNICIPALITY_ALIAS,0.2728010912043648,55.172413793103445,True,0.0,CONTEXT_ONLY_NOT_CALIBRATED
2147,nax208,순천,순천만국가정원,heal,120.0,G07,전남광주통합특별시|순천시,전남광주통합특별시,municipality,UNIQUE_MUNICIPALITY_ALIAS,0.2728010912043648,55.172413793103445,True,0.0,CONTEXT_ONLY_NOT_CALIBRATED
2148,nax209,순천,낙안읍성,herit,80.0,G08,전남광주통합특별시|순천시,전남광주통합특별시,municipality,UNIQUE_MUNICIPALITY_ALIAS,0.2728010912043648,55.172413793103445,True,0.0,CONTEXT_ONLY_NOT_CALIBRATED
2149,nax210,순천,선암사,herit,80.0,G08,전남광주통합특별시|순천시,전남광주통합특별시,municipality,UNIQUE_MUNICIPALITY_ALIAS,0.2728010912043648,55.172413793103445,True,0.0,CONTEXT_ONLY_NOT_CALIBRATED
2150,nax211,순천,순천 드라마촬영장,activity,70.0,G02,전남광주통합특별시|순천시,전남광주통합특별시,municipality,UNIQUE_MUNICIPALITY_ALIAS,0.2728010912043648,55.172413793103445,True,0.0,CONTEXT_ONLY_NOT_CALIBRATED
2151,nax212,순천,와온해변,sea,50.0,G05,전남광주통합특별시|순천시,전남광주통합특별시,municipality,UNIQUE_MUNICIPALITY_ALIAS,0.2728010912043648,55.172413793103445,True,0.0,CONTEXT_ONLY_NOT_CALIBRATED
2152,nax213,목포,목포근대역사관,herit,60.0,G08,전남광주통합특별시|목포시,전남광주통합특별시,municipality,UNIQUE_MUNICIPALITY_ALIAS,0.2596010384041536,53.01724137931034,True,0.0,CONTEXT_ONLY_NOT_CALIBRATED
2153,nax214,목포,유달산,heal,90.0,G07,전남광주통합특별시|목포시,전남광주통합특별시,municipality,UNIQUE_MUNICIPALITY_ALIAS,0.2596010384041536,53.01724137931034,True,0.0,CONTEXT_ONLY_NOT_CALIBRATED
2154,nax215,목포,목포해상케이블카,activity,80.0,G03,전남광주통합특별시|목포시,전남광주통합특별시,municipality,UNIQUE_MUNICIPALITY_ALIAS,0.2596010384041536,53.01724137931034,True,0.0,CONTEXT_ONLY_NOT_CALIBRATED
2155,nax216,목포,갓바위,sea,50.0,G05,전남광주통합특별시|목포시,전남광주통합특별시,municipality,UNIQUE_MUNICIPALITY_ALIAS,0.2596010384041536,53.01724137931034,True,0.0,CONTEXT_ONLY_NOT_CALIBRATED
2156,nax217,목포,국립해양유물전시관,herit,80.0,G08,전남광주통합특별시|목포시,전남광주통합특별시,municipality,UNIQUE_MUNICIPALITY_ALIAS,0.2596010384041536,53.01724137931034,True,0.0,CONTEXT_ONLY_NOT_CALIBRATED
2157,nax218,목포,목포 항구포차,food,60.0,G01,전남광주통합특별시|목포시,전남광주통합특별시,municipality,UNIQUE_MUNICIPALITY_ALIAS,0.2596010384041536,53.01724137931034,True,0.0,CONTEXT_ONLY_NOT_CALIBRATED
2158,nax219,영주,부석사,herit,90.0,G08,경상북도|영주시,경상북도,municipality,UNIQUE_MUNICIPALITY_ALIAS,0.07567582717883319,20.689655172413794,False,0.0,CONTEXT_ONLY_NOT_CALIBRATED
2159,nax220,영주,소수서원,herit,70.0,G08,경상북도|영주시,경상북도,municipality,UNIQUE_MUNICIPALITY_ALIAS,0.07567582717883319,20.689655172413794,False,0.0,CONTEXT_ONLY_NOT_CALIBRATED
2160,nax221,영주,무섬마을,herit,70.0,G08,경상북도|영주시,경상북도,municipality,UNIQUE_MUNICIPALITY_ALIAS,0.07567582717883319,20.689655172413794,False,0.0,CONTEXT_ONLY_NOT_CALIBRATED
2161,nax222,영주,선비촌,herit,60.0,G08,경상북도|영주시,경상북도,municipality,UNIQUE_MUNICIPALITY_ALIAS,0.07567582717883319,20.689655172413794,False,0.0,CONTEXT_ONLY_NOT_CALIBRATED
2162,nax223,영주,순흥벽화고분,herit,40.0,G08,경상북도|영주시,경상북도,municipality,UNIQUE_MUNICIPALITY_ALIAS,0.07567582717883319,20.689655172413794,False,0.0,CONTEXT_ONLY_NOT_CALIBRATED
2163,nax224,포항,호미곶 해맞이광장,sea,70.0,G05,경상북도|포항시,경상북도,municipality,UNIQUE_MUNICIPALITY_ALIAS,0.5981993957945861,78.01724137931035,False,0.0,CONTEXT_ONLY_NOT_CALIBRATED
2164,nax225,포항,영일대해수욕장,sea,70.0,G05,경상북도|포항시,경상북도,municipality,UNIQUE_MUNICIPALITY_ALIAS,0.5981993957945861,78.01724137931035,False,0.0,CONTEXT_ONLY_NOT_CALIBRATED
2165,nax226,포항,죽도시장,food,70.0,G01,경상북도|포항시,경상북도,municipality,UNIQUE_MUNICIPALITY_ALIAS,0.5981993957945861,78.01724137931035,False,0.0,CONTEXT_ONLY_NOT_CALIBRATED
2166,nax227,포항,포항 스페이스워크,activity,60.0,G02,경상북도|포항시,경상북도,municipality,UNIQUE_MUNICIPALITY_ALIAS,0.5981993957945861,78.01724137931035,False,0.0,CONTEXT_ONLY_NOT_CALIBRATED
2167,nax228,포항,구룡포 근대문화역사거리,herit,60.0,G08,경상북도|포항시,경상북도,municipality,UNIQUE_MUNICIPALITY_ALIAS,0.5981993957945861,78.01724137931035,False,0.0,CONTEXT_ONLY_NOT_CALIBRATED
2168,nax229,포항,내연산 보경사,heal,100.0,G07,경상북도|포항시,경상북도,municipality,UNIQUE_MUNICIPALITY_ALIAS,0.5981993957945861,78.01724137931035,False,0.0,CONTEXT_ONLY_NOT_CALIBRATED
2169,nax230,춘천,남이섬,heal,150.0,G07,강원특별자치도|춘천시,강원특별자치도,municipality,UNIQUE_MUNICIPALITY_ALIAS,0.3687374749498998,63.793103448275865,False,0.0,CONTEXT_ONLY_NOT_CALIBRATED
2170,nax231,춘천,소양강 스카이워크,activity,50.0,G02,강원특별자치도|춘천시,강원특별자치도,municipality,UNIQUE_MUNICIPALITY_ALIAS,0.3687374749498998,63.793103448275865,False,0.0,CONTEXT_ONLY_NOT_CALIBRATED
2171,nax232,춘천,청평사,herit,110.0,G07,강원특별자치도|춘천시,강원특별자치도,municipality,UNIQUE_MUNICIPALITY_ALIAS,0.3687374749498998,63.793103448275865,False,0.0,CONTEXT_ONLY_NOT_CALIBRATED
2172,nax233,춘천,김유정문학촌,herit,60.0,G08,강원특별자치도|춘천시,강원특별자치도,municipality,UNIQUE_MUNICIPALITY_ALIAS,0.3687374749498998,63.793103448275865,False,0.0,CONTEXT_ONLY_NOT_CALIBRATED
2173,nax234,춘천,명동 닭갈비골목,food,60.0,G01,강원특별자치도|춘천시,강원특별자치도,municipality,UNIQUE_MUNICIPALITY_ALIAS,0.3687374749498998,63.793103448275865,False,0.0,CONTEXT_ONLY_NOT_CALIBRATED
2174,nax235,춘천,의암호 자전거길,heal,80.0,G07,강원특별자치도|춘천시,강원특별자치도,municipality,UNIQUE_MUNICIPALITY_ALIAS,0.3687374749498998,63.793103448275865,False,0.0,CONTEXT_ONLY_NOT_CALIBRATED
2175,nax236,울릉,도동항,sea,60.0,G05,경상북도|울릉군,경상북도,municipality,UNIQUE_MUNICIPALITY_ALIAS,0.018018054090198375,0.43103448275862066,False,0.0,CONTEXT_ONLY_NOT_CALIBRATED
2176,nax237,울릉,독도전망대,heal,70.0,G04,경상북도|울릉군,경상북도,municipality,UNIQUE_MUNICIPALITY_ALIAS,0.018018054090198375,0.43103448275862066,False,0.0,CONTEXT_ONLY_NOT_CALIBRATED
2177,nax238,울릉,나리분지,heal,80.0,G07,경상북도|울릉군,경상북도,municipality,UNIQUE_MUNICIPALITY_ALIAS,0.018018054090198375,0.43103448275862066,False,0.0,CONTEXT_ONLY_NOT_CALIBRATED
2178,nax239,울릉,봉래폭포,heal,60.0,G04,경상북도|울릉군,경상북도,municipality,UNIQUE_MUNICIPALITY_ALIAS,0.018018054090198375,0.43103448275862066,False,0.0,CONTEXT_ONLY_NOT_CALIBRATED
2179,nax240,울릉,관음도,sea,70.0,G05,경상북도|울릉군,경상북도,municipality,UNIQUE_MUNICIPALITY_ALIAS,0.018018054090198375,0.43103448275862066,False,0.0,CONTEXT_ONLY_NOT_CALIBRATED
2180,nax241,울릉,해안산책로,sea,60.0,G05,경상북도|울릉군,경상북도,municipality,UNIQUE_MUNICIPALITY_ALIAS,0.018018054090198375,0.43103448275862066,False,0.0,CONTEXT_ONLY_NOT_CALIBRATED
2181,nax242,남원,광한루원,herit,70.0,G08,전북특별자치도|남원시,전북특별자치도,municipality,UNIQUE_MUNICIPALITY_ALIAS,0.10360721442885772,30.17241379310345,False,0.0,CONTEXT_ONLY_NOT_CALIBRATED
2182,nax243,남원,춘향테마파크,activity,70.0,G02,전북특별자치도|남원시,전북특별자치도,municipality,UNIQUE_MUNICIPALITY_ALIAS,0.10360721442885772,30.17241379310345,False,0.0,CONTEXT_ONLY_NOT_CALIBRATED
2183,nax244,남원,지리산 뱀사골,heal,120.0,G07,전북특별자치도|남원시,전북특별자치도,municipality,UNIQUE_MUNICIPALITY_ALIAS,0.10360721442885772,30.17241379310345,False,0.0,CONTEXT_ONLY_NOT_CALIBRATED
2184,nax245,남원,실상사,herit,60.0,G08,전북특별자치도|남원시,전북특별자치도,municipality,UNIQUE_MUNICIPALITY_ALIAS,0.10360721442885772,30.17241379310345,False,0.0,CONTEXT_ONLY_NOT_CALIBRATED
2185,nax246,남원,남원 예촌,food,60.0,G01,전북특별자치도|남원시,전북특별자치도,municipality,UNIQUE_MUNICIPALITY_ALIAS,0.10360721442885772,30.17241379310345,False,0.0,CONTEXT_ONLY_NOT_CALIBRATED
2186,nax251,남해,남해 독일마을,activity,70.0,G02,경상남도|남해군,경상남도,municipality,UNIQUE_MUNICIPALITY_ALIAS,0.07234468937875752,19.18103448275862,False,0.0,CONTEXT_ONLY_NOT_CALIBRATED
2187,nax252,남해,다랭이마을,heal,70.0,G04,경상남도|남해군,경상남도,municipality,UNIQUE_MUNICIPALITY_ALIAS,0.07234468937875752,19.18103448275862,False,0.0,CONTEXT_ONLY_NOT_CALIBRATED
2188,nax253,남해,보리암,herit,90.0,G08,경상남도|남해군,경상남도,municipality,UNIQUE_MUNICIPALITY_ALIAS,0.07234468937875752,19.18103448275862,False,0.0,CONTEXT_ONLY_NOT_CALIBRATED
2189,nax254,남해,상주은모래비치,sea,70.0,G05,경상남도|남해군,경상남도,municipality,UNIQUE_MUNICIPALITY_ALIAS,0.07234468937875752,19.18103448275862,False,0.0,CONTEXT_ONLY_NOT_CALIBRATED
2190,nax255,남해,남해 편백자연휴양림,heal,90.0,G07,경상남도|남해군,경상남도,municipality,UNIQUE_MUNICIPALITY_ALIAS,0.07234468937875752,19.18103448275862,False,0.0,CONTEXT_ONLY_NOT_CALIBRATED
2191,nax256,합천,해인사,herit,110.0,G07,경상남도|합천군,경상남도,municipality,UNIQUE_MUNICIPALITY_ALIAS,0.0342685370741483,6.4655172413793105,False,0.0,CONTEXT_ONLY_NOT_CALIBRATED
2192,nax257,합천,대장경테마파크,activity,70.0,G02,경상남도|합천군,경상남도,municipality,UNIQUE_MUNICIPALITY_ALIAS,0.0342685370741483,6.4655172413793105,False,0.0,CONTEXT_ONLY_NOT_CALIBRATED
2193,nax258,합천,합천영상테마파크,activity,70.0,G02,경상남도|합천군,경상남도,municipality,UNIQUE_MUNICIPALITY_ALIAS,0.0342685370741483,6.4655172413793105,False,0.0,CONTEXT_ONLY_NOT_CALIBRATED
2194,nax259,합천,황매산 군립공원,heal,120.0,G07,경상남도|합천군,경상남도,municipality,UNIQUE_MUNICIPALITY_ALIAS,0.0342685370741483,6.4655172413793105,False,0.0,CONTEXT_ONLY_NOT_CALIBRATED
2195,nax260,합천,합천호,heal,60.0,G04,경상남도|합천군,경상남도,municipality,UNIQUE_MUNICIPALITY_ALIAS,0.0342685370741483,6.4655172413793105,False,0.0,CONTEXT_ONLY_NOT_CALIBRATED
2196,nax261,광주,국립아시아문화전당,activity,110.0,G03,,,unresolved,AMBIGUOUS_METRO_VS_CITY,,,False,0.0,CONTEXT_ONLY_NOT_CALIBRATED
2197,nax262,광주,5·18 민주광장,herit,40.0,G08,,,unresolved,AMBIGUOUS_METRO_VS_CITY,,,False,0.0,CONTEXT_ONLY_NOT_CALIBRATED
2198,nax263,광주,양림동 근대역사문화마을,herit,70.0,G08,,,unresolved,AMBIGUOUS_METRO_VS_CITY,,,False,0.0,CONTEXT_ONLY_NOT_CALIBRATED
2199,nax264,광주,무등산 국립공원,heal,180.0,G06,,,unresolved,AMBIGUOUS_METRO_VS_CITY,,,False,0.0,CONTEXT_ONLY_NOT_CALIBRATED
2200,nax265,광주,대인예술시장,food,60.0,G01,,,unresolved,AMBIGUOUS_METRO_VS_CITY,,,False,0.0,CONTEXT_ONLY_NOT_CALIBRATED
2201,nax266,광주,광주시립미술관,activity,70.0,G02,,,unresolved,AMBIGUOUS_METRO_VS_CITY,,,False,0.0,CONTEXT_ONLY_NOT_CALIBRATED
2202,nax267,천안,독립기념관,herit,120.0,G07,충청남도|천안시,충청남도,municipality,UNIQUE_MUNICIPALITY_ALIAS,1.1479415287030514,91.37931034482759,False,0.0,CONTEXT_ONLY_NOT_CALIBRATED
2203,nax268,천안,각원사,herit,60.0,G08,충청남도|천안시,충청남도,municipality,UNIQUE_MUNICIPALITY_ALIAS,1.1479415287030514,91.37931034482759,False,0.0,CONTEXT_ONLY_NOT_CALIBRATED
2204,nax269,천안,병천순대거리,food,60.0,G01,충청남도|천안시,충청남도,municipality,UNIQUE_MUNICIPALITY_ALIAS,1.1479415287030514,91.37931034482759,False,0.0,CONTEXT_ONLY_NOT_CALIBRATED
2205,nax270,천안,천안삼거리공원,heal,50.0,G04,충청남도|천안시,충청남도,municipality,UNIQUE_MUNICIPALITY_ALIAS,1.1479415287030514,91.37931034482759,False,0.0,CONTEXT_ONLY_NOT_CALIBRATED
2206,nax271,천안,아라리오갤러리,activity,60.0,G02,충청남도|천안시,충청남도,municipality,UNIQUE_MUNICIPALITY_ALIAS,1.1479415287030514,91.37931034482759,False,0.0,CONTEXT_ONLY_NOT_CALIBRATED
2207,nax272,공주,공산성,herit,80.0,G08,충청남도|공주시,충청남도,municipality,UNIQUE_MUNICIPALITY_ALIAS,0.2808419642086976,55.60344827586207,False,0.0,CONTEXT_ONLY_NOT_CALIBRATED
2208,nax273,공주,무령왕릉과 왕릉원,herit,70.0,G08,충청남도|공주시,충청남도,municipality,UNIQUE_MUNICIPALITY_ALIAS,0.2808419642086976,55.60344827586207,False,0.0,CONTEXT_ONLY_NOT_CALIBRATED
2209,nax274,공주,국립공주박물관,herit,80.0,G08,충청남도|공주시,충청남도,municipality,UNIQUE_MUNICIPALITY_ALIAS,0.2808419642086976,55.60344827586207,False,0.0,CONTEXT_ONLY_NOT_CALIBRATED
2210,nax275,공주,마곡사,herit,90.0,G08,충청남도|공주시,충청남도,municipality,UNIQUE_MUNICIPALITY_ALIAS,0.2808419642086976,55.60344827586207,False,0.0,CONTEXT_ONLY_NOT_CALIBRATED
2211,nax276,공주,공주 산성시장,food,60.0,G01,충청남도|공주시,충청남도,municipality,UNIQUE_MUNICIPALITY_ALIAS,0.2808419642086976,55.60344827586207,False,0.0,CONTEXT_ONLY_NOT_CALIBRATED
2212,nax277,부여,부소산성,herit,90.0,G08,충청남도|부여군,충청남도,municipality,UNIQUE_MUNICIPALITY_ALIAS,0.12286835934130522,33.4051724137931,False,0.0,CONTEXT_ONLY_NOT_CALIBRATED
2213,nax278,부여,정림사지 오층석탑,herit,50.0,G08,충청남도|부여군,충청남도,municipality,UNIQUE_MUNICIPALITY_ALIAS,0.12286835934130522,33.4051724137931,False,0.0,CONTEXT_ONLY_NOT_CALIBRATED
2214,nax279,부여,궁남지,heal,60.0,G04,충청남도|부여군,충청남도,municipality,UNIQUE_MUNICIPALITY_ALIAS,0.12286835934130522,33.4051724137931,False,0.0,CONTEXT_ONLY_NOT_CALIBRATED
2215,nax280,부여,국립부여박물관,herit,70.0,G08,충청남도|부여군,충청남도,municipality,UNIQUE_MUNICIPALITY_ALIAS,0.12286835934130522,33.4051724137931,False,0.0,CONTEXT_ONLY_NOT_CALIBRATED
2216,nax281,부여,백제문화단지,activity,90.0,G03,충청남도|부여군,충청남도,municipality,UNIQUE_MUNICIPALITY_ALIAS,0.12286835934130522,33.4051724137931,False,0.0,CONTEXT_ONLY_NOT_CALIBRATED
2217,nax282,군산,군산 근대역사박물관,herit,70.0,G08,전북특별자치도|군산시,전북특별자치도,municipality,UNIQUE_MUNICIPALITY_ALIAS,0.3571142284569138,63.36206896551724,False,0.0,CONTEXT_ONLY_NOT_CALIBRATED
2218,nax283,군산,경암동 철길마을,activity,50.0,G02,전북특별자치도|군산시,전북특별자치도,municipality,UNIQUE_MUNICIPALITY_ALIAS,0.3571142284569138,63.36206896551724,False,0.0,CONTEXT_ONLY_NOT_CALIBRATED
2219,nax284,군산,초원사진관,activity,30.0,G02,전북특별자치도|군산시,전북특별자치도,municipality,UNIQUE_MUNICIPALITY_ALIAS,0.3571142284569138,63.36206896551724,False,0.0,CONTEXT_ONLY_NOT_CALIBRATED
2220,nax285,군산,선유도해수욕장,sea,100.0,G07,전북특별자치도|군산시,전북특별자치도,municipality,UNIQUE_MUNICIPALITY_ALIAS,0.3571142284569138,63.36206896551724,False,0.0,CONTEXT_ONLY_NOT_CALIBRATED
2221,nax286,군산,이성당,food,40.0,G01,전북특별자치도|군산시,전북특별자치도,municipality,UNIQUE_MUNICIPALITY_ALIAS,0.3571142284569138,63.36206896551724,False,0.0,CONTEXT_ONLY_NOT_CALIBRATED
2222,nax287,용인,한국민속촌,herit,150.0,G06,경기도|용인시,경기도,municipality,UNIQUE_MUNICIPALITY_ALIAS,2.265312972987097,98.27586206896552,False,0.0,CONTEXT_ONLY_NOT_CALIBRATED
2223,nax288,용인,에버랜드,activity,240.0,G06,경기도|용인시,경기도,municipality,UNIQUE_MUNICIPALITY_ALIAS,2.265312972987097,98.27586206896552,False,0.0,CONTEXT_ONLY_NOT_CALIBRATED
2224,nax289,용인,백남준아트센터,activity,70.0,G02,경기도|용인시,경기도,municipality,UNIQUE_MUNICIPALITY_ALIAS,2.265312972987097,98.27586206896552,False,0.0,CONTEXT_ONLY_NOT_CALIBRATED
2225,nax290,용인,경기도박물관,herit,70.0,G08,경기도|용인시,경기도,municipality,UNIQUE_MUNICIPALITY_ALIAS,2.265312972987097,98.27586206896552,False,0.0,CONTEXT_ONLY_NOT_CALIBRATED
2226,nax291,용인,용인자연휴양림,heal,90.0,G07,경기도|용인시,경기도,municipality,UNIQUE_MUNICIPALITY_ALIAS,2.265312972987097,98.27586206896552,False,0.0,CONTEXT_ONLY_NOT_CALIBRATED
2227,nax301,창원,진해 여좌천,heal,60.0,G04,경상남도|창원시,경상남도,municipality,UNIQUE_MUNICIPALITY_ALIAS,1.2869739478957913,93.96551724137932,False,0.0,CONTEXT_ONLY_NOT_CALIBRATED
2228,nax302,창원,주남저수지,heal,80.0,G07,경상남도|창원시,경상남도,municipality,UNIQUE_MUNICIPALITY_ALIAS,1.2869739478957913,93.96551724137932,False,0.0,CONTEXT_ONLY_NOT_CALIBRATED
2229,nax303,창원,마산어시장,food,60.0,G01,경상남도|창원시,경상남도,municipality,UNIQUE_MUNICIPALITY_ALIAS,1.2869739478957913,93.96551724137932,False,0.0,CONTEXT_ONLY_NOT_CALIBRATED
2230,nax304,창원,돝섬해상유원지,sea,80.0,G05,경상남도|창원시,경상남도,municipality,UNIQUE_MUNICIPALITY_ALIAS,1.2869739478957913,93.96551724137932,False,0.0,CONTEXT_ONLY_NOT_CALIBRATED
2231,nax305,창원,상남시장,food,50.0,G01,경상남도|창원시,경상남도,municipality,UNIQUE_MUNICIPALITY_ALIAS,1.2869739478957913,93.96551724137932,False,0.0,CONTEXT_ONLY_NOT_CALIBRATED
2232,nax306,창원,용지호수공원,heal,50.0,G04,경상남도|창원시,경상남도,municipality,UNIQUE_MUNICIPALITY_ALIAS,1.2869739478957913,93.96551724137932,False,0.0,CONTEXT_ONLY_NOT_CALIBRATED
2233,nax307,울산,대왕암공원,sea,90.0,G07,울산광역시,울산광역시,province,PROVINCE_CONTEXT_ONLY,1.5030060120240478,,False,0.0,CONTEXT_ONLY_NOT_CALIBRATED
2234,nax308,울산,태화강 국가정원,heal,90.0,G07,울산광역시,울산광역시,province,PROVINCE_CONTEXT_ONLY,1.5030060120240478,,False,0.0,CONTEXT_ONLY_NOT_CALIBRATED
2235,nax309,울산,간절곶,sea,50.0,G05,울산광역시,울산광역시,province,PROVINCE_CONTEXT_ONLY,1.5030060120240478,,False,0.0,CONTEXT_ONLY_NOT_CALIBRATED
2236,nax310,울산,반구대 암각화,herit,70.0,G08,울산광역시,울산광역시,province,PROVINCE_CONTEXT_ONLY,1.5030060120240478,,False,0.0,CONTEXT_ONLY_NOT_CALIBRATED
2237,nax311,울산,장생포 고래문화마을,activity,90.0,G03,울산광역시,울산광역시,province,PROVINCE_CONTEXT_ONLY,1.5030060120240478,,False,0.0,CONTEXT_ONLY_NOT_CALIBRATED
2238,nax312,울산,울산대공원,heal,70.0,G04,울산광역시,울산광역시,province,PROVINCE_CONTEXT_ONLY,1.5030060120240478,,False,0.0,CONTEXT_ONLY_NOT_CALIBRATED
2239,nax313,태안,꽃지해수욕장,sea,80.0,G05,충청남도|태안군,충청남도,municipality,UNIQUE_MUNICIPALITY_ALIAS,0.16499465397260984,41.37931034482759,False,0.0,CONTEXT_ONLY_NOT_CALIBRATED
2240,nax314,태안,신두리 해안사구,heal,70.0,G04,충청남도|태안군,충청남도,municipality,UNIQUE_MUNICIPALITY_ALIAS,0.16499465397260984,41.37931034482759,False,0.0,CONTEXT_ONLY_NOT_CALIBRATED
2241,nax315,태안,천리포수목원,heal,90.0,G07,충청남도|태안군,충청남도,municipality,UNIQUE_MUNICIPALITY_ALIAS,0.16499465397260984,41.37931034482759,False,0.0,CONTEXT_ONLY_NOT_CALIBRATED
2242,nax316,태안,만리포해수욕장,sea,70.0,G05,충청남도|태안군,충청남도,municipality,UNIQUE_MUNICIPALITY_ALIAS,0.16499465397260984,41.37931034482759,False,0.0,CONTEXT_ONLY_NOT_CALIBRATED
2243,nax317,태안,안면도 자연휴양림,heal,80.0,G07,충청남도|태안군,충청남도,municipality,UNIQUE_MUNICIPALITY_ALIAS,0.16499465397260984,41.37931034482759,False,0.0,CONTEXT_ONLY_NOT_CALIBRATED
2244,nax318,양평,두물머리,heal,60.0,G04,경기도|양평군,경기도,municipality,UNIQUE_MUNICIPALITY_ALIAS,0.2462296709768584,51.508620689655174,False,0.0,CONTEXT_ONLY_NOT_CALIBRATED
2245,nax319,양평,세미원,heal,70.0,G04,경기도|양평군,경기도,municipality,UNIQUE_MUNICIPALITY_ALIAS,0.2462296709768584,51.508620689655174,False,0.0,CONTEXT_ONLY_NOT_CALIBRATED
2246,nax320,양평,양평 용문사,herit,90.0,G08,경기도|양평군,경기도,municipality,UNIQUE_MUNICIPALITY_ALIAS,0.2462296709768584,51.508620689655174,False,0.0,CONTEXT_ONLY_NOT_CALIBRATED
2247,nax321,양평,물의정원,heal,50.0,G04,경기도|양평군,경기도,municipality,UNIQUE_MUNICIPALITY_ALIAS,0.2462296709768584,51.508620689655174,False,0.0,CONTEXT_ONLY_NOT_CALIBRATED
2248,nax322,양평,양평물맑은시장,food,50.0,G01,경기도|양평군,경기도,municipality,UNIQUE_MUNICIPALITY_ALIAS,0.2462296709768584,51.508620689655174,False,0.0,CONTEXT_ONLY_NOT_CALIBRATED
2249,nax323,여주,신륵사,herit,70.0,G08,경기도|여주시,경기도,municipality,UNIQUE_MUNICIPALITY_ALIAS,0.6648201116375178,82.54310344827586,False,0.0,CONTEXT_ONLY_NOT_CALIBRATED
2250,nax324,여주,세종대왕릉 영릉,herit,80.0,G08,경기도|여주시,경기도,municipality,UNIQUE_MUNICIPALITY_ALIAS,0.6648201116375178,82.54310344827586,False,0.0,CONTEXT_ONLY_NOT_CALIBRATED
2251,nax325,여주,명성황후 생가,herit,50.0,G08,경기도|여주시,경기도,municipality,UNIQUE_MUNICIPALITY_ALIAS,0.6648201116375178,82.54310344827586,False,0.0,CONTEXT_ONLY_NOT_CALIBRATED
2252,nax326,여주,여주 도자세상,activity,60.0,G02,경기도|여주시,경기도,municipality,UNIQUE_MUNICIPALITY_ALIAS,0.6648201116375178,82.54310344827586,False,0.0,CONTEXT_ONLY_NOT_CALIBRATED
2253,nax327,여주,여주 프리미엄아울렛,food,120.0,G07,경기도|여주시,경기도,municipality,UNIQUE_MUNICIPALITY_ALIAS,0.6648201116375178,82.54310344827586,False,0.0,CONTEXT_ONLY_NOT_CALIBRATED
2254,nax328,가평,아침고요수목원,heal,100.0,G07,경기도|가평군,경기도,municipality,UNIQUE_MUNICIPALITY_ALIAS,0.27085263807454424,54.741379310344826,False,0.0,CONTEXT_ONLY_NOT_CALIBRATED
2255,nax329,가평,쁘띠프랑스,activity,80.0,G03,경기도|가평군,경기도,municipality,UNIQUE_MUNICIPALITY_ALIAS,0.27085263807454424,54.741379310344826,False,0.0,CONTEXT_ONLY_NOT_CALIBRATED
2256,nax330,가평,자라섬,heal,70.0,G04,경기도|가평군,경기도,municipality,UNIQUE_MUNICIPALITY_ALIAS,0.27085263807454424,54.741379310344826,False,0.0,CONTEXT_ONLY_NOT_CALIBRATED
2257,nax331,가평,잣향기푸른숲,heal,90.0,G07,경기도|가평군,경기도,municipality,UNIQUE_MUNICIPALITY_ALIAS,0.27085263807454424,54.741379310344826,False,0.0,CONTEXT_ONLY_NOT_CALIBRATED
2258,nax332,가평,호명호수,heal,70.0,G04,경기도|가평군,경기도,municipality,UNIQUE_MUNICIPALITY_ALIAS,0.27085263807454424,54.741379310344826,False,0.0,CONTEXT_ONLY_NOT_CALIBRATED
2259,nax401,양산,통도사,herit,100.0,G08,경상남도|양산시,경상남도,municipality,UNIQUE_MUNICIPALITY_ALIAS,0.3426853707414829,62.5,False,0.0,CONTEXT_ONLY_NOT_CALIBRATED
2260,nax402,양산,홍룡폭포,heal,50.0,G04,경상남도|양산시,경상남도,municipality,UNIQUE_MUNICIPALITY_ALIAS,0.3426853707414829,62.5,False,0.0,CONTEXT_ONLY_NOT_CALIBRATED
2261,nax403,양산,황산공원,heal,60.0,G04,경상남도|양산시,경상남도,municipality,UNIQUE_MUNICIPALITY_ALIAS,0.3426853707414829,62.5,False,0.0,CONTEXT_ONLY_NOT_CALIBRATED
2262,nax404,보은,법주사,herit,100.0,G08,충청북도|보은군,충청북도,municipality,UNIQUE_MUNICIPALITY_ALIAS,0.05605616828061718,13.793103448275861,False,0.0,CONTEXT_ONLY_NOT_CALIBRATED
2263,nax405,보은,속리산 세심정,heal,90.0,G07,충청북도|보은군,충청북도,municipality,UNIQUE_MUNICIPALITY_ALIAS,0.05605616828061718,13.793103448275861,False,0.0,CONTEXT_ONLY_NOT_CALIBRATED
2264,nax406,보은,보은 삼년산성,herit,70.0,G08,충청북도|보은군,충청북도,municipality,UNIQUE_MUNICIPALITY_ALIAS,0.05605616828061718,13.793103448275861,False,0.0,CONTEXT_ONLY_NOT_CALIBRATED
2265,nax407,해남,대흥사,herit,90.0,G08,전남광주통합특별시|해남군,전남광주통합특별시,municipality,UNIQUE_MUNICIPALITY_ALIAS,0.066000264001056,17.24137931034483,True,0.0,CONTEXT_ONLY_NOT_CALIBRATED
2266,nax408,해남,땅끝마을,sea,70.0,G05,전남광주통합특별시|해남군,전남광주통합특별시,municipality,UNIQUE_MUNICIPALITY_ALIAS,0.066000264001056,17.24137931034483,True,0.0,CONTEXT_ONLY_NOT_CALIBRATED
2267,nax409,해남,우수영관광지,herit,60.0,G08,전남광주통합특별시|해남군,전남광주통합특별시,municipality,UNIQUE_MUNICIPALITY_ALIAS,0.066000264001056,17.24137931034483,True,0.0,CONTEXT_ONLY_NOT_CALIBRATED
2268,nax410,함양,남계서원,herit,50.0,G08,경상남도|함양군,경상남도,municipality,UNIQUE_MUNICIPALITY_ALIAS,0.04188376753507014,10.344827586206897,False,0.0,CONTEXT_ONLY_NOT_CALIBRATED
2269,nax411,함양,상림공원,heal,70.0,G04,경상남도|함양군,경상남도,municipality,UNIQUE_MUNICIPALITY_ALIAS,0.04188376753507014,10.344827586206897,False,0.0,CONTEXT_ONLY_NOT_CALIBRATED
2270,nax412,함양,개평한옥마을,herit,60.0,G08,경상남도|함양군,경상남도,municipality,UNIQUE_MUNICIPALITY_ALIAS,0.04188376753507014,10.344827586206897,False,0.0,CONTEXT_ONLY_NOT_CALIBRATED
2271,nax413,장성,필암서원,herit,50.0,G08,전남광주통합특별시|장성군,전남광주통합특별시,municipality,UNIQUE_MUNICIPALITY_ALIAS,0.12320049280197119,34.48275862068966,True,0.0,CONTEXT_ONLY_NOT_CALIBRATED
2272,nax414,장성,백양사,heal,90.0,G07,전남광주통합특별시|장성군,전남광주통합특별시,municipality,UNIQUE_MUNICIPALITY_ALIAS,0.12320049280197119,34.48275862068966,True,0.0,CONTEXT_ONLY_NOT_CALIBRATED
2273,nax415,장성,축령산 편백숲,heal,90.0,G07,전남광주통합특별시|장성군,전남광주통합특별시,municipality,UNIQUE_MUNICIPALITY_ALIAS,0.12320049280197119,34.48275862068966,True,0.0,CONTEXT_ONLY_NOT_CALIBRATED
2274,nax416,정읍,무성서원,herit,50.0,G08,전북특별자치도|정읍시,전북특별자치도,municipality,UNIQUE_MUNICIPALITY_ALIAS,0.09919839679358718,28.879310344827587,False,0.0,CONTEXT_ONLY_NOT_CALIBRATED
2275,nax417,정읍,내장산 국립공원,heal,150.0,G07,전북특별자치도|정읍시,전북특별자치도,municipality,UNIQUE_MUNICIPALITY_ALIAS,0.09919839679358718,28.879310344827587,False,0.0,CONTEXT_ONLY_NOT_CALIBRATED
2276,nax418,정읍,구절초지방정원,heal,60.0,G04,전북특별자치도|정읍시,전북특별자치도,municipality,UNIQUE_MUNICIPALITY_ALIAS,0.09919839679358718,28.879310344827587,False,0.0,CONTEXT_ONLY_NOT_CALIBRATED
2277,nax419,논산,돈암서원,herit,50.0,G08,충청남도|논산시,충청남도,municipality,UNIQUE_MUNICIPALITY_ALIAS,0.16850517852521854,42.88793103448276,False,0.0,CONTEXT_ONLY_NOT_CALIBRATED
2278,nax420,논산,관촉사,herit,60.0,G08,충청남도|논산시,충청남도,municipality,UNIQUE_MUNICIPALITY_ALIAS,0.16850517852521854,42.88793103448276,False,0.0,CONTEXT_ONLY_NOT_CALIBRATED
2279,nax421,논산,탑정호 출렁다리,activity,50.0,G02,충청남도|논산시,충청남도,municipality,UNIQUE_MUNICIPALITY_ALIAS,0.16850517852521854,42.88793103448276,False,0.0,CONTEXT_ONLY_NOT_CALIBRATED
2280,nax422,경기광주,남한산성,herit,120.0,G07,경기도|광주시,경기도,municipality,EXPLICIT_PARENT_ALIAS,0.5170823090514027,73.27586206896552,False,0.0,CONTEXT_ONLY_NOT_CALIBRATED
2281,nax423,경기광주,화담숲,heal,120.0,G07,경기도|광주시,경기도,municipality,EXPLICIT_PARENT_ALIAS,0.5170823090514027,73.27586206896552,False,0.0,CONTEXT_ONLY_NOT_CALIBRATED
2282,nax424,경기광주,곤지암도자공원,activity,70.0,G02,경기도|광주시,경기도,municipality,EXPLICIT_PARENT_ALIAS,0.5170823090514027,73.27586206896552,False,0.0,CONTEXT_ONLY_NOT_CALIBRATED
2283,nax425,익산,미륵사지,herit,80.0,G08,전북특별자치도|익산시,전북특별자치도,municipality,UNIQUE_MUNICIPALITY_ALIAS,0.2226452905811623,48.706896551724135,False,0.0,CONTEXT_ONLY_NOT_CALIBRATED
2284,nax426,익산,왕궁리 유적,herit,70.0,G08,전북특별자치도|익산시,전북특별자치도,municipality,UNIQUE_MUNICIPALITY_ALIAS,0.2226452905811623,48.706896551724135,False,0.0,CONTEXT_ONLY_NOT_CALIBRATED
2285,nax427,익산,익산 보석박물관,activity,60.0,G02,전북특별자치도|익산시,전북특별자치도,municipality,UNIQUE_MUNICIPALITY_ALIAS,0.2226452905811623,48.706896551724135,False,0.0,CONTEXT_ONLY_NOT_CALIBRATED
2286,nax428,고창,고창 고인돌 유적,herit,70.0,G08,전북특별자치도|고창군,전북특별자치도,municipality,UNIQUE_MUNICIPALITY_ALIAS,0.07715430861723448,21.120689655172413,False,0.0,CONTEXT_ONLY_NOT_CALIBRATED
2287,nax429,고창,선운사,herit,90.0,G08,전북특별자치도|고창군,전북특별자치도,municipality,UNIQUE_MUNICIPALITY_ALIAS,0.07715430861723448,21.120689655172413,False,0.0,CONTEXT_ONLY_NOT_CALIBRATED
2288,nax430,고창,고창읍성,herit,60.0,G08,전북특별자치도|고창군,전북특별자치도,municipality,UNIQUE_MUNICIPALITY_ALIAS,0.07715430861723448,21.120689655172413,False,0.0,CONTEXT_ONLY_NOT_CALIBRATED
2289,nax431,화순,화순 고인돌 유적,herit,60.0,G08,전남광주통합특별시|화순군,전남광주통합특별시,municipality,UNIQUE_MUNICIPALITY_ALIAS,0.0924003696014784,24.56896551724138,True,0.0,CONTEXT_ONLY_NOT_CALIBRATED
2290,nax432,화순,운주사,herit,70.0,G08,전남광주통합특별시|화순군,전남광주통합특별시,municipality,UNIQUE_MUNICIPALITY_ALIAS,0.0924003696014784,24.56896551724138,True,0.0,CONTEXT_ONLY_NOT_CALIBRATED
2291,nax433,화순,화순적벽,heal,70.0,G04,전남광주통합특별시|화순군,전남광주통합특별시,municipality,UNIQUE_MUNICIPALITY_ALIAS,0.0924003696014784,24.56896551724138,True,0.0,CONTEXT_ONLY_NOT_CALIBRATED
2292,nax434,김해,대성동 고분군,herit,70.0,G08,경상남도|김해시,경상남도,municipality,UNIQUE_MUNICIPALITY_ALIAS,0.6511022044088176,81.46551724137932,False,0.0,CONTEXT_ONLY_NOT_CALIBRATED
2293,nax435,김해,수로왕릉,herit,50.0,G08,경상남도|김해시,경상남도,municipality,UNIQUE_MUNICIPALITY_ALIAS,0.6511022044088176,81.46551724137932,False,0.0,CONTEXT_ONLY_NOT_CALIBRATED
2294,nax436,김해,가야테마파크,activity,90.0,G03,경상남도|김해시,경상남도,municipality,UNIQUE_MUNICIPALITY_ALIAS,0.6511022044088176,81.46551724137932,False,0.0,CONTEXT_ONLY_NOT_CALIBRATED
2295,nax437,함안,말이산 고분군,herit,60.0,G08,경상남도|함안군,경상남도,municipality,UNIQUE_MUNICIPALITY_ALIAS,0.17134268537074146,43.96551724137931,False,0.0,CONTEXT_ONLY_NOT_CALIBRATED
2296,nax438,함안,함안박물관,herit,50.0,G08,경상남도|함안군,경상남도,municipality,UNIQUE_MUNICIPALITY_ALIAS,0.17134268537074146,43.96551724137931,False,0.0,CONTEXT_ONLY_NOT_CALIBRATED
2297,nax439,함안,무진정,heal,40.0,G04,경상남도|함안군,경상남도,municipality,UNIQUE_MUNICIPALITY_ALIAS,0.17134268537074146,43.96551724137931,False,0.0,CONTEXT_ONLY_NOT_CALIBRATED
2298,nax440,창녕,교동과 송현동 고분군,herit,60.0,G08,경상남도|창녕군,경상남도,municipality,UNIQUE_MUNICIPALITY_ALIAS,0.11803607214428857,31.896551724137932,False,0.0,CONTEXT_ONLY_NOT_CALIBRATED
2299,nax441,창녕,우포늪,heal,90.0,G07,경상남도|창녕군,경상남도,municipality,UNIQUE_MUNICIPALITY_ALIAS,0.11803607214428857,31.896551724137932,False,0.0,CONTEXT_ONLY_NOT_CALIBRATED
2300,nax442,창녕,화왕산,heal,150.0,G07,경상남도|창녕군,경상남도,municipality,UNIQUE_MUNICIPALITY_ALIAS,0.11803607214428857,31.896551724137932,False,0.0,CONTEXT_ONLY_NOT_CALIBRATED
2301,nax443,고령,지산동 고분군,herit,70.0,G08,경상북도|고령군,경상북도,municipality,UNIQUE_MUNICIPALITY_ALIAS,0.03603610818039675,7.974137931034483,False,0.0,CONTEXT_ONLY_NOT_CALIBRATED
2302,nax444,고령,대가야박물관,herit,60.0,G08,경상북도|고령군,경상북도,municipality,UNIQUE_MUNICIPALITY_ALIAS,0.03603610818039675,7.974137931034483,False,0.0,CONTEXT_ONLY_NOT_CALIBRATED
2303,nax445,고령,개실마을,herit,60.0,G08,경상북도|고령군,경상북도,municipality,UNIQUE_MUNICIPALITY_ALIAS,0.03603610818039675,7.974137931034483,False,0.0,CONTEXT_ONLY_NOT_CALIBRATED
2304,nax446,고성,송학동 고분군,herit,50.0,G08,,,unresolved,AMBIGUOUS_NAME,,,False,0.0,CONTEXT_ONLY_NOT_CALIBRATED
2305,nax447,고성,상족암군립공원,sea,80.0,G05,,,unresolved,AMBIGUOUS_NAME,,,False,0.0,CONTEXT_ONLY_NOT_CALIBRATED
2306,nax448,고성,당항포관광지,activity,70.0,G02,,,unresolved,AMBIGUOUS_NAME,,,False,0.0,CONTEXT_ONLY_NOT_CALIBRATED
2307,nax449,서천,서천 갯벌,sea,60.0,G05,충청남도|서천군,충청남도,municipality,UNIQUE_MUNICIPALITY_ALIAS,0.06318944194695697,15.948275862068966,False,0.0,CONTEXT_ONLY_NOT_CALIBRATED
2308,nax450,서천,국립생태원,heal,120.0,G07,충청남도|서천군,충청남도,municipality,UNIQUE_MUNICIPALITY_ALIAS,0.06318944194695697,15.948275862068966,False,0.0,CONTEXT_ONLY_NOT_CALIBRATED
2309,nax451,서천,장항송림산림욕장,heal,60.0,G04,충청남도|서천군,충청남도,municipality,UNIQUE_MUNICIPALITY_ALIAS,0.06318944194695697,15.948275862068966,False,0.0,CONTEXT_ONLY_NOT_CALIBRATED
2310,nax452,신안,신안 갯벌,sea,70.0,G05,전남광주통합특별시|신안군,전남광주통합특별시,municipality,UNIQUE_MUNICIPALITY_ALIAS,0.0264001056004224,4.094827586206897,True,0.0,CONTEXT_ONLY_NOT_CALIBRATED
2311,nax453,신안,퍼플섬 반월도,activity,90.0,G03,전남광주통합특별시|신안군,전남광주통합특별시,municipality,UNIQUE_MUNICIPALITY_ALIAS,0.0264001056004224,4.094827586206897,True,0.0,CONTEXT_ONLY_NOT_CALIBRATED
2312,nax454,신안,증도 태평염전,activity,70.0,G02,전남광주통합특별시|신안군,전남광주통합특별시,municipality,UNIQUE_MUNICIPALITY_ALIAS,0.0264001056004224,4.094827586206897,True,0.0,CONTEXT_ONLY_NOT_CALIBRATED
2313,nax455,보성,보성 벌교갯벌,sea,60.0,G05,전남광주통합특별시|보성군,전남광주통합특별시,municipality,UNIQUE_MUNICIPALITY_ALIAS,0.0572002288009152,14.224137931034482,True,0.0,CONTEXT_ONLY_NOT_CALIBRATED
2314,nax456,보성,대한다원 녹차밭,heal,80.0,G07,전남광주통합특별시|보성군,전남광주통합특별시,municipality,UNIQUE_MUNICIPALITY_ALIAS,0.0572002288009152,14.224137931034482,True,0.0,CONTEXT_ONLY_NOT_CALIBRATED
2315,nax457,보성,율포솔밭해수욕장,sea,60.0,G05,전남광주통합특별시|보성군,전남광주통합특별시,municipality,UNIQUE_MUNICIPALITY_ALIAS,0.0572002288009152,14.224137931034482,True,0.0,CONTEXT_ONLY_NOT_CALIBRATED
2316,nax501,사천,사천 바다케이블카,activity,80.0,G03,경상남도|사천시,경상남도,municipality,UNIQUE_MUNICIPALITY_ALIAS,0.17895791583166332,44.827586206896555,False,0.0,CONTEXT_ONLY_NOT_CALIBRATED
2317,nax502,사천,삼천포용궁수산시장,food,60.0,G01,경상남도|사천시,경상남도,municipality,UNIQUE_MUNICIPALITY_ALIAS,0.17895791583166332,44.827586206896555,False,0.0,CONTEXT_ONLY_NOT_CALIBRATED
2318,nax503,사천,초양도,sea,50.0,G05,경상남도|사천시,경상남도,municipality,UNIQUE_MUNICIPALITY_ALIAS,0.17895791583166332,44.827586206896555,False,0.0,CONTEXT_ONLY_NOT_CALIBRATED
2319,nax504,사천,사천 항공우주박물관,activity,80.0,G03,경상남도|사천시,경상남도,municipality,UNIQUE_MUNICIPALITY_ALIAS,0.17895791583166332,44.827586206896555,False,0.0,CONTEXT_ONLY_NOT_CALIBRATED
2320,nax505,사천,사천읍성,herit,40.0,G08,경상남도|사천시,경상남도,municipality,UNIQUE_MUNICIPALITY_ALIAS,0.17895791583166332,44.827586206896555,False,0.0,CONTEXT_ONLY_NOT_CALIBRATED
2321,nax506,문경,문경새재 도립공원,herit,120.0,G07,경상북도|문경시,경상북도,municipality,UNIQUE_MUNICIPALITY_ALIAS,0.1477480435396267,37.93103448275862,False,0.0,CONTEXT_ONLY_NOT_CALIBRATED
2322,nax507,문경,단산모노레일,activity,70.0,G02,경상북도|문경시,경상북도,municipality,UNIQUE_MUNICIPALITY_ALIAS,0.1477480435396267,37.93103448275862,False,0.0,CONTEXT_ONLY_NOT_CALIBRATED
2323,nax508,문경,문경 철로자전거,activity,60.0,G02,경상북도|문경시,경상북도,municipality,UNIQUE_MUNICIPALITY_ALIAS,0.1477480435396267,37.93103448275862,False,0.0,CONTEXT_ONLY_NOT_CALIBRATED
2324,nax509,문경,봉암사,herit,60.0,G08,경상북도|문경시,경상북도,municipality,UNIQUE_MUNICIPALITY_ALIAS,0.1477480435396267,37.93103448275862,False,0.0,CONTEXT_ONLY_NOT_CALIBRATED
2325,nax510,문경,오미자테마터널,activity,50.0,G02,경상북도|문경시,경상북도,municipality,UNIQUE_MUNICIPALITY_ALIAS,0.1477480435396267,37.93103448275862,False,0.0,CONTEXT_ONLY_NOT_CALIBRATED
2326,nax511,울진,성류굴,heal,60.0,G04,경상북도|울진군,경상북도,municipality,UNIQUE_MUNICIPALITY_ALIAS,0.0720722163607935,18.53448275862069,False,0.0,CONTEXT_ONLY_NOT_CALIBRATED
2327,nax512,울진,불영사,herit,70.0,G08,경상북도|울진군,경상북도,municipality,UNIQUE_MUNICIPALITY_ALIAS,0.0720722163607935,18.53448275862069,False,0.0,CONTEXT_ONLY_NOT_CALIBRATED
2328,nax513,울진,덕구온천,heal,110.0,G07,경상북도|울진군,경상북도,municipality,UNIQUE_MUNICIPALITY_ALIAS,0.0720722163607935,18.53448275862069,False,0.0,CONTEXT_ONLY_NOT_CALIBRATED
2329,nax514,울진,죽변해안스카이레일,activity,70.0,G02,경상북도|울진군,경상북도,municipality,UNIQUE_MUNICIPALITY_ALIAS,0.0720722163607935,18.53448275862069,False,0.0,CONTEXT_ONLY_NOT_CALIBRATED
2330,nax515,울진,등기산스카이워크,sea,50.0,G05,경상북도|울진군,경상북도,municipality,UNIQUE_MUNICIPALITY_ALIAS,0.0720722163607935,18.53448275862069,False,0.0,CONTEXT_ONLY_NOT_CALIBRATED
2331,nax516,원주,소금산 그랜드밸리,activity,110.0,G03,강원특별자치도|원주시,강원특별자치도,municipality,UNIQUE_MUNICIPALITY_ALIAS,0.4809619238476953,71.55172413793103,False,0.0,CONTEXT_ONLY_NOT_CALIBRATED
2332,nax517,원주,뮤지엄 산,activity,120.0,G03,강원특별자치도|원주시,강원특별자치도,municipality,UNIQUE_MUNICIPALITY_ALIAS,0.4809619238476953,71.55172413793103,False,0.0,CONTEXT_ONLY_NOT_CALIBRATED
2333,nax518,원주,치악산 구룡사,heal,80.0,G07,강원특별자치도|원주시,강원특별자치도,municipality,UNIQUE_MUNICIPALITY_ALIAS,0.4809619238476953,71.55172413793103,False,0.0,CONTEXT_ONLY_NOT_CALIBRATED
2334,nax519,원주,원주 한지테마파크,activity,60.0,G02,강원특별자치도|원주시,강원특별자치도,municipality,UNIQUE_MUNICIPALITY_ALIAS,0.4809619238476953,71.55172413793103,False,0.0,CONTEXT_ONLY_NOT_CALIBRATED
2335,nax520,원주,원주중앙시장,food,50.0,G01,강원특별자치도|원주시,강원특별자치도,municipality,UNIQUE_MUNICIPALITY_ALIAS,0.4809619238476953,71.55172413793103,False,0.0,CONTEXT_ONLY_NOT_CALIBRATED
2336,nax521,평창,오대산 월정사,herit,100.0,G08,강원특별자치도|평창군,강원특별자치도,municipality,UNIQUE_MUNICIPALITY_ALIAS,0.18917835671342684,46.12068965517241,False,0.0,CONTEXT_ONLY_NOT_CALIBRATED
2337,nax522,평창,대관령 양떼목장,heal,70.0,G04,강원특별자치도|평창군,강원특별자치도,municipality,UNIQUE_MUNICIPALITY_ALIAS,0.18917835671342684,46.12068965517241,False,0.0,CONTEXT_ONLY_NOT_CALIBRATED
2338,nax523,평창,알펜시아,activity,120.0,G03,강원특별자치도|평창군,강원특별자치도,municipality,UNIQUE_MUNICIPALITY_ALIAS,0.18917835671342684,46.12068965517241,False,0.0,CONTEXT_ONLY_NOT_CALIBRATED
2339,nax524,평창,발왕산 케이블카,heal,80.0,G07,강원특별자치도|평창군,강원특별자치도,municipality,UNIQUE_MUNICIPALITY_ALIAS,0.18917835671342684,46.12068965517241,False,0.0,CONTEXT_ONLY_NOT_CALIBRATED
2340,nax525,평창,봉평 이효석문화마을,herit,70.0,G08,강원특별자치도|평창군,강원특별자치도,municipality,UNIQUE_MUNICIPALITY_ALIAS,0.18917835671342684,46.12068965517241,False,0.0,CONTEXT_ONLY_NOT_CALIBRATED
2341,nax601,파주,임진각 평화누리,herit,90.0,G08,경기도|파주시,경기도,municipality,UNIQUE_MUNICIPALITY_ALIAS,0.7879349471259469,87.28448275862068,False,0.0,CONTEXT_ONLY_NOT_CALIBRATED
2342,nax602,파주,헤이리 예술마을,activity,110.0,G03,경기도|파주시,경기도,municipality,UNIQUE_MUNICIPALITY_ALIAS,0.7879349471259469,87.28448275862068,False,0.0,CONTEXT_ONLY_NOT_CALIBRATED
2343,nax603,파주,파주 프로방스마을,food,60.0,G01,경기도|파주시,경기도,municipality,UNIQUE_MUNICIPALITY_ALIAS,0.7879349471259469,87.28448275862068,False,0.0,CONTEXT_ONLY_NOT_CALIBRATED
2344,nax604,파주,마장호수 흔들다리,heal,60.0,G04,경기도|파주시,경기도,municipality,UNIQUE_MUNICIPALITY_ALIAS,0.7879349471259469,87.28448275862068,False,0.0,CONTEXT_ONLY_NOT_CALIBRATED
2345,nax605,파주,파주 프리미엄아울렛,food,120.0,G07,경기도|파주시,경기도,municipality,UNIQUE_MUNICIPALITY_ALIAS,0.7879349471259469,87.28448275862068,False,0.0,CONTEXT_ONLY_NOT_CALIBRATED
2346,nax606,고양,일산호수공원,heal,80.0,G07,경기도|고양시,경기도,municipality,UNIQUE_MUNICIPALITY_ALIAS,2.166821104596354,97.41379310344827,False,0.0,CONTEXT_ONLY_NOT_CALIBRATED
2347,nax607,고양,스타필드 고양,food,120.0,G07,경기도|고양시,경기도,municipality,UNIQUE_MUNICIPALITY_ALIAS,2.166821104596354,97.41379310344827,False,0.0,CONTEXT_ONLY_NOT_CALIBRATED
2348,nax608,고양,고양 행주산성,herit,70.0,G08,경기도|고양시,경기도,municipality,UNIQUE_MUNICIPALITY_ALIAS,2.166821104596354,97.41379310344827,False,0.0,CONTEXT_ONLY_NOT_CALIBRATED
2349,nax609,고양,킨텍스,activity,90.0,G03,경기도|고양시,경기도,municipality,UNIQUE_MUNICIPALITY_ALIAS,2.166821104596354,97.41379310344827,False,0.0,CONTEXT_ONLY_NOT_CALIBRATED
2350,nax610,포천,포천 아트밸리,activity,90.0,G03,경기도|포천시,경기도,municipality,UNIQUE_MUNICIPALITY_ALIAS,0.44321340775834517,69.82758620689656,False,0.0,CONTEXT_ONLY_NOT_CALIBRATED
2351,nax611,포천,산정호수,heal,70.0,G04,경기도|포천시,경기도,municipality,UNIQUE_MUNICIPALITY_ALIAS,0.44321340775834517,69.82758620689656,False,0.0,CONTEXT_ONLY_NOT_CALIBRATED
2352,nax612,포천,허브아일랜드,heal,100.0,G07,경기도|포천시,경기도,municipality,UNIQUE_MUNICIPALITY_ALIAS,0.44321340775834517,69.82758620689656,False,0.0,CONTEXT_ONLY_NOT_CALIBRATED
2353,nax613,포천,국립수목원 광릉숲,heal,110.0,G07,경기도|포천시,경기도,municipality,UNIQUE_MUNICIPALITY_ALIAS,0.44321340775834517,69.82758620689656,False,0.0,CONTEXT_ONLY_NOT_CALIBRATED
2354,nax614,이천,예스파크 도자예술마을,activity,90.0,G03,경기도|이천시,경기도,municipality,UNIQUE_MUNICIPALITY_ALIAS,0.5663282432467742,76.9396551724138,False,0.0,CONTEXT_ONLY_NOT_CALIBRATED
2355,nax615,이천,설봉공원,heal,60.0,G04,경기도|이천시,경기도,municipality,UNIQUE_MUNICIPALITY_ALIAS,0.5663282432467742,76.9396551724138,False,0.0,CONTEXT_ONLY_NOT_CALIBRATED
2356,nax616,이천,이천 테르메덴,heal,150.0,G07,경기도|이천시,경기도,municipality,UNIQUE_MUNICIPALITY_ALIAS,0.5663282432467742,76.9396551724138,False,0.0,CONTEXT_ONLY_NOT_CALIBRATED
2357,nax617,이천,이천 온천,heal,110.0,G07,경기도|이천시,경기도,municipality,UNIQUE_MUNICIPALITY_ALIAS,0.5663282432467742,76.9396551724138,False,0.0,CONTEXT_ONLY_NOT_CALIBRATED
2358,nax618,남양주,다산유적지,herit,60.0,G08,경기도|남양주시,경기도,municipality,UNIQUE_MUNICIPALITY_ALIAS,0.8864268155166903,88.79310344827586,False,0.0,CONTEXT_ONLY_NOT_CALIBRATED
2359,nax619,남양주,수종사,heal,80.0,G07,경기도|남양주시,경기도,municipality,UNIQUE_MUNICIPALITY_ALIAS,0.8864268155166903,88.79310344827586,False,0.0,CONTEXT_ONLY_NOT_CALIBRATED
2360,nax620,남양주,피아노폭포,activity,40.0,G02,경기도|남양주시,경기도,municipality,UNIQUE_MUNICIPALITY_ALIAS,0.8864268155166903,88.79310344827586,False,0.0,CONTEXT_ONLY_NOT_CALIBRATED
2361,nax621,양양,낙산사,herit,90.0,G08,강원특별자치도|양양군,강원특별자치도,municipality,UNIQUE_MUNICIPALITY_ALIAS,0.1442885771543086,37.06896551724138,False,0.0,CONTEXT_ONLY_NOT_CALIBRATED
2362,nax622,양양,하조대,sea,50.0,G05,강원특별자치도|양양군,강원특별자치도,municipality,UNIQUE_MUNICIPALITY_ALIAS,0.1442885771543086,37.06896551724138,False,0.0,CONTEXT_ONLY_NOT_CALIBRATED
2363,nax623,양양,죽도해변,sea,70.0,G05,강원특별자치도|양양군,강원특별자치도,municipality,UNIQUE_MUNICIPALITY_ALIAS,0.1442885771543086,37.06896551724138,False,0.0,CONTEXT_ONLY_NOT_CALIBRATED
2364,nax624,양양,서피비치,activity,90.0,G03,강원특별자치도|양양군,강원특별자치도,municipality,UNIQUE_MUNICIPALITY_ALIAS,0.1442885771543086,37.06896551724138,False,0.0,CONTEXT_ONLY_NOT_CALIBRATED
2365,nax625,삼척,죽서루,herit,40.0,G08,강원특별자치도|삼척시,강원특별자치도,municipality,UNIQUE_MUNICIPALITY_ALIAS,0.09619238476953906,26.724137931034484,False,0.0,CONTEXT_ONLY_NOT_CALIBRATED
2366,nax626,삼척,대금굴·환선굴,heal,120.0,G07,강원특별자치도|삼척시,강원특별자치도,municipality,UNIQUE_MUNICIPALITY_ALIAS,0.09619238476953906,26.724137931034484,False,0.0,CONTEXT_ONLY_NOT_CALIBRATED
2367,nax627,삼척,장호항,sea,80.0,G05,강원특별자치도|삼척시,강원특별자치도,municipality,UNIQUE_MUNICIPALITY_ALIAS,0.09619238476953906,26.724137931034484,False,0.0,CONTEXT_ONLY_NOT_CALIBRATED
2368,nax628,삼척,삼척해수욕장,sea,70.0,G05,강원특별자치도|삼척시,강원특별자치도,municipality,UNIQUE_MUNICIPALITY_ALIAS,0.09619238476953906,26.724137931034484,False,0.0,CONTEXT_ONLY_NOT_CALIBRATED
2369,nax629,인제,원대리 자작나무숲,heal,120.0,G07,강원특별자치도|인제군,강원특별자치도,municipality,UNIQUE_MUNICIPALITY_ALIAS,0.07054108216432865,17.887931034482758,False,0.0,CONTEXT_ONLY_NOT_CALIBRATED
2370,nax630,인제,백담사,herit,90.0,G08,강원특별자치도|인제군,강원특별자치도,municipality,UNIQUE_MUNICIPALITY_ALIAS,0.07054108216432865,17.887931034482758,False,0.0,CONTEXT_ONLY_NOT_CALIBRATED
2371,nax631,인제,내린천 래프팅,activity,150.0,G06,강원특별자치도|인제군,강원특별자치도,municipality,UNIQUE_MUNICIPALITY_ALIAS,0.07054108216432865,17.887931034482758,False,0.0,CONTEXT_ONLY_NOT_CALIBRATED
2372,nax632,인제,인제 스피디움,activity,120.0,G03,강원특별자치도|인제군,강원특별자치도,municipality,UNIQUE_MUNICIPALITY_ALIAS,0.07054108216432865,17.887931034482758,False,0.0,CONTEXT_ONLY_NOT_CALIBRATED
2373,nax633,태백,태백산 국립공원,heal,180.0,G06,강원특별자치도|태백시,강원특별자치도,municipality,UNIQUE_MUNICIPALITY_ALIAS,0.05771543086172345,15.086206896551724,False,0.0,CONTEXT_ONLY_NOT_CALIBRATED
2374,nax634,태백,검룡소,heal,70.0,G04,강원특별자치도|태백시,강원특별자치도,municipality,UNIQUE_MUNICIPALITY_ALIAS,0.05771543086172345,15.086206896551724,False,0.0,CONTEXT_ONLY_NOT_CALIBRATED
2375,nax635,태백,구문소,heal,50.0,G04,강원특별자치도|태백시,강원특별자치도,municipality,UNIQUE_MUNICIPALITY_ALIAS,0.05771543086172345,15.086206896551724,False,0.0,CONTEXT_ONLY_NOT_CALIBRATED
2376,nax636,태백,통리탄탄파크,activity,70.0,G02,강원특별자치도|태백시,강원특별자치도,municipality,UNIQUE_MUNICIPALITY_ALIAS,0.05771543086172345,15.086206896551724,False,0.0,CONTEXT_ONLY_NOT_CALIBRATED
2377,nax637,청주,상당산성,herit,80.0,G08,충청북도|청주시,충청북도,municipality,UNIQUE_MUNICIPALITY_ALIAS,2.0180220581022184,96.55172413793103,False,0.0,CONTEXT_ONLY_NOT_CALIBRATED
2378,nax638,청주,청남대,heal,120.0,G07,충청북도|청주시,충청북도,municipality,UNIQUE_MUNICIPALITY_ALIAS,2.0180220581022184,96.55172413793103,False,0.0,CONTEXT_ONLY_NOT_CALIBRATED
2379,nax639,청주,수암골,activity,50.0,G02,충청북도|청주시,충청북도,municipality,UNIQUE_MUNICIPALITY_ALIAS,2.0180220581022184,96.55172413793103,False,0.0,CONTEXT_ONLY_NOT_CALIBRATED
2380,nax640,청주,고인쇄박물관,herit,70.0,G08,충청북도|청주시,충청북도,municipality,UNIQUE_MUNICIPALITY_ALIAS,2.0180220581022184,96.55172413793103,False,0.0,CONTEXT_ONLY_NOT_CALIBRATED
2381,nax641,제천,청풍호반케이블카,activity,70.0,G02,충청북도|제천시,충청북도,municipality,UNIQUE_MUNICIPALITY_ALIAS,0.21371414156985294,47.8448275862069,False,0.0,CONTEXT_ONLY_NOT_CALIBRATED
2382,nax642,제천,의림지,heal,60.0,G04,충청북도|제천시,충청북도,municipality,UNIQUE_MUNICIPALITY_ALIAS,0.21371414156985294,47.8448275862069,False,0.0,CONTEXT_ONLY_NOT_CALIBRATED
2383,nax643,제천,옥순봉 출렁다리,activity,60.0,G02,충청북도|제천시,충청북도,municipality,UNIQUE_MUNICIPALITY_ALIAS,0.21371414156985294,47.8448275862069,False,0.0,CONTEXT_ONLY_NOT_CALIBRATED
2384,nax644,제천,배론성지,herit,60.0,G08,충청북도|제천시,충청북도,municipality,UNIQUE_MUNICIPALITY_ALIAS,0.21371414156985294,47.8448275862069,False,0.0,CONTEXT_ONLY_NOT_CALIBRATED
2385,nax645,단양,도담삼봉,heal,50.0,G04,충청북도|단양군,충청북도,municipality,UNIQUE_MUNICIPALITY_ALIAS,0.08408425242092575,22.413793103448278,False,0.0,CONTEXT_ONLY_NOT_CALIBRATED
2386,nax646,단양,만천하스카이워크,activity,80.0,G03,충청북도|단양군,충청북도,municipality,UNIQUE_MUNICIPALITY_ALIAS,0.08408425242092575,22.413793103448278,False,0.0,CONTEXT_ONLY_NOT_CALIBRATED
2387,nax647,단양,고수동굴,heal,60.0,G04,충청북도|단양군,충청북도,municipality,UNIQUE_MUNICIPALITY_ALIAS,0.08408425242092575,22.413793103448278,False,0.0,CONTEXT_ONLY_NOT_CALIBRATED
2388,nax648,단양,단양 구경시장,food,50.0,G01,충청북도|단양군,충청북도,municipality,UNIQUE_MUNICIPALITY_ALIAS,0.08408425242092575,22.413793103448278,False,0.0,CONTEXT_ONLY_NOT_CALIBRATED
2389,nax649,보령,대천해수욕장,sea,80.0,G05,충청남도|보령시,충청남도,municipality,UNIQUE_MUNICIPALITY_ALIAS,0.15095255576217495,38.793103448275865,False,0.0,CONTEXT_ONLY_NOT_CALIBRATED
2390,nax650,보령,무창포해수욕장,sea,70.0,G05,충청남도|보령시,충청남도,municipality,UNIQUE_MUNICIPALITY_ALIAS,0.15095255576217495,38.793103448275865,False,0.0,CONTEXT_ONLY_NOT_CALIBRATED
2391,nax651,보령,개화예술공원,activity,70.0,G02,충청남도|보령시,충청남도,municipality,UNIQUE_MUNICIPALITY_ALIAS,0.15095255576217495,38.793103448275865,False,0.0,CONTEXT_ONLY_NOT_CALIBRATED
2392,nax652,보령,충청수영성,herit,50.0,G08,충청남도|보령시,충청남도,municipality,UNIQUE_MUNICIPALITY_ALIAS,0.15095255576217495,38.793103448275865,False,0.0,CONTEXT_ONLY_NOT_CALIBRATED
2393,nax653,아산,외암민속마을,herit,80.0,G08,충청남도|아산시,충청남도,municipality,UNIQUE_MUNICIPALITY_ALIAS,0.45285766728652493,70.6896551724138,False,0.0,CONTEXT_ONLY_NOT_CALIBRATED
2394,nax654,아산,현충사,herit,80.0,G08,충청남도|아산시,충청남도,municipality,UNIQUE_MUNICIPALITY_ALIAS,0.45285766728652493,70.6896551724138,False,0.0,CONTEXT_ONLY_NOT_CALIBRATED
2395,nax655,아산,온양온천,heal,110.0,G07,충청남도|아산시,충청남도,municipality,UNIQUE_MUNICIPALITY_ALIAS,0.45285766728652493,70.6896551724138,False,0.0,CONTEXT_ONLY_NOT_CALIBRATED
2396,nax656,아산,신정호수공원,heal,60.0,G04,충청남도|아산시,충청남도,municipality,UNIQUE_MUNICIPALITY_ALIAS,0.45285766728652493,70.6896551724138,False,0.0,CONTEXT_ONLY_NOT_CALIBRATED
2397,nax657,담양,죽녹원,heal,80.0,G07,전남광주통합특별시|담양군,전남광주통합특별시,municipality,UNIQUE_MUNICIPALITY_ALIAS,0.1056004224016896,30.603448275862068,True,0.0,CONTEXT_ONLY_NOT_CALIBRATED
2398,nax658,담양,메타세쿼이아 랜드,heal,60.0,G04,전남광주통합특별시|담양군,전남광주통합특별시,municipality,UNIQUE_MUNICIPALITY_ALIAS,0.1056004224016896,30.603448275862068,True,0.0,CONTEXT_ONLY_NOT_CALIBRATED
2399,nax659,담양,소쇄원,herit,60.0,G08,전남광주통합특별시|담양군,전남광주통합특별시,municipality,UNIQUE_MUNICIPALITY_ALIAS,0.1056004224016896,30.603448275862068,True,0.0,CONTEXT_ONLY_NOT_CALIBRATED
2400,nax660,담양,관방제림,heal,50.0,G04,전남광주통합특별시|담양군,전남광주통합특별시,municipality,UNIQUE_MUNICIPALITY_ALIAS,0.1056004224016896,30.603448275862068,True,0.0,CONTEXT_ONLY_NOT_CALIBRATED
2401,nax661,무주,덕유산 국립공원,heal,180.0,G06,전북특별자치도|무주군,전북특별자치도,municipality,UNIQUE_MUNICIPALITY_ALIAS,0.05511022044088176,13.362068965517242,False,0.0,CONTEXT_ONLY_NOT_CALIBRATED
2402,nax662,무주,무주구천동 33경,heal,120.0,G07,전북특별자치도|무주군,전북특별자치도,municipality,UNIQUE_MUNICIPALITY_ALIAS,0.05511022044088176,13.362068965517242,False,0.0,CONTEXT_ONLY_NOT_CALIBRATED
2403,nax663,무주,태권도원,activity,100.0,G03,전북특별자치도|무주군,전북특별자치도,municipality,UNIQUE_MUNICIPALITY_ALIAS,0.05511022044088176,13.362068965517242,False,0.0,CONTEXT_ONLY_NOT_CALIBRATED
2404,nax664,무주,반디랜드,activity,70.0,G02,전북특별자치도|무주군,전북특별자치도,municipality,UNIQUE_MUNICIPALITY_ALIAS,0.05511022044088176,13.362068965517242,False,0.0,CONTEXT_ONLY_NOT_CALIBRATED
2405,nax665,부안,채석강,sea,70.0,G05,전북특별자치도|부안군,전북특별자치도,municipality,UNIQUE_MUNICIPALITY_ALIAS,0.09478957915831662,25.862068965517242,False,0.0,CONTEXT_ONLY_NOT_CALIBRATED
2406,nax666,부안,내소사,herit,80.0,G08,전북특별자치도|부안군,전북특별자치도,municipality,UNIQUE_MUNICIPALITY_ALIAS,0.09478957915831662,25.862068965517242,False,0.0,CONTEXT_ONLY_NOT_CALIBRATED
2407,nax667,부안,변산해수욕장,sea,60.0,G05,전북특별자치도|부안군,전북특별자치도,municipality,UNIQUE_MUNICIPALITY_ALIAS,0.09478957915831662,25.862068965517242,False,0.0,CONTEXT_ONLY_NOT_CALIBRATED
2408,nax668,부안,곰소염전,activity,50.0,G02,전북특별자치도|부안군,전북특별자치도,municipality,UNIQUE_MUNICIPALITY_ALIAS,0.09478957915831662,25.862068965517242,False,0.0,CONTEXT_ONLY_NOT_CALIBRATED
2409,nax669,완도,청산도,sea,240.0,G06,전남광주통합특별시|완도군,전남광주통합특별시,municipality,UNIQUE_MUNICIPALITY_ALIAS,0.030800123200492798,5.172413793103448,True,0.0,CONTEXT_ONLY_NOT_CALIBRATED
2410,nax670,완도,완도타워,heal,60.0,G04,전남광주통합특별시|완도군,전남광주통합특별시,municipality,UNIQUE_MUNICIPALITY_ALIAS,0.030800123200492798,5.172413793103448,True,0.0,CONTEXT_ONLY_NOT_CALIBRATED
2411,nax671,완도,명사십리해수욕장,sea,70.0,G05,전남광주통합특별시|완도군,전남광주통합특별시,municipality,UNIQUE_MUNICIPALITY_ALIAS,0.030800123200492798,5.172413793103448,True,0.0,CONTEXT_ONLY_NOT_CALIBRATED
2412,nax672,완도,완도수목원,heal,90.0,G07,전남광주통합특별시|완도군,전남광주통합특별시,municipality,UNIQUE_MUNICIPALITY_ALIAS,0.030800123200492798,5.172413793103448,True,0.0,CONTEXT_ONLY_NOT_CALIBRATED
2413,nax673,밀양,영남루,herit,50.0,G08,경상남도|밀양시,경상남도,municipality,UNIQUE_MUNICIPALITY_ALIAS,0.09899799599198397,28.448275862068964,False,0.0,CONTEXT_ONLY_NOT_CALIBRATED
2414,nax674,밀양,밀양 얼음골,heal,70.0,G04,경상남도|밀양시,경상남도,municipality,UNIQUE_MUNICIPALITY_ALIAS,0.09899799599198397,28.448275862068964,False,0.0,CONTEXT_ONLY_NOT_CALIBRATED
2415,nax675,밀양,표충사,herit,80.0,G08,경상남도|밀양시,경상남도,municipality,UNIQUE_MUNICIPALITY_ALIAS,0.09899799599198397,28.448275862068964,False,0.0,CONTEXT_ONLY_NOT_CALIBRATED
2416,nax676,밀양,호박소,heal,50.0,G04,경상남도|밀양시,경상남도,municipality,UNIQUE_MUNICIPALITY_ALIAS,0.09899799599198397,28.448275862068964,False,0.0,CONTEXT_ONLY_NOT_CALIBRATED
2417,nax677,청송,주왕산 국립공원,heal,150.0,G07,경상북도|청송군,경상북도,municipality,UNIQUE_MUNICIPALITY_ALIAS,0.03603610818039675,7.974137931034483,False,0.0,CONTEXT_ONLY_NOT_CALIBRATED
2418,nax678,청송,주산지,heal,60.0,G04,경상북도|청송군,경상북도,municipality,UNIQUE_MUNICIPALITY_ALIAS,0.03603610818039675,7.974137931034483,False,0.0,CONTEXT_ONLY_NOT_CALIBRATED
2419,nax679,청송,청송 얼음골,activity,60.0,G02,경상북도|청송군,경상북도,municipality,UNIQUE_MUNICIPALITY_ALIAS,0.03603610818039675,7.974137931034483,False,0.0,CONTEXT_ONLY_NOT_CALIBRATED
2420,nax680,청송,송소고택,herit,50.0,G08,경상북도|청송군,경상북도,municipality,UNIQUE_MUNICIPALITY_ALIAS,0.03603610818039675,7.974137931034483,False,0.0,CONTEXT_ONLY_NOT_CALIBRATED
2421,nax681,영덕,강구항,food,70.0,G01,경상북도|영덕군,경상북도,municipality,UNIQUE_MUNICIPALITY_ALIAS,0.10090110290511091,29.310344827586206,False,0.0,CONTEXT_ONLY_NOT_CALIBRATED
2422,nax682,영덕,영덕 블루로드,sea,120.0,G07,경상북도|영덕군,경상북도,municipality,UNIQUE_MUNICIPALITY_ALIAS,0.10090110290511091,29.310344827586206,False,0.0,CONTEXT_ONLY_NOT_CALIBRATED
2423,nax683,영덕,삼사해상공원,heal,60.0,G04,경상북도|영덕군,경상북도,municipality,UNIQUE_MUNICIPALITY_ALIAS,0.10090110290511091,29.310344827586206,False,0.0,CONTEXT_ONLY_NOT_CALIBRATED
2424,nax684,영덕,장사해수욕장,sea,60.0,G05,경상북도|영덕군,경상북도,municipality,UNIQUE_MUNICIPALITY_ALIAS,0.10090110290511091,29.310344827586206,False,0.0,CONTEXT_ONLY_NOT_CALIBRATED
2425,nax685,구미,금오산 도립공원,heal,150.0,G07,경상북도|구미시,경상북도,municipality,UNIQUE_MUNICIPALITY_ALIAS,0.32072136280553115,61.206896551724135,False,0.0,CONTEXT_ONLY_NOT_CALIBRATED
2426,nax686,구미,채미정,herit,40.0,G08,경상북도|구미시,경상북도,municipality,UNIQUE_MUNICIPALITY_ALIAS,0.32072136280553115,61.206896551724135,False,0.0,CONTEXT_ONLY_NOT_CALIBRATED
2427,nax687,구미,새마을운동테마공원,herit,70.0,G08,경상북도|구미시,경상북도,municipality,UNIQUE_MUNICIPALITY_ALIAS,0.32072136280553115,61.206896551724135,False,0.0,CONTEXT_ONLY_NOT_CALIBRATED
2428,nax688,구미,낙동강체육공원,heal,50.0,G04,경상북도|구미시,경상북도,municipality,UNIQUE_MUNICIPALITY_ALIAS,0.32072136280553115,61.206896551724135,False,0.0,CONTEXT_ONLY_NOT_CALIBRATED
2429,nax689,세종,세종호수공원,heal,70.0,G04,세종특별자치시,세종특별자치시,province,PROVINCE_CONTEXT_ONLY,0.3006012024048096,,False,0.0,CONTEXT_ONLY_NOT_CALIBRATED
2430,nax690,세종,국립세종수목원,heal,100.0,G07,세종특별자치시,세종특별자치시,province,PROVINCE_CONTEXT_ONLY,0.3006012024048096,,False,0.0,CONTEXT_ONLY_NOT_CALIBRATED
2431,nax691,세종,베어트리파크,activity,90.0,G03,세종특별자치시,세종특별자치시,province,PROVINCE_CONTEXT_ONLY,0.3006012024048096,,False,0.0,CONTEXT_ONLY_NOT_CALIBRATED
2432,nax692,세종,고복자연공원,heal,60.0,G04,세종특별자치시,세종특별자치시,province,PROVINCE_CONTEXT_ONLY,0.3006012024048096,,False,0.0,CONTEXT_ONLY_NOT_CALIBRATED
2433,nax701,서울,서울숲,heal,80.0,G07,서울특별시,서울특별시,province,PROVINCE_CONTEXT_ONLY,29.058116232464926,,False,0.0,CONTEXT_ONLY_NOT_CALIBRATED
2434,nax702,서울,청와대,herit,90.0,G08,서울특별시,서울특별시,province,PROVINCE_CONTEXT_ONLY,29.058116232464926,,False,0.0,CONTEXT_ONLY_NOT_CALIBRATED
2435,nax703,서울,북서울꿈의숲,heal,70.0,G04,서울특별시,서울특별시,province,PROVINCE_CONTEXT_ONLY,29.058116232464926,,False,0.0,CONTEXT_ONLY_NOT_CALIBRATED
2436,nax704,서울,서울대공원,activity,180.0,G06,서울특별시,서울특별시,province,PROVINCE_CONTEXT_ONLY,29.058116232464926,,False,0.0,CONTEXT_ONLY_NOT_CALIBRATED
2437,nax705,서울,서울랜드,activity,180.0,G06,서울특별시,서울특별시,province,PROVINCE_CONTEXT_ONLY,29.058116232464926,,False,0.0,CONTEXT_ONLY_NOT_CALIBRATED
2438,nax706,서울,잠실야구장,activity,180.0,G06,서울특별시,서울특별시,province,PROVINCE_CONTEXT_ONLY,29.058116232464926,,False,0.0,CONTEXT_ONLY_NOT_CALIBRATED
2439,nax707,서울,고척스카이돔,activity,180.0,G06,서울특별시,서울특별시,province,PROVINCE_CONTEXT_ONLY,29.058116232464926,,False,0.0,CONTEXT_ONLY_NOT_CALIBRATED
2440,nax708,서울,길상사,herit,60.0,G08,서울특별시,서울특별시,province,PROVINCE_CONTEXT_ONLY,29.058116232464926,,False,0.0,CONTEXT_ONLY_NOT_CALIBRATED
2441,nax709,서울,아차산,heal,110.0,G07,서울특별시,서울특별시,province,PROVINCE_CONTEXT_ONLY,29.058116232464926,,False,0.0,CONTEXT_ONLY_NOT_CALIBRATED
2442,nax710,서울,세빛섬,activity,60.0,G02,서울특별시,서울특별시,province,PROVINCE_CONTEXT_ONLY,29.058116232464926,,False,0.0,CONTEXT_ONLY_NOT_CALIBRATED
2443,nax711,서울,더현대 서울,food,120.0,G07,서울특별시,서울특별시,province,PROVINCE_CONTEXT_ONLY,29.058116232464926,,False,0.0,CONTEXT_ONLY_NOT_CALIBRATED
2444,nax712,서울,국립항공박물관,activity,80.0,G03,서울특별시,서울특별시,province,PROVINCE_CONTEXT_ONLY,29.058116232464926,,False,0.0,CONTEXT_ONLY_NOT_CALIBRATED
2445,nax713,서울,문래동 창작촌,activity,60.0,G02,서울특별시,서울특별시,province,PROVINCE_CONTEXT_ONLY,29.058116232464926,,False,0.0,CONTEXT_ONLY_NOT_CALIBRATED
2446,nax714,서울,응봉산 팔각정,heal,50.0,G04,서울특별시,서울특별시,province,PROVINCE_CONTEXT_ONLY,29.058116232464926,,False,0.0,CONTEXT_ONLY_NOT_CALIBRATED
2447,nax715,인천,석모도 미네랄온천,heal,110.0,G07,인천광역시,인천광역시,province,PROVINCE_CONTEXT_ONLY,5.310621242484969,,True,0.0,CONTEXT_ONLY_NOT_CALIBRATED
2448,nax716,인천,교동도 대룡시장,herit,60.0,G08,인천광역시,인천광역시,province,PROVINCE_CONTEXT_ONLY,5.310621242484969,,True,0.0,CONTEXT_ONLY_NOT_CALIBRATED
2449,nax717,인천,송도 트리플스트리트,food,90.0,G01,인천광역시,인천광역시,province,PROVINCE_CONTEXT_ONLY,5.310621242484969,,True,0.0,CONTEXT_ONLY_NOT_CALIBRATED
2450,nax718,수원,창룡문,herit,40.0,G08,경기도|수원시,경기도,municipality,UNIQUE_MUNICIPALITY_ALIAS,2.289935940084783,98.70689655172414,False,0.0,CONTEXT_ONLY_NOT_CALIBRATED
2451,nax719,수원,수원 남문시장,food,60.0,G01,경기도|수원시,경기도,municipality,UNIQUE_MUNICIPALITY_ALIAS,2.289935940084783,98.70689655172414,False,0.0,CONTEXT_ONLY_NOT_CALIBRATED
2452,nax720,수원,수원 KT위즈파크,activity,180.0,G06,경기도|수원시,경기도,municipality,UNIQUE_MUNICIPALITY_ALIAS,2.289935940084783,98.70689655172414,False,0.0,CONTEXT_ONLY_NOT_CALIBRATED
2453,nax721,수원,광교산,heal,150.0,G07,경기도|수원시,경기도,municipality,UNIQUE_MUNICIPALITY_ALIAS,2.289935940084783,98.70689655172414,False,0.0,CONTEXT_ONLY_NOT_CALIBRATED
2454,nax722,고양,서오릉,herit,80.0,G08,경기도|고양시,경기도,municipality,UNIQUE_MUNICIPALITY_ALIAS,2.166821104596354,97.41379310344827,False,0.0,CONTEXT_ONLY_NOT_CALIBRATED
2455,nax723,고양,원마운트,activity,150.0,G06,경기도|고양시,경기도,municipality,UNIQUE_MUNICIPALITY_ALIAS,2.166821104596354,97.41379310344827,False,0.0,CONTEXT_ONLY_NOT_CALIBRATED
2456,nax724,용인,캐리비안베이,activity,240.0,G06,경기도|용인시,경기도,municipality,UNIQUE_MUNICIPALITY_ALIAS,2.265312972987097,98.27586206896552,False,0.0,CONTEXT_ONLY_NOT_CALIBRATED
2457,nax725,용인,와우정사,herit,60.0,G08,경기도|용인시,경기도,municipality,UNIQUE_MUNICIPALITY_ALIAS,2.265312972987097,98.27586206896552,False,0.0,CONTEXT_ONLY_NOT_CALIBRATED
2458,nax726,파주,감악산 출렁다리,activity,80.0,G03,경기도|파주시,경기도,municipality,UNIQUE_MUNICIPALITY_ALIAS,0.7879349471259469,87.28448275862068,False,0.0,CONTEXT_ONLY_NOT_CALIBRATED
2459,nax727,파주,오두산 통일전망대,herit,70.0,G08,경기도|파주시,경기도,municipality,UNIQUE_MUNICIPALITY_ALIAS,0.7879349471259469,87.28448275862068,False,0.0,CONTEXT_ONLY_NOT_CALIBRATED
2460,nax728,파주,벽초지수목원,heal,90.0,G07,경기도|파주시,경기도,municipality,UNIQUE_MUNICIPALITY_ALIAS,0.7879349471259469,87.28448275862068,False,0.0,CONTEXT_ONLY_NOT_CALIBRATED
2461,nax729,가평,에델바이스 스위스테마파크,activity,70.0,G02,경기도|가평군,경기도,municipality,UNIQUE_MUNICIPALITY_ALIAS,0.27085263807454424,54.741379310344826,False,0.0,CONTEXT_ONLY_NOT_CALIBRATED
2462,nax730,가평,청평호반,heal,60.0,G04,경기도|가평군,경기도,municipality,UNIQUE_MUNICIPALITY_ALIAS,0.27085263807454424,54.741379310344826,False,0.0,CONTEXT_ONLY_NOT_CALIBRATED
2463,nax731,포천,비둘기낭폭포,heal,50.0,G04,경기도|포천시,경기도,municipality,UNIQUE_MUNICIPALITY_ALIAS,0.44321340775834517,69.82758620689656,False,0.0,CONTEXT_ONLY_NOT_CALIBRATED
2464,nax732,포천,한탄강 하늘다리,activity,50.0,G02,경기도|포천시,경기도,municipality,UNIQUE_MUNICIPALITY_ALIAS,0.44321340775834517,69.82758620689656,False,0.0,CONTEXT_ONLY_NOT_CALIBRATED
2465,nax733,포천,평강랜드,heal,90.0,G07,경기도|포천시,경기도,municipality,UNIQUE_MUNICIPALITY_ALIAS,0.44321340775834517,69.82758620689656,False,0.0,CONTEXT_ONLY_NOT_CALIBRATED
2466,nax734,춘천,강촌레일파크,activity,90.0,G03,강원특별자치도|춘천시,강원특별자치도,municipality,UNIQUE_MUNICIPALITY_ALIAS,0.3687374749498998,63.793103448275865,False,0.0,CONTEXT_ONLY_NOT_CALIBRATED
2467,nax735,춘천,제이드가든,heal,90.0,G07,강원특별자치도|춘천시,강원특별자치도,municipality,UNIQUE_MUNICIPALITY_ALIAS,0.3687374749498998,63.793103448275865,False,0.0,CONTEXT_ONLY_NOT_CALIBRATED
2468,nax736,춘천,구곡폭포,heal,60.0,G04,강원특별자치도|춘천시,강원특별자치도,municipality,UNIQUE_MUNICIPALITY_ALIAS,0.3687374749498998,63.793103448275865,False,0.0,CONTEXT_ONLY_NOT_CALIBRATED
2469,nax737,춘천,애니메이션박물관,activity,70.0,G02,강원특별자치도|춘천시,강원특별자치도,municipality,UNIQUE_MUNICIPALITY_ALIAS,0.3687374749498998,63.793103448275865,False,0.0,CONTEXT_ONLY_NOT_CALIBRATED
2470,nax738,강릉,하슬라아트월드,activity,110.0,G03,강원특별자치도|강릉시,강원특별자치도,municipality,UNIQUE_MUNICIPALITY_ALIAS,0.5098196392785571,72.84482758620689,False,0.0,CONTEXT_ONLY_NOT_CALIBRATED
2471,nax739,강릉,정동심곡 바다부채길,sea,90.0,G07,강원특별자치도|강릉시,강원특별자치도,municipality,UNIQUE_MUNICIPALITY_ALIAS,0.5098196392785571,72.84482758620689,False,0.0,CONTEXT_ONLY_NOT_CALIBRATED
2472,nax740,강릉,안반데기,heal,80.0,G07,강원특별자치도|강릉시,강원특별자치도,municipality,UNIQUE_MUNICIPALITY_ALIAS,0.5098196392785571,72.84482758620689,False,0.0,CONTEXT_ONLY_NOT_CALIBRATED
2473,nax741,강릉,솔향수목원,heal,70.0,G04,강원특별자치도|강릉시,강원특별자치도,municipality,UNIQUE_MUNICIPALITY_ALIAS,0.5098196392785571,72.84482758620689,False,0.0,CONTEXT_ONLY_NOT_CALIBRATED
2474,nax742,강릉,강릉커피박물관,food,60.0,G01,강원특별자치도|강릉시,강원특별자치도,municipality,UNIQUE_MUNICIPALITY_ALIAS,0.5098196392785571,72.84482758620689,False,0.0,CONTEXT_ONLY_NOT_CALIBRATED
2475,nax743,속초,흔들바위·울산바위,heal,150.0,G07,강원특별자치도|속초시,강원특별자치도,municipality,UNIQUE_MUNICIPALITY_ALIAS,0.38797595190380757,65.51724137931035,False,0.0,CONTEXT_ONLY_NOT_CALIBRATED
2476,nax744,속초,영랑호 범바위,heal,50.0,G04,강원특별자치도|속초시,강원특별자치도,municipality,UNIQUE_MUNICIPALITY_ALIAS,0.38797595190380757,65.51724137931035,False,0.0,CONTEXT_ONLY_NOT_CALIBRATED
2477,nax745,속초,척산온천,heal,110.0,G07,강원특별자치도|속초시,강원특별자치도,municipality,UNIQUE_MUNICIPALITY_ALIAS,0.38797595190380757,65.51724137931035,False,0.0,CONTEXT_ONLY_NOT_CALIBRATED
2478,nax746,평창,대관령 삼양목장,heal,110.0,G07,강원특별자치도|평창군,강원특별자치도,municipality,UNIQUE_MUNICIPALITY_ALIAS,0.18917835671342684,46.12068965517241,False,0.0,CONTEXT_ONLY_NOT_CALIBRATED
2479,nax747,평창,육백마지기,heal,80.0,G07,강원특별자치도|평창군,강원특별자치도,municipality,UNIQUE_MUNICIPALITY_ALIAS,0.18917835671342684,46.12068965517241,False,0.0,CONTEXT_ONLY_NOT_CALIBRATED
2480,nax748,평창,허브나라농원,heal,80.0,G07,강원특별자치도|평창군,강원특별자치도,municipality,UNIQUE_MUNICIPALITY_ALIAS,0.18917835671342684,46.12068965517241,False,0.0,CONTEXT_ONLY_NOT_CALIBRATED
2481,nax761,부산,황령산 봉수대,heal,60.0,G04,부산광역시,부산광역시,province,PROVINCE_CONTEXT_ONLY,6.4128256513026045,,False,0.0,CONTEXT_ONLY_NOT_CALIBRATED
2482,nax762,부산,송상현광장,heal,40.0,G04,부산광역시,부산광역시,province,PROVINCE_CONTEXT_ONLY,6.4128256513026045,,False,0.0,CONTEXT_ONLY_NOT_CALIBRATED
2483,nax763,부산,다대포해수욕장,sea,80.0,G05,부산광역시,부산광역시,province,PROVINCE_CONTEXT_ONLY,6.4128256513026045,,False,0.0,CONTEXT_ONLY_NOT_CALIBRATED
2484,nax764,부산,임랑해수욕장,sea,60.0,G05,부산광역시,부산광역시,province,PROVINCE_CONTEXT_ONLY,6.4128256513026045,,False,0.0,CONTEXT_ONLY_NOT_CALIBRATED
2485,nax765,부산,아난티 코브,heal,90.0,G07,부산광역시,부산광역시,province,PROVINCE_CONTEXT_ONLY,6.4128256513026045,,False,0.0,CONTEXT_ONLY_NOT_CALIBRATED
2486,nax766,대구,대구 근대골목,herit,80.0,G08,대구광역시,대구광역시,province,PROVINCE_CONTEXT_ONLY,3.707414829659318,,False,0.0,CONTEXT_ONLY_NOT_CALIBRATED
2487,nax767,대구,서문시장 야시장,food,70.0,G01,대구광역시,대구광역시,province,PROVINCE_CONTEXT_ONLY,3.707414829659318,,False,0.0,CONTEXT_ONLY_NOT_CALIBRATED
2488,nax768,대구,팔공산 갓바위,herit,120.0,G07,대구광역시,대구광역시,province,PROVINCE_CONTEXT_ONLY,3.707414829659318,,False,0.0,CONTEXT_ONLY_NOT_CALIBRATED
2489,nax769,대구,아양기찻길,activity,40.0,G02,대구광역시,대구광역시,province,PROVINCE_CONTEXT_ONLY,3.707414829659318,,False,0.0,CONTEXT_ONLY_NOT_CALIBRATED
2490,nax770,대구,스파밸리,heal,150.0,G07,대구광역시,대구광역시,province,PROVINCE_CONTEXT_ONLY,3.707414829659318,,False,0.0,CONTEXT_ONLY_NOT_CALIBRATED
2491,nax771,경주,골굴사,herit,70.0,G08,경상북도|경주시,경상북도,municipality,UNIQUE_MUNICIPALITY_ALIAS,0.6234246715208639,80.17241379310344,False,0.0,CONTEXT_ONLY_NOT_CALIBRATED
2492,nax772,경주,기림사,herit,70.0,G08,경상북도|경주시,경상북도,municipality,UNIQUE_MUNICIPALITY_ALIAS,0.6234246715208639,80.17241379310344,False,0.0,CONTEXT_ONLY_NOT_CALIBRATED
2493,nax773,경주,양남 주상절리 파도소리길,sea,60.0,G05,경상북도|경주시,경상북도,municipality,UNIQUE_MUNICIPALITY_ALIAS,0.6234246715208639,80.17241379310344,False,0.0,CONTEXT_ONLY_NOT_CALIBRATED
2494,nax774,울산,십리대숲,heal,70.0,G04,울산광역시,울산광역시,province,PROVINCE_CONTEXT_ONLY,1.5030060120240478,,False,0.0,CONTEXT_ONLY_NOT_CALIBRATED
2495,nax775,울산,슬도,sea,50.0,G05,울산광역시,울산광역시,province,PROVINCE_CONTEXT_ONLY,1.5030060120240478,,False,0.0,CONTEXT_ONLY_NOT_CALIBRATED
2496,nax776,울산,강동 몽돌해변,sea,50.0,G05,울산광역시,울산광역시,province,PROVINCE_CONTEXT_ONLY,1.5030060120240478,,False,0.0,CONTEXT_ONLY_NOT_CALIBRATED
2497,nax777,창원,저도 콰이강의다리,activity,50.0,G02,경상남도|창원시,경상남도,municipality,UNIQUE_MUNICIPALITY_ALIAS,1.2869739478957913,93.96551724137932,False,0.0,CONTEXT_ONLY_NOT_CALIBRATED
2498,nax778,창원,진해해양공원,sea,80.0,G05,경상남도|창원시,경상남도,municipality,UNIQUE_MUNICIPALITY_ALIAS,1.2869739478957913,93.96551724137932,False,0.0,CONTEXT_ONLY_NOT_CALIBRATED
2499,nax779,창원,마산해양드라마세트장,activity,50.0,G02,경상남도|창원시,경상남도,municipality,UNIQUE_MUNICIPALITY_ALIAS,1.2869739478957913,93.96551724137932,False,0.0,CONTEXT_ONLY_NOT_CALIBRATED
2500,nax780,통영,소매물도,sea,240.0,G06,경상남도|통영시,경상남도,municipality,UNIQUE_MUNICIPALITY_ALIAS,0.13326653306613226,35.3448275862069,False,0.0,CONTEXT_ONLY_NOT_CALIBRATED
2501,nax781,통영,연화도,sea,180.0,G06,경상남도|통영시,경상남도,municipality,UNIQUE_MUNICIPALITY_ALIAS,0.13326653306613226,35.3448275862069,False,0.0,CONTEXT_ONLY_NOT_CALIBRATED
2502,nax782,통영,사량도,heal,240.0,G06,경상남도|통영시,경상남도,municipality,UNIQUE_MUNICIPALITY_ALIAS,0.13326653306613226,35.3448275862069,False,0.0,CONTEXT_ONLY_NOT_CALIBRATED
2503,nax783,거제,공곶이,heal,80.0,G07,경상남도|거제시,경상남도,municipality,UNIQUE_MUNICIPALITY_ALIAS,0.16753507014028057,42.241379310344826,False,0.0,CONTEXT_ONLY_NOT_CALIBRATED
2504,nax784,거제,근포동굴,activity,40.0,G02,경상남도|거제시,경상남도,municipality,UNIQUE_MUNICIPALITY_ALIAS,0.16753507014028057,42.241379310344826,False,0.0,CONTEXT_ONLY_NOT_CALIBRATED
2505,nax785,거제,여차몽돌해변,sea,50.0,G05,경상남도|거제시,경상남도,municipality,UNIQUE_MUNICIPALITY_ALIAS,0.16753507014028057,42.241379310344826,False,0.0,CONTEXT_ONLY_NOT_CALIBRATED
2506,nax786,전주,완산칠봉 꽃동산,heal,60.0,G04,전북특별자치도|전주시,전북특별자치도,municipality,UNIQUE_MUNICIPALITY_ALIAS,0.7384769539078156,86.20689655172414,False,0.0,CONTEXT_ONLY_NOT_CALIBRATED
2507,nax787,전주,아중호수,heal,50.0,G04,전북특별자치도|전주시,전북특별자치도,municipality,UNIQUE_MUNICIPALITY_ALIAS,0.7384769539078156,86.20689655172414,False,0.0,CONTEXT_ONLY_NOT_CALIBRATED
2508,nax788,전주,치명자산성지,herit,60.0,G08,전북특별자치도|전주시,전북특별자치도,municipality,UNIQUE_MUNICIPALITY_ALIAS,0.7384769539078156,86.20689655172414,False,0.0,CONTEXT_ONLY_NOT_CALIBRATED
2509,nax789,광주,국립 5·18 민주묘지,herit,70.0,G08,,,unresolved,AMBIGUOUS_METRO_VS_CITY,,,False,0.0,CONTEXT_ONLY_NOT_CALIBRATED
2510,nax790,광주,사직공원 전망타워,heal,50.0,G04,,,unresolved,AMBIGUOUS_METRO_VS_CITY,,,False,0.0,CONTEXT_ONLY_NOT_CALIBRATED
2511,nax791,광주,펭귄마을,activity,50.0,G02,,,unresolved,AMBIGUOUS_METRO_VS_CITY,,,False,0.0,CONTEXT_ONLY_NOT_CALIBRATED
2512,nax792,여수,하화도 꽃섬,sea,180.0,G06,전남광주통합특별시|여수시,전남광주통합특별시,municipality,UNIQUE_MUNICIPALITY_ALIAS,0.3432013728054912,62.93103448275862,True,0.0,CONTEXT_ONLY_NOT_CALIBRATED
2513,nax793,여수,고소동 천사벽화골목,activity,50.0,G02,전남광주통합특별시|여수시,전남광주통합특별시,municipality,UNIQUE_MUNICIPALITY_ALIAS,0.3432013728054912,62.93103448275862,True,0.0,CONTEXT_ONLY_NOT_CALIBRATED
2514,nax794,여수,만성리 검은모래해변,sea,50.0,G05,전남광주통합특별시|여수시,전남광주통합특별시,municipality,UNIQUE_MUNICIPALITY_ALIAS,0.3432013728054912,62.93103448275862,True,0.0,CONTEXT_ONLY_NOT_CALIBRATED
2515,nax795,목포,삼학도,heal,60.0,G04,전남광주통합특별시|목포시,전남광주통합특별시,municipality,UNIQUE_MUNICIPALITY_ALIAS,0.2596010384041536,53.01724137931034,True,0.0,CONTEXT_ONLY_NOT_CALIBRATED
2516,nax796,목포,고하도 용머리,sea,70.0,G05,전남광주통합특별시|목포시,전남광주통합특별시,municipality,UNIQUE_MUNICIPALITY_ALIAS,0.2596010384041536,53.01724137931034,True,0.0,CONTEXT_ONLY_NOT_CALIBRATED
2517,nax797,목포,서산동 시화골목,activity,50.0,G02,전남광주통합특별시|목포시,전남광주통합특별시,municipality,UNIQUE_MUNICIPALITY_ALIAS,0.2596010384041536,53.01724137931034,True,0.0,CONTEXT_ONLY_NOT_CALIBRATED
2518,nax798,순천,송광사,herit,90.0,G08,전남광주통합특별시|순천시,전남광주통합특별시,municipality,UNIQUE_MUNICIPALITY_ALIAS,0.2728010912043648,55.172413793103445,True,0.0,CONTEXT_ONLY_NOT_CALIBRATED
2519,nax799,순천,조계산,heal,150.0,G07,전남광주통합특별시|순천시,전남광주통합특별시,municipality,UNIQUE_MUNICIPALITY_ALIAS,0.2728010912043648,55.172413793103445,True,0.0,CONTEXT_ONLY_NOT_CALIBRATED
2520,nax800,순천,뿌리깊은나무박물관,herit,50.0,G08,전남광주통합특별시|순천시,전남광주통합특별시,municipality,UNIQUE_MUNICIPALITY_ALIAS,0.2728010912043648,55.172413793103445,True,0.0,CONTEXT_ONLY_NOT_CALIBRATED
2521,nax801,제주,비자림로 삼나무길,heal,40.0,G04,제주특별자치도,제주특별자치도,province,PROVINCE_CONTEXT_ONLY,1.7034068136272542,,False,0.0,CONTEXT_ONLY_NOT_CALIBRATED
2522,nax802,제주,김녕 미로공원,activity,60.0,G02,제주특별자치도,제주특별자치도,province,PROVINCE_CONTEXT_ONLY,1.7034068136272542,,False,0.0,CONTEXT_ONLY_NOT_CALIBRATED
2523,nax803,제주,아쿠아플라넷 제주,activity,120.0,G03,제주특별자치도,제주특별자치도,province,PROVINCE_CONTEXT_ONLY,1.7034068136272542,,False,0.0,CONTEXT_ONLY_NOT_CALIBRATED
2524,nax804,제주,스누피가든,activity,90.0,G03,제주특별자치도,제주특별자치도,province,PROVINCE_CONTEXT_ONLY,1.7034068136272542,,False,0.0,CONTEXT_ONLY_NOT_CALIBRATED
2525,nax805,제주,함덕 서우봉,heal,60.0,G04,제주특별자치도,제주특별자치도,province,PROVINCE_CONTEXT_ONLY,1.7034068136272542,,False,0.0,CONTEXT_ONLY_NOT_CALIBRATED
2526,nax821,안동,봉정사,herit,80.0,G08,경상북도|안동시,경상북도,municipality,UNIQUE_MUNICIPALITY_ALIAS,0.16936970844786475,43.53448275862069,False,0.0,CONTEXT_ONLY_NOT_CALIBRATED
2527,nax822,안동,만휴정,herit,40.0,G08,경상북도|안동시,경상북도,municipality,UNIQUE_MUNICIPALITY_ALIAS,0.16936970844786475,43.53448275862069,False,0.0,CONTEXT_ONLY_NOT_CALIBRATED
2528,nax823,안동,예끼마을,activity,60.0,G02,경상북도|안동시,경상북도,municipality,UNIQUE_MUNICIPALITY_ALIAS,0.16936970844786475,43.53448275862069,False,0.0,CONTEXT_ONLY_NOT_CALIBRATED
2529,nax824,경주,남산 삼릉,herit,90.0,G08,경상북도|경주시,경상북도,municipality,UNIQUE_MUNICIPALITY_ALIAS,0.6234246715208639,80.17241379310344,False,0.0,CONTEXT_ONLY_NOT_CALIBRATED
2530,nax825,경주,무장사지,herit,60.0,G08,경상북도|경주시,경상북도,municipality,UNIQUE_MUNICIPALITY_ALIAS,0.6234246715208639,80.17241379310344,False,0.0,CONTEXT_ONLY_NOT_CALIBRATED
2531,nax826,경주,황남빵 본점,food,30.0,G01,경상북도|경주시,경상북도,municipality,UNIQUE_MUNICIPALITY_ALIAS,0.6234246715208639,80.17241379310344,False,0.0,CONTEXT_ONLY_NOT_CALIBRATED
2532,nax827,포항,이가리 닻전망대,sea,50.0,G05,경상북도|포항시,경상북도,municipality,UNIQUE_MUNICIPALITY_ALIAS,0.5981993957945861,78.01724137931035,False,0.0,CONTEXT_ONLY_NOT_CALIBRATED
2533,nax828,포항,호미반도 해안둘레길,sea,120.0,G07,경상북도|포항시,경상북도,municipality,UNIQUE_MUNICIPALITY_ALIAS,0.5981993957945861,78.01724137931035,False,0.0,CONTEXT_ONLY_NOT_CALIBRATED
2534,nax829,포항,오어사,heal,60.0,G04,경상북도|포항시,경상북도,municipality,UNIQUE_MUNICIPALITY_ALIAS,0.5981993957945861,78.01724137931035,False,0.0,CONTEXT_ONLY_NOT_CALIBRATED
2535,nax830,대전,장태산자연휴양림,heal,90.0,G07,대전광역시,대전광역시,province,PROVINCE_CONTEXT_ONLY,3.2064128256513023,,False,0.0,CONTEXT_ONLY_NOT_CALIBRATED
2536,nax831,대전,수통골,heal,80.0,G07,대전광역시,대전광역시,province,PROVINCE_CONTEXT_ONLY,3.2064128256513023,,False,0.0,CONTEXT_ONLY_NOT_CALIBRATED
2537,nax832,대전,신세계 아트앤사이언스,food,120.0,G07,대전광역시,대전광역시,province,PROVINCE_CONTEXT_ONLY,3.2064128256513023,,False,0.0,CONTEXT_ONLY_NOT_CALIBRATED
2538,nax833,청주,문의문화재단지,herit,70.0,G08,충청북도|청주시,충청북도,municipality,UNIQUE_MUNICIPALITY_ALIAS,2.0180220581022184,96.55172413793103,False,0.0,CONTEXT_ONLY_NOT_CALIBRATED
2539,nax834,청주,미동산수목원,heal,80.0,G07,충청북도|청주시,충청북도,municipality,UNIQUE_MUNICIPALITY_ALIAS,2.0180220581022184,96.55172413793103,False,0.0,CONTEXT_ONLY_NOT_CALIBRATED
2540,nax835,천안,광덕사,herit,60.0,G08,충청남도|천안시,충청남도,municipality,UNIQUE_MUNICIPALITY_ALIAS,1.1479415287030514,91.37931034482759,False,0.0,CONTEXT_ONLY_NOT_CALIBRATED
2541,nax836,공주,계룡산 갑사,herit,80.0,G08,충청남도|공주시,충청남도,municipality,UNIQUE_MUNICIPALITY_ALIAS,0.2808419642086976,55.60344827586207,False,0.0,CONTEXT_ONLY_NOT_CALIBRATED
2542,nax837,공주,고마나루,herit,50.0,G08,충청남도|공주시,충청남도,municipality,UNIQUE_MUNICIPALITY_ALIAS,0.2808419642086976,55.60344827586207,False,0.0,CONTEXT_ONLY_NOT_CALIBRATED
2543,nax838,전주,덕진채련,heal,50.0,G04,전북특별자치도|전주시,전북특별자치도,municipality,UNIQUE_MUNICIPALITY_ALIAS,0.7384769539078156,86.20689655172414,False,0.0,CONTEXT_ONLY_NOT_CALIBRATED
2544,nax839,전주,동고산성,herit,60.0,G08,전북특별자치도|전주시,전북특별자치도,municipality,UNIQUE_MUNICIPALITY_ALIAS,0.7384769539078156,86.20689655172414,False,0.0,CONTEXT_ONLY_NOT_CALIBRATED
2545,nax840,남원,지리산 정령치,heal,70.0,G04,전북특별자치도|남원시,전북특별자치도,municipality,UNIQUE_MUNICIPALITY_ALIAS,0.10360721442885772,30.17241379310345,False,0.0,CONTEXT_ONLY_NOT_CALIBRATED
2546,nax841,남원,혼불문학관,herit,50.0,G08,전북특별자치도|남원시,전북특별자치도,municipality,UNIQUE_MUNICIPALITY_ALIAS,0.10360721442885772,30.17241379310345,False,0.0,CONTEXT_ONLY_NOT_CALIBRATED
2547,nax842,순천,선암사 승선교,herit,30.0,G08,전남광주통합특별시|순천시,전남광주통합특별시,municipality,UNIQUE_MUNICIPALITY_ALIAS,0.2728010912043648,55.172413793103445,True,0.0,CONTEXT_ONLY_NOT_CALIBRATED
2548,nax843,목포,평화광장 춤추는바다분수,activity,50.0,G02,전남광주통합특별시|목포시,전남광주통합특별시,municipality,UNIQUE_MUNICIPALITY_ALIAS,0.2596010384041536,53.01724137931034,True,0.0,CONTEXT_ONLY_NOT_CALIBRATED
2549,nax844,군산,새만금방조제,sea,70.0,G05,전북특별자치도|군산시,전북특별자치도,municipality,UNIQUE_MUNICIPALITY_ALIAS,0.3571142284569138,63.36206896551724,False,0.0,CONTEXT_ONLY_NOT_CALIBRATED
2550,nax845,군산,은파호수공원,heal,60.0,G04,전북특별자치도|군산시,전북특별자치도,municipality,UNIQUE_MUNICIPALITY_ALIAS,0.3571142284569138,63.36206896551724,False,0.0,CONTEXT_ONLY_NOT_CALIBRATED
2551,nax846,군산,진포해양테마공원,herit,60.0,G08,전북특별자치도|군산시,전북특별자치도,municipality,UNIQUE_MUNICIPALITY_ALIAS,0.3571142284569138,63.36206896551724,False,0.0,CONTEXT_ONLY_NOT_CALIBRATED
2552,nax847,익산,익산 교도소세트장,activity,50.0,G02,전북특별자치도|익산시,전북특별자치도,municipality,UNIQUE_MUNICIPALITY_ALIAS,0.2226452905811623,48.706896551724135,False,0.0,CONTEXT_ONLY_NOT_CALIBRATED
2553,nax848,익산,금마저수지,heal,50.0,G04,전북특별자치도|익산시,전북특별자치도,municipality,UNIQUE_MUNICIPALITY_ALIAS,0.2226452905811623,48.706896551724135,False,0.0,CONTEXT_ONLY_NOT_CALIBRATED
2554,nax849,부산,을숙도 생태공원,heal,80.0,G07,부산광역시,부산광역시,province,PROVINCE_CONTEXT_ONLY,6.4128256513026045,,False,0.0,CONTEXT_ONLY_NOT_CALIBRATED
2555,nax850,부산,오랑대공원,sea,50.0,G05,부산광역시,부산광역시,province,PROVINCE_CONTEXT_ONLY,6.4128256513026045,,False,0.0,CONTEXT_ONLY_NOT_CALIBRATED
2556,nax851,부산,청사포 다릿돌전망대,sea,40.0,G05,부산광역시,부산광역시,province,PROVINCE_CONTEXT_ONLY,6.4128256513026045,,False,0.0,CONTEXT_ONLY_NOT_CALIBRATED
2557,nax852,김해,봉하마을,herit,70.0,G08,경상남도|김해시,경상남도,municipality,UNIQUE_MUNICIPALITY_ALIAS,0.6511022044088176,81.46551724137932,False,0.0,CONTEXT_ONLY_NOT_CALIBRATED
2558,nax853,김해,분청도자박물관,herit,50.0,G08,경상남도|김해시,경상남도,municipality,UNIQUE_MUNICIPALITY_ALIAS,0.6511022044088176,81.46551724137932,False,0.0,CONTEXT_ONLY_NOT_CALIBRATED
2559,nax854,양산,통도환타지아,activity,150.0,G06,경상남도|양산시,경상남도,municipality,UNIQUE_MUNICIPALITY_ALIAS,0.3426853707414829,62.5,False,0.0,CONTEXT_ONLY_NOT_CALIBRATED
2560,nax855,양산,에덴밸리,activity,150.0,G06,경상남도|양산시,경상남도,municipality,UNIQUE_MUNICIPALITY_ALIAS,0.3426853707414829,62.5,False,0.0,CONTEXT_ONLY_NOT_CALIBRATED
2561,nax856,밀양,위양지,heal,50.0,G04,경상남도|밀양시,경상남도,municipality,UNIQUE_MUNICIPALITY_ALIAS,0.09899799599198397,28.448275862068964,False,0.0,CONTEXT_ONLY_NOT_CALIBRATED
2562,nax857,밀양,트윈터널,activity,50.0,G02,경상남도|밀양시,경상남도,municipality,UNIQUE_MUNICIPALITY_ALIAS,0.09899799599198397,28.448275862068964,False,0.0,CONTEXT_ONLY_NOT_CALIBRATED
2563,nax858,진주,진양호 동물원,activity,60.0,G02,경상남도|진주시,경상남도,municipality,UNIQUE_MUNICIPALITY_ALIAS,0.2284569138276553,49.13793103448276,False,0.0,CONTEXT_ONLY_NOT_CALIBRATED
2564,nax859,거창,수승대,heal,70.0,G04,경상남도|거창군,경상남도,municipality,UNIQUE_MUNICIPALITY_ALIAS,0.049498997995991986,12.931034482758621,False,0.0,CONTEXT_ONLY_NOT_CALIBRATED
2565,nax860,거창,금원산자연휴양림,heal,80.0,G07,경상남도|거창군,경상남도,municipality,UNIQUE_MUNICIPALITY_ALIAS,0.049498997995991986,12.931034482758621,False,0.0,CONTEXT_ONLY_NOT_CALIBRATED
2566,nax861,상주,경천대,heal,70.0,G04,경상북도|상주시,경상북도,municipality,UNIQUE_MUNICIPALITY_ALIAS,0.09369388126903157,25.43103448275862,False,0.0,CONTEXT_ONLY_NOT_CALIBRATED
2567,nax862,상주,상주 자전거박물관,activity,50.0,G02,경상북도|상주시,경상북도,municipality,UNIQUE_MUNICIPALITY_ALIAS,0.09369388126903157,25.43103448275862,False,0.0,CONTEXT_ONLY_NOT_CALIBRATED
2568,nax881,제주,서귀포 치유의숲,heal,90.0,G07,제주특별자치도,제주특별자치도,province,PROVINCE_CONTEXT_ONLY,1.7034068136272542,,False,0.0,CONTEXT_ONLY_NOT_CALIBRATED
2569,nax882,제주,소정방폭포,sea,40.0,G05,제주특별자치도,제주특별자치도,province,PROVINCE_CONTEXT_ONLY,1.7034068136272542,,False,0.0,CONTEXT_ONLY_NOT_CALIBRATED
2570,nax883,제주,엉또폭포,heal,50.0,G04,제주특별자치도,제주특별자치도,province,PROVINCE_CONTEXT_ONLY,1.7034068136272542,,False,0.0,CONTEXT_ONLY_NOT_CALIBRATED
2571,nax884,제주,감귤박물관,activity,60.0,G02,제주특별자치도,제주특별자치도,province,PROVINCE_CONTEXT_ONLY,1.7034068136272542,,False,0.0,CONTEXT_ONLY_NOT_CALIBRATED
2572,nax885,제주,절물오름,heal,70.0,G04,제주특별자치도,제주특별자치도,province,PROVINCE_CONTEXT_ONLY,1.7034068136272542,,False,0.0,CONTEXT_ONLY_NOT_CALIBRATED
2573,nax886,제주,삼양검은모래해변,sea,60.0,G05,제주특별자치도,제주특별자치도,province,PROVINCE_CONTEXT_ONLY,1.7034068136272542,,False,0.0,CONTEXT_ONLY_NOT_CALIBRATED
2574,nax887,제주,용연구름다리,heal,40.0,G04,제주특별자치도,제주특별자치도,province,PROVINCE_CONTEXT_ONLY,1.7034068136272542,,False,0.0,CONTEXT_ONLY_NOT_CALIBRATED
2575,nax888,제주,도두동 무지개해안도로,sea,40.0,G05,제주특별자치도,제주특별자치도,province,PROVINCE_CONTEXT_ONLY,1.7034068136272542,,False,0.0,CONTEXT_ONLY_NOT_CALIBRATED
2576,nax889,동해,논골담길,activity,60.0,G02,강원특별자치도|동해시,강원특별자치도,municipality,UNIQUE_MUNICIPALITY_ALIAS,0.1346693386773547,36.206896551724135,False,0.0,CONTEXT_ONLY_NOT_CALIBRATED
2577,nax890,동해,무릉별유천지,activity,90.0,G03,강원특별자치도|동해시,강원특별자치도,municipality,UNIQUE_MUNICIPALITY_ALIAS,0.1346693386773547,36.206896551724135,False,0.0,CONTEXT_ONLY_NOT_CALIBRATED
2578,nax891,정선,정선 스카이워크,activity,60.0,G02,강원특별자치도|정선군,강원특별자치도,municipality,UNIQUE_MUNICIPALITY_ALIAS,0.09298597194388776,25.0,False,0.0,CONTEXT_ONLY_NOT_CALIBRATED
2579,nax892,정선,민둥산 억새,heal,150.0,G07,강원특별자치도|정선군,강원특별자치도,municipality,UNIQUE_MUNICIPALITY_ALIAS,0.09298597194388776,25.0,False,0.0,CONTEXT_ONLY_NOT_CALIBRATED
2580,nax893,영월,청령포 관음송,herit,30.0,G08,강원특별자치도|영월군,강원특별자치도,municipality,UNIQUE_MUNICIPALITY_ALIAS,0.06412825651302605,16.379310344827587,False,0.0,CONTEXT_ONLY_NOT_CALIBRATED
2581,nax894,충주,탄금대,herit,60.0,G08,충청북도|충주시,충청북도,municipality,UNIQUE_MUNICIPALITY_ALIAS,0.336337009683703,61.63793103448276,False,0.0,CONTEXT_ONLY_NOT_CALIBRATED
2582,nax895,충주,중원 미륵리사지,herit,50.0,G08,충청북도|충주시,충청북도,municipality,UNIQUE_MUNICIPALITY_ALIAS,0.336337009683703,61.63793103448276,False,0.0,CONTEXT_ONLY_NOT_CALIBRATED
2583,nax896,단양,사인암,heal,50.0,G04,충청북도|단양군,충청북도,municipality,UNIQUE_MUNICIPALITY_ALIAS,0.08408425242092575,22.413793103448278,False,0.0,CONTEXT_ONLY_NOT_CALIBRATED
2584,nax897,단양,온달관광지,activity,80.0,G03,충청북도|단양군,충청북도,municipality,UNIQUE_MUNICIPALITY_ALIAS,0.08408425242092575,22.413793103448278,False,0.0,CONTEXT_ONLY_NOT_CALIBRATED
2585,nax898,제천,정방사,heal,60.0,G04,충청북도|제천시,충청북도,municipality,UNIQUE_MUNICIPALITY_ALIAS,0.21371414156985294,47.8448275862069,False,0.0,CONTEXT_ONLY_NOT_CALIBRATED
2586,nax899,제천,능강계곡,heal,60.0,G04,충청북도|제천시,충청북도,municipality,UNIQUE_MUNICIPALITY_ALIAS,0.21371414156985294,47.8448275862069,False,0.0,CONTEXT_ONLY_NOT_CALIBRATED
2587,nax900,아산,공세리성당,herit,50.0,G08,충청남도|아산시,충청남도,municipality,UNIQUE_MUNICIPALITY_ALIAS,0.45285766728652493,70.6896551724138,False,0.0,CONTEXT_ONLY_NOT_CALIBRATED
2588,nax901,아산,지중해마을,food,70.0,G01,충청남도|아산시,충청남도,municipality,UNIQUE_MUNICIPALITY_ALIAS,0.45285766728652493,70.6896551724138,False,0.0,CONTEXT_ONLY_NOT_CALIBRATED
2589,nax902,당진,왜목마을,sea,60.0,G05,충청남도|당진시,충청남도,municipality,UNIQUE_MUNICIPALITY_ALIAS,0.3194577342873935,60.3448275862069,False,0.0,CONTEXT_ONLY_NOT_CALIBRATED
2590,nax903,당진,삽교호 함상공원,activity,70.0,G02,충청남도|당진시,충청남도,municipality,UNIQUE_MUNICIPALITY_ALIAS,0.3194577342873935,60.3448275862069,False,0.0,CONTEXT_ONLY_NOT_CALIBRATED
2591,nax904,당진,아미미술관,activity,60.0,G02,충청남도|당진시,충청남도,municipality,UNIQUE_MUNICIPALITY_ALIAS,0.3194577342873935,60.3448275862069,False,0.0,CONTEXT_ONLY_NOT_CALIBRATED
2592,nax905,서산,해미읍성,herit,70.0,G08,충청남도|서산시,충청남도,municipality,UNIQUE_MUNICIPALITY_ALIAS,0.1965893749460883,46.98275862068966,False,0.0,CONTEXT_ONLY_NOT_CALIBRATED
2593,nax906,서산,개심사,herit,70.0,G08,충청남도|서산시,충청남도,municipality,UNIQUE_MUNICIPALITY_ALIAS,0.1965893749460883,46.98275862068966,False,0.0,CONTEXT_ONLY_NOT_CALIBRATED
2594,nax907,서산,간월암,sea,50.0,G05,충청남도|서산시,충청남도,municipality,UNIQUE_MUNICIPALITY_ALIAS,0.1965893749460883,46.98275862068966,False,0.0,CONTEXT_ONLY_NOT_CALIBRATED
2595,nax908,홍성,남당항,food,60.0,G01,충청남도|홍성군,충청남도,municipality,UNIQUE_MUNICIPALITY_ALIAS,0.12286835934130522,33.4051724137931,False,0.0,CONTEXT_ONLY_NOT_CALIBRATED
2596,nax909,홍성,홍주읍성,herit,50.0,G08,충청남도|홍성군,충청남도,municipality,UNIQUE_MUNICIPALITY_ALIAS,0.12286835934130522,33.4051724137931,False,0.0,CONTEXT_ONLY_NOT_CALIBRATED
2597,nax910,예산,수덕사,herit,80.0,G08,충청남도|예산군,충청남도,municipality,UNIQUE_MUNICIPALITY_ALIAS,0.16850517852521854,42.88793103448276,False,0.0,CONTEXT_ONLY_NOT_CALIBRATED
2598,nax911,예산,예당호 출렁다리,activity,60.0,G02,충청남도|예산군,충청남도,municipality,UNIQUE_MUNICIPALITY_ALIAS,0.16850517852521854,42.88793103448276,False,0.0,CONTEXT_ONLY_NOT_CALIBRATED
2599,nax912,양양,휴휴암,herit,50.0,G08,강원특별자치도|양양군,강원특별자치도,municipality,UNIQUE_MUNICIPALITY_ALIAS,0.1442885771543086,37.06896551724138,False,0.0,CONTEXT_ONLY_NOT_CALIBRATED
2600,nax913,양양,남애항,sea,50.0,G05,강원특별자치도|양양군,강원특별자치도,municipality,UNIQUE_MUNICIPALITY_ALIAS,0.1442885771543086,37.06896551724138,False,0.0,CONTEXT_ONLY_NOT_CALIBRATED
2601,nax914,고성(강원),고성 통일전망대,herit,70.0,G08,강원특별자치도|고성군,강원특별자치도,municipality,EXPLICIT_PARENT_ALIAS,0.10260521042084167,29.74137931034483,False,0.0,CONTEXT_ONLY_NOT_CALIBRATED
2602,nax915,고성(강원),화진포,sea,80.0,G05,강원특별자치도|고성군,강원특별자치도,municipality,EXPLICIT_PARENT_ALIAS,0.10260521042084167,29.74137931034483,False,0.0,CONTEXT_ONLY_NOT_CALIBRATED
2603,nax916,고성(강원),왕곡마을,herit,60.0,G08,강원특별자치도|고성군,강원특별자치도,municipality,EXPLICIT_PARENT_ALIAS,0.10260521042084167,29.74137931034483,False,0.0,CONTEXT_ONLY_NOT_CALIBRATED
2604,nax917,철원,소이산 전망대,heal,70.0,G04,강원특별자치도|철원군,강원특별자치도,municipality,UNIQUE_MUNICIPALITY_ALIAS,0.04168336673346693,9.913793103448276,False,0.0,CONTEXT_ONLY_NOT_CALIBRATED
2605,nax918,문경,에코랄라,activity,90.0,G03,경상북도|문경시,경상북도,municipality,UNIQUE_MUNICIPALITY_ALIAS,0.1477480435396267,37.93103448275862,False,0.0,CONTEXT_ONLY_NOT_CALIBRATED
2606,nax919,문경,쌍용계곡,heal,70.0,G04,경상북도|문경시,경상북도,municipality,UNIQUE_MUNICIPALITY_ALIAS,0.1477480435396267,37.93103448275862,False,0.0,CONTEXT_ONLY_NOT_CALIBRATED
2607,nax920,영주,소백산 국립공원,heal,180.0,G06,경상북도|영주시,경상북도,municipality,UNIQUE_MUNICIPALITY_ALIAS,0.07567582717883319,20.689655172413794,False,0.0,CONTEXT_ONLY_NOT_CALIBRATED
2608,nax921,영주,희방폭포,heal,60.0,G04,경상북도|영주시,경상북도,municipality,UNIQUE_MUNICIPALITY_ALIAS,0.07567582717883319,20.689655172413794,False,0.0,CONTEXT_ONLY_NOT_CALIBRATED
2609,nax930,김해,국립김해박물관,herit,70.0,G08,경상남도|김해시,경상남도,municipality,UNIQUE_MUNICIPALITY_ALIAS,0.6511022044088176,81.46551724137932,False,0.0,CONTEXT_ONLY_NOT_CALIBRATED
2610,nax931,김해,봉황동 유적,herit,40.0,G08,경상남도|김해시,경상남도,municipality,UNIQUE_MUNICIPALITY_ALIAS,0.6511022044088176,81.46551724137932,False,0.0,CONTEXT_ONLY_NOT_CALIBRATED
2611,nax932,김해,김해 수릉원,heal,30.0,G04,경상남도|김해시,경상남도,municipality,UNIQUE_MUNICIPALITY_ALIAS,0.6511022044088176,81.46551724137932,False,0.0,CONTEXT_ONLY_NOT_CALIBRATED
2612,nax933,김해,김해 연지공원,heal,40.0,G04,경상남도|김해시,경상남도,municipality,UNIQUE_MUNICIPALITY_ALIAS,0.6511022044088176,81.46551724137932,False,0.0,CONTEXT_ONLY_NOT_CALIBRATED
2613,nax934,김해,김해천문대,activity,60.0,G02,경상남도|김해시,경상남도,municipality,UNIQUE_MUNICIPALITY_ALIAS,0.6511022044088176,81.46551724137932,False,0.0,CONTEXT_ONLY_NOT_CALIBRATED
2614,nax935,김해,은하사,herit,40.0,G08,경상남도|김해시,경상남도,municipality,UNIQUE_MUNICIPALITY_ALIAS,0.6511022044088176,81.46551724137932,False,0.0,CONTEXT_ONLY_NOT_CALIBRATED
2615,nax936,김해,클레이아크김해미술관,activity,60.0,G02,경상남도|김해시,경상남도,municipality,UNIQUE_MUNICIPALITY_ALIAS,0.6511022044088176,81.46551724137932,False,0.0,CONTEXT_ONLY_NOT_CALIBRATED
2616,nax937,김해,낙동강 레일파크,activity,90.0,G03,경상남도|김해시,경상남도,municipality,UNIQUE_MUNICIPALITY_ALIAS,0.6511022044088176,81.46551724137932,False,0.0,CONTEXT_ONLY_NOT_CALIBRATED
2617,nax938,김해,화포천 습지생태공원,heal,60.0,G04,경상남도|김해시,경상남도,municipality,UNIQUE_MUNICIPALITY_ALIAS,0.6511022044088176,81.46551724137932,False,0.0,CONTEXT_ONLY_NOT_CALIBRATED
2618,nax939,김해,김해롯데워터파크,activity,240.0,G06,경상남도|김해시,경상남도,municipality,UNIQUE_MUNICIPALITY_ALIAS,0.6511022044088176,81.46551724137932,False,0.0,CONTEXT_ONLY_NOT_CALIBRATED
2619,nax940,김해,김해한옥체험관,herit,40.0,G08,경상남도|김해시,경상남도,municipality,UNIQUE_MUNICIPALITY_ALIAS,0.6511022044088176,81.46551724137932,False,0.0,CONTEXT_ONLY_NOT_CALIBRATED
2620,nax941,김해,장유대청계곡,heal,60.0,G04,경상남도|김해시,경상남도,municipality,UNIQUE_MUNICIPALITY_ALIAS,0.6511022044088176,81.46551724137932,False,0.0,CONTEXT_ONLY_NOT_CALIBRATED
2621,nax950,창원,제황산공원 진해탑,herit,50.0,G08,경상남도|창원시,경상남도,municipality,UNIQUE_MUNICIPALITY_ALIAS,1.2869739478957913,93.96551724137932,False,0.0,CONTEXT_ONLY_NOT_CALIBRATED
2622,nax951,창원,경화역 공원,heal,40.0,G04,경상남도|창원시,경상남도,municipality,UNIQUE_MUNICIPALITY_ALIAS,1.2869739478957913,93.96551724137932,False,0.0,CONTEXT_ONLY_NOT_CALIBRATED
2623,nax952,창원,진해루,sea,30.0,G05,경상남도|창원시,경상남도,municipality,UNIQUE_MUNICIPALITY_ALIAS,1.2869739478957913,93.96551724137932,False,0.0,CONTEXT_ONLY_NOT_CALIBRATED
2624,nax953,창원,안민고개 전망대,heal,40.0,G04,경상남도|창원시,경상남도,municipality,UNIQUE_MUNICIPALITY_ALIAS,1.2869739478957913,93.96551724137932,False,0.0,CONTEXT_ONLY_NOT_CALIBRATED
2625,nax954,창원,창동예술촌,activity,60.0,G02,경상남도|창원시,경상남도,municipality,UNIQUE_MUNICIPALITY_ALIAS,1.2869739478957913,93.96551724137932,False,0.0,CONTEXT_ONLY_NOT_CALIBRATED
2626,nax955,창원,문신미술관,activity,60.0,G02,경상남도|창원시,경상남도,municipality,UNIQUE_MUNICIPALITY_ALIAS,1.2869739478957913,93.96551724137932,False,0.0,CONTEXT_ONLY_NOT_CALIBRATED
2627,nax956,창원,국립3·15민주묘지,herit,40.0,G08,경상남도|창원시,경상남도,municipality,UNIQUE_MUNICIPALITY_ALIAS,1.2869739478957913,93.96551724137932,False,0.0,CONTEXT_ONLY_NOT_CALIBRATED
2628,nax957,창원,무학산,heal,180.0,G06,경상남도|창원시,경상남도,municipality,UNIQUE_MUNICIPALITY_ALIAS,1.2869739478957913,93.96551724137932,False,0.0,CONTEXT_ONLY_NOT_CALIBRATED
2629,nax958,창원,성주사,herit,40.0,G08,경상남도|창원시,경상남도,municipality,UNIQUE_MUNICIPALITY_ALIAS,1.2869739478957913,93.96551724137932,False,0.0,CONTEXT_ONLY_NOT_CALIBRATED
2630,nax959,창원,마금산온천,heal,90.0,G07,경상남도|창원시,경상남도,municipality,UNIQUE_MUNICIPALITY_ALIAS,1.2869739478957913,93.96551724137932,False,0.0,CONTEXT_ONLY_NOT_CALIBRATED
2631,nax960,창원,다호리 고분군,herit,40.0,G08,경상남도|창원시,경상남도,municipality,UNIQUE_MUNICIPALITY_ALIAS,1.2869739478957913,93.96551724137932,False,0.0,CONTEXT_ONLY_NOT_CALIBRATED
2632,nax961,창원,광암해수욕장,sea,60.0,G05,경상남도|창원시,경상남도,municipality,UNIQUE_MUNICIPALITY_ALIAS,1.2869739478957913,93.96551724137932,False,0.0,CONTEXT_ONLY_NOT_CALIBRATED
2633,nax970,양산,양산 신흥사,herit,40.0,G08,경상남도|양산시,경상남도,municipality,UNIQUE_MUNICIPALITY_ALIAS,0.3426853707414829,62.5,False,0.0,CONTEXT_ONLY_NOT_CALIBRATED
2634,nax971,양산,천성산 화엄벌,heal,210.0,G06,경상남도|양산시,경상남도,municipality,UNIQUE_MUNICIPALITY_ALIAS,0.3426853707414829,62.5,False,0.0,CONTEXT_ONLY_NOT_CALIBRATED
2635,nax972,양산,영축산 자장암,herit,40.0,G08,경상남도|양산시,경상남도,municipality,UNIQUE_MUNICIPALITY_ALIAS,0.3426853707414829,62.5,False,0.0,CONTEXT_ONLY_NOT_CALIBRATED
2636,nax973,양산,배내골,heal,120.0,G07,경상남도|양산시,경상남도,municipality,UNIQUE_MUNICIPALITY_ALIAS,0.3426853707414829,62.5,False,0.0,CONTEXT_ONLY_NOT_CALIBRATED
2637,nax974,양산,원동 매화마을,heal,60.0,G04,경상남도|양산시,경상남도,municipality,UNIQUE_MUNICIPALITY_ALIAS,0.3426853707414829,62.5,False,0.0,CONTEXT_ONLY_NOT_CALIBRATED
2638,nax975,양산,양산 워터파크 웅상,activity,150.0,G06,경상남도|양산시,경상남도,municipality,UNIQUE_MUNICIPALITY_ALIAS,0.3426853707414829,62.5,False,0.0,CONTEXT_ONLY_NOT_CALIBRATED
2639,nax976,양산,양산시립박물관,herit,50.0,G08,경상남도|양산시,경상남도,municipality,UNIQUE_MUNICIPALITY_ALIAS,0.3426853707414829,62.5,False,0.0,CONTEXT_ONLY_NOT_CALIBRATED
2640,nax977,양산,북정리 고분군,herit,30.0,G08,경상남도|양산시,경상남도,municipality,UNIQUE_MUNICIPALITY_ALIAS,0.3426853707414829,62.5,False,0.0,CONTEXT_ONLY_NOT_CALIBRATED
2641,nax978,양산,영남알프스 하늘억새길,heal,240.0,G06,경상남도|양산시,경상남도,municipality,UNIQUE_MUNICIPALITY_ALIAS,0.3426853707414829,62.5,False,0.0,CONTEXT_ONLY_NOT_CALIBRATED
2642,nax979,양산,황산베랑길,heal,90.0,G07,경상남도|양산시,경상남도,municipality,UNIQUE_MUNICIPALITY_ALIAS,0.3426853707414829,62.5,False,0.0,CONTEXT_ONLY_NOT_CALIBRATED
2643,nax990,울산,간월재,heal,210.0,G06,울산광역시,울산광역시,province,PROVINCE_CONTEXT_ONLY,1.5030060120240478,,False,0.0,CONTEXT_ONLY_NOT_CALIBRATED
2644,nax991,울산,신불산 억새평원,heal,240.0,G06,울산광역시,울산광역시,province,PROVINCE_CONTEXT_ONLY,1.5030060120240478,,False,0.0,CONTEXT_ONLY_NOT_CALIBRATED
2645,nax992,울산,석남사,herit,50.0,G08,울산광역시,울산광역시,province,PROVINCE_CONTEXT_ONLY,1.5030060120240478,,False,0.0,CONTEXT_ONLY_NOT_CALIBRATED
2646,nax993,울산,파래소폭포,heal,90.0,G07,울산광역시,울산광역시,province,PROVINCE_CONTEXT_ONLY,1.5030060120240478,,False,0.0,CONTEXT_ONLY_NOT_CALIBRATED
2647,nax994,울산,천전리 각석,herit,40.0,G08,울산광역시,울산광역시,province,PROVINCE_CONTEXT_ONLY,1.5030060120240478,,False,0.0,CONTEXT_ONLY_NOT_CALIBRATED
2648,nax995,울산,울산대교 전망대,activity,40.0,G02,울산광역시,울산광역시,province,PROVINCE_CONTEXT_ONLY,1.5030060120240478,,False,0.0,CONTEXT_ONLY_NOT_CALIBRATED
2649,nax996,울산,주전 몽돌해변,sea,50.0,G05,울산광역시,울산광역시,province,PROVINCE_CONTEXT_ONLY,1.5030060120240478,,False,0.0,CONTEXT_ONLY_NOT_CALIBRATED
2650,nax997,울산,외고산 옹기마을,herit,70.0,G08,울산광역시,울산광역시,province,PROVINCE_CONTEXT_ONLY,1.5030060120240478,,False,0.0,CONTEXT_ONLY_NOT_CALIBRATED
2651,nax998,울산,울산박물관,herit,60.0,G08,울산광역시,울산광역시,province,PROVINCE_CONTEXT_ONLY,1.5030060120240478,,False,0.0,CONTEXT_ONLY_NOT_CALIBRATED
2652,nax999,울산,태화루,herit,30.0,G08,울산광역시,울산광역시,province,PROVINCE_CONTEXT_ONLY,1.5030060120240478,,False,0.0,CONTEXT_ONLY_NOT_CALIBRATED
2653,nax1000,울산,진하해수욕장,sea,60.0,G05,울산광역시,울산광역시,province,PROVINCE_CONTEXT_ONLY,1.5030060120240478,,False,0.0,CONTEXT_ONLY_NOT_CALIBRATED
2654,nax1001,울산,서생포왜성,herit,40.0,G08,울산광역시,울산광역시,province,PROVINCE_CONTEXT_ONLY,1.5030060120240478,,False,0.0,CONTEXT_ONLY_NOT_CALIBRATED
2655,nax1010,통영,욕지도,sea,360.0,G06,경상남도|통영시,경상남도,municipality,UNIQUE_MUNICIPALITY_ALIAS,0.13326653306613226,35.3448275862069,False,0.0,CONTEXT_ONLY_NOT_CALIBRATED
2656,nax1011,통영,장사도 해상공원,heal,240.0,G06,경상남도|통영시,경상남도,municipality,UNIQUE_MUNICIPALITY_ALIAS,0.13326653306613226,35.3448275862069,False,0.0,CONTEXT_ONLY_NOT_CALIBRATED
2657,nax1012,통영,한산도 제승당,herit,180.0,G06,경상남도|통영시,경상남도,municipality,UNIQUE_MUNICIPALITY_ALIAS,0.13326653306613226,35.3448275862069,False,0.0,CONTEXT_ONLY_NOT_CALIBRATED
2658,nax1013,통영,미륵산 정상 전망대,heal,90.0,G07,경상남도|통영시,경상남도,municipality,UNIQUE_MUNICIPALITY_ALIAS,0.13326653306613226,35.3448275862069,False,0.0,CONTEXT_ONLY_NOT_CALIBRATED
2659,nax1014,통영,서피랑공원,activity,50.0,G02,경상남도|통영시,경상남도,municipality,UNIQUE_MUNICIPALITY_ALIAS,0.13326653306613226,35.3448275862069,False,0.0,CONTEXT_ONLY_NOT_CALIBRATED
2660,nax1015,통영,박경리기념관,herit,50.0,G08,경상남도|통영시,경상남도,municipality,UNIQUE_MUNICIPALITY_ALIAS,0.13326653306613226,35.3448275862069,False,0.0,CONTEXT_ONLY_NOT_CALIBRATED
2661,nax1016,통영,전혁림미술관,activity,40.0,G02,경상남도|통영시,경상남도,municipality,UNIQUE_MUNICIPALITY_ALIAS,0.13326653306613226,35.3448275862069,False,0.0,CONTEXT_ONLY_NOT_CALIBRATED
2662,nax1017,통영,통영국제음악당,activity,60.0,G02,경상남도|통영시,경상남도,municipality,UNIQUE_MUNICIPALITY_ALIAS,0.13326653306613226,35.3448275862069,False,0.0,CONTEXT_ONLY_NOT_CALIBRATED
2663,nax1018,통영,비진도,sea,300.0,G06,경상남도|통영시,경상남도,municipality,UNIQUE_MUNICIPALITY_ALIAS,0.13326653306613226,35.3448275862069,False,0.0,CONTEXT_ONLY_NOT_CALIBRATED
2664,nax1019,통영,통영 수산과학관,activity,60.0,G02,경상남도|통영시,경상남도,municipality,UNIQUE_MUNICIPALITY_ALIAS,0.13326653306613226,35.3448275862069,False,0.0,CONTEXT_ONLY_NOT_CALIBRATED
2665,nax1030,남해,물건리 방조어부림,heal,40.0,G04,경상남도|남해군,경상남도,municipality,UNIQUE_MUNICIPALITY_ALIAS,0.07234468937875752,19.18103448275862,False,0.0,CONTEXT_ONLY_NOT_CALIBRATED
2666,nax1031,남해,금산 정상,heal,150.0,G07,경상남도|남해군,경상남도,municipality,UNIQUE_MUNICIPALITY_ALIAS,0.07234468937875752,19.18103448275862,False,0.0,CONTEXT_ONLY_NOT_CALIBRATED
2667,nax1032,남해,이순신순국공원,herit,60.0,G08,경상남도|남해군,경상남도,municipality,UNIQUE_MUNICIPALITY_ALIAS,0.07234468937875752,19.18103448275862,False,0.0,CONTEXT_ONLY_NOT_CALIBRATED
2668,nax1033,남해,남해대교·노량,sea,40.0,G05,경상남도|남해군,경상남도,municipality,UNIQUE_MUNICIPALITY_ALIAS,0.07234468937875752,19.18103448275862,False,0.0,CONTEXT_ONLY_NOT_CALIBRATED
2669,nax1034,남해,미조항,food,60.0,G01,경상남도|남해군,경상남도,municipality,UNIQUE_MUNICIPALITY_ALIAS,0.07234468937875752,19.18103448275862,False,0.0,CONTEXT_ONLY_NOT_CALIBRATED
2670,nax1035,남해,남해 바래길,heal,180.0,G06,경상남도|남해군,경상남도,municipality,UNIQUE_MUNICIPALITY_ALIAS,0.07234468937875752,19.18103448275862,False,0.0,CONTEXT_ONLY_NOT_CALIBRATED
2671,nax1036,남해,설리스카이워크,activity,40.0,G02,경상남도|남해군,경상남도,municipality,UNIQUE_MUNICIPALITY_ALIAS,0.07234468937875752,19.18103448275862,False,0.0,CONTEXT_ONLY_NOT_CALIBRATED
2672,nax1037,남해,가천암수바위,herit,20.0,G05,경상남도|남해군,경상남도,municipality,UNIQUE_MUNICIPALITY_ALIAS,0.07234468937875752,19.18103448275862,False,0.0,CONTEXT_ONLY_NOT_CALIBRATED
2673,nax1038,남해,송정솔바람해변,sea,60.0,G05,경상남도|남해군,경상남도,municipality,UNIQUE_MUNICIPALITY_ALIAS,0.07234468937875752,19.18103448275862,False,0.0,CONTEXT_ONLY_NOT_CALIBRATED
2674,nax1039,남해,용문사,herit,40.0,G08,경상남도|남해군,경상남도,municipality,UNIQUE_MUNICIPALITY_ALIAS,0.07234468937875752,19.18103448275862,False,0.0,CONTEXT_ONLY_NOT_CALIBRATED
2675,nax1050,진주,진양호 전망대,heal,40.0,G04,경상남도|진주시,경상남도,municipality,UNIQUE_MUNICIPALITY_ALIAS,0.2284569138276553,49.13793103448276,False,0.0,CONTEXT_ONLY_NOT_CALIBRATED
2676,nax1053,진주,진주 망경동 벽화마을,activity,40.0,G02,경상남도|진주시,경상남도,municipality,UNIQUE_MUNICIPALITY_ALIAS,0.2284569138276553,49.13793103448276,False,0.0,CONTEXT_ONLY_NOT_CALIBRATED
2677,nax1054,진주,경남수목원,heal,90.0,G07,경상남도|진주시,경상남도,municipality,UNIQUE_MUNICIPALITY_ALIAS,0.2284569138276553,49.13793103448276,False,0.0,CONTEXT_ONLY_NOT_CALIBRATED
2678,nax1055,진주,진주 유등테마공원,activity,50.0,G02,경상남도|진주시,경상남도,municipality,UNIQUE_MUNICIPALITY_ALIAS,0.2284569138276553,49.13793103448276,False,0.0,CONTEXT_ONLY_NOT_CALIBRATED
2679,nax1056,진주,의암바위,herit,20.0,G05,경상남도|진주시,경상남도,municipality,UNIQUE_MUNICIPALITY_ALIAS,0.2284569138276553,49.13793103448276,False,0.0,CONTEXT_ONLY_NOT_CALIBRATED
2680,nax1058,진주,진주 비봉산 산책로,heal,70.0,G04,경상남도|진주시,경상남도,municipality,UNIQUE_MUNICIPALITY_ALIAS,0.2284569138276553,49.13793103448276,False,0.0,CONTEXT_ONLY_NOT_CALIBRATED
2681,nax1070,부여,능산리 고분군,herit,40.0,G08,충청남도|부여군,충청남도,municipality,UNIQUE_MUNICIPALITY_ALIAS,0.12286835934130522,33.4051724137931,False,0.0,CONTEXT_ONLY_NOT_CALIBRATED
2682,nax1071,부여,부여 나성,herit,30.0,G08,충청남도|부여군,충청남도,municipality,UNIQUE_MUNICIPALITY_ALIAS,0.12286835934130522,33.4051724137931,False,0.0,CONTEXT_ONLY_NOT_CALIBRATED
2683,nax1072,부여,낙화암·고란사,herit,50.0,G08,충청남도|부여군,충청남도,municipality,UNIQUE_MUNICIPALITY_ALIAS,0.12286835934130522,33.4051724137931,False,0.0,CONTEXT_ONLY_NOT_CALIBRATED
2684,nax1073,부여,백마강 황포돛배,activity,40.0,G02,충청남도|부여군,충청남도,municipality,UNIQUE_MUNICIPALITY_ALIAS,0.12286835934130522,33.4051724137931,False,0.0,CONTEXT_ONLY_NOT_CALIBRATED
2685,nax1074,부여,부여 무량사,herit,50.0,G08,충청남도|부여군,충청남도,municipality,UNIQUE_MUNICIPALITY_ALIAS,0.12286835934130522,33.4051724137931,False,0.0,CONTEXT_ONLY_NOT_CALIBRATED
2686,nax1075,부여,성흥산성 사랑나무,heal,50.0,G04,충청남도|부여군,충청남도,municipality,UNIQUE_MUNICIPALITY_ALIAS,0.12286835934130522,33.4051724137931,False,0.0,CONTEXT_ONLY_NOT_CALIBRATED
2687,nax1076,부여,부여 서동공원,heal,40.0,G04,충청남도|부여군,충청남도,municipality,UNIQUE_MUNICIPALITY_ALIAS,0.12286835934130522,33.4051724137931,False,0.0,CONTEXT_ONLY_NOT_CALIBRATED
2688,nax1077,부여,부여전통시장,food,40.0,G01,충청남도|부여군,충청남도,municipality,UNIQUE_MUNICIPALITY_ALIAS,0.12286835934130522,33.4051724137931,False,0.0,CONTEXT_ONLY_NOT_CALIBRATED
2689,nax1078,부여,대백제역사공원,activity,60.0,G02,충청남도|부여군,충청남도,municipality,UNIQUE_MUNICIPALITY_ALIAS,0.12286835934130522,33.4051724137931,False,0.0,CONTEXT_ONLY_NOT_CALIBRATED
2690,nax1090,공주,계룡산 동학사,herit,60.0,G08,충청남도|공주시,충청남도,municipality,UNIQUE_MUNICIPALITY_ALIAS,0.2808419642086976,55.60344827586207,False,0.0,CONTEXT_ONLY_NOT_CALIBRATED
2691,nax1091,공주,계룡산 신원사,herit,50.0,G08,충청남도|공주시,충청남도,municipality,UNIQUE_MUNICIPALITY_ALIAS,0.2808419642086976,55.60344827586207,False,0.0,CONTEXT_ONLY_NOT_CALIBRATED
2692,nax1092,공주,공주 한옥마을,herit,50.0,G08,충청남도|공주시,충청남도,municipality,UNIQUE_MUNICIPALITY_ALIAS,0.2808419642086976,55.60344827586207,False,0.0,CONTEXT_ONLY_NOT_CALIBRATED
2693,nax1093,공주,제민천 원도심,activity,60.0,G02,충청남도|공주시,충청남도,municipality,UNIQUE_MUNICIPALITY_ALIAS,0.2808419642086976,55.60344827586207,False,0.0,CONTEXT_ONLY_NOT_CALIBRATED
2694,nax1094,공주,공주 석장리박물관,herit,50.0,G08,충청남도|공주시,충청남도,municipality,UNIQUE_MUNICIPALITY_ALIAS,0.2808419642086976,55.60344827586207,False,0.0,CONTEXT_ONLY_NOT_CALIBRATED
2695,nax1095,공주,공주 황새바위 순교성지,herit,40.0,G08,충청남도|공주시,충청남도,municipality,UNIQUE_MUNICIPALITY_ALIAS,0.2808419642086976,55.60344827586207,False,0.0,CONTEXT_ONLY_NOT_CALIBRATED
2696,nax1096,공주,마곡사 솔바람길,heal,90.0,G07,충청남도|공주시,충청남도,municipality,UNIQUE_MUNICIPALITY_ALIAS,0.2808419642086976,55.60344827586207,False,0.0,CONTEXT_ONLY_NOT_CALIBRATED
2697,nax1097,공주,공주 유구색동수국정원,heal,50.0,G04,충청남도|공주시,충청남도,municipality,UNIQUE_MUNICIPALITY_ALIAS,0.2808419642086976,55.60344827586207,False,0.0,CONTEXT_ONLY_NOT_CALIBRATED
2698,nax1110,포항,내연산 12폭포,heal,180.0,G06,경상북도|포항시,경상북도,municipality,UNIQUE_MUNICIPALITY_ALIAS,0.5981993957945861,78.01724137931035,False,0.0,CONTEXT_ONLY_NOT_CALIBRATED
2699,nax1111,포항,구룡포 일본인 가옥거리,herit,50.0,G08,경상북도|포항시,경상북도,municipality,UNIQUE_MUNICIPALITY_ALIAS,0.5981993957945861,78.01724137931035,False,0.0,CONTEXT_ONLY_NOT_CALIBRATED
2700,nax1112,포항,포항운하,activity,60.0,G02,경상북도|포항시,경상북도,municipality,UNIQUE_MUNICIPALITY_ALIAS,0.5981993957945861,78.01724137931035,False,0.0,CONTEXT_ONLY_NOT_CALIBRATED
2701,nax1113,포항,환호공원,heal,50.0,G04,경상북도|포항시,경상북도,municipality,UNIQUE_MUNICIPALITY_ALIAS,0.5981993957945861,78.01724137931035,False,0.0,CONTEXT_ONLY_NOT_CALIBRATED
2702,nax1114,포항,월포해수욕장,sea,60.0,G05,경상북도|포항시,경상북도,municipality,UNIQUE_MUNICIPALITY_ALIAS,0.5981993957945861,78.01724137931035,False,0.0,CONTEXT_ONLY_NOT_CALIBRATED
2703,nax1115,포항,죽도 물회거리,food,60.0,G01,경상북도|포항시,경상북도,municipality,UNIQUE_MUNICIPALITY_ALIAS,0.5981993957945861,78.01724137931035,False,0.0,CONTEXT_ONLY_NOT_CALIBRATED
2704,nax1116,포항,장기읍성,herit,40.0,G08,경상북도|포항시,경상북도,municipality,UNIQUE_MUNICIPALITY_ALIAS,0.5981993957945861,78.01724137931035,False,0.0,CONTEXT_ONLY_NOT_CALIBRATED
2705,nax1117,포항,연오랑세오녀 테마공원,activity,50.0,G02,경상북도|포항시,경상북도,municipality,UNIQUE_MUNICIPALITY_ALIAS,0.5981993957945861,78.01724137931035,False,0.0,CONTEXT_ONLY_NOT_CALIBRATED
2706,nax1118,포항,영일대 해상누각,sea,30.0,G05,경상북도|포항시,경상북도,municipality,UNIQUE_MUNICIPALITY_ALIAS,0.5981993957945861,78.01724137931035,False,0.0,CONTEXT_ONLY_NOT_CALIBRATED
2707,nax1131,안동,한국국학진흥원,herit,60.0,G08,경상북도|안동시,경상북도,municipality,UNIQUE_MUNICIPALITY_ALIAS,0.16936970844786475,43.53448275862069,False,0.0,CONTEXT_ONLY_NOT_CALIBRATED
2708,nax1132,안동,안동 이육사문학관,herit,50.0,G08,경상북도|안동시,경상북도,municipality,UNIQUE_MUNICIPALITY_ALIAS,0.16936970844786475,43.53448275862069,False,0.0,CONTEXT_ONLY_NOT_CALIBRATED
2709,nax1133,안동,농암종택,herit,50.0,G08,경상북도|안동시,경상북도,municipality,UNIQUE_MUNICIPALITY_ALIAS,0.16936970844786475,43.53448275862069,False,0.0,CONTEXT_ONLY_NOT_CALIBRATED
2710,nax1134,안동,고산정,heal,40.0,G04,경상북도|안동시,경상북도,municipality,UNIQUE_MUNICIPALITY_ALIAS,0.16936970844786475,43.53448275862069,False,0.0,CONTEXT_ONLY_NOT_CALIBRATED
2711,nax1135,안동,안동 신세동 벽화마을,activity,40.0,G02,경상북도|안동시,경상북도,municipality,UNIQUE_MUNICIPALITY_ALIAS,0.16936970844786475,43.53448275862069,False,0.0,CONTEXT_ONLY_NOT_CALIBRATED
2712,nax1136,안동,안동댐 물문화관,activity,40.0,G02,경상북도|안동시,경상북도,municipality,UNIQUE_MUNICIPALITY_ALIAS,0.16936970844786475,43.53448275862069,False,0.0,CONTEXT_ONLY_NOT_CALIBRATED
2713,nax1137,안동,하회세계탈박물관,herit,40.0,G08,경상북도|안동시,경상북도,municipality,UNIQUE_MUNICIPALITY_ALIAS,0.16936970844786475,43.53448275862069,False,0.0,CONTEXT_ONLY_NOT_CALIBRATED
2714,nax1150,여수,아쿠아플라넷 여수,activity,120.0,G03,전남광주통합특별시|여수시,전남광주통합특별시,municipality,UNIQUE_MUNICIPALITY_ALIAS,0.3432013728054912,62.93103448275862,True,0.0,CONTEXT_ONLY_NOT_CALIBRATED
2715,nax1151,여수,여수세계박람회장,activity,70.0,G02,전남광주통합특별시|여수시,전남광주통합특별시,municipality,UNIQUE_MUNICIPALITY_ALIAS,0.3432013728054912,62.93103448275862,True,0.0,CONTEXT_ONLY_NOT_CALIBRATED
2716,nax1152,여수,예술의섬 장도,activity,60.0,G02,전남광주통합특별시|여수시,전남광주통합특별시,municipality,UNIQUE_MUNICIPALITY_ALIAS,0.3432013728054912,62.93103448275862,True,0.0,CONTEXT_ONLY_NOT_CALIBRATED
2717,nax1153,여수,금오도 비렁길,heal,300.0,G06,전남광주통합특별시|여수시,전남광주통합특별시,municipality,UNIQUE_MUNICIPALITY_ALIAS,0.3432013728054912,62.93103448275862,True,0.0,CONTEXT_ONLY_NOT_CALIBRATED
2718,nax1154,여수,거문도·백도,sea,480.0,G06,전남광주통합특별시|여수시,전남광주통합특별시,municipality,UNIQUE_MUNICIPALITY_ALIAS,0.3432013728054912,62.93103448275862,True,0.0,CONTEXT_ONLY_NOT_CALIBRATED
2719,nax1155,여수,흥국사,herit,50.0,G08,전남광주통합특별시|여수시,전남광주통합특별시,municipality,UNIQUE_MUNICIPALITY_ALIAS,0.3432013728054912,62.93103448275862,True,0.0,CONTEXT_ONLY_NOT_CALIBRATED
2720,nax1156,여수,영취산 진달래,heal,150.0,G07,전남광주통합특별시|여수시,전남광주통합특별시,municipality,UNIQUE_MUNICIPALITY_ALIAS,0.3432013728054912,62.93103448275862,True,0.0,CONTEXT_ONLY_NOT_CALIBRATED
2721,nax1157,여수,웅천친수공원,sea,50.0,G05,전남광주통합특별시|여수시,전남광주통합특별시,municipality,UNIQUE_MUNICIPALITY_ALIAS,0.3432013728054912,62.93103448275862,True,0.0,CONTEXT_ONLY_NOT_CALIBRATED
2722,nax1160,양주,회암사지,herit,60.0,G08,경기도|양주시,경기도,municipality,UNIQUE_MUNICIPALITY_ALIAS,0.39396747356297346,66.16379310344827,False,0.0,CONTEXT_ONLY_NOT_CALIBRATED
2723,nax1161,양주,양주 나리공원,heal,50.0,G04,경기도|양주시,경기도,municipality,UNIQUE_MUNICIPALITY_ALIAS,0.39396747356297346,66.16379310344827,False,0.0,CONTEXT_ONLY_NOT_CALIBRATED
2724,nax1162,양주,양주시립장욱진미술관,activity,60.0,G02,경기도|양주시,경기도,municipality,UNIQUE_MUNICIPALITY_ALIAS,0.39396747356297346,66.16379310344827,False,0.0,CONTEXT_ONLY_NOT_CALIBRATED
2725,nax1163,양주,송암스페이스센터,activity,90.0,G03,경기도|양주시,경기도,municipality,UNIQUE_MUNICIPALITY_ALIAS,0.39396747356297346,66.16379310344827,False,0.0,CONTEXT_ONLY_NOT_CALIBRATED
2726,nax1164,양주,장흥자연휴양림,heal,120.0,G07,경기도|양주시,경기도,municipality,UNIQUE_MUNICIPALITY_ALIAS,0.39396747356297346,66.16379310344827,False,0.0,CONTEXT_ONLY_NOT_CALIBRATED
2727,nax1165,양주,불곡산,heal,180.0,G06,경기도|양주시,경기도,municipality,UNIQUE_MUNICIPALITY_ALIAS,0.39396747356297346,66.16379310344827,False,0.0,CONTEXT_ONLY_NOT_CALIBRATED
2728,nax1166,양주,양주 별산대놀이마당,herit,50.0,G08,경기도|양주시,경기도,municipality,UNIQUE_MUNICIPALITY_ALIAS,0.39396747356297346,66.16379310344827,False,0.0,CONTEXT_ONLY_NOT_CALIBRATED
2729,nax1167,양주,양주관아지,herit,30.0,G08,경기도|양주시,경기도,municipality,UNIQUE_MUNICIPALITY_ALIAS,0.39396747356297346,66.16379310344827,False,0.0,CONTEXT_ONLY_NOT_CALIBRATED
2730,nax1170,울릉,성인봉,heal,300.0,G06,경상북도|울릉군,경상북도,municipality,UNIQUE_MUNICIPALITY_ALIAS,0.018018054090198375,0.43103448275862066,False,0.0,CONTEXT_ONLY_NOT_CALIBRATED
2731,nax1171,울릉,저동 촛대바위,sea,30.0,G05,경상북도|울릉군,경상북도,municipality,UNIQUE_MUNICIPALITY_ALIAS,0.018018054090198375,0.43103448275862066,False,0.0,CONTEXT_ONLY_NOT_CALIBRATED
2732,nax1172,울릉,행남해안산책로,sea,90.0,G07,경상북도|울릉군,경상북도,municipality,UNIQUE_MUNICIPALITY_ALIAS,0.018018054090198375,0.43103448275862066,False,0.0,CONTEXT_ONLY_NOT_CALIBRATED
2733,nax1173,울릉,울릉도 해상관광 유람선,activity,150.0,G06,경상북도|울릉군,경상북도,municipality,UNIQUE_MUNICIPALITY_ALIAS,0.018018054090198375,0.43103448275862066,False,0.0,CONTEXT_ONLY_NOT_CALIBRATED
2734,nax1174,울릉,독도,sea,240.0,G06,경상북도|울릉군,경상북도,municipality,UNIQUE_MUNICIPALITY_ALIAS,0.018018054090198375,0.43103448275862066,False,0.0,CONTEXT_ONLY_NOT_CALIBRATED
2735,nax1175,울릉,독도박물관,herit,50.0,G08,경상북도|울릉군,경상북도,municipality,UNIQUE_MUNICIPALITY_ALIAS,0.018018054090198375,0.43103448275862066,False,0.0,CONTEXT_ONLY_NOT_CALIBRATED
2736,nax1176,울릉,태하 향목관광모노레일,activity,60.0,G02,경상북도|울릉군,경상북도,municipality,UNIQUE_MUNICIPALITY_ALIAS,0.018018054090198375,0.43103448275862066,False,0.0,CONTEXT_ONLY_NOT_CALIBRATED
2737,nax1177,울릉,울릉 예림원,heal,50.0,G04,경상북도|울릉군,경상북도,municipality,UNIQUE_MUNICIPALITY_ALIAS,0.018018054090198375,0.43103448275862066,False,0.0,CONTEXT_ONLY_NOT_CALIBRATED
2738,nax1178,울릉,현포항 노을,sea,30.0,G05,경상북도|울릉군,경상북도,municipality,UNIQUE_MUNICIPALITY_ALIAS,0.018018054090198375,0.43103448275862066,False,0.0,CONTEXT_ONLY_NOT_CALIBRATED
2739,nax1179,울릉,죽도,sea,180.0,G06,경상북도|울릉군,경상북도,municipality,UNIQUE_MUNICIPALITY_ALIAS,0.018018054090198375,0.43103448275862066,False,0.0,CONTEXT_ONLY_NOT_CALIBRATED
2740,nax1190,남양주,홍릉·유릉,herit,50.0,G08,경기도|남양주시,경기도,municipality,UNIQUE_MUNICIPALITY_ALIAS,0.8864268155166903,88.79310344827586,False,0.0,CONTEXT_ONLY_NOT_CALIBRATED
2741,nax1191,남양주,북한강철교,heal,50.0,G04,경기도|남양주시,경기도,municipality,UNIQUE_MUNICIPALITY_ALIAS,0.8864268155166903,88.79310344827586,False,0.0,CONTEXT_ONLY_NOT_CALIBRATED
2742,nax1192,남양주,축령산자연휴양림,heal,150.0,G07,경기도|남양주시,경기도,municipality,UNIQUE_MUNICIPALITY_ALIAS,0.8864268155166903,88.79310344827586,False,0.0,CONTEXT_ONLY_NOT_CALIBRATED
2743,nax1193,경기광주,팔당물안개공원,heal,60.0,G04,경기도|광주시,경기도,municipality,EXPLICIT_PARENT_ALIAS,0.5170823090514027,73.27586206896552,False,0.0,CONTEXT_ONLY_NOT_CALIBRATED
2744,nax1194,경기광주,분원백자자료관,herit,40.0,G08,경기도|광주시,경기도,municipality,EXPLICIT_PARENT_ALIAS,0.5170823090514027,73.27586206896552,False,0.0,CONTEXT_ONLY_NOT_CALIBRATED
2745,nax1195,이천,시몬스 테라스,activity,70.0,G02,경기도|이천시,경기도,municipality,UNIQUE_MUNICIPALITY_ALIAS,0.5663282432467742,76.9396551724138,False,0.0,CONTEXT_ONLY_NOT_CALIBRATED
2746,nax1196,이천,백사 산수유마을,heal,60.0,G04,경기도|이천시,경기도,municipality,UNIQUE_MUNICIPALITY_ALIAS,0.5663282432467742,76.9396551724138,False,0.0,CONTEXT_ONLY_NOT_CALIBRATED
2747,nax1197,여주,황학산수목원,heal,70.0,G04,경기도|여주시,경기도,municipality,UNIQUE_MUNICIPALITY_ALIAS,0.6648201116375178,82.54310344827586,False,0.0,CONTEXT_ONLY_NOT_CALIBRATED
2748,nax1198,고양,렛츠런팜 원당,heal,60.0,G04,경기도|고양시,경기도,municipality,UNIQUE_MUNICIPALITY_ALIAS,2.166821104596354,97.41379310344827,False,0.0,CONTEXT_ONLY_NOT_CALIBRATED
2749,nax1199,용인,용인 대장금파크,activity,90.0,G03,경기도|용인시,경기도,municipality,UNIQUE_MUNICIPALITY_ALIAS,2.265312972987097,98.27586206896552,False,0.0,CONTEXT_ONLY_NOT_CALIBRATED
2750,nax1210,홍성,만해 한용운 생가지,herit,40.0,G08,충청남도|홍성군,충청남도,municipality,UNIQUE_MUNICIPALITY_ALIAS,0.12286835934130522,33.4051724137931,False,0.0,CONTEXT_ONLY_NOT_CALIBRATED
2751,nax1211,홍성,용봉산,heal,150.0,G07,충청남도|홍성군,충청남도,municipality,UNIQUE_MUNICIPALITY_ALIAS,0.12286835934130522,33.4051724137931,False,0.0,CONTEXT_ONLY_NOT_CALIBRATED
2752,nax1212,예산,추사고택,herit,40.0,G08,충청남도|예산군,충청남도,municipality,UNIQUE_MUNICIPALITY_ALIAS,0.16850517852521854,42.88793103448276,False,0.0,CONTEXT_ONLY_NOT_CALIBRATED
2753,nax1213,예산,예산상설시장,food,60.0,G01,충청남도|예산군,충청남도,municipality,UNIQUE_MUNICIPALITY_ALIAS,0.16850517852521854,42.88793103448276,False,0.0,CONTEXT_ONLY_NOT_CALIBRATED
2754,nax1214,논산,강경 근대역사거리,herit,60.0,G08,충청남도|논산시,충청남도,municipality,UNIQUE_MUNICIPALITY_ALIAS,0.16850517852521854,42.88793103448276,False,0.0,CONTEXT_ONLY_NOT_CALIBRATED
2755,nax1215,서천,신성리 갈대밭,heal,50.0,G04,충청남도|서천군,충청남도,municipality,UNIQUE_MUNICIPALITY_ALIAS,0.06318944194695697,15.948275862068966,False,0.0,CONTEXT_ONLY_NOT_CALIBRATED
2756,nax1216,당진,솔뫼성지,herit,50.0,G08,충청남도|당진시,충청남도,municipality,UNIQUE_MUNICIPALITY_ALIAS,0.3194577342873935,60.3448275862069,False,0.0,CONTEXT_ONLY_NOT_CALIBRATED
2757,nax1217,서산,서산 마애여래삼존상,herit,40.0,G08,충청남도|서산시,충청남도,municipality,UNIQUE_MUNICIPALITY_ALIAS,0.1965893749460883,46.98275862068966,False,0.0,CONTEXT_ONLY_NOT_CALIBRATED
2758,nax1218,세종,이응다리,activity,50.0,G02,세종특별자치시,세종특별자치시,province,PROVINCE_CONTEXT_ONLY,0.3006012024048096,,False,0.0,CONTEXT_ONLY_NOT_CALIBRATED
2759,nax1219,세종,밀마루전망대,heal,30.0,G04,세종특별자치시,세종특별자치시,province,PROVINCE_CONTEXT_ONLY,0.3006012024048096,,False,0.0,CONTEXT_ONLY_NOT_CALIBRATED
2760,nax1230,담양,담양호 용마루길,heal,90.0,G07,전남광주통합특별시|담양군,전남광주통합특별시,municipality,UNIQUE_MUNICIPALITY_ALIAS,0.1056004224016896,30.603448275862068,True,0.0,CONTEXT_ONLY_NOT_CALIBRATED
2761,nax1231,고창,학원농장 청보리밭,heal,60.0,G04,전북특별자치도|고창군,전북특별자치도,municipality,UNIQUE_MUNICIPALITY_ALIAS,0.07715430861723448,21.120689655172413,False,0.0,CONTEXT_ONLY_NOT_CALIBRATED
2762,nax1232,정읍,정읍 쌍화차거리,food,50.0,G01,전북특별자치도|정읍시,전북특별자치도,municipality,UNIQUE_MUNICIPALITY_ALIAS,0.09919839679358718,28.879310344827587,False,0.0,CONTEXT_ONLY_NOT_CALIBRATED
2763,nax1233,장성,장성호 수변길,heal,80.0,G07,전남광주통합특별시|장성군,전남광주통합특별시,municipality,UNIQUE_MUNICIPALITY_ALIAS,0.12320049280197119,34.48275862068966,True,0.0,CONTEXT_ONLY_NOT_CALIBRATED
2764,nax1234,화순,세량지,heal,40.0,G04,전남광주통합특별시|화순군,전남광주통합특별시,municipality,UNIQUE_MUNICIPALITY_ALIAS,0.0924003696014784,24.56896551724138,True,0.0,CONTEXT_ONLY_NOT_CALIBRATED
2765,nax1235,해남,미황사,herit,60.0,G08,전남광주통합특별시|해남군,전남광주통합특별시,municipality,UNIQUE_MUNICIPALITY_ALIAS,0.066000264001056,17.24137931034483,True,0.0,CONTEXT_ONLY_NOT_CALIBRATED
2766,nax1236,보성,태백산맥문학관,herit,50.0,G08,전남광주통합특별시|보성군,전남광주통합특별시,municipality,UNIQUE_MUNICIPALITY_ALIAS,0.0572002288009152,14.224137931034482,True,0.0,CONTEXT_ONLY_NOT_CALIBRATED
2767,nax1237,신안,흑산도,sea,420.0,G06,전남광주통합특별시|신안군,전남광주통합특별시,municipality,UNIQUE_MUNICIPALITY_ALIAS,0.0264001056004224,4.094827586206897,True,0.0,CONTEXT_ONLY_NOT_CALIBRATED
2768,nax1238,익산,아가페정원,heal,50.0,G04,전북특별자치도|익산시,전북특별자치도,municipality,UNIQUE_MUNICIPALITY_ALIAS,0.2226452905811623,48.706896551724135,False,0.0,CONTEXT_ONLY_NOT_CALIBRATED
2769,nax1239,부안,적벽강,sea,50.0,G05,전북특별자치도|부안군,전북특별자치도,municipality,UNIQUE_MUNICIPALITY_ALIAS,0.09478957915831662,25.862068965517242,False,0.0,CONTEXT_ONLY_NOT_CALIBRATED
2770,nax1250,철원,월정리역,herit,40.0,G08,강원특별자치도|철원군,강원특별자치도,municipality,UNIQUE_MUNICIPALITY_ALIAS,0.04168336673346693,9.913793103448276,False,0.0,CONTEXT_ONLY_NOT_CALIBRATED
2771,nax1251,철원,백마고지 전적지,herit,40.0,G08,강원특별자치도|철원군,강원특별자치도,municipality,UNIQUE_MUNICIPALITY_ALIAS,0.04168336673346693,9.913793103448276,False,0.0,CONTEXT_ONLY_NOT_CALIBRATED
2772,nax1252,철원,도피안사,herit,40.0,G08,강원특별자치도|철원군,강원특별자치도,municipality,UNIQUE_MUNICIPALITY_ALIAS,0.04168336673346693,9.913793103448276,False,0.0,CONTEXT_ONLY_NOT_CALIBRATED
2773,nax1253,철원,철원 두루미 월동지,heal,90.0,G07,강원특별자치도|철원군,강원특별자치도,municipality,UNIQUE_MUNICIPALITY_ALIAS,0.04168336673346693,9.913793103448276,False,0.0,CONTEXT_ONLY_NOT_CALIBRATED
2774,nax1254,철원,한탄강 주상절리길,heal,120.0,G07,강원특별자치도|철원군,강원특별자치도,municipality,UNIQUE_MUNICIPALITY_ALIAS,0.04168336673346693,9.913793103448276,False,0.0,CONTEXT_ONLY_NOT_CALIBRATED
2775,nax1255,철원,철원 승일교,herit,30.0,G08,강원특별자치도|철원군,강원특별자치도,municipality,UNIQUE_MUNICIPALITY_ALIAS,0.04168336673346693,9.913793103448276,False,0.0,CONTEXT_ONLY_NOT_CALIBRATED
2776,nax1256,철원,철원 학저수지,heal,50.0,G04,강원특별자치도|철원군,강원특별자치도,municipality,UNIQUE_MUNICIPALITY_ALIAS,0.04168336673346693,9.913793103448276,False,0.0,CONTEXT_ONLY_NOT_CALIBRATED
2777,nax1270,하동,화개장터,food,50.0,G01,경상남도|하동군,경상남도,municipality,UNIQUE_MUNICIPALITY_ALIAS,0.06092184368737475,15.517241379310345,False,0.0,CONTEXT_ONLY_NOT_CALIBRATED
2778,nax1271,하동,쌍계사,herit,60.0,G08,경상남도|하동군,경상남도,municipality,UNIQUE_MUNICIPALITY_ALIAS,0.06092184368737475,15.517241379310345,False,0.0,CONTEXT_ONLY_NOT_CALIBRATED
2779,nax1272,하동,최참판댁,herit,60.0,G08,경상남도|하동군,경상남도,municipality,UNIQUE_MUNICIPALITY_ALIAS,0.06092184368737475,15.517241379310345,False,0.0,CONTEXT_ONLY_NOT_CALIBRATED
2780,nax1273,하동,하동 십리벚꽃길,heal,60.0,G04,경상남도|하동군,경상남도,municipality,UNIQUE_MUNICIPALITY_ALIAS,0.06092184368737475,15.517241379310345,False,0.0,CONTEXT_ONLY_NOT_CALIBRATED
2781,nax1274,하동,하동 녹차밭 (도심다원),heal,60.0,G04,경상남도|하동군,경상남도,municipality,UNIQUE_MUNICIPALITY_ALIAS,0.06092184368737475,15.517241379310345,False,0.0,CONTEXT_ONLY_NOT_CALIBRATED
2782,nax1275,하동,하동 송림공원,heal,40.0,G04,경상남도|하동군,경상남도,municipality,UNIQUE_MUNICIPALITY_ALIAS,0.06092184368737475,15.517241379310345,False,0.0,CONTEXT_ONLY_NOT_CALIBRATED
2783,nax1276,하동,삼성궁,herit,80.0,G08,경상남도|하동군,경상남도,municipality,UNIQUE_MUNICIPALITY_ALIAS,0.06092184368737475,15.517241379310345,False,0.0,CONTEXT_ONLY_NOT_CALIBRATED
2784,nax1277,하동,하동 스카이워크,activity,30.0,G02,경상남도|하동군,경상남도,municipality,UNIQUE_MUNICIPALITY_ALIAS,0.06092184368737475,15.517241379310345,False,0.0,CONTEXT_ONLY_NOT_CALIBRATED
2785,nax1278,하동,금오산 짚와이어,activity,90.0,G03,경상남도|하동군,경상남도,municipality,UNIQUE_MUNICIPALITY_ALIAS,0.06092184368737475,15.517241379310345,False,0.0,CONTEXT_ONLY_NOT_CALIBRATED
2786,nax1290,거창,우두산 Y자형 출렁다리,activity,90.0,G03,경상남도|거창군,경상남도,municipality,UNIQUE_MUNICIPALITY_ALIAS,0.049498997995991986,12.931034482758621,False,0.0,CONTEXT_ONLY_NOT_CALIBRATED
2787,nax1291,거창,고견사,herit,70.0,G08,경상남도|거창군,경상남도,municipality,UNIQUE_MUNICIPALITY_ALIAS,0.049498997995991986,12.931034482758621,False,0.0,CONTEXT_ONLY_NOT_CALIBRATED
2788,nax1292,거창,월성계곡,heal,80.0,G07,경상남도|거창군,경상남도,municipality,UNIQUE_MUNICIPALITY_ALIAS,0.049498997995991986,12.931034482758621,False,0.0,CONTEXT_ONLY_NOT_CALIBRATED
2789,nax1293,거창,거창 창포원,heal,60.0,G04,경상남도|거창군,경상남도,municipality,UNIQUE_MUNICIPALITY_ALIAS,0.049498997995991986,12.931034482758621,False,0.0,CONTEXT_ONLY_NOT_CALIBRATED
2790,nax1294,거창,감악산 아스타 꽃밭,heal,70.0,G04,경상남도|거창군,경상남도,municipality,UNIQUE_MUNICIPALITY_ALIAS,0.049498997995991986,12.931034482758621,False,0.0,CONTEXT_ONLY_NOT_CALIBRATED
2791,nax1295,거창,거창사건추모공원,herit,40.0,G08,경상남도|거창군,경상남도,municipality,UNIQUE_MUNICIPALITY_ALIAS,0.049498997995991986,12.931034482758621,False,0.0,CONTEXT_ONLY_NOT_CALIBRATED
2792,nax1296,거창,황산마을 옛담장,herit,40.0,G08,경상남도|거창군,경상남도,municipality,UNIQUE_MUNICIPALITY_ALIAS,0.049498997995991986,12.931034482758621,False,0.0,CONTEXT_ONLY_NOT_CALIBRATED
2793,nax1297,거창,거창박물관,herit,40.0,G08,경상남도|거창군,경상남도,municipality,UNIQUE_MUNICIPALITY_ALIAS,0.049498997995991986,12.931034482758621,False,0.0,CONTEXT_ONLY_NOT_CALIBRATED
2794,nax1310,시흥,시흥 갯골생태공원,heal,60.0,G04,경기도|시흥시,경기도,municipality,UNIQUE_MUNICIPALITY_ALIAS,0.7879349471259469,87.28448275862068,False,0.0,CONTEXT_ONLY_NOT_CALIBRATED
2795,nax1311,예산,예당관광지,heal,70.0,G04,충청남도|예산군,충청남도,municipality,UNIQUE_MUNICIPALITY_ALIAS,0.16850517852521854,42.88793103448276,False,0.0,CONTEXT_ONLY_NOT_CALIBRATED
2796,nax1312,예산,대흥슬로시티,herit,60.0,G08,충청남도|예산군,충청남도,municipality,UNIQUE_MUNICIPALITY_ALIAS,0.16850517852521854,42.88793103448276,False,0.0,CONTEXT_ONLY_NOT_CALIBRATED
2797,nax1313,예산,봉수산자연휴양림,heal,90.0,G07,충청남도|예산군,충청남도,municipality,UNIQUE_MUNICIPALITY_ALIAS,0.16850517852521854,42.88793103448276,False,0.0,CONTEXT_ONLY_NOT_CALIBRATED
2798,nax1314,청주,청주동물원,activity,90.0,G03,충청북도|청주시,충청북도,municipality,UNIQUE_MUNICIPALITY_ALIAS,2.0180220581022184,96.55172413793103,False,0.0,CONTEXT_ONLY_NOT_CALIBRATED
2799,nax1315,단양,다리안관광지,heal,70.0,G04,충청북도|단양군,충청북도,municipality,UNIQUE_MUNICIPALITY_ALIAS,0.08408425242092575,22.413793103448278,False,0.0,CONTEXT_ONLY_NOT_CALIBRATED
2800,nax1316,군산,군산 시간여행마을,herit,80.0,G08,전북특별자치도|군산시,전북특별자치도,municipality,UNIQUE_MUNICIPALITY_ALIAS,0.3571142284569138,63.36206896551724,False,0.0,CONTEXT_ONLY_NOT_CALIBRATED
2801,nax1317,완주,삼례문화예술촌,activity,60.0,G02,전북특별자치도|완주군,전북특별자치도,municipality,UNIQUE_MUNICIPALITY_ALIAS,0.18296593186372748,45.689655172413794,False,0.0,CONTEXT_ONLY_NOT_CALIBRATED
2802,nax1318,진안,마이산도립공원,heal,120.0,G07,전북특별자치도|진안군,전북특별자치도,municipality,UNIQUE_MUNICIPALITY_ALIAS,0.030861723446893783,6.0344827586206895,False,0.0,CONTEXT_ONLY_NOT_CALIBRATED
2803,nax1319,전주,전주동물원,activity,90.0,G03,전북특별자치도|전주시,전북특별자치도,municipality,UNIQUE_MUNICIPALITY_ALIAS,0.7384769539078156,86.20689655172414,False,0.0,CONTEXT_ONLY_NOT_CALIBRATED
2804,nax1320,부안,모항해수욕장,sea,60.0,G05,전북특별자치도|부안군,전북특별자치도,municipality,UNIQUE_MUNICIPALITY_ALIAS,0.09478957915831662,25.862068965517242,False,0.0,CONTEXT_ONLY_NOT_CALIBRATED
2805,nax1321,임실,임실치즈테마파크,activity,90.0,G03,전북특별자치도|임실군,전북특별자치도,municipality,UNIQUE_MUNICIPALITY_ALIAS,0.07054108216432865,17.887931034482758,False,0.0,CONTEXT_ONLY_NOT_CALIBRATED
2806,nax1322,장수,와룡자연휴양림,heal,120.0,G07,전북특별자치도|장수군,전북특별자치도,municipality,UNIQUE_MUNICIPALITY_ALIAS,0.022044088176352707,1.9396551724137931,False,0.0,CONTEXT_ONLY_NOT_CALIBRATED
2807,nax1323,장수,장수누리파크,heal,50.0,G04,전북특별자치도|장수군,전북특별자치도,municipality,UNIQUE_MUNICIPALITY_ALIAS,0.022044088176352707,1.9396551724137931,False,0.0,CONTEXT_ONLY_NOT_CALIBRATED
2808,nax1324,장수,방화동자연휴양림,heal,120.0,G07,전북특별자치도|장수군,전북특별자치도,municipality,UNIQUE_MUNICIPALITY_ALIAS,0.022044088176352707,1.9396551724137931,False,0.0,CONTEXT_ONLY_NOT_CALIBRATED
2809,nax1325,순창,향가유원지,heal,60.0,G04,전북특별자치도|순창군,전북특별자치도,municipality,UNIQUE_MUNICIPALITY_ALIAS,0.022044088176352707,1.9396551724137931,False,0.0,CONTEXT_ONLY_NOT_CALIBRATED
2810,nax1326,순창,강천산 군립공원,heal,150.0,G07,전북특별자치도|순창군,전북특별자치도,municipality,UNIQUE_MUNICIPALITY_ALIAS,0.022044088176352707,1.9396551724137931,False,0.0,CONTEXT_ONLY_NOT_CALIBRATED
2811,nax1327,남원,지리산 허브밸리,heal,70.0,G04,전북특별자치도|남원시,전북특별자치도,municipality,UNIQUE_MUNICIPALITY_ALIAS,0.10360721442885772,30.17241379310345,False,0.0,CONTEXT_ONLY_NOT_CALIBRATED
2812,nax1328,남원,남원항공우주천문대,activity,70.0,G02,전북특별자치도|남원시,전북특별자치도,municipality,UNIQUE_MUNICIPALITY_ALIAS,0.10360721442885772,30.17241379310345,False,0.0,CONTEXT_ONLY_NOT_CALIBRATED
2813,nax1329,장흥,정남진 편백숲 우드랜드,heal,120.0,G07,전남광주통합특별시|장흥군,전남광주통합특별시,municipality,UNIQUE_MUNICIPALITY_ALIAS,0.035200140800563204,7.327586206896552,True,0.0,CONTEXT_ONLY_NOT_CALIBRATED
2814,nax1330,완도,정도리 구계등,sea,50.0,G05,전남광주통합특별시|완도군,전남광주통합특별시,municipality,UNIQUE_MUNICIPALITY_ALIAS,0.030800123200492798,5.172413793103448,True,0.0,CONTEXT_ONLY_NOT_CALIBRATED
2815,nax1331,대구,사문진 주막촌,herit,60.0,G08,대구광역시,대구광역시,province,PROVINCE_CONTEXT_ONLY,3.707414829659318,,False,0.0,CONTEXT_ONLY_NOT_CALIBRATED
2816,nax1332,대구,비슬산군립공원,heal,180.0,G06,대구광역시,대구광역시,province,PROVINCE_CONTEXT_ONLY,3.707414829659318,,False,0.0,CONTEXT_ONLY_NOT_CALIBRATED
2817,nax1333,고령,대가야역사테마관광지,herit,80.0,G08,경상북도|고령군,경상북도,municipality,UNIQUE_MUNICIPALITY_ALIAS,0.03603610818039675,7.974137931034483,False,0.0,CONTEXT_ONLY_NOT_CALIBRATED
2818,nax1334,산청,산청 동의보감촌,heal,120.0,G07,경상남도|산청군,경상남도,municipality,UNIQUE_MUNICIPALITY_ALIAS,0.07995991983967936,21.551724137931036,False,0.0,CONTEXT_ONLY_NOT_CALIBRATED
2819,nax1335,거제,수협효시공원,herit,40.0,G08,경상남도|거제시,경상남도,municipality,UNIQUE_MUNICIPALITY_ALIAS,0.16753507014028057,42.241379310344826,False,0.0,CONTEXT_ONLY_NOT_CALIBRATED
2820,nax1336,거제,칠천량해전공원,herit,50.0,G08,경상남도|거제시,경상남도,municipality,UNIQUE_MUNICIPALITY_ALIAS,0.16753507014028057,42.241379310344826,False,0.0,CONTEXT_ONLY_NOT_CALIBRATED
2821,nax1337,횡성,유현문화관광지,activity,70.0,G02,강원특별자치도|횡성군,강원특별자치도,municipality,UNIQUE_MUNICIPALITY_ALIAS,0.1571142284569138,40.08620689655172,False,0.0,CONTEXT_ONLY_NOT_CALIBRATED
2822,nax1338,강릉,연곡해변,sea,60.0,G05,강원특별자치도|강릉시,강원특별자치도,municipality,UNIQUE_MUNICIPALITY_ALIAS,0.5098196392785571,72.84482758620689,False,0.0,CONTEXT_ONLY_NOT_CALIBRATED
2823,nax1339,강릉,강릉통일공원,herit,60.0,G08,강원특별자치도|강릉시,강원특별자치도,municipality,UNIQUE_MUNICIPALITY_ALIAS,0.5098196392785571,72.84482758620689,False,0.0,CONTEXT_ONLY_NOT_CALIBRATED
2824,nax1340,제주,붉은오름자연휴양림,heal,90.0,G07,제주특별자치도,제주특별자치도,province,PROVINCE_CONTEXT_ONLY,1.7034068136272542,,False,0.0,CONTEXT_ONLY_NOT_CALIBRATED
2825,nax1410,인천,연안부두 해양광장,sea,40.0,G05,인천광역시,인천광역시,province,PROVINCE_CONTEXT_ONLY,5.310621242484969,,True,0.0,CONTEXT_ONLY_NOT_CALIBRATED
2826,nax1411,충주,충주 세계무술공원,activity,60.0,G02,충청북도|충주시,충청북도,municipality,UNIQUE_MUNICIPALITY_ALIAS,0.336337009683703,61.63793103448276,False,0.0,CONTEXT_ONLY_NOT_CALIBRATED
2827,nax1412,익산,익산 고스락,food,50.0,G01,전북특별자치도|익산시,전북특별자치도,municipality,UNIQUE_MUNICIPALITY_ALIAS,0.2226452905811623,48.706896551724135,False,0.0,CONTEXT_ONLY_NOT_CALIBRATED
2828,nax1413,임실,옥정호 외얏날,heal,60.0,G04,전북특별자치도|임실군,전북특별자치도,municipality,UNIQUE_MUNICIPALITY_ALIAS,0.07054108216432865,17.887931034482758,False,0.0,CONTEXT_ONLY_NOT_CALIBRATED
2829,nax1414,장수,뜬봉샘 생태관광지,heal,70.0,G04,전북특별자치도|장수군,전북특별자치도,municipality,UNIQUE_MUNICIPALITY_ALIAS,0.022044088176352707,1.9396551724137931,False,0.0,CONTEXT_ONLY_NOT_CALIBRATED
2830,nax1415,남원,국악의 성지,herit,60.0,G08,전북특별자치도|남원시,전북특별자치도,municipality,UNIQUE_MUNICIPALITY_ALIAS,0.10360721442885772,30.17241379310345,False,0.0,CONTEXT_ONLY_NOT_CALIBRATED
2831,nax1416,남원,백두대간 생태교육장,heal,60.0,G04,전북특별자치도|남원시,전북특별자치도,municipality,UNIQUE_MUNICIPALITY_ALIAS,0.10360721442885772,30.17241379310345,False,0.0,CONTEXT_ONLY_NOT_CALIBRATED
2832,nax1417,춘천,박사마을 어린이 글램핑장,stay,180.0,,강원특별자치도|춘천시,강원특별자치도,municipality,UNIQUE_MUNICIPALITY_ALIAS,0.3687374749498998,63.793103448275865,False,0.0,CONTEXT_ONLY_NOT_CALIBRATED
2833,nax1418,춘천,의암호 킹카누,activity,90.0,G03,강원특별자치도|춘천시,강원특별자치도,municipality,UNIQUE_MUNICIPALITY_ALIAS,0.3687374749498998,63.793103448275865,False,0.0,CONTEXT_ONLY_NOT_CALIBRATED
2834,nax1419,강릉,허균·허난설헌 기념공원,herit,50.0,G08,강원특별자치도|강릉시,강원특별자치도,municipality,UNIQUE_MUNICIPALITY_ALIAS,0.5098196392785571,72.84482758620689,False,0.0,CONTEXT_ONLY_NOT_CALIBRATED
2835,nax1510,청주,청주 명암유원지,heal,50.0,G04,충청북도|청주시,충청북도,municipality,UNIQUE_MUNICIPALITY_ALIAS,2.0180220581022184,96.55172413793103,False,0.0,CONTEXT_ONLY_NOT_CALIBRATED
2836,nax1511,충주,충주호체험관광지,herit,80.0,G08,충청북도|충주시,충청북도,municipality,UNIQUE_MUNICIPALITY_ALIAS,0.336337009683703,61.63793103448276,False,0.0,CONTEXT_ONLY_NOT_CALIBRATED
2837,nax1513,수원,제부도 해상케이블카,activity,70.0,G02,경기도|수원시,경기도,municipality,UNIQUE_MUNICIPALITY_ALIAS,2.289935940084783,98.70689655172414,False,0.0,CONTEXT_ONLY_NOT_CALIBRATED
2838,nax1516,봉화,국립백두대간수목원,heal,120.0,G07,경상북도|봉화군,경상북도,municipality,UNIQUE_MUNICIPALITY_ALIAS,0.025225275726277727,3.4482758620689653,False,0.0,CONTEXT_ONLY_NOT_CALIBRATED
2839,nax1517,통영,디피랑,activity,80.0,G03,경상남도|통영시,경상남도,municipality,UNIQUE_MUNICIPALITY_ALIAS,0.13326653306613226,35.3448275862069,False,0.0,CONTEXT_ONLY_NOT_CALIBRATED
2840,nax1518,부산,부산엑스더스카이,activity,70.0,G02,부산광역시,부산광역시,province,PROVINCE_CONTEXT_ONLY,6.4128256513026045,,False,0.0,CONTEXT_ONLY_NOT_CALIBRATED
2841,nax1519,부산,해운대 그린레일웨이,heal,90.0,G07,부산광역시,부산광역시,province,PROVINCE_CONTEXT_ONLY,6.4128256513026045,,False,0.0,CONTEXT_ONLY_NOT_CALIBRATED
2842,nax1520,대구,사유원,heal,150.0,G07,대구광역시,대구광역시,province,PROVINCE_CONTEXT_ONLY,3.707414829659318,,False,0.0,CONTEXT_ONLY_NOT_CALIBRATED
2843,nax1521,완주,오성한옥마을,herit,60.0,G08,전북특별자치도|완주군,전북특별자치도,municipality,UNIQUE_MUNICIPALITY_ALIAS,0.18296593186372748,45.689655172413794,False,0.0,CONTEXT_ONLY_NOT_CALIBRATED
2844,nax1522,광양,광양 매화마을,heal,70.0,G04,전남광주통합특별시|광양시,전남광주통합특별시,municipality,UNIQUE_MUNICIPALITY_ALIAS,0.1804007216028864,45.258620689655174,True,0.0,CONTEXT_ONLY_NOT_CALIBRATED
2845,nax1524,제주,머체왓숲길,heal,120.0,G07,제주특별자치도,제주특별자치도,province,PROVINCE_CONTEXT_ONLY,1.7034068136272542,,False,0.0,CONTEXT_ONLY_NOT_CALIBRATED
2846,yw1,영월,청령포,herit,90.0,G08,강원특별자치도|영월군,강원특별자치도,municipality,UNIQUE_MUNICIPALITY_ALIAS,0.06412825651302605,16.379310344827587,False,0.0,CONTEXT_ONLY_NOT_CALIBRATED
2847,yw3,영월,관풍헌,herit,30.0,G08,강원특별자치도|영월군,강원특별자치도,municipality,UNIQUE_MUNICIPALITY_ALIAS,0.06412825651302605,16.379310344827587,False,0.0,CONTEXT_ONLY_NOT_CALIBRATED
2848,yw2,영월,영월 장릉,herit,70.0,G08,강원특별자치도|영월군,강원특별자치도,municipality,UNIQUE_MUNICIPALITY_ALIAS,0.06412825651302605,16.379310344827587,False,0.0,CONTEXT_ONLY_NOT_CALIBRATED
2849,yw4,영월,선돌,heal,40.0,G04,강원특별자치도|영월군,강원특별자치도,municipality,UNIQUE_MUNICIPALITY_ALIAS,0.06412825651302605,16.379310344827587,False,0.0,CONTEXT_ONLY_NOT_CALIBRATED
2850,yw5,영월,어라연,heal,180.0,G06,강원특별자치도|영월군,강원특별자치도,municipality,UNIQUE_MUNICIPALITY_ALIAS,0.06412825651302605,16.379310344827587,False,0.0,CONTEXT_ONLY_NOT_CALIBRATED
2851,ywx10,영월,한반도지형 (선암마을),heal,80.0,G07,강원특별자치도|영월군,강원특별자치도,municipality,UNIQUE_MUNICIPALITY_ALIAS,0.06412825651302605,16.379310344827587,False,0.0,CONTEXT_ONLY_NOT_CALIBRATED
2852,ywx11,영월,별마로천문대,activity,90.0,G03,강원특별자치도|영월군,강원특별자치도,municipality,UNIQUE_MUNICIPALITY_ALIAS,0.06412825651302605,16.379310344827587,False,0.0,CONTEXT_ONLY_NOT_CALIBRATED
2853,ywx12,영월,요선암 돌개구멍,heal,50.0,G04,강원특별자치도|영월군,강원특별자치도,municipality,UNIQUE_MUNICIPALITY_ALIAS,0.06412825651302605,16.379310344827587,False,0.0,CONTEXT_ONLY_NOT_CALIBRATED
2854,ywx13,영월,영월 서부시장,food,60.0,G01,강원특별자치도|영월군,강원특별자치도,municipality,UNIQUE_MUNICIPALITY_ALIAS,0.06412825651302605,16.379310344827587,False,0.0,CONTEXT_ONLY_NOT_CALIBRATED
2855,ywx1,영월,고씨굴,heal,70.0,G04,강원특별자치도|영월군,강원특별자치도,municipality,UNIQUE_MUNICIPALITY_ALIAS,0.06412825651302605,16.379310344827587,False,0.0,CONTEXT_ONLY_NOT_CALIBRATED
2856,ywx2,영월,김삿갓 유적지,herit,60.0,G08,강원특별자치도|영월군,강원특별자치도,municipality,UNIQUE_MUNICIPALITY_ALIAS,0.06412825651302605,16.379310344827587,False,0.0,CONTEXT_ONLY_NOT_CALIBRATED
2857,ywx3,영월,라디오스타 박물관,activity,60.0,G02,강원특별자치도|영월군,강원특별자치도,municipality,UNIQUE_MUNICIPALITY_ALIAS,0.06412825651302605,16.379310344827587,False,0.0,CONTEXT_ONLY_NOT_CALIBRATED
2858,ywx4,영월,동강사진박물관,activity,60.0,G02,강원특별자치도|영월군,강원특별자치도,municipality,UNIQUE_MUNICIPALITY_ALIAS,0.06412825651302605,16.379310344827587,False,0.0,CONTEXT_ONLY_NOT_CALIBRATED
2859,ywx5,영월,젊은달와이파크,activity,90.0,G03,강원특별자치도|영월군,강원특별자치도,municipality,UNIQUE_MUNICIPALITY_ALIAS,0.06412825651302605,16.379310344827587,False,0.0,CONTEXT_ONLY_NOT_CALIBRATED
2860,ywx6,영월,법흥사,herit,70.0,G08,강원특별자치도|영월군,강원특별자치도,municipality,UNIQUE_MUNICIPALITY_ALIAS,0.06412825651302605,16.379310344827587,False,0.0,CONTEXT_ONLY_NOT_CALIBRATED
2861,ywx7,영월,영월곤충박물관,activity,50.0,G02,강원특별자치도|영월군,강원특별자치도,municipality,UNIQUE_MUNICIPALITY_ALIAS,0.06412825651302605,16.379310344827587,False,0.0,CONTEXT_ONLY_NOT_CALIBRATED
2862,ywx8,영월,단종역사관,herit,40.0,G08,강원특별자치도|영월군,강원특별자치도,municipality,UNIQUE_MUNICIPALITY_ALIAS,0.06412825651302605,16.379310344827587,False,0.0,CONTEXT_ONLY_NOT_CALIBRATED
2863,ywx9,영월,동강생태정보센터,heal,50.0,G04,강원특별자치도|영월군,강원특별자치도,municipality,UNIQUE_MUNICIPALITY_ALIAS,0.06412825651302605,16.379310344827587,False,0.0,CONTEXT_ONLY_NOT_CALIBRATED
2864,kd1,서울,낙산공원 성곽길,herit,70.0,G08,서울특별시,서울특별시,province,PROVINCE_CONTEXT_ONLY,29.058116232464926,,False,0.0,CONTEXT_ONLY_NOT_CALIBRATED
2865,kd2,서울,북촌한옥마을,herit,90.0,G08,서울특별시,서울특별시,province,PROVINCE_CONTEXT_ONLY,29.058116232464926,,False,0.0,CONTEXT_ONLY_NOT_CALIBRATED
2866,kd3,서울,명동거리,food,110.0,G07,서울특별시,서울특별시,province,PROVINCE_CONTEXT_ONLY,29.058116232464926,,False,0.0,CONTEXT_ONLY_NOT_CALIBRATED
2867,kd4,서울,남산서울타워,activity,120.0,G03,서울특별시,서울특별시,province,PROVINCE_CONTEXT_ONLY,29.058116232464926,,False,0.0,CONTEXT_ONLY_NOT_CALIBRATED
2868,kd5,서울,롯데월드타워 서울스카이,activity,120.0,G03,서울특별시,서울특별시,province,PROVINCE_CONTEXT_ONLY,29.058116232464926,,False,0.0,CONTEXT_ONLY_NOT_CALIBRATED
2869,kd6,서울,서울올림픽주경기장,activity,80.0,G03,서울특별시,서울특별시,province,PROVINCE_CONTEXT_ONLY,29.058116232464926,,False,0.0,CONTEXT_ONLY_NOT_CALIBRATED
2870,kd7,서울,청담대교 · 자양역,heal,40.0,G04,서울특별시,서울특별시,province,PROVINCE_CONTEXT_ONLY,29.058116232464926,,False,0.0,CONTEXT_ONLY_NOT_CALIBRATED
2871,kd8,서울,K-POP SQUARE (삼성역 전광판),activity,40.0,G02,서울특별시,서울특별시,province,PROVINCE_CONTEXT_ONLY,29.058116232464926,,False,0.0,CONTEXT_ONLY_NOT_CALIBRATED
2872,kd9,서울,서울한방진흥센터,heal,70.0,G04,서울특별시,서울특별시,province,PROVINCE_CONTEXT_ONLY,29.058116232464926,,False,0.0,CONTEXT_ONLY_NOT_CALIBRATED
2873,kd10,서울,경복궁,herit,100.0,G08,서울특별시,서울특별시,province,PROVINCE_CONTEXT_ONLY,29.058116232464926,,False,0.0,CONTEXT_ONLY_NOT_CALIBRATED
2874,kd11,서울,뚝섬한강공원,heal,80.0,G07,서울특별시,서울특별시,province,PROVINCE_CONTEXT_ONLY,29.058116232464926,,False,0.0,CONTEXT_ONLY_NOT_CALIBRATED
2875,kdx1,서울,창덕궁,herit,110.0,G07,서울특별시,서울특별시,province,PROVINCE_CONTEXT_ONLY,29.058116232464926,,False,0.0,CONTEXT_ONLY_NOT_CALIBRATED
2876,kdx2,서울,광화문광장,herit,50.0,G08,서울특별시,서울특별시,province,PROVINCE_CONTEXT_ONLY,29.058116232464926,,False,0.0,CONTEXT_ONLY_NOT_CALIBRATED
2877,kdx3,서울,삼청동길,food,90.0,G01,서울특별시,서울특별시,province,PROVINCE_CONTEXT_ONLY,29.058116232464926,,False,0.0,CONTEXT_ONLY_NOT_CALIBRATED
2878,kdx4,서울,익선동 한옥거리,food,80.0,G01,서울특별시,서울특별시,province,PROVINCE_CONTEXT_ONLY,29.058116232464926,,False,0.0,CONTEXT_ONLY_NOT_CALIBRATED
2879,kdx5,서울,인사동,food,70.0,G01,서울특별시,서울특별시,province,PROVINCE_CONTEXT_ONLY,29.058116232464926,,False,0.0,CONTEXT_ONLY_NOT_CALIBRATED
2880,kdx6,서울,국립중앙박물관,herit,150.0,G06,서울특별시,서울특별시,province,PROVINCE_CONTEXT_ONLY,29.058116232464926,,False,0.0,CONTEXT_ONLY_NOT_CALIBRATED
2881,kdx7,서울,흥인지문 · 한양도성,herit,50.0,G08,서울특별시,서울특별시,province,PROVINCE_CONTEXT_ONLY,29.058116232464926,,False,0.0,CONTEXT_ONLY_NOT_CALIBRATED
2882,kdx8,서울,성수동 카페거리,food,100.0,G07,서울특별시,서울특별시,province,PROVINCE_CONTEXT_ONLY,29.058116232464926,,False,0.0,CONTEXT_ONLY_NOT_CALIBRATED
2883,kdx9,서울,코엑스 별마당도서관,activity,50.0,G02,서울특별시,서울특별시,province,PROVINCE_CONTEXT_ONLY,29.058116232464926,,False,0.0,CONTEXT_ONLY_NOT_CALIBRATED
2884,kdx10,서울,서울약령시 한의약박물관,heal,50.0,G04,서울특별시,서울특별시,province,PROVINCE_CONTEXT_ONLY,29.058116232464926,,False,0.0,CONTEXT_ONLY_NOT_CALIBRATED
2885,kdx11,서울,잠실 롯데월드 어드벤처,activity,300.0,G06,서울특별시,서울특별시,province,PROVINCE_CONTEXT_ONLY,29.058116232464926,,False,0.0,CONTEXT_ONLY_NOT_CALIBRATED
2886,kdx12,서울,반포한강공원 달빛무지개분수,heal,60.0,G04,서울특별시,서울특별시,province,PROVINCE_CONTEXT_ONLY,29.058116232464926,,False,0.0,CONTEXT_ONLY_NOT_CALIBRATED
2887,kdx13,서울,덕수궁 돌담길,herit,60.0,G08,서울특별시,서울특별시,province,PROVINCE_CONTEXT_ONLY,29.058116232464926,,False,0.0,CONTEXT_ONLY_NOT_CALIBRATED
2888,kdx14,서울,종묘,herit,80.0,G08,서울특별시,서울특별시,province,PROVINCE_CONTEXT_ONLY,29.058116232464926,,False,0.0,CONTEXT_ONLY_NOT_CALIBRATED
2889,kdx15,서울,운현궁,herit,50.0,G08,서울특별시,서울특별시,province,PROVINCE_CONTEXT_ONLY,29.058116232464926,,False,0.0,CONTEXT_ONLY_NOT_CALIBRATED
2890,kdx16,서울,동대문디자인플라자,activity,80.0,G03,서울특별시,서울특별시,province,PROVINCE_CONTEXT_ONLY,29.058116232464926,,False,0.0,CONTEXT_ONLY_NOT_CALIBRATED
2891,kdx17,서울,광장시장,food,70.0,G01,서울특별시,서울특별시,province,PROVINCE_CONTEXT_ONLY,29.058116232464926,,False,0.0,CONTEXT_ONLY_NOT_CALIBRATED
2892,kdx18,서울,청계천,heal,60.0,G04,서울특별시,서울특별시,province,PROVINCE_CONTEXT_ONLY,29.058116232464926,,False,0.0,CONTEXT_ONLY_NOT_CALIBRATED
2893,kdx19,서울,서울로7017,heal,50.0,G04,서울특별시,서울특별시,province,PROVINCE_CONTEXT_ONLY,29.058116232464926,,False,0.0,CONTEXT_ONLY_NOT_CALIBRATED
2894,kdx20,서울,남대문시장,food,70.0,G01,서울특별시,서울특별시,province,PROVINCE_CONTEXT_ONLY,29.058116232464926,,False,0.0,CONTEXT_ONLY_NOT_CALIBRATED
2895,kdx21,서울,경리단길,food,80.0,G01,서울특별시,서울특별시,province,PROVINCE_CONTEXT_ONLY,29.058116232464926,,False,0.0,CONTEXT_ONLY_NOT_CALIBRATED
2896,kdx22,서울,홍대거리,food,90.0,G01,서울특별시,서울특별시,province,PROVINCE_CONTEXT_ONLY,29.058116232464926,,False,0.0,CONTEXT_ONLY_NOT_CALIBRATED
2897,kdx23,서울,연남동 경의선숲길,heal,70.0,G04,서울특별시,서울특별시,province,PROVINCE_CONTEXT_ONLY,29.058116232464926,,False,0.0,CONTEXT_ONLY_NOT_CALIBRATED
2898,kdx24,서울,여의도 한강공원,heal,80.0,G07,서울특별시,서울특별시,province,PROVINCE_CONTEXT_ONLY,29.058116232464926,,False,0.0,CONTEXT_ONLY_NOT_CALIBRATED
2899,kdx25,서울,노들섬,activity,60.0,G02,서울특별시,서울특별시,province,PROVINCE_CONTEXT_ONLY,29.058116232464926,,False,0.0,CONTEXT_ONLY_NOT_CALIBRATED
2900,kdx27,서울,건대입구 거리,food,90.0,G01,서울특별시,서울특별시,province,PROVINCE_CONTEXT_ONLY,29.058116232464926,,False,0.0,CONTEXT_ONLY_NOT_CALIBRATED
2901,kdx28,서울,서울어린이대공원,heal,90.0,G07,서울특별시,서울특별시,province,PROVINCE_CONTEXT_ONLY,29.058116232464926,,False,0.0,CONTEXT_ONLY_NOT_CALIBRATED
2902,kdx29,서울,석촌호수,heal,60.0,G04,서울특별시,서울특별시,province,PROVINCE_CONTEXT_ONLY,29.058116232464926,,False,0.0,CONTEXT_ONLY_NOT_CALIBRATED
2903,kdx30,서울,올림픽공원,heal,90.0,G07,서울특별시,서울특별시,province,PROVINCE_CONTEXT_ONLY,29.058116232464926,,False,0.0,CONTEXT_ONLY_NOT_CALIBRATED
2904,kdx31,서울,가로수길,food,70.0,G01,서울특별시,서울특별시,province,PROVINCE_CONTEXT_ONLY,29.058116232464926,,False,0.0,CONTEXT_ONLY_NOT_CALIBRATED
2905,kdx32,서울,봉은사,herit,60.0,G08,서울특별시,서울특별시,province,PROVINCE_CONTEXT_ONLY,29.058116232464926,,False,0.0,CONTEXT_ONLY_NOT_CALIBRATED
2906,kdx33,서울,선릉·정릉,herit,60.0,G08,서울특별시,서울특별시,province,PROVINCE_CONTEXT_ONLY,29.058116232464926,,False,0.0,CONTEXT_ONLY_NOT_CALIBRATED
2907,kdx34,서울,국립민속박물관,herit,80.0,G08,서울특별시,서울특별시,province,PROVINCE_CONTEXT_ONLY,29.058116232464926,,False,0.0,CONTEXT_ONLY_NOT_CALIBRATED
2908,kdx35,서울,북악스카이웨이 팔각정,heal,50.0,G04,서울특별시,서울특별시,province,PROVINCE_CONTEXT_ONLY,29.058116232464926,,False,0.0,CONTEXT_ONLY_NOT_CALIBRATED
2909,kdx36,서울,통인시장,food,50.0,G01,서울특별시,서울특별시,province,PROVINCE_CONTEXT_ONLY,29.058116232464926,,False,0.0,CONTEXT_ONLY_NOT_CALIBRATED
2910,kdx37,서울,서촌,food,70.0,G01,서울특별시,서울특별시,province,PROVINCE_CONTEXT_ONLY,29.058116232464926,,False,0.0,CONTEXT_ONLY_NOT_CALIBRATED
2911,kdx38,서울,국립현대미술관 서울,activity,90.0,G03,서울특별시,서울특별시,province,PROVINCE_CONTEXT_ONLY,29.058116232464926,,False,0.0,CONTEXT_ONLY_NOT_CALIBRATED
2912,kdx39,서울,노량진 수산시장,food,70.0,G01,서울특별시,서울특별시,province,PROVINCE_CONTEXT_ONLY,29.058116232464926,,False,0.0,CONTEXT_ONLY_NOT_CALIBRATED
2913,kdx40,서울,하늘공원,heal,80.0,G07,서울특별시,서울특별시,province,PROVINCE_CONTEXT_ONLY,29.058116232464926,,False,0.0,CONTEXT_ONLY_NOT_CALIBRATED
2914,kdx41,서울,선유도공원,heal,70.0,G04,서울특별시,서울특별시,province,PROVINCE_CONTEXT_ONLY,29.058116232464926,,False,0.0,CONTEXT_ONLY_NOT_CALIBRATED
2915,kdx42,서울,서울식물원,heal,110.0,G07,서울특별시,서울특별시,province,PROVINCE_CONTEXT_ONLY,29.058116232464926,,False,0.0,CONTEXT_ONLY_NOT_CALIBRATED
2916,kdx43,서울,예술의전당,activity,120.0,G03,서울특별시,서울특별시,province,PROVINCE_CONTEXT_ONLY,29.058116232464926,,False,0.0,CONTEXT_ONLY_NOT_CALIBRATED
2917,kdx44,서울,몽촌토성,herit,80.0,G08,서울특별시,서울특별시,province,PROVINCE_CONTEXT_ONLY,29.058116232464926,,False,0.0,CONTEXT_ONLY_NOT_CALIBRATED
2918,kdx45,서울,올림픽홀,activity,60.0,G02,서울특별시,서울특별시,province,PROVINCE_CONTEXT_ONLY,29.058116232464926,,False,0.0,CONTEXT_ONLY_NOT_CALIBRATED
2919,kdx46,서울,창경궁,herit,80.0,G08,서울특별시,서울특별시,province,PROVINCE_CONTEXT_ONLY,29.058116232464926,,False,0.0,CONTEXT_ONLY_NOT_CALIBRATED
2920,kdx47,서울,인사동 문화의거리,food,90.0,G01,서울특별시,서울특별시,province,PROVINCE_CONTEXT_ONLY,29.058116232464926,,False,0.0,CONTEXT_ONLY_NOT_CALIBRATED
2921,kdx48,서울,서대문형무소역사관,herit,90.0,G08,서울특별시,서울특별시,province,PROVINCE_CONTEXT_ONLY,29.058116232464926,,False,0.0,CONTEXT_ONLY_NOT_CALIBRATED
2922,kdx49,서울,독립문,herit,30.0,G08,서울특별시,서울특별시,province,PROVINCE_CONTEXT_ONLY,29.058116232464926,,False,0.0,CONTEXT_ONLY_NOT_CALIBRATED
2923,kdx50,서울,경희궁,herit,50.0,G08,서울특별시,서울특별시,province,PROVINCE_CONTEXT_ONLY,29.058116232464926,,False,0.0,CONTEXT_ONLY_NOT_CALIBRATED
2924,kdx51,서울,리움미술관,activity,110.0,G03,서울특별시,서울특별시,province,PROVINCE_CONTEXT_ONLY,29.058116232464926,,False,0.0,CONTEXT_ONLY_NOT_CALIBRATED
2925,kdx52,서울,이태원 거리,food,90.0,G01,서울특별시,서울특별시,province,PROVINCE_CONTEXT_ONLY,29.058116232464926,,False,0.0,CONTEXT_ONLY_NOT_CALIBRATED
2926,kdx53,서울,혜화동 대학로,activity,100.0,G03,서울특별시,서울특별시,province,PROVINCE_CONTEXT_ONLY,29.058116232464926,,False,0.0,CONTEXT_ONLY_NOT_CALIBRATED
2927,kdx54,서울,서울시립미술관,activity,80.0,G03,서울특별시,서울특별시,province,PROVINCE_CONTEXT_ONLY,29.058116232464926,,False,0.0,CONTEXT_ONLY_NOT_CALIBRATED
2928,kdx55,서울,세종문화회관,activity,70.0,G02,서울특별시,서울특별시,province,PROVINCE_CONTEXT_ONLY,29.058116232464926,,False,0.0,CONTEXT_ONLY_NOT_CALIBRATED
2929,kdx56,서울,국립고궁박물관,herit,80.0,G08,서울특별시,서울특별시,province,PROVINCE_CONTEXT_ONLY,29.058116232464926,,False,0.0,CONTEXT_ONLY_NOT_CALIBRATED
2930,kdx57,서울,남산골 한옥마을,herit,70.0,G08,서울특별시,서울특별시,province,PROVINCE_CONTEXT_ONLY,29.058116232464926,,False,0.0,CONTEXT_ONLY_NOT_CALIBRATED
2931,kdx58,서울,국립극장,activity,80.0,G03,서울특별시,서울특별시,province,PROVINCE_CONTEXT_ONLY,29.058116232464926,,False,0.0,CONTEXT_ONLY_NOT_CALIBRATED
2932,kdx59,서울,국회의사당,herit,60.0,G08,서울특별시,서울특별시,province,PROVINCE_CONTEXT_ONLY,29.058116232464926,,False,0.0,CONTEXT_ONLY_NOT_CALIBRATED
2933,kdx60,서울,여의도공원,heal,60.0,G04,서울특별시,서울특별시,province,PROVINCE_CONTEXT_ONLY,29.058116232464926,,False,0.0,CONTEXT_ONLY_NOT_CALIBRATED
2934,kdx61,서울,63빌딩,activity,80.0,G03,서울특별시,서울특별시,province,PROVINCE_CONTEXT_ONLY,29.058116232464926,,False,0.0,CONTEXT_ONLY_NOT_CALIBRATED
2935,kdx62,서울,신촌 대학가,food,90.0,G01,서울특별시,서울특별시,province,PROVINCE_CONTEXT_ONLY,29.058116232464926,,False,0.0,CONTEXT_ONLY_NOT_CALIBRATED
2936,kdx63,서울,합정동 상권,food,80.0,G01,서울특별시,서울특별시,province,PROVINCE_CONTEXT_ONLY,29.058116232464926,,False,0.0,CONTEXT_ONLY_NOT_CALIBRATED
2937,kdx64,서울,망원시장,food,60.0,G01,서울특별시,서울특별시,province,PROVINCE_CONTEXT_ONLY,29.058116232464926,,False,0.0,CONTEXT_ONLY_NOT_CALIBRATED
2938,kdx65,서울,조계사,herit,40.0,G08,서울특별시,서울특별시,province,PROVINCE_CONTEXT_ONLY,29.058116232464926,,False,0.0,CONTEXT_ONLY_NOT_CALIBRATED
2939,kdx66,서울,명동대성당,herit,40.0,G08,서울특별시,서울특별시,province,PROVINCE_CONTEXT_ONLY,29.058116232464926,,False,0.0,CONTEXT_ONLY_NOT_CALIBRATED
2940,kdx67,서울,서울광장,activity,30.0,G02,서울특별시,서울특별시,province,PROVINCE_CONTEXT_ONLY,29.058116232464926,,False,0.0,CONTEXT_ONLY_NOT_CALIBRATED
2941,kdx68,서울,서울역사박물관,herit,80.0,G08,서울특별시,서울특별시,province,PROVINCE_CONTEXT_ONLY,29.058116232464926,,False,0.0,CONTEXT_ONLY_NOT_CALIBRATED
2942,kdx69,서울,압구정 로데오거리,food,80.0,G01,서울특별시,서울특별시,province,PROVINCE_CONTEXT_ONLY,29.058116232464926,,False,0.0,CONTEXT_ONLY_NOT_CALIBRATED
2943,kdx70,서울,K-스타로드,activity,50.0,G02,서울특별시,서울특별시,province,PROVINCE_CONTEXT_ONLY,29.058116232464926,,False,0.0,CONTEXT_ONLY_NOT_CALIBRATED
2944,kdx71,서울,강남역 일대,food,90.0,G01,서울특별시,서울특별시,province,PROVINCE_CONTEXT_ONLY,29.058116232464926,,False,0.0,CONTEXT_ONLY_NOT_CALIBRATED
2945,kdx72,서울,가락시장,food,70.0,G01,서울특별시,서울특별시,province,PROVINCE_CONTEXT_ONLY,29.058116232464926,,False,0.0,CONTEXT_ONLY_NOT_CALIBRATED
2946,kdx73,서울,암사동 유적,herit,70.0,G08,서울특별시,서울특별시,province,PROVINCE_CONTEXT_ONLY,29.058116232464926,,False,0.0,CONTEXT_ONLY_NOT_CALIBRATED
2947,kdx74,서울,국립서울현충원,herit,80.0,G08,서울특별시,서울특별시,province,PROVINCE_CONTEXT_ONLY,29.058116232464926,,False,0.0,CONTEXT_ONLY_NOT_CALIBRATED
2948,kdx75,서울,월드컵공원,heal,110.0,G07,서울특별시,서울특별시,province,PROVINCE_CONTEXT_ONLY,29.058116232464926,,False,0.0,CONTEXT_ONLY_NOT_CALIBRATED
2949,kdx76,서울,경동시장,food,70.0,G01,서울특별시,서울특별시,province,PROVINCE_CONTEXT_ONLY,29.058116232464926,,False,0.0,CONTEXT_ONLY_NOT_CALIBRATED
2950,jd1,제주,성산일출봉,herit,110.0,G07,제주특별자치도,제주특별자치도,province,PROVINCE_CONTEXT_ONLY,1.7034068136272542,,False,0.0,CONTEXT_ONLY_NOT_CALIBRATED
2951,jd2,제주,김녕해수욕장,heal,80.0,G07,제주특별자치도,제주특별자치도,province,PROVINCE_CONTEXT_ONLY,1.7034068136272542,,False,0.0,CONTEXT_ONLY_NOT_CALIBRATED
2952,jd3,제주,제주목 관아,herit,70.0,G08,제주특별자치도,제주특별자치도,province,PROVINCE_CONTEXT_ONLY,1.7034068136272542,,False,0.0,CONTEXT_ONLY_NOT_CALIBRATED
2953,jd4,제주,오라동 메밀꽃밭,heal,60.0,G04,제주특별자치도,제주특별자치도,province,PROVINCE_CONTEXT_ONLY,1.7034068136272542,,False,0.0,CONTEXT_ONLY_NOT_CALIBRATED
2954,jd5,제주,협재해수욕장,heal,90.0,G07,제주특별자치도,제주특별자치도,province,PROVINCE_CONTEXT_ONLY,1.7034068136272542,,False,0.0,CONTEXT_ONLY_NOT_CALIBRATED
2955,jd6,제주,금능포구 돌담길,heal,60.0,G04,제주특별자치도,제주특별자치도,province,PROVINCE_CONTEXT_ONLY,1.7034068136272542,,False,0.0,CONTEXT_ONLY_NOT_CALIBRATED
2956,jd7,제주,제주 동문재래시장,food,80.0,G01,제주특별자치도,제주특별자치도,province,PROVINCE_CONTEXT_ONLY,1.7034068136272542,,False,0.0,CONTEXT_ONLY_NOT_CALIBRATED
2957,jd8,제주,광치기해변,heal,50.0,G04,제주특별자치도,제주특별자치도,province,PROVINCE_CONTEXT_ONLY,1.7034068136272542,,False,0.0,CONTEXT_ONLY_NOT_CALIBRATED
2958,jd9,제주,종달리 해안도로,heal,50.0,G04,제주특별자치도,제주특별자치도,province,PROVINCE_CONTEXT_ONLY,1.7034068136272542,,False,0.0,CONTEXT_ONLY_NOT_CALIBRATED
2959,jd10,제주,우도,activity,240.0,G06,제주특별자치도,제주특별자치도,province,PROVINCE_CONTEXT_ONLY,1.7034068136272542,,False,0.0,CONTEXT_ONLY_NOT_CALIBRATED
2960,jd11,제주,함덕해수욕장,heal,80.0,G07,제주특별자치도,제주특별자치도,province,PROVINCE_CONTEXT_ONLY,1.7034068136272542,,False,0.0,CONTEXT_ONLY_NOT_CALIBRATED
2961,jdx1,제주,섭지코지,heal,70.0,G04,제주특별자치도,제주특별자치도,province,PROVINCE_CONTEXT_ONLY,1.7034068136272542,,False,0.0,CONTEXT_ONLY_NOT_CALIBRATED
2962,jdx2,제주,만장굴,herit,60.0,G08,제주특별자치도,제주특별자치도,province,PROVINCE_CONTEXT_ONLY,1.7034068136272542,,False,0.0,CONTEXT_ONLY_NOT_CALIBRATED
2963,jdx3,제주,성읍민속마을,herit,80.0,G08,제주특별자치도,제주특별자치도,province,PROVINCE_CONTEXT_ONLY,1.7034068136272542,,False,0.0,CONTEXT_ONLY_NOT_CALIBRATED
2964,jdx4,제주,제주민속촌,herit,120.0,G07,제주특별자치도,제주특별자치도,province,PROVINCE_CONTEXT_ONLY,1.7034068136272542,,False,0.0,CONTEXT_ONLY_NOT_CALIBRATED
2965,jdx5,제주,사려니숲길,heal,110.0,G07,제주특별자치도,제주특별자치도,province,PROVINCE_CONTEXT_ONLY,1.7034068136272542,,False,0.0,CONTEXT_ONLY_NOT_CALIBRATED
2966,jdx6,제주,새별오름,heal,70.0,G04,제주특별자치도,제주특별자치도,province,PROVINCE_CONTEXT_ONLY,1.7034068136272542,,False,0.0,CONTEXT_ONLY_NOT_CALIBRATED
2967,jdx7,제주,한라산 어리목,heal,300.0,G06,제주특별자치도,제주특별자치도,province,PROVINCE_CONTEXT_ONLY,1.7034068136272542,,False,0.0,CONTEXT_ONLY_NOT_CALIBRATED
2968,jdx8,제주,천지연폭포,heal,50.0,G04,제주특별자치도,제주특별자치도,province,PROVINCE_CONTEXT_ONLY,1.7034068136272542,,False,0.0,CONTEXT_ONLY_NOT_CALIBRATED
2969,jdx9,제주,정방폭포,heal,50.0,G04,제주특별자치도,제주특별자치도,province,PROVINCE_CONTEXT_ONLY,1.7034068136272542,,False,0.0,CONTEXT_ONLY_NOT_CALIBRATED
2970,jdx10,제주,중문색달해변,heal,70.0,G04,제주특별자치도,제주특별자치도,province,PROVINCE_CONTEXT_ONLY,1.7034068136272542,,False,0.0,CONTEXT_ONLY_NOT_CALIBRATED
2971,jdx11,제주,카멜리아힐,heal,100.0,G07,제주특별자치도,제주특별자치도,province,PROVINCE_CONTEXT_ONLY,1.7034068136272542,,False,0.0,CONTEXT_ONLY_NOT_CALIBRATED
2972,jdx12,제주,오설록 티뮤지엄,food,70.0,G01,제주특별자치도,제주특별자치도,province,PROVINCE_CONTEXT_ONLY,1.7034068136272542,,False,0.0,CONTEXT_ONLY_NOT_CALIBRATED
2973,jdx13,제주,용두암,heal,40.0,G04,제주특별자치도,제주특별자치도,province,PROVINCE_CONTEXT_ONLY,1.7034068136272542,,False,0.0,CONTEXT_ONLY_NOT_CALIBRATED
2974,jdx14,제주,이호테우해변,heal,50.0,G04,제주특별자치도,제주특별자치도,province,PROVINCE_CONTEXT_ONLY,1.7034068136272542,,False,0.0,CONTEXT_ONLY_NOT_CALIBRATED
2975,jdx15,제주,애월 한담해안산책로,heal,60.0,G04,제주특별자치도,제주특별자치도,province,PROVINCE_CONTEXT_ONLY,1.7034068136272542,,False,0.0,CONTEXT_ONLY_NOT_CALIBRATED
2976,jdx16,제주,한림공원,heal,120.0,G07,제주특별자치도,제주특별자치도,province,PROVINCE_CONTEXT_ONLY,1.7034068136272542,,False,0.0,CONTEXT_ONLY_NOT_CALIBRATED
2977,jdx17,제주,산굼부리,heal,70.0,G04,제주특별자치도,제주특별자치도,province,PROVINCE_CONTEXT_ONLY,1.7034068136272542,,False,0.0,CONTEXT_ONLY_NOT_CALIBRATED
2978,jdx18,제주,비자림,heal,80.0,G07,제주특별자치도,제주특별자치도,province,PROVINCE_CONTEXT_ONLY,1.7034068136272542,,False,0.0,CONTEXT_ONLY_NOT_CALIBRATED
2979,jdx19,제주,아부오름,heal,50.0,G04,제주특별자치도,제주특별자치도,province,PROVINCE_CONTEXT_ONLY,1.7034068136272542,,False,0.0,CONTEXT_ONLY_NOT_CALIBRATED
2980,jdx20,제주,월정리해변,food,60.0,G01,제주특별자치도,제주특별자치도,province,PROVINCE_CONTEXT_ONLY,1.7034068136272542,,False,0.0,CONTEXT_ONLY_NOT_CALIBRATED
2981,jdx21,제주,세화민속오일장,food,60.0,G01,제주특별자치도,제주특별자치도,province,PROVINCE_CONTEXT_ONLY,1.7034068136272542,,False,0.0,CONTEXT_ONLY_NOT_CALIBRATED
2982,jdx22,제주,해녀박물관,herit,70.0,G08,제주특별자치도,제주특별자치도,province,PROVINCE_CONTEXT_ONLY,1.7034068136272542,,False,0.0,CONTEXT_ONLY_NOT_CALIBRATED
2983,jdx23,제주,송악산 둘레길,heal,80.0,G07,제주특별자치도,제주특별자치도,province,PROVINCE_CONTEXT_ONLY,1.7034068136272542,,False,0.0,CONTEXT_ONLY_NOT_CALIBRATED
2984,jdx24,제주,가파도,activity,240.0,G06,제주특별자치도,제주특별자치도,province,PROVINCE_CONTEXT_ONLY,1.7034068136272542,,False,0.0,CONTEXT_ONLY_NOT_CALIBRATED
2985,jdx25,제주,마라도,activity,240.0,G06,제주특별자치도,제주특별자치도,province,PROVINCE_CONTEXT_ONLY,1.7034068136272542,,False,0.0,CONTEXT_ONLY_NOT_CALIBRATED
2986,jdx26,제주,쇠소깍,heal,50.0,G04,제주특별자치도,제주특별자치도,province,PROVINCE_CONTEXT_ONLY,1.7034068136272542,,False,0.0,CONTEXT_ONLY_NOT_CALIBRATED
2987,jdx27,제주,외돌개,heal,50.0,G04,제주특별자치도,제주특별자치도,province,PROVINCE_CONTEXT_ONLY,1.7034068136272542,,False,0.0,CONTEXT_ONLY_NOT_CALIBRATED
2988,jdx28,제주,천제연폭포,heal,60.0,G04,제주특별자치도,제주특별자치도,province,PROVINCE_CONTEXT_ONLY,1.7034068136272542,,False,0.0,CONTEXT_ONLY_NOT_CALIBRATED
2989,jdx29,제주,제주 올레시장,food,70.0,G01,제주특별자치도,제주특별자치도,province,PROVINCE_CONTEXT_ONLY,1.7034068136272542,,False,0.0,CONTEXT_ONLY_NOT_CALIBRATED
2990,jdx30,제주,산방산,herit,70.0,G08,제주특별자치도,제주특별자치도,province,PROVINCE_CONTEXT_ONLY,1.7034068136272542,,False,0.0,CONTEXT_ONLY_NOT_CALIBRATED
2991,jdx31,제주,용머리해안,heal,60.0,G04,제주특별자치도,제주특별자치도,province,PROVINCE_CONTEXT_ONLY,1.7034068136272542,,False,0.0,CONTEXT_ONLY_NOT_CALIBRATED
2992,jdx32,제주,곽지과물해변,heal,60.0,G04,제주특별자치도,제주특별자치도,province,PROVINCE_CONTEXT_ONLY,1.7034068136272542,,False,0.0,CONTEXT_ONLY_NOT_CALIBRATED
2993,jdx33,제주,제주 4·3 평화공원,herit,110.0,G07,제주특별자치도,제주특별자치도,province,PROVINCE_CONTEXT_ONLY,1.7034068136272542,,False,0.0,CONTEXT_ONLY_NOT_CALIBRATED
2994,jdx34,제주,국립제주박물관,herit,80.0,G08,제주특별자치도,제주특별자치도,province,PROVINCE_CONTEXT_ONLY,1.7034068136272542,,False,0.0,CONTEXT_ONLY_NOT_CALIBRATED
2995,jdx35,제주,삼성혈,herit,40.0,G08,제주특별자치도,제주특별자치도,province,PROVINCE_CONTEXT_ONLY,1.7034068136272542,,False,0.0,CONTEXT_ONLY_NOT_CALIBRATED
2996,jdx36,제주,관덕정,herit,30.0,G08,제주특별자치도,제주특별자치도,province,PROVINCE_CONTEXT_ONLY,1.7034068136272542,,False,0.0,CONTEXT_ONLY_NOT_CALIBRATED
2997,jdx37,제주,제주민속자연사박물관,herit,80.0,G08,제주특별자치도,제주특별자치도,province,PROVINCE_CONTEXT_ONLY,1.7034068136272542,,False,0.0,CONTEXT_ONLY_NOT_CALIBRATED
2998,jdx38,제주,한라수목원,heal,70.0,G04,제주특별자치도,제주특별자치도,province,PROVINCE_CONTEXT_ONLY,1.7034068136272542,,False,0.0,CONTEXT_ONLY_NOT_CALIBRATED
2999,jdx39,제주,사라봉,heal,50.0,G04,제주특별자치도,제주특별자치도,province,PROVINCE_CONTEXT_ONLY,1.7034068136272542,,False,0.0,CONTEXT_ONLY_NOT_CALIBRATED
3000,jdx40,제주,도두봉,heal,40.0,G04,제주특별자치도,제주특별자치도,province,PROVINCE_CONTEXT_ONLY,1.7034068136272542,,False,0.0,CONTEXT_ONLY_NOT_CALIBRATED
3001,jdx41,제주,한라생태숲,heal,80.0,G07,제주특별자치도,제주특별자치도,province,PROVINCE_CONTEXT_ONLY,1.7034068136272542,,False,0.0,CONTEXT_ONLY_NOT_CALIBRATED
3002,jdx42,제주,절물자연휴양림,heal,90.0,G07,제주특별자치도,제주특별자치도,province,PROVINCE_CONTEXT_ONLY,1.7034068136272542,,False,0.0,CONTEXT_ONLY_NOT_CALIBRATED
3003,jdx43,제주,교래 자연휴양림,heal,80.0,G07,제주특별자치도,제주특별자치도,province,PROVINCE_CONTEXT_ONLY,1.7034068136272542,,False,0.0,CONTEXT_ONLY_NOT_CALIBRATED
3004,jdx44,제주,동백동산 습지,heal,80.0,G07,제주특별자치도,제주특별자치도,province,PROVINCE_CONTEXT_ONLY,1.7034068136272542,,False,0.0,CONTEXT_ONLY_NOT_CALIBRATED
3005,jdx45,제주,거문오름,heal,150.0,G07,제주특별자치도,제주특별자치도,province,PROVINCE_CONTEXT_ONLY,1.7034068136272542,,False,0.0,CONTEXT_ONLY_NOT_CALIBRATED
3006,jdx46,제주,용눈이오름,heal,60.0,G04,제주특별자치도,제주특별자치도,province,PROVINCE_CONTEXT_ONLY,1.7034068136272542,,False,0.0,CONTEXT_ONLY_NOT_CALIBRATED
3007,jdx47,제주,다랑쉬오름,heal,90.0,G07,제주특별자치도,제주특별자치도,province,PROVINCE_CONTEXT_ONLY,1.7034068136272542,,False,0.0,CONTEXT_ONLY_NOT_CALIBRATED
3008,jdx48,제주,하도해변,heal,50.0,G04,제주특별자치도,제주특별자치도,province,PROVINCE_CONTEXT_ONLY,1.7034068136272542,,False,0.0,CONTEXT_ONLY_NOT_CALIBRATED
3009,jdx49,제주,평대해변,heal,50.0,G04,제주특별자치도,제주특별자치도,province,PROVINCE_CONTEXT_ONLY,1.7034068136272542,,False,0.0,CONTEXT_ONLY_NOT_CALIBRATED
3010,jdx50,제주,김녕성세기해변,heal,50.0,G04,제주특별자치도,제주특별자치도,province,PROVINCE_CONTEXT_ONLY,1.7034068136272542,,False,0.0,CONTEXT_ONLY_NOT_CALIBRATED
3011,jdx51,제주,세화해변,heal,50.0,G04,제주특별자치도,제주특별자치도,province,PROVINCE_CONTEXT_ONLY,1.7034068136272542,,False,0.0,CONTEXT_ONLY_NOT_CALIBRATED
3012,jdx52,제주,신양섭지해수욕장,heal,50.0,G04,제주특별자치도,제주특별자치도,province,PROVINCE_CONTEXT_ONLY,1.7034068136272542,,False,0.0,CONTEXT_ONLY_NOT_CALIBRATED
3013,jdx53,제주,성산포항,activity,40.0,G02,제주특별자치도,제주특별자치도,province,PROVINCE_CONTEXT_ONLY,1.7034068136272542,,False,0.0,CONTEXT_ONLY_NOT_CALIBRATED
3014,jdx54,제주,혼인지,herit,40.0,G08,제주특별자치도,제주특별자치도,province,PROVINCE_CONTEXT_ONLY,1.7034068136272542,,False,0.0,CONTEXT_ONLY_NOT_CALIBRATED
3015,jdx55,제주,표선해수욕장,heal,60.0,G04,제주특별자치도,제주특별자치도,province,PROVINCE_CONTEXT_ONLY,1.7034068136272542,,False,0.0,CONTEXT_ONLY_NOT_CALIBRATED
3016,jdx56,제주,남원 큰엉해안경승지,heal,60.0,G04,제주특별자치도,제주특별자치도,province,PROVINCE_CONTEXT_ONLY,1.7034068136272542,,False,0.0,CONTEXT_ONLY_NOT_CALIBRATED
3017,jdx57,제주,서귀포 이중섭거리,herit,60.0,G08,제주특별자치도,제주특별자치도,province,PROVINCE_CONTEXT_ONLY,1.7034068136272542,,False,0.0,CONTEXT_ONLY_NOT_CALIBRATED
3018,jdx58,제주,새연교,heal,40.0,G04,제주특별자치도,제주특별자치도,province,PROVINCE_CONTEXT_ONLY,1.7034068136272542,,False,0.0,CONTEXT_ONLY_NOT_CALIBRATED
3019,jdx59,제주,대포주상절리대,herit,50.0,G08,제주특별자치도,제주특별자치도,province,PROVINCE_CONTEXT_ONLY,1.7034068136272542,,False,0.0,CONTEXT_ONLY_NOT_CALIBRATED
3020,jdx60,제주,여미지식물원,heal,90.0,G07,제주특별자치도,제주특별자치도,province,PROVINCE_CONTEXT_ONLY,1.7034068136272542,,False,0.0,CONTEXT_ONLY_NOT_CALIBRATED
3021,jdx61,제주,제주항공우주박물관,activity,110.0,G03,제주특별자치도,제주특별자치도,province,PROVINCE_CONTEXT_ONLY,1.7034068136272542,,False,0.0,CONTEXT_ONLY_NOT_CALIBRATED
3022,jdx62,제주,본태박물관,activity,80.0,G03,제주특별자치도,제주특별자치도,province,PROVINCE_CONTEXT_ONLY,1.7034068136272542,,False,0.0,CONTEXT_ONLY_NOT_CALIBRATED
3023,jdx63,제주,제주 신화월드,activity,180.0,G06,제주특별자치도,제주특별자치도,province,PROVINCE_CONTEXT_ONLY,1.7034068136272542,,False,0.0,CONTEXT_ONLY_NOT_CALIBRATED
3024,jdx64,제주,금오름,heal,60.0,G04,제주특별자치도,제주특별자치도,province,PROVINCE_CONTEXT_ONLY,1.7034068136272542,,False,0.0,CONTEXT_ONLY_NOT_CALIBRATED
3025,jdx65,제주,저지오름,heal,70.0,G04,제주특별자치도,제주특별자치도,province,PROVINCE_CONTEXT_ONLY,1.7034068136272542,,False,0.0,CONTEXT_ONLY_NOT_CALIBRATED
3026,jdx66,제주,수월봉,herit,60.0,G08,제주특별자치도,제주특별자치도,province,PROVINCE_CONTEXT_ONLY,1.7034068136272542,,False,0.0,CONTEXT_ONLY_NOT_CALIBRATED
3027,jdx67,제주,차귀도,activity,150.0,G06,제주특별자치도,제주특별자치도,province,PROVINCE_CONTEXT_ONLY,1.7034068136272542,,False,0.0,CONTEXT_ONLY_NOT_CALIBRATED
3028,jdx68,제주,신창풍차해안도로,heal,50.0,G04,제주특별자치도,제주특별자치도,province,PROVINCE_CONTEXT_ONLY,1.7034068136272542,,False,0.0,CONTEXT_ONLY_NOT_CALIBRATED
3029,jdx69,제주,협재 비양도,activity,180.0,G06,제주특별자치도,제주특별자치도,province,PROVINCE_CONTEXT_ONLY,1.7034068136272542,,False,0.0,CONTEXT_ONLY_NOT_CALIBRATED
3030,jdx70,제주,제주현대미술관,activity,70.0,G02,제주특별자치도,제주특별자치도,province,PROVINCE_CONTEXT_ONLY,1.7034068136272542,,False,0.0,CONTEXT_ONLY_NOT_CALIBRATED
3031,jdx71,제주,항파두리 항몽유적지,herit,50.0,G08,제주특별자치도,제주특별자치도,province,PROVINCE_CONTEXT_ONLY,1.7034068136272542,,False,0.0,CONTEXT_ONLY_NOT_CALIBRATED
3032,jdx72,제주,새별오름 나홀로나무,heal,30.0,G04,제주특별자치도,제주특별자치도,province,PROVINCE_CONTEXT_ONLY,1.7034068136272542,,False,0.0,CONTEXT_ONLY_NOT_CALIBRATED
3033,jdx73,제주,서귀포 자연휴양림,heal,90.0,G07,제주특별자치도,제주특별자치도,province,PROVINCE_CONTEXT_ONLY,1.7034068136272542,,False,0.0,CONTEXT_ONLY_NOT_CALIBRATED
3034,jdx74,제주,1100고지 습지,heal,40.0,G04,제주특별자치도,제주특별자치도,province,PROVINCE_CONTEXT_ONLY,1.7034068136272542,,False,0.0,CONTEXT_ONLY_NOT_CALIBRATED
3035,jdx75,제주,성판악 탐방로,heal,480.0,G06,제주특별자치도,제주특별자치도,province,PROVINCE_CONTEXT_ONLY,1.7034068136272542,,False,0.0,CONTEXT_ONLY_NOT_CALIBRATED
3036,bc1,부산,감천문화마을,herit,110.0,G07,부산광역시,부산광역시,province,PROVINCE_CONTEXT_ONLY,6.4128256513026045,,False,0.0,CONTEXT_ONLY_NOT_CALIBRATED
3037,bc2,부산,자갈치시장,food,90.0,G01,부산광역시,부산광역시,province,PROVINCE_CONTEXT_ONLY,6.4128256513026045,,False,0.0,CONTEXT_ONLY_NOT_CALIBRATED
3038,bc3,부산,해운대해수욕장,heal,90.0,G07,부산광역시,부산광역시,province,PROVINCE_CONTEXT_ONLY,6.4128256513026045,,False,0.0,CONTEXT_ONLY_NOT_CALIBRATED
3039,bc4,부산,광안리해변 · 광안대교,heal,80.0,G07,부산광역시,부산광역시,province,PROVINCE_CONTEXT_ONLY,6.4128256513026045,,False,0.0,CONTEXT_ONLY_NOT_CALIBRATED
3040,bc5,부산,부산 국제시장,food,80.0,G01,부산광역시,부산광역시,province,PROVINCE_CONTEXT_ONLY,6.4128256513026045,,False,0.0,CONTEXT_ONLY_NOT_CALIBRATED
3041,bc6,부산,흰여울문화마을,heal,70.0,G04,부산광역시,부산광역시,province,PROVINCE_CONTEXT_ONLY,6.4128256513026045,,False,0.0,CONTEXT_ONLY_NOT_CALIBRATED
3042,bc7,부산,영도대교,herit,50.0,G08,부산광역시,부산광역시,province,PROVINCE_CONTEXT_ONLY,6.4128256513026045,,False,0.0,CONTEXT_ONLY_NOT_CALIBRATED
3043,bc8,부산,부산영화체험박물관,activity,90.0,G03,부산광역시,부산광역시,province,PROVINCE_CONTEXT_ONLY,6.4128256513026045,,False,0.0,CONTEXT_ONLY_NOT_CALIBRATED
3044,bc9,부산,영화의전당,activity,80.0,G03,부산광역시,부산광역시,province,PROVINCE_CONTEXT_ONLY,6.4128256513026045,,False,0.0,CONTEXT_ONLY_NOT_CALIBRATED
3045,bc10,부산,부산 BIFF 광장,food,60.0,G01,부산광역시,부산광역시,province,PROVINCE_CONTEXT_ONLY,6.4128256513026045,,False,0.0,CONTEXT_ONLY_NOT_CALIBRATED
3046,bc11,부산,청사포 · 미포 철길,heal,90.0,G07,부산광역시,부산광역시,province,PROVINCE_CONTEXT_ONLY,6.4128256513026045,,False,0.0,CONTEXT_ONLY_NOT_CALIBRATED
3047,bc12,부산,태종대,heal,110.0,G07,부산광역시,부산광역시,province,PROVINCE_CONTEXT_ONLY,6.4128256513026045,,False,0.0,CONTEXT_ONLY_NOT_CALIBRATED
3048,bcx1,부산,송도해수욕장 · 케이블카,heal,90.0,G07,부산광역시,부산광역시,province,PROVINCE_CONTEXT_ONLY,6.4128256513026045,,False,0.0,CONTEXT_ONLY_NOT_CALIBRATED
3049,bcx2,부산,송도용궁구름다리,heal,50.0,G04,부산광역시,부산광역시,province,PROVINCE_CONTEXT_ONLY,6.4128256513026045,,False,0.0,CONTEXT_ONLY_NOT_CALIBRATED
3050,bcx3,부산,신선대 전망대,heal,50.0,G04,부산광역시,부산광역시,province,PROVINCE_CONTEXT_ONLY,6.4128256513026045,,False,0.0,CONTEXT_ONLY_NOT_CALIBRATED
3051,bcx4,부산,오륙도 스카이워크,heal,60.0,G04,부산광역시,부산광역시,province,PROVINCE_CONTEXT_ONLY,6.4128256513026045,,False,0.0,CONTEXT_ONLY_NOT_CALIBRATED
3052,bcx5,부산,이기대 전망대,heal,120.0,G07,부산광역시,부산광역시,province,PROVINCE_CONTEXT_ONLY,6.4128256513026045,,False,0.0,CONTEXT_ONLY_NOT_CALIBRATED
3053,bcx6,부산,흥국사·황령산 전망대,heal,60.0,G04,부산광역시,부산광역시,province,PROVINCE_CONTEXT_ONLY,6.4128256513026045,,False,0.0,CONTEXT_ONLY_NOT_CALIBRATED
3054,bcx7,부산,부산시민공원,heal,90.0,G07,부산광역시,부산광역시,province,PROVINCE_CONTEXT_ONLY,6.4128256513026045,,False,0.0,CONTEXT_ONLY_NOT_CALIBRATED
3055,bcx8,부산,부산현대미술관,activity,90.0,G03,부산광역시,부산광역시,province,PROVINCE_CONTEXT_ONLY,6.4128256513026045,,False,0.0,CONTEXT_ONLY_NOT_CALIBRATED
3056,bcx9,부산,을숙도 철새도래지,heal,80.0,G07,부산광역시,부산광역시,province,PROVINCE_CONTEXT_ONLY,6.4128256513026045,,False,0.0,CONTEXT_ONLY_NOT_CALIBRATED
3057,bcx10,부산,다대포 꿈의낙조분수,heal,60.0,G04,부산광역시,부산광역시,province,PROVINCE_CONTEXT_ONLY,6.4128256513026045,,False,0.0,CONTEXT_ONLY_NOT_CALIBRATED
3058,bcx11,부산,아미산 전망대,heal,50.0,G04,부산광역시,부산광역시,province,PROVINCE_CONTEXT_ONLY,6.4128256513026045,,False,0.0,CONTEXT_ONLY_NOT_CALIBRATED
3059,bcx12,부산,부산 용두산공원 · 부산타워,heal,70.0,G04,부산광역시,부산광역시,province,PROVINCE_CONTEXT_ONLY,6.4128256513026045,,False,0.0,CONTEXT_ONLY_NOT_CALIBRATED
3060,bcx13,부산,보수동 책방골목,food,50.0,G01,부산광역시,부산광역시,province,PROVINCE_CONTEXT_ONLY,6.4128256513026045,,False,0.0,CONTEXT_ONLY_NOT_CALIBRATED
3061,bcx14,부산,깡통시장 야시장,food,60.0,G01,부산광역시,부산광역시,province,PROVINCE_CONTEXT_ONLY,6.4128256513026045,,False,0.0,CONTEXT_ONLY_NOT_CALIBRATED
3062,bcx15,부산,초량 이바구길,herit,80.0,G08,부산광역시,부산광역시,province,PROVINCE_CONTEXT_ONLY,6.4128256513026045,,False,0.0,CONTEXT_ONLY_NOT_CALIBRATED
3063,bcx16,부산,유엔기념공원,herit,70.0,G08,부산광역시,부산광역시,province,PROVINCE_CONTEXT_ONLY,6.4128256513026045,,False,0.0,CONTEXT_ONLY_NOT_CALIBRATED
3064,bcx17,부산,부산박물관,herit,90.0,G08,부산광역시,부산광역시,province,PROVINCE_CONTEXT_ONLY,6.4128256513026045,,False,0.0,CONTEXT_ONLY_NOT_CALIBRATED
3065,bcx18,부산,범어사,herit,100.0,G08,부산광역시,부산광역시,province,PROVINCE_CONTEXT_ONLY,6.4128256513026045,,False,0.0,CONTEXT_ONLY_NOT_CALIBRATED
3066,bcx19,부산,금정산성,herit,150.0,G06,부산광역시,부산광역시,province,PROVINCE_CONTEXT_ONLY,6.4128256513026045,,False,0.0,CONTEXT_ONLY_NOT_CALIBRATED
3067,bcx20,부산,온천천 카페거리,food,60.0,G01,부산광역시,부산광역시,province,PROVINCE_CONTEXT_ONLY,6.4128256513026045,,False,0.0,CONTEXT_ONLY_NOT_CALIBRATED
3068,bcx21,부산,동래읍성 · 복천박물관,herit,80.0,G08,부산광역시,부산광역시,province,PROVINCE_CONTEXT_ONLY,6.4128256513026045,,False,0.0,CONTEXT_ONLY_NOT_CALIBRATED
3069,bcx22,부산,해동용궁사,herit,80.0,G08,부산광역시,부산광역시,province,PROVINCE_CONTEXT_ONLY,6.4128256513026045,,False,0.0,CONTEXT_ONLY_NOT_CALIBRATED
3070,bcx23,부산,오시리아 관광단지,activity,180.0,G06,부산광역시,부산광역시,province,PROVINCE_CONTEXT_ONLY,6.4128256513026045,,False,0.0,CONTEXT_ONLY_NOT_CALIBRATED
3071,bcx24,부산,죽성리 드림성당,heal,40.0,G04,부산광역시,부산광역시,province,PROVINCE_CONTEXT_ONLY,6.4128256513026045,,False,0.0,CONTEXT_ONLY_NOT_CALIBRATED
3072,bcx25,부산,기장 죽성 해안,heal,50.0,G04,부산광역시,부산광역시,province,PROVINCE_CONTEXT_ONLY,6.4128256513026045,,False,0.0,CONTEXT_ONLY_NOT_CALIBRATED
3073,bcx26,부산,일광해수욕장,heal,60.0,G04,부산광역시,부산광역시,province,PROVINCE_CONTEXT_ONLY,6.4128256513026045,,False,0.0,CONTEXT_ONLY_NOT_CALIBRATED
3074,bcx27,부산,송정해수욕장,heal,70.0,G04,부산광역시,부산광역시,province,PROVINCE_CONTEXT_ONLY,6.4128256513026045,,False,0.0,CONTEXT_ONLY_NOT_CALIBRATED
3075,bcx28,부산,달맞이길 문탠로드,heal,70.0,G04,부산광역시,부산광역시,province,PROVINCE_CONTEXT_ONLY,6.4128256513026045,,False,0.0,CONTEXT_ONLY_NOT_CALIBRATED
3076,bcx29,부산,부산 센텀시티,activity,150.0,G06,부산광역시,부산광역시,province,PROVINCE_CONTEXT_ONLY,6.4128256513026045,,False,0.0,CONTEXT_ONLY_NOT_CALIBRATED
3077,bcx30,부산,부산 아난티 · 힐튼 해안,heal,80.0,G07,부산광역시,부산광역시,province,PROVINCE_CONTEXT_ONLY,6.4128256513026045,,False,0.0,CONTEXT_ONLY_NOT_CALIBRATED
3078,bcx31,부산,부산 F1963,activity,80.0,G03,부산광역시,부산광역시,province,PROVINCE_CONTEXT_ONLY,6.4128256513026045,,False,0.0,CONTEXT_ONLY_NOT_CALIBRATED
3079,bcx32,부산,민락수변공원,food,60.0,G01,부산광역시,부산광역시,province,PROVINCE_CONTEXT_ONLY,6.4128256513026045,,False,0.0,CONTEXT_ONLY_NOT_CALIBRATED
3080,bcx33,부산,부산 전포 카페거리,food,70.0,G01,부산광역시,부산광역시,province,PROVINCE_CONTEXT_ONLY,6.4128256513026045,,False,0.0,CONTEXT_ONLY_NOT_CALIBRATED
3081,bcx34,부산,서면 먹자골목,food,70.0,G01,부산광역시,부산광역시,province,PROVINCE_CONTEXT_ONLY,6.4128256513026045,,False,0.0,CONTEXT_ONLY_NOT_CALIBRATED
3082,bcx35,부산,부산 광복로,food,60.0,G01,부산광역시,부산광역시,province,PROVINCE_CONTEXT_ONLY,6.4128256513026045,,False,0.0,CONTEXT_ONLY_NOT_CALIBRATED
3083,bcx36,부산,부산항 북항 친수공원,heal,60.0,G04,부산광역시,부산광역시,province,PROVINCE_CONTEXT_ONLY,6.4128256513026045,,False,0.0,CONTEXT_ONLY_NOT_CALIBRATED
3084,bcx37,부산,국립해양박물관,activity,100.0,G03,부산광역시,부산광역시,province,PROVINCE_CONTEXT_ONLY,6.4128256513026045,,False,0.0,CONTEXT_ONLY_NOT_CALIBRATED
3085,bcx38,부산,흰여울 절영해안산책로,heal,60.0,G04,부산광역시,부산광역시,province,PROVINCE_CONTEXT_ONLY,6.4128256513026045,,False,0.0,CONTEXT_ONLY_NOT_CALIBRATED
3086,bcx40,부산,구포시장,food,60.0,G01,부산광역시,부산광역시,province,PROVINCE_CONTEXT_ONLY,6.4128256513026045,,False,0.0,CONTEXT_ONLY_NOT_CALIBRATED
3087,bcx41,부산,벡스코,activity,80.0,G03,부산광역시,부산광역시,province,PROVINCE_CONTEXT_ONLY,6.4128256513026045,,False,0.0,CONTEXT_ONLY_NOT_CALIBRATED
3088,bcx42,부산,동백섬 · 누리마루,heal,70.0,G04,부산광역시,부산광역시,province,PROVINCE_CONTEXT_ONLY,6.4128256513026045,,False,0.0,CONTEXT_ONLY_NOT_CALIBRATED
3089,bcx43,부산,마린시티,food,70.0,G01,부산광역시,부산광역시,province,PROVINCE_CONTEXT_ONLY,6.4128256513026045,,False,0.0,CONTEXT_ONLY_NOT_CALIBRATED
3090,bcx44,부산,부전시장,food,70.0,G01,부산광역시,부산광역시,province,PROVINCE_CONTEXT_ONLY,6.4128256513026045,,False,0.0,CONTEXT_ONLY_NOT_CALIBRATED
3091,bcx45,부산,허심청,heal,120.0,G07,부산광역시,부산광역시,province,PROVINCE_CONTEXT_ONLY,6.4128256513026045,,False,0.0,CONTEXT_ONLY_NOT_CALIBRATED
3092,bcx46,부산,부산 롯데월드 어드벤처,activity,240.0,G06,부산광역시,부산광역시,province,PROVINCE_CONTEXT_ONLY,6.4128256513026045,,False,0.0,CONTEXT_ONLY_NOT_CALIBRATED
3093,bcx47,부산,부네치아 (장림포구),heal,60.0,G04,부산광역시,부산광역시,province,PROVINCE_CONTEXT_ONLY,6.4128256513026045,,False,0.0,CONTEXT_ONLY_NOT_CALIBRATED
3094,bcx48,부산,사직야구장,activity,180.0,G06,부산광역시,부산광역시,province,PROVINCE_CONTEXT_ONLY,6.4128256513026045,,False,0.0,CONTEXT_ONLY_NOT_CALIBRATED
3095,bcx49,부산,부산어린이대공원,heal,90.0,G07,부산광역시,부산광역시,province,PROVINCE_CONTEXT_ONLY,6.4128256513026045,,False,0.0,CONTEXT_ONLY_NOT_CALIBRATED
3096,bcx50,부산,부산아시아드 주경기장,activity,60.0,G02,부산광역시,부산광역시,province,PROVINCE_CONTEXT_ONLY,6.4128256513026045,,False,0.0,CONTEXT_ONLY_NOT_CALIBRATED
3097,bcx51,부산,영도 남항시장,food,50.0,G01,부산광역시,부산광역시,province,PROVINCE_CONTEXT_ONLY,6.4128256513026045,,False,0.0,CONTEXT_ONLY_NOT_CALIBRATED
3098,bcx52,부산,삼진어묵 영도 본점,food,50.0,G01,부산광역시,부산광역시,province,PROVINCE_CONTEXT_ONLY,6.4128256513026045,,False,0.0,CONTEXT_ONLY_NOT_CALIBRATED
3099,bcx53,부산,초량 168계단,herit,40.0,G08,부산광역시,부산광역시,province,PROVINCE_CONTEXT_ONLY,6.4128256513026045,,False,0.0,CONTEXT_ONLY_NOT_CALIBRATED
3100,bcx54,부산,부산 차이나타운,food,60.0,G01,부산광역시,부산광역시,province,PROVINCE_CONTEXT_ONLY,6.4128256513026045,,False,0.0,CONTEXT_ONLY_NOT_CALIBRATED
3101,bcx55,부산,태종대온천,heal,110.0,G07,부산광역시,부산광역시,province,PROVINCE_CONTEXT_ONLY,6.4128256513026045,,False,0.0,CONTEXT_ONLY_NOT_CALIBRATED
3102,bcx56,부산,스타필드 시티 명지,food,90.0,G01,부산광역시,부산광역시,province,PROVINCE_CONTEXT_ONLY,6.4128256513026045,,False,0.0,CONTEXT_ONLY_NOT_CALIBRATED
3103,bcx57,부산,삼익비치타운 벚꽃길,heal,50.0,G04,부산광역시,부산광역시,province,PROVINCE_CONTEXT_ONLY,6.4128256513026045,,False,0.0,CONTEXT_ONLY_NOT_CALIBRATED
3104,bcx58,부산,부산대 대학로,food,80.0,G01,부산광역시,부산광역시,province,PROVINCE_CONTEXT_ONLY,6.4128256513026045,,False,0.0,CONTEXT_ONLY_NOT_CALIBRATED
3105,bcx59,부산,해운대 전통시장,food,60.0,G01,부산광역시,부산광역시,province,PROVINCE_CONTEXT_ONLY,6.4128256513026045,,False,0.0,CONTEXT_ONLY_NOT_CALIBRATED
3106,bcx60,부산,블루라인파크 미포정거장,activity,90.0,G03,부산광역시,부산광역시,province,PROVINCE_CONTEXT_ONLY,6.4128256513026045,,False,0.0,CONTEXT_ONLY_NOT_CALIBRATED
3107,bcx61,부산,신세계백화점 센텀시티점,food,120.0,G07,부산광역시,부산광역시,province,PROVINCE_CONTEXT_ONLY,6.4128256513026045,,False,0.0,CONTEXT_ONLY_NOT_CALIBRATED
3108,kdx26,서울,서울숲,heal,90.0,G07,서울특별시,서울특별시,province,PROVINCE_CONTEXT_ONLY,29.058116232464926,,False,0.0,CONTEXT_ONLY_NOT_CALIBRATED
